<?xml version="1.0" encoding="UTF-8" standalone="yes"?>
<gpx xmlns:gpxtpx1="http://www.garmin.com/xmlschemas/TrackPointExtension/v1" xmlns="http://www.topografix.com/GPX/1/1" xmlns:trp="http://www.garmin.com/xmlschemas/TripExtensions/v1" xmlns:gpxx="http://www.garmin.com/xmlschemas/GpxExtensions/v3" xmlns:gpxtpx="http://www.garmin.com/xmlschemas/TrackPointExtension/v2" version="1.1" creator="RouteConverter 2.29">
    <metadata>
        <name>2023-05-21 10:43</name>
        <link href="https://www.oruxmaps.com">
            <text>OruxMaps</text>
        </link>
        <time>2023-05-24T16:51:53.202Z</time>
        <bounds minlat="47.6005595" minlon="13.6205810" maxlat="47.6664921" maxlon="13.7850817"/>
    </metadata>
    <wpt lat="47.6541546" lon="13.6393714">
        <ele>969.1</ele>
        <time>2023-05-21T08:43:43.000Z</time>
        <name>0000887</name>
        <sym>Waypoint</sym>
        <type>Startpunkt</type>
        <extensions>
            <om:oruxmapsextensions xmlns:om="http://www.oruxmaps.com/oruxmapsextensions/1/0" xmlns:gpxtpx="http://www.garmin.com/xmlschemas/TrackPointExtension/v1" xmlns:xsi="http://www.w3.org/2001/XMLSchema-instance">
                <om:ext subtype="0" type="ICON">38</om:ext>
</om:oruxmapsextensions>
        </extensions>
    </wpt>
    <wpt lat="47.6005595" lon="13.7850817">
        <ele>662.5</ele>
        <time>2023-05-21T14:54:04.000Z</time>
        <name>0000888</name>
        <desc>&lt;p&gt;&lt;br /&gt;&lt;h3&gt;Name: Segment: 1&lt;/h3&gt;&lt;br /&gt;Startzeit: 05/21/2023 10:43&lt;br/&gt;Zielzeit: 05/21/2023 16:54&lt;br/&gt;Strecke: 32,5km (06:10)&lt;br/&gt;Bewegungszeit: 03:53&lt;br/&gt;Ø-Geschwindigkeit: 5,26 km/h&lt;br/&gt;Netto-Geschwindigkeit: 8,33 km/h&lt;br/&gt;Max. Geschwindigkeit: 104,63 km/h&lt;br/&gt;Minimale Höhe: 535 m&lt;br/&gt;Maximale Höhe: 1226 m&lt;br/&gt;Steig-Geschw.: 886,3 m/h&lt;br/&gt;Sink-Geschw.: -209,5 m/h&lt;br/&gt;Aufstieg: 795 m&lt;br/&gt;Abstieg: -1103 m&lt;br/&gt;Steigzeit: 00:53&lt;br/&gt;Sinkzeit: 05:16&lt;br/&gt;&lt;/p&gt;</desc>
        <sym>Waypoint</sym>
        <type>Endpunkt</type>
        <extensions>
            <om:oruxmapsextensions xmlns:om="http://www.oruxmaps.com/oruxmapsextensions/1/0" xmlns:gpxtpx="http://www.garmin.com/xmlschemas/TrackPointExtension/v1" xmlns:xsi="http://www.w3.org/2001/XMLSchema-instance">
                <om:ext subtype="0" type="ICON">15</om:ext>
</om:oruxmapsextensions>
        </extensions>
    </wpt>
    <trk>
        <name>2023-05-21 10:43</name>
        <desc>&lt;p&gt;Startzeit: 05/21/2023 10:43&lt;br/&gt;Zielzeit: 05/21/2023 16:54&lt;br/&gt;Strecke: 32,
5 km (06:10)&lt;br/&gt;Bewegungszeit: 03:53&lt;br/&gt;Ø-Geschwindigkeit: 5,
26 km/h&lt;br/&gt;Netto-Geschwindigkeit: 8,
33 km/h&lt;br/&gt;Max. Geschwindigkeit: 104,
63 km/h&lt;br/&gt;Minimale Höhe: 535 m&lt;br/&gt;Maximale Höhe: 1226 m&lt;br/&gt;Steig-Geschw.: 881,
9 m/h&lt;br/&gt;Sink-Geschw.: -208,
4 m/h&lt;br/&gt;Aufstieg: 790 m&lt;br/&gt;Abstieg: -1098 m&lt;br/&gt;Steigzeit: 00:53&lt;br/&gt;Sinkzeit: 05:16&lt;br/&gt;&lt;/p&gt;&lt;hr align="center" width="480" style="height: 2px; width: 517px"/&gt;</desc>
        <type>Unbestimmt</type>
        <extensions>
            <om:oruxmapsextensions xmlns:om="http://www.oruxmaps.com/oruxmapsextensions/1/0" xmlns:gpxtpx="http://www.garmin.com/xmlschemas/TrackPointExtension/v1" xmlns:xsi="http://www.w3.org/2001/XMLSchema-instance">
                <om:ext subtype="0" type="TYPE">0</om:ext>
                <om:ext type="DIFFICULTY">0</om:ext>
</om:oruxmapsextensions>
        </extensions>
        <trkseg>
            <trkpt lat="47.6541216" lon="13.6392327">
                <ele>970.7</ele>
                <time>2023-05-21T08:45:23.000Z</time>
                <name>Position 1</name>
            </trkpt>
            <trkpt lat="47.6541034" lon="13.6390818">
                <ele>971.6</ele>
                <time>2023-05-21T08:45:28.000Z</time>
                <name>Position 2</name>
            </trkpt>
            <trkpt lat="47.65409" lon="13.6389459">
                <ele>972.0</ele>
                <time>2023-05-21T08:45:33.000Z</time>
                <name>Position 3</name>
            </trkpt>
            <trkpt lat="47.6541758" lon="13.6390092">
                <ele>972.8</ele>
                <time>2023-05-21T08:45:43.000Z</time>
                <name>Position 4</name>
            </trkpt>
            <trkpt lat="47.6542132" lon="13.6391515">
                <ele>972.6</ele>
                <time>2023-05-21T08:45:48.000Z</time>
                <name>Position 5</name>
            </trkpt>
            <trkpt lat="47.6542525" lon="13.6392904">
                <ele>973.3</ele>
                <time>2023-05-21T08:45:53.000Z</time>
                <name>Position 6</name>
            </trkpt>
            <trkpt lat="47.654314" lon="13.6394089">
                <ele>973.6</ele>
                <time>2023-05-21T08:45:58.000Z</time>
                <name>Position 7</name>
            </trkpt>
            <trkpt lat="47.6543521" lon="13.6395591">
                <ele>973.8</ele>
                <time>2023-05-21T08:46:03.000Z</time>
                <name>Position 8</name>
            </trkpt>
            <trkpt lat="47.6543831" lon="13.6397076">
                <ele>973.9</ele>
                <time>2023-05-21T08:46:08.000Z</time>
                <name>Position 9</name>
            </trkpt>
            <trkpt lat="47.6544081" lon="13.6398439">
                <ele>973.8</ele>
                <time>2023-05-21T08:46:12.000Z</time>
                <name>Position 10</name>
            </trkpt>
            <trkpt lat="47.6544283" lon="13.6400002">
                <ele>973.9</ele>
                <time>2023-05-21T08:46:16.000Z</time>
                <name>Position 11</name>
            </trkpt>
            <trkpt lat="47.6544931" lon="13.6401386">
                <ele>973.8</ele>
                <time>2023-05-21T08:46:20.000Z</time>
                <name>Position 12</name>
            </trkpt>
            <trkpt lat="47.6545308" lon="13.6402603">
                <ele>973.9</ele>
                <time>2023-05-21T08:46:23.000Z</time>
                <name>Position 13</name>
            </trkpt>
            <trkpt lat="47.6545597" lon="13.6403952">
                <ele>974.5</ele>
                <time>2023-05-21T08:46:27.000Z</time>
                <name>Position 14</name>
            </trkpt>
            <trkpt lat="47.6546068" lon="13.6405171">
                <ele>975.1</ele>
                <time>2023-05-21T08:46:32.000Z</time>
                <name>Position 15</name>
            </trkpt>
            <trkpt lat="47.6546576" lon="13.6406599">
                <ele>976.1</ele>
                <time>2023-05-21T08:46:37.000Z</time>
                <name>Position 16</name>
            </trkpt>
            <trkpt lat="47.6546765" lon="13.6407971">
                <ele>977.2</ele>
                <time>2023-05-21T08:46:42.000Z</time>
                <name>Position 17</name>
            </trkpt>
            <trkpt lat="47.65471" lon="13.6409286">
                <ele>977.9</ele>
                <time>2023-05-21T08:46:47.000Z</time>
                <name>Position 18</name>
            </trkpt>
            <trkpt lat="47.6548152" lon="13.6409584">
                <ele>979.2</ele>
                <time>2023-05-21T08:46:54.000Z</time>
                <name>Position 19</name>
            </trkpt>
            <trkpt lat="47.6549001" lon="13.6408788">
                <ele>979.7</ele>
                <time>2023-05-21T08:46:58.000Z</time>
                <name>Position 20</name>
            </trkpt>
            <trkpt lat="47.6549777" lon="13.6407601">
                <ele>980.5</ele>
                <time>2023-05-21T08:47:03.000Z</time>
                <name>Position 21</name>
            </trkpt>
            <trkpt lat="47.6550154" lon="13.6406327">
                <ele>981.3</ele>
                <time>2023-05-21T08:47:07.000Z</time>
                <name>Position 22</name>
            </trkpt>
            <trkpt lat="47.6550144" lon="13.6404692">
                <ele>982.0</ele>
                <time>2023-05-21T08:47:12.000Z</time>
                <name>Position 23</name>
            </trkpt>
            <trkpt lat="47.6549788" lon="13.6403268">
                <ele>982.7</ele>
                <time>2023-05-21T08:47:17.000Z</time>
                <name>Position 24</name>
            </trkpt>
            <trkpt lat="47.6549398" lon="13.6401909">
                <ele>983.5</ele>
                <time>2023-05-21T08:47:22.000Z</time>
                <name>Position 25</name>
            </trkpt>
            <trkpt lat="47.6549219" lon="13.6400556">
                <ele>984.1</ele>
                <time>2023-05-21T08:47:26.000Z</time>
                <name>Position 26</name>
            </trkpt>
            <trkpt lat="47.6548883" lon="13.6399143">
                <ele>984.8</ele>
                <time>2023-05-21T08:47:31.000Z</time>
                <name>Position 27</name>
            </trkpt>
            <trkpt lat="47.6548459" lon="13.6397709">
                <ele>985.5</ele>
                <time>2023-05-21T08:47:36.000Z</time>
                <name>Position 28</name>
            </trkpt>
            <trkpt lat="47.6549387" lon="13.639747">
                <ele>986.5</ele>
                <time>2023-05-21T08:47:42.000Z</time>
                <name>Position 29</name>
            </trkpt>
            <trkpt lat="47.6549739" lon="13.6398878">
                <ele>987.1</ele>
                <time>2023-05-21T08:47:47.000Z</time>
                <name>Position 30</name>
            </trkpt>
            <trkpt lat="47.6550071" lon="13.6400151">
                <ele>987.4</ele>
                <time>2023-05-21T08:47:51.000Z</time>
                <name>Position 31</name>
            </trkpt>
            <trkpt lat="47.6550453" lon="13.6401588">
                <ele>987.6</ele>
                <time>2023-05-21T08:47:55.000Z</time>
                <name>Position 32</name>
            </trkpt>
            <trkpt lat="47.6551056" lon="13.640281">
                <ele>987.9</ele>
                <time>2023-05-21T08:47:59.000Z</time>
                <name>Position 33</name>
            </trkpt>
            <trkpt lat="47.6551907" lon="13.6403458">
                <ele>988.1</ele>
                <time>2023-05-21T08:48:03.000Z</time>
                <name>Position 34</name>
            </trkpt>
            <trkpt lat="47.6552916" lon="13.6403677">
                <ele>988.8</ele>
                <time>2023-05-21T08:48:07.000Z</time>
                <name>Position 35</name>
            </trkpt>
            <trkpt lat="47.6553894" lon="13.6404023">
                <ele>989.2</ele>
                <time>2023-05-21T08:48:11.000Z</time>
                <name>Position 36</name>
            </trkpt>
            <trkpt lat="47.6554726" lon="13.6404673">
                <ele>990.2</ele>
                <time>2023-05-21T08:48:15.000Z</time>
                <name>Position 37</name>
            </trkpt>
            <trkpt lat="47.6555398" lon="13.6405621">
                <ele>991.3</ele>
                <time>2023-05-21T08:48:20.000Z</time>
                <name>Position 38</name>
            </trkpt>
            <trkpt lat="47.6555789" lon="13.6407018">
                <ele>992.7</ele>
                <time>2023-05-21T08:48:27.000Z</time>
                <name>Position 39</name>
            </trkpt>
            <trkpt lat="47.6556143" lon="13.6408456">
                <ele>994.3</ele>
                <time>2023-05-21T08:48:35.000Z</time>
                <name>Position 40</name>
            </trkpt>
            <trkpt lat="47.6556327" lon="13.6409972">
                <ele>995.1</ele>
                <time>2023-05-21T08:48:41.000Z</time>
                <name>Position 41</name>
            </trkpt>
            <trkpt lat="47.6556606" lon="13.6411431">
                <ele>996.2</ele>
                <time>2023-05-21T08:48:47.000Z</time>
                <name>Position 42</name>
            </trkpt>
            <trkpt lat="47.6556524" lon="13.6412921">
                <ele>997.1</ele>
                <time>2023-05-21T08:48:53.000Z</time>
                <name>Position 43</name>
            </trkpt>
            <trkpt lat="47.6556422" lon="13.6414283">
                <ele>998.2</ele>
                <time>2023-05-21T08:48:59.000Z</time>
                <name>Position 44</name>
            </trkpt>
            <trkpt lat="47.6556537" lon="13.6415615">
                <ele>999.4</ele>
                <time>2023-05-21T08:49:06.000Z</time>
                <name>Position 45</name>
            </trkpt>
            <trkpt lat="47.6557302" lon="13.6416588">
                <ele>1001.1</ele>
                <time>2023-05-21T08:49:18.000Z</time>
                <name>Position 46</name>
            </trkpt>
            <trkpt lat="47.6558386" lon="13.6416967">
                <ele>1002.0</ele>
                <time>2023-05-21T08:49:23.000Z</time>
                <name>Position 47</name>
            </trkpt>
            <trkpt lat="47.655927" lon="13.6417836">
                <ele>1002.7</ele>
                <time>2023-05-21T08:49:28.000Z</time>
                <name>Position 48</name>
            </trkpt>
            <trkpt lat="47.6560173" lon="13.6418656">
                <ele>1003.2</ele>
                <time>2023-05-21T08:49:34.000Z</time>
                <name>Position 49</name>
            </trkpt>
            <trkpt lat="47.6560825" lon="13.6419793">
                <ele>1003.9</ele>
                <time>2023-05-21T08:49:38.000Z</time>
                <name>Position 50</name>
            </trkpt>
            <trkpt lat="47.6561211" lon="13.6421008">
                <ele>1004.9</ele>
                <time>2023-05-21T08:49:42.000Z</time>
                <name>Position 51</name>
            </trkpt>
            <trkpt lat="47.6560251" lon="13.6421356">
                <ele>1000.2</ele>
                <time>2023-05-21T08:50:17.000Z</time>
                <name>Position 52</name>
            </trkpt>
            <trkpt lat="47.6559324" lon="13.6420788">
                <ele>996.1</ele>
                <time>2023-05-21T08:50:25.000Z</time>
                <name>Position 53</name>
            </trkpt>
            <trkpt lat="47.6558345" lon="13.6421122">
                <ele>995.8</ele>
                <time>2023-05-21T08:50:31.000Z</time>
                <name>Position 54</name>
            </trkpt>
            <trkpt lat="47.6557943" lon="13.6422374">
                <ele>996.3</ele>
                <time>2023-05-21T08:50:38.000Z</time>
                <name>Position 55</name>
            </trkpt>
            <trkpt lat="47.6557971" lon="13.6423954">
                <ele>996.7</ele>
                <time>2023-05-21T08:50:45.000Z</time>
                <name>Position 56</name>
            </trkpt>
            <trkpt lat="47.6558026" lon="13.6425313">
                <ele>996.9</ele>
                <time>2023-05-21T08:50:50.000Z</time>
                <name>Position 57</name>
            </trkpt>
            <trkpt lat="47.6558542" lon="13.6426495">
                <ele>997.3</ele>
                <time>2023-05-21T08:50:57.000Z</time>
                <name>Position 58</name>
            </trkpt>
            <trkpt lat="47.6559427" lon="13.6427139">
                <ele>997.5</ele>
                <time>2023-05-21T08:51:04.000Z</time>
                <name>Position 59</name>
            </trkpt>
            <trkpt lat="47.656038" lon="13.642757">
                <ele>997.8</ele>
                <time>2023-05-21T08:51:10.000Z</time>
                <name>Position 60</name>
            </trkpt>
            <trkpt lat="47.6561448" lon="13.6427753">
                <ele>998.5</ele>
                <time>2023-05-21T08:51:17.000Z</time>
                <name>Position 61</name>
            </trkpt>
            <trkpt lat="47.6562491" lon="13.6427599">
                <ele>999.1</ele>
                <time>2023-05-21T08:51:22.000Z</time>
                <name>Position 62</name>
            </trkpt>
            <trkpt lat="47.6563484" lon="13.6427695">
                <ele>999.5</ele>
                <time>2023-05-21T08:51:29.000Z</time>
                <name>Position 63</name>
            </trkpt>
            <trkpt lat="47.6564086" lon="13.642893">
                <ele>1000.0</ele>
                <time>2023-05-21T08:51:34.000Z</time>
                <name>Position 64</name>
            </trkpt>
            <trkpt lat="47.6564484" lon="13.6430269">
                <ele>1000.7</ele>
                <time>2023-05-21T08:51:38.000Z</time>
                <name>Position 65</name>
            </trkpt>
            <trkpt lat="47.6565115" lon="13.6431469">
                <ele>1002.1</ele>
                <time>2023-05-21T08:51:42.000Z</time>
                <name>Position 66</name>
            </trkpt>
            <trkpt lat="47.6565476" lon="13.643285">
                <ele>1003.2</ele>
                <time>2023-05-21T08:51:46.000Z</time>
                <name>Position 67</name>
            </trkpt>
            <trkpt lat="47.6565964" lon="13.6434304">
                <ele>1003.9</ele>
                <time>2023-05-21T08:51:51.000Z</time>
                <name>Position 68</name>
            </trkpt>
            <trkpt lat="47.6566478" lon="13.6435424">
                <ele>1004.8</ele>
                <time>2023-05-21T08:51:55.000Z</time>
                <name>Position 69</name>
            </trkpt>
            <trkpt lat="47.6566793" lon="13.6436702">
                <ele>1005.2</ele>
                <time>2023-05-21T08:51:59.000Z</time>
                <name>Position 70</name>
            </trkpt>
            <trkpt lat="47.6566987" lon="13.6438212">
                <ele>1005.5</ele>
                <time>2023-05-21T08:52:04.000Z</time>
                <name>Position 71</name>
            </trkpt>
            <trkpt lat="47.656759" lon="13.6439465">
                <ele>1005.6</ele>
                <time>2023-05-21T08:52:10.000Z</time>
                <name>Position 72</name>
            </trkpt>
            <trkpt lat="47.6568306" lon="13.6440353">
                <ele>1005.4</ele>
                <time>2023-05-21T08:52:15.000Z</time>
                <name>Position 73</name>
            </trkpt>
            <trkpt lat="47.6569142" lon="13.644112">
                <ele>1005.5</ele>
                <time>2023-05-21T08:52:20.000Z</time>
                <name>Position 74</name>
            </trkpt>
            <trkpt lat="47.6569866" lon="13.6442072">
                <ele>1005.9</ele>
                <time>2023-05-21T08:52:25.000Z</time>
                <name>Position 75</name>
            </trkpt>
            <trkpt lat="47.6570511" lon="13.6443094">
                <ele>1006.5</ele>
                <time>2023-05-21T08:52:31.000Z</time>
                <name>Position 76</name>
            </trkpt>
            <trkpt lat="47.6571202" lon="13.6444154">
                <ele>1006.7</ele>
                <time>2023-05-21T08:52:38.000Z</time>
                <name>Position 77</name>
            </trkpt>
            <trkpt lat="47.6571987" lon="13.6445199">
                <ele>1007.8</ele>
                <time>2023-05-21T08:52:45.000Z</time>
                <name>Position 78</name>
            </trkpt>
            <trkpt lat="47.6572736" lon="13.6446312">
                <ele>1009.0</ele>
                <time>2023-05-21T08:52:50.000Z</time>
                <name>Position 79</name>
            </trkpt>
            <trkpt lat="47.6573523" lon="13.6447177">
                <ele>1010.0</ele>
                <time>2023-05-21T08:52:55.000Z</time>
                <name>Position 80</name>
            </trkpt>
            <trkpt lat="47.6574248" lon="13.6448446">
                <ele>1010.6</ele>
                <time>2023-05-21T08:53:00.000Z</time>
                <name>Position 81</name>
            </trkpt>
            <trkpt lat="47.6574728" lon="13.6449837">
                <ele>1010.4</ele>
                <time>2023-05-21T08:53:04.000Z</time>
                <name>Position 82</name>
            </trkpt>
            <trkpt lat="47.6575151" lon="13.6451345">
                <ele>1010.3</ele>
                <time>2023-05-21T08:53:07.000Z</time>
                <name>Position 83</name>
            </trkpt>
            <trkpt lat="47.6575795" lon="13.6452786">
                <ele>1010.6</ele>
                <time>2023-05-21T08:53:11.000Z</time>
                <name>Position 84</name>
            </trkpt>
            <trkpt lat="47.6576206" lon="13.6454191">
                <ele>1011.3</ele>
                <time>2023-05-21T08:53:15.000Z</time>
                <name>Position 85</name>
            </trkpt>
            <trkpt lat="47.6576664" lon="13.6455404">
                <ele>1013.0</ele>
                <time>2023-05-21T08:53:19.000Z</time>
                <name>Position 86</name>
            </trkpt>
            <trkpt lat="47.6577311" lon="13.6456551">
                <ele>1015.6</ele>
                <time>2023-05-21T08:53:24.000Z</time>
                <name>Position 87</name>
            </trkpt>
            <trkpt lat="47.6577871" lon="13.6457946">
                <ele>1017.7</ele>
                <time>2023-05-21T08:53:29.000Z</time>
                <name>Position 88</name>
            </trkpt>
            <trkpt lat="47.6578185" lon="13.645923">
                <ele>1019.3</ele>
                <time>2023-05-21T08:53:35.000Z</time>
                <name>Position 89</name>
            </trkpt>
            <trkpt lat="47.6578389" lon="13.646064">
                <ele>1020.9</ele>
                <time>2023-05-21T08:53:40.000Z</time>
                <name>Position 90</name>
            </trkpt>
            <trkpt lat="47.6578553" lon="13.6462005">
                <ele>1023.2</ele>
                <time>2023-05-21T08:53:46.000Z</time>
                <name>Position 91</name>
            </trkpt>
            <trkpt lat="47.6578761" lon="13.6463388">
                <ele>1025.0</ele>
                <time>2023-05-21T08:53:52.000Z</time>
                <name>Position 92</name>
            </trkpt>
            <trkpt lat="47.6579203" lon="13.6464593">
                <ele>1026.5</ele>
                <time>2023-05-21T08:54:00.000Z</time>
                <name>Position 93</name>
            </trkpt>
            <trkpt lat="47.6579801" lon="13.646565">
                <ele>1027.2</ele>
                <time>2023-05-21T08:54:07.000Z</time>
                <name>Position 94</name>
            </trkpt>
            <trkpt lat="47.6580455" lon="13.646666">
                <ele>1028.3</ele>
                <time>2023-05-21T08:54:16.000Z</time>
                <name>Position 95</name>
            </trkpt>
            <trkpt lat="47.6581169" lon="13.6467682">
                <ele>1028.7</ele>
                <time>2023-05-21T08:54:22.000Z</time>
                <name>Position 96</name>
            </trkpt>
            <trkpt lat="47.6581995" lon="13.6468227">
                <ele>1029.5</ele>
                <time>2023-05-21T08:54:28.000Z</time>
                <name>Position 97</name>
            </trkpt>
            <trkpt lat="47.6582896" lon="13.6468818">
                <ele>1030.4</ele>
                <time>2023-05-21T08:54:34.000Z</time>
                <name>Position 98</name>
            </trkpt>
            <trkpt lat="47.65839" lon="13.6469277">
                <ele>1031.2</ele>
                <time>2023-05-21T08:54:40.000Z</time>
                <name>Position 99</name>
            </trkpt>
            <trkpt lat="47.6584738" lon="13.647006">
                <ele>1032.1</ele>
                <time>2023-05-21T08:54:46.000Z</time>
                <name>Position 100</name>
            </trkpt>
            <trkpt lat="47.6585681" lon="13.6470796">
                <ele>1032.7</ele>
                <time>2023-05-21T08:54:52.000Z</time>
                <name>Position 101</name>
            </trkpt>
            <trkpt lat="47.6586592" lon="13.6471595">
                <ele>1033.6</ele>
                <time>2023-05-21T08:54:58.000Z</time>
                <name>Position 102</name>
            </trkpt>
            <trkpt lat="47.6587438" lon="13.6472084">
                <ele>1034.4</ele>
                <time>2023-05-21T08:55:04.000Z</time>
                <name>Position 103</name>
            </trkpt>
            <trkpt lat="47.6588269" lon="13.6472621">
                <ele>1035.6</ele>
                <time>2023-05-21T08:55:12.000Z</time>
                <name>Position 104</name>
            </trkpt>
            <trkpt lat="47.6589293" lon="13.6472963">
                <ele>1036.6</ele>
                <time>2023-05-21T08:55:19.000Z</time>
                <name>Position 105</name>
            </trkpt>
            <trkpt lat="47.659017" lon="13.647332">
                <ele>1037.1</ele>
                <time>2023-05-21T08:55:26.000Z</time>
                <name>Position 106</name>
            </trkpt>
            <trkpt lat="47.6591106" lon="13.647371">
                <ele>1039.0</ele>
                <time>2023-05-21T08:55:35.000Z</time>
                <name>Position 107</name>
            </trkpt>
            <trkpt lat="47.6592013" lon="13.6474055">
                <ele>1039.5</ele>
                <time>2023-05-21T08:55:41.000Z</time>
                <name>Position 108</name>
            </trkpt>
            <trkpt lat="47.6592742" lon="13.6474859">
                <ele>1040.1</ele>
                <time>2023-05-21T08:55:46.000Z</time>
                <name>Position 109</name>
            </trkpt>
            <trkpt lat="47.6593642" lon="13.6475349">
                <ele>1040.9</ele>
                <time>2023-05-21T08:55:52.000Z</time>
                <name>Position 110</name>
            </trkpt>
            <trkpt lat="47.6594691" lon="13.6475665">
                <ele>1041.6</ele>
                <time>2023-05-21T08:55:58.000Z</time>
                <name>Position 111</name>
            </trkpt>
            <trkpt lat="47.6595622" lon="13.6475511">
                <ele>1042.3</ele>
                <time>2023-05-21T08:56:05.000Z</time>
                <name>Position 112</name>
            </trkpt>
            <trkpt lat="47.6596589" lon="13.6475169">
                <ele>1043.4</ele>
                <time>2023-05-21T08:56:13.000Z</time>
                <name>Position 113</name>
            </trkpt>
            <trkpt lat="47.6597498" lon="13.6474805">
                <ele>1044.2</ele>
                <time>2023-05-21T08:56:20.000Z</time>
                <name>Position 114</name>
            </trkpt>
            <trkpt lat="47.6598473" lon="13.6474581">
                <ele>1045.6</ele>
                <time>2023-05-21T08:56:27.000Z</time>
                <name>Position 115</name>
            </trkpt>
            <trkpt lat="47.6599428" lon="13.6474585">
                <ele>1046.2</ele>
                <time>2023-05-21T08:56:34.000Z</time>
                <name>Position 116</name>
            </trkpt>
            <trkpt lat="47.6600423" lon="13.6474458">
                <ele>1046.8</ele>
                <time>2023-05-21T08:56:41.000Z</time>
                <name>Position 117</name>
            </trkpt>
            <trkpt lat="47.660135" lon="13.6474476">
                <ele>1047.0</ele>
                <time>2023-05-21T08:56:48.000Z</time>
                <name>Position 118</name>
            </trkpt>
            <trkpt lat="47.6602342" lon="13.6474598">
                <ele>1047.8</ele>
                <time>2023-05-21T08:56:56.000Z</time>
                <name>Position 119</name>
            </trkpt>
            <trkpt lat="47.6603314" lon="13.6475048">
                <ele>1048.4</ele>
                <time>2023-05-21T08:57:03.000Z</time>
                <name>Position 120</name>
            </trkpt>
            <trkpt lat="47.6604238" lon="13.647532">
                <ele>1049.2</ele>
                <time>2023-05-21T08:57:10.000Z</time>
                <name>Position 121</name>
            </trkpt>
            <trkpt lat="47.6605151" lon="13.6474833">
                <ele>1049.9</ele>
                <time>2023-05-21T08:57:17.000Z</time>
                <name>Position 122</name>
            </trkpt>
            <trkpt lat="47.660614" lon="13.6474652">
                <ele>1050.4</ele>
                <time>2023-05-21T08:57:24.000Z</time>
                <name>Position 123</name>
            </trkpt>
            <trkpt lat="47.6607124" lon="13.6474481">
                <ele>1051.3</ele>
                <time>2023-05-21T08:57:31.000Z</time>
                <name>Position 124</name>
            </trkpt>
            <trkpt lat="47.6608102" lon="13.6474395">
                <ele>1052.2</ele>
                <time>2023-05-21T08:57:38.000Z</time>
                <name>Position 125</name>
            </trkpt>
            <trkpt lat="47.6609102" lon="13.6474363">
                <ele>1053.0</ele>
                <time>2023-05-21T08:57:45.000Z</time>
                <name>Position 126</name>
            </trkpt>
            <trkpt lat="47.6610062" lon="13.6474239">
                <ele>1053.7</ele>
                <time>2023-05-21T08:57:52.000Z</time>
                <name>Position 127</name>
            </trkpt>
            <trkpt lat="47.6611025" lon="13.6474172">
                <ele>1054.5</ele>
                <time>2023-05-21T08:57:59.000Z</time>
                <name>Position 128</name>
            </trkpt>
            <trkpt lat="47.6611974" lon="13.6474166">
                <ele>1055.4</ele>
                <time>2023-05-21T08:58:06.000Z</time>
                <name>Position 129</name>
            </trkpt>
            <trkpt lat="47.6612913" lon="13.6474333">
                <ele>1056.2</ele>
                <time>2023-05-21T08:58:13.000Z</time>
                <name>Position 130</name>
            </trkpt>
            <trkpt lat="47.6613919" lon="13.6474553">
                <ele>1057.0</ele>
                <time>2023-05-21T08:58:20.000Z</time>
                <name>Position 131</name>
            </trkpt>
            <trkpt lat="47.6614851" lon="13.6475135">
                <ele>1058.2</ele>
                <time>2023-05-21T08:58:27.000Z</time>
                <name>Position 132</name>
            </trkpt>
            <trkpt lat="47.6615426" lon="13.6476319">
                <ele>1059.3</ele>
                <time>2023-05-21T08:58:35.000Z</time>
                <name>Position 133</name>
            </trkpt>
            <trkpt lat="47.6616077" lon="13.6477278">
                <ele>1060.1</ele>
                <time>2023-05-21T08:58:43.000Z</time>
                <name>Position 134</name>
            </trkpt>
            <trkpt lat="47.6617003" lon="13.6477757">
                <ele>1060.7</ele>
                <time>2023-05-21T08:58:50.000Z</time>
                <name>Position 135</name>
            </trkpt>
            <trkpt lat="47.6618021" lon="13.6477848">
                <ele>1061.5</ele>
                <time>2023-05-21T08:58:56.000Z</time>
                <name>Position 136</name>
            </trkpt>
            <trkpt lat="47.6619042" lon="13.6477865">
                <ele>1062.2</ele>
                <time>2023-05-21T08:59:02.000Z</time>
                <name>Position 137</name>
            </trkpt>
            <trkpt lat="47.6620047" lon="13.6477814">
                <ele>1063.1</ele>
                <time>2023-05-21T08:59:09.000Z</time>
                <name>Position 138</name>
            </trkpt>
            <trkpt lat="47.6620998" lon="13.647776">
                <ele>1063.7</ele>
                <time>2023-05-21T08:59:15.000Z</time>
                <name>Position 139</name>
            </trkpt>
            <trkpt lat="47.6621912" lon="13.6478266">
                <ele>1064.3</ele>
                <time>2023-05-21T08:59:21.000Z</time>
                <name>Position 140</name>
            </trkpt>
            <trkpt lat="47.6622839" lon="13.6478973">
                <ele>1065.3</ele>
                <time>2023-05-21T08:59:27.000Z</time>
                <name>Position 141</name>
            </trkpt>
            <trkpt lat="47.6623813" lon="13.6479483">
                <ele>1066.3</ele>
                <time>2023-05-21T08:59:34.000Z</time>
                <name>Position 142</name>
            </trkpt>
            <trkpt lat="47.662477" lon="13.6480044">
                <ele>1066.6</ele>
                <time>2023-05-21T08:59:40.000Z</time>
                <name>Position 143</name>
            </trkpt>
            <trkpt lat="47.6625734" lon="13.6480351">
                <ele>1067.5</ele>
                <time>2023-05-21T08:59:46.000Z</time>
                <name>Position 144</name>
            </trkpt>
            <trkpt lat="47.6626658" lon="13.6480302">
                <ele>1068.2</ele>
                <time>2023-05-21T08:59:51.000Z</time>
                <name>Position 145</name>
            </trkpt>
            <trkpt lat="47.6627535" lon="13.6479951">
                <ele>1068.7</ele>
                <time>2023-05-21T08:59:56.000Z</time>
                <name>Position 146</name>
            </trkpt>
            <trkpt lat="47.6628516" lon="13.6480221">
                <ele>1070.4</ele>
                <time>2023-05-21T09:00:03.000Z</time>
                <name>Position 147</name>
            </trkpt>
            <trkpt lat="47.6629224" lon="13.6481069">
                <ele>1071.3</ele>
                <time>2023-05-21T09:00:11.000Z</time>
                <name>Position 148</name>
            </trkpt>
            <trkpt lat="47.6629459" lon="13.648256">
                <ele>1071.8</ele>
                <time>2023-05-21T09:00:19.000Z</time>
                <name>Position 149</name>
            </trkpt>
            <trkpt lat="47.6629681" lon="13.6483918">
                <ele>1072.5</ele>
                <time>2023-05-21T09:00:25.000Z</time>
                <name>Position 150</name>
            </trkpt>
            <trkpt lat="47.6629853" lon="13.6485336">
                <ele>1072.5</ele>
                <time>2023-05-21T09:00:31.000Z</time>
                <name>Position 151</name>
            </trkpt>
            <trkpt lat="47.6630131" lon="13.6486959">
                <ele>1072.6</ele>
                <time>2023-05-21T09:00:36.000Z</time>
                <name>Position 152</name>
            </trkpt>
            <trkpt lat="47.6630223" lon="13.6488579">
                <ele>1072.5</ele>
                <time>2023-05-21T09:00:40.000Z</time>
                <name>Position 153</name>
            </trkpt>
            <trkpt lat="47.6630365" lon="13.6490146">
                <ele>1072.6</ele>
                <time>2023-05-21T09:00:44.000Z</time>
                <name>Position 154</name>
            </trkpt>
            <trkpt lat="47.6630513" lon="13.6491539">
                <ele>1073.1</ele>
                <time>2023-05-21T09:00:48.000Z</time>
                <name>Position 155</name>
            </trkpt>
            <trkpt lat="47.6630721" lon="13.6493027">
                <ele>1073.6</ele>
                <time>2023-05-21T09:00:52.000Z</time>
                <name>Position 156</name>
            </trkpt>
            <trkpt lat="47.663086" lon="13.649451">
                <ele>1074.5</ele>
                <time>2023-05-21T09:00:57.000Z</time>
                <name>Position 157</name>
            </trkpt>
            <trkpt lat="47.6631222" lon="13.6495998">
                <ele>1074.8</ele>
                <time>2023-05-21T09:01:03.000Z</time>
                <name>Position 158</name>
            </trkpt>
            <trkpt lat="47.6631707" lon="13.6497361">
                <ele>1075.2</ele>
                <time>2023-05-21T09:01:09.000Z</time>
                <name>Position 159</name>
            </trkpt>
            <trkpt lat="47.6632038" lon="13.6498611">
                <ele>1075.4</ele>
                <time>2023-05-21T09:01:14.000Z</time>
                <name>Position 160</name>
            </trkpt>
            <trkpt lat="47.6632233" lon="13.6500101">
                <ele>1076.0</ele>
                <time>2023-05-21T09:01:20.000Z</time>
                <name>Position 161</name>
            </trkpt>
            <trkpt lat="47.6632508" lon="13.6501534">
                <ele>1076.4</ele>
                <time>2023-05-21T09:01:26.000Z</time>
                <name>Position 162</name>
            </trkpt>
            <trkpt lat="47.6632735" lon="13.6502885">
                <ele>1076.5</ele>
                <time>2023-05-21T09:01:31.000Z</time>
                <name>Position 163</name>
            </trkpt>
            <trkpt lat="47.6632792" lon="13.650423">
                <ele>1077.1</ele>
                <time>2023-05-21T09:01:37.000Z</time>
                <name>Position 164</name>
            </trkpt>
            <trkpt lat="47.6632662" lon="13.6505716">
                <ele>1078.5</ele>
                <time>2023-05-21T09:01:45.000Z</time>
                <name>Position 165</name>
            </trkpt>
            <trkpt lat="47.6632507" lon="13.6507109">
                <ele>1079.6</ele>
                <time>2023-05-21T09:01:51.000Z</time>
                <name>Position 166</name>
            </trkpt>
            <trkpt lat="47.663231" lon="13.6508486">
                <ele>1080.6</ele>
                <time>2023-05-21T09:01:58.000Z</time>
                <name>Position 167</name>
            </trkpt>
            <trkpt lat="47.6632141" lon="13.6509897">
                <ele>1081.8</ele>
                <time>2023-05-21T09:02:05.000Z</time>
                <name>Position 168</name>
            </trkpt>
            <trkpt lat="47.6631827" lon="13.6511353">
                <ele>1082.9</ele>
                <time>2023-05-21T09:02:12.000Z</time>
                <name>Position 169</name>
            </trkpt>
            <trkpt lat="47.6631899" lon="13.6512847">
                <ele>1084.4</ele>
                <time>2023-05-21T09:02:19.000Z</time>
                <name>Position 170</name>
            </trkpt>
            <trkpt lat="47.6632396" lon="13.6514175">
                <ele>1085.1</ele>
                <time>2023-05-21T09:02:26.000Z</time>
                <name>Position 171</name>
            </trkpt>
            <trkpt lat="47.6633349" lon="13.6514824">
                <ele>1085.8</ele>
                <time>2023-05-21T09:02:33.000Z</time>
                <name>Position 172</name>
            </trkpt>
            <trkpt lat="47.6634356" lon="13.651498">
                <ele>1086.4</ele>
                <time>2023-05-21T09:02:40.000Z</time>
                <name>Position 173</name>
            </trkpt>
            <trkpt lat="47.6635321" lon="13.6515142">
                <ele>1087.0</ele>
                <time>2023-05-21T09:02:47.000Z</time>
                <name>Position 174</name>
            </trkpt>
            <trkpt lat="47.6636224" lon="13.6515406">
                <ele>1087.6</ele>
                <time>2023-05-21T09:02:53.000Z</time>
                <name>Position 175</name>
            </trkpt>
            <trkpt lat="47.6637132" lon="13.6515291">
                <ele>1088.2</ele>
                <time>2023-05-21T09:03:05.000Z</time>
                <name>Position 176</name>
            </trkpt>
            <trkpt lat="47.6638153" lon="13.6515572">
                <ele>1087.9</ele>
                <time>2023-05-21T09:03:11.000Z</time>
                <name>Position 177</name>
            </trkpt>
            <trkpt lat="47.6639056" lon="13.6515857">
                <ele>1088.9</ele>
                <time>2023-05-21T09:03:15.000Z</time>
                <name>Position 178</name>
            </trkpt>
            <trkpt lat="47.6640045" lon="13.6516191">
                <ele>1090.5</ele>
                <time>2023-05-21T09:03:20.000Z</time>
                <name>Position 179</name>
            </trkpt>
            <trkpt lat="47.6640986" lon="13.651628">
                <ele>1090.9</ele>
                <time>2023-05-21T09:03:25.000Z</time>
                <name>Position 180</name>
            </trkpt>
            <trkpt lat="47.6641891" lon="13.651642">
                <ele>1091.1</ele>
                <time>2023-05-21T09:03:30.000Z</time>
                <name>Position 181</name>
            </trkpt>
            <trkpt lat="47.6642827" lon="13.6516608">
                <ele>1091.8</ele>
                <time>2023-05-21T09:03:36.000Z</time>
                <name>Position 182</name>
            </trkpt>
            <trkpt lat="47.6643836" lon="13.6516891">
                <ele>1092.0</ele>
                <time>2023-05-21T09:03:41.000Z</time>
                <name>Position 183</name>
            </trkpt>
            <trkpt lat="47.6644723" lon="13.6517304">
                <ele>1092.2</ele>
                <time>2023-05-21T09:03:46.000Z</time>
                <name>Position 184</name>
            </trkpt>
            <trkpt lat="47.6645623" lon="13.65178">
                <ele>1092.7</ele>
                <time>2023-05-21T09:03:51.000Z</time>
                <name>Position 185</name>
            </trkpt>
            <trkpt lat="47.6646545" lon="13.651841">
                <ele>1093.4</ele>
                <time>2023-05-21T09:03:57.000Z</time>
                <name>Position 186</name>
            </trkpt>
            <trkpt lat="47.6647421" lon="13.6518946">
                <ele>1093.9</ele>
                <time>2023-05-21T09:04:02.000Z</time>
                <name>Position 187</name>
            </trkpt>
            <trkpt lat="47.6648271" lon="13.6519524">
                <ele>1094.3</ele>
                <time>2023-05-21T09:04:07.000Z</time>
                <name>Position 188</name>
            </trkpt>
            <trkpt lat="47.6649174" lon="13.6520115">
                <ele>1094.8</ele>
                <time>2023-05-21T09:04:12.000Z</time>
                <name>Position 189</name>
            </trkpt>
            <trkpt lat="47.6650025" lon="13.6520761">
                <ele>1095.9</ele>
                <time>2023-05-21T09:04:17.000Z</time>
                <name>Position 190</name>
            </trkpt>
            <trkpt lat="47.6650947" lon="13.6521322">
                <ele>1097.4</ele>
                <time>2023-05-21T09:04:22.000Z</time>
                <name>Position 191</name>
            </trkpt>
            <trkpt lat="47.6651907" lon="13.6521873">
                <ele>1098.0</ele>
                <time>2023-05-21T09:04:27.000Z</time>
                <name>Position 192</name>
            </trkpt>
            <trkpt lat="47.6652804" lon="13.652251">
                <ele>1098.5</ele>
                <time>2023-05-21T09:04:32.000Z</time>
                <name>Position 193</name>
            </trkpt>
            <trkpt lat="47.6653667" lon="13.6523384">
                <ele>1099.3</ele>
                <time>2023-05-21T09:04:38.000Z</time>
                <name>Position 194</name>
            </trkpt>
            <trkpt lat="47.6654261" lon="13.652441">
                <ele>1100.0</ele>
                <time>2023-05-21T09:04:43.000Z</time>
                <name>Position 195</name>
            </trkpt>
            <trkpt lat="47.6654565" lon="13.6525873">
                <ele>1101.0</ele>
                <time>2023-05-21T09:04:49.000Z</time>
                <name>Position 196</name>
            </trkpt>
            <trkpt lat="47.6654364" lon="13.6527239">
                <ele>1102.1</ele>
                <time>2023-05-21T09:04:55.000Z</time>
                <name>Position 197</name>
            </trkpt>
            <trkpt lat="47.6653869" lon="13.6528506">
                <ele>1102.9</ele>
                <time>2023-05-21T09:05:02.000Z</time>
                <name>Position 198</name>
            </trkpt>
            <trkpt lat="47.6653649" lon="13.6529872">
                <ele>1103.5</ele>
                <time>2023-05-21T09:05:09.000Z</time>
                <name>Position 199</name>
            </trkpt>
            <trkpt lat="47.6653246" lon="13.6531315">
                <ele>1104.3</ele>
                <time>2023-05-21T09:05:16.000Z</time>
                <name>Position 200</name>
            </trkpt>
            <trkpt lat="47.6652856" lon="13.6532546">
                <ele>1105.1</ele>
                <time>2023-05-21T09:05:22.000Z</time>
                <name>Position 201</name>
            </trkpt>
            <trkpt lat="47.6652224" lon="13.6533638">
                <ele>1105.7</ele>
                <time>2023-05-21T09:05:27.000Z</time>
                <name>Position 202</name>
            </trkpt>
            <trkpt lat="47.6651557" lon="13.653475">
                <ele>1106.5</ele>
                <time>2023-05-21T09:05:33.000Z</time>
                <name>Position 203</name>
            </trkpt>
            <trkpt lat="47.6650785" lon="13.6535801">
                <ele>1107.0</ele>
                <time>2023-05-21T09:05:39.000Z</time>
                <name>Position 204</name>
            </trkpt>
            <trkpt lat="47.6650279" lon="13.6537178">
                <ele>1107.5</ele>
                <time>2023-05-21T09:05:45.000Z</time>
                <name>Position 205</name>
            </trkpt>
            <trkpt lat="47.6649689" lon="13.6538253">
                <ele>1108.5</ele>
                <time>2023-05-21T09:05:51.000Z</time>
                <name>Position 206</name>
            </trkpt>
            <trkpt lat="47.6649216" lon="13.6539456">
                <ele>1109.2</ele>
                <time>2023-05-21T09:05:56.000Z</time>
                <name>Position 207</name>
            </trkpt>
            <trkpt lat="47.6648713" lon="13.6540754">
                <ele>1110.2</ele>
                <time>2023-05-21T09:06:02.000Z</time>
                <name>Position 208</name>
            </trkpt>
            <trkpt lat="47.6648411" lon="13.6542239">
                <ele>1110.8</ele>
                <time>2023-05-21T09:06:09.000Z</time>
                <name>Position 209</name>
            </trkpt>
            <trkpt lat="47.6648524" lon="13.654378">
                <ele>1111.2</ele>
                <time>2023-05-21T09:06:14.000Z</time>
                <name>Position 210</name>
            </trkpt>
            <trkpt lat="47.6648863" lon="13.6545189">
                <ele>1111.3</ele>
                <time>2023-05-21T09:06:19.000Z</time>
                <name>Position 211</name>
            </trkpt>
            <trkpt lat="47.6649197" lon="13.6546744">
                <ele>1111.1</ele>
                <time>2023-05-21T09:06:24.000Z</time>
                <name>Position 212</name>
            </trkpt>
            <trkpt lat="47.6649749" lon="13.6548222">
                <ele>1111.3</ele>
                <time>2023-05-21T09:06:29.000Z</time>
                <name>Position 213</name>
            </trkpt>
            <trkpt lat="47.6650421" lon="13.6549482">
                <ele>1111.0</ele>
                <time>2023-05-21T09:06:33.000Z</time>
                <name>Position 214</name>
            </trkpt>
            <trkpt lat="47.6651043" lon="13.6550578">
                <ele>1111.0</ele>
                <time>2023-05-21T09:06:36.000Z</time>
                <name>Position 215</name>
            </trkpt>
            <trkpt lat="47.6651705" lon="13.6551592">
                <ele>1111.0</ele>
                <time>2023-05-21T09:06:39.000Z</time>
                <name>Position 216</name>
            </trkpt>
            <trkpt lat="47.665257" lon="13.6552639">
                <ele>1111.5</ele>
                <time>2023-05-21T09:06:42.000Z</time>
                <name>Position 217</name>
            </trkpt>
            <trkpt lat="47.6653139" lon="13.6553801">
                <ele>1111.9</ele>
                <time>2023-05-21T09:06:45.000Z</time>
                <name>Position 218</name>
            </trkpt>
            <trkpt lat="47.6653792" lon="13.6555034">
                <ele>1112.2</ele>
                <time>2023-05-21T09:06:49.000Z</time>
                <name>Position 219</name>
            </trkpt>
            <trkpt lat="47.6654349" lon="13.65561">
                <ele>1112.6</ele>
                <time>2023-05-21T09:06:53.000Z</time>
                <name>Position 220</name>
            </trkpt>
            <trkpt lat="47.6655065" lon="13.6557">
                <ele>1113.1</ele>
                <time>2023-05-21T09:06:58.000Z</time>
                <name>Position 221</name>
            </trkpt>
            <trkpt lat="47.6656064" lon="13.6557394">
                <ele>1113.3</ele>
                <time>2023-05-21T09:07:02.000Z</time>
                <name>Position 222</name>
            </trkpt>
            <trkpt lat="47.6657042" lon="13.6557694">
                <ele>1113.2</ele>
                <time>2023-05-21T09:07:06.000Z</time>
                <name>Position 223</name>
            </trkpt>
            <trkpt lat="47.6657845" lon="13.655833">
                <ele>1113.5</ele>
                <time>2023-05-21T09:07:11.000Z</time>
                <name>Position 224</name>
            </trkpt>
            <trkpt lat="47.6658052" lon="13.6559806">
                <ele>1114.5</ele>
                <time>2023-05-21T09:07:18.000Z</time>
                <name>Position 225</name>
            </trkpt>
            <trkpt lat="47.6657979" lon="13.6561186">
                <ele>1115.7</ele>
                <time>2023-05-21T09:07:25.000Z</time>
                <name>Position 226</name>
            </trkpt>
            <trkpt lat="47.6657868" lon="13.6562709">
                <ele>1117.2</ele>
                <time>2023-05-21T09:07:32.000Z</time>
                <name>Position 227</name>
            </trkpt>
            <trkpt lat="47.6657868" lon="13.6564207">
                <ele>1118.2</ele>
                <time>2023-05-21T09:07:39.000Z</time>
                <name>Position 228</name>
            </trkpt>
            <trkpt lat="47.6657848" lon="13.6565655">
                <ele>1118.9</ele>
                <time>2023-05-21T09:07:46.000Z</time>
                <name>Position 229</name>
            </trkpt>
            <trkpt lat="47.6657934" lon="13.6567042">
                <ele>1119.6</ele>
                <time>2023-05-21T09:07:53.000Z</time>
                <name>Position 230</name>
            </trkpt>
            <trkpt lat="47.6657957" lon="13.6568467">
                <ele>1120.8</ele>
                <time>2023-05-21T09:08:00.000Z</time>
                <name>Position 231</name>
            </trkpt>
            <trkpt lat="47.6657795" lon="13.6569862">
                <ele>1122.1</ele>
                <time>2023-05-21T09:08:07.000Z</time>
                <name>Position 232</name>
            </trkpt>
            <trkpt lat="47.6657587" lon="13.6571204">
                <ele>1123.3</ele>
                <time>2023-05-21T09:08:13.000Z</time>
                <name>Position 233</name>
            </trkpt>
            <trkpt lat="47.6657462" lon="13.6572585">
                <ele>1124.4</ele>
                <time>2023-05-21T09:08:19.000Z</time>
                <name>Position 234</name>
            </trkpt>
            <trkpt lat="47.6657384" lon="13.6574139">
                <ele>1126.2</ele>
                <time>2023-05-21T09:08:25.000Z</time>
                <name>Position 235</name>
            </trkpt>
            <trkpt lat="47.6657438" lon="13.6575547">
                <ele>1128.7</ele>
                <time>2023-05-21T09:08:31.000Z</time>
                <name>Position 236</name>
            </trkpt>
            <trkpt lat="47.6657748" lon="13.6577061">
                <ele>1131.0</ele>
                <time>2023-05-21T09:08:37.000Z</time>
                <name>Position 237</name>
            </trkpt>
            <trkpt lat="47.6658207" lon="13.6578375">
                <ele>1133.1</ele>
                <time>2023-05-21T09:08:43.000Z</time>
                <name>Position 238</name>
            </trkpt>
            <trkpt lat="47.6658596" lon="13.6579584">
                <ele>1135.1</ele>
                <time>2023-05-21T09:08:50.000Z</time>
                <name>Position 239</name>
            </trkpt>
            <trkpt lat="47.6659246" lon="13.6580537">
                <ele>1137.0</ele>
                <time>2023-05-21T09:08:59.000Z</time>
                <name>Position 240</name>
            </trkpt>
            <trkpt lat="47.6660128" lon="13.6580991">
                <ele>1138.9</ele>
                <time>2023-05-21T09:09:08.000Z</time>
                <name>Position 241</name>
            </trkpt>
            <trkpt lat="47.6660942" lon="13.6581577">
                <ele>1140.3</ele>
                <time>2023-05-21T09:09:14.000Z</time>
                <name>Position 242</name>
            </trkpt>
            <trkpt lat="47.6661713" lon="13.658231">
                <ele>1142.1</ele>
                <time>2023-05-21T09:09:20.000Z</time>
                <name>Position 243</name>
            </trkpt>
            <trkpt lat="47.6662392" lon="13.6583422">
                <ele>1143.8</ele>
                <time>2023-05-21T09:09:26.000Z</time>
                <name>Position 244</name>
            </trkpt>
            <trkpt lat="47.666302" lon="13.6584709">
                <ele>1145.8</ele>
                <time>2023-05-21T09:09:33.000Z</time>
                <name>Position 245</name>
            </trkpt>
            <trkpt lat="47.6663363" lon="13.6586031">
                <ele>1147.0</ele>
                <time>2023-05-21T09:09:40.000Z</time>
                <name>Position 246</name>
            </trkpt>
            <trkpt lat="47.6663699" lon="13.6587346">
                <ele>1149.4</ele>
                <time>2023-05-21T09:09:47.000Z</time>
                <name>Position 247</name>
            </trkpt>
            <trkpt lat="47.6664005" lon="13.658882">
                <ele>1152.2</ele>
                <time>2023-05-21T09:09:53.000Z</time>
                <name>Position 248</name>
            </trkpt>
            <trkpt lat="47.6664029" lon="13.6590167">
                <ele>1154.0</ele>
                <time>2023-05-21T09:09:59.000Z</time>
                <name>Position 249</name>
            </trkpt>
            <trkpt lat="47.6664134" lon="13.6591505">
                <ele>1155.7</ele>
                <time>2023-05-21T09:10:05.000Z</time>
                <name>Position 250</name>
            </trkpt>
            <trkpt lat="47.6664075" lon="13.6592859">
                <ele>1157.5</ele>
                <time>2023-05-21T09:10:11.000Z</time>
                <name>Position 251</name>
            </trkpt>
            <trkpt lat="47.6663764" lon="13.6594156">
                <ele>1159.2</ele>
                <time>2023-05-21T09:10:17.000Z</time>
                <name>Position 252</name>
            </trkpt>
            <trkpt lat="47.6663679" lon="13.6595561">
                <ele>1161.4</ele>
                <time>2023-05-21T09:10:27.000Z</time>
                <name>Position 253</name>
            </trkpt>
            <trkpt lat="47.6663592" lon="13.6597042">
                <ele>1163.8</ele>
                <time>2023-05-21T09:10:34.000Z</time>
                <name>Position 254</name>
            </trkpt>
            <trkpt lat="47.6663185" lon="13.6598403">
                <ele>1165.6</ele>
                <time>2023-05-21T09:10:42.000Z</time>
                <name>Position 255</name>
            </trkpt>
            <trkpt lat="47.6662902" lon="13.6599892">
                <ele>1167.9</ele>
                <time>2023-05-21T09:10:49.000Z</time>
                <name>Position 256</name>
            </trkpt>
            <trkpt lat="47.6662531" lon="13.6601154">
                <ele>1170.7</ele>
                <time>2023-05-21T09:10:58.000Z</time>
                <name>Position 257</name>
            </trkpt>
            <trkpt lat="47.6662395" lon="13.6602488">
                <ele>1172.1</ele>
                <time>2023-05-21T09:11:04.000Z</time>
                <name>Position 258</name>
            </trkpt>
            <trkpt lat="47.6662169" lon="13.660403">
                <ele>1173.5</ele>
                <time>2023-05-21T09:11:11.000Z</time>
                <name>Position 259</name>
            </trkpt>
            <trkpt lat="47.666193" lon="13.6605418">
                <ele>1174.1</ele>
                <time>2023-05-21T09:11:17.000Z</time>
                <name>Position 260</name>
            </trkpt>
            <trkpt lat="47.6661918" lon="13.6606941">
                <ele>1175.1</ele>
                <time>2023-05-21T09:11:25.000Z</time>
                <name>Position 261</name>
            </trkpt>
            <trkpt lat="47.6661759" lon="13.6608279">
                <ele>1176.4</ele>
                <time>2023-05-21T09:11:32.000Z</time>
                <name>Position 262</name>
            </trkpt>
            <trkpt lat="47.6661426" lon="13.6609594">
                <ele>1177.5</ele>
                <time>2023-05-21T09:11:43.000Z</time>
                <name>Position 263</name>
            </trkpt>
            <trkpt lat="47.6661061" lon="13.6611077">
                <ele>1178.4</ele>
                <time>2023-05-21T09:11:50.000Z</time>
                <name>Position 264</name>
            </trkpt>
            <trkpt lat="47.6660504" lon="13.6612226">
                <ele>1178.4</ele>
                <time>2023-05-21T09:11:57.000Z</time>
                <name>Position 265</name>
            </trkpt>
            <trkpt lat="47.6659597" lon="13.6612688">
                <ele>1178.2</ele>
                <time>2023-05-21T09:14:04.000Z</time>
                <name>Position 266</name>
            </trkpt>
            <trkpt lat="47.6659692" lon="13.6614029">
                <ele>1179.5</ele>
                <time>2023-05-21T09:14:35.000Z</time>
                <name>Position 267</name>
            </trkpt>
            <trkpt lat="47.6659323" lon="13.6615299">
                <ele>1179.8</ele>
                <time>2023-05-21T09:14:44.000Z</time>
                <name>Position 268</name>
            </trkpt>
            <trkpt lat="47.6658762" lon="13.6616454">
                <ele>1180.0</ele>
                <time>2023-05-21T09:14:50.000Z</time>
                <name>Position 269</name>
            </trkpt>
            <trkpt lat="47.6658196" lon="13.6617548">
                <ele>1182.1</ele>
                <time>2023-05-21T09:14:57.000Z</time>
                <name>Position 270</name>
            </trkpt>
            <trkpt lat="47.6657796" lon="13.6619036">
                <ele>1184.0</ele>
                <time>2023-05-21T09:15:07.000Z</time>
                <name>Position 271</name>
            </trkpt>
            <trkpt lat="47.6657349" lon="13.6620359">
                <ele>1184.6</ele>
                <time>2023-05-21T09:15:12.000Z</time>
                <name>Position 272</name>
            </trkpt>
            <trkpt lat="47.6656636" lon="13.6621211">
                <ele>1185.6</ele>
                <time>2023-05-21T09:15:20.000Z</time>
                <name>Position 273</name>
            </trkpt>
            <trkpt lat="47.6656234" lon="13.662257">
                <ele>1185.9</ele>
                <time>2023-05-21T09:15:27.000Z</time>
                <name>Position 274</name>
            </trkpt>
            <trkpt lat="47.6656005" lon="13.6623904">
                <ele>1186.2</ele>
                <time>2023-05-21T09:15:32.000Z</time>
                <name>Position 275</name>
            </trkpt>
            <trkpt lat="47.6655487" lon="13.6625199">
                <ele>1186.5</ele>
                <time>2023-05-21T09:15:39.000Z</time>
                <name>Position 276</name>
            </trkpt>
            <trkpt lat="47.6656282" lon="13.6625966">
                <ele>1188.9</ele>
                <time>2023-05-21T09:16:02.000Z</time>
                <name>Position 277</name>
            </trkpt>
            <trkpt lat="47.6657101" lon="13.6626528">
                <ele>1191.9</ele>
                <time>2023-05-21T09:16:17.000Z</time>
                <name>Position 278</name>
            </trkpt>
            <trkpt lat="47.665798" lon="13.662615">
                <ele>1193.4</ele>
                <time>2023-05-21T09:16:31.000Z</time>
                <name>Position 279</name>
            </trkpt>
            <trkpt lat="47.6657037" lon="13.6626059">
                <ele>1186.7</ele>
                <time>2023-05-21T09:17:49.000Z</time>
                <name>Position 280</name>
            </trkpt>
            <trkpt lat="47.665627" lon="13.6626767">
                <ele>1187.1</ele>
                <time>2023-05-21T09:18:03.000Z</time>
                <name>Position 281</name>
            </trkpt>
            <trkpt lat="47.6655707" lon="13.6627944">
                <ele>1187.7</ele>
                <time>2023-05-21T09:18:12.000Z</time>
                <name>Position 282</name>
            </trkpt>
            <trkpt lat="47.6655337" lon="13.6629288">
                <ele>1188.5</ele>
                <time>2023-05-21T09:18:18.000Z</time>
                <name>Position 283</name>
            </trkpt>
            <trkpt lat="47.6654914" lon="13.663057">
                <ele>1189.1</ele>
                <time>2023-05-21T09:18:25.000Z</time>
                <name>Position 284</name>
            </trkpt>
            <trkpt lat="47.6654301" lon="13.6631734">
                <ele>1189.3</ele>
                <time>2023-05-21T09:18:32.000Z</time>
                <name>Position 285</name>
            </trkpt>
            <trkpt lat="47.6654343" lon="13.6633206">
                <ele>1189.2</ele>
                <time>2023-05-21T09:18:38.000Z</time>
                <name>Position 286</name>
            </trkpt>
            <trkpt lat="47.6654458" lon="13.66347">
                <ele>1189.8</ele>
                <time>2023-05-21T09:18:45.000Z</time>
                <name>Position 287</name>
            </trkpt>
            <trkpt lat="47.6654671" lon="13.6636">
                <ele>1190.4</ele>
                <time>2023-05-21T09:18:50.000Z</time>
                <name>Position 288</name>
            </trkpt>
            <trkpt lat="47.6654563" lon="13.6637564">
                <ele>1191.0</ele>
                <time>2023-05-21T09:18:55.000Z</time>
                <name>Position 289</name>
            </trkpt>
            <trkpt lat="47.6654007" lon="13.6638869">
                <ele>1191.8</ele>
                <time>2023-05-21T09:19:04.000Z</time>
                <name>Position 290</name>
            </trkpt>
            <trkpt lat="47.6653529" lon="13.6640062">
                <ele>1192.4</ele>
                <time>2023-05-21T09:19:09.000Z</time>
                <name>Position 291</name>
            </trkpt>
            <trkpt lat="47.6653105" lon="13.6641409">
                <ele>1192.6</ele>
                <time>2023-05-21T09:19:16.000Z</time>
                <name>Position 292</name>
            </trkpt>
            <trkpt lat="47.6652289" lon="13.6642203">
                <ele>1192.7</ele>
                <time>2023-05-21T09:19:24.000Z</time>
                <name>Position 293</name>
            </trkpt>
            <trkpt lat="47.6651709" lon="13.664339">
                <ele>1192.5</ele>
                <time>2023-05-21T09:19:31.000Z</time>
                <name>Position 294</name>
            </trkpt>
            <trkpt lat="47.665095" lon="13.6644258">
                <ele>1192.2</ele>
                <time>2023-05-21T09:19:36.000Z</time>
                <name>Position 295</name>
            </trkpt>
            <trkpt lat="47.6649946" lon="13.664469">
                <ele>1191.7</ele>
                <time>2023-05-21T09:19:43.000Z</time>
                <name>Position 296</name>
            </trkpt>
            <trkpt lat="47.6649001" lon="13.6645305">
                <ele>1192.0</ele>
                <time>2023-05-21T09:19:49.000Z</time>
                <name>Position 297</name>
            </trkpt>
            <trkpt lat="47.6648085" lon="13.6646146">
                <ele>1191.2</ele>
                <time>2023-05-21T09:19:53.000Z</time>
                <name>Position 298</name>
            </trkpt>
            <trkpt lat="47.6647176" lon="13.6646783">
                <ele>1191.2</ele>
                <time>2023-05-21T09:19:58.000Z</time>
                <name>Position 299</name>
            </trkpt>
            <trkpt lat="47.6646672" lon="13.6648108">
                <ele>1192.7</ele>
                <time>2023-05-21T09:20:03.000Z</time>
                <name>Position 300</name>
            </trkpt>
            <trkpt lat="47.664598" lon="13.6649104">
                <ele>1192.9</ele>
                <time>2023-05-21T09:20:08.000Z</time>
                <name>Position 301</name>
            </trkpt>
            <trkpt lat="47.6645258" lon="13.664991">
                <ele>1193.0</ele>
                <time>2023-05-21T09:20:12.000Z</time>
                <name>Position 302</name>
            </trkpt>
            <trkpt lat="47.6644587" lon="13.6651011">
                <ele>1193.1</ele>
                <time>2023-05-21T09:20:19.000Z</time>
                <name>Position 303</name>
            </trkpt>
            <trkpt lat="47.6644069" lon="13.6652198">
                <ele>1193.2</ele>
                <time>2023-05-21T09:20:24.000Z</time>
                <name>Position 304</name>
            </trkpt>
            <trkpt lat="47.6643514" lon="13.6653258">
                <ele>1193.3</ele>
                <time>2023-05-21T09:20:29.000Z</time>
                <name>Position 305</name>
            </trkpt>
            <trkpt lat="47.6642871" lon="13.6654465">
                <ele>1193.6</ele>
                <time>2023-05-21T09:20:35.000Z</time>
                <name>Position 306</name>
            </trkpt>
            <trkpt lat="47.6642113" lon="13.6655285">
                <ele>1194.0</ele>
                <time>2023-05-21T09:20:40.000Z</time>
                <name>Position 307</name>
            </trkpt>
            <trkpt lat="47.6641626" lon="13.665643">
                <ele>1193.8</ele>
                <time>2023-05-21T09:20:53.000Z</time>
                <name>Position 308</name>
            </trkpt>
            <trkpt lat="47.6642231" lon="13.6655377">
                <ele>1193.5</ele>
                <time>2023-05-21T09:21:24.000Z</time>
                <name>Position 309</name>
            </trkpt>
            <trkpt lat="47.6643032" lon="13.665603">
                <ele>1197.8</ele>
                <time>2023-05-21T09:22:05.000Z</time>
                <name>Position 310</name>
            </trkpt>
            <trkpt lat="47.6643701" lon="13.6656927">
                <ele>1199.9</ele>
                <time>2023-05-21T09:22:34.000Z</time>
                <name>Position 311</name>
            </trkpt>
            <trkpt lat="47.6644347" lon="13.6655977">
                <ele>1198.1</ele>
                <time>2023-05-21T09:23:05.000Z</time>
                <name>Position 312</name>
            </trkpt>
            <trkpt lat="47.6643413" lon="13.6655956">
                <ele>1192.5</ele>
                <time>2023-05-21T09:25:37.000Z</time>
                <name>Position 313</name>
            </trkpt>
            <trkpt lat="47.6642482" lon="13.6655429">
                <ele>1193.7</ele>
                <time>2023-05-21T09:25:44.000Z</time>
                <name>Position 314</name>
            </trkpt>
            <trkpt lat="47.6641729" lon="13.6656336">
                <ele>1192.9</ele>
                <time>2023-05-21T09:25:53.000Z</time>
                <name>Position 315</name>
            </trkpt>
            <trkpt lat="47.6641596" lon="13.6657697">
                <ele>1189.6</ele>
                <time>2023-05-21T09:26:04.000Z</time>
                <name>Position 316</name>
            </trkpt>
            <trkpt lat="47.6640897" lon="13.6658735">
                <ele>1188.1</ele>
                <time>2023-05-21T09:26:19.000Z</time>
                <name>Position 317</name>
            </trkpt>
            <trkpt lat="47.6640144" lon="13.6659535">
                <ele>1185.4</ele>
                <time>2023-05-21T09:26:33.000Z</time>
                <name>Position 318</name>
            </trkpt>
            <trkpt lat="47.6639745" lon="13.6660847">
                <ele>1184.1</ele>
                <time>2023-05-21T09:26:55.000Z</time>
                <name>Position 319</name>
            </trkpt>
            <trkpt lat="47.6639396" lon="13.6662125">
                <ele>1182.6</ele>
                <time>2023-05-21T09:27:19.000Z</time>
                <name>Position 320</name>
            </trkpt>
            <trkpt lat="47.6639291" lon="13.6663492">
                <ele>1180.6</ele>
                <time>2023-05-21T09:27:29.000Z</time>
                <name>Position 321</name>
            </trkpt>
            <trkpt lat="47.6639336" lon="13.6664918">
                <ele>1181.0</ele>
                <time>2023-05-21T09:27:43.000Z</time>
                <name>Position 322</name>
            </trkpt>
            <trkpt lat="47.6639108" lon="13.6666259">
                <ele>1179.6</ele>
                <time>2023-05-21T09:27:52.000Z</time>
                <name>Position 323</name>
            </trkpt>
            <trkpt lat="47.6638706" lon="13.6667547">
                <ele>1179.1</ele>
                <time>2023-05-21T09:28:03.000Z</time>
                <name>Position 324</name>
            </trkpt>
            <trkpt lat="47.6638883" lon="13.6668968">
                <ele>1179.4</ele>
                <time>2023-05-21T09:28:13.000Z</time>
                <name>Position 325</name>
            </trkpt>
            <trkpt lat="47.6638382" lon="13.6670422">
                <ele>1178.7</ele>
                <time>2023-05-21T09:28:27.000Z</time>
                <name>Position 326</name>
            </trkpt>
            <trkpt lat="47.6638089" lon="13.6671702">
                <ele>1178.9</ele>
                <time>2023-05-21T09:28:38.000Z</time>
                <name>Position 327</name>
            </trkpt>
            <trkpt lat="47.6638154" lon="13.6673059">
                <ele>1180.9</ele>
                <time>2023-05-21T09:28:56.000Z</time>
                <name>Position 328</name>
            </trkpt>
            <trkpt lat="47.6638954" lon="13.667383">
                <ele>1186.3</ele>
                <time>2023-05-21T09:29:21.000Z</time>
                <name>Position 329</name>
            </trkpt>
            <trkpt lat="47.6639266" lon="13.6675102">
                <ele>1189.9</ele>
                <time>2023-05-21T09:29:48.000Z</time>
                <name>Position 330</name>
            </trkpt>
            <trkpt lat="47.6640098" lon="13.6675729">
                <ele>1192.9</ele>
                <time>2023-05-21T09:30:06.000Z</time>
                <name>Position 331</name>
            </trkpt>
            <trkpt lat="47.6640938" lon="13.6676374">
                <ele>1196.1</ele>
                <time>2023-05-21T09:30:27.000Z</time>
                <name>Position 332</name>
            </trkpt>
            <trkpt lat="47.6641427" lon="13.6677621">
                <ele>1198.5</ele>
                <time>2023-05-21T09:30:51.000Z</time>
                <name>Position 333</name>
            </trkpt>
            <trkpt lat="47.6642288" lon="13.6678095">
                <ele>1202.8</ele>
                <time>2023-05-21T09:31:26.000Z</time>
                <name>Position 334</name>
            </trkpt>
            <trkpt lat="47.6643117" lon="13.6678657">
                <ele>1204.6</ele>
                <time>2023-05-21T09:31:46.000Z</time>
                <name>Position 335</name>
            </trkpt>
            <trkpt lat="47.6643297" lon="13.668003">
                <ele>1205.7</ele>
                <time>2023-05-21T09:32:08.000Z</time>
                <name>Position 336</name>
            </trkpt>
            <trkpt lat="47.664418" lon="13.6680587">
                <ele>1209.9</ele>
                <time>2023-05-21T09:32:24.000Z</time>
                <name>Position 337</name>
            </trkpt>
            <trkpt lat="47.6643396" lon="13.6679839">
                <ele>1207.2</ele>
                <time>2023-05-21T13:56:50.000Z</time>
                <name>Position 338</name>
            </trkpt>
            <trkpt lat="47.6644143" lon="13.6679055">
                <ele>1209.5</ele>
                <time>2023-05-21T13:57:00.000Z</time>
                <name>Position 339</name>
            </trkpt>
            <trkpt lat="47.6643239" lon="13.6678635">
                <ele>1212.1</ele>
                <time>2023-05-21T13:57:12.000Z</time>
                <name>Position 340</name>
            </trkpt>
            <trkpt lat="47.6641259" lon="13.6677376">
                <ele>1211.6</ele>
                <time>2023-05-21T13:57:23.000Z</time>
                <name>Position 341</name>
            </trkpt>
            <trkpt lat="47.6640713" lon="13.6676063">
                <ele>1214.2</ele>
                <time>2023-05-21T13:57:42.000Z</time>
                <name>Position 342</name>
            </trkpt>
            <trkpt lat="47.6639383" lon="13.6675232">
                <ele>1213.8</ele>
                <time>2023-05-21T13:57:49.000Z</time>
                <name>Position 343</name>
            </trkpt>
            <trkpt lat="47.6638143" lon="13.6673002">
                <ele>1212.6</ele>
                <time>2023-05-21T13:58:07.000Z</time>
                <name>Position 344</name>
            </trkpt>
            <trkpt lat="47.6638014" lon="13.6671689">
                <ele>1215.0</ele>
                <time>2023-05-21T13:58:17.000Z</time>
                <name>Position 345</name>
            </trkpt>
            <trkpt lat="47.6638739" lon="13.6668984">
                <ele>1216.8</ele>
                <time>2023-05-21T13:58:36.000Z</time>
                <name>Position 346</name>
            </trkpt>
            <trkpt lat="47.6639252" lon="13.6665549">
                <ele>1225.1</ele>
                <time>2023-05-21T13:59:18.000Z</time>
                <name>Position 347</name>
            </trkpt>
            <trkpt lat="47.6639493" lon="13.6662034">
                <ele>1221.5</ele>
                <time>2023-05-21T13:59:33.000Z</time>
                <name>Position 348</name>
            </trkpt>
            <trkpt lat="47.6640833" lon="13.6658569">
                <ele>1220.7</ele>
                <time>2023-05-21T13:59:47.000Z</time>
                <name>Position 349</name>
            </trkpt>
            <trkpt lat="47.664152" lon="13.665884">
                <ele>1217.7</ele>
                <time>2023-05-21T14:00:01.000Z</time>
                <name>Position 350</name>
            </trkpt>
            <trkpt lat="47.6643647" lon="13.6656389">
                <ele>1197.6</ele>
                <time>2023-05-21T14:06:03.000Z</time>
                <name>Position 351</name>
            </trkpt>
            <trkpt lat="47.6644558" lon="13.6656032">
                <ele>1198.1</ele>
                <time>2023-05-21T14:06:36.000Z</time>
                <name>Position 352</name>
            </trkpt>
            <trkpt lat="47.664364" lon="13.6656124">
                <ele>1193.3</ele>
                <time>2023-05-21T14:07:45.000Z</time>
                <name>Position 353</name>
            </trkpt>
            <trkpt lat="47.6642871" lon="13.665693">
                <ele>1193.1</ele>
                <time>2023-05-21T14:07:49.000Z</time>
                <name>Position 354</name>
            </trkpt>
            <trkpt lat="47.6642202" lon="13.6658011">
                <ele>1191.8</ele>
                <time>2023-05-21T14:07:55.000Z</time>
                <name>Position 355</name>
            </trkpt>
            <trkpt lat="47.6641878" lon="13.6656759">
                <ele>1191.3</ele>
                <time>2023-05-21T14:08:53.000Z</time>
                <name>Position 356</name>
            </trkpt>
            <trkpt lat="47.6641843" lon="13.6655377">
                <ele>1191.4</ele>
                <time>2023-05-21T14:09:16.000Z</time>
                <name>Position 357</name>
            </trkpt>
            <trkpt lat="47.6642479" lon="13.6654189">
                <ele>1191.2</ele>
                <time>2023-05-21T14:09:25.000Z</time>
                <name>Position 358</name>
            </trkpt>
            <trkpt lat="47.6643122" lon="13.6652775">
                <ele>1190.8</ele>
                <time>2023-05-21T14:09:29.000Z</time>
                <name>Position 359</name>
            </trkpt>
            <trkpt lat="47.6643665" lon="13.6651393">
                <ele>1190.4</ele>
                <time>2023-05-21T14:09:34.000Z</time>
                <name>Position 360</name>
            </trkpt>
            <trkpt lat="47.6644277" lon="13.6650163">
                <ele>1190.2</ele>
                <time>2023-05-21T14:09:40.000Z</time>
                <name>Position 361</name>
            </trkpt>
            <trkpt lat="47.6644858" lon="13.6648885">
                <ele>1190.1</ele>
                <time>2023-05-21T14:09:44.000Z</time>
                <name>Position 362</name>
            </trkpt>
            <trkpt lat="47.6645387" lon="13.6647551">
                <ele>1188.5</ele>
                <time>2023-05-21T14:09:49.000Z</time>
                <name>Position 363</name>
            </trkpt>
            <trkpt lat="47.6646169" lon="13.6646801">
                <ele>1187.8</ele>
                <time>2023-05-21T14:09:55.000Z</time>
                <name>Position 364</name>
            </trkpt>
            <trkpt lat="47.6646814" lon="13.6645806">
                <ele>1188.8</ele>
                <time>2023-05-21T14:10:00.000Z</time>
                <name>Position 365</name>
            </trkpt>
            <trkpt lat="47.6647582" lon="13.6645064">
                <ele>1188.7</ele>
                <time>2023-05-21T14:10:04.000Z</time>
                <name>Position 366</name>
            </trkpt>
            <trkpt lat="47.6648504" lon="13.6644597">
                <ele>1189.1</ele>
                <time>2023-05-21T14:10:10.000Z</time>
                <name>Position 367</name>
            </trkpt>
            <trkpt lat="47.6649469" lon="13.6643759">
                <ele>1189.5</ele>
                <time>2023-05-21T14:10:15.000Z</time>
                <name>Position 368</name>
            </trkpt>
            <trkpt lat="47.6650131" lon="13.664267">
                <ele>1189.7</ele>
                <time>2023-05-21T14:10:18.000Z</time>
                <name>Position 369</name>
            </trkpt>
            <trkpt lat="47.6650953" lon="13.6641651">
                <ele>1189.5</ele>
                <time>2023-05-21T14:10:23.000Z</time>
                <name>Position 370</name>
            </trkpt>
            <trkpt lat="47.6651812" lon="13.664078">
                <ele>1189.3</ele>
                <time>2023-05-21T14:10:27.000Z</time>
                <name>Position 371</name>
            </trkpt>
            <trkpt lat="47.6652427" lon="13.6639419">
                <ele>1188.7</ele>
                <time>2023-05-21T14:10:32.000Z</time>
                <name>Position 372</name>
            </trkpt>
            <trkpt lat="47.6653034" lon="13.6638227">
                <ele>1188.3</ele>
                <time>2023-05-21T14:10:36.000Z</time>
                <name>Position 373</name>
            </trkpt>
            <trkpt lat="47.6653461" lon="13.6637008">
                <ele>1186.9</ele>
                <time>2023-05-21T14:10:40.000Z</time>
                <name>Position 374</name>
            </trkpt>
            <trkpt lat="47.6653973" lon="13.6635526">
                <ele>1185.9</ele>
                <time>2023-05-21T14:10:44.000Z</time>
                <name>Position 375</name>
            </trkpt>
            <trkpt lat="47.6654458" lon="13.6634176">
                <ele>1185.7</ele>
                <time>2023-05-21T14:10:48.000Z</time>
                <name>Position 376</name>
            </trkpt>
            <trkpt lat="47.6654944" lon="13.6632748">
                <ele>1185.7</ele>
                <time>2023-05-21T14:10:52.000Z</time>
                <name>Position 377</name>
            </trkpt>
            <trkpt lat="47.6655433" lon="13.6631162">
                <ele>1185.4</ele>
                <time>2023-05-21T14:10:56.000Z</time>
                <name>Position 378</name>
            </trkpt>
            <trkpt lat="47.6655843" lon="13.6629595">
                <ele>1184.7</ele>
                <time>2023-05-21T14:11:00.000Z</time>
                <name>Position 379</name>
            </trkpt>
            <trkpt lat="47.6656279" lon="13.6628092">
                <ele>1184.1</ele>
                <time>2023-05-21T14:11:03.000Z</time>
                <name>Position 380</name>
            </trkpt>
            <trkpt lat="47.6656899" lon="13.6626661">
                <ele>1183.3</ele>
                <time>2023-05-21T14:11:07.000Z</time>
                <name>Position 381</name>
            </trkpt>
            <trkpt lat="47.6657422" lon="13.6625123">
                <ele>1182.1</ele>
                <time>2023-05-21T14:11:11.000Z</time>
                <name>Position 382</name>
            </trkpt>
            <trkpt lat="47.6657605" lon="13.6623635">
                <ele>1182.1</ele>
                <time>2023-05-21T14:11:13.000Z</time>
                <name>Position 383</name>
            </trkpt>
            <trkpt lat="47.665794" lon="13.6622173">
                <ele>1180.9</ele>
                <time>2023-05-21T14:11:16.000Z</time>
                <name>Position 384</name>
            </trkpt>
            <trkpt lat="47.6658293" lon="13.6620662">
                <ele>1179.2</ele>
                <time>2023-05-21T14:11:19.000Z</time>
                <name>Position 385</name>
            </trkpt>
            <trkpt lat="47.6658791" lon="13.6619335">
                <ele>1177.4</ele>
                <time>2023-05-21T14:11:23.000Z</time>
                <name>Position 386</name>
            </trkpt>
            <trkpt lat="47.6659117" lon="13.6616866">
                <ele>1176.9</ele>
                <time>2023-05-21T14:11:26.000Z</time>
                <name>Position 387</name>
            </trkpt>
            <trkpt lat="47.665937" lon="13.6615537">
                <ele>1176.7</ele>
                <time>2023-05-21T14:11:28.000Z</time>
                <name>Position 388</name>
            </trkpt>
            <trkpt lat="47.665978" lon="13.6613983">
                <ele>1175.1</ele>
                <time>2023-05-21T14:11:33.000Z</time>
                <name>Position 389</name>
            </trkpt>
            <trkpt lat="47.666024" lon="13.6612465">
                <ele>1174.9</ele>
                <time>2023-05-21T14:11:36.000Z</time>
                <name>Position 390</name>
            </trkpt>
            <trkpt lat="47.6660489" lon="13.6610829">
                <ele>1174.6</ele>
                <time>2023-05-21T14:11:39.000Z</time>
                <name>Position 391</name>
            </trkpt>
            <trkpt lat="47.6660835" lon="13.6609432">
                <ele>1173.9</ele>
                <time>2023-05-21T14:11:42.000Z</time>
                <name>Position 392</name>
            </trkpt>
            <trkpt lat="47.6661328" lon="13.6607903">
                <ele>1172.8</ele>
                <time>2023-05-21T14:11:46.000Z</time>
                <name>Position 393</name>
            </trkpt>
            <trkpt lat="47.6661824" lon="13.6606038">
                <ele>1171.8</ele>
                <time>2023-05-21T14:11:49.000Z</time>
                <name>Position 394</name>
            </trkpt>
            <trkpt lat="47.6662152" lon="13.6604341">
                <ele>1170.4</ele>
                <time>2023-05-21T14:11:52.000Z</time>
                <name>Position 395</name>
            </trkpt>
            <trkpt lat="47.6662318" lon="13.6602885">
                <ele>1168.9</ele>
                <time>2023-05-21T14:11:55.000Z</time>
                <name>Position 396</name>
            </trkpt>
            <trkpt lat="47.6662633" lon="13.6601284">
                <ele>1166.3</ele>
                <time>2023-05-21T14:11:59.000Z</time>
                <name>Position 397</name>
            </trkpt>
            <trkpt lat="47.6663152" lon="13.6600188">
                <ele>1164.2</ele>
                <time>2023-05-21T14:12:02.000Z</time>
                <name>Position 398</name>
            </trkpt>
            <trkpt lat="47.6663578" lon="13.6598651">
                <ele>1160.7</ele>
                <time>2023-05-21T14:12:06.000Z</time>
                <name>Position 399</name>
            </trkpt>
            <trkpt lat="47.6663991" lon="13.6597411">
                <ele>1158.8</ele>
                <time>2023-05-21T14:12:10.000Z</time>
                <name>Position 400</name>
            </trkpt>
            <trkpt lat="47.6664259" lon="13.6595991">
                <ele>1155.9</ele>
                <time>2023-05-21T14:12:14.000Z</time>
                <name>Position 401</name>
            </trkpt>
            <trkpt lat="47.6664605" lon="13.6594758">
                <ele>1153.5</ele>
                <time>2023-05-21T14:12:18.000Z</time>
                <name>Position 402</name>
            </trkpt>
            <trkpt lat="47.6664921" lon="13.6593422">
                <ele>1150.9</ele>
                <time>2023-05-21T14:12:22.000Z</time>
                <name>Position 403</name>
            </trkpt>
            <trkpt lat="47.6664704" lon="13.6591854">
                <ele>1147.9</ele>
                <time>2023-05-21T14:12:26.000Z</time>
                <name>Position 404</name>
            </trkpt>
            <trkpt lat="47.6664469" lon="13.6590551">
                <ele>1146.1</ele>
                <time>2023-05-21T14:12:28.000Z</time>
                <name>Position 405</name>
            </trkpt>
            <trkpt lat="47.6664105" lon="13.6589061">
                <ele>1142.3</ele>
                <time>2023-05-21T14:12:32.000Z</time>
                <name>Position 406</name>
            </trkpt>
            <trkpt lat="47.6663479" lon="13.6587885">
                <ele>1140.2</ele>
                <time>2023-05-21T14:12:35.000Z</time>
                <name>Position 407</name>
            </trkpt>
            <trkpt lat="47.6662759" lon="13.6586959">
                <ele>1136.2</ele>
                <time>2023-05-21T14:12:40.000Z</time>
                <name>Position 408</name>
            </trkpt>
            <trkpt lat="47.6661904" lon="13.6585337">
                <ele>1134.5</ele>
                <time>2023-05-21T14:12:42.000Z</time>
                <name>Position 409</name>
            </trkpt>
            <trkpt lat="47.6660987" lon="13.6584584">
                <ele>1131.9</ele>
                <time>2023-05-21T14:12:46.000Z</time>
                <name>Position 410</name>
            </trkpt>
            <trkpt lat="47.6660201" lon="13.6582794">
                <ele>1129.8</ele>
                <time>2023-05-21T14:12:49.000Z</time>
                <name>Position 411</name>
            </trkpt>
            <trkpt lat="47.6659915" lon="13.658102">
                <ele>1125.6</ele>
                <time>2023-05-21T14:12:53.000Z</time>
                <name>Position 412</name>
            </trkpt>
            <trkpt lat="47.6659983" lon="13.657955">
                <ele>1122.9</ele>
                <time>2023-05-21T14:12:56.000Z</time>
                <name>Position 413</name>
            </trkpt>
            <trkpt lat="47.6660028" lon="13.6577501">
                <ele>1122.0</ele>
                <time>2023-05-21T14:12:57.000Z</time>
                <name>Position 414</name>
            </trkpt>
            <trkpt lat="47.6660176" lon="13.6574577">
                <ele>1119.3</ele>
                <time>2023-05-21T14:12:59.000Z</time>
                <name>Position 415</name>
            </trkpt>
            <trkpt lat="47.6660098" lon="13.6573193">
                <ele>1117.8</ele>
                <time>2023-05-21T14:13:00.000Z</time>
                <name>Position 416</name>
            </trkpt>
            <trkpt lat="47.6659823" lon="13.6571578">
                <ele>1116.7</ele>
                <time>2023-05-21T14:13:01.000Z</time>
                <name>Position 417</name>
            </trkpt>
            <trkpt lat="47.6659808" lon="13.6570117">
                <ele>1115.9</ele>
                <time>2023-05-21T14:13:02.000Z</time>
                <name>Position 418</name>
            </trkpt>
            <trkpt lat="47.6659758" lon="13.6567593">
                <ele>1114.4</ele>
                <time>2023-05-21T14:13:04.000Z</time>
                <name>Position 419</name>
            </trkpt>
            <trkpt lat="47.665975" lon="13.6565218">
                <ele>1113.4</ele>
                <time>2023-05-21T14:13:06.000Z</time>
                <name>Position 420</name>
            </trkpt>
            <trkpt lat="47.6659654" lon="13.6562863">
                <ele>1111.8</ele>
                <time>2023-05-21T14:13:08.000Z</time>
                <name>Position 421</name>
            </trkpt>
            <trkpt lat="47.6659236" lon="13.6560983">
                <ele>1110.1</ele>
                <time>2023-05-21T14:13:10.000Z</time>
                <name>Position 422</name>
            </trkpt>
            <trkpt lat="47.6658498" lon="13.6559378">
                <ele>1109.3</ele>
                <time>2023-05-21T14:13:12.000Z</time>
                <name>Position 423</name>
            </trkpt>
            <trkpt lat="47.6657081" lon="13.6558391">
                <ele>1109.4</ele>
                <time>2023-05-21T14:13:14.000Z</time>
                <name>Position 424</name>
            </trkpt>
            <trkpt lat="47.6655754" lon="13.6557208">
                <ele>1109.0</ele>
                <time>2023-05-21T14:13:16.000Z</time>
                <name>Position 425</name>
            </trkpt>
            <trkpt lat="47.6654583" lon="13.6555582">
                <ele>1108.5</ele>
                <time>2023-05-21T14:13:18.000Z</time>
                <name>Position 426</name>
            </trkpt>
            <trkpt lat="47.665389" lon="13.6554488">
                <ele>1108.1</ele>
                <time>2023-05-21T14:13:19.000Z</time>
                <name>Position 427</name>
            </trkpt>
            <trkpt lat="47.6652892" lon="13.6552998">
                <ele>1108.3</ele>
                <time>2023-05-21T14:13:21.000Z</time>
                <name>Position 428</name>
            </trkpt>
            <trkpt lat="47.6651938" lon="13.6551543">
                <ele>1107.1</ele>
                <time>2023-05-21T14:13:23.000Z</time>
                <name>Position 429</name>
            </trkpt>
            <trkpt lat="47.665109" lon="13.654995">
                <ele>1107.1</ele>
                <time>2023-05-21T14:13:25.000Z</time>
                <name>Position 430</name>
            </trkpt>
            <trkpt lat="47.6650403" lon="13.6548663">
                <ele>1107.6</ele>
                <time>2023-05-21T14:13:27.000Z</time>
                <name>Position 431</name>
            </trkpt>
            <trkpt lat="47.6649789" lon="13.6547616">
                <ele>1107.4</ele>
                <time>2023-05-21T14:13:29.000Z</time>
                <name>Position 432</name>
            </trkpt>
            <trkpt lat="47.6649185" lon="13.654632">
                <ele>1107.1</ele>
                <time>2023-05-21T14:13:31.000Z</time>
                <name>Position 433</name>
            </trkpt>
            <trkpt lat="47.6648628" lon="13.6545079">
                <ele>1107.5</ele>
                <time>2023-05-21T14:13:33.000Z</time>
                <name>Position 434</name>
            </trkpt>
            <trkpt lat="47.6648231" lon="13.6543778">
                <ele>1107.3</ele>
                <time>2023-05-21T14:13:35.000Z</time>
                <name>Position 435</name>
            </trkpt>
            <trkpt lat="47.6648455" lon="13.654159">
                <ele>1105.7</ele>
                <time>2023-05-21T14:13:39.000Z</time>
                <name>Position 436</name>
            </trkpt>
            <trkpt lat="47.6648994" lon="13.6539999">
                <ele>1104.5</ele>
                <time>2023-05-21T14:13:41.000Z</time>
                <name>Position 437</name>
            </trkpt>
            <trkpt lat="47.6649743" lon="13.6538369">
                <ele>1103.4</ele>
                <time>2023-05-21T14:13:43.000Z</time>
                <name>Position 438</name>
            </trkpt>
            <trkpt lat="47.6650714" lon="13.6536335">
                <ele>1102.6</ele>
                <time>2023-05-21T14:13:45.000Z</time>
                <name>Position 439</name>
            </trkpt>
            <trkpt lat="47.6651823" lon="13.6534303">
                <ele>1101.6</ele>
                <time>2023-05-21T14:13:47.000Z</time>
                <name>Position 440</name>
            </trkpt>
            <trkpt lat="47.6652456" lon="13.6533055">
                <ele>1101.4</ele>
                <time>2023-05-21T14:13:48.000Z</time>
                <name>Position 441</name>
            </trkpt>
            <trkpt lat="47.6653063" lon="13.6531993">
                <ele>1100.6</ele>
                <time>2023-05-21T14:13:49.000Z</time>
                <name>Position 442</name>
            </trkpt>
            <trkpt lat="47.6653654" lon="13.653093">
                <ele>1099.9</ele>
                <time>2023-05-21T14:13:50.000Z</time>
                <name>Position 443</name>
            </trkpt>
            <trkpt lat="47.6654201" lon="13.6529774">
                <ele>1099.7</ele>
                <time>2023-05-21T14:13:51.000Z</time>
                <name>Position 444</name>
            </trkpt>
            <trkpt lat="47.6655126" lon="13.6527842">
                <ele>1098.3</ele>
                <time>2023-05-21T14:13:53.000Z</time>
                <name>Position 445</name>
            </trkpt>
            <trkpt lat="47.6655664" lon="13.6526526">
                <ele>1097.6</ele>
                <time>2023-05-21T14:13:55.000Z</time>
                <name>Position 446</name>
            </trkpt>
            <trkpt lat="47.6655158" lon="13.6524563">
                <ele>1096.0</ele>
                <time>2023-05-21T14:13:58.000Z</time>
                <name>Position 447</name>
            </trkpt>
            <trkpt lat="47.6654189" lon="13.6523099">
                <ele>1095.3</ele>
                <time>2023-05-21T14:14:00.000Z</time>
                <name>Position 448</name>
            </trkpt>
            <trkpt lat="47.6652984" lon="13.6522041">
                <ele>1094.5</ele>
                <time>2023-05-21T14:14:02.000Z</time>
                <name>Position 449</name>
            </trkpt>
            <trkpt lat="47.6651516" lon="13.6521265">
                <ele>1093.5</ele>
                <time>2023-05-21T14:14:04.000Z</time>
                <name>Position 450</name>
            </trkpt>
            <trkpt lat="47.6650193" lon="13.6520249">
                <ele>1092.2</ele>
                <time>2023-05-21T14:14:06.000Z</time>
                <name>Position 451</name>
            </trkpt>
            <trkpt lat="47.6648719" lon="13.6519142">
                <ele>1091.2</ele>
                <time>2023-05-21T14:14:08.000Z</time>
                <name>Position 452</name>
            </trkpt>
            <trkpt lat="47.6647136" lon="13.6518145">
                <ele>1089.9</ele>
                <time>2023-05-21T14:14:10.000Z</time>
                <name>Position 453</name>
            </trkpt>
            <trkpt lat="47.6645674" lon="13.6517347">
                <ele>1089.2</ele>
                <time>2023-05-21T14:14:12.000Z</time>
                <name>Position 454</name>
            </trkpt>
            <trkpt lat="47.6644275" lon="13.6516457">
                <ele>1087.6</ele>
                <time>2023-05-21T14:14:14.000Z</time>
                <name>Position 455</name>
            </trkpt>
            <trkpt lat="47.664276" lon="13.651565">
                <ele>1087.1</ele>
                <time>2023-05-21T14:14:16.000Z</time>
                <name>Position 456</name>
            </trkpt>
            <trkpt lat="47.6641112" lon="13.6515635">
                <ele>1087.0</ele>
                <time>2023-05-21T14:14:18.000Z</time>
                <name>Position 457</name>
            </trkpt>
            <trkpt lat="47.6639472" lon="13.6515525">
                <ele>1085.6</ele>
                <time>2023-05-21T14:14:20.000Z</time>
                <name>Position 458</name>
            </trkpt>
            <trkpt lat="47.6637841" lon="13.6515169">
                <ele>1084.7</ele>
                <time>2023-05-21T14:14:22.000Z</time>
                <name>Position 459</name>
            </trkpt>
            <trkpt lat="47.6636137" lon="13.6514785">
                <ele>1083.5</ele>
                <time>2023-05-21T14:14:24.000Z</time>
                <name>Position 460</name>
            </trkpt>
            <trkpt lat="47.6634475" lon="13.6514456">
                <ele>1081.7</ele>
                <time>2023-05-21T14:14:26.000Z</time>
                <name>Position 461</name>
            </trkpt>
            <trkpt lat="47.6632972" lon="13.6514088">
                <ele>1081.2</ele>
                <time>2023-05-21T14:14:28.000Z</time>
                <name>Position 462</name>
            </trkpt>
            <trkpt lat="47.6631754" lon="13.651346">
                <ele>1080.1</ele>
                <time>2023-05-21T14:14:30.000Z</time>
                <name>Position 463</name>
            </trkpt>
            <trkpt lat="47.6630962" lon="13.6512008">
                <ele>1079.4</ele>
                <time>2023-05-21T14:14:32.000Z</time>
                <name>Position 464</name>
            </trkpt>
            <trkpt lat="47.6631088" lon="13.6509748">
                <ele>1077.9</ele>
                <time>2023-05-21T14:14:34.000Z</time>
                <name>Position 465</name>
            </trkpt>
            <trkpt lat="47.6631526" lon="13.6507365">
                <ele>1075.2</ele>
                <time>2023-05-21T14:14:36.000Z</time>
                <name>Position 466</name>
            </trkpt>
            <trkpt lat="47.6631924" lon="13.6504932">
                <ele>1072.4</ele>
                <time>2023-05-21T14:14:38.000Z</time>
                <name>Position 467</name>
            </trkpt>
            <trkpt lat="47.6632181" lon="13.650235">
                <ele>1070.6</ele>
                <time>2023-05-21T14:14:40.000Z</time>
                <name>Position 468</name>
            </trkpt>
            <trkpt lat="47.6632132" lon="13.6500926">
                <ele>1070.5</ele>
                <time>2023-05-21T14:14:41.000Z</time>
                <name>Position 469</name>
            </trkpt>
            <trkpt lat="47.6631915" lon="13.6499344">
                <ele>1070.0</ele>
                <time>2023-05-21T14:14:42.000Z</time>
                <name>Position 470</name>
            </trkpt>
            <trkpt lat="47.6631561" lon="13.6497643">
                <ele>1069.4</ele>
                <time>2023-05-21T14:14:43.000Z</time>
                <name>Position 471</name>
            </trkpt>
            <trkpt lat="47.663116" lon="13.6496198">
                <ele>1069.2</ele>
                <time>2023-05-21T14:14:44.000Z</time>
                <name>Position 472</name>
            </trkpt>
            <trkpt lat="47.6630843" lon="13.6494902">
                <ele>1069.0</ele>
                <time>2023-05-21T14:14:45.000Z</time>
                <name>Position 473</name>
            </trkpt>
            <trkpt lat="47.6630367" lon="13.6492516">
                <ele>1067.7</ele>
                <time>2023-05-21T14:14:47.000Z</time>
                <name>Position 474</name>
            </trkpt>
            <trkpt lat="47.6630099" lon="13.6489964">
                <ele>1066.9</ele>
                <time>2023-05-21T14:14:49.000Z</time>
                <name>Position 475</name>
            </trkpt>
            <trkpt lat="47.6630008" lon="13.6488611">
                <ele>1066.6</ele>
                <time>2023-05-21T14:14:50.000Z</time>
                <name>Position 476</name>
            </trkpt>
            <trkpt lat="47.6629819" lon="13.648635">
                <ele>1067.0</ele>
                <time>2023-05-21T14:14:52.000Z</time>
                <name>Position 477</name>
            </trkpt>
            <trkpt lat="47.6629517" lon="13.6484054">
                <ele>1067.1</ele>
                <time>2023-05-21T14:14:54.000Z</time>
                <name>Position 478</name>
            </trkpt>
            <trkpt lat="47.6629134" lon="13.6481941">
                <ele>1067.0</ele>
                <time>2023-05-21T14:14:56.000Z</time>
                <name>Position 479</name>
            </trkpt>
            <trkpt lat="47.6628615" lon="13.6479789">
                <ele>1067.0</ele>
                <time>2023-05-21T14:14:58.000Z</time>
                <name>Position 480</name>
            </trkpt>
            <trkpt lat="47.6627778" lon="13.6478296">
                <ele>1067.1</ele>
                <time>2023-05-21T14:15:00.000Z</time>
                <name>Position 481</name>
            </trkpt>
            <trkpt lat="47.6626972" lon="13.6477154">
                <ele>1068.1</ele>
                <time>2023-05-21T14:15:02.000Z</time>
                <name>Position 482</name>
            </trkpt>
            <trkpt lat="47.6626283" lon="13.6476283">
                <ele>1069.0</ele>
                <time>2023-05-21T14:15:04.000Z</time>
                <name>Position 483</name>
            </trkpt>
            <trkpt lat="47.6625424" lon="13.6475302">
                <ele>1069.9</ele>
                <time>2023-05-21T14:15:07.000Z</time>
                <name>Position 484</name>
            </trkpt>
            <trkpt lat="47.6625098" lon="13.6473919">
                <ele>1070.8</ele>
                <time>2023-05-21T14:15:11.000Z</time>
                <name>Position 485</name>
            </trkpt>
            <trkpt lat="47.6625327" lon="13.6472613">
                <ele>1071.2</ele>
                <time>2023-05-21T14:15:15.000Z</time>
                <name>Position 486</name>
            </trkpt>
            <trkpt lat="47.6625391" lon="13.6470976">
                <ele>1071.1</ele>
                <time>2023-05-21T14:15:19.000Z</time>
                <name>Position 487</name>
            </trkpt>
            <trkpt lat="47.6625901" lon="13.6469383">
                <ele>1069.8</ele>
                <time>2023-05-21T14:15:22.000Z</time>
                <name>Position 488</name>
            </trkpt>
            <trkpt lat="47.662634" lon="13.6467436">
                <ele>1068.7</ele>
                <time>2023-05-21T14:15:24.000Z</time>
                <name>Position 489</name>
            </trkpt>
            <trkpt lat="47.6626848" lon="13.6465505">
                <ele>1066.9</ele>
                <time>2023-05-21T14:15:26.000Z</time>
                <name>Position 490</name>
            </trkpt>
            <trkpt lat="47.6627183" lon="13.6463552">
                <ele>1065.5</ele>
                <time>2023-05-21T14:15:28.000Z</time>
                <name>Position 491</name>
            </trkpt>
            <trkpt lat="47.662703" lon="13.6461729">
                <ele>1064.3</ele>
                <time>2023-05-21T14:15:30.000Z</time>
                <name>Position 492</name>
            </trkpt>
            <trkpt lat="47.6626903" lon="13.6459968">
                <ele>1062.9</ele>
                <time>2023-05-21T14:15:32.000Z</time>
                <name>Position 493</name>
            </trkpt>
            <trkpt lat="47.6626947" lon="13.6457721">
                <ele>1061.4</ele>
                <time>2023-05-21T14:15:34.000Z</time>
                <name>Position 494</name>
            </trkpt>
            <trkpt lat="47.6627299" lon="13.6456189">
                <ele>1059.4</ele>
                <time>2023-05-21T14:15:36.000Z</time>
                <name>Position 495</name>
            </trkpt>
            <trkpt lat="47.6628326" lon="13.6454614">
                <ele>1057.9</ele>
                <time>2023-05-21T14:15:38.000Z</time>
                <name>Position 496</name>
            </trkpt>
            <trkpt lat="47.6629186" lon="13.645248">
                <ele>1055.7</ele>
                <time>2023-05-21T14:15:40.000Z</time>
                <name>Position 497</name>
            </trkpt>
            <trkpt lat="47.6629979" lon="13.6450317">
                <ele>1054.1</ele>
                <time>2023-05-21T14:15:42.000Z</time>
                <name>Position 498</name>
            </trkpt>
            <trkpt lat="47.6630696" lon="13.6448019">
                <ele>1052.9</ele>
                <time>2023-05-21T14:15:44.000Z</time>
                <name>Position 499</name>
            </trkpt>
            <trkpt lat="47.6631418" lon="13.6445688">
                <ele>1050.8</ele>
                <time>2023-05-21T14:15:46.000Z</time>
                <name>Position 500</name>
            </trkpt>
            <trkpt lat="47.6632187" lon="13.6443384">
                <ele>1049.0</ele>
                <time>2023-05-21T14:15:48.000Z</time>
                <name>Position 501</name>
            </trkpt>
            <trkpt lat="47.6632769" lon="13.6441218">
                <ele>1047.5</ele>
                <time>2023-05-21T14:15:50.000Z</time>
                <name>Position 502</name>
            </trkpt>
            <trkpt lat="47.6632645" lon="13.6442796">
                <ele>1048.1</ele>
                <time>2023-05-21T14:16:11.000Z</time>
                <name>Position 503</name>
            </trkpt>
            <trkpt lat="47.6633123" lon="13.6441207">
                <ele>1047.5</ele>
                <time>2023-05-21T14:17:28.000Z</time>
                <name>Position 504</name>
            </trkpt>
            <trkpt lat="47.6633567" lon="13.6439701">
                <ele>1046.7</ele>
                <time>2023-05-21T14:17:31.000Z</time>
                <name>Position 505</name>
            </trkpt>
            <trkpt lat="47.6634236" lon="13.6438131">
                <ele>1045.2</ele>
                <time>2023-05-21T14:17:34.000Z</time>
                <name>Position 506</name>
            </trkpt>
            <trkpt lat="47.6634902" lon="13.6437159">
                <ele>1043.8</ele>
                <time>2023-05-21T14:17:36.000Z</time>
                <name>Position 507</name>
            </trkpt>
            <trkpt lat="47.6635366" lon="13.6435806">
                <ele>1042.4</ele>
                <time>2023-05-21T14:17:38.000Z</time>
                <name>Position 508</name>
            </trkpt>
            <trkpt lat="47.6635771" lon="13.6434341">
                <ele>1041.8</ele>
                <time>2023-05-21T14:17:40.000Z</time>
                <name>Position 509</name>
            </trkpt>
            <trkpt lat="47.663637" lon="13.6432514">
                <ele>1041.4</ele>
                <time>2023-05-21T14:17:42.000Z</time>
                <name>Position 510</name>
            </trkpt>
            <trkpt lat="47.6636815" lon="13.6430934">
                <ele>1040.8</ele>
                <time>2023-05-21T14:17:44.000Z</time>
                <name>Position 511</name>
            </trkpt>
            <trkpt lat="47.6637344" lon="13.6429335">
                <ele>1040.6</ele>
                <time>2023-05-21T14:17:46.000Z</time>
                <name>Position 512</name>
            </trkpt>
            <trkpt lat="47.6636244" lon="13.6429021">
                <ele>1040.5</ele>
                <time>2023-05-21T14:17:51.000Z</time>
                <name>Position 513</name>
            </trkpt>
            <trkpt lat="47.6635452" lon="13.6429688">
                <ele>1041.5</ele>
                <time>2023-05-21T14:17:55.000Z</time>
                <name>Position 514</name>
            </trkpt>
            <trkpt lat="47.6634582" lon="13.6430599">
                <ele>1042.9</ele>
                <time>2023-05-21T14:18:00.000Z</time>
                <name>Position 515</name>
            </trkpt>
            <trkpt lat="47.6633856" lon="13.6431561">
                <ele>1043.7</ele>
                <time>2023-05-21T14:18:04.000Z</time>
                <name>Position 516</name>
            </trkpt>
            <trkpt lat="47.6633231" lon="13.6432573">
                <ele>1044.2</ele>
                <time>2023-05-21T14:18:08.000Z</time>
                <name>Position 517</name>
            </trkpt>
            <trkpt lat="47.6632456" lon="13.6433472">
                <ele>1045.4</ele>
                <time>2023-05-21T14:18:13.000Z</time>
                <name>Position 518</name>
            </trkpt>
            <trkpt lat="47.6631582" lon="13.6434493">
                <ele>1046.3</ele>
                <time>2023-05-21T14:18:18.000Z</time>
                <name>Position 519</name>
            </trkpt>
            <trkpt lat="47.6630814" lon="13.6435483">
                <ele>1047.6</ele>
                <time>2023-05-21T14:18:22.000Z</time>
                <name>Position 520</name>
            </trkpt>
            <trkpt lat="47.6629846" lon="13.6436986">
                <ele>1048.6</ele>
                <time>2023-05-21T14:18:48.000Z</time>
                <name>Position 521</name>
            </trkpt>
            <trkpt lat="47.6628883" lon="13.6437374">
                <ele>1049.2</ele>
                <time>2023-05-21T14:18:53.000Z</time>
                <name>Position 522</name>
            </trkpt>
            <trkpt lat="47.6627838" lon="13.6437682">
                <ele>1049.9</ele>
                <time>2023-05-21T14:18:57.000Z</time>
                <name>Position 523</name>
            </trkpt>
            <trkpt lat="47.6626866" lon="13.6437859">
                <ele>1050.7</ele>
                <time>2023-05-21T14:19:01.000Z</time>
                <name>Position 524</name>
            </trkpt>
            <trkpt lat="47.6625836" lon="13.6438159">
                <ele>1051.1</ele>
                <time>2023-05-21T14:19:05.000Z</time>
                <name>Position 525</name>
            </trkpt>
            <trkpt lat="47.6624767" lon="13.6438453">
                <ele>1051.8</ele>
                <time>2023-05-21T14:19:09.000Z</time>
                <name>Position 526</name>
            </trkpt>
            <trkpt lat="47.6623712" lon="13.6438605">
                <ele>1053.0</ele>
                <time>2023-05-21T14:19:13.000Z</time>
                <name>Position 527</name>
            </trkpt>
            <trkpt lat="47.6622573" lon="13.6438638">
                <ele>1054.0</ele>
                <time>2023-05-21T14:19:18.000Z</time>
                <name>Position 528</name>
            </trkpt>
            <trkpt lat="47.662157" lon="13.6438596">
                <ele>1055.0</ele>
                <time>2023-05-21T14:19:23.000Z</time>
                <name>Position 529</name>
            </trkpt>
            <trkpt lat="47.6620634" lon="13.6438759">
                <ele>1055.4</ele>
                <time>2023-05-21T14:19:28.000Z</time>
                <name>Position 530</name>
            </trkpt>
            <trkpt lat="47.6619515" lon="13.6438603">
                <ele>1056.5</ele>
                <time>2023-05-21T14:19:34.000Z</time>
                <name>Position 531</name>
            </trkpt>
            <trkpt lat="47.6618521" lon="13.6438377">
                <ele>1056.6</ele>
                <time>2023-05-21T14:19:39.000Z</time>
                <name>Position 532</name>
            </trkpt>
            <trkpt lat="47.6617478" lon="13.6437695">
                <ele>1056.4</ele>
                <time>2023-05-21T14:19:44.000Z</time>
                <name>Position 533</name>
            </trkpt>
            <trkpt lat="47.6616501" lon="13.6437177">
                <ele>1056.3</ele>
                <time>2023-05-21T14:19:47.000Z</time>
                <name>Position 534</name>
            </trkpt>
            <trkpt lat="47.6615297" lon="13.6436722">
                <ele>1055.5</ele>
                <time>2023-05-21T14:19:50.000Z</time>
                <name>Position 535</name>
            </trkpt>
            <trkpt lat="47.6614238" lon="13.6436803">
                <ele>1055.3</ele>
                <time>2023-05-21T14:19:52.000Z</time>
                <name>Position 536</name>
            </trkpt>
            <trkpt lat="47.6613183" lon="13.6436973">
                <ele>1054.7</ele>
                <time>2023-05-21T14:19:54.000Z</time>
                <name>Position 537</name>
            </trkpt>
            <trkpt lat="47.6611937" lon="13.6437294">
                <ele>1053.9</ele>
                <time>2023-05-21T14:19:56.000Z</time>
                <name>Position 538</name>
            </trkpt>
            <trkpt lat="47.6610566" lon="13.6437676">
                <ele>1053.3</ele>
                <time>2023-05-21T14:19:58.000Z</time>
                <name>Position 539</name>
            </trkpt>
            <trkpt lat="47.6609203" lon="13.6438101">
                <ele>1052.6</ele>
                <time>2023-05-21T14:20:00.000Z</time>
                <name>Position 540</name>
            </trkpt>
            <trkpt lat="47.6607923" lon="13.6438573">
                <ele>1051.8</ele>
                <time>2023-05-21T14:20:02.000Z</time>
                <name>Position 541</name>
            </trkpt>
            <trkpt lat="47.6606532" lon="13.6438853">
                <ele>1051.1</ele>
                <time>2023-05-21T14:20:04.000Z</time>
                <name>Position 542</name>
            </trkpt>
            <trkpt lat="47.6604971" lon="13.6438453">
                <ele>1050.1</ele>
                <time>2023-05-21T14:20:06.000Z</time>
                <name>Position 543</name>
            </trkpt>
            <trkpt lat="47.6603565" lon="13.6437951">
                <ele>1048.8</ele>
                <time>2023-05-21T14:20:08.000Z</time>
                <name>Position 544</name>
            </trkpt>
            <trkpt lat="47.6602658" lon="13.6437913">
                <ele>1048.4</ele>
                <time>2023-05-21T14:20:09.000Z</time>
                <name>Position 545</name>
            </trkpt>
            <trkpt lat="47.6601118" lon="13.6438009">
                <ele>1048.2</ele>
                <time>2023-05-21T14:20:11.000Z</time>
                <name>Position 546</name>
            </trkpt>
            <trkpt lat="47.6599708" lon="13.6438306">
                <ele>1049.0</ele>
                <time>2023-05-21T14:20:13.000Z</time>
                <name>Position 547</name>
            </trkpt>
            <trkpt lat="47.6598436" lon="13.6438849">
                <ele>1049.2</ele>
                <time>2023-05-21T14:20:15.000Z</time>
                <name>Position 548</name>
            </trkpt>
            <trkpt lat="47.6597472" lon="13.6439761">
                <ele>1049.1</ele>
                <time>2023-05-21T14:20:17.000Z</time>
                <name>Position 549</name>
            </trkpt>
            <trkpt lat="47.6596501" lon="13.6440759">
                <ele>1048.2</ele>
                <time>2023-05-21T14:20:19.000Z</time>
                <name>Position 550</name>
            </trkpt>
            <trkpt lat="47.6595175" lon="13.6441982">
                <ele>1047.2</ele>
                <time>2023-05-21T14:20:21.000Z</time>
                <name>Position 551</name>
            </trkpt>
            <trkpt lat="47.659386" lon="13.6443146">
                <ele>1045.9</ele>
                <time>2023-05-21T14:20:23.000Z</time>
                <name>Position 552</name>
            </trkpt>
            <trkpt lat="47.6592968" lon="13.6443783">
                <ele>1045.1</ele>
                <time>2023-05-21T14:20:24.000Z</time>
                <name>Position 553</name>
            </trkpt>
            <trkpt lat="47.6592128" lon="13.6444307">
                <ele>1044.1</ele>
                <time>2023-05-21T14:20:25.000Z</time>
                <name>Position 554</name>
            </trkpt>
            <trkpt lat="47.6590483" lon="13.6445107">
                <ele>1043.1</ele>
                <time>2023-05-21T14:20:28.000Z</time>
                <name>Position 555</name>
            </trkpt>
            <trkpt lat="47.6589432" lon="13.6445167">
                <ele>1040.9</ele>
                <time>2023-05-21T14:20:29.000Z</time>
                <name>Position 556</name>
            </trkpt>
            <trkpt lat="47.6588502" lon="13.6445188">
                <ele>1039.5</ele>
                <time>2023-05-21T14:20:30.000Z</time>
                <name>Position 557</name>
            </trkpt>
            <trkpt lat="47.65868" lon="13.644488">
                <ele>1036.3</ele>
                <time>2023-05-21T14:20:32.000Z</time>
                <name>Position 558</name>
            </trkpt>
            <trkpt lat="47.6585152" lon="13.6444084">
                <ele>1034.4</ele>
                <time>2023-05-21T14:20:34.000Z</time>
                <name>Position 559</name>
            </trkpt>
            <trkpt lat="47.6583768" lon="13.6443275">
                <ele>1032.2</ele>
                <time>2023-05-21T14:20:36.000Z</time>
                <name>Position 560</name>
            </trkpt>
            <trkpt lat="47.6582554" lon="13.6442424">
                <ele>1030.8</ele>
                <time>2023-05-21T14:20:38.000Z</time>
                <name>Position 561</name>
            </trkpt>
            <trkpt lat="47.6580876" lon="13.6442316">
                <ele>1029.5</ele>
                <time>2023-05-21T14:20:40.000Z</time>
                <name>Position 562</name>
            </trkpt>
            <trkpt lat="47.657933" lon="13.6441914">
                <ele>1028.0</ele>
                <time>2023-05-21T14:20:42.000Z</time>
                <name>Position 563</name>
            </trkpt>
            <trkpt lat="47.657808" lon="13.6441154">
                <ele>1026.1</ele>
                <time>2023-05-21T14:20:44.000Z</time>
                <name>Position 564</name>
            </trkpt>
            <trkpt lat="47.6577184" lon="13.6440307">
                <ele>1024.5</ele>
                <time>2023-05-21T14:20:46.000Z</time>
                <name>Position 565</name>
            </trkpt>
            <trkpt lat="47.6576402" lon="13.6438992">
                <ele>1022.6</ele>
                <time>2023-05-21T14:20:48.000Z</time>
                <name>Position 566</name>
            </trkpt>
            <trkpt lat="47.6575549" lon="13.6437312">
                <ele>1020.6</ele>
                <time>2023-05-21T14:20:50.000Z</time>
                <name>Position 567</name>
            </trkpt>
            <trkpt lat="47.6574532" lon="13.6435924">
                <ele>1018.6</ele>
                <time>2023-05-21T14:20:52.000Z</time>
                <name>Position 568</name>
            </trkpt>
            <trkpt lat="47.6573127" lon="13.6434729">
                <ele>1016.8</ele>
                <time>2023-05-21T14:20:54.000Z</time>
                <name>Position 569</name>
            </trkpt>
            <trkpt lat="47.6571765" lon="13.6433927">
                <ele>1014.7</ele>
                <time>2023-05-21T14:20:56.000Z</time>
                <name>Position 570</name>
            </trkpt>
            <trkpt lat="47.6570319" lon="13.6433181">
                <ele>1013.1</ele>
                <time>2023-05-21T14:20:58.000Z</time>
                <name>Position 571</name>
            </trkpt>
            <trkpt lat="47.6569535" lon="13.6431785">
                <ele>1011.5</ele>
                <time>2023-05-21T14:21:00.000Z</time>
                <name>Position 572</name>
            </trkpt>
            <trkpt lat="47.6569191" lon="13.6430103">
                <ele>1009.9</ele>
                <time>2023-05-21T14:21:02.000Z</time>
                <name>Position 573</name>
            </trkpt>
            <trkpt lat="47.6568782" lon="13.6428749">
                <ele>1008.8</ele>
                <time>2023-05-21T14:21:04.000Z</time>
                <name>Position 574</name>
            </trkpt>
            <trkpt lat="47.6567805" lon="13.6427338">
                <ele>1007.3</ele>
                <time>2023-05-21T14:21:06.000Z</time>
                <name>Position 575</name>
            </trkpt>
            <trkpt lat="47.6566473" lon="13.6427137">
                <ele>1005.8</ele>
                <time>2023-05-21T14:21:08.000Z</time>
                <name>Position 576</name>
            </trkpt>
            <trkpt lat="47.6565051" lon="13.6426727">
                <ele>1004.6</ele>
                <time>2023-05-21T14:21:10.000Z</time>
                <name>Position 577</name>
            </trkpt>
            <trkpt lat="47.6563949" lon="13.6425756">
                <ele>1002.8</ele>
                <time>2023-05-21T14:21:12.000Z</time>
                <name>Position 578</name>
            </trkpt>
            <trkpt lat="47.6562529" lon="13.6424389">
                <ele>1000.3</ele>
                <time>2023-05-21T14:21:14.000Z</time>
                <name>Position 579</name>
            </trkpt>
            <trkpt lat="47.6561323" lon="13.6422646">
                <ele>999.0</ele>
                <time>2023-05-21T14:21:16.000Z</time>
                <name>Position 580</name>
            </trkpt>
            <trkpt lat="47.6559942" lon="13.6421342">
                <ele>997.5</ele>
                <time>2023-05-21T14:21:18.000Z</time>
                <name>Position 581</name>
            </trkpt>
            <trkpt lat="47.6558761" lon="13.6420041">
                <ele>996.4</ele>
                <time>2023-05-21T14:21:20.000Z</time>
                <name>Position 582</name>
            </trkpt>
            <trkpt lat="47.6557783" lon="13.6418844">
                <ele>995.2</ele>
                <time>2023-05-21T14:21:22.000Z</time>
                <name>Position 583</name>
            </trkpt>
            <trkpt lat="47.6557084" lon="13.6417727">
                <ele>994.4</ele>
                <time>2023-05-21T14:21:24.000Z</time>
                <name>Position 584</name>
            </trkpt>
            <trkpt lat="47.6557096" lon="13.6415552">
                <ele>991.9</ele>
                <time>2023-05-21T14:21:27.000Z</time>
                <name>Position 585</name>
            </trkpt>
            <trkpt lat="47.6557747" lon="13.6414179">
                <ele>989.7</ele>
                <time>2023-05-21T14:21:30.000Z</time>
                <name>Position 586</name>
            </trkpt>
            <trkpt lat="47.6558114" lon="13.64126">
                <ele>988.2</ele>
                <time>2023-05-21T14:21:33.000Z</time>
                <name>Position 587</name>
            </trkpt>
            <trkpt lat="47.6557384" lon="13.6410498">
                <ele>986.3</ele>
                <time>2023-05-21T14:21:36.000Z</time>
                <name>Position 588</name>
            </trkpt>
            <trkpt lat="47.6555982" lon="13.6409887">
                <ele>984.5</ele>
                <time>2023-05-21T14:21:38.000Z</time>
                <name>Position 589</name>
            </trkpt>
            <trkpt lat="47.6554345" lon="13.640962">
                <ele>983.5</ele>
                <time>2023-05-21T14:21:40.000Z</time>
                <name>Position 590</name>
            </trkpt>
            <trkpt lat="47.6553446" lon="13.640901">
                <ele>983.3</ele>
                <time>2023-05-21T14:21:41.000Z</time>
                <name>Position 591</name>
            </trkpt>
            <trkpt lat="47.655261" lon="13.6408271">
                <ele>983.0</ele>
                <time>2023-05-21T14:21:42.000Z</time>
                <name>Position 592</name>
            </trkpt>
            <trkpt lat="47.6551578" lon="13.6407308">
                <ele>982.8</ele>
                <time>2023-05-21T14:21:44.000Z</time>
                <name>Position 593</name>
            </trkpt>
            <trkpt lat="47.6550804" lon="13.6405862">
                <ele>982.5</ele>
                <time>2023-05-21T14:21:46.000Z</time>
                <name>Position 594</name>
            </trkpt>
            <trkpt lat="47.655019" lon="13.6404378">
                <ele>982.5</ele>
                <time>2023-05-21T14:21:48.000Z</time>
                <name>Position 595</name>
            </trkpt>
            <trkpt lat="47.6549642" lon="13.6403283">
                <ele>982.1</ele>
                <time>2023-05-21T14:21:51.000Z</time>
                <name>Position 596</name>
            </trkpt>
            <trkpt lat="47.6549234" lon="13.640194">
                <ele>980.8</ele>
                <time>2023-05-21T14:21:58.000Z</time>
                <name>Position 597</name>
            </trkpt>
            <trkpt lat="47.654974" lon="13.6403708">
                <ele>977.9</ele>
                <time>2023-05-21T14:22:05.000Z</time>
                <name>Position 598</name>
            </trkpt>
            <trkpt lat="47.6549361" lon="13.6406119">
                <ele>976.9</ele>
                <time>2023-05-21T14:22:07.000Z</time>
                <name>Position 599</name>
            </trkpt>
            <trkpt lat="47.6548344" lon="13.6407538">
                <ele>975.7</ele>
                <time>2023-05-21T14:22:09.000Z</time>
                <name>Position 600</name>
            </trkpt>
            <trkpt lat="47.6547363" lon="13.640809">
                <ele>974.8</ele>
                <time>2023-05-21T14:22:11.000Z</time>
                <name>Position 601</name>
            </trkpt>
            <trkpt lat="47.6546422" lon="13.640765">
                <ele>973.9</ele>
                <time>2023-05-21T14:22:15.000Z</time>
                <name>Position 602</name>
            </trkpt>
            <trkpt lat="47.6546197" lon="13.6405846">
                <ele>971.6</ele>
                <time>2023-05-21T14:22:19.000Z</time>
                <name>Position 603</name>
            </trkpt>
            <trkpt lat="47.6546009" lon="13.6404494">
                <ele>970.5</ele>
                <time>2023-05-21T14:22:21.000Z</time>
                <name>Position 604</name>
            </trkpt>
            <trkpt lat="47.6545457" lon="13.6402479">
                <ele>969.6</ele>
                <time>2023-05-21T14:22:24.000Z</time>
                <name>Position 605</name>
            </trkpt>
            <trkpt lat="47.6544914" lon="13.6400382">
                <ele>969.3</ele>
                <time>2023-05-21T14:22:26.000Z</time>
                <name>Position 606</name>
            </trkpt>
            <trkpt lat="47.6544652" lon="13.6398457">
                <ele>969.6</ele>
                <time>2023-05-21T14:22:28.000Z</time>
                <name>Position 607</name>
            </trkpt>
            <trkpt lat="47.6544151" lon="13.6396639">
                <ele>969.9</ele>
                <time>2023-05-21T14:22:30.000Z</time>
                <name>Position 608</name>
            </trkpt>
            <trkpt lat="47.6543583" lon="13.6394882">
                <ele>970.1</ele>
                <time>2023-05-21T14:22:32.000Z</time>
                <name>Position 609</name>
            </trkpt>
            <trkpt lat="47.6542983" lon="13.6393188">
                <ele>969.8</ele>
                <time>2023-05-21T14:22:34.000Z</time>
                <name>Position 610</name>
            </trkpt>
            <trkpt lat="47.6542433" lon="13.6391717">
                <ele>968.9</ele>
                <time>2023-05-21T14:22:36.000Z</time>
                <name>Position 611</name>
            </trkpt>
            <trkpt lat="47.65415" lon="13.6392484">
                <ele>967.0</ele>
                <time>2023-05-21T14:22:39.000Z</time>
                <name>Position 612</name>
            </trkpt>
            <trkpt lat="47.6541189" lon="13.6394077">
                <ele>966.9</ele>
                <time>2023-05-21T14:22:42.000Z</time>
                <name>Position 613</name>
            </trkpt>
        </trkseg>
    </trk>
</gpx>
