<?xml version="1.0" encoding="UTF-8" standalone="yes"?>
<gpx xmlns="http://www.topografix.com/GPX/1/1" creator="alpenkarte.eu">
    <metadata>
        <name>schustersteig</name>
        <link href="alpenkarte.eu">
            <text>Route von alpenkarte.eu</text>
        </link>
        <bounds minlat="47.59380900000000025329427444376051425933837890625" minlon="13.0626189999999997581880961661227047443389892578125" maxlat="47.619675999999998339262674562633037567138671875" maxlon="13.0849770000000003022933015017770230770111083984375"/>
    </metadata>
    <trk>
        <name>schustersteig</name>
        <trkseg>
            <trkpt lat="47.619675999999998339262674562633037567138671875" lon="13.0847859999999993618757798685692250728607177734375">
                <ele>1541.857306880008081861888058483600616455078125</ele>
            </trkpt>
            <trkpt lat="47.61916699999999735837263870052993297576904296875" lon="13.0849740000000007711378202657215297222137451171875">
                <ele>1537.062712639974279227317310869693756103515625</ele>
            </trkpt>
            <trkpt lat="47.6190550000000030195224098861217498779296875" lon="13.0849770000000003022933015017770230770111083984375">
                <ele>1537.912609599969755436177365481853485107421875</ele>
            </trkpt>
            <trkpt lat="47.618819000000002006345312111079692840576171875" lon="13.0849189999999993005985743366181850433349609375">
                <ele>1540.926688959998273276141844689846038818359375</ele>
            </trkpt>
            <trkpt lat="47.61866599999999749570633866824209690093994140625" lon="13.084818999999999533656591665931046009063720703125">
                <ele>1543.832237440025664909626357257366180419921875</ele>
            </trkpt>
            <trkpt lat="47.61844700000000329964677803218364715576171875" lon="13.0845929999999999182591636781580746173858642578125">
                <ele>1548.80570655998553775134496390819549560546875</ele>
            </trkpt>
            <trkpt lat="47.6183539999999965175447869114577770233154296875" lon="13.08444300000000026784618967212736606597900390625">
                <ele>1551.446657920008874498307704925537109375</ele>
            </trkpt>
            <trkpt lat="47.61824800000000124100552056916058063507080078125" lon="13.084134999999999848796505830250680446624755859375">
                <ele>1554.957561600013150382437743246555328369140625</ele>
            </trkpt>
            <trkpt lat="47.61820900000000023055690689943730831146240234375" lon="13.083932000000000783757059252820909023284912109375">
                <ele>1556.26509695999584437231533229351043701171875</ele>
            </trkpt>
            <trkpt lat="47.61819100000000304362401948310434818267822265625" lon="13.08373100000000022191670723259449005126953125">
                <ele>1557.69094032004022665205411612987518310546875</ele>
            </trkpt>
            <trkpt lat="47.618234000000001060470822267234325408935546875" lon="13.0823540000000004823732524528168141841888427734375">
                <ele>1562.829729280027777349459938704967498779296875</ele>
            </trkpt>
            <trkpt lat="47.61816900000000174486558535136282444000244140625" lon="13.0819069999999992859329722705297172069549560546875">
                <ele>1560.23617984005295511451549828052520751953125</ele>
            </trkpt>
            <trkpt lat="47.61810799999999943565853754989802837371826171875" lon="13.08170199999999994133759173564612865447998046875">
                <ele>1557.750119679978752174065448343753814697265625</ele>
            </trkpt>
            <trkpt lat="47.61748300000000000409272615797817707061767578125" lon="13.08002499999999912461134954355657100677490234375">
                <ele>1531.256867999996529761119745671749114990234375</ele>
            </trkpt>
            <trkpt lat="47.61743100000000339377947966568171977996826171875" lon="13.0798579999999997625081959995441138744354248046875">
                <ele>1528.213964160048590201768092811107635498046875</ele>
            </trkpt>
            <trkpt lat="47.6173840000000012651071301661431789398193359375" lon="13.0794309999999995852704159915447235107421875">
                <ele>1522.1072236800000609946437180042266845703125</ele>
            </trkpt>
            <trkpt lat="47.6174079999999975143509800545871257781982421875" lon="13.0790880000000004912408257951028645038604736328125">
                <ele>1516.67405696002469994709827005863189697265625</ele>
            </trkpt>
            <trkpt lat="47.6174529999999975871105561964213848114013671875" lon="13.07891000000000047975845518521964550018310546875">
                <ele>1511.58559520003791476483456790447235107421875</ele>
            </trkpt>
            <trkpt lat="47.617513000000002421074896119534969329833984375" lon="13.078734000000000747832018532790243625640869140625">
                <ele>1506.2350985600569401867687702178955078125</ele>
            </trkpt>
            <trkpt lat="47.61764099999999899637259659357368946075439453125" lon="13.078495000000000203499439521692693233489990234375">
                <ele>1501.426325599988558678887784481048583984375</ele>
            </trkpt>
            <trkpt lat="47.61772500000000007958078640513122081756591796875" lon="13.0783830000000005355786925065331161022186279296875">
                <ele>1499.662124000015182900824584066867828369140625</ele>
            </trkpt>
            <trkpt lat="47.6176650000000023510438040830194950103759765625" lon="13.0783339999999999037072484497912228107452392578125">
                <ele>1497.290724800035832231515087187290191650390625</ele>
            </trkpt>
            <trkpt lat="47.617558999999999969077180139720439910888671875" lon="13.0783670000000000754880602471530437469482421875">
                <ele>1496.452219040000500172027386724948883056640625</ele>
            </trkpt>
            <trkpt lat="47.61745400000000216778062167577445507049560546875" lon="13.0782919999999993621031535440124571323394775390625">
                <ele>1494.193351679916077046073041856288909912109375</ele>
            </trkpt>
            <trkpt lat="47.61745400000000216778062167577445507049560546875" lon="13.0782919999999993621031535440124571323394775390625">
                <ele>1494.193351679916077046073041856288909912109375</ele>
            </trkpt>
            <trkpt lat="47.61743700000000245609044213779270648956298828125" lon="13.0782790000000002095248419209383428096771240234375">
                <ele>1494.172116479940314093255437910556793212890625</ele>
            </trkpt>
            <trkpt lat="47.61737699999999762212610221467912197113037109375" lon="13.07806599999999974670572555623948574066162109375">
                <ele>1487.818600320060568265034817159175872802734375</ele>
            </trkpt>
            <trkpt lat="47.6173890000000028521753847599029541015625" lon="13.077847999999999473175193998031318187713623046875">
                <ele>1479.237102719894437541370280086994171142578125</ele>
            </trkpt>
            <trkpt lat="47.6173500000000018417267710901796817779541015625" lon="13.0776690000000002100932761095464229583740234375">
                <ele>1473.703583999950978977722115814685821533203125</ele>
            </trkpt>
            <trkpt lat="47.6171140000000008285496733151376247406005859375" lon="13.077123000000000274667399935424327850341796875">
                <ele>1454.914773119995288652717135846614837646484375</ele>
            </trkpt>
            <trkpt lat="47.61691499999999876990841585211455821990966796875" lon="13.0770070000000000476347850053571164608001708984375">
                <ele>1452.919948800028805635520257055759429931640625</ele>
            </trkpt>
            <trkpt lat="47.61646700000000009822542779147624969482421875" lon="13.0770520000000001203943611471913754940032958984375">
                <ele>1458.036543360007954106549732387065887451171875</ele>
            </trkpt>
            <trkpt lat="47.61592799999999670035322196781635284423828125" lon="13.0771730000000001581383912707678973674774169921875">
                <ele>1455.653573759948585575330071151256561279296875</ele>
            </trkpt>
            <trkpt lat="47.61556800000000322370397043414413928985595703125" lon="13.07727799999999973579178913496434688568115234375">
                <ele>1450.5971046400873092352412641048431396484375</ele>
            </trkpt>
            <trkpt lat="47.61521499999999917918103164993226528167724609375" lon="13.0774080000000001433591023669578135013580322265625">
                <ele>1444.044035199977543015847913920879364013671875</ele>
            </trkpt>
            <trkpt lat="47.61486000000000018417267710901796817779541015625" lon="13.0776009999999995869757185573689639568328857421875">
                <ele>1438.006998399996291482239030301570892333984375</ele>
            </trkpt>
            <trkpt lat="47.61480999999999852434484637342393398284912109375" lon="13.0775900000000007139533408917486667633056640625">
                <ele>1436.59177599997065044590272009372711181640625</ele>
            </trkpt>
            <trkpt lat="47.61480999999999852434484637342393398284912109375" lon="13.0775900000000007139533408917486667633056640625">
                <ele>1436.59177599997065044590272009372711181640625</ele>
            </trkpt>
            <trkpt lat="47.6147390000000001464286469854414463043212890625" lon="13.0775740000000002538627086323685944080352783203125">
                <ele>1434.64888384000414589536376297473907470703125</ele>
            </trkpt>
            <trkpt lat="47.614632000000000289219315163791179656982421875" lon="13.0774390000000000355839802068658173084259033203125">
                <ele>1430.449452160004511824809014797210693359375</ele>
            </trkpt>
            <trkpt lat="47.61458900000000227237251237966120243072509765625" lon="13.077256999999999464989741682074964046478271484375">
                <ele>1426.5043081600242658169008791446685791015625</ele>
            </trkpt>
            <trkpt lat="47.61454400000000219961293623782694339752197265625" lon="13.0768020000000007030394044704735279083251953125">
                <ele>1418.635624960018276397022418677806854248046875</ele>
            </trkpt>
            <trkpt lat="47.61448599999999942156136967241764068603515625" lon="13.0766670000000004847606760449707508087158203125">
                <ele>1416.50475904000677473959513008594512939453125</ele>
            </trkpt>
            <trkpt lat="47.61428699999999736292011220939457416534423828125" lon="13.076409999999999200781530817039310932159423828125">
                <ele>1408.136198399982049522805027663707733154296875</ele>
            </trkpt>
            <trkpt lat="47.613956999999999197825673036277294158935546875" lon="13.0762119999999999464534994331188499927520751953125">
                <ele>1406.317859200015163878560997545719146728515625</ele>
            </trkpt>
            <trkpt lat="47.613889000000000351064954884350299835205078125" lon="13.076109999999999899955582804977893829345703125">
                <ele>1405.249551999991354023222811520099639892578125</ele>
            </trkpt>
            <trkpt lat="47.61383000000000009777068044058978557586669921875" lon="13.0759290000000003573177309590391814708709716796875">
                <ele>1402.657216000006656031473539769649505615234375</ele>
            </trkpt>
            <trkpt lat="47.61380199999999973670128383673727512359619140625" lon="13.075765000000000526370058651082217693328857421875">
                <ele>1400.5381312000172329135239124298095703125</ele>
            </trkpt>
            <trkpt lat="47.61368900000000081718098954297602176666259765625" lon="13.0754479999999997374970917007885873317718505859375">
                <ele>1400.747562879967745175235904753208160400390625</ele>
            </trkpt>
            <trkpt lat="47.6135340000000013560566003434360027313232421875" lon="13.075447000000000485897544422186911106109619140625">
                <ele>1406.7666419199531446793116629123687744140625</ele>
            </trkpt>
            <trkpt lat="47.6135179999999991196091286838054656982421875" lon="13.07526599999999916690285317599773406982421875">
                <ele>1406.184555520035019071656279265880584716796875</ele>
            </trkpt>
            <trkpt lat="47.61330199999999734927769168280065059661865234375" lon="13.075317999999999329929778468795120716094970703125">
                <ele>1415.277888640086302984855137765407562255859375</ele>
            </trkpt>
            <trkpt lat="47.613213000000001784428604878485202789306640625" lon="13.0753789999999998627799868700094521045684814453125">
                <ele>1418.084464479946973369806073606014251708984375</ele>
            </trkpt>
            <trkpt lat="47.612943999999998823113855905830860137939453125" lon="13.0752970000000008354845704161562025547027587890625">
                <ele>1427.06808832003252973663620650768280029296875</ele>
            </trkpt>
            <trkpt lat="47.612797000000000480213202536106109619140625" lon="13.0749919999999999475903678103350102901458740234375">
                <ele>1436.154321279982468695379793643951416015625</ele>
            </trkpt>
            <trkpt lat="47.6123910000000023501343093812465667724609375" lon="13.0740280000000002047499947366304695606231689453125">
                <ele>1473.417346559885118040256202220916748046875</ele>
            </trkpt>
            <trkpt lat="47.61210200000000014597389963455498218536376953125" lon="13.0735820000000000362661012331955134868621826171875">
                <ele>1496.020894079992331171524710953235626220703125</ele>
            </trkpt>
            <trkpt lat="47.6120939999999990277501638047397136688232421875" lon="13.0732219999999994541894920985214412212371826171875">
                <ele>1501.94326976006459517520852386951446533203125</ele>
            </trkpt>
            <trkpt lat="47.612065000000001191438059322535991668701171875" lon="13.072964999999999946567186270840466022491455078125">
                <ele>1505.14017199992713358369655907154083251953125</ele>
            </trkpt>
            <trkpt lat="47.61196100000000086538420873694121837615966796875" lon="13.0726220000000008525375960743986070156097412109375">
                <ele>1513.70392543994103107252158224582672119140625</ele>
            </trkpt>
            <trkpt lat="47.61194900000000274076228379271924495697021484375" lon="13.072295000000000442241798737086355686187744140625">
                <ele>1515.4548343998258133069612085819244384765625</ele>
            </trkpt>
            <trkpt lat="47.6119029999999980873326421715319156646728515625" lon="13.072269999999999612327883369289338588714599609375">
                <ele>1518.420420800124020388466306030750274658203125</ele>
            </trkpt>
            <trkpt lat="47.6118680000000011887095752172172069549560546875" lon="13.07239799999999974033926264382898807525634765625">
                <ele>1520.542315519925296030123718082904815673828125</ele>
            </trkpt>
            <trkpt lat="47.61175800000000180034476215951144695281982421875" lon="13.0724759999999999848796505830250680446624755859375">
                <ele>1527.591069439885131941991858184337615966796875</ele>
            </trkpt>
            <trkpt lat="47.61164800000000241197994910180568695068359375" lon="13.072646999999999906094672041945159435272216796875">
                <ele>1533.334983679885453966562636196613311767578125</ele>
            </trkpt>
            <trkpt lat="47.61160199999999775855030748061835765838623046875" lon="13.0724590000000002731894710450433194637298583984375">
                <ele>1536.782107520113868304179050028324127197265625</ele>
            </trkpt>
            <trkpt lat="47.61159599999999869623934500850737094879150390625" lon="13.0722439999999995308144207228906452655792236328125">
                <ele>1537.21790336006915822508744895458221435546875</ele>
            </trkpt>
            <trkpt lat="47.611502999999999019564711488783359527587890625" lon="13.072115000000000151203494169749319553375244140625">
                <ele>1542.293220800052722552209161221981048583984375</ele>
            </trkpt>
            <trkpt lat="47.6114630000000005338733899407088756561279296875" lon="13.0722439999999995308144207228906452655792236328125">
                <ele>1544.215278079973131752922199666500091552734375</ele>
            </trkpt>
            <trkpt lat="47.61137000000000085719875642098486423492431640625" lon="13.0723299999999991172217050916515290737152099609375">
                <ele>1548.887743999958047425025142729282379150390625</ele>
            </trkpt>
            <trkpt lat="47.6112839999999977180777932517230510711669921875" lon="13.072295000000000442241798737086355686187744140625">
                <ele>1553.46417920011799651547335088253021240234375</ele>
            </trkpt>
            <trkpt lat="47.61116200000000020509105524979531764984130859375" lon="13.0720720000000003579998519853688776493072509765625">
                <ele>1560.801416959987591326353140175342559814453125</ele>
            </trkpt>
            <trkpt lat="47.611074999999999590727384202182292938232421875" lon="13.07184099999999915553416940383613109588623046875">
                <ele>1566.68880800002762043732218444347381591796875</ele>
            </trkpt>
            <trkpt lat="47.611074999999999590727384202182292938232421875" lon="13.07184099999999915553416940383613109588623046875">
                <ele>1566.68880800002762043732218444347381591796875</ele>
            </trkpt>
            <trkpt lat="47.61099999999999710098563809879124164581298828125" lon="13.0718150000000008503775461576879024505615234375">
                <ele>1571.045600000158856346388347446918487548828125</ele>
            </trkpt>
            <trkpt lat="47.61097099999999926467353361658751964569091796875" lon="13.071685999999999694409780204296112060546875">
                <ele>1573.45419584004457647097297012805938720703125</ele>
            </trkpt>
            <trkpt lat="47.61097099999999926467353361658751964569091796875" lon="13.0714710000000007283915692823939025402069091796875">
                <ele>1573.921566880040927571826614439487457275390625</ele>
            </trkpt>
            <trkpt lat="47.6108899999999977126208250410854816436767578125" lon="13.07133400000000023055690689943730831146240234375">
                <ele>1578.71663680012852637446485459804534912109375</ele>
            </trkpt>
            <trkpt lat="47.610849999999999226929503493010997772216796875" lon="13.07118799999999936289896140806376934051513671875">
                <ele>1581.148864000044113709009252488613128662109375</ele>
            </trkpt>
            <trkpt lat="47.61077399999999926194504951126873493194580078125" lon="13.0710250000000005599076757789589464664459228515625">
                <ele>1585.47898400003896313137374818325042724609375</ele>
            </trkpt>
            <trkpt lat="47.61077999999999832425601198337972164154052734375" lon="13.07133400000000023055690689943730831146240234375">
                <ele>1584.997260800096455568564124405384063720703125</ele>
            </trkpt>
            <trkpt lat="47.6106070000000016761987353675067424774169921875" lon="13.0711279999999998580051396857015788555145263671875">
                <ele>1594.68953983990604683640412986278533935546875</ele>
            </trkpt>
            <trkpt lat="47.610601000000002613887772895395755767822265625" lon="13.0714629999999996101678334525786340236663818359375">
                <ele>1595.628751519842126072035171091556549072265625</ele>
            </trkpt>
            <trkpt lat="47.61050800000000293721313937567174434661865234375" lon="13.071600000000000108002495835535228252410888671875">
                <ele>1601.59971199981873724027536809444427490234375</ele>
            </trkpt>
            <trkpt lat="47.610456999999996696715243160724639892578125" lon="13.0717289999999994876134223886765539646148681640625">
                <ele>1604.36550160020897237700410187244415283203125</ele>
            </trkpt>
            <trkpt lat="47.61043699999999745386958238668739795684814453125" lon="13.0717359999999995778807715396396815776824951171875">
                <ele>1605.534150400161024663248099386692047119140625</ele>
            </trkpt>
            <trkpt lat="47.61041999999999774217940284870564937591552734375" lon="13.0717140000000000554791768081486225128173828125">
                <ele>1606.810336000138704548589885234832763671875</ele>
            </trkpt>
            <trkpt lat="47.6103930000000019617800717242062091827392578125" lon="13.0715740000000000264890331891365349292755126953125">
                <ele>1608.559177279879122579586692154407501220703125</ele>
            </trkpt>
            <trkpt lat="47.6103250000000031150193535722792148590087890625" lon="13.071484999999999132569428184069693088531494140625">
                <ele>1612.241179999807400236022658646106719970703125</ele>
            </trkpt>
            <trkpt lat="47.61023899999999997589839040301740169525146484375" lon="13.071324000000000609134076512418687343597412109375">
                <ele>1616.35818944000448027509264647960662841796875</ele>
            </trkpt>
            <trkpt lat="47.61020700000000260843080468475818634033203125" lon="13.07127799999999950841811369173228740692138671875">
                <ele>1617.894683839846265982487238943576812744140625</ele>
            </trkpt>
            <trkpt lat="47.61009899999999817055140738375484943389892578125" lon="13.07121000000000066165739553980529308319091796875">
                <ele>1623.524321600107896301778964698314666748046875</ele>
            </trkpt>
            <trkpt lat="47.6100789999999989277057466097176074981689453125" lon="13.07121599999999972396835801191627979278564453125">
                <ele>1624.705410560057543989387340843677520751953125</ele>
            </trkpt>
            <trkpt lat="47.61010399999999975761966197751462459564208984375" lon="13.07143800000000055661075748503208160400390625">
                <ele>1625.123406080018185093649663031101226806640625</ele>
            </trkpt>
            <trkpt lat="47.61003600000000091085894382558763027191162109375" lon="13.071391999999999455894794664345681667327880859375">
                <ele>1628.744948479940603647264651954174041748046875</ele>
            </trkpt>
            <trkpt lat="47.61003000000000184854798135347664356231689453125" lon="13.0714980000000000615045792073942720890045166015625">
                <ele>1630.074377599888293843832798302173614501953125</ele>
            </trkpt>
            <trkpt lat="47.61001399999999961210050969384610652923583984375" lon="13.0715249999999993946175891323946416378021240234375">
                <ele>1631.29210400001693415106274187564849853515625</ele>
            </trkpt>
            <trkpt lat="47.60971599999999881447365623898804187774658203125" lon="13.071664999999999423607732751406729221343994140625">
                <ele>1647.45339200005537350079976022243499755859375</ele>
            </trkpt>
            <trkpt lat="47.60972600000000198861016542650759220123291015625" lon="13.0716020000000003875584297929890453815460205078125">
                <ele>1646.232425599911266544950194656848907470703125</ele>
            </trkpt>
            <trkpt lat="47.60971200000000180807546712458133697509765625" lon="13.07149700000000080990503192879259586334228515625">
                <ele>1645.6889791999265071353875100612640380859375</ele>
            </trkpt>
            <trkpt lat="47.60966799999999921055859886109828948974609375" lon="13.071448000000000178033587872050702571868896484375">
                <ele>1647.2124992000435668160207569599151611328125</ele>
            </trkpt>
            <trkpt lat="47.60955799999999982219378580339252948760986328125" lon="13.0714009999999998257180777727626264095306396484375">
                <ele>1651.850542400009771881741471588611602783203125</ele>
            </trkpt>
            <trkpt lat="47.60950100000000162481228471733629703521728515625" lon="13.0713989999999995461621438153088092803955078125">
                <ele>1654.5195271999209580826573073863983154296875</ele>
            </trkpt>
            <trkpt lat="47.60949699999999751298673800192773342132568359375" lon="13.0715020000000006206164471223019063472747802734375">
                <ele>1656.070443200131421690457500517368316650390625</ele>
            </trkpt>
            <trkpt lat="47.609476999999998270141077227890491485595703125" lon="13.07153100000000023328539100475609302520751953125">
                <ele>1657.418333600090363688650541007518768310546875</ele>
            </trkpt>
            <trkpt lat="47.6094480000000004338289727456867694854736328125" lon="13.071462000000000358568286173976957798004150390625">
                <ele>1657.8801727999880313291214406490325927734375</ele>
            </trkpt>
            <trkpt lat="47.60940699999999736746758571825921535491943359375" lon="13.07142400000000037607605918310582637786865234375">
                <ele>1659.309910400133730945526622235774993896484375</ele>
            </trkpt>
            <trkpt lat="47.60938900000000018053469830192625522613525390625" lon="13.0714319999999997179429556126706302165985107421875">
                <ele>1660.2760543999911533319391310214996337890625</ele>
            </trkpt>
            <trkpt lat="47.60934400000000010777512216009199619293212890625" lon="13.0713989999999995461621438153088092803955078125">
                <ele>1661.941356799992036030744202435016632080078125</ele>
            </trkpt>
            <trkpt lat="47.609274999999996680344338528811931610107421875" lon="13.07140700000000066438587964512407779693603515625">
                <ele>1665.321740000170620987773872911930084228515625</ele>
            </trkpt>
            <trkpt lat="47.6091880000000031714080250822007656097412109375" lon="13.0714839999999998809698809054680168628692626953125">
                <ele>1670.62885759985010736272670328617095947265625</ele>
            </trkpt>
            <trkpt lat="47.6090429999999997789927874691784381866455078125" lon="13.071493000000000250793164013884961605072021484375">
                <ele>1676.2921875200145223061554133892059326171875</ele>
            </trkpt>
            <trkpt lat="47.6089740000000034569893614389002323150634765625" lon="13.0714500000000004575895218295045197010040283203125">
                <ele>1678.0375039998862121137790381908416748046875</ele>
            </trkpt>
            <trkpt lat="47.60890400000000255431586992926895618438720703125" lon="13.071476000000000539102984475903213024139404296875">
                <ele>1681.03505791991983642219565808773040771484375</ele>
            </trkpt>
            <trkpt lat="47.6086090000000012878444977104663848876953125" lon="13.0714330000000007458993422915227711200714111328125">
                <ele>1690.768050559972607516101561486721038818359375</ele>
            </trkpt>
            <trkpt lat="47.6084010000000006357367965392768383026123046875" lon="13.07144100000000008776623872108757495880126953125">
                <ele>1698.390711679981677661999128758907318115234375</ele>
            </trkpt>
            <trkpt lat="47.6082559999999972433215589262545108795166015625" lon="13.071493000000000250793164013884961605072021484375">
                <ele>1704.845683840105039053014479577541351318359375</ele>
            </trkpt>
            <trkpt lat="47.60819000000000045247361413203179836273193359375" lon="13.071493000000000250793164013884961605072021484375">
                <ele>1707.168841599992219926207326352596282958984375</ele>
            </trkpt>
            <trkpt lat="47.6081319999999976744220475666224956512451171875" lon="13.07144100000000008776623872108757495880126953125">
                <ele>1707.779397760084293622639961540699005126953125</ele>
            </trkpt>
            <trkpt lat="47.60801599999999922374627203680574893951416015625" lon="13.0714330000000007458993422915227711200714111328125">
                <ele>1711.56218944004967852379195392131805419921875</ele>
            </trkpt>
            <trkpt lat="47.6079500000000024328983272425830364227294921875" lon="13.0714699999999997004351826035417616367340087890625">
                <ele>1714.93551999990768308634869754314422607421875</ele>
            </trkpt>
            <trkpt lat="47.6076570000000032223397283814847469329833984375" lon="13.0713810000000005828724169987253844738006591796875">
                <ele>1722.23506815991140683763660490512847900390625</ele>
            </trkpt>
            <trkpt lat="47.60755300000000289628587779588997364044189453125" lon="13.071329999999999671445038984529674053192138671875">
                <ele>1724.017955199893549433909356594085693359375</ele>
            </trkpt>
            <trkpt lat="47.6074660000000022819222067482769489288330078125" lon="13.071191999999999922010829322971403598785400390625">
                <ele>1722.23451903991417566430754959583282470703125</ele>
            </trkpt>
            <trkpt lat="47.60722899999999668807504349388182163238525390625" lon="13.0711490000000001288071871385909616947174072265625">
                <ele>1729.52204272012795627233572304248809814453125</ele>
            </trkpt>
            <trkpt lat="47.6070959999999985257090884260833263397216796875" lon="13.07108099999999950568962958641350269317626953125">
                <ele>1732.200152320039705955423414707183837890625</ele>
            </trkpt>
            <trkpt lat="47.60687200000000274258127319626510143280029296875" lon="13.0708239999999999980673237587325274944305419921875">
                <ele>1732.2569612798952221055515110492706298828125</ele>
            </trkpt>
            <trkpt lat="47.60637200000000035515768104232847690582275390625" lon="13.0705439999999999400870365207083523273468017578125">
                <ele>1741.911389439983167903847061097621917724609375</ele>
            </trkpt>
            <trkpt lat="47.60637200000000035515768104232847690582275390625" lon="13.0705439999999999400870365207083523273468017578125">
                <ele>1741.911389439983167903847061097621917724609375</ele>
            </trkpt>
            <trkpt lat="47.6057890000000014651959645561873912811279296875" lon="13.0700559999999992299990481114946305751800537109375">
                <ele>1753.445247999876983158173970878124237060546875</ele>
            </trkpt>
            <trkpt lat="47.60559099999999688179741497151553630828857421875" lon="13.069810000000000371755959349684417247772216796875">
                <ele>1762.655824000273014462436549365520477294921875</ele>
            </trkpt>
            <trkpt lat="47.60551600000000149748302646912634372711181640625" lon="13.0697500000000008668621376273222267627716064453125">
                <ele>1767.27519999990590804372914135456085205078125</ele>
            </trkpt>
            <trkpt lat="47.6054529999999971323632053099572658538818359375" lon="13.069715999999999667124939151108264923095703125">
                <ele>1771.657811200238256787997670471668243408203125</ele>
            </trkpt>
            <trkpt lat="47.60543799999999947658579912967979907989501953125" lon="13.0697779999999994515746948309242725372314453125">
                <ele>1774.414201600037586104008369147777557373046875</ele>
            </trkpt>
            <trkpt lat="47.605400000000003046807250939309597015380859375" lon="13.0697559999999999291731000994332134723663330078125">
                <ele>1777.02255999975386657752096652984619140625</ele>
            </trkpt>
            <trkpt lat="47.60538100000000127920429804362356662750244140625" lon="13.0698039999999995330881574773229658603668212890625">
                <ele>1779.72146559989187153405509889125823974609375</ele>
            </trkpt>
            <trkpt lat="47.605186000000003332388587296009063720703125" lon="13.0696560000000001622311174287460744380950927734375">
                <ele>1792.655430399730676072067581117153167724609375</ele>
            </trkpt>
            <trkpt lat="47.60506500000000329464455717243254184722900390625" lon="13.06968200000000024374458007514476776123046875">
                <ele>1803.3303519997361945570446550846099853515625</ele>
            </trkpt>
            <trkpt lat="47.60493100000000055160853662528097629547119140625" lon="13.0696220000000007388507583527825772762298583984375">
                <ele>1812.33617823997747109388001263141632080078125</ele>
            </trkpt>
            <trkpt lat="47.60488000000000141653799801133573055267333984375" lon="13.0696220000000007388507583527825772762298583984375">
                <ele>1815.765875199916308702086098492145538330078125</ele>
            </trkpt>
            <trkpt lat="47.60487100000000282307155430316925048828125" lon="13.0691749999999995424104781704954802989959716796875">
                <ele>1812.725955999717598388087935745716094970703125</ele>
            </trkpt>
            <trkpt lat="47.60489700000000112822817754931747913360595703125" lon="13.0690469999999994143990988959558308124542236328125">
                <ele>1809.26381775988329536630772054195404052734375</ele>
            </trkpt>
            <trkpt lat="47.60489700000000112822817754931747913360595703125" lon="13.0688659999999998717612470500171184539794921875">
                <ele>1808.141241279877476699766702950000762939453125</ele>
            </trkpt>
            <trkpt lat="47.60487100000000282307155430316925048828125" lon="13.068746000000000861973603605292737483978271484375">
                <ele>1810.5372342396722160628996789455413818359375</ele>
            </trkpt>
            <trkpt lat="47.60488500000000300360625260509550571441650390625" lon="13.0686429999999997875193002982996404170989990234375">
                <ele>1808.262695199631480136304162442684173583984375</ele>
            </trkpt>
            <trkpt lat="47.6049610000000029685907065868377685546875" lon="13.06849700000000069621819420717656612396240234375">
                <ele>1797.411462879624423294444568455219268798828125</ele>
            </trkpt>
            <trkpt lat="47.6049780000000026802808861248195171356201171875" lon="13.0683260000000007750031727482564747333526611328125">
                <ele>1793.557317119637218638672493398189544677734375</ele>
            </trkpt>
            <trkpt lat="47.605041999999997415216057561337947845458984375" lon="13.0680929999999992929815562092699110507965087890625">
                <ele>1785.463416000300867381156422197818756103515625</ele>
            </trkpt>
            <trkpt lat="47.6050589999999971269062370993196964263916015625" lon="13.0679479999999994532799973967485129833221435546875">
                <ele>1783.0595520003489582450129091739654541015625</ele>
            </trkpt>
            <trkpt lat="47.60506500000000329464455717243254184722900390625" lon="13.067802000000000361978891305625438690185546875">
                <ele>1781.833079999605843113386072218418121337890625</ele>
            </trkpt>
            <trkpt lat="47.6050350000000008776623872108757495880126953125" lon="13.067284000000000787622411735355854034423828125">
                <ele>1789.8929087998740214970894157886505126953125</ele>
            </trkpt>
            <trkpt lat="47.60505500000000012050804798491299152374267578125" lon="13.0669260000000004851017365581355988979339599609375">
                <ele>1795.520313599984774555196054279804229736328125</ele>
            </trkpt>
            <trkpt lat="47.605086999999997487975633703172206878662109375" lon="13.0667449999999991661070453119464218616485595703125">
                <ele>1795.1705088003918717731721699237823486328125</ele>
            </trkpt>
            <trkpt lat="47.60513399999999961664798320271074771881103515625" lon="13.0666419999999998680095814052037894725799560546875">
                <ele>1790.524840320070552479592151939868927001953125</ele>
            </trkpt>
            <trkpt lat="47.6050970000000006621121428906917572021484375" lon="13.066416000000000252612153417430818080902099609375">
                <ele>1798.80578687991464903461746871471405029296875</ele>
            </trkpt>
            <trkpt lat="47.60495900000000091267793322913348674774169921875" lon="13.0663000000000000255795384873636066913604736328125">
                <ele>1819.2560639998991973698139190673828125</ele>
            </trkpt>
            <trkpt lat="47.60490300000000019053914002142846584320068359375" lon="13.0663649999999993411847754032351076602935791015625">
                <ele>1825.40322239999159137369133532047271728515625</ele>
            </trkpt>
            <trkpt lat="47.6048320000000018126229406334459781646728515625" lon="13.06635299999999944020601105876266956329345703125">
                <ele>1834.19456831979050548397935926914215087890625</ele>
            </trkpt>
            <trkpt lat="47.60479600000000033332980819977819919586181640625" lon="13.0663759999999999905639924691058695316314697265625">
                <ele>1838.51164031996813719160854816436767578125</ele>
            </trkpt>
            <trkpt lat="47.6047870000000017398633644916117191314697265625" lon="13.0664800000000003166178430547006428241729736328125">
                <ele>1839.27025919978541423915885388851165771484375</ele>
            </trkpt>
            <trkpt lat="47.60475199999999773581293993629515171051025390625" lon="13.0664549999999994867039276869036257266998291015625">
                <ele>1843.801507200298146926797926425933837890625</ele>
            </trkpt>
            <trkpt lat="47.60469499999999953843143885023891925811767578125" lon="13.0664719999999991983941072248853743076324462890625">
                <ele>1851.05767680006783848511986434459686279296875</ele>
            </trkpt>
            <trkpt lat="47.60462499999999863575794734060764312744140625" lon="13.0665659999999999030251274234615266323089599609375">
                <ele>1860.389280000189728525583632290363311767578125</ele>
            </trkpt>
            <trkpt lat="47.604567000000002963133738376200199127197265625" lon="13.0665580000000005611582309938967227935791015625">
                <ele>1868.000613119623039892758242785930633544921875</ele>
            </trkpt>
            <trkpt lat="47.60450900000000018508217181079089641571044921875" lon="13.066489000000000686441126163117587566375732421875">
                <ele>1874.994241919992191469646058976650238037109375</ele>
            </trkpt>
            <trkpt lat="47.60446900000000169939085026271641254425048828125" lon="13.066326000000000107093001133762300014495849609375">
                <ele>1878.302004479804281800170429050922393798828125</ele>
            </trkpt>
            <trkpt lat="47.6044509999999974070306052453815937042236328125" lon="13.066041999999999490000845980830490589141845703125">
                <ele>1877.0460326402817372581921517848968505859375</ele>
            </trkpt>
            <trkpt lat="47.604422999999997045961208641529083251953125" lon="13.065922000000000480213202536106109619140625">
                <ele>1878.463883520316585418186150491237640380859375</ele>
            </trkpt>
            <trkpt lat="47.60431200000000018235368770547211170196533203125" lon="13.065841999999999956116880639456212520599365234375">
                <ele>1888.35955967998825144604779779911041259765625</ele>
            </trkpt>
            <trkpt lat="47.6042690000000021655068849213421344757080078125" lon="13.0657890000000005414904080680571496486663818359375">
                <ele>1890.914668159812208614312112331390380859375</ele>
            </trkpt>
            <trkpt lat="47.6042369999999976926119416020810604095458984375" lon="13.0656909999999992777475199545733630657196044921875">
                <ele>1890.7391379202117605018429458141326904296875</ele>
            </trkpt>
            <trkpt lat="47.60424499999999881083567743189632892608642578125" lon="13.065580000000000637783159618265926837921142578125">
                <ele>1886.16569600014781826757825911045074462890625</ele>
            </trkpt>
            <trkpt lat="47.60411400000000270438249572180211544036865234375" lon="13.0655599999999996185806594439782202243804931640625">
                <ele>1900.32816639963448324124328792095184326171875</ele>
            </trkpt>
            <trkpt lat="47.6040449999999992769517120905220508575439453125" lon="13.06548000000000087084117694757878780364990234375">
                <ele>1906.953136000132190019940026104450225830078125</ele>
            </trkpt>
            <trkpt lat="47.6039779999999979054337018169462680816650390625" lon="13.065464999999999662350091966800391674041748046875">
                <ele>1915.4758192002782379859127104282379150390625</ele>
            </trkpt>
            <trkpt lat="47.60393599999999736382960691116750240325927734375" lon="13.065279000000000309000824927352368831634521484375">
                <ele>1915.42594624037747053080238401889801025390625</ele>
            </trkpt>
            <trkpt lat="47.60385000000000133013600134290754795074462890625" lon="13.065149999999999153033058973960578441619873046875">
                <ele>1923.384399999798233693582005798816680908203125</ele>
            </trkpt>
            <trkpt lat="47.60383999999999815599949215538799762725830078125" lon="13.0649899999999998811972545809112489223480224609375">
                <ele>1920.021184000261882829363457858562469482421875</ele>
            </trkpt>
            <trkpt lat="47.60369299999999981309883878566324710845947265625" lon="13.064814999999999400870365207083523273468017578125">
                <ele>1934.50406080001221198472194373607635498046875</ele>
            </trkpt>
            <trkpt lat="47.60364700000000226509655476547777652740478515625" lon="13.0648239999999997706936483155004680156707763671875">
                <ele>1941.2319827196834012283943593502044677734375</ele>
            </trkpt>
            <trkpt lat="47.6036069999999966739778756164014339447021484375" lon="13.0648920000000003938112058676779270172119140625">
                <ele>1949.22984256048630413715727627277374267578125</ele>
            </trkpt>
            <trkpt lat="47.6035600000000016507328837178647518157958984375" lon="13.0649010000000007636344889760948717594146728515625">
                <ele>1956.122454399803928026813082396984100341796875</ele>
            </trkpt>
            <trkpt lat="47.60350799999999793499227962456643581390380859375" lon="13.064944000000000556838131160475313663482666015625">
                <ele>1964.949940480316627144929952919483184814453125</ele>
            </trkpt>
            <trkpt lat="47.6034039999999976089384290389716625213623046875" lon="13.06523299999999920828486210666596889495849609375">
                <ele>1987.1041907203170922002755105495452880859375</ele>
            </trkpt>
            <trkpt lat="47.603352000000000998625182546675205230712890625" lon="13.0651840000000003527702574501745402812957763671875">
                <ele>1993.118913279877915556426160037517547607421875</ele>
            </trkpt>
            <trkpt lat="47.6031669999999991205186233855783939361572265625" lon="13.065141000000000559566615265794098377227783203125">
                <ele>2001.72283584003935175132937729358673095703125</ele>
            </trkpt>
            <trkpt lat="47.60315899999999800229488755576312541961669921875" lon="13.06500199999999978217601892538368701934814453125">
                <ele>2001.961416960121141528361476957798004150390625</ele>
            </trkpt>
            <trkpt lat="47.6031090000000034478944144211709499359130859375" lon="13.064927000000000845147951622493565082550048828125">
                <ele>2003.588569439790489923325367271900177001953125</ele>
            </trkpt>
            <trkpt lat="47.6030650000000008503775461576879024505615234375" lon="13.064702000000000481350070913322269916534423828125">
                <ele>2003.07779039993829428567551076412200927734375</ele>
            </trkpt>
            <trkpt lat="47.6030200000000007776179700158536434173583984375" lon="13.064640000000000696900315233506262302398681640625">
                <ele>2006.166623999941293732263147830963134765625</ele>
            </trkpt>
            <trkpt lat="47.602901000000002795786713249981403350830078125" lon="13.06430399999999991678123478777706623077392578125">
                <ele>2016.247000319676544677349738776683807373046875</ele>
            </trkpt>
            <trkpt lat="47.6028450000000020736479200422763824462890625" lon="13.0642359999999992936636772355996072292327880859375">
                <ele>2023.002153599751864021527580916881561279296875</ele>
            </trkpt>
            <trkpt lat="47.60282099999999871897671255283057689666748046875" lon="13.0641459999999991481445249519310891628265380859375">
                <ele>2025.5089174401373384171165525913238525390625</ele>
            </trkpt>
            <trkpt lat="47.602722999999997455233824439346790313720703125" lon="13.0641499999999997072563928668387234210968017578125">
                <ele>2038.267928000321262516081333160400390625</ele>
            </trkpt>
            <trkpt lat="47.60259899999999788633431307971477508544921875" lon="13.0641890000000007177050065365619957447052001953125">
                <ele>2054.2730788802555252914316952228546142578125</ele>
            </trkpt>
            <trkpt lat="47.60253999999999763304003863595426082611083984375" lon="13.0641130000000007527205525548197329044342041015625">
                <ele>2060.59119680033518307027406990528106689453125</ele>
            </trkpt>
            <trkpt lat="47.602496000000002140950527973473072052001953125" lon="13.063902999999999821056917426176369190216064453125">
                <ele>2059.2715615998267821851186454296112060546875</ele>
            </trkpt>
            <trkpt lat="47.60235899999999986675902619026601314544677734375" lon="13.063658000000000214413375942967832088470458984375">
                <ele>2063.59279040001865723752416670322418212890625</ele>
            </trkpt>
            <trkpt lat="47.60217099999999845749698579311370849609375" lon="13.0639400000000005519495971384458243846893310546875">
                <ele>2085.4863680001299144350923597812652587890625</ele>
            </trkpt>
            <trkpt lat="47.60211199999999820420271134935319423675537109375" lon="13.063770999999999133933670236729085445404052734375">
                <ele>2087.3860064001391947385855019092559814453125</ele>
            </trkpt>
            <trkpt lat="47.6020520000000004756657290272414684295654296875" lon="13.063734000000000179397829924710094928741455078125">
                <ele>2091.96085759996276465244591236114501953125</ele>
            </trkpt>
            <trkpt lat="47.6019050000000021327650756575167179107666015625" lon="13.0637150000000001881517164292745292186737060546875">
                <ele>2104.45963999981768211000598967075347900390625</ele>
            </trkpt>
            <trkpt lat="47.601866999999998597559169866144657135009765625" lon="13.0636069999999993029859979287721216678619384765625">
                <ele>2107.20882080012597725726664066314697265625</ele>
            </trkpt>
            <trkpt lat="47.601754999999997153281583450734615325927734375" lon="13.0636279999999995737880453816615045070648193359375">
                <ele>2117.44764800025905060465447604656219482421875</ele>
            </trkpt>
            <trkpt lat="47.601685000000003356035449542105197906494140625" lon="13.0633900000000000574118530494160950183868408203125">
                <ele>2124.448879999663404305465519428253173828125</ele>
            </trkpt>
            <trkpt lat="47.601100999999999885403667576611042022705078125" lon="13.0636530000000004037019607494585216045379638671875">
                <ele>2175.8945486399834408075548708438873291015625</ele>
            </trkpt>
            <trkpt lat="47.601100999999999885403667576611042022705078125" lon="13.0636530000000004037019607494585216045379638671875">
                <ele>2175.8945486399834408075548708438873291015625</ele>
            </trkpt>
            <trkpt lat="47.60094500000000294903657049871981143951416015625" lon="13.063779000000000252157406066544353961944580078125">
                <ele>2179.298066399756862665526568889617919921875</ele>
            </trkpt>
            <trkpt lat="47.6008640000000013969838619232177734375" lon="13.0637880000000006219806891749612987041473388671875">
                <ele>2184.57081215983862421126104891300201416015625</ele>
            </trkpt>
            <trkpt lat="47.60077700000000078262019087560474872589111328125" lon="13.06350499999999925648808130063116550445556640625">
                <ele>2217.91119120002213094267062842845916748046875</ele>
            </trkpt>
            <trkpt lat="47.600718999999998004568624310195446014404296875" lon="13.0635729999999998796056388528086245059967041015625">
                <ele>2215.6917854401608565240167081356048583984375</ele>
            </trkpt>
            <trkpt lat="47.60062099999999674082573619671165943145751953125" lon="13.063615999999999672809281037189066410064697265625">
                <ele>2218.947160320274633704684674739837646484375</ele>
            </trkpt>
            <trkpt lat="47.60062099999999674082573619671165943145751953125" lon="13.063418999999999670080796931870281696319580078125">
                <ele>2236.23282288024938679882325232028961181640625</ele>
            </trkpt>
            <trkpt lat="47.60054000000000229420038522221148014068603515625" lon="13.063427000000000788304532761685550212860107421875">
                <ele>2240.8802495997879304923117160797119140625</ele>
            </trkpt>
            <trkpt lat="47.60055700000000200589056476019322872161865234375" lon="13.0635300000000000864019966684281826019287109375">
                <ele>2230.97615519985856735729612410068511962890625</ele>
            </trkpt>
            <trkpt lat="47.6004989999999992278389981947839260101318359375" lon="13.06366799999999983583620632998645305633544921875">
                <ele>2223.58469184007890362408943474292755126953125</ele>
            </trkpt>
            <trkpt lat="47.60048199999999951614881865680217742919921875" lon="13.0634619999999994632844391162507236003875732421875">
                <ele>2241.828766080083369161002337932586669921875</ele>
            </trkpt>
            <trkpt lat="47.60053400000000323188942275010049343109130859375" lon="13.06315299999999979263520799577236175537109375">
                <ele>2245.2875279998197584063746035099029541015625</ele>
            </trkpt>
            <trkpt lat="47.60059799999999796682459418661892414093017578125" lon="13.0630240000000004130242814426310360431671142578125">
                <ele>2239.2233280001164530403912067413330078125</ele>
            </trkpt>
            <trkpt lat="47.6006670000000013942553778178989887237548828125" lon="13.0629720000000002499973561498336493968963623046875">
                <ele>2234.8131359999397318460978567600250244140625</ele>
            </trkpt>
            <trkpt lat="47.60061499999999767851477372460067272186279296875" lon="13.06286899999999917554305284284055233001708984375">
                <ele>2235.45954000009487572242505848407745361328125</ele>
            </trkpt>
            <trkpt lat="47.60055700000000200589056476019322872161865234375" lon="13.062931999999999987949195201508700847625732421875">
                <ele>2239.41633599990791481104679405689239501953125</ele>
            </trkpt>
            <trkpt lat="47.60055700000000200589056476019322872161865234375" lon="13.062931999999999987949195201508700847625732421875">
                <ele>2239.41633599990791481104679405689239501953125</ele>
            </trkpt>
            <trkpt lat="47.60052600000000211366568692028522491455078125" lon="13.0627420000000000754880602471530437469482421875">
                <ele>2236.74868799991827472695149481296539306640625</ele>
            </trkpt>
            <trkpt lat="47.60043900000000149930201587267220020294189453125" lon="13.0627259999999996153974279877729713916778564453125">
                <ele>2239.92549599993299125344492495059967041015625</ele>
            </trkpt>
            <trkpt lat="47.60038800000000236423147725872695446014404296875" lon="13.0627410000000008238885129685513675212860107421875">
                <ele>2242.3953119999287082464434206485748291015625</ele>
            </trkpt>
            <trkpt lat="47.60038800000000236423147725872695446014404296875" lon="13.062827999999999661895344615913927555084228515625">
                <ele>2244.7296959998902821098454296588897705078125</ele>
            </trkpt>
            <trkpt lat="47.60036699999999854071575100533664226531982421875" lon="13.062898000000000564568836125545203685760498046875">
                <ele>2247.58922400008805198012851178646087646484375</ele>
            </trkpt>
            <trkpt lat="47.60019299999999731198840891011059284210205078125" lon="13.062903999999999626879798597656190395355224609375">
                <ele>2255.92300800011753381113521754741668701171875</ele>
            </trkpt>
            <trkpt lat="47.59994300000000322370397043414413928985595703125" lon="13.062635000000000218278728425502777099609375">
                <ele>2255.51088479992586144362576305866241455078125</ele>
            </trkpt>
            <trkpt lat="47.59984800000000149111656355671584606170654296875" lon="13.0626189999999997581880961661227047443389892578125">
                <ele>2257.34188031995245182770304381847381591796875</ele>
            </trkpt>
            <trkpt lat="47.599704000000002679371391423046588897705078125" lon="13.0627259999999996153974279877729713916778564453125">
                <ele>2265.757981439912327914498746395111083984375</ele>
            </trkpt>
            <trkpt lat="47.5995089999999976271283230744302272796630859375" lon="13.0628240000000008791403161012567579746246337890625">
                <ele>2275.46688576010774340829811990261077880859375</ele>
            </trkpt>
            <trkpt lat="47.5994749999999982037479639984667301177978515625" lon="13.0628580000000003025206751772202551364898681640625">
                <ele>2277.96028800006615711026825010776519775390625</ele>
            </trkpt>
            <trkpt lat="47.59949000000000296495272777974605560302734375" lon="13.0629709999999992220409694709815084934234619140625">
                <ele>2282.6442143998801839188672602176666259765625</ele>
            </trkpt>
            <trkpt lat="47.59931999999999874262357479892671108245849609375" lon="13.0632339999999995683310771710239350795745849609375">
                <ele>2299.8955968000218490487895905971527099609375</ele>
            </trkpt>
            <trkpt lat="47.59919099999999758665580884553492069244384765625" lon="13.0634759999999996438191374181769788265228271484375">
                <ele>2307.283244160107642528600990772247314453125</ele>
            </trkpt>
            <trkpt lat="47.5990579999999994242898537777364253997802734375" lon="13.0636050000000007997869033715687692165374755859375">
                <ele>2310.27066400001558577059768140316009521484375</ele>
            </trkpt>
            <trkpt lat="47.598872000000000070940586738288402557373046875" lon="13.0637419999999995212647263542748987674713134765625">
                <ele>2316.37959039999623200856149196624755859375</ele>
            </trkpt>
            <trkpt lat="47.59829400000000276804712484590709209442138671875" lon="13.06382800000000088402885012328624725341796875">
                <ele>2337.8431884800511397770605981349945068359375</ele>
            </trkpt>
            <trkpt lat="47.59807399999999688589014112949371337890625" lon="13.063784999999999314468368538655340671539306640625">
                <ele>2334.13909759993475745432078838348388671875</ele>
            </trkpt>
            <trkpt lat="47.59807399999999688589014112949371337890625" lon="13.063784999999999314468368538655340671539306640625">
                <ele>2334.13909759993475745432078838348388671875</ele>
            </trkpt>
            <trkpt lat="47.59792900000000059890226111747324466705322265625" lon="13.0636989999999997280610841698944568634033203125">
                <ele>2327.62785343999212273047305643558502197265625</ele>
            </trkpt>
            <trkpt lat="47.597790000000003374225343577563762664794921875" lon="13.0638190000000005142055670148693025112152099609375">
                <ele>2333.6737664000602308078669011592864990234375</ele>
            </trkpt>
            <trkpt lat="47.59762099999999662713889847509562969207763671875" lon="13.0637439999999998008206603117287158966064453125">
                <ele>2326.479599359941857983358204364776611328125</ele>
            </trkpt>
            <trkpt lat="47.5976050000000014961187844164669513702392578125" lon="13.0638710000000006772324923076666891574859619140625">
                <ele>2336.40941120005982156726531684398651123046875</ele>
            </trkpt>
            <trkpt lat="47.5974829999999968777046888135373592376708984375" lon="13.06398300000000034515323932282626628875732421875">
                <ele>2346.46451552018288566614501178264617919921875</ele>
            </trkpt>
            <trkpt lat="47.59731500000000181671566679142415523529052734375" lon="13.06400000000000005684341886080801486968994140625">
                <ele>2356.0687999999163366737775504589080810546875</ele>
            </trkpt>
            <trkpt lat="47.59712499999999835154085303656756877899169921875" lon="13.0640780000000003013838068000040948390960693359375">
                <ele>2371.0925600000982740311883389949798583984375</ele>
            </trkpt>
            <trkpt lat="47.5970379999999977371771819889545440673828125" lon="13.0641890000000007177050065365619957447052001953125">
                <ele>2381.81207424011108741979114711284637451171875</ele>
            </trkpt>
            <trkpt lat="47.59691600000000022419044398702681064605712890625" lon="13.0642399999999998527755451505072414875030517578125">
                <ele>2388.17354879998720207368023693561553955078125</ele>
            </trkpt>
            <trkpt lat="47.5965920000000011214069672860205173492431640625" lon="13.0642230000000001410853656125254929065704345703125">
                <ele>2401.6592569599642956745810806751251220703125</ele>
            </trkpt>
            <trkpt lat="47.5963890000000020563675207085907459259033203125" lon="13.0641890000000007177050065365619957447052001953125">
                <ele>2407.7881297599478784832172095775604248046875</ele>
            </trkpt>
            <trkpt lat="47.59620400000000017826096154749393463134765625" lon="13.06419700000000005957190296612679958343505859375">
                <ele>2414.4582092799946622108109295368194580078125</ele>
            </trkpt>
            <trkpt lat="47.59608300000000014051693142391741275787353515625" lon="13.0642920000000000158024704433046281337738037109375">
                <ele>2421.37614015999497496522963047027587890625</ele>
            </trkpt>
            <trkpt lat="47.5957819999999998117345967330038547515869140625" lon="13.0646520000000005978790795779787003993988037109375">
                <ele>2440.13303424001560415490530431270599365234375</ele>
            </trkpt>
            <trkpt lat="47.5953650000000010322764865122735500335693359375" lon="13.0648920000000003938112058676779270172119140625">
                <ele>2446.02641280001671475474722683429718017578125</ele>
            </trkpt>
            <trkpt lat="47.5952199999999976398612488992512226104736328125" lon="13.06506399999999956662577460519969463348388671875">
                <ele>2450.05031040001131259487010538578033447265625</ele>
            </trkpt>
            <trkpt lat="47.5947340000000025383997126482427120208740234375" lon="13.065476000000000311729309032671153545379638671875">
                <ele>2462.9557785600072747911326587200164794921875</ele>
            </trkpt>
            <trkpt lat="47.5945889999999991459844750352203845977783203125" lon="13.065656000000000602767613600008189678192138671875">
                <ele>2469.58865856002603322849608957767486572265625</ele>
            </trkpt>
            <trkpt lat="47.59442700000000314730641548521816730499267578125" lon="13.0662310000000001508624336565844714641571044921875">
                <ele>2481.2521996798977852449752390384674072265625</ele>
            </trkpt>
            <trkpt lat="47.59428299999999723013388575054705142974853515625" lon="13.06642000000000081172402133233845233917236328125">
                <ele>2489.68655040014482437982223927974700927734375</ele>
            </trkpt>
            <trkpt lat="47.59406800000000004047251422889530658721923828125" lon="13.066824000000000438603819929994642734527587890625">
                <ele>2497.4923558399959802045486867427825927734375</ele>
            </trkpt>
            <trkpt lat="47.5939350000000018781065591610968112945556640625" lon="13.0668839999999999434976416523568332195281982421875">
                <ele>2494.45556480003551769186742603778839111328125</ele>
            </trkpt>
            <trkpt lat="47.5939350000000018781065591610968112945556640625" lon="13.0671049999999997481836544466204941272735595703125">
                <ele>2493.794156000019938801415264606475830078125</ele>
            </trkpt>
            <trkpt lat="47.59380900000000025329427444376051425933837890625" lon="13.0671569999999999112105797394178807735443115234375">
                <ele>2492.56301456000119287637062370777130126953125</ele>
            </trkpt>
            <trkpt lat="47.59380900000000025329427444376051425933837890625" lon="13.0671569999999999112105797394178807735443115234375">
                <ele>2492.56301456000119287637062370777130126953125</ele>
            </trkpt>
            <trkpt lat="47.5939350000000018781065591610968112945556640625" lon="13.0671049999999997481836544466204941272735595703125">
                <ele>2493.794156000019938801415264606475830078125</ele>
            </trkpt>
            <trkpt lat="47.5939350000000018781065591610968112945556640625" lon="13.0668839999999999434976416523568332195281982421875">
                <ele>2494.45556480003551769186742603778839111328125</ele>
            </trkpt>
            <trkpt lat="47.59406800000000004047251422889530658721923828125" lon="13.066824000000000438603819929994642734527587890625">
                <ele>2497.4923558399959802045486867427825927734375</ele>
            </trkpt>
            <trkpt lat="47.59428299999999723013388575054705142974853515625" lon="13.06642000000000081172402133233845233917236328125">
                <ele>2489.68655040014482437982223927974700927734375</ele>
            </trkpt>
            <trkpt lat="47.59442700000000314730641548521816730499267578125" lon="13.0662310000000001508624336565844714641571044921875">
                <ele>2481.2521996798977852449752390384674072265625</ele>
            </trkpt>
            <trkpt lat="47.5945889999999991459844750352203845977783203125" lon="13.065656000000000602767613600008189678192138671875">
                <ele>2469.58865856002603322849608957767486572265625</ele>
            </trkpt>
            <trkpt lat="47.5947340000000025383997126482427120208740234375" lon="13.065476000000000311729309032671153545379638671875">
                <ele>2462.9557785600072747911326587200164794921875</ele>
            </trkpt>
            <trkpt lat="47.5952199999999976398612488992512226104736328125" lon="13.06506399999999956662577460519969463348388671875">
                <ele>2450.05031040001131259487010538578033447265625</ele>
            </trkpt>
            <trkpt lat="47.5953650000000010322764865122735500335693359375" lon="13.0648920000000003938112058676779270172119140625">
                <ele>2446.02641280001671475474722683429718017578125</ele>
            </trkpt>
            <trkpt lat="47.5957819999999998117345967330038547515869140625" lon="13.0646520000000005978790795779787003993988037109375">
                <ele>2440.13303424001560415490530431270599365234375</ele>
            </trkpt>
            <trkpt lat="47.59608300000000014051693142391741275787353515625" lon="13.0642920000000000158024704433046281337738037109375">
                <ele>2421.37614015999497496522963047027587890625</ele>
            </trkpt>
            <trkpt lat="47.59620400000000017826096154749393463134765625" lon="13.06419700000000005957190296612679958343505859375">
                <ele>2414.4582092799946622108109295368194580078125</ele>
            </trkpt>
            <trkpt lat="47.5963890000000020563675207085907459259033203125" lon="13.0641890000000007177050065365619957447052001953125">
                <ele>2407.7881297599478784832172095775604248046875</ele>
            </trkpt>
            <trkpt lat="47.5965920000000011214069672860205173492431640625" lon="13.0642230000000001410853656125254929065704345703125">
                <ele>2401.6592569599642956745810806751251220703125</ele>
            </trkpt>
            <trkpt lat="47.59691600000000022419044398702681064605712890625" lon="13.0642399999999998527755451505072414875030517578125">
                <ele>2388.17354879998720207368023693561553955078125</ele>
            </trkpt>
            <trkpt lat="47.5970379999999977371771819889545440673828125" lon="13.0641890000000007177050065365619957447052001953125">
                <ele>2381.81207424011108741979114711284637451171875</ele>
            </trkpt>
            <trkpt lat="47.59712499999999835154085303656756877899169921875" lon="13.0640780000000003013838068000040948390960693359375">
                <ele>2371.0925600000982740311883389949798583984375</ele>
            </trkpt>
            <trkpt lat="47.59731500000000181671566679142415523529052734375" lon="13.06400000000000005684341886080801486968994140625">
                <ele>2356.0687999999163366737775504589080810546875</ele>
            </trkpt>
            <trkpt lat="47.5974829999999968777046888135373592376708984375" lon="13.06398300000000034515323932282626628875732421875">
                <ele>2346.46451552018288566614501178264617919921875</ele>
            </trkpt>
            <trkpt lat="47.5976050000000014961187844164669513702392578125" lon="13.0638710000000006772324923076666891574859619140625">
                <ele>2336.40941120005982156726531684398651123046875</ele>
            </trkpt>
            <trkpt lat="47.59762099999999662713889847509562969207763671875" lon="13.0637439999999998008206603117287158966064453125">
                <ele>2326.479599359941857983358204364776611328125</ele>
            </trkpt>
            <trkpt lat="47.597790000000003374225343577563762664794921875" lon="13.0638190000000005142055670148693025112152099609375">
                <ele>2333.6737664000602308078669011592864990234375</ele>
            </trkpt>
            <trkpt lat="47.59792900000000059890226111747324466705322265625" lon="13.0636989999999997280610841698944568634033203125">
                <ele>2327.62785343999212273047305643558502197265625</ele>
            </trkpt>
            <trkpt lat="47.59807399999999688589014112949371337890625" lon="13.063784999999999314468368538655340671539306640625">
                <ele>2334.13909759993475745432078838348388671875</ele>
            </trkpt>
            <trkpt lat="47.59829400000000276804712484590709209442138671875" lon="13.06382800000000088402885012328624725341796875">
                <ele>2337.8431884800511397770605981349945068359375</ele>
            </trkpt>
            <trkpt lat="47.5988899999999972578734741546213626861572265625" lon="13.0637290000000003686864147312007844448089599609375">
                <ele>2315.677576000098270014859735965728759765625</ele>
            </trkpt>
            <trkpt lat="47.5988899999999972578734741546213626861572265625" lon="13.0637290000000003686864147312007844448089599609375">
                <ele>2315.677576000098270014859735965728759765625</ele>
            </trkpt>
            <trkpt lat="47.5990579999999994242898537777364253997802734375" lon="13.0636050000000007997869033715687692165374755859375">
                <ele>2310.27066400001558577059768140316009521484375</ele>
            </trkpt>
            <trkpt lat="47.59919099999999758665580884553492069244384765625" lon="13.0634759999999996438191374181769788265228271484375">
                <ele>2307.283244160107642528600990772247314453125</ele>
            </trkpt>
            <trkpt lat="47.59931999999999874262357479892671108245849609375" lon="13.0632339999999995683310771710239350795745849609375">
                <ele>2299.8955968000218490487895905971527099609375</ele>
            </trkpt>
            <trkpt lat="47.59949000000000296495272777974605560302734375" lon="13.0629709999999992220409694709815084934234619140625">
                <ele>2282.6442143998801839188672602176666259765625</ele>
            </trkpt>
            <trkpt lat="47.5994749999999982037479639984667301177978515625" lon="13.0628580000000003025206751772202551364898681640625">
                <ele>2277.96028800006615711026825010776519775390625</ele>
            </trkpt>
            <trkpt lat="47.5995089999999976271283230744302272796630859375" lon="13.0628240000000008791403161012567579746246337890625">
                <ele>2275.46688576010774340829811990261077880859375</ele>
            </trkpt>
            <trkpt lat="47.599704000000002679371391423046588897705078125" lon="13.0627259999999996153974279877729713916778564453125">
                <ele>2265.757981439912327914498746395111083984375</ele>
            </trkpt>
            <trkpt lat="47.59984800000000149111656355671584606170654296875" lon="13.0626189999999997581880961661227047443389892578125">
                <ele>2257.34188031995245182770304381847381591796875</ele>
            </trkpt>
            <trkpt lat="47.59994300000000322370397043414413928985595703125" lon="13.062635000000000218278728425502777099609375">
                <ele>2255.51088479992586144362576305866241455078125</ele>
            </trkpt>
            <trkpt lat="47.60019299999999731198840891011059284210205078125" lon="13.062903999999999626879798597656190395355224609375">
                <ele>2255.92300800011753381113521754741668701171875</ele>
            </trkpt>
            <trkpt lat="47.60036699999999854071575100533664226531982421875" lon="13.062898000000000564568836125545203685760498046875">
                <ele>2247.58922400008805198012851178646087646484375</ele>
            </trkpt>
            <trkpt lat="47.60038800000000236423147725872695446014404296875" lon="13.062827999999999661895344615913927555084228515625">
                <ele>2244.7296959998902821098454296588897705078125</ele>
            </trkpt>
            <trkpt lat="47.60038800000000236423147725872695446014404296875" lon="13.0627410000000008238885129685513675212860107421875">
                <ele>2242.3953119999287082464434206485748291015625</ele>
            </trkpt>
            <trkpt lat="47.60043900000000149930201587267220020294189453125" lon="13.0627259999999996153974279877729713916778564453125">
                <ele>2239.92549599993299125344492495059967041015625</ele>
            </trkpt>
            <trkpt lat="47.60069200000000222416929318569600582122802734375" lon="13.062799999999999300825948012061417102813720703125">
                <ele>2230.845599999896876397542655467987060546875</ele>
            </trkpt>
            <trkpt lat="47.6009930000000025529516278766095638275146484375" lon="13.062768999999999408601070172153413295745849609375">
                <ele>2199.41849071958813510718755424022674560546875</ele>
            </trkpt>
            <trkpt lat="47.60105200000000280624590232037007808685302734375" lon="13.062659000000000020236257114447653293609619140625">
                <ele>2187.64657087954356029513292014598846435546875</ele>
            </trkpt>
            <trkpt lat="47.6011629999999996698534232564270496368408203125" lon="13.06267199999999917281456873752176761627197265625">
                <ele>2169.97122176002858395804651081562042236328125</ele>
            </trkpt>
            <trkpt lat="47.6014330000000001064108801074326038360595703125" lon="13.062647999999999370857040048576891422271728515625">
                <ele>2125.1798374399540989543311297893524169921875</ele>
            </trkpt>
            <trkpt lat="47.6014330000000001064108801074326038360595703125" lon="13.062647999999999370857040048576891422271728515625">
                <ele>2125.1798374399540989543311297893524169921875</ele>
            </trkpt>
            <trkpt lat="47.60135700000000014142642612569034099578857421875" lon="13.062875999999999265810401993803679943084716796875">
                <ele>2146.75742911994848327594809234142303466796875</ele>
            </trkpt>
            <trkpt lat="47.6012750000000011141310096718370914459228515625" lon="13.06306599999999917827153694815933704376220703125">
                <ele>2165.86186399981443173601292073726654052734375</ele>
            </trkpt>
            <trkpt lat="47.60128300000000223235474550165235996246337890625" lon="13.0631930000000000546833689440973103046417236328125">
                <ele>2169.32212303970527500496245920658111572265625</ele>
            </trkpt>
            <trkpt lat="47.6013420000000024856490199454128742218017578125" lon="13.0632409999999996585984263219870626926422119140625">
                <ele>2163.3835395196629178826697170734405517578125</ele>
            </trkpt>
            <trkpt lat="47.60138299999999844658304937183856964111328125" lon="13.0632490000000007768221621518023312091827392578125">
                <ele>2158.38749072023301778244785964488983154296875</ele>
            </trkpt>
            <trkpt lat="47.60158700000000209229256142862141132354736328125" lon="13.0632269999999994780637280200608074665069580078125">
                <ele>2130.79334383969808186520822346210479736328125</ele>
            </trkpt>
            <trkpt lat="47.601685000000003356035449542105197906494140625" lon="13.0633900000000000574118530494160950183868408203125">
                <ele>2124.448879999663404305465519428253173828125</ele>
            </trkpt>
            <trkpt lat="47.60173400000000043519321479834616184234619140625" lon="13.0635560000000001679154593148268759250640869140625">
                <ele>2119.39729279996072364156134426593780517578125</ele>
            </trkpt>
            <trkpt lat="47.60173400000000043519321479834616184234619140625" lon="13.0635560000000001679154593148268759250640869140625">
                <ele>2119.39729279996072364156134426593780517578125</ele>
            </trkpt>
            <trkpt lat="47.601754999999997153281583450734615325927734375" lon="13.0636279999999995737880453816615045070648193359375">
                <ele>2117.44764800025905060465447604656219482421875</ele>
            </trkpt>
            <trkpt lat="47.601866999999998597559169866144657135009765625" lon="13.0636069999999993029859979287721216678619384765625">
                <ele>2107.20882080012597725726664066314697265625</ele>
            </trkpt>
            <trkpt lat="47.6019050000000021327650756575167179107666015625" lon="13.0637150000000001881517164292745292186737060546875">
                <ele>2104.45963999981768211000598967075347900390625</ele>
            </trkpt>
            <trkpt lat="47.6020520000000004756657290272414684295654296875" lon="13.063734000000000179397829924710094928741455078125">
                <ele>2091.96085759996276465244591236114501953125</ele>
            </trkpt>
            <trkpt lat="47.60211199999999820420271134935319423675537109375" lon="13.063770999999999133933670236729085445404052734375">
                <ele>2087.3860064001391947385855019092559814453125</ele>
            </trkpt>
            <trkpt lat="47.60217099999999845749698579311370849609375" lon="13.0639400000000005519495971384458243846893310546875">
                <ele>2085.4863680001299144350923597812652587890625</ele>
            </trkpt>
            <trkpt lat="47.60235899999999986675902619026601314544677734375" lon="13.063658000000000214413375942967832088470458984375">
                <ele>2063.59279040001865723752416670322418212890625</ele>
            </trkpt>
            <trkpt lat="47.602496000000002140950527973473072052001953125" lon="13.063902999999999821056917426176369190216064453125">
                <ele>2059.2715615998267821851186454296112060546875</ele>
            </trkpt>
            <trkpt lat="47.60253999999999763304003863595426082611083984375" lon="13.0641130000000007527205525548197329044342041015625">
                <ele>2060.59119680033518307027406990528106689453125</ele>
            </trkpt>
            <trkpt lat="47.60259899999999788633431307971477508544921875" lon="13.0641890000000007177050065365619957447052001953125">
                <ele>2054.2730788802555252914316952228546142578125</ele>
            </trkpt>
            <trkpt lat="47.602722999999997455233824439346790313720703125" lon="13.0641499999999997072563928668387234210968017578125">
                <ele>2038.267928000321262516081333160400390625</ele>
            </trkpt>
            <trkpt lat="47.60282099999999871897671255283057689666748046875" lon="13.0641459999999991481445249519310891628265380859375">
                <ele>2025.5089174401373384171165525913238525390625</ele>
            </trkpt>
            <trkpt lat="47.6028450000000020736479200422763824462890625" lon="13.0642359999999992936636772355996072292327880859375">
                <ele>2023.002153599751864021527580916881561279296875</ele>
            </trkpt>
            <trkpt lat="47.602901000000002795786713249981403350830078125" lon="13.06430399999999991678123478777706623077392578125">
                <ele>2016.247000319676544677349738776683807373046875</ele>
            </trkpt>
            <trkpt lat="47.6030200000000007776179700158536434173583984375" lon="13.064640000000000696900315233506262302398681640625">
                <ele>2006.166623999941293732263147830963134765625</ele>
            </trkpt>
            <trkpt lat="47.6030650000000008503775461576879024505615234375" lon="13.064702000000000481350070913322269916534423828125">
                <ele>2003.07779039993829428567551076412200927734375</ele>
            </trkpt>
            <trkpt lat="47.6031090000000034478944144211709499359130859375" lon="13.064927000000000845147951622493565082550048828125">
                <ele>2003.588569439790489923325367271900177001953125</ele>
            </trkpt>
            <trkpt lat="47.60315899999999800229488755576312541961669921875" lon="13.06500199999999978217601892538368701934814453125">
                <ele>2001.961416960121141528361476957798004150390625</ele>
            </trkpt>
            <trkpt lat="47.6031669999999991205186233855783939361572265625" lon="13.065141000000000559566615265794098377227783203125">
                <ele>2001.72283584003935175132937729358673095703125</ele>
            </trkpt>
            <trkpt lat="47.603352000000000998625182546675205230712890625" lon="13.0651840000000003527702574501745402812957763671875">
                <ele>1993.118913279877915556426160037517547607421875</ele>
            </trkpt>
            <trkpt lat="47.6034039999999976089384290389716625213623046875" lon="13.06523299999999920828486210666596889495849609375">
                <ele>1987.1041907203170922002755105495452880859375</ele>
            </trkpt>
            <trkpt lat="47.60350799999999793499227962456643581390380859375" lon="13.064944000000000556838131160475313663482666015625">
                <ele>1964.949940480316627144929952919483184814453125</ele>
            </trkpt>
            <trkpt lat="47.6035600000000016507328837178647518157958984375" lon="13.0649010000000007636344889760948717594146728515625">
                <ele>1956.122454399803928026813082396984100341796875</ele>
            </trkpt>
            <trkpt lat="47.6036069999999966739778756164014339447021484375" lon="13.0648920000000003938112058676779270172119140625">
                <ele>1949.22984256048630413715727627277374267578125</ele>
            </trkpt>
            <trkpt lat="47.60364700000000226509655476547777652740478515625" lon="13.0648239999999997706936483155004680156707763671875">
                <ele>1941.2319827196834012283943593502044677734375</ele>
            </trkpt>
            <trkpt lat="47.60369299999999981309883878566324710845947265625" lon="13.064814999999999400870365207083523273468017578125">
                <ele>1934.50406080001221198472194373607635498046875</ele>
            </trkpt>
            <trkpt lat="47.60383999999999815599949215538799762725830078125" lon="13.0649899999999998811972545809112489223480224609375">
                <ele>1920.021184000261882829363457858562469482421875</ele>
            </trkpt>
            <trkpt lat="47.60385000000000133013600134290754795074462890625" lon="13.065149999999999153033058973960578441619873046875">
                <ele>1923.384399999798233693582005798816680908203125</ele>
            </trkpt>
            <trkpt lat="47.60393599999999736382960691116750240325927734375" lon="13.065279000000000309000824927352368831634521484375">
                <ele>1915.42594624037747053080238401889801025390625</ele>
            </trkpt>
            <trkpt lat="47.6039779999999979054337018169462680816650390625" lon="13.065464999999999662350091966800391674041748046875">
                <ele>1915.4758192002782379859127104282379150390625</ele>
            </trkpt>
            <trkpt lat="47.6040449999999992769517120905220508575439453125" lon="13.06548000000000087084117694757878780364990234375">
                <ele>1906.953136000132190019940026104450225830078125</ele>
            </trkpt>
            <trkpt lat="47.60411400000000270438249572180211544036865234375" lon="13.0655599999999996185806594439782202243804931640625">
                <ele>1900.32816639963448324124328792095184326171875</ele>
            </trkpt>
            <trkpt lat="47.60424499999999881083567743189632892608642578125" lon="13.065580000000000637783159618265926837921142578125">
                <ele>1886.16569600014781826757825911045074462890625</ele>
            </trkpt>
            <trkpt lat="47.6042369999999976926119416020810604095458984375" lon="13.0656909999999992777475199545733630657196044921875">
                <ele>1890.7391379202117605018429458141326904296875</ele>
            </trkpt>
            <trkpt lat="47.6042690000000021655068849213421344757080078125" lon="13.0657890000000005414904080680571496486663818359375">
                <ele>1890.914668159812208614312112331390380859375</ele>
            </trkpt>
            <trkpt lat="47.60431200000000018235368770547211170196533203125" lon="13.065841999999999956116880639456212520599365234375">
                <ele>1888.35955967998825144604779779911041259765625</ele>
            </trkpt>
            <trkpt lat="47.604422999999997045961208641529083251953125" lon="13.065922000000000480213202536106109619140625">
                <ele>1878.463883520316585418186150491237640380859375</ele>
            </trkpt>
            <trkpt lat="47.6044509999999974070306052453815937042236328125" lon="13.066041999999999490000845980830490589141845703125">
                <ele>1877.0460326402817372581921517848968505859375</ele>
            </trkpt>
            <trkpt lat="47.60446900000000169939085026271641254425048828125" lon="13.066326000000000107093001133762300014495849609375">
                <ele>1878.302004479804281800170429050922393798828125</ele>
            </trkpt>
            <trkpt lat="47.60450900000000018508217181079089641571044921875" lon="13.066489000000000686441126163117587566375732421875">
                <ele>1874.994241919992191469646058976650238037109375</ele>
            </trkpt>
            <trkpt lat="47.604567000000002963133738376200199127197265625" lon="13.0665580000000005611582309938967227935791015625">
                <ele>1868.000613119623039892758242785930633544921875</ele>
            </trkpt>
            <trkpt lat="47.60462499999999863575794734060764312744140625" lon="13.0665659999999999030251274234615266323089599609375">
                <ele>1860.389280000189728525583632290363311767578125</ele>
            </trkpt>
            <trkpt lat="47.60469499999999953843143885023891925811767578125" lon="13.0664719999999991983941072248853743076324462890625">
                <ele>1851.05767680006783848511986434459686279296875</ele>
            </trkpt>
            <trkpt lat="47.60475199999999773581293993629515171051025390625" lon="13.0664549999999994867039276869036257266998291015625">
                <ele>1843.801507200298146926797926425933837890625</ele>
            </trkpt>
            <trkpt lat="47.6047870000000017398633644916117191314697265625" lon="13.0664800000000003166178430547006428241729736328125">
                <ele>1839.27025919978541423915885388851165771484375</ele>
            </trkpt>
            <trkpt lat="47.60479600000000033332980819977819919586181640625" lon="13.0663759999999999905639924691058695316314697265625">
                <ele>1838.51164031996813719160854816436767578125</ele>
            </trkpt>
            <trkpt lat="47.6048320000000018126229406334459781646728515625" lon="13.06635299999999944020601105876266956329345703125">
                <ele>1834.19456831979050548397935926914215087890625</ele>
            </trkpt>
            <trkpt lat="47.60490300000000019053914002142846584320068359375" lon="13.0663649999999993411847754032351076602935791015625">
                <ele>1825.40322239999159137369133532047271728515625</ele>
            </trkpt>
            <trkpt lat="47.60495900000000091267793322913348674774169921875" lon="13.0663000000000000255795384873636066913604736328125">
                <ele>1819.2560639998991973698139190673828125</ele>
            </trkpt>
            <trkpt lat="47.6050970000000006621121428906917572021484375" lon="13.066416000000000252612153417430818080902099609375">
                <ele>1798.80578687991464903461746871471405029296875</ele>
            </trkpt>
            <trkpt lat="47.60513399999999961664798320271074771881103515625" lon="13.0666419999999998680095814052037894725799560546875">
                <ele>1790.524840320070552479592151939868927001953125</ele>
            </trkpt>
            <trkpt lat="47.605086999999997487975633703172206878662109375" lon="13.0667449999999991661070453119464218616485595703125">
                <ele>1795.1705088003918717731721699237823486328125</ele>
            </trkpt>
            <trkpt lat="47.60505500000000012050804798491299152374267578125" lon="13.0669260000000004851017365581355988979339599609375">
                <ele>1795.520313599984774555196054279804229736328125</ele>
            </trkpt>
            <trkpt lat="47.6050350000000008776623872108757495880126953125" lon="13.067284000000000787622411735355854034423828125">
                <ele>1789.8929087998740214970894157886505126953125</ele>
            </trkpt>
            <trkpt lat="47.60506500000000329464455717243254184722900390625" lon="13.067802000000000361978891305625438690185546875">
                <ele>1781.833079999605843113386072218418121337890625</ele>
            </trkpt>
            <trkpt lat="47.6050589999999971269062370993196964263916015625" lon="13.0679479999999994532799973967485129833221435546875">
                <ele>1783.0595520003489582450129091739654541015625</ele>
            </trkpt>
            <trkpt lat="47.605041999999997415216057561337947845458984375" lon="13.0680929999999992929815562092699110507965087890625">
                <ele>1785.463416000300867381156422197818756103515625</ele>
            </trkpt>
            <trkpt lat="47.6049780000000026802808861248195171356201171875" lon="13.0683260000000007750031727482564747333526611328125">
                <ele>1793.557317119637218638672493398189544677734375</ele>
            </trkpt>
            <trkpt lat="47.6049610000000029685907065868377685546875" lon="13.06849700000000069621819420717656612396240234375">
                <ele>1797.411462879624423294444568455219268798828125</ele>
            </trkpt>
            <trkpt lat="47.60488500000000300360625260509550571441650390625" lon="13.0686429999999997875193002982996404170989990234375">
                <ele>1808.262695199631480136304162442684173583984375</ele>
            </trkpt>
            <trkpt lat="47.60487100000000282307155430316925048828125" lon="13.068746000000000861973603605292737483978271484375">
                <ele>1810.5372342396722160628996789455413818359375</ele>
            </trkpt>
            <trkpt lat="47.60489700000000112822817754931747913360595703125" lon="13.0688659999999998717612470500171184539794921875">
                <ele>1808.141241279877476699766702950000762939453125</ele>
            </trkpt>
            <trkpt lat="47.60489700000000112822817754931747913360595703125" lon="13.0690469999999994143990988959558308124542236328125">
                <ele>1809.26381775988329536630772054195404052734375</ele>
            </trkpt>
            <trkpt lat="47.60487100000000282307155430316925048828125" lon="13.0691749999999995424104781704954802989959716796875">
                <ele>1812.725955999717598388087935745716094970703125</ele>
            </trkpt>
            <trkpt lat="47.60488000000000141653799801133573055267333984375" lon="13.0696220000000007388507583527825772762298583984375">
                <ele>1815.765875199916308702086098492145538330078125</ele>
            </trkpt>
            <trkpt lat="47.60493100000000055160853662528097629547119140625" lon="13.0696220000000007388507583527825772762298583984375">
                <ele>1812.33617823997747109388001263141632080078125</ele>
            </trkpt>
            <trkpt lat="47.60506500000000329464455717243254184722900390625" lon="13.06968200000000024374458007514476776123046875">
                <ele>1803.3303519997361945570446550846099853515625</ele>
            </trkpt>
            <trkpt lat="47.605186000000003332388587296009063720703125" lon="13.0696560000000001622311174287460744380950927734375">
                <ele>1792.655430399730676072067581117153167724609375</ele>
            </trkpt>
            <trkpt lat="47.60538100000000127920429804362356662750244140625" lon="13.0698039999999995330881574773229658603668212890625">
                <ele>1779.72146559989187153405509889125823974609375</ele>
            </trkpt>
            <trkpt lat="47.605400000000003046807250939309597015380859375" lon="13.0697559999999999291731000994332134723663330078125">
                <ele>1777.02255999975386657752096652984619140625</ele>
            </trkpt>
            <trkpt lat="47.60543799999999947658579912967979907989501953125" lon="13.0697779999999994515746948309242725372314453125">
                <ele>1774.414201600037586104008369147777557373046875</ele>
            </trkpt>
            <trkpt lat="47.6054529999999971323632053099572658538818359375" lon="13.069715999999999667124939151108264923095703125">
                <ele>1771.657811200238256787997670471668243408203125</ele>
            </trkpt>
            <trkpt lat="47.60551600000000149748302646912634372711181640625" lon="13.0697500000000008668621376273222267627716064453125">
                <ele>1767.27519999990590804372914135456085205078125</ele>
            </trkpt>
            <trkpt lat="47.60559099999999688179741497151553630828857421875" lon="13.069810000000000371755959349684417247772216796875">
                <ele>1762.655824000273014462436549365520477294921875</ele>
            </trkpt>
            <trkpt lat="47.6057890000000014651959645561873912811279296875" lon="13.0700559999999992299990481114946305751800537109375">
                <ele>1753.445247999876983158173970878124237060546875</ele>
            </trkpt>
            <trkpt lat="47.6062500000000028421709430404007434844970703125" lon="13.07045600000000007412381819449365139007568359375">
                <ele>1744.047999999882222255109809339046478271484375</ele>
            </trkpt>
            <trkpt lat="47.6063749999999998863131622783839702606201171875" lon="13.0705469999999994712425177567638456821441650390625">
                <ele>1741.890219999986356924637220799922943115234375</ele>
            </trkpt>
            <trkpt lat="47.60658500000000259433363680727779865264892578125" lon="13.0706500000000005456968210637569427490234375">
                <ele>1736.96691999991526245139539241790771484375</ele>
            </trkpt>
            <trkpt lat="47.6067019999999985202521202154457569122314453125" lon="13.0707369999999993837036527111195027828216552734375">
                <ele>1735.539994240035184702719561755657196044921875</ele>
            </trkpt>
            <trkpt lat="47.60687200000000274258127319626510143280029296875" lon="13.0708239999999999980673237587325274944305419921875">
                <ele>1732.2569612798952221055515110492706298828125</ele>
            </trkpt>
            <trkpt lat="47.6070959999999985257090884260833263397216796875" lon="13.07108099999999950568962958641350269317626953125">
                <ele>1732.200152320039705955423414707183837890625</ele>
            </trkpt>
            <trkpt lat="47.60722899999999668807504349388182163238525390625" lon="13.0711490000000001288071871385909616947174072265625">
                <ele>1729.52204272012795627233572304248809814453125</ele>
            </trkpt>
            <trkpt lat="47.6074660000000022819222067482769489288330078125" lon="13.071191999999999922010829322971403598785400390625">
                <ele>1722.23451903991417566430754959583282470703125</ele>
            </trkpt>
            <trkpt lat="47.60755300000000289628587779588997364044189453125" lon="13.071329999999999671445038984529674053192138671875">
                <ele>1724.017955199893549433909356594085693359375</ele>
            </trkpt>
            <trkpt lat="47.6076570000000032223397283814847469329833984375" lon="13.0713810000000005828724169987253844738006591796875">
                <ele>1722.23506815991140683763660490512847900390625</ele>
            </trkpt>
            <trkpt lat="47.6079500000000024328983272425830364227294921875" lon="13.0714699999999997004351826035417616367340087890625">
                <ele>1714.93551999990768308634869754314422607421875</ele>
            </trkpt>
            <trkpt lat="47.60801599999999922374627203680574893951416015625" lon="13.0714330000000007458993422915227711200714111328125">
                <ele>1711.56218944004967852379195392131805419921875</ele>
            </trkpt>
            <trkpt lat="47.6081319999999976744220475666224956512451171875" lon="13.07144100000000008776623872108757495880126953125">
                <ele>1707.779397760084293622639961540699005126953125</ele>
            </trkpt>
            <trkpt lat="47.60819000000000045247361413203179836273193359375" lon="13.071493000000000250793164013884961605072021484375">
                <ele>1707.168841599992219926207326352596282958984375</ele>
            </trkpt>
            <trkpt lat="47.6082559999999972433215589262545108795166015625" lon="13.071493000000000250793164013884961605072021484375">
                <ele>1704.845683840105039053014479577541351318359375</ele>
            </trkpt>
            <trkpt lat="47.6084010000000006357367965392768383026123046875" lon="13.07144100000000008776623872108757495880126953125">
                <ele>1698.390711679981677661999128758907318115234375</ele>
            </trkpt>
            <trkpt lat="47.6086090000000012878444977104663848876953125" lon="13.0714330000000007458993422915227711200714111328125">
                <ele>1690.768050559972607516101561486721038818359375</ele>
            </trkpt>
            <trkpt lat="47.60890400000000255431586992926895618438720703125" lon="13.071476000000000539102984475903213024139404296875">
                <ele>1681.03505791991983642219565808773040771484375</ele>
            </trkpt>
            <trkpt lat="47.6089740000000034569893614389002323150634765625" lon="13.0714500000000004575895218295045197010040283203125">
                <ele>1678.0375039998862121137790381908416748046875</ele>
            </trkpt>
            <trkpt lat="47.6090429999999997789927874691784381866455078125" lon="13.071493000000000250793164013884961605072021484375">
                <ele>1676.2921875200145223061554133892059326171875</ele>
            </trkpt>
            <trkpt lat="47.6091880000000031714080250822007656097412109375" lon="13.0714839999999998809698809054680168628692626953125">
                <ele>1670.62885759985010736272670328617095947265625</ele>
            </trkpt>
            <trkpt lat="47.609274999999996680344338528811931610107421875" lon="13.07140700000000066438587964512407779693603515625">
                <ele>1665.321740000170620987773872911930084228515625</ele>
            </trkpt>
            <trkpt lat="47.60934400000000010777512216009199619293212890625" lon="13.0713989999999995461621438153088092803955078125">
                <ele>1661.941356799992036030744202435016632080078125</ele>
            </trkpt>
            <trkpt lat="47.60938900000000018053469830192625522613525390625" lon="13.0714319999999997179429556126706302165985107421875">
                <ele>1660.2760543999911533319391310214996337890625</ele>
            </trkpt>
            <trkpt lat="47.60940699999999736746758571825921535491943359375" lon="13.07142400000000037607605918310582637786865234375">
                <ele>1659.309910400133730945526622235774993896484375</ele>
            </trkpt>
            <trkpt lat="47.6094480000000004338289727456867694854736328125" lon="13.071462000000000358568286173976957798004150390625">
                <ele>1657.8801727999880313291214406490325927734375</ele>
            </trkpt>
            <trkpt lat="47.609476999999998270141077227890491485595703125" lon="13.07153100000000023328539100475609302520751953125">
                <ele>1657.418333600090363688650541007518768310546875</ele>
            </trkpt>
            <trkpt lat="47.60949699999999751298673800192773342132568359375" lon="13.0715020000000006206164471223019063472747802734375">
                <ele>1656.070443200131421690457500517368316650390625</ele>
            </trkpt>
            <trkpt lat="47.60950100000000162481228471733629703521728515625" lon="13.0713989999999995461621438153088092803955078125">
                <ele>1654.5195271999209580826573073863983154296875</ele>
            </trkpt>
            <trkpt lat="47.60955799999999982219378580339252948760986328125" lon="13.0714009999999998257180777727626264095306396484375">
                <ele>1651.850542400009771881741471588611602783203125</ele>
            </trkpt>
            <trkpt lat="47.60966799999999921055859886109828948974609375" lon="13.071448000000000178033587872050702571868896484375">
                <ele>1647.2124992000435668160207569599151611328125</ele>
            </trkpt>
            <trkpt lat="47.60971200000000180807546712458133697509765625" lon="13.07149700000000080990503192879259586334228515625">
                <ele>1645.6889791999265071353875100612640380859375</ele>
            </trkpt>
            <trkpt lat="47.60972600000000198861016542650759220123291015625" lon="13.0716020000000003875584297929890453815460205078125">
                <ele>1646.232425599911266544950194656848907470703125</ele>
            </trkpt>
            <trkpt lat="47.60971599999999881447365623898804187774658203125" lon="13.071664999999999423607732751406729221343994140625">
                <ele>1647.45339200005537350079976022243499755859375</ele>
            </trkpt>
            <trkpt lat="47.60954100000000011050360626541078090667724609375" lon="13.071828000000000002955857780762016773223876953125">
                <ele>1653.953199999998332714312709867954254150390625</ele>
            </trkpt>
            <trkpt lat="47.6094810000000023819666239432990550994873046875" lon="13.07195899999999966212271829135715961456298828125">
                <ele>1655.1759999998912462615408003330230712890625</ele>
            </trkpt>
            <trkpt lat="47.6094020000000028858266887255012989044189453125" lon="13.0720690000000008268443707493133842945098876953125">
                <ele>1657.610799999850996755412779748439788818359375</ele>
            </trkpt>
            <trkpt lat="47.60924200000000183763404493220150470733642578125" lon="13.072523000000000337195160682313144207000732421875">
                <ele>1658.8726652799005023553036153316497802734375</ele>
            </trkpt>
            <trkpt lat="47.6091899999999981218934408389031887054443359375" lon="13.0725829999999998420889824046753346920013427734375">
                <ele>1658.985121600101365402224473655223846435546875</ele>
            </trkpt>
            <trkpt lat="47.6090590000000020154402591288089752197265625" lon="13.0726030000000008612914825789630413055419921875">
                <ele>1662.398399999909088364802300930023193359375</ele>
            </trkpt>
            <trkpt lat="47.6090659999999985529939294792711734771728515625" lon="13.072658000000000555473889107815921306610107421875">
                <ele>1659.952800000021170490072108805179595947265625</ele>
            </trkpt>
            <trkpt lat="47.6091109999999986257535056211054325103759765625" lon="13.0727379999999993032133716042153537273406982421875">
                <ele>1655.39280000007011039997451007366180419921875</ele>
            </trkpt>
            <trkpt lat="47.6093139999999976907929521985352039337158203125" lon="13.07286500000000017962520360015332698822021484375">
                <ele>1641.901268800101888700737617909908294677734375</ele>
            </trkpt>
            <trkpt lat="47.609364999999996825863490812480449676513671875" lon="13.072855000000000558202373213134706020355224609375">
                <ele>1639.96771600012698399950750172138214111328125</ele>
            </trkpt>
            <trkpt lat="47.60937100000000299360181088559329509735107421875" lon="13.07287099999999924193616607226431369781494140625">
                <ele>1639.0741412798970486619509756565093994140625</ele>
            </trkpt>
            <trkpt lat="47.60931000000000068439476308412849903106689453125" lon="13.0730160000000008579945642850361764430999755859375">
                <ele>1636.140716799939809789066202938556671142578125</ele>
            </trkpt>
            <trkpt lat="47.60924899999999837518771528266370296478271484375" lon="13.073052000000000560930857318453490734100341796875">
                <ele>1637.385715840052171188290230929851531982421875</ele>
            </trkpt>
            <trkpt lat="47.609250000000002955857780762016773223876953125" lon="13.073093000000000074578565545380115509033203125">
                <ele>1635.7037199998731011874042451381683349609375</ele>
            </trkpt>
            <trkpt lat="47.6093240000000008649294613860547542572021484375" lon="13.0731020000000004444018486537970602512359619140625">
                <ele>1632.15232383994907650048844516277313232421875</ele>
            </trkpt>
            <trkpt lat="47.60939700000000129875843413174152374267578125" lon="13.0730699999999995242205841350369155406951904296875">
                <ele>1630.235003199965603926102630794048309326171875</ele>
            </trkpt>
            <trkpt lat="47.609408000000001948137651197612285614013671875" lon="13.0730850000000007327116691158153116703033447265625">
                <ele>1629.181494399891334978747181594371795654296875</ele>
            </trkpt>
            <trkpt lat="47.60940000000000082991391536779701709747314453125" lon="13.07312399999999996680344338528811931610107421875">
                <ele>1628.028447999969330339808948338031768798828125</ele>
            </trkpt>
            <trkpt lat="47.609318999999999277861206792294979095458984375" lon="13.0732459999999992561470207874663174152374267578125">
                <ele>1626.713897920062890989356674253940582275390625</ele>
            </trkpt>
            <trkpt lat="47.60923199999999866349753574468195438385009765625" lon="13.073271999999999337660483433865010738372802734375">
                <ele>1629.29640832008544748532585799694061279296875</ele>
            </trkpt>
            <trkpt lat="47.60923100000000118825482786633074283599853515625" lon="13.0732979999999994191739460802637040615081787109375">
                <ele>1628.29388703997801712830550968647003173828125</ele>
            </trkpt>
            <trkpt lat="47.60926099999999649980964022688567638397216796875" lon="13.0733350000000001500666257925331592559814453125">
                <ele>1625.582747200139920096262358129024505615234375</ele>
            </trkpt>
            <trkpt lat="47.6093249999999983401721692644059658050537109375" lon="13.073358999999999952024154481478035449981689453125">
                <ele>1621.981096000072966489824466407299041748046875</ele>
            </trkpt>
            <trkpt lat="47.609385000000003174136509187519550323486328125" lon="13.0734139999999996462065610103309154510498046875">
                <ele>1617.25007679988766540191136300563812255859375</ele>
            </trkpt>
            <trkpt lat="47.60938399999999859346644370816648006439208984375" lon="13.073437999999999448164089699275791645050048828125">
                <ele>1616.296887040083902320475317537784576416015625</ele>
            </trkpt>
            <trkpt lat="47.6093369999999964647940942086279392242431640625" lon="13.0734820000000002693241185625083744525909423828125">
                <ele>1616.41187008013775994186289608478546142578125</ele>
            </trkpt>
            <trkpt lat="47.6093290000000024519977159798145294189453125" lon="13.0735019999999995121697793365456163883209228515625">
                <ele>1615.916344959922071211622096598148345947265625</ele>
            </trkpt>
            <trkpt lat="47.609341000000000576619640924036502838134765625" lon="13.0735130000000001615489964024163782596588134765625">
                <ele>1614.96659295997278604772873222827911376953125</ele>
            </trkpt>
            <trkpt lat="47.6093740000000025247572921216487884521484375" lon="13.073513999999999413148543681018054485321044921875">
                <ele>1613.561720319923324495903216302394866943359375</ele>
            </trkpt>
            <trkpt lat="47.609420000000000072759576141834259033203125" lon="13.0734569999999994394102031947113573551177978515625">
                <ele>1614.028172800023412492009811103343963623046875</ele>
            </trkpt>
            <trkpt lat="47.6094369999999997844497556798160076141357421875" lon="13.0734569999999994394102031947113573551177978515625">
                <ele>1613.32851808003533733426593244075775146484375</ele>
            </trkpt>
            <trkpt lat="47.6094039999999978363121044822037220001220703125" lon="13.073584000000000315822035190649330615997314453125">
                <ele>1609.418264320079970275401137769222259521484375</ele>
            </trkpt>
            <trkpt lat="47.60928700000000191039362107403576374053955078125" lon="13.0737439999999995876578395836986601352691650390625">
                <ele>1607.69287935993997962214052677154541015625</ele>
            </trkpt>
            <trkpt lat="47.60940099999999830515662324614822864532470703125" lon="13.073843000000000103000274975784122943878173828125">
                <ele>1598.800836160070730329607613384723663330078125</ele>
            </trkpt>
            <trkpt lat="47.60943400000000025329427444376051425933837890625" lon="13.073848999999999165311237447895109653472900390625">
                <ele>1597.1565779200273027527146041393280029296875</ele>
            </trkpt>
            <trkpt lat="47.60943900000000184036252903752028942108154296875" lon="13.0738719999999997156692188582383096218109130859375">
                <ele>1595.988712959937174673541449010372161865234375</ele>
            </trkpt>
            <trkpt lat="47.6094130000000035352059057913720607757568359375" lon="13.0739129999999992293169270851649343967437744140625">
                <ele>1595.387961279885303156333975493907928466796875</ele>
            </trkpt>
            <trkpt lat="47.60936000000000234422259381972253322601318359375" lon="13.0739110000000007261178325279615819454193115234375">
                <ele>1597.72155519987381921964697539806365966796875</ele>
            </trkpt>
            <trkpt lat="47.6093570000000028130671125836670398712158203125" lon="13.0739350000000005280753612169064581394195556640625">
                <ele>1596.85659039986194329685531556606292724609375</ele>
            </trkpt>
            <trkpt lat="47.609375" lon="13.0739579999999993020765032269991934299468994140625">
                <ele>1595.138800000032233583624474704265594482421875</ele>
            </trkpt>
            <trkpt lat="47.60948599999999686360752093605697154998779296875" lon="13.0739929999999997534132489818148314952850341796875">
                <ele>1588.950117760147577428142540156841278076171875</ele>
            </trkpt>
            <trkpt lat="47.60946500000000014551915228366851806640625" lon="13.074051000000000755107976146973669528961181640625">
                <ele>1587.43058079996581000159494578838348388671875</ele>
            </trkpt>
            <trkpt lat="47.609364999999996825863490812480449676513671875" lon="13.074101999999999890178514760918915271759033203125">
                <ele>1589.60733760014454674092121422290802001953125</ele>
            </trkpt>
            <trkpt lat="47.609161000000000285581336356699466705322265625" lon="13.0743530000000003354898581164889037609100341796875">
                <ele>1588.275277119980955831124447286128997802734375</ele>
            </trkpt>
            <trkpt lat="47.60916999999999887904778006486594676971435546875" lon="13.0743980000000004082494342583231627941131591796875">
                <ele>1586.1863168000390942324884235858917236328125</ele>
            </trkpt>
            <trkpt lat="47.60922699999999707642928115092217922210693359375" lon="13.074398999999999659848981536924839019775390625">
                <ele>1583.531719040151756416889838874340057373046875</ele>
            </trkpt>
            <trkpt lat="47.609296000000000503860064782202243804931640625" lon="13.0744699999999998141220203251577913761138916015625">
                <ele>1577.44885759998805951909162104129791259765625</ele>
            </trkpt>
            <trkpt lat="47.60934400000000010777512216009199619293212890625" lon="13.0744629999999997238546711741946637630462646484375">
                <ele>1575.49902656001040668343193829059600830078125</ele>
            </trkpt>
            <trkpt lat="47.6093460000000021636878955177962779998779296875" lon="13.074510000000000076170181273482739925384521484375">
                <ele>1573.447500799898762124939821660518646240234375</ele>
            </trkpt>
            <trkpt lat="47.6092790000000007921698852442204952239990234375" lon="13.0745419999999992199946063919924199581146240234375">
                <ele>1575.29828863999819077434949576854705810546875</ele>
            </trkpt>
            <trkpt lat="47.6092230000000000700310920365154743194580078125" lon="13.07464399999999926649252302013337612152099609375">
                <ele>1573.85422976003019357449375092983245849609375</ele>
            </trkpt>
            <trkpt lat="47.6091320000000024492692318744957447052001953125" lon="13.0747359999999996915676092612557113170623779296875">
                <ele>1573.78227327995546147576533257961273193359375</ele>
            </trkpt>
            <trkpt lat="47.60885900000000248155629378743469715118408203125" lon="13.0747669999999995837924871011637151241302490234375">
                <ele>1578.991769919960688639548607170581817626953125</ele>
            </trkpt>
            <trkpt lat="47.608778000000000929503585211932659149169921875" lon="13.0748270000000008650431482237763702869415283203125">
                <ele>1578.326947839943159124231897294521331787109375</ele>
            </trkpt>
            <trkpt lat="47.6087720000000018671926227398216724395751953125" lon="13.074939000000000532963895238935947418212890625">
                <ele>1573.648405119937478957581333816051483154296875</ele>
            </trkpt>
            <trkpt lat="47.6088299999999975398168317042291164398193359375" lon="13.0750930000000007424887371598742902278900146484375">
                <ele>1566.20080000002644737833179533481597900390625</ele>
            </trkpt>
            <trkpt lat="47.6089259999999967476469464600086212158203125" lon="13.07549099999999953070073388516902923583984375">
                <ele>1548.844000000090090907178819179534912109375</ele>
            </trkpt>
            <trkpt lat="47.6089879999999965320967021398246288299560546875" lon="13.075576999999999117108018253929913043975830078125">
                <ele>1544.20240000011062875273637473583221435546875</ele>
            </trkpt>
            <trkpt lat="47.6091770000000025220288080163300037384033203125" lon="13.07566800000000029058355721645057201385498046875">
                <ele>1536.32307967986480434774421155452728271484375</ele>
            </trkpt>
            <trkpt lat="47.6092409999999972569639794528484344482421875" lon="13.0757290000000008234337656176649034023284912109375">
                <ele>1530.73766432011188953765667974948883056640625</ele>
            </trkpt>
            <trkpt lat="47.6093029999999970414137351326644420623779296875" lon="13.0757379999999994169002093258313834667205810546875">
                <ele>1527.252168320176451743463985621929168701171875</ele>
            </trkpt>
            <trkpt lat="47.60930499999999909732650849036872386932373046875" lon="13.0757659999999997779696059296838939189910888671875">
                <ele>1526.08677440005840253434143960475921630859375</ele>
            </trkpt>
            <trkpt lat="47.6092560000000020181687432341277599334716796875" lon="13.0758759999999991663344189873896539211273193359375">
                <ele>1524.585954559930314644589088857173919677734375</ele>
            </trkpt>
            <trkpt lat="47.609239999999999781721271574497222900390625" lon="13.0759670000000003398099579499103128910064697265625">
                <ele>1522.369260800003530675894580781459808349609375</ele>
            </trkpt>
            <trkpt lat="47.6092569999999994934114511124789714813232421875" lon="13.076069000000000386307874578051269054412841796875">
                <ele>1518.15142208001589096966199576854705810546875</ele>
            </trkpt>
            <trkpt lat="47.60924899999999837518771528266370296478271484375" lon="13.0761470000000006308482625172473490238189697265625">
                <ele>1515.959953280061881741858087480068206787109375</ele>
            </trkpt>
            <trkpt lat="47.60912499999999880628820392303168773651123046875" lon="13.0763979999999992998027664725668728351593017578125">
                <ele>1512.39332000004969813744537532329559326171875</ele>
            </trkpt>
            <trkpt lat="47.60906700000000313366399495862424373626708984375" lon="13.07647300000000001318767317570745944976806640625">
                <ele>1511.06819503993619946413673460483551025390625</ele>
            </trkpt>
            <trkpt lat="47.6089079999999995607140590436756610870361328125" lon="13.0766130000000000421778167947195470333099365234375">
                <ele>1509.599989760008838857174851000308990478515625</ele>
            </trkpt>
            <trkpt lat="47.60878000000000298541635856963694095611572265625" lon="13.0766720000000002954720912384800612926483154296875">
                <ele>1510.18089599992890725843608379364013671875</ele>
            </trkpt>
            <trkpt lat="47.6087830000000025165718398056924343109130859375" lon="13.0767170000000003682316673803143203258514404296875">
                <ele>1508.37008159993411027244292199611663818359375</ele>
            </trkpt>
            <trkpt lat="47.60901199999999988676790962927043437957763671875" lon="13.076924999999999243982529151253402233123779296875">
                <ele>1494.760560000036321071092970669269561767578125</ele>
            </trkpt>
            <trkpt lat="47.6091679999999968231350067071616649627685546875" lon="13.0769439999999992352286426466889679431915283203125">
                <ele>1490.12932736017364732106216251850128173828125</ele>
            </trkpt>
            <trkpt lat="47.6091679999999968231350067071616649627685546875" lon="13.0769439999999992352286426466889679431915283203125">
                <ele>1490.12932736017364732106216251850128173828125</ele>
            </trkpt>
            <trkpt lat="47.60922500000000212594386539421975612640380859375" lon="13.0768690000000002982005753437988460063934326171875">
                <ele>1490.9753719998980159289203584194183349609375</ele>
            </trkpt>
            <trkpt lat="47.6093690000000009376890375278890132904052734375" lon="13.0768020000000007030394044704735279083251953125">
                <ele>1487.540815039932567742653191089630126953125</ele>
            </trkpt>
            <trkpt lat="47.60952400000000039881342672742903232574462890625" lon="13.0764669999999991745198713033460080623626708984375">
                <ele>1492.50343808001116485684178769588470458984375</ele>
            </trkpt>
            <trkpt lat="47.609633000000002311935531906783580780029296875" lon="13.076339000000000822865331429056823253631591796875">
                <ele>1491.364661119868515015696175396442413330078125</ele>
            </trkpt>
            <trkpt lat="47.60976699999999794954419485293328762054443359375" lon="13.07630400000000037152858567424118518829345703125">
                <ele>1486.0563276800903622643090784549713134765625</ele>
            </trkpt>
            <trkpt lat="47.6101409999999987121555022895336151123046875" lon="13.0758980000000004650928531191311776638031005859375">
                <ele>1480.337810240043154408340342342853546142578125</ele>
            </trkpt>
            <trkpt lat="47.610264999999998281055013649165630340576171875" lon="13.075900000000000744648787076584994792938232421875">
                <ele>1474.7376800000538423773832619190216064453125</ele>
            </trkpt>
            <trkpt lat="47.6104959999999977071638568304479122161865234375" lon="13.0756940000000003720970198628492653369903564453125">
                <ele>1471.095530240090965889976359903812408447265625</ele>
            </trkpt>
            <trkpt lat="47.61061200000000326326698996126651763916015625" lon="13.0755309999999997927488948334939777851104736328125">
                <ele>1471.145438719855746967368759214878082275390625</ele>
            </trkpt>
            <trkpt lat="47.61070500000000293994162348099052906036376953125" lon="13.0753170000000000783302311901934444904327392578125">
                <ele>1473.6892735998580974410288035869598388671875</ele>
            </trkpt>
            <trkpt lat="47.610770000000002255546860396862030029296875" lon="13.075222000000000122099663713015615940093994140625">
                <ele>1473.60861439988775600795634090900421142578125</ele>
            </trkpt>
            <trkpt lat="47.6108789999999970632416079752147197723388671875" lon="13.07519500000000078898665378801524639129638671875">
                <ele>1470.630168000025832952815108001232147216796875</ele>
            </trkpt>
            <trkpt lat="47.6109689999999972087607602588832378387451171875" lon="13.075103999999999615511114825494587421417236328125">
                <ele>1472.098425600057453266344964504241943359375</ele>
            </trkpt>
            <trkpt lat="47.61108200000000323370841215364634990692138671875" lon="13.0750879999999991554204825661145150661468505859375">
                <ele>1470.858489599979066042578779160976409912109375</ele>
            </trkpt>
            <trkpt lat="47.61121200000000186491888598538935184478759765625" lon="13.0751139999999992369339452125132083892822265625">
                <ele>1467.8687807999986034701578319072723388671875</ele>
            </trkpt>
            <trkpt lat="47.611277000000001180524122901260852813720703125" lon="13.075157000000000806494426797144114971160888671875">
                <ele>1465.209758399950487728347070515155792236328125</ele>
            </trkpt>
            <trkpt lat="47.61141400000000345471562468446791172027587890625" lon="13.075157000000000806494426797144114971160888671875">
                <ele>1462.9272287999110631062649190425872802734375</ele>
            </trkpt>
            <trkpt lat="47.6115879999999975780156091786921024322509765625" lon="13.075103999999999615511114825494587421417236328125">
                <ele>1462.25781120005513002979569137096405029296875</ele>
            </trkpt>
            <trkpt lat="47.6119369999999975107130012474954128265380859375" lon="13.0750679999999999125748217920772731304168701171875">
                <ele>1457.497607680050577982910908758640289306640625</ele>
            </trkpt>
            <trkpt lat="47.61223799999999783949533593840897083282470703125" lon="13.0751360000000005356923793442547321319580078125">
                <ele>1449.87172864002195638022385537624359130859375</ele>
            </trkpt>
            <trkpt lat="47.6123079999999987421688274480402469635009765625" lon="13.0750849999999996242650013300590217113494873046875">
                <ele>1450.079286400034106918610632419586181640625</ele>
            </trkpt>
            <trkpt lat="47.61244099999999690453478251583874225616455078125" lon="13.07514499999999912915882305242121219635009765625">
                <ele>1446.188173600073923807940445840358734130859375</ele>
            </trkpt>
            <trkpt lat="47.6127699999999975943865138106048107147216796875" lon="13.0755649999999992161292539094574749469757080078125">
                <ele>1428.89111200007255320088006556034088134765625</ele>
            </trkpt>
            <trkpt lat="47.612921999999997524355421774089336395263671875" lon="13.0756829999999997227178027969785034656524658203125">
                <ele>1423.9195542400566409924067556858062744140625</ele>
            </trkpt>
            <trkpt lat="47.61307699999999698547981097362935543060302734375" lon="13.075720000000000453610482509247958660125732421875">
                <ele>1420.412905600059502830845303833484649658203125</ele>
            </trkpt>
            <trkpt lat="47.61331400000000257932697422802448272705078125" lon="13.0756859999999992538732840330339968204498291015625">
                <ele>1415.55733695994467780110426247119903564453125</ele>
            </trkpt>
            <trkpt lat="47.61346999999999951569407130591571331024169921875" lon="13.0756029999999991986214809003286063671112060546875">
                <ele>1410.121926400014899627421982586383819580078125</ele>
            </trkpt>
            <trkpt lat="47.61374200000000200816430151462554931640625" lon="13.075616000000000127556631923653185367584228515625">
                <ele>1400.672058879933274511131457984447479248046875</ele>
            </trkpt>
            <trkpt lat="47.61380199999999973670128383673727512359619140625" lon="13.075765000000000526370058651082217693328857421875">
                <ele>1400.5381312000172329135239124298095703125</ele>
            </trkpt>
            <trkpt lat="47.61383000000000009777068044058978557586669921875" lon="13.0759290000000003573177309590391814708709716796875">
                <ele>1402.657216000006656031473539769649505615234375</ele>
            </trkpt>
            <trkpt lat="47.613889000000000351064954884350299835205078125" lon="13.076109999999999899955582804977893829345703125">
                <ele>1405.249551999991354023222811520099639892578125</ele>
            </trkpt>
            <trkpt lat="47.613956999999999197825673036277294158935546875" lon="13.0762119999999999464534994331188499927520751953125">
                <ele>1406.317859200015163878560997545719146728515625</ele>
            </trkpt>
            <trkpt lat="47.61428699999999736292011220939457416534423828125" lon="13.076409999999999200781530817039310932159423828125">
                <ele>1408.136198399982049522805027663707733154296875</ele>
            </trkpt>
            <trkpt lat="47.61448599999999942156136967241764068603515625" lon="13.0766670000000004847606760449707508087158203125">
                <ele>1416.50475904000677473959513008594512939453125</ele>
            </trkpt>
            <trkpt lat="47.61454400000000219961293623782694339752197265625" lon="13.0768020000000007030394044704735279083251953125">
                <ele>1418.635624960018276397022418677806854248046875</ele>
            </trkpt>
            <trkpt lat="47.61458900000000227237251237966120243072509765625" lon="13.077256999999999464989741682074964046478271484375">
                <ele>1426.5043081600242658169008791446685791015625</ele>
            </trkpt>
            <trkpt lat="47.614632000000000289219315163791179656982421875" lon="13.0774390000000000355839802068658173084259033203125">
                <ele>1430.449452160004511824809014797210693359375</ele>
            </trkpt>
            <trkpt lat="47.6147390000000001464286469854414463043212890625" lon="13.0775740000000002538627086323685944080352783203125">
                <ele>1434.64888384000414589536376297473907470703125</ele>
            </trkpt>
            <trkpt lat="47.61486000000000018417267710901796817779541015625" lon="13.0776009999999995869757185573689639568328857421875">
                <ele>1438.006998399996291482239030301570892333984375</ele>
            </trkpt>
            <trkpt lat="47.61521499999999917918103164993226528167724609375" lon="13.0774080000000001433591023669578135013580322265625">
                <ele>1444.044035199977543015847913920879364013671875</ele>
            </trkpt>
            <trkpt lat="47.61556800000000322370397043414413928985595703125" lon="13.07727799999999973579178913496434688568115234375">
                <ele>1450.5971046400873092352412641048431396484375</ele>
            </trkpt>
            <trkpt lat="47.61592799999999670035322196781635284423828125" lon="13.0771730000000001581383912707678973674774169921875">
                <ele>1455.653573759948585575330071151256561279296875</ele>
            </trkpt>
            <trkpt lat="47.61646700000000009822542779147624969482421875" lon="13.0770520000000001203943611471913754940032958984375">
                <ele>1458.036543360007954106549732387065887451171875</ele>
            </trkpt>
            <trkpt lat="47.61691499999999876990841585211455821990966796875" lon="13.0770070000000000476347850053571164608001708984375">
                <ele>1452.919948800028805635520257055759429931640625</ele>
            </trkpt>
            <trkpt lat="47.6171140000000008285496733151376247406005859375" lon="13.077123000000000274667399935424327850341796875">
                <ele>1454.914773119995288652717135846614837646484375</ele>
            </trkpt>
            <trkpt lat="47.6173500000000018417267710901796817779541015625" lon="13.0776690000000002100932761095464229583740234375">
                <ele>1473.703583999950978977722115814685821533203125</ele>
            </trkpt>
            <trkpt lat="47.6173890000000028521753847599029541015625" lon="13.077847999999999473175193998031318187713623046875">
                <ele>1479.237102719894437541370280086994171142578125</ele>
            </trkpt>
            <trkpt lat="47.61737699999999762212610221467912197113037109375" lon="13.07806599999999974670572555623948574066162109375">
                <ele>1487.818600320060568265034817159175872802734375</ele>
            </trkpt>
            <trkpt lat="47.61743700000000245609044213779270648956298828125" lon="13.0782790000000002095248419209383428096771240234375">
                <ele>1494.172116479940314093255437910556793212890625</ele>
            </trkpt>
            <trkpt lat="47.617558999999999969077180139720439910888671875" lon="13.0783670000000000754880602471530437469482421875">
                <ele>1496.452219040000500172027386724948883056640625</ele>
            </trkpt>
            <trkpt lat="47.6176650000000023510438040830194950103759765625" lon="13.0783339999999999037072484497912228107452392578125">
                <ele>1497.290724800035832231515087187290191650390625</ele>
            </trkpt>
            <trkpt lat="47.61772500000000007958078640513122081756591796875" lon="13.0783830000000005355786925065331161022186279296875">
                <ele>1499.662124000015182900824584066867828369140625</ele>
            </trkpt>
            <trkpt lat="47.61764099999999899637259659357368946075439453125" lon="13.078495000000000203499439521692693233489990234375">
                <ele>1501.426325599988558678887784481048583984375</ele>
            </trkpt>
            <trkpt lat="47.617513000000002421074896119534969329833984375" lon="13.078734000000000747832018532790243625640869140625">
                <ele>1506.2350985600569401867687702178955078125</ele>
            </trkpt>
            <trkpt lat="47.6174529999999975871105561964213848114013671875" lon="13.07891000000000047975845518521964550018310546875">
                <ele>1511.58559520003791476483456790447235107421875</ele>
            </trkpt>
            <trkpt lat="47.6174079999999975143509800545871257781982421875" lon="13.0790880000000004912408257951028645038604736328125">
                <ele>1516.67405696002469994709827005863189697265625</ele>
            </trkpt>
            <trkpt lat="47.6173840000000012651071301661431789398193359375" lon="13.0794309999999995852704159915447235107421875">
                <ele>1522.1072236800000609946437180042266845703125</ele>
            </trkpt>
            <trkpt lat="47.61743100000000339377947966568171977996826171875" lon="13.0798579999999997625081959995441138744354248046875">
                <ele>1528.213964160048590201768092811107635498046875</ele>
            </trkpt>
            <trkpt lat="47.61748300000000000409272615797817707061767578125" lon="13.08002499999999912461134954355657100677490234375">
                <ele>1531.256867999996529761119745671749114990234375</ele>
            </trkpt>
            <trkpt lat="47.61810799999999943565853754989802837371826171875" lon="13.08170199999999994133759173564612865447998046875">
                <ele>1557.750119679978752174065448343753814697265625</ele>
            </trkpt>
            <trkpt lat="47.61816900000000174486558535136282444000244140625" lon="13.0819069999999992859329722705297172069549560546875">
                <ele>1560.23617984005295511451549828052520751953125</ele>
            </trkpt>
            <trkpt lat="47.618234000000001060470822267234325408935546875" lon="13.0823540000000004823732524528168141841888427734375">
                <ele>1562.829729280027777349459938704967498779296875</ele>
            </trkpt>
            <trkpt lat="47.61819100000000304362401948310434818267822265625" lon="13.08373100000000022191670723259449005126953125">
                <ele>1557.69094032004022665205411612987518310546875</ele>
            </trkpt>
            <trkpt lat="47.61820900000000023055690689943730831146240234375" lon="13.083932000000000783757059252820909023284912109375">
                <ele>1556.26509695999584437231533229351043701171875</ele>
            </trkpt>
            <trkpt lat="47.61824800000000124100552056916058063507080078125" lon="13.084134999999999848796505830250680446624755859375">
                <ele>1554.957561600013150382437743246555328369140625</ele>
            </trkpt>
            <trkpt lat="47.6183539999999965175447869114577770233154296875" lon="13.08444300000000026784618967212736606597900390625">
                <ele>1551.446657920008874498307704925537109375</ele>
            </trkpt>
            <trkpt lat="47.61844700000000329964677803218364715576171875" lon="13.0845929999999999182591636781580746173858642578125">
                <ele>1548.80570655998553775134496390819549560546875</ele>
            </trkpt>
            <trkpt lat="47.61866599999999749570633866824209690093994140625" lon="13.084818999999999533656591665931046009063720703125">
                <ele>1543.832237440025664909626357257366180419921875</ele>
            </trkpt>
            <trkpt lat="47.618819000000002006345312111079692840576171875" lon="13.0849189999999993005985743366181850433349609375">
                <ele>1540.926688959998273276141844689846038818359375</ele>
            </trkpt>
            <trkpt lat="47.6190550000000030195224098861217498779296875" lon="13.0849770000000003022933015017770230770111083984375">
                <ele>1537.912609599969755436177365481853485107421875</ele>
            </trkpt>
            <trkpt lat="47.61916699999999735837263870052993297576904296875" lon="13.0849740000000007711378202657215297222137451171875">
                <ele>1537.062712639974279227317310869693756103515625</ele>
            </trkpt>
            <trkpt lat="47.61959999999999837427822058089077472686767578125" lon="13.0848139999999997229451764724217355251312255859375">
                <ele>1541.265152000001762644387781620025634765625</ele>
            </trkpt>
        </trkseg>
    </trk>
</gpx>
