<?xml version="1.0" encoding="UTF-8" standalone="yes"?>
<gpx xmlns="http://www.topografix.com/GPX/1/1" creator="alpenkarte.eu">
    <metadata>
        <name>übungsklettersteig Innsbrucker Hütte</name>
        <link href="alpenkarte.eu">
            <text>Route von alpenkarte.eu</text>
        </link>
        <bounds minlat="47.0271919999999994388417690061032772064208984375" minlon="11.3122050000000005098854671814478933811187744140625" maxlat="47.04380900000000309546521748416125774383544921875" maxlon="11.331452999999999775582182337529957294464111328125"/>
    </metadata>
    <trk>
        <name>übungsklettersteig Innsbrucker Hütte</name>
        <trkseg>
            <trkpt lat="47.0279570000000006757545634172856807708740234375" lon="11.331452999999999775582182337529957294464111328125">
                <ele>1284.3063999999967563780955970287322998046875</ele>
            </trkpt>
            <trkpt lat="47.0277549999999990859578247182071208953857421875" lon="11.33093900000000076033757068216800689697265625">
                <ele>1285.2760000000043874024413526058197021484375</ele>
            </trkpt>
            <trkpt lat="47.02753200000000077807271736674010753631591796875" lon="11.3305080000000000239879227592609822750091552734375">
                <ele>1286.391374079997376611572690308094024658203125</ele>
            </trkpt>
            <trkpt lat="47.02726700000000192858351510949432849884033203125" lon="11.329995000000000260342858382500708103179931640625">
                <ele>1287.912644799987901933491230010986328125</ele>
            </trkpt>
            <trkpt lat="47.02730900000000247018761001527309417724609375" lon="11.3298469999999991131289789336733520030975341796875">
                <ele>1288.11263775998895653174258768558502197265625</ele>
            </trkpt>
            <trkpt lat="47.0271919999999994388417690061032772064208984375" lon="11.329171999999999798092176206409931182861328125">
                <ele>1290.594330880002644335036166012287139892578125</ele>
            </trkpt>
            <trkpt lat="47.0272709999999989349817042239010334014892578125" lon="11.3282849999999992718358043930493295192718505859375">
                <ele>1297.313139200001387507654726505279541015625</ele>
            </trkpt>
            <trkpt lat="47.02732999999999918827597866766154766082763671875" lon="11.3280119999999993041228663059882819652557373046875">
                <ele>1302.29765120000001843436621129512786865234375</ele>
            </trkpt>
            <trkpt lat="47.0273499999999984311216394416987895965576171875" lon="11.32773399999999952569851302541792392730712890625">
                <ele>1307.193727999978591469698585569858551025390625</ele>
            </trkpt>
            <trkpt lat="47.0273279999999971323632053099572658538818359375" lon="11.3276219999999998577777660102583467960357666015625">
                <ele>1308.598603519943253559176810085773468017578125</ele>
            </trkpt>
            <trkpt lat="47.0273279999999971323632053099572658538818359375" lon="11.3276219999999998577777660102583467960357666015625">
                <ele>1308.598603519943253559176810085773468017578125</ele>
            </trkpt>
            <trkpt lat="47.02725099999999969213604344986379146575927734375" lon="11.327512999999999721012500231154263019561767578125">
                <ele>1308.629135359997235354967415332794189453125</ele>
            </trkpt>
            <trkpt lat="47.02735599999999749343260191380977630615234375" lon="11.3274209999999992959374139900319278240203857421875">
                <ele>1312.9653670399557086057029664516448974609375</ele>
            </trkpt>
            <trkpt lat="47.027748000000002548404154367744922637939453125" lon="11.32784099999999938290784484706819057464599609375">
                <ele>1315.500888320090552952024154365062713623046875</ele>
            </trkpt>
            <trkpt lat="47.028108000000003130480763502418994903564453125" lon="11.32783500000000032059688237495720386505126953125">
                <ele>1326.594003200088309313287027180194854736328125</ele>
            </trkpt>
            <trkpt lat="47.028108000000003130480763502418994903564453125" lon="11.32783500000000032059688237495720386505126953125">
                <ele>1326.594003200088309313287027180194854736328125</ele>
            </trkpt>
            <trkpt lat="47.0282330000000001746229827404022216796875" lon="11.3278499999999997527311279554851353168487548828125">
                <ele>1330.05147200001147211878560483455657958984375</ele>
            </trkpt>
            <trkpt lat="47.02852599999999938518158160150051116943359375" lon="11.32782399999999967121766530908644199371337890625">
                <ele>1337.41062271999771837727166712284088134765625</ele>
            </trkpt>
            <trkpt lat="47.02860799999999841247699805535376071929931640625" lon="11.327591999999999217152435448952019214630126953125">
                <ele>1345.74055807998593081720173358917236328125</ele>
            </trkpt>
            <trkpt lat="47.02860799999999841247699805535376071929931640625" lon="11.3273349999999997095301296212710440158843994140625">
                <ele>1353.22999039996329884161241352558135986328125</ele>
            </trkpt>
            <trkpt lat="47.02870200000000266982169705443084239959716796875" lon="11.3274120000000007024709702818654477596282958984375">
                <ele>1353.509726720049684445257298648357391357421875</ele>
            </trkpt>
            <trkpt lat="47.02891799999999733472577645443379878997802734375" lon="11.327223000000000041609382606111466884613037109375">
                <ele>1365.913353919917199164046905934810638427734375</ele>
            </trkpt>
            <trkpt lat="47.029010999999997011400409974157810211181640625" lon="11.327163999999999788315108162350952625274658203125">
                <ele>1370.9036691199135020724497735500335693359375</ele>
            </trkpt>
            <trkpt lat="47.029010999999997011400409974157810211181640625" lon="11.327163999999999788315108162350952625274658203125">
                <ele>1370.9036691199135020724497735500335693359375</ele>
            </trkpt>
            <trkpt lat="47.029145999999997229679138399660587310791015625" lon="11.327076999999999173951437114737927913665771484375">
                <ele>1378.566349759940521835233084857463836669921875</ele>
            </trkpt>
            <trkpt lat="47.0292280000000033624019124545156955718994140625" lon="11.32697399999999987585397320799529552459716796875">
                <ele>1384.43725056006542217801325023174285888671875</ele>
            </trkpt>
            <trkpt lat="47.02917000000000058435034588910639286041259765625" lon="11.3267170000000003682316673803143203258514404296875">
                <ele>1393.576867199997423085733316838741302490234375</ele>
            </trkpt>
            <trkpt lat="47.0291339999999991050572134554386138916015625" lon="11.3264680000000002024762579821981489658355712890625">
                <ele>1401.2164019199544782168231904506683349609375</ele>
            </trkpt>
            <trkpt lat="47.02932700000000210138750844635069370269775390625" lon="11.3264160000000000394493326894007623195648193359375">
                <ele>1408.73956096005485960631631314754486083984375</ele>
            </trkpt>
            <trkpt lat="47.0292400000000014870238373987376689910888671875" lon="11.3262619999999998299244907684624195098876953125">
                <ele>1412.20752640005093780928291380405426025390625</ele>
            </trkpt>
            <trkpt lat="47.02938000000000329237082041800022125244140625" lon="11.326142000000000820136847323738038539886474609375">
                <ele>1421.091308800071828954969532787799835205078125</ele>
            </trkpt>
            <trkpt lat="47.0294039999999995416146703064441680908203125" lon="11.32594399999999978945197653956711292266845703125">
                <ele>1429.853121279993729331181384623050689697265625</ele>
            </trkpt>
            <trkpt lat="47.02935699999999741294232080690562725067138671875" lon="11.3258500000000008611777957412414252758026123046875">
                <ele>1431.92101599987154258997179567813873291015625</ele>
            </trkpt>
            <trkpt lat="47.02948500000000109366737888194620609283447265625" lon="11.325815999999999661440597265027463436126708984375">
                <ele>1438.08214720005571507499553263187408447265625</ele>
            </trkpt>
            <trkpt lat="47.02959700000000253794496529735624790191650390625" lon="11.3257039999999999935198502498678863048553466796875">
                <ele>1447.281343360100663630873896181583404541015625</ele>
            </trkpt>
            <trkpt lat="47.02962000000000131194610730744898319244384765625" lon="11.3255579999999991258619047584943473339080810546875">
                <ele>1454.763251200094828163855709135532379150390625</ele>
            </trkpt>
            <trkpt lat="47.029684000000003152308636344969272613525390625" lon="11.3255320000000008207052815123461186885833740234375">
                <ele>1458.648175360096274744137190282344818115234375</ele>
            </trkpt>
            <trkpt lat="47.029730999999998175553628243505954742431640625" lon="11.3253520000000005296669769450090825557708740234375">
                <ele>1469.09260863989265999407507479190826416015625</ele>
            </trkpt>
            <trkpt lat="47.0298370000000005575202521868050098419189453125" lon="11.3252749999999995367261362844146788120269775390625">
                <ele>1477.67377600004920168430544435977935791015625</ele>
            </trkpt>
            <trkpt lat="47.02981299999999720284904469735920429229736328125" lon="11.3249739999999992079438015935011208057403564453125">
                <ele>1491.173979519896647616405971348285675048828125</ele>
            </trkpt>
            <trkpt lat="47.029977000000002362867235206067562103271484375" lon="11.3250089999999996592805473483167588710784912109375">
                <ele>1497.852376960139508810243569314479827880859375</ele>
            </trkpt>
            <trkpt lat="47.02993000000000023419488570652902126312255859375" lon="11.3247680000000006117488737800158560276031494140625">
                <ele>1508.320230399983074676129035651683807373046875</ele>
            </trkpt>
            <trkpt lat="47.03014699999999947976903058588504791259765625" lon="11.3247680000000006117488737800158560276031494140625">
                <ele>1519.57690239994417424895800650119781494140625</ele>
            </trkpt>
            <trkpt lat="47.03008799999999922647475614212453365325927734375" lon="11.3245880000000003207105692126788198947906494140625">
                <ele>1526.36671359994898011791519820690155029296875</ele>
            </trkpt>
            <trkpt lat="47.03018800000000254613041761331260204315185546875" lon="11.3246230000000007720473149674944579601287841796875">
                <ele>1529.21618560008255371940322220325469970703125</ele>
            </trkpt>
            <trkpt lat="47.03012300000000323052518069744110107421875" lon="11.3244080000000000296722646453417837619781494140625">
                <ele>1537.624249600143912175553850829601287841796875</ele>
            </trkpt>
            <trkpt lat="47.0304220000000015033947420306503772735595703125" lon="11.3245020000000007343032848439179360866546630859375">
                <ele>1546.244953600034705232246778905391693115234375</ele>
            </trkpt>
            <trkpt lat="47.0303219999999981837390805594623088836669921875" lon="11.3242279999999997386339600780047476291656494140625">
                <ele>1555.536390399939818962593562901020050048828125</ele>
            </trkpt>
            <trkpt lat="47.03070600000000212048689718358218669891357421875" lon="11.324149999999999494093572138808667659759521484375">
                <ele>1575.0753600001107770367525517940521240234375</ele>
            </trkpt>
            <trkpt lat="47.0306640000000015788828022778034210205078125" lon="11.3238900000000004553157850750721991062164306640625">
                <ele>1585.549824000038142912671901285648345947265625</ele>
            </trkpt>
            <trkpt lat="47.03076999999999685542206862010061740875244140625" lon="11.3233499999999995822008713730610907077789306640625">
                <ele>1613.920799999928931356407701969146728515625</ele>
            </trkpt>
            <trkpt lat="47.03085800000000205045580514706671237945556640625" lon="11.3231179999999991281356415129266679286956787109375">
                <ele>1631.451751680179540926474146544933319091796875</ele>
            </trkpt>
            <trkpt lat="47.03101600000000104273567558266222476959228515625" lon="11.3230839999999997047552824369631707668304443359375">
                <ele>1642.937383680078028191928751766681671142578125</ele>
            </trkpt>
            <trkpt lat="47.03114500000000219870344153605401515960693359375" lon="11.3232130000000008607230483903549611568450927734375">
                <ele>1644.770587200107684111571870744228363037109375</ele>
            </trkpt>
            <trkpt lat="47.03125" lon="11.3231780000000004093863026355393230915069580078125">
                <ele>1653.151199999984100941219367086887359619140625</ele>
            </trkpt>
            <trkpt lat="47.03122700000000122599885798990726470947265625" lon="11.323024000000000199861460714600980281829833984375">
                <ele>1657.9553145600611969712190330028533935546875</ele>
            </trkpt>
            <trkpt lat="47.03125" lon="11.322869000000000738737071515060961246490478515625">
                <ele>1665.387599999971143915900029242038726806640625</ele>
            </trkpt>
            <trkpt lat="47.0313900000000018053469830192625522613525390625" lon="11.32293800000000061345417634584009647369384765625">
                <ele>1669.87463040007378367590717971324920654296875</ele>
            </trkpt>
            <trkpt lat="47.0313900000000018053469830192625522613525390625" lon="11.3227840000000004039293344249017536640167236328125">
                <ele>1674.7932672000652019050903618335723876953125</ele>
            </trkpt>
            <trkpt lat="47.0315250000000020236257114447653293609619140625" lon="11.322869000000000738737071515060961246490478515625">
                <ele>1678.530312000078765777288936078548431396484375</ele>
            </trkpt>
            <trkpt lat="47.031553999999999859937815926969051361083984375" lon="11.3226980000000008175220500561408698558807373046875">
                <ele>1683.843306239976072902209125459194183349609375</ele>
            </trkpt>
            <trkpt lat="47.0315190000000029613147489726543426513671875" lon="11.3225350000000002381739250267855823040008544921875">
                <ele>1686.55358880008179767173714935779571533203125</ele>
            </trkpt>
            <trkpt lat="47.03160100000000198861016542650759220123291015625" lon="11.32243199999999916371962171979248523712158203125">
                <ele>1692.107431680082072489312849938869476318359375</ele>
            </trkpt>
            <trkpt lat="47.03175300000000191857907338999211788177490234375" lon="11.32243199999999916371962171979248523712158203125">
                <ele>1701.62458496020326492725871503353118896484375</ele>
            </trkpt>
            <trkpt lat="47.03175900000000098089003586210310459136962890625" lon="11.32208800000000081809048424474895000457763671875">
                <ele>1713.544881920061243363306857645511627197265625</ele>
            </trkpt>
            <trkpt lat="47.03179399999999787951310281641781330108642578125" lon="11.3217189999999998661905920016579329967498779296875">
                <ele>1728.781583359821752310381270945072174072265625</ele>
            </trkpt>
            <trkpt lat="47.03206899999999990313881426118314266204833984375" lon="11.321830999999999534111339016817510128021240234375">
                <ele>1749.1208326400073929107747972011566162109375</ele>
            </trkpt>
            <trkpt lat="47.03223299999999795772964716888964176177978515625" lon="11.3218569999999996156248016632162034511566162109375">
                <ele>1762.656882559834002677234821021556854248046875</ele>
            </trkpt>
            <trkpt lat="47.03226200000000289946910925209522247314453125" lon="11.32174499999999994770405464805662631988525390625">
                <ele>1768.573414400254478096030652523040771484375</ele>
            </trkpt>
            <trkpt lat="47.03242000000000189174897968769073486328125" lon="11.3217879999999997409076968324370682239532470703125">
                <ele>1781.0376896001735076424665749073028564453125</ele>
            </trkpt>
            <trkpt lat="47.03239700000000311774783767759799957275390625" lon="11.3216249999999991615595718030817806720733642578125">
                <ele>1783.874400000291871037916280329227447509765625</ele>
            </trkpt>
            <trkpt lat="47.03249600000000185673343366943299770355224609375" lon="11.321659000000000361296770279295742511749267578125">
                <ele>1791.366883200150596167077310383319854736328125</ele>
            </trkpt>
            <trkpt lat="47.03234400000000192676452570594847202301025390625" lon="11.3212039999999998229895936674438416957855224609375">
                <ele>1792.869868800147060028393752872943878173828125</ele>
            </trkpt>
            <trkpt lat="47.0322910000000007357812137342989444732666015625" lon="11.3207579999999996545057001640088856220245361328125">
                <ele>1804.46542944005841491161845624446868896484375</ele>
            </trkpt>
            <trkpt lat="47.03225599999999673173078917898237705230712890625" lon="11.3206199999999999050714905024506151676177978515625">
                <ele>1807.97266559981699174386449158191680908203125</ele>
            </trkpt>
            <trkpt lat="47.03226599999999990586729836650192737579345703125" lon="11.32048999999999949750417727045714855194091796875">
                <ele>1813.813123200015297697973437607288360595703125</ele>
            </trkpt>
            <trkpt lat="47.0323800000000034060576581396162509918212890625" lon="11.3206269999999999953388396534137427806854248046875">
                <ele>1814.79852480019553695456124842166900634765625</ele>
            </trkpt>
            <trkpt lat="47.0324150000000003046807250939309597015380859375" lon="11.3204100000000007497646947740577161312103271484375">
                <ele>1824.80887199998824144131503999233245849609375</ele>
            </trkpt>
            <trkpt lat="47.03239800000000059299054555594921112060546875" lon="11.320256000000000540239852853119373321533203125">
                <ele>1829.667978240008551438222639262676239013671875</ele>
            </trkpt>
            <trkpt lat="47.03241100000000329828253597952425479888916015625" lon="11.3202289999999994307700035278685390949249267578125">
                <ele>1831.293873120178204771946184337139129638671875</ele>
            </trkpt>
            <trkpt lat="47.03254100000000192949300981126725673675537109375" lon="11.320237999999999800593286636285483837127685546875">
                <ele>1838.647430400168332198518328368663787841796875</ele>
            </trkpt>
            <trkpt lat="47.0325849999999974215825204737484455108642578125" lon="11.32031500000000079353412729687988758087158203125">
                <ele>1839.83711999975321305100806057453155517578125</ele>
            </trkpt>
            <trkpt lat="47.03260999999999825149643584154546260833740234375" lon="11.3203130000000005139781933394260704517364501953125">
                <ele>1842.047183999833805501111783087253570556640625</ele>
            </trkpt>
            <trkpt lat="47.0326290000000000190993887372314929962158203125" lon="11.3202429999999996113047018297947943210601806640625">
                <ele>1845.85359360001393724814988672733306884765625</ele>
            </trkpt>
            <trkpt lat="47.03261499999999983856469043530523777008056640625" lon="11.320012999999999436795405927114188671112060546875">
                <ele>1851.922656000005417809006758034229278564453125</ele>
            </trkpt>
            <trkpt lat="47.03266899999999850479071028530597686767578125" lon="11.3200050000000000949285094975493848323822021484375">
                <ele>1856.32953599988240966922603547573089599609375</ele>
            </trkpt>
            <trkpt lat="47.03269300000000185946191777475178241729736328125" lon="11.3200289999999998968860381864942610263824462890625">
                <ele>1857.474393600147550387191586196422576904296875</ele>
            </trkpt>
            <trkpt lat="47.03272100000000222053131437860429286956787109375" lon="11.320021000000000555019141756929457187652587890625">
                <ele>1859.87566080015631087007932364940643310546875</ele>
            </trkpt>
            <trkpt lat="47.03275099999999753208612673915922641754150390625" lon="11.320057999999999509554982068948447704315185546875">
                <ele>1861.177670399820044622174464166164398193359375</ele>
            </trkpt>
            <trkpt lat="47.0327740000000034115146263502538204193115234375" lon="11.32004500000000035697667044587433338165283203125">
                <ele>1863.3323040002569541684351861476898193359375</ele>
            </trkpt>
            <trkpt lat="47.03273699999999735155142843723297119140625" lon="11.31988199999999977762854541651904582977294921875">
                <ele>1865.893752959817675218801014125347137451171875</ele>
            </trkpt>
            <trkpt lat="47.03275599999999911915438133291900157928466796875" lon="11.319855000000000444515535491518676280975341796875">
                <ele>1868.2090271999231845256872475147247314453125</ele>
            </trkpt>
            <trkpt lat="47.03278000000000247382558882236480712890625" lon="11.3198810000000005260289981379173696041107177734375">
                <ele>1869.040099200162558190640993416309356689453125</ele>
            </trkpt>
            <trkpt lat="47.0328260000000000218278728425502777099609375" lon="11.3198790000000002464730641804635524749755859375">
                <ele>1872.432341759995097163482569158077239990234375</ele>
            </trkpt>
            <trkpt lat="47.03286899999999803867467562668025493621826171875" lon="11.319933999999999940655470709316432476043701171875">
                <ele>1873.85778623985743251978419721126556396484375</ele>
            </trkpt>
            <trkpt lat="47.03286299999999897636371315456926822662353515625" lon="11.31983100000000064255800680257380008697509765625">
                <ele>1876.58516831990937134833075106143951416015625</ele>
            </trkpt>
            <trkpt lat="47.03280099999999919191395747475326061248779296875" lon="11.3196539999999998826751834712922573089599609375">
                <ele>1878.079973759953645640052855014801025390625</ele>
            </trkpt>
            <trkpt lat="47.032791000000003123204805888235569000244140625" lon="11.31952700000000078262019087560474872589111328125">
                <ele>1881.696646080159780467511154711246490478515625</ele>
            </trkpt>
            <trkpt lat="47.03280300000000124782673083245754241943359375" lon="11.319509000000000042973624658770859241485595703125">
                <ele>1883.000738880072958636446855962276458740234375</ele>
            </trkpt>
            <trkpt lat="47.03286700000000308818925986997783184051513671875" lon="11.3195449999999997459099176921881735324859619140625">
                <ele>1885.635681600193720441893674433231353759765625</ele>
            </trkpt>
            <trkpt lat="47.0328310000000016088961274363100528717041015625" lon="11.3194510000000008176357368938624858856201171875">
                <ele>1886.492840640065651314216665923595428466796875</ele>
            </trkpt>
            <trkpt lat="47.03283900000000272711986326612532138824462890625" lon="11.319435999999999609144651913084089756011962890625">
                <ele>1887.41842176016552912187762558460235595703125</ele>
            </trkpt>
            <trkpt lat="47.03293899999999894134816713631153106689453125" lon="11.3194929999999995828829923993907868862152099609375">
                <ele>1891.3928668799517254228703677654266357421875</ele>
            </trkpt>
            <trkpt lat="47.03294600000000258432919508777558803558349609375" lon="11.3194739999999995916368789039552211761474609375">
                <ele>1892.323925760160136633203364908695220947265625</ele>
            </trkpt>
            <trkpt lat="47.03298699999999854526322451420128345489501953125" lon="11.3194739999999995916368789039552211761474609375">
                <ele>1894.66529471992862454499118030071258544921875</ele>
            </trkpt>
            <trkpt lat="47.03302999999999656211002729833126068115234375" lon="11.3195069999999997634176907013170421123504638671875">
                <ele>1896.310502399806182438624091446399688720703125</ele>
            </trkpt>
            <trkpt lat="47.0330790000000007466951501555740833282470703125" lon="11.319648000000000820364220999181270599365234375">
                <ele>1895.9654284800299137714318931102752685546875</ele>
            </trkpt>
            <trkpt lat="47.0330909999999988713170750997960567474365234375" lon="11.31963400000000063982952269725501537322998046875">
                <ele>1897.040703359915596593054942786693572998046875</ele>
            </trkpt>
            <trkpt lat="47.03308700000000186491888598538935184478759765625" lon="11.3195700000000005758238330599851906299591064453125">
                <ele>1898.2233696001012503984384238719940185546875</ele>
            </trkpt>
            <trkpt lat="47.0331240000000008194547262974083423614501953125" lon="11.3196250000000002700062395888380706310272216796875">
                <ele>1899.31224000004658591933548450469970703125</ele>
            </trkpt>
            <trkpt lat="47.03313800000000099998942459933459758758544921875" lon="11.3196220000000007388507583527825772762298583984375">
                <ele>1900.25241984004833284416235983371734619140625</ele>
            </trkpt>
            <trkpt lat="47.03316199999999724923327448777854442596435546875" lon="11.3194479999999995101234162575565278530120849609375">
                <ele>1905.1689254398561388370580971240997314453125</ele>
            </trkpt>
            <trkpt lat="47.03318300000000107274900074116885662078857421875" lon="11.3193789999999996354063114267773926258087158203125">
                <ele>1907.646886080065087298862636089324951171875</ele>
            </trkpt>
            <trkpt lat="47.03320800000000190266291610896587371826171875" lon="11.31936400000000020327206584624946117401123046875">
                <ele>1909.254017280097968978225253522396087646484375</ele>
            </trkpt>
            <trkpt lat="47.03320999999999685314833186566829681396484375" lon="11.31918399999999991223376127891242504119873046875">
                <ele>1912.56716159985671765753068029880523681640625</ele>
            </trkpt>
            <trkpt lat="47.03324500000000085719875642098486423492431640625" lon="11.31917800000000084992279880680143833160400390625">
                <ele>1914.28491840002607204951345920562744140625</ele>
            </trkpt>
            <trkpt lat="47.0332599999999985129761626012623310089111328125" lon="11.319193999999999533656591665931046009063720703125">
                <ele>1914.72015359993883976130746304988861083984375</ele>
            </trkpt>
            <trkpt lat="47.0332719999999966375980875454843044281005859375" lon="11.319165999999999172587195062078535556793212890625">
                <ele>1915.722154239870860692462883889675140380859375</ele>
            </trkpt>
            <trkpt lat="47.03339600000000331192495650611817836761474609375" lon="11.3193269999999994723793861339800059795379638671875">
                <ele>1922.133452160311890111188404262065887451171875</ele>
            </trkpt>
            <trkpt lat="47.03343399999999974170350469648838043212890625" lon="11.3194490000000005380798029364086687564849853515625">
                <ele>1923.86818367996966117061674594879150390625</ele>
            </trkpt>
            <trkpt lat="47.03345999999999804686012794263660907745361328125" lon="11.3194590000000001595026333234272897243499755859375">
                <ele>1926.07062719982195631018839776515960693359375</ele>
            </trkpt>
            <trkpt lat="47.0335170000000033496689866296947002410888671875" lon="11.319288000000000238287611864507198333740234375">
                <ele>1933.8328780803058180026710033416748046875</ele>
            </trkpt>
            <trkpt lat="47.03353200000000100544639280997216701507568359375" lon="11.3191360000000003083187039010226726531982421875">
                <ele>1937.781976320087096610222943127155303955078125</ele>
            </trkpt>
            <trkpt lat="47.033513999999996713086147792637348175048828125" lon="11.3190760000000008034248821786604821681976318359375">
                <ele>1937.4737702396805616444908082485198974609375</ele>
            </trkpt>
            <trkpt lat="47.033512000000001762600732035934925079345703125" lon="11.3189899999999994406607584096491336822509765625">
                <ele>1939.250860800171949449577368795871734619140625</ele>
            </trkpt>
            <trkpt lat="47.03352100000000035606717574410140514373779296875" lon="11.318977000000000288082446786575019359588623046875">
                <ele>1940.355222720025949456612579524517059326171875</ele>
            </trkpt>
            <trkpt lat="47.0335960000000028458089218474924564361572265625" lon="11.3190919999999994871586750377900898456573486328125">
                <ele>1944.661413120273437016294337809085845947265625</ele>
            </trkpt>
            <trkpt lat="47.0336190000000016198100638575851917266845703125" lon="11.31908800000000070440364652313292026519775390625">
                <ele>1946.862155520135047481744550168514251708984375</ele>
            </trkpt>
            <trkpt lat="47.03359499999999826513885636813938617706298828125" lon="11.3188849999999998630073605454526841640472412109375">
                <ele>1948.94215199985092112910933792591094970703125</ele>
            </trkpt>
            <trkpt lat="47.0335960000000028458089218474924564361572265625" lon="11.318535000000000678710421198047697544097900390625">
                <ele>1956.416697600216366481618024408817291259765625</ele>
            </trkpt>
            <trkpt lat="47.03357799999999855344867683015763759613037109375" lon="11.318448000000000064346750150434672832489013671875">
                <ele>1956.828791039884663405246101319789886474609375</ele>
            </trkpt>
            <trkpt lat="47.033602000000001908119884319603443145751953125" lon="11.318419999999999703277353546582162380218505859375">
                <ele>1959.3150144001565422513522207736968994140625</ele>
            </trkpt>
            <trkpt lat="47.03365800000000263025867752730846405029296875" lon="11.31848600000000004683897714130580425262451171875">
                <ele>1962.40324608020955565734766423702239990234375</ele>
            </trkpt>
            <trkpt lat="47.03367300000000028603608370758593082427978515625" lon="11.318478999999999956571627990342676639556884765625">
                <ele>1963.738278720024027279578149318695068359375</ele>
            </trkpt>
            <trkpt lat="47.03364599999999740020939498208463191986083984375" lon="11.3183930000000003701643436215817928314208984375">
                <ele>1963.313700479790213648811914026737213134765625</ele>
            </trkpt>
            <trkpt lat="47.03370199999999812234818818978965282440185546875" lon="11.318419999999999703277353546582162380218505859375">
                <ele>1967.169734399858498363755643367767333984375</ele>
            </trkpt>
            <trkpt lat="47.03367300000000028603608370758593082427978515625" lon="11.318132999999999555029717157594859600067138671875">
                <ele>1973.244518400033712168806232511997222900390625</ele>
            </trkpt>
            <trkpt lat="47.0337770000000006120899342931807041168212890625" lon="11.31815100000000029467628337442874908447265625">
                <ele>1979.54123520003258818178437650203704833984375</ele>
            </trkpt>
            <trkpt lat="47.03381499999999704186848248355090618133544921875" lon="11.3182279999999995112602846347726881504058837890625">
                <ele>1980.131231999803048893227241933345794677734375</ele>
            </trkpt>
            <trkpt lat="47.0338210000000032096068025566637516021728515625" lon="11.31819300000000083628037828020751476287841796875">
                <ele>1981.420492800200008787214756011962890625</ele>
            </trkpt>
            <trkpt lat="47.03379000000000331738192471675574779510498046875" lon="11.318054000000000058889781939797103404998779296875">
                <ele>1982.97321600019995457842014729976654052734375</ele>
            </trkpt>
            <trkpt lat="47.03381999999999862893673707731068134307861328125" lon="11.3180619999999994007566783693619072437286376953125">
                <ele>1984.596383999931049402221105992794036865234375</ele>
            </trkpt>
            <trkpt lat="47.0338449999999994588506524451076984405517578125" lon="11.3180969999999998520934241241775453090667724609375">
                <ele>1985.30918399996926382300443947315216064453125</ele>
            </trkpt>
            <trkpt lat="47.03385399999999805231709615327417850494384765625" lon="11.318084999999999951114659779705107212066650390625">
                <ele>1986.151583999879449038417078554630279541015625</ele>
            </trkpt>
            <trkpt lat="47.03384100000000245245246333070099353790283203125" lon="11.31801600000000007639755494892597198486328125">
                <ele>1986.96466560014187052729539573192596435546875</ele>
            </trkpt>
            <trkpt lat="47.03378699999999668079908587969839572906494140625" lon="11.31792300000000039972292142920196056365966796875">
                <ele>1986.284697599812943735742010176181793212890625</ele>
            </trkpt>
            <trkpt lat="47.0337999999999993860910763032734394073486328125" lon="11.3178870000000006967866283957846462726593017578125">
                <ele>1987.9089599999506390304304659366607666015625</ele>
            </trkpt>
            <trkpt lat="47.033895999999998593921191059052944183349609375" lon="11.3179090000000002191882231272757053375244140625">
                <ele>1992.365126399922019118093885481357574462890625</ele>
            </trkpt>
            <trkpt lat="47.03393100000000259797161561436951160430908203125" lon="11.317949999999999732835931354202330112457275390625">
                <ele>1993.444320000147172322613187134265899658203125</ele>
            </trkpt>
            <trkpt lat="47.03393700000000166028257808648049831390380859375" lon="11.317859999999999587316779070533812046051025390625">
                <ele>1995.395232000089663415565155446529388427734375</ele>
            </trkpt>
            <trkpt lat="47.0338899999999995316102285869419574737548828125" lon="11.3177850000000006502887117676436901092529296875">
                <ele>1994.622239999965358947520144283771514892578125</ele>
            </trkpt>
            <trkpt lat="47.03402799999999928104443824850022792816162109375" lon="11.31779900000000083082341006956994533538818359375">
                <ele>2000.683027199956313779694028198719024658203125</ele>
            </trkpt>
            <trkpt lat="47.03403300000000086811269284226000308990478515625" lon="11.3177719999999997213535607443191111087799072265625">
                <ele>2001.250617600042232879786752164363861083984375</ele>
            </trkpt>
            <trkpt lat="47.03399900000000144473233376629650592803955078125" lon="11.3177029999999998466364559135399758815765380859375">
                <ele>2000.736307200060764444060623645782470703125</ele>
            </trkpt>
            <trkpt lat="47.034053999999997586201061494648456573486328125" lon="11.31770099999999956708052195608615875244140625">
                <ele>2002.985990399907450409955345094203948974609375</ele>
            </trkpt>
            <trkpt lat="47.0339919999999978017513058148324489593505859375" lon="11.3176210000000008193410394596867263317108154296875">
                <ele>2001.671443199909163013217039406299591064453125</ele>
            </trkpt>
            <trkpt lat="47.03403800000000245518094743601977825164794921875" lon="11.3175849999999993400479070260189473628997802734375">
                <ele>2003.756448000090813366114161908626556396484375</ele>
            </trkpt>
            <trkpt lat="47.03395900000000295904101221822202205657958984375" lon="11.3175299999999996458655004971660673618316650390625">
                <ele>2002.016352000096276242402382194995880126953125</ele>
            </trkpt>
            <trkpt lat="47.03396000000000043428372009657323360443115234375" lon="11.3174980000000005020410753786563873291015625">
                <ele>2002.63607039999214975978247821331024169921875</ele>
            </trkpt>
            <trkpt lat="47.03401999999999816282070241868495941162109375" lon="11.31746700000000060981619753874838352203369140625">
                <ele>2005.652179199925740249454975128173828125</ele>
            </trkpt>
            <trkpt lat="47.03412900000000007594280759803950786590576171875" lon="11.3174820000000000419504431192763149738311767578125">
                <ele>2008.089560640001991487224586308002471923828125</ele>
            </trkpt>
            <trkpt lat="47.034143000000000256477505899965763092041015625" lon="11.3174639999999993023038769024424254894256591796875">
                <ele>2009.147525760034341146820224821567535400390625</ele>
            </trkpt>
            <trkpt lat="47.0340869999999995343387126922607421875" lon="11.317351999999999634383129887282848358154296875">
                <ele>2011.9920211200051198829896748065948486328125</ele>
            </trkpt>
            <trkpt lat="47.0342229999999972278601489961147308349609375" lon="11.317325000000000301270119962282478809356689453125">
                <ele>2017.8352399998411783599294722080230712890625</ele>
            </trkpt>
            <trkpt lat="47.0342270000000013396856957115232944488525390625" lon="11.3173019999999997509121385519392788410186767578125">
                <ele>2018.85877760008179393480531871318817138671875</ele>
            </trkpt>
            <trkpt lat="47.0341760000000022046151570975780487060546875" lon="11.317209999999999325837052310816943645477294921875">
                <ele>2019.4274240001404905342496931552886962890625</ele>
            </trkpt>
            <trkpt lat="47.03408999999999906549419392831623554229736328125" lon="11.3171230000000004878302206634543836116790771484375">
                <ele>2020.9877615999694171478040516376495361328125</ele>
            </trkpt>
            <trkpt lat="47.03408999999999906549419392831623554229736328125" lon="11.3171020000000002170281732105650007724761962890625">
                <ele>2021.80635839998058145283721387386322021484375</ele>
            </trkpt>
            <trkpt lat="47.03429299999999813053364050574600696563720703125" lon="11.317069000000000045247361413203179836273193359375">
                <ele>2030.35712479990570500376634299755096435546875</ele>
            </trkpt>
            <trkpt lat="47.03435499999999791498339618556201457977294921875" lon="11.31707899999999966667019180022180080413818359375">
                <ele>2033.136247999907254779827781021595001220703125</ele>
            </trkpt>
            <trkpt lat="47.0345089999999999008650775067508220672607421875" lon="11.317206999999999794681571074761450290679931640625">
                <ele>2036.911227200002258541644550859928131103515625</ele>
            </trkpt>
            <trkpt lat="47.034547000000003436070983298122882843017578125" lon="11.317266000000000047975845518521964550018310546875">
                <ele>2037.09322880018180512706749141216278076171875</ele>
            </trkpt>
            <trkpt lat="47.0346329999999994697645888663828372955322265625" lon="11.317446000000000339014150085859000682830810546875">
                <ele>2036.3825791999615830718539655208587646484375</ele>
            </trkpt>
            <trkpt lat="47.03463599999999900092007010243833065032958984375" lon="11.31755700000000075533534982241690158843994140625">
                <ele>2033.84929663993034409941174089908599853515625</ele>
            </trkpt>
            <trkpt lat="47.03465800000000029967850423417985439300537109375" lon="11.31763600000000025147528504021465778350830078125">
                <ele>2033.441500160010264153243042528629302978515625</ele>
            </trkpt>
            <trkpt lat="47.03464999999999918145476840436458587646484375" lon="11.3177179999999992787707014940679073333740234375">
                <ele>2031.375583999973741811118088662624359130859375</ele>
            </trkpt>
            <trkpt lat="47.03469700000000131012711790390312671661376953125" lon="11.3180080000000007345306585193611681461334228515625">
                <ele>2027.437512320036830715253017842769622802734375</ele>
            </trkpt>
            <trkpt lat="47.0346440000000001191438059322535991668701171875" lon="11.3182729999999995840198607766069471836090087890625">
                <ele>2020.021955840011969485203735530376434326171875</ele>
            </trkpt>
            <trkpt lat="47.03465099999999665669747628271579742431640625" lon="11.3183279999999992782022673054598271846771240234375">
                <ele>2019.13743295991343984496779739856719970703125</ele>
            </trkpt>
            <trkpt lat="47.03469299999999719830157118849456310272216796875" lon="11.3183369999999996480255504138767719268798828125">
                <ele>2020.19644015992571439710445702075958251953125</ele>
            </trkpt>
            <trkpt lat="47.03474899999999792044036439619958400726318359375" lon="11.3181840000000004664570951717905700206756591796875">
                <ele>2025.44174911991694898460991680622100830078125</ele>
            </trkpt>
            <trkpt lat="47.03487799999999907640813034959137439727783203125" lon="11.317961000000000382215148420073091983795166015625">
                <ele>2036.0177465599508650484494864940643310546875</ele>
            </trkpt>
            <trkpt lat="47.03515300000000110003384179435670375823974609375" lon="11.317617999999999511828718823380768299102783203125">
                <ele>2053.07921792002525762654840946197509765625</ele>
            </trkpt>
            <trkpt lat="47.03576699999999988222043612040579319000244140625" lon="11.317479999999999762394509161822497844696044921875">
                <ele>2063.608275200009302352555096149444580078125</ele>
            </trkpt>
            <trkpt lat="47.03594799999999764850144856609404087066650390625" lon="11.3173089999999998411794877029024064540863037109375">
                <ele>2072.52858623997281029005534946918487548828125</ele>
            </trkpt>
            <trkpt lat="47.0361649999999968940755934454500675201416015625" lon="11.3173089999999998411794877029024064540863037109375">
                <ele>2075.734735199961505713872611522674560546875</ele>
            </trkpt>
            <trkpt lat="47.0364339999999998553903424181044101715087890625" lon="11.3172230000000002547722033341415226459503173828125">
                <ele>2082.78841823999027837999165058135986328125</ele>
            </trkpt>
            <trkpt lat="47.03664500000000003865352482534945011138916015625" lon="11.317069000000000045247361413203179836273193359375">
                <ele>2091.201141600000482867471873760223388671875</ele>
            </trkpt>
            <trkpt lat="47.0373000000000018872015061788260936737060546875" lon="11.3172920000000001294893081649206578731536865234375">
                <ele>2084.120223999998415820300579071044921875</ele>
            </trkpt>
            <trkpt lat="47.037475000000000591171556152403354644775390625" lon="11.316922999999999177589415921829640865325927734375">
                <ele>2094.48983200002248850069008767604827880859375</ele>
            </trkpt>
            <trkpt lat="47.0376270000000005211404641158878803253173828125" lon="11.31645400000000023510438040830194950103759765625">
                <ele>2108.13904512001181501545943319797515869140625</ele>
            </trkpt>
            <trkpt lat="47.03799000000000063437255448661744594573974609375" lon="11.31625700000000023237589630298316478729248046875">
                <ele>2120.364835200014567817561328411102294921875</ele>
            </trkpt>
            <trkpt lat="47.03827100000000172030922840349376201629638671875" lon="11.3162479999999998625526131945662200450897216796875">
                <ele>2127.86987712004656714270822703838348388671875</ele>
            </trkpt>
            <trkpt lat="47.038330000000001973603502847254276275634765625" lon="11.3165919999999999845385900698602199554443359375">
                <ele>2126.9397504000580738647840917110443115234375</ele>
            </trkpt>
            <trkpt lat="47.03842900000000071258909883908927440643310546875" lon="11.3166770000000003193463271600194275379180908203125">
                <ele>2128.58662352001147155533544719219207763671875</ele>
            </trkpt>
            <trkpt lat="47.03858699999999970486896927468478679656982421875" lon="11.31645400000000023510438040830194950103759765625">
                <ele>2134.81834591998995165340602397918701171875</ele>
            </trkpt>
            <trkpt lat="47.038984999999996716724126599729061126708984375" lon="11.315775999999999612555257044732570648193359375">
                <ele>2155.2494143998837898834608495235443115234375</ele>
            </trkpt>
            <trkpt lat="47.03918399999999877536538406275212764739990234375" lon="11.31560400000000043974068830721080303192138671875">
                <ele>2162.91791743995645447284914553165435791015625</ele>
            </trkpt>
            <trkpt lat="47.039399000000003070454113185405731201171875" lon="11.3155160000000005737774699809961020946502685546875">
                <ele>2170.846703360104584135115146636962890625</ele>
            </trkpt>
            <trkpt lat="47.03965099999999921465132501907646656036376953125" lon="11.3153190000000005710489858756773173809051513671875">
                <ele>2181.69124975996464854688383638858795166015625</ele>
            </trkpt>
            <trkpt lat="47.04005500000000239424480241723358631134033203125" lon="11.31554200000000065529093262739479541778564453125">
                <ele>2194.46397920011122550931759178638458251953125</ele>
            </trkpt>
            <trkpt lat="47.04010699999999900455804890953004360198974609375" lon="11.3157219999999991699723977944813668727874755859375">
                <ele>2194.57293727996102461474947631359100341796875</ele>
            </trkpt>
            <trkpt lat="47.040312000000000125510268844664096832275390625" lon="11.3154219999999998691464497824199497699737548828125">
                <ele>2208.967988480007988982833921909332275390625</ele>
            </trkpt>
            <trkpt lat="47.0404290000000031568561098538339138031005859375" lon="11.31504400000000032378011383116245269775390625">
                <ele>2219.53994432014815174625255167484283447265625</ele>
            </trkpt>
            <trkpt lat="47.0406449999999978217601892538368701934814453125" lon="11.3147520000000003648210622486658394336700439453125">
                <ele>2234.49188479988879407756030559539794921875</ele>
            </trkpt>
            <trkpt lat="47.04084399999999988040144671685993671417236328125" lon="11.3146579999999996601900420500896871089935302734375">
                <ele>2245.8573375999994823359884321689605712890625</ele>
            </trkpt>
            <trkpt lat="47.04090800000000172076397575438022613525390625" lon="11.3148040000000005278479875414632260799407958984375">
                <ele>2247.388921600098910857923328876495361328125</ele>
            </trkpt>
            <trkpt lat="47.0410370000000028767317417077720165252685546875" lon="11.3147520000000003648210622486658394336700439453125">
                <ele>2255.89813120016924585797823965549468994140625</ele>
            </trkpt>
            <trkpt lat="47.04122399999999970532371662557125091552734375" lon="11.3147870000000008161578080034814774990081787109375">
                <ele>2266.93469439997761583072133362293243408203125</ele>
            </trkpt>
            <trkpt lat="47.0413649999999989859134075231850147247314453125" lon="11.314564000000000731915861251763999462127685546875">
                <ele>2275.876767999943695031106472015380859375</ele>
            </trkpt>
            <trkpt lat="47.0414109999999965339156915433704853057861328125" lon="11.3143750000000000710542735760100185871124267578125">
                <ele>2278.42119999982924127834849059581756591796875</ele>
            </trkpt>
            <trkpt lat="47.04140000000000298996383207850158214569091796875" lon="11.314099999999999823785401531495153903961181640625">
                <ele>2276.62960000012071759556420147418975830078125</ele>
            </trkpt>
            <trkpt lat="47.041527999999999565261532552540302276611328125" lon="11.3138600000000000278532752417959272861480712890625">
                <ele>2276.393363199984378297813236713409423828125</ele>
            </trkpt>
            <trkpt lat="47.04157500000000169393388205207884311676025390625" lon="11.3137050000000005667288860422559082508087158203125">
                <ele>2274.3270400000683366670273244380950927734375</ele>
            </trkpt>
            <trkpt lat="47.04172200000000003683453542180359363555908203125" lon="11.313739999999999241708792396821081638336181640625">
                <ele>2281.35042559998100841767154633998870849609375</ele>
            </trkpt>
            <trkpt lat="47.04187900000000155387169797904789447784423828125" lon="11.314066000000000400405042455531656742095947265625">
                <ele>2299.5909612801042385399341583251953125</ele>
            </trkpt>
            <trkpt lat="47.042067000000002963133738376200199127197265625" lon="11.3140400000000003188915798091329634189605712890625">
                <ele>2310.07223360018588209641166031360626220703125</ele>
            </trkpt>
            <trkpt lat="47.0422190000000028931026463396847248077392578125" lon="11.3139540000000007324842954403720796108245849609375">
                <ele>2316.3352275201932570780627429485321044921875</ele>
            </trkpt>
            <trkpt lat="47.042316999999997051418176852166652679443359375" lon="11.3137670000000003511786417220719158649444580078125">
                <ele>2315.7549612798438829486258327960968017578125</ele>
            </trkpt>
            <trkpt lat="47.0424440000000032569005270488560199737548828125" lon="11.313748000000000359932528226636350154876708984375">
                <ele>2322.270890240195512888021767139434814453125</ele>
            </trkpt>
            <trkpt lat="47.0425010000000014542820281349122524261474609375" lon="11.3137659999999993232222550432197749614715576171875">
                <ele>2326.142969600072319735772907733917236328125</ele>
            </trkpt>
            <trkpt lat="47.04252600000000228419594350270926952362060546875" lon="11.31384800000000012687451089732348918914794921875">
                <ele>2330.7385088001537951640784740447998046875</ele>
            </trkpt>
            <trkpt lat="47.0425570000000021764208213426172733306884765625" lon="11.31386499999999983856469043530523777008056640625">
                <ele>2333.37600800013615298666991293430328369140625</ele>
            </trkpt>
            <trkpt lat="47.04260500000000178033587872050702571868896484375" lon="11.3139540000000007324842954403720796108245849609375">
                <ele>2339.59155200013856301666237413883209228515625</ele>
            </trkpt>
            <trkpt lat="47.0426479999999997971826815046370029449462890625" lon="11.3139260000000003714148988365195691585540771484375">
                <ele>2341.40650879999839162337593734264373779296875</ele>
            </trkpt>
            <trkpt lat="47.0426810000000017453203327022492885589599609375" lon="11.3139529999999997045279087615199387073516845703125">
                <ele>2344.44210080010134333861060440540313720703125</ele>
            </trkpt>
            <trkpt lat="47.04269599999999940109773888252675533294677734375" lon="11.3139120000000001908802005345933139324188232421875">
                <ele>2344.045971199966515996493399143218994140625</ele>
            </trkpt>
            <trkpt lat="47.04270900000000210638972930610179901123046875" lon="11.3139149999999997220356817706488072872161865234375">
                <ele>2344.98821600012661292566917836666107177734375</ele>
            </trkpt>
            <trkpt lat="47.0427260000000018180799088440835475921630859375" lon="11.3140230000000006072014002711512148380279541015625">
                <ele>2349.626748800134009798057377338409423828125</ele>
            </trkpt>
            <trkpt lat="47.042743000000001529770088382065296173095703125" lon="11.3140359999999997597797118942253291606903076171875">
                <ele>2351.124828800087925628758966922760009765625</ele>
            </trkpt>
            <trkpt lat="47.042833000000001675289240665733814239501953125" lon="11.3137910000000001531361704110167920589447021484375">
                <ele>2349.1569968001158486003987491130828857421875</ele>
            </trkpt>
            <trkpt lat="47.042912999999998646671883761882781982421875" lon="11.3136770000000002056594894384033977985382080078125">
                <ele>2351.0597455999131852877326309680938720703125</ele>
            </trkpt>
            <trkpt lat="47.0430879999999973506419337354600429534912109375" lon="11.3135799999999999698729880037717521190643310546875">
                <ele>2360.33302399981403141282498836517333984375</ele>
            </trkpt>
            <trkpt lat="47.04324700000000092359186965040862560272216796875" lon="11.3134390000000006892832971061579883098602294921875">
                <ele>2367.84776480008304133662022650241851806640625</ele>
            </trkpt>
            <trkpt lat="47.0432780000000008158167474903166294097900390625" lon="11.313444000000000499994712299667298793792724609375">
                <ele>2370.193779200069911894388496875762939453125</ele>
            </trkpt>
            <trkpt lat="47.04336599999999890542312641628086566925048828125" lon="11.313389000000000805812305770814418792724609375">
                <ele>2370.9831257600808385177515447139739990234375</ele>
            </trkpt>
            <trkpt lat="47.04354699999999667170413886196911334991455078125" lon="11.31313300000000054978954722173511981964111328125">
                <ele>2355.9109928001926164142787456512451171875</ele>
            </trkpt>
            <trkpt lat="47.043553000000002839442458935081958770751953125" lon="11.31307100000000076533979154191911220550537109375">
                <ele>2354.48890639985847883508540689945220947265625</ele>
            </trkpt>
            <trkpt lat="47.0435930000000013251337804831564426422119140625" lon="11.3129989999999995831103660748340189456939697265625">
                <ele>2351.060669599921311601065099239349365234375</ele>
            </trkpt>
            <trkpt lat="47.04364799999999746660250821150839328765869140625" lon="11.312839000000000311274561681784689426422119140625">
                <ele>2345.381561600139320944435894489288330078125</ele>
            </trkpt>
            <trkpt lat="47.0436720000000008212737157009541988372802734375" lon="11.31260400000000032605385058559477329254150390625">
                <ele>2340.17440639996357276686467230319976806640625</ele>
            </trkpt>
            <trkpt lat="47.0436279999999982237568474374711513519287109375" lon="11.312357999999999691453922423534095287322998046875">
                <ele>2341.6109465600920884753577411174774169921875</ele>
            </trkpt>
            <trkpt lat="47.04364799999999746660250821150839328765869140625" lon="11.3122050000000005098854671814478933811187744140625">
                <ele>2341.63112960012585972435772418975830078125</ele>
            </trkpt>
            <trkpt lat="47.04369799999999912643033894710242748260498046875" lon="11.3125079999999993418668964295648038387298583984375">
                <ele>2337.25339520003353754873387515544891357421875</ele>
            </trkpt>
            <trkpt lat="47.04369799999999912643033894710242748260498046875" lon="11.3125079999999993418668964295648038387298583984375">
                <ele>2337.25339520003353754873387515544891357421875</ele>
            </trkpt>
            <trkpt lat="47.0437170000000008940332918427884578704833984375" lon="11.3128709999999994550989868002943694591522216796875">
                <ele>2342.26154959994391902000643312931060791015625</ele>
            </trkpt>
            <trkpt lat="47.04364699999999999135980033315718173980712890625" lon="11.3133110000000005612719178316183388233184814453125">
                <ele>2353.430837600009908783249557018280029296875</ele>
            </trkpt>
            <trkpt lat="47.0436490000000020472725736908614635467529296875" lon="11.3134139999999998593693817383609712123870849609375">
                <ele>2355.48572863988010794855654239654541015625</ele>
            </trkpt>
            <trkpt lat="47.043688000000003057721187360584735870361328125" lon="11.3135309999999993380015439470298588275909423828125">
                <ele>2355.83699071980890948907472193241119384765625</ele>
            </trkpt>
            <trkpt lat="47.04377199999999703550201957114040851593017578125" lon="11.3136039999999997718305166927166283130645751953125">
                <ele>2352.57130112016648126882500946521759033203125</ele>
            </trkpt>
            <trkpt lat="47.04380900000000309546521748416125774383544921875" lon="11.3137629999999997920667738071642816066741943359375">
                <ele>2353.80718207981271916651166975498199462890625</ele>
            </trkpt>
            <trkpt lat="47.04380499999999898363967076875269412994384765625" lon="11.3138039999999993057144820340909063816070556640625">
                <ele>2354.9152928000448810053057968616485595703125</ele>
            </trkpt>
            <trkpt lat="47.04375999999999891088009462691843509674072265625" lon="11.3137729999999994134896041941829025745391845703125">
                <ele>2356.90747520005106707685627043247222900390625</ele>
            </trkpt>
            <trkpt lat="47.04374899999999826150087756104767322540283203125" lon="11.3137889999999998735802364535629749298095703125">
                <ele>2357.90142464009977629757486283779144287109375</ele>
            </trkpt>
            <trkpt lat="47.04373799999999761212166049517691135406494140625" lon="11.313959000000000543195710633881390094757080078125">
                <ele>2362.23444608015461199101991951465606689453125</ele>
            </trkpt>
            <trkpt lat="47.0436339999999972860678099095821380615234375" lon="11.3141780000000000683257894706912338733673095703125">
                <ele>2373.30432064016667936812154948711395263671875</ele>
            </trkpt>
            <trkpt lat="47.0436169999999975743776303716003894805908203125" lon="11.3142540000000000333102434524334967136383056640625">
                <ele>2375.713821760147766326554119586944580078125</ele>
            </trkpt>
            <trkpt lat="47.0436279999999982237568474374711513519287109375" lon="11.314361999999999142119122552685439586639404296875">
                <ele>2376.9966515200912908767350018024444580078125</ele>
            </trkpt>
            <trkpt lat="47.0436279999999982237568474374711513519287109375" lon="11.314361999999999142119122552685439586639404296875">
                <ele>2376.9966515200912908767350018024444580078125</ele>
            </trkpt>
            <trkpt lat="47.04364100000000092904883786104619503021240234375" lon="11.3144989999999996399537849356420338153839111328125">
                <ele>2378.6957108799369962071068584918975830078125</ele>
            </trkpt>
            <trkpt lat="47.04363599999999934198058326728641986846923828125" lon="11.3146690000000003095692591159604489803314208984375">
                <ele>2382.0728108800440168124623596668243408203125</ele>
            </trkpt>
            <trkpt lat="47.043329999999997426129993982613086700439453125" lon="11.3143299999999999982946974341757595539093017578125">
                <ele>2394.05332799985217206995002925395965576171875</ele>
            </trkpt>
            <trkpt lat="47.04359000000000179397829924710094928741455078125" lon="11.3140699999999991831600709701888263225555419921875">
                <ele>2373.6149119998726746416650712490081787109375</ele>
            </trkpt>
            <trkpt lat="47.04365399999999652891347068361937999725341796875" lon="11.31413500000000027512214728631079196929931640625">
                <ele>2371.17368960021713064634241163730621337890625</ele>
            </trkpt>
            <trkpt lat="47.04373799999999761212166049517691135406494140625" lon="11.313959000000000543195710633881390094757080078125">
                <ele>2362.23444608015461199101991951465606689453125</ele>
            </trkpt>
            <trkpt lat="47.04374899999999826150087756104767322540283203125" lon="11.3137889999999998735802364535629749298095703125">
                <ele>2357.90142464009977629757486283779144287109375</ele>
            </trkpt>
            <trkpt lat="47.04375999999999891088009462691843509674072265625" lon="11.3137729999999994134896041941829025745391845703125">
                <ele>2356.90747520005106707685627043247222900390625</ele>
            </trkpt>
            <trkpt lat="47.04380499999999898363967076875269412994384765625" lon="11.3138039999999993057144820340909063816070556640625">
                <ele>2354.9152928000448810053057968616485595703125</ele>
            </trkpt>
            <trkpt lat="47.04380900000000309546521748416125774383544921875" lon="11.3137629999999997920667738071642816066741943359375">
                <ele>2353.80718207981271916651166975498199462890625</ele>
            </trkpt>
            <trkpt lat="47.04377199999999703550201957114040851593017578125" lon="11.3136039999999997718305166927166283130645751953125">
                <ele>2352.57130112016648126882500946521759033203125</ele>
            </trkpt>
            <trkpt lat="47.043688000000003057721187360584735870361328125" lon="11.3135309999999993380015439470298588275909423828125">
                <ele>2355.83699071980890948907472193241119384765625</ele>
            </trkpt>
            <trkpt lat="47.0436490000000020472725736908614635467529296875" lon="11.3134139999999998593693817383609712123870849609375">
                <ele>2355.48572863988010794855654239654541015625</ele>
            </trkpt>
            <trkpt lat="47.04364699999999999135980033315718173980712890625" lon="11.3133110000000005612719178316183388233184814453125">
                <ele>2353.430837600009908783249557018280029296875</ele>
            </trkpt>
            <trkpt lat="47.0437170000000008940332918427884578704833984375" lon="11.3128709999999994550989868002943694591522216796875">
                <ele>2342.26154959994391902000643312931060791015625</ele>
            </trkpt>
            <trkpt lat="47.0436949999999995952748577110469341278076171875" lon="11.312450999999999368128555943258106708526611328125">
                <ele>2337.59928080002509886980988085269927978515625</ele>
            </trkpt>
            <trkpt lat="47.04364799999999746660250821150839328765869140625" lon="11.3122050000000005098854671814478933811187744140625">
                <ele>2341.63112960012585972435772418975830078125</ele>
            </trkpt>
            <trkpt lat="47.0436279999999982237568474374711513519287109375" lon="11.312357999999999691453922423534095287322998046875">
                <ele>2341.6109465600920884753577411174774169921875</ele>
            </trkpt>
            <trkpt lat="47.0436720000000008212737157009541988372802734375" lon="11.31260400000000032605385058559477329254150390625">
                <ele>2340.17440639996357276686467230319976806640625</ele>
            </trkpt>
            <trkpt lat="47.04364799999999746660250821150839328765869140625" lon="11.312839000000000311274561681784689426422119140625">
                <ele>2345.381561600139320944435894489288330078125</ele>
            </trkpt>
            <trkpt lat="47.0435930000000013251337804831564426422119140625" lon="11.3129989999999995831103660748340189456939697265625">
                <ele>2351.060669599921311601065099239349365234375</ele>
            </trkpt>
            <trkpt lat="47.043553000000002839442458935081958770751953125" lon="11.31307100000000076533979154191911220550537109375">
                <ele>2354.48890639985847883508540689945220947265625</ele>
            </trkpt>
            <trkpt lat="47.04354699999999667170413886196911334991455078125" lon="11.31313300000000054978954722173511981964111328125">
                <ele>2355.9109928001926164142787456512451171875</ele>
            </trkpt>
            <trkpt lat="47.04336599999999890542312641628086566925048828125" lon="11.313389000000000805812305770814418792724609375">
                <ele>2370.9831257600808385177515447139739990234375</ele>
            </trkpt>
            <trkpt lat="47.0432780000000008158167474903166294097900390625" lon="11.313444000000000499994712299667298793792724609375">
                <ele>2370.193779200069911894388496875762939453125</ele>
            </trkpt>
            <trkpt lat="47.04324700000000092359186965040862560272216796875" lon="11.3134390000000006892832971061579883098602294921875">
                <ele>2367.84776480008304133662022650241851806640625</ele>
            </trkpt>
            <trkpt lat="47.0430879999999973506419337354600429534912109375" lon="11.3135799999999999698729880037717521190643310546875">
                <ele>2360.33302399981403141282498836517333984375</ele>
            </trkpt>
            <trkpt lat="47.042912999999998646671883761882781982421875" lon="11.3136770000000002056594894384033977985382080078125">
                <ele>2351.0597455999131852877326309680938720703125</ele>
            </trkpt>
            <trkpt lat="47.042833000000001675289240665733814239501953125" lon="11.3137910000000001531361704110167920589447021484375">
                <ele>2349.1569968001158486003987491130828857421875</ele>
            </trkpt>
            <trkpt lat="47.042743000000001529770088382065296173095703125" lon="11.3140359999999997597797118942253291606903076171875">
                <ele>2351.124828800087925628758966922760009765625</ele>
            </trkpt>
            <trkpt lat="47.0427260000000018180799088440835475921630859375" lon="11.3140230000000006072014002711512148380279541015625">
                <ele>2349.626748800134009798057377338409423828125</ele>
            </trkpt>
            <trkpt lat="47.04270900000000210638972930610179901123046875" lon="11.3139149999999997220356817706488072872161865234375">
                <ele>2344.98821600012661292566917836666107177734375</ele>
            </trkpt>
            <trkpt lat="47.04269599999999940109773888252675533294677734375" lon="11.3139120000000001908802005345933139324188232421875">
                <ele>2344.045971199966515996493399143218994140625</ele>
            </trkpt>
            <trkpt lat="47.0426810000000017453203327022492885589599609375" lon="11.3139529999999997045279087615199387073516845703125">
                <ele>2344.44210080010134333861060440540313720703125</ele>
            </trkpt>
            <trkpt lat="47.0426479999999997971826815046370029449462890625" lon="11.3139260000000003714148988365195691585540771484375">
                <ele>2341.40650879999839162337593734264373779296875</ele>
            </trkpt>
            <trkpt lat="47.04260500000000178033587872050702571868896484375" lon="11.3139540000000007324842954403720796108245849609375">
                <ele>2339.59155200013856301666237413883209228515625</ele>
            </trkpt>
            <trkpt lat="47.0425570000000021764208213426172733306884765625" lon="11.31386499999999983856469043530523777008056640625">
                <ele>2333.37600800013615298666991293430328369140625</ele>
            </trkpt>
            <trkpt lat="47.04252600000000228419594350270926952362060546875" lon="11.31384800000000012687451089732348918914794921875">
                <ele>2330.7385088001537951640784740447998046875</ele>
            </trkpt>
            <trkpt lat="47.0425010000000014542820281349122524261474609375" lon="11.3137659999999993232222550432197749614715576171875">
                <ele>2326.142969600072319735772907733917236328125</ele>
            </trkpt>
            <trkpt lat="47.0424440000000032569005270488560199737548828125" lon="11.313748000000000359932528226636350154876708984375">
                <ele>2322.270890240195512888021767139434814453125</ele>
            </trkpt>
            <trkpt lat="47.042316999999997051418176852166652679443359375" lon="11.3137670000000003511786417220719158649444580078125">
                <ele>2315.7549612798438829486258327960968017578125</ele>
            </trkpt>
            <trkpt lat="47.0422190000000028931026463396847248077392578125" lon="11.3139540000000007324842954403720796108245849609375">
                <ele>2316.3352275201932570780627429485321044921875</ele>
            </trkpt>
            <trkpt lat="47.042067000000002963133738376200199127197265625" lon="11.3140400000000003188915798091329634189605712890625">
                <ele>2310.07223360018588209641166031360626220703125</ele>
            </trkpt>
            <trkpt lat="47.04187900000000155387169797904789447784423828125" lon="11.314066000000000400405042455531656742095947265625">
                <ele>2299.5909612801042385399341583251953125</ele>
            </trkpt>
            <trkpt lat="47.0418159999999971887518768198788166046142578125" lon="11.3139350000000007412381819449365139007568359375">
                <ele>2292.12465919985561413341201841831207275390625</ele>
            </trkpt>
            <trkpt lat="47.0418159999999971887518768198788166046142578125" lon="11.3139350000000007412381819449365139007568359375">
                <ele>2292.12465919985561413341201841831207275390625</ele>
            </trkpt>
            <trkpt lat="47.04172200000000003683453542180359363555908203125" lon="11.313739999999999241708792396821081638336181640625">
                <ele>2281.35042559998100841767154633998870849609375</ele>
            </trkpt>
            <trkpt lat="47.04157500000000169393388205207884311676025390625" lon="11.3137050000000005667288860422559082508087158203125">
                <ele>2274.3270400000683366670273244380950927734375</ele>
            </trkpt>
            <trkpt lat="47.041527999999999565261532552540302276611328125" lon="11.3138600000000000278532752417959272861480712890625">
                <ele>2276.393363199984378297813236713409423828125</ele>
            </trkpt>
            <trkpt lat="47.04140000000000298996383207850158214569091796875" lon="11.314099999999999823785401531495153903961181640625">
                <ele>2276.62960000012071759556420147418975830078125</ele>
            </trkpt>
            <trkpt lat="47.0414109999999965339156915433704853057861328125" lon="11.3143750000000000710542735760100185871124267578125">
                <ele>2278.42119999982924127834849059581756591796875</ele>
            </trkpt>
            <trkpt lat="47.0413649999999989859134075231850147247314453125" lon="11.314564000000000731915861251763999462127685546875">
                <ele>2275.876767999943695031106472015380859375</ele>
            </trkpt>
            <trkpt lat="47.04122399999999970532371662557125091552734375" lon="11.3147870000000008161578080034814774990081787109375">
                <ele>2266.93469439997761583072133362293243408203125</ele>
            </trkpt>
            <trkpt lat="47.0410370000000028767317417077720165252685546875" lon="11.3147520000000003648210622486658394336700439453125">
                <ele>2255.89813120016924585797823965549468994140625</ele>
            </trkpt>
            <trkpt lat="47.04090800000000172076397575438022613525390625" lon="11.3148040000000005278479875414632260799407958984375">
                <ele>2247.388921600098910857923328876495361328125</ele>
            </trkpt>
            <trkpt lat="47.04084399999999988040144671685993671417236328125" lon="11.3146579999999996601900420500896871089935302734375">
                <ele>2245.8573375999994823359884321689605712890625</ele>
            </trkpt>
            <trkpt lat="47.0406449999999978217601892538368701934814453125" lon="11.3147520000000003648210622486658394336700439453125">
                <ele>2234.49188479988879407756030559539794921875</ele>
            </trkpt>
            <trkpt lat="47.0404290000000031568561098538339138031005859375" lon="11.31504400000000032378011383116245269775390625">
                <ele>2219.53994432014815174625255167484283447265625</ele>
            </trkpt>
            <trkpt lat="47.040312000000000125510268844664096832275390625" lon="11.3154219999999998691464497824199497699737548828125">
                <ele>2208.967988480007988982833921909332275390625</ele>
            </trkpt>
            <trkpt lat="47.04010699999999900455804890953004360198974609375" lon="11.3157219999999991699723977944813668727874755859375">
                <ele>2194.57293727996102461474947631359100341796875</ele>
            </trkpt>
            <trkpt lat="47.04005500000000239424480241723358631134033203125" lon="11.31554200000000065529093262739479541778564453125">
                <ele>2194.46397920011122550931759178638458251953125</ele>
            </trkpt>
            <trkpt lat="47.03965099999999921465132501907646656036376953125" lon="11.3153190000000005710489858756773173809051513671875">
                <ele>2181.69124975996464854688383638858795166015625</ele>
            </trkpt>
            <trkpt lat="47.039399000000003070454113185405731201171875" lon="11.3155160000000005737774699809961020946502685546875">
                <ele>2170.846703360104584135115146636962890625</ele>
            </trkpt>
            <trkpt lat="47.03918399999999877536538406275212764739990234375" lon="11.31560400000000043974068830721080303192138671875">
                <ele>2162.91791743995645447284914553165435791015625</ele>
            </trkpt>
            <trkpt lat="47.038984999999996716724126599729061126708984375" lon="11.315775999999999612555257044732570648193359375">
                <ele>2155.2494143998837898834608495235443115234375</ele>
            </trkpt>
            <trkpt lat="47.03858699999999970486896927468478679656982421875" lon="11.31645400000000023510438040830194950103759765625">
                <ele>2134.81834591998995165340602397918701171875</ele>
            </trkpt>
            <trkpt lat="47.03842900000000071258909883908927440643310546875" lon="11.3166770000000003193463271600194275379180908203125">
                <ele>2128.58662352001147155533544719219207763671875</ele>
            </trkpt>
            <trkpt lat="47.038330000000001973603502847254276275634765625" lon="11.3165919999999999845385900698602199554443359375">
                <ele>2126.9397504000580738647840917110443115234375</ele>
            </trkpt>
            <trkpt lat="47.03827100000000172030922840349376201629638671875" lon="11.3162479999999998625526131945662200450897216796875">
                <ele>2127.86987712004656714270822703838348388671875</ele>
            </trkpt>
            <trkpt lat="47.03799000000000063437255448661744594573974609375" lon="11.31625700000000023237589630298316478729248046875">
                <ele>2120.364835200014567817561328411102294921875</ele>
            </trkpt>
            <trkpt lat="47.0376270000000005211404641158878803253173828125" lon="11.31645400000000023510438040830194950103759765625">
                <ele>2108.13904512001181501545943319797515869140625</ele>
            </trkpt>
            <trkpt lat="47.037475000000000591171556152403354644775390625" lon="11.316922999999999177589415921829640865325927734375">
                <ele>2094.48983200002248850069008767604827880859375</ele>
            </trkpt>
            <trkpt lat="47.0373000000000018872015061788260936737060546875" lon="11.3172920000000001294893081649206578731536865234375">
                <ele>2084.120223999998415820300579071044921875</ele>
            </trkpt>
            <trkpt lat="47.03664500000000003865352482534945011138916015625" lon="11.317069000000000045247361413203179836273193359375">
                <ele>2091.201141600000482867471873760223388671875</ele>
            </trkpt>
            <trkpt lat="47.0364339999999998553903424181044101715087890625" lon="11.3172230000000002547722033341415226459503173828125">
                <ele>2082.78841823999027837999165058135986328125</ele>
            </trkpt>
            <trkpt lat="47.0361649999999968940755934454500675201416015625" lon="11.3173089999999998411794877029024064540863037109375">
                <ele>2075.734735199961505713872611522674560546875</ele>
            </trkpt>
            <trkpt lat="47.03594799999999764850144856609404087066650390625" lon="11.3173089999999998411794877029024064540863037109375">
                <ele>2072.52858623997281029005534946918487548828125</ele>
            </trkpt>
            <trkpt lat="47.03576699999999988222043612040579319000244140625" lon="11.317479999999999762394509161822497844696044921875">
                <ele>2063.608275200009302352555096149444580078125</ele>
            </trkpt>
            <trkpt lat="47.03515300000000110003384179435670375823974609375" lon="11.317617999999999511828718823380768299102783203125">
                <ele>2053.07921792002525762654840946197509765625</ele>
            </trkpt>
            <trkpt lat="47.03487799999999907640813034959137439727783203125" lon="11.317961000000000382215148420073091983795166015625">
                <ele>2036.0177465599508650484494864940643310546875</ele>
            </trkpt>
            <trkpt lat="47.03474899999999792044036439619958400726318359375" lon="11.3181840000000004664570951717905700206756591796875">
                <ele>2025.44174911991694898460991680622100830078125</ele>
            </trkpt>
            <trkpt lat="47.03469299999999719830157118849456310272216796875" lon="11.3183369999999996480255504138767719268798828125">
                <ele>2020.19644015992571439710445702075958251953125</ele>
            </trkpt>
            <trkpt lat="47.03465099999999665669747628271579742431640625" lon="11.3183279999999992782022673054598271846771240234375">
                <ele>2019.13743295991343984496779739856719970703125</ele>
            </trkpt>
            <trkpt lat="47.0346440000000001191438059322535991668701171875" lon="11.3182729999999995840198607766069471836090087890625">
                <ele>2020.021955840011969485203735530376434326171875</ele>
            </trkpt>
            <trkpt lat="47.03469700000000131012711790390312671661376953125" lon="11.3180080000000007345306585193611681461334228515625">
                <ele>2027.437512320036830715253017842769622802734375</ele>
            </trkpt>
            <trkpt lat="47.03464999999999918145476840436458587646484375" lon="11.3177179999999992787707014940679073333740234375">
                <ele>2031.375583999973741811118088662624359130859375</ele>
            </trkpt>
            <trkpt lat="47.03465800000000029967850423417985439300537109375" lon="11.31763600000000025147528504021465778350830078125">
                <ele>2033.441500160010264153243042528629302978515625</ele>
            </trkpt>
            <trkpt lat="47.03463599999999900092007010243833065032958984375" lon="11.31755700000000075533534982241690158843994140625">
                <ele>2033.84929663993034409941174089908599853515625</ele>
            </trkpt>
            <trkpt lat="47.0346329999999994697645888663828372955322265625" lon="11.317446000000000339014150085859000682830810546875">
                <ele>2036.3825791999615830718539655208587646484375</ele>
            </trkpt>
            <trkpt lat="47.034547000000003436070983298122882843017578125" lon="11.317266000000000047975845518521964550018310546875">
                <ele>2037.09322880018180512706749141216278076171875</ele>
            </trkpt>
            <trkpt lat="47.0345089999999999008650775067508220672607421875" lon="11.317206999999999794681571074761450290679931640625">
                <ele>2036.911227200002258541644550859928131103515625</ele>
            </trkpt>
            <trkpt lat="47.03435499999999791498339618556201457977294921875" lon="11.31707899999999966667019180022180080413818359375">
                <ele>2033.136247999907254779827781021595001220703125</ele>
            </trkpt>
            <trkpt lat="47.03429299999999813053364050574600696563720703125" lon="11.317069000000000045247361413203179836273193359375">
                <ele>2030.35712479990570500376634299755096435546875</ele>
            </trkpt>
            <trkpt lat="47.03408999999999906549419392831623554229736328125" lon="11.3171020000000002170281732105650007724761962890625">
                <ele>2021.80635839998058145283721387386322021484375</ele>
            </trkpt>
            <trkpt lat="47.03408999999999906549419392831623554229736328125" lon="11.3171230000000004878302206634543836116790771484375">
                <ele>2020.9877615999694171478040516376495361328125</ele>
            </trkpt>
            <trkpt lat="47.0341760000000022046151570975780487060546875" lon="11.317209999999999325837052310816943645477294921875">
                <ele>2019.4274240001404905342496931552886962890625</ele>
            </trkpt>
            <trkpt lat="47.0342270000000013396856957115232944488525390625" lon="11.3173019999999997509121385519392788410186767578125">
                <ele>2018.85877760008179393480531871318817138671875</ele>
            </trkpt>
            <trkpt lat="47.0342229999999972278601489961147308349609375" lon="11.317325000000000301270119962282478809356689453125">
                <ele>2017.8352399998411783599294722080230712890625</ele>
            </trkpt>
            <trkpt lat="47.0340869999999995343387126922607421875" lon="11.317351999999999634383129887282848358154296875">
                <ele>2011.9920211200051198829896748065948486328125</ele>
            </trkpt>
            <trkpt lat="47.034143000000000256477505899965763092041015625" lon="11.3174639999999993023038769024424254894256591796875">
                <ele>2009.147525760034341146820224821567535400390625</ele>
            </trkpt>
            <trkpt lat="47.03412900000000007594280759803950786590576171875" lon="11.3174820000000000419504431192763149738311767578125">
                <ele>2008.089560640001991487224586308002471923828125</ele>
            </trkpt>
            <trkpt lat="47.03401999999999816282070241868495941162109375" lon="11.31746700000000060981619753874838352203369140625">
                <ele>2005.652179199925740249454975128173828125</ele>
            </trkpt>
            <trkpt lat="47.03396000000000043428372009657323360443115234375" lon="11.3174980000000005020410753786563873291015625">
                <ele>2002.63607039999214975978247821331024169921875</ele>
            </trkpt>
            <trkpt lat="47.03395900000000295904101221822202205657958984375" lon="11.3175299999999996458655004971660673618316650390625">
                <ele>2002.016352000096276242402382194995880126953125</ele>
            </trkpt>
            <trkpt lat="47.03403800000000245518094743601977825164794921875" lon="11.3175849999999993400479070260189473628997802734375">
                <ele>2003.756448000090813366114161908626556396484375</ele>
            </trkpt>
            <trkpt lat="47.0339919999999978017513058148324489593505859375" lon="11.3176210000000008193410394596867263317108154296875">
                <ele>2001.671443199909163013217039406299591064453125</ele>
            </trkpt>
            <trkpt lat="47.034053999999997586201061494648456573486328125" lon="11.31770099999999956708052195608615875244140625">
                <ele>2002.985990399907450409955345094203948974609375</ele>
            </trkpt>
            <trkpt lat="47.03399900000000144473233376629650592803955078125" lon="11.3177029999999998466364559135399758815765380859375">
                <ele>2000.736307200060764444060623645782470703125</ele>
            </trkpt>
            <trkpt lat="47.03403300000000086811269284226000308990478515625" lon="11.3177719999999997213535607443191111087799072265625">
                <ele>2001.250617600042232879786752164363861083984375</ele>
            </trkpt>
            <trkpt lat="47.03402799999999928104443824850022792816162109375" lon="11.31779900000000083082341006956994533538818359375">
                <ele>2000.683027199956313779694028198719024658203125</ele>
            </trkpt>
            <trkpt lat="47.0338899999999995316102285869419574737548828125" lon="11.3177850000000006502887117676436901092529296875">
                <ele>1994.622239999965358947520144283771514892578125</ele>
            </trkpt>
            <trkpt lat="47.03393700000000166028257808648049831390380859375" lon="11.317859999999999587316779070533812046051025390625">
                <ele>1995.395232000089663415565155446529388427734375</ele>
            </trkpt>
            <trkpt lat="47.03393100000000259797161561436951160430908203125" lon="11.317949999999999732835931354202330112457275390625">
                <ele>1993.444320000147172322613187134265899658203125</ele>
            </trkpt>
            <trkpt lat="47.033895999999998593921191059052944183349609375" lon="11.3179090000000002191882231272757053375244140625">
                <ele>1992.365126399922019118093885481357574462890625</ele>
            </trkpt>
            <trkpt lat="47.0337999999999993860910763032734394073486328125" lon="11.3178870000000006967866283957846462726593017578125">
                <ele>1987.9089599999506390304304659366607666015625</ele>
            </trkpt>
            <trkpt lat="47.03378699999999668079908587969839572906494140625" lon="11.31792300000000039972292142920196056365966796875">
                <ele>1986.284697599812943735742010176181793212890625</ele>
            </trkpt>
            <trkpt lat="47.03384100000000245245246333070099353790283203125" lon="11.31801600000000007639755494892597198486328125">
                <ele>1986.96466560014187052729539573192596435546875</ele>
            </trkpt>
            <trkpt lat="47.03385399999999805231709615327417850494384765625" lon="11.318084999999999951114659779705107212066650390625">
                <ele>1986.151583999879449038417078554630279541015625</ele>
            </trkpt>
            <trkpt lat="47.0338449999999994588506524451076984405517578125" lon="11.3180969999999998520934241241775453090667724609375">
                <ele>1985.30918399996926382300443947315216064453125</ele>
            </trkpt>
            <trkpt lat="47.03381999999999862893673707731068134307861328125" lon="11.3180619999999994007566783693619072437286376953125">
                <ele>1984.596383999931049402221105992794036865234375</ele>
            </trkpt>
            <trkpt lat="47.03379000000000331738192471675574779510498046875" lon="11.318054000000000058889781939797103404998779296875">
                <ele>1982.97321600019995457842014729976654052734375</ele>
            </trkpt>
            <trkpt lat="47.0338210000000032096068025566637516021728515625" lon="11.31819300000000083628037828020751476287841796875">
                <ele>1981.420492800200008787214756011962890625</ele>
            </trkpt>
            <trkpt lat="47.03381499999999704186848248355090618133544921875" lon="11.3182279999999995112602846347726881504058837890625">
                <ele>1980.131231999803048893227241933345794677734375</ele>
            </trkpt>
            <trkpt lat="47.0337770000000006120899342931807041168212890625" lon="11.31815100000000029467628337442874908447265625">
                <ele>1979.54123520003258818178437650203704833984375</ele>
            </trkpt>
            <trkpt lat="47.03367300000000028603608370758593082427978515625" lon="11.318132999999999555029717157594859600067138671875">
                <ele>1973.244518400033712168806232511997222900390625</ele>
            </trkpt>
            <trkpt lat="47.03370199999999812234818818978965282440185546875" lon="11.318419999999999703277353546582162380218505859375">
                <ele>1967.169734399858498363755643367767333984375</ele>
            </trkpt>
            <trkpt lat="47.03364599999999740020939498208463191986083984375" lon="11.3183930000000003701643436215817928314208984375">
                <ele>1963.313700479790213648811914026737213134765625</ele>
            </trkpt>
            <trkpt lat="47.03367300000000028603608370758593082427978515625" lon="11.318478999999999956571627990342676639556884765625">
                <ele>1963.738278720024027279578149318695068359375</ele>
            </trkpt>
            <trkpt lat="47.03365800000000263025867752730846405029296875" lon="11.31848600000000004683897714130580425262451171875">
                <ele>1962.40324608020955565734766423702239990234375</ele>
            </trkpt>
            <trkpt lat="47.033602000000001908119884319603443145751953125" lon="11.318419999999999703277353546582162380218505859375">
                <ele>1959.3150144001565422513522207736968994140625</ele>
            </trkpt>
            <trkpt lat="47.03357799999999855344867683015763759613037109375" lon="11.318448000000000064346750150434672832489013671875">
                <ele>1956.828791039884663405246101319789886474609375</ele>
            </trkpt>
            <trkpt lat="47.0335960000000028458089218474924564361572265625" lon="11.318535000000000678710421198047697544097900390625">
                <ele>1956.416697600216366481618024408817291259765625</ele>
            </trkpt>
            <trkpt lat="47.03359499999999826513885636813938617706298828125" lon="11.3188849999999998630073605454526841640472412109375">
                <ele>1948.94215199985092112910933792591094970703125</ele>
            </trkpt>
            <trkpt lat="47.0336190000000016198100638575851917266845703125" lon="11.31908800000000070440364652313292026519775390625">
                <ele>1946.862155520135047481744550168514251708984375</ele>
            </trkpt>
            <trkpt lat="47.0335960000000028458089218474924564361572265625" lon="11.3190919999999994871586750377900898456573486328125">
                <ele>1944.661413120273437016294337809085845947265625</ele>
            </trkpt>
            <trkpt lat="47.03352100000000035606717574410140514373779296875" lon="11.318977000000000288082446786575019359588623046875">
                <ele>1940.355222720025949456612579524517059326171875</ele>
            </trkpt>
            <trkpt lat="47.033512000000001762600732035934925079345703125" lon="11.3189899999999994406607584096491336822509765625">
                <ele>1939.250860800171949449577368795871734619140625</ele>
            </trkpt>
            <trkpt lat="47.033513999999996713086147792637348175048828125" lon="11.3190760000000008034248821786604821681976318359375">
                <ele>1937.4737702396805616444908082485198974609375</ele>
            </trkpt>
            <trkpt lat="47.03353200000000100544639280997216701507568359375" lon="11.3191360000000003083187039010226726531982421875">
                <ele>1937.781976320087096610222943127155303955078125</ele>
            </trkpt>
            <trkpt lat="47.0335170000000033496689866296947002410888671875" lon="11.319288000000000238287611864507198333740234375">
                <ele>1933.8328780803058180026710033416748046875</ele>
            </trkpt>
            <trkpt lat="47.03345999999999804686012794263660907745361328125" lon="11.3194590000000001595026333234272897243499755859375">
                <ele>1926.07062719982195631018839776515960693359375</ele>
            </trkpt>
            <trkpt lat="47.03343399999999974170350469648838043212890625" lon="11.3194490000000005380798029364086687564849853515625">
                <ele>1923.86818367996966117061674594879150390625</ele>
            </trkpt>
            <trkpt lat="47.03339600000000331192495650611817836761474609375" lon="11.3193269999999994723793861339800059795379638671875">
                <ele>1922.133452160311890111188404262065887451171875</ele>
            </trkpt>
            <trkpt lat="47.0332719999999966375980875454843044281005859375" lon="11.319165999999999172587195062078535556793212890625">
                <ele>1915.722154239870860692462883889675140380859375</ele>
            </trkpt>
            <trkpt lat="47.0332599999999985129761626012623310089111328125" lon="11.319193999999999533656591665931046009063720703125">
                <ele>1914.72015359993883976130746304988861083984375</ele>
            </trkpt>
            <trkpt lat="47.03324500000000085719875642098486423492431640625" lon="11.31917800000000084992279880680143833160400390625">
                <ele>1914.28491840002607204951345920562744140625</ele>
            </trkpt>
            <trkpt lat="47.03320999999999685314833186566829681396484375" lon="11.31918399999999991223376127891242504119873046875">
                <ele>1912.56716159985671765753068029880523681640625</ele>
            </trkpt>
            <trkpt lat="47.03320800000000190266291610896587371826171875" lon="11.31936400000000020327206584624946117401123046875">
                <ele>1909.254017280097968978225253522396087646484375</ele>
            </trkpt>
            <trkpt lat="47.03318300000000107274900074116885662078857421875" lon="11.3193789999999996354063114267773926258087158203125">
                <ele>1907.646886080065087298862636089324951171875</ele>
            </trkpt>
            <trkpt lat="47.03316199999999724923327448777854442596435546875" lon="11.3194479999999995101234162575565278530120849609375">
                <ele>1905.1689254398561388370580971240997314453125</ele>
            </trkpt>
            <trkpt lat="47.03313800000000099998942459933459758758544921875" lon="11.3196220000000007388507583527825772762298583984375">
                <ele>1900.25241984004833284416235983371734619140625</ele>
            </trkpt>
            <trkpt lat="47.0331240000000008194547262974083423614501953125" lon="11.3196250000000002700062395888380706310272216796875">
                <ele>1899.31224000004658591933548450469970703125</ele>
            </trkpt>
            <trkpt lat="47.03308700000000186491888598538935184478759765625" lon="11.3195700000000005758238330599851906299591064453125">
                <ele>1898.2233696001012503984384238719940185546875</ele>
            </trkpt>
            <trkpt lat="47.0330909999999988713170750997960567474365234375" lon="11.31963400000000063982952269725501537322998046875">
                <ele>1897.040703359915596593054942786693572998046875</ele>
            </trkpt>
            <trkpt lat="47.0330790000000007466951501555740833282470703125" lon="11.319648000000000820364220999181270599365234375">
                <ele>1895.9654284800299137714318931102752685546875</ele>
            </trkpt>
            <trkpt lat="47.03302999999999656211002729833126068115234375" lon="11.3195069999999997634176907013170421123504638671875">
                <ele>1896.310502399806182438624091446399688720703125</ele>
            </trkpt>
            <trkpt lat="47.03298699999999854526322451420128345489501953125" lon="11.3194739999999995916368789039552211761474609375">
                <ele>1894.66529471992862454499118030071258544921875</ele>
            </trkpt>
            <trkpt lat="47.03294600000000258432919508777558803558349609375" lon="11.3194739999999995916368789039552211761474609375">
                <ele>1892.323925760160136633203364908695220947265625</ele>
            </trkpt>
            <trkpt lat="47.03293899999999894134816713631153106689453125" lon="11.3194929999999995828829923993907868862152099609375">
                <ele>1891.3928668799517254228703677654266357421875</ele>
            </trkpt>
            <trkpt lat="47.03283900000000272711986326612532138824462890625" lon="11.319435999999999609144651913084089756011962890625">
                <ele>1887.41842176016552912187762558460235595703125</ele>
            </trkpt>
            <trkpt lat="47.0328310000000016088961274363100528717041015625" lon="11.3194510000000008176357368938624858856201171875">
                <ele>1886.492840640065651314216665923595428466796875</ele>
            </trkpt>
            <trkpt lat="47.03286700000000308818925986997783184051513671875" lon="11.3195449999999997459099176921881735324859619140625">
                <ele>1885.635681600193720441893674433231353759765625</ele>
            </trkpt>
            <trkpt lat="47.03280300000000124782673083245754241943359375" lon="11.319509000000000042973624658770859241485595703125">
                <ele>1883.000738880072958636446855962276458740234375</ele>
            </trkpt>
            <trkpt lat="47.032791000000003123204805888235569000244140625" lon="11.31952700000000078262019087560474872589111328125">
                <ele>1881.696646080159780467511154711246490478515625</ele>
            </trkpt>
            <trkpt lat="47.03280099999999919191395747475326061248779296875" lon="11.3196539999999998826751834712922573089599609375">
                <ele>1878.079973759953645640052855014801025390625</ele>
            </trkpt>
            <trkpt lat="47.03286299999999897636371315456926822662353515625" lon="11.31983100000000064255800680257380008697509765625">
                <ele>1876.58516831990937134833075106143951416015625</ele>
            </trkpt>
            <trkpt lat="47.03286899999999803867467562668025493621826171875" lon="11.319933999999999940655470709316432476043701171875">
                <ele>1873.85778623985743251978419721126556396484375</ele>
            </trkpt>
            <trkpt lat="47.0328260000000000218278728425502777099609375" lon="11.3198790000000002464730641804635524749755859375">
                <ele>1872.432341759995097163482569158077239990234375</ele>
            </trkpt>
            <trkpt lat="47.03278000000000247382558882236480712890625" lon="11.3198810000000005260289981379173696041107177734375">
                <ele>1869.040099200162558190640993416309356689453125</ele>
            </trkpt>
            <trkpt lat="47.03275599999999911915438133291900157928466796875" lon="11.319855000000000444515535491518676280975341796875">
                <ele>1868.2090271999231845256872475147247314453125</ele>
            </trkpt>
            <trkpt lat="47.03273699999999735155142843723297119140625" lon="11.31988199999999977762854541651904582977294921875">
                <ele>1865.893752959817675218801014125347137451171875</ele>
            </trkpt>
            <trkpt lat="47.0327740000000034115146263502538204193115234375" lon="11.32004500000000035697667044587433338165283203125">
                <ele>1863.3323040002569541684351861476898193359375</ele>
            </trkpt>
            <trkpt lat="47.03275099999999753208612673915922641754150390625" lon="11.320057999999999509554982068948447704315185546875">
                <ele>1861.177670399820044622174464166164398193359375</ele>
            </trkpt>
            <trkpt lat="47.03272100000000222053131437860429286956787109375" lon="11.320021000000000555019141756929457187652587890625">
                <ele>1859.87566080015631087007932364940643310546875</ele>
            </trkpt>
            <trkpt lat="47.03269300000000185946191777475178241729736328125" lon="11.3200289999999998968860381864942610263824462890625">
                <ele>1857.474393600147550387191586196422576904296875</ele>
            </trkpt>
            <trkpt lat="47.03266899999999850479071028530597686767578125" lon="11.3200050000000000949285094975493848323822021484375">
                <ele>1856.32953599988240966922603547573089599609375</ele>
            </trkpt>
            <trkpt lat="47.03261499999999983856469043530523777008056640625" lon="11.320012999999999436795405927114188671112060546875">
                <ele>1851.922656000005417809006758034229278564453125</ele>
            </trkpt>
            <trkpt lat="47.0326290000000000190993887372314929962158203125" lon="11.3202429999999996113047018297947943210601806640625">
                <ele>1845.85359360001393724814988672733306884765625</ele>
            </trkpt>
            <trkpt lat="47.03260999999999825149643584154546260833740234375" lon="11.3203130000000005139781933394260704517364501953125">
                <ele>1842.047183999833805501111783087253570556640625</ele>
            </trkpt>
            <trkpt lat="47.0325849999999974215825204737484455108642578125" lon="11.32031500000000079353412729687988758087158203125">
                <ele>1839.83711999975321305100806057453155517578125</ele>
            </trkpt>
            <trkpt lat="47.03254100000000192949300981126725673675537109375" lon="11.320237999999999800593286636285483837127685546875">
                <ele>1838.647430400168332198518328368663787841796875</ele>
            </trkpt>
            <trkpt lat="47.03241100000000329828253597952425479888916015625" lon="11.3202289999999994307700035278685390949249267578125">
                <ele>1831.293873120178204771946184337139129638671875</ele>
            </trkpt>
            <trkpt lat="47.03239800000000059299054555594921112060546875" lon="11.320256000000000540239852853119373321533203125">
                <ele>1829.667978240008551438222639262676239013671875</ele>
            </trkpt>
            <trkpt lat="47.0324150000000003046807250939309597015380859375" lon="11.3204100000000007497646947740577161312103271484375">
                <ele>1824.80887199998824144131503999233245849609375</ele>
            </trkpt>
            <trkpt lat="47.0323800000000034060576581396162509918212890625" lon="11.3206269999999999953388396534137427806854248046875">
                <ele>1814.79852480019553695456124842166900634765625</ele>
            </trkpt>
            <trkpt lat="47.03226599999999990586729836650192737579345703125" lon="11.32048999999999949750417727045714855194091796875">
                <ele>1813.813123200015297697973437607288360595703125</ele>
            </trkpt>
            <trkpt lat="47.03225599999999673173078917898237705230712890625" lon="11.3206199999999999050714905024506151676177978515625">
                <ele>1807.97266559981699174386449158191680908203125</ele>
            </trkpt>
            <trkpt lat="47.0322910000000007357812137342989444732666015625" lon="11.3207579999999996545057001640088856220245361328125">
                <ele>1804.46542944005841491161845624446868896484375</ele>
            </trkpt>
            <trkpt lat="47.03234400000000192676452570594847202301025390625" lon="11.3212039999999998229895936674438416957855224609375">
                <ele>1792.869868800147060028393752872943878173828125</ele>
            </trkpt>
            <trkpt lat="47.03249600000000185673343366943299770355224609375" lon="11.321659000000000361296770279295742511749267578125">
                <ele>1791.366883200150596167077310383319854736328125</ele>
            </trkpt>
            <trkpt lat="47.03239700000000311774783767759799957275390625" lon="11.3216249999999991615595718030817806720733642578125">
                <ele>1783.874400000291871037916280329227447509765625</ele>
            </trkpt>
            <trkpt lat="47.03242000000000189174897968769073486328125" lon="11.3217879999999997409076968324370682239532470703125">
                <ele>1781.0376896001735076424665749073028564453125</ele>
            </trkpt>
            <trkpt lat="47.03226200000000289946910925209522247314453125" lon="11.32174499999999994770405464805662631988525390625">
                <ele>1768.573414400254478096030652523040771484375</ele>
            </trkpt>
            <trkpt lat="47.03223299999999795772964716888964176177978515625" lon="11.3218569999999996156248016632162034511566162109375">
                <ele>1762.656882559834002677234821021556854248046875</ele>
            </trkpt>
            <trkpt lat="47.03206899999999990313881426118314266204833984375" lon="11.321830999999999534111339016817510128021240234375">
                <ele>1749.1208326400073929107747972011566162109375</ele>
            </trkpt>
            <trkpt lat="47.03179399999999787951310281641781330108642578125" lon="11.3217189999999998661905920016579329967498779296875">
                <ele>1728.781583359821752310381270945072174072265625</ele>
            </trkpt>
            <trkpt lat="47.03175900000000098089003586210310459136962890625" lon="11.32208800000000081809048424474895000457763671875">
                <ele>1713.544881920061243363306857645511627197265625</ele>
            </trkpt>
            <trkpt lat="47.03175300000000191857907338999211788177490234375" lon="11.32243199999999916371962171979248523712158203125">
                <ele>1701.62458496020326492725871503353118896484375</ele>
            </trkpt>
            <trkpt lat="47.03160100000000198861016542650759220123291015625" lon="11.32243199999999916371962171979248523712158203125">
                <ele>1692.107431680082072489312849938869476318359375</ele>
            </trkpt>
            <trkpt lat="47.0315190000000029613147489726543426513671875" lon="11.3225350000000002381739250267855823040008544921875">
                <ele>1686.55358880008179767173714935779571533203125</ele>
            </trkpt>
            <trkpt lat="47.031553999999999859937815926969051361083984375" lon="11.3226980000000008175220500561408698558807373046875">
                <ele>1683.843306239976072902209125459194183349609375</ele>
            </trkpt>
            <trkpt lat="47.0315250000000020236257114447653293609619140625" lon="11.322869000000000738737071515060961246490478515625">
                <ele>1678.530312000078765777288936078548431396484375</ele>
            </trkpt>
            <trkpt lat="47.0313900000000018053469830192625522613525390625" lon="11.3227840000000004039293344249017536640167236328125">
                <ele>1674.7932672000652019050903618335723876953125</ele>
            </trkpt>
            <trkpt lat="47.0313900000000018053469830192625522613525390625" lon="11.32293800000000061345417634584009647369384765625">
                <ele>1669.87463040007378367590717971324920654296875</ele>
            </trkpt>
            <trkpt lat="47.03125" lon="11.322869000000000738737071515060961246490478515625">
                <ele>1665.387599999971143915900029242038726806640625</ele>
            </trkpt>
            <trkpt lat="47.03122700000000122599885798990726470947265625" lon="11.323024000000000199861460714600980281829833984375">
                <ele>1657.9553145600611969712190330028533935546875</ele>
            </trkpt>
            <trkpt lat="47.03125" lon="11.3231780000000004093863026355393230915069580078125">
                <ele>1653.151199999984100941219367086887359619140625</ele>
            </trkpt>
            <trkpt lat="47.03114500000000219870344153605401515960693359375" lon="11.3232130000000008607230483903549611568450927734375">
                <ele>1644.770587200107684111571870744228363037109375</ele>
            </trkpt>
            <trkpt lat="47.03101600000000104273567558266222476959228515625" lon="11.3230839999999997047552824369631707668304443359375">
                <ele>1642.937383680078028191928751766681671142578125</ele>
            </trkpt>
            <trkpt lat="47.03085800000000205045580514706671237945556640625" lon="11.3231179999999991281356415129266679286956787109375">
                <ele>1631.451751680179540926474146544933319091796875</ele>
            </trkpt>
            <trkpt lat="47.03076999999999685542206862010061740875244140625" lon="11.3233499999999995822008713730610907077789306640625">
                <ele>1613.920799999928931356407701969146728515625</ele>
            </trkpt>
            <trkpt lat="47.03068499999999829697117093019187450408935546875" lon="11.3237850000000008776623872108757495880126953125">
                <ele>1591.209239999900319162406958639621734619140625</ele>
            </trkpt>
            <trkpt lat="47.03068499999999829697117093019187450408935546875" lon="11.3237850000000008776623872108757495880126953125">
                <ele>1591.209239999900319162406958639621734619140625</ele>
            </trkpt>
            <trkpt lat="47.0306640000000015788828022778034210205078125" lon="11.3238900000000004553157850750721991062164306640625">
                <ele>1585.549824000038142912671901285648345947265625</ele>
            </trkpt>
            <trkpt lat="47.03070600000000212048689718358218669891357421875" lon="11.324149999999999494093572138808667659759521484375">
                <ele>1575.0753600001107770367525517940521240234375</ele>
            </trkpt>
            <trkpt lat="47.0303219999999981837390805594623088836669921875" lon="11.3242279999999997386339600780047476291656494140625">
                <ele>1555.536390399939818962593562901020050048828125</ele>
            </trkpt>
            <trkpt lat="47.0304220000000015033947420306503772735595703125" lon="11.3245020000000007343032848439179360866546630859375">
                <ele>1546.244953600034705232246778905391693115234375</ele>
            </trkpt>
            <trkpt lat="47.03012300000000323052518069744110107421875" lon="11.3244080000000000296722646453417837619781494140625">
                <ele>1537.624249600143912175553850829601287841796875</ele>
            </trkpt>
            <trkpt lat="47.03018800000000254613041761331260204315185546875" lon="11.3246230000000007720473149674944579601287841796875">
                <ele>1529.21618560008255371940322220325469970703125</ele>
            </trkpt>
            <trkpt lat="47.03008799999999922647475614212453365325927734375" lon="11.3245880000000003207105692126788198947906494140625">
                <ele>1526.36671359994898011791519820690155029296875</ele>
            </trkpt>
            <trkpt lat="47.03014699999999947976903058588504791259765625" lon="11.3247680000000006117488737800158560276031494140625">
                <ele>1519.57690239994417424895800650119781494140625</ele>
            </trkpt>
            <trkpt lat="47.02993000000000023419488570652902126312255859375" lon="11.3247680000000006117488737800158560276031494140625">
                <ele>1508.320230399983074676129035651683807373046875</ele>
            </trkpt>
            <trkpt lat="47.029977000000002362867235206067562103271484375" lon="11.3250089999999996592805473483167588710784912109375">
                <ele>1497.852376960139508810243569314479827880859375</ele>
            </trkpt>
            <trkpt lat="47.02981299999999720284904469735920429229736328125" lon="11.3249739999999992079438015935011208057403564453125">
                <ele>1491.173979519896647616405971348285675048828125</ele>
            </trkpt>
            <trkpt lat="47.0298370000000005575202521868050098419189453125" lon="11.3252749999999995367261362844146788120269775390625">
                <ele>1477.67377600004920168430544435977935791015625</ele>
            </trkpt>
            <trkpt lat="47.029730999999998175553628243505954742431640625" lon="11.3253520000000005296669769450090825557708740234375">
                <ele>1469.09260863989265999407507479190826416015625</ele>
            </trkpt>
            <trkpt lat="47.029684000000003152308636344969272613525390625" lon="11.3255320000000008207052815123461186885833740234375">
                <ele>1458.648175360096274744137190282344818115234375</ele>
            </trkpt>
            <trkpt lat="47.02962000000000131194610730744898319244384765625" lon="11.3255579999999991258619047584943473339080810546875">
                <ele>1454.763251200094828163855709135532379150390625</ele>
            </trkpt>
            <trkpt lat="47.02959700000000253794496529735624790191650390625" lon="11.3257039999999999935198502498678863048553466796875">
                <ele>1447.281343360100663630873896181583404541015625</ele>
            </trkpt>
            <trkpt lat="47.02948500000000109366737888194620609283447265625" lon="11.325815999999999661440597265027463436126708984375">
                <ele>1438.08214720005571507499553263187408447265625</ele>
            </trkpt>
            <trkpt lat="47.02935699999999741294232080690562725067138671875" lon="11.3258500000000008611777957412414252758026123046875">
                <ele>1431.92101599987154258997179567813873291015625</ele>
            </trkpt>
            <trkpt lat="47.0294039999999995416146703064441680908203125" lon="11.32594399999999978945197653956711292266845703125">
                <ele>1429.853121279993729331181384623050689697265625</ele>
            </trkpt>
            <trkpt lat="47.02938000000000329237082041800022125244140625" lon="11.326142000000000820136847323738038539886474609375">
                <ele>1421.091308800071828954969532787799835205078125</ele>
            </trkpt>
            <trkpt lat="47.0292400000000014870238373987376689910888671875" lon="11.3262619999999998299244907684624195098876953125">
                <ele>1412.20752640005093780928291380405426025390625</ele>
            </trkpt>
            <trkpt lat="47.02932700000000210138750844635069370269775390625" lon="11.3264160000000000394493326894007623195648193359375">
                <ele>1408.73956096005485960631631314754486083984375</ele>
            </trkpt>
            <trkpt lat="47.0291339999999991050572134554386138916015625" lon="11.3264680000000002024762579821981489658355712890625">
                <ele>1401.2164019199544782168231904506683349609375</ele>
            </trkpt>
            <trkpt lat="47.02917000000000058435034588910639286041259765625" lon="11.3267170000000003682316673803143203258514404296875">
                <ele>1393.576867199997423085733316838741302490234375</ele>
            </trkpt>
            <trkpt lat="47.0292280000000033624019124545156955718994140625" lon="11.32697399999999987585397320799529552459716796875">
                <ele>1384.43725056006542217801325023174285888671875</ele>
            </trkpt>
            <trkpt lat="47.029145999999997229679138399660587310791015625" lon="11.327076999999999173951437114737927913665771484375">
                <ele>1378.566349759940521835233084857463836669921875</ele>
            </trkpt>
            <trkpt lat="47.02891799999999733472577645443379878997802734375" lon="11.327223000000000041609382606111466884613037109375">
                <ele>1365.913353919917199164046905934810638427734375</ele>
            </trkpt>
            <trkpt lat="47.02870200000000266982169705443084239959716796875" lon="11.3274120000000007024709702818654477596282958984375">
                <ele>1353.509726720049684445257298648357391357421875</ele>
            </trkpt>
            <trkpt lat="47.02860799999999841247699805535376071929931640625" lon="11.3273349999999997095301296212710440158843994140625">
                <ele>1353.22999039996329884161241352558135986328125</ele>
            </trkpt>
            <trkpt lat="47.028604000000001406078808940947055816650390625" lon="11.327602999999999866531652514822781085968017578125">
                <ele>1345.326911360037001941236667335033416748046875</ele>
            </trkpt>
            <trkpt lat="47.028604000000001406078808940947055816650390625" lon="11.327602999999999866531652514822781085968017578125">
                <ele>1345.326911360037001941236667335033416748046875</ele>
            </trkpt>
            <trkpt lat="47.02852599999999938518158160150051116943359375" lon="11.32782399999999967121766530908644199371337890625">
                <ele>1337.41062271999771837727166712284088134765625</ele>
            </trkpt>
            <trkpt lat="47.0282330000000001746229827404022216796875" lon="11.3278499999999997527311279554851353168487548828125">
                <ele>1330.05147200001147211878560483455657958984375</ele>
            </trkpt>
            <trkpt lat="47.02801699999999840429154573939740657806396484375" lon="11.32782399999999967121766530908644199371337890625">
                <ele>1324.065153919958675032830797135829925537109375</ele>
            </trkpt>
            <trkpt lat="47.027748000000002548404154367744922637939453125" lon="11.32784099999999938290784484706819057464599609375">
                <ele>1315.500888320090552952024154365062713623046875</ele>
            </trkpt>
            <trkpt lat="47.02735599999999749343260191380977630615234375" lon="11.3274209999999992959374139900319278240203857421875">
                <ele>1312.9653670399557086057029664516448974609375</ele>
            </trkpt>
            <trkpt lat="47.02725099999999969213604344986379146575927734375" lon="11.327512999999999721012500231154263019561767578125">
                <ele>1308.629135359997235354967415332794189453125</ele>
            </trkpt>
            <trkpt lat="47.02732499999999760120772407390177249908447265625" lon="11.32760700000000042564352042973041534423828125">
                <ele>1308.779167999942956157610751688480377197265625</ele>
            </trkpt>
            <trkpt lat="47.0273499999999984311216394416987895965576171875" lon="11.32773399999999952569851302541792392730712890625">
                <ele>1307.193727999978591469698585569858551025390625</ele>
            </trkpt>
            <trkpt lat="47.02732999999999918827597866766154766082763671875" lon="11.3280119999999993041228663059882819652557373046875">
                <ele>1302.29765120000001843436621129512786865234375</ele>
            </trkpt>
            <trkpt lat="47.0272709999999989349817042239010334014892578125" lon="11.3282849999999992718358043930493295192718505859375">
                <ele>1297.313139200001387507654726505279541015625</ele>
            </trkpt>
            <trkpt lat="47.02722700000000344289219356141984462738037109375" lon="11.3286820000000005848050932399928569793701171875">
                <ele>1293.811878400007799427839927375316619873046875</ele>
            </trkpt>
            <trkpt lat="47.0271919999999994388417690061032772064208984375" lon="11.329171999999999798092176206409931182861328125">
                <ele>1290.594330880002644335036166012287139892578125</ele>
            </trkpt>
            <trkpt lat="47.02730900000000247018761001527309417724609375" lon="11.3298469999999991131289789336733520030975341796875">
                <ele>1288.11263775998895653174258768558502197265625</ele>
            </trkpt>
            <trkpt lat="47.02726700000000192858351510949432849884033203125" lon="11.329995000000000260342858382500708103179931640625">
                <ele>1287.912644799987901933491230010986328125</ele>
            </trkpt>
            <trkpt lat="47.0277549999999990859578247182071208953857421875" lon="11.33093900000000076033757068216800689697265625">
                <ele>1285.2760000000043874024413526058197021484375</ele>
            </trkpt>
            <trkpt lat="47.02787500000000164845914696343243122100830078125" lon="11.331244999999999123474481166340410709381103515625">
                <ele>1284.69999999999208739609457552433013916015625</ele>
            </trkpt>
        </trkseg>
    </trk>
</gpx>
