<?xml version="1.0" encoding="UTF-8" standalone="yes"?>
<gpx xmlns:gpxtpx1="http://www.garmin.com/xmlschemas/TrackPointExtension/v1" xmlns="http://www.topografix.com/GPX/1/1" xmlns:trp="http://www.garmin.com/xmlschemas/TripExtensions/v1" xmlns:gpxx="http://www.garmin.com/xmlschemas/GpxExtensions/v3" xmlns:gpxtpx="http://www.garmin.com/xmlschemas/TrackPointExtension/v2" version="1.1" creator="RouteConverter 2.27.2">
    <metadata>
        <name>2018-07-29 08:52</name>
        <link href="http://www.oruxmaps.com">
            <text>OruxMaps</text>
        </link>
        <time>2018-07-29T06:52:32Z</time>
        <bounds minlat="47.3594350" minlon="10.9208183" maxlat="47.3894133" maxlon="10.9770733"/>
    </metadata>
    <wpt lat="47.363205" lon="10.92237">
        <ele>2002.5</ele>
        <time>2018-07-29T09:22:24.000Z</time>
        <name>0000048</name>
        <sym>Waypoint</sym>
        <type>Wegpunkt</type>
        <extensions>
            <om:oruxmapsextensions xmlns:om="http://www.oruxmaps.com/oruxmapsextensions/1/0" xmlns:gpxtpx="http://www.garmin.com/xmlschemas/TrackPointExtension/v1" xmlns:xsi="http://www.w3.org/2001/XMLSchema-instance">
                <om:ext subtype="0" type="ICON">1</om:ext>
</om:oruxmapsextensions>
        </extensions>
    </wpt>
    <trk>
        <name>2018-07-29 08:52</name>
        <desc>&lt;p&gt;Startzeit: 07/29/2018 07:52&lt;br/&gt;Zielzeit: 07/29/2018 17:03&lt;br/&gt;Strecke: 24 km (09:10)&lt;br/&gt;Bewegungszeit: 02:19&lt;br/&gt;Ø-Geschwindigkeit: 2,
62 km/h&lt;br/&gt;Netto-Geschwindigkeit: 10,
36 km/h&lt;br/&gt;Max. Geschwindigkeit: 46,
13 km/h&lt;br/&gt;Minimale Höhe: 1112 m&lt;br/&gt;Maximale Höhe: 2084 m&lt;br/&gt;Steig-Geschw.: 356,
1 m/h&lt;br/&gt;Sink-Geschw.: -255,
6 m/h&lt;br/&gt;Aufstieg: 1360 m&lt;br/&gt;Abstieg: -1369 m&lt;br/&gt;Steigzeit: 03:49&lt;br/&gt;Sinkzeit: 05:21&lt;br/&gt;&lt;/p&gt;&lt;hr align="center" width="480" style="height: 2px; width: 517px"/&gt;</desc>
        <type>Berg/ Bergsteigen</type>
        <extensions>
            <om:oruxmapsextensions xmlns:om="http://www.oruxmaps.com/oruxmapsextensions/1/0" xmlns:gpxtpx="http://www.garmin.com/xmlschemas/TrackPointExtension/v1" xmlns:xsi="http://www.w3.org/2001/XMLSchema-instance">
                <om:ext subtype="0" type="TYPE">7</om:ext>
                <om:ext type="DIFFICULTY">0</om:ext>
</om:oruxmapsextensions>
        </extensions>
        <trkseg>
            <trkpt lat="47.3884267" lon="10.9397833">
                <ele>1120.7</ele>
                <time>2018-07-29T05:52:34.000Z</time>
                <name>Position 1</name>
            </trkpt>
            <trkpt lat="47.3881467" lon="10.939725">
                <ele>1120.2</ele>
                <time>2018-07-29T05:53:47.000Z</time>
                <name>Position 2</name>
            </trkpt>
            <trkpt lat="47.3876967" lon="10.9396633">
                <ele>1119.2</ele>
                <time>2018-07-29T05:53:57.000Z</time>
                <name>Position 3</name>
            </trkpt>
            <trkpt lat="47.3876867" lon="10.9394567">
                <ele>1117.4</ele>
                <time>2018-07-29T05:54:01.000Z</time>
                <name>Position 4</name>
            </trkpt>
            <trkpt lat="47.3877183" lon="10.9391833">
                <ele>1115.0</ele>
                <time>2018-07-29T05:54:05.000Z</time>
                <name>Position 5</name>
            </trkpt>
            <trkpt lat="47.387785" lon="10.938955">
                <ele>1112.8</ele>
                <time>2018-07-29T05:54:09.000Z</time>
                <name>Position 6</name>
            </trkpt>
            <trkpt lat="47.3879333" lon="10.9389167">
                <ele>1112.2</ele>
                <time>2018-07-29T05:54:13.000Z</time>
                <name>Position 7</name>
            </trkpt>
            <trkpt lat="47.3877333" lon="10.9392367">
                <ele>1114.8</ele>
                <time>2018-07-29T05:55:51.000Z</time>
                <name>Position 8</name>
            </trkpt>
            <trkpt lat="47.3876633" lon="10.9395133">
                <ele>1117.4</ele>
                <time>2018-07-29T05:56:07.000Z</time>
                <name>Position 9</name>
            </trkpt>
            <trkpt lat="47.3875883" lon="10.9397917">
                <ele>1120.0</ele>
                <time>2018-07-29T05:56:23.000Z</time>
                <name>Position 10</name>
            </trkpt>
            <trkpt lat="47.3875483" lon="10.9400867">
                <ele>1122.8</ele>
                <time>2018-07-29T05:56:43.000Z</time>
                <name>Position 11</name>
            </trkpt>
            <trkpt lat="47.3875317" lon="10.9403633">
                <ele>1125.8</ele>
                <time>2018-07-29T05:56:59.000Z</time>
                <name>Position 12</name>
            </trkpt>
            <trkpt lat="47.3875333" lon="10.9406383">
                <ele>1128.8</ele>
                <time>2018-07-29T05:57:17.000Z</time>
                <name>Position 13</name>
            </trkpt>
            <trkpt lat="47.38748" lon="10.9409033">
                <ele>1131.6</ele>
                <time>2018-07-29T05:57:33.000Z</time>
                <name>Position 14</name>
            </trkpt>
            <trkpt lat="47.387365" lon="10.9413067">
                <ele>1135.9</ele>
                <time>2018-07-29T05:57:59.000Z</time>
                <name>Position 15</name>
            </trkpt>
            <trkpt lat="47.3872917" lon="10.9415867">
                <ele>1138.8</ele>
                <time>2018-07-29T05:58:23.000Z</time>
                <name>Position 16</name>
            </trkpt>
            <trkpt lat="47.38724" lon="10.9420167">
                <ele>1142.9</ele>
                <time>2018-07-29T05:58:47.000Z</time>
                <name>Position 17</name>
            </trkpt>
            <trkpt lat="47.3872133" lon="10.9423017">
                <ele>1145.6</ele>
                <time>2018-07-29T05:59:03.000Z</time>
                <name>Position 18</name>
            </trkpt>
            <trkpt lat="47.3872433" lon="10.9425767">
                <ele>1148.3</ele>
                <time>2018-07-29T05:59:17.000Z</time>
                <name>Position 19</name>
            </trkpt>
            <trkpt lat="47.3872683" lon="10.94288">
                <ele>1151.5</ele>
                <time>2018-07-29T05:59:33.000Z</time>
                <name>Position 20</name>
            </trkpt>
            <trkpt lat="47.3874017" lon="10.9432967">
                <ele>1156.3</ele>
                <time>2018-07-29T06:00:01.000Z</time>
                <name>Position 21</name>
            </trkpt>
            <trkpt lat="47.3875167" lon="10.9435083">
                <ele>1158.5</ele>
                <time>2018-07-29T06:00:21.000Z</time>
                <name>Position 22</name>
            </trkpt>
            <trkpt lat="47.3876833" lon="10.9439017">
                <ele>1162.4</ele>
                <time>2018-07-29T06:00:49.000Z</time>
                <name>Position 23</name>
            </trkpt>
            <trkpt lat="47.387815" lon="10.9443167">
                <ele>1167.0</ele>
                <time>2018-07-29T06:01:19.000Z</time>
                <name>Position 24</name>
            </trkpt>
            <trkpt lat="47.3879017" lon="10.9446">
                <ele>1170.5</ele>
                <time>2018-07-29T06:01:39.000Z</time>
                <name>Position 25</name>
            </trkpt>
            <trkpt lat="47.3879733" lon="10.9451883">
                <ele>1178.4</ele>
                <time>2018-07-29T06:02:21.000Z</time>
                <name>Position 26</name>
            </trkpt>
            <trkpt lat="47.3879667" lon="10.9456667">
                <ele>1185.6</ele>
                <time>2018-07-29T06:02:51.000Z</time>
                <name>Position 27</name>
            </trkpt>
            <trkpt lat="47.38797" lon="10.94598">
                <ele>1190.2</ele>
                <time>2018-07-29T06:03:11.000Z</time>
                <name>Position 28</name>
            </trkpt>
            <trkpt lat="47.388075" lon="10.9463967">
                <ele>1196.6</ele>
                <time>2018-07-29T06:03:43.000Z</time>
                <name>Position 29</name>
            </trkpt>
            <trkpt lat="47.38817" lon="10.946645">
                <ele>1200.5</ele>
                <time>2018-07-29T06:04:01.000Z</time>
                <name>Position 30</name>
            </trkpt>
            <trkpt lat="47.3881767" lon="10.9469333">
                <ele>1203.6</ele>
                <time>2018-07-29T06:04:25.000Z</time>
                <name>Position 31</name>
            </trkpt>
            <trkpt lat="47.3882" lon="10.947235">
                <ele>1206.7</ele>
                <time>2018-07-29T06:04:47.000Z</time>
                <name>Position 32</name>
            </trkpt>
            <trkpt lat="47.38826" lon="10.9476533">
                <ele>1211.0</ele>
                <time>2018-07-29T06:05:23.000Z</time>
                <name>Position 33</name>
            </trkpt>
            <trkpt lat="47.3883233" lon="10.9479133">
                <ele>1213.4</ele>
                <time>2018-07-29T06:05:45.000Z</time>
                <name>Position 34</name>
            </trkpt>
            <trkpt lat="47.3882767" lon="10.9481533">
                <ele>1215.3</ele>
                <time>2018-07-29T06:09:11.000Z</time>
                <name>Position 35</name>
            </trkpt>
            <trkpt lat="47.3882733" lon="10.94843">
                <ele>1217.7</ele>
                <time>2018-07-29T06:09:35.000Z</time>
                <name>Position 36</name>
            </trkpt>
            <trkpt lat="47.388355" lon="10.948705">
                <ele>1220.7</ele>
                <time>2018-07-29T06:09:51.000Z</time>
                <name>Position 37</name>
            </trkpt>
            <trkpt lat="47.3884167" lon="10.9489933">
                <ele>1225.9</ele>
                <time>2018-07-29T06:10:09.000Z</time>
                <name>Position 38</name>
            </trkpt>
            <trkpt lat="47.3883033" lon="10.9492183">
                <ele>1224.6</ele>
                <time>2018-07-29T06:10:35.000Z</time>
                <name>Position 39</name>
            </trkpt>
            <trkpt lat="47.3881717" lon="10.9495817">
                <ele>1228.9</ele>
                <time>2018-07-29T06:10:59.000Z</time>
                <name>Position 40</name>
            </trkpt>
            <trkpt lat="47.3882483" lon="10.9498667">
                <ele>1231.2</ele>
                <time>2018-07-29T06:11:13.000Z</time>
                <name>Position 41</name>
            </trkpt>
            <trkpt lat="47.3883567" lon="10.950085">
                <ele>1233.4</ele>
                <time>2018-07-29T06:11:31.000Z</time>
                <name>Position 42</name>
            </trkpt>
            <trkpt lat="47.3883183" lon="10.950495">
                <ele>1238.0</ele>
                <time>2018-07-29T06:12:05.000Z</time>
                <name>Position 43</name>
            </trkpt>
            <trkpt lat="47.3883117" lon="10.9507617">
                <ele>1241.2</ele>
                <time>2018-07-29T06:12:25.000Z</time>
                <name>Position 44</name>
            </trkpt>
            <trkpt lat="47.38847" lon="10.9513333">
                <ele>1251.1</ele>
                <time>2018-07-29T06:12:51.000Z</time>
                <name>Position 45</name>
            </trkpt>
            <trkpt lat="47.3885333" lon="10.951595">
                <ele>1256.3</ele>
                <time>2018-07-29T06:13:07.000Z</time>
                <name>Position 46</name>
            </trkpt>
            <trkpt lat="47.388585" lon="10.9519767">
                <ele>1264.3</ele>
                <time>2018-07-29T06:13:39.000Z</time>
                <name>Position 47</name>
            </trkpt>
            <trkpt lat="47.38855" lon="10.9522517">
                <ele>1268.4</ele>
                <time>2018-07-29T06:14:01.000Z</time>
                <name>Position 48</name>
            </trkpt>
            <trkpt lat="47.388475" lon="10.952505">
                <ele>1270.5</ele>
                <time>2018-07-29T06:14:25.000Z</time>
                <name>Position 49</name>
            </trkpt>
            <trkpt lat="47.3884533" lon="10.952815">
                <ele>1275.2</ele>
                <time>2018-07-29T06:14:47.000Z</time>
                <name>Position 50</name>
            </trkpt>
            <trkpt lat="47.3883767" lon="10.9532233">
                <ele>1279.6</ele>
                <time>2018-07-29T06:15:13.000Z</time>
                <name>Position 51</name>
            </trkpt>
            <trkpt lat="47.38843" lon="10.9534667">
                <ele>1285.1</ele>
                <time>2018-07-29T06:17:35.000Z</time>
                <name>Position 52</name>
            </trkpt>
            <trkpt lat="47.3885617" lon="10.9537017">
                <ele>1293.0</ele>
                <time>2018-07-29T06:17:59.000Z</time>
                <name>Position 53</name>
            </trkpt>
            <trkpt lat="47.3885033" lon="10.9541283">
                <ele>1296.9</ele>
                <time>2018-07-29T06:18:31.000Z</time>
                <name>Position 54</name>
            </trkpt>
            <trkpt lat="47.3884383" lon="10.9545633">
                <ele>1300.8</ele>
                <time>2018-07-29T06:18:57.000Z</time>
                <name>Position 55</name>
            </trkpt>
            <trkpt lat="47.38852" lon="10.954805">
                <ele>1305.8</ele>
                <time>2018-07-29T06:19:13.000Z</time>
                <name>Position 56</name>
            </trkpt>
            <trkpt lat="47.3887033" lon="10.9548883">
                <ele>1310.8</ele>
                <time>2018-07-29T06:19:27.000Z</time>
                <name>Position 57</name>
            </trkpt>
            <trkpt lat="47.388905" lon="10.954805">
                <ele>1314.5</ele>
                <time>2018-07-29T06:19:41.000Z</time>
                <name>Position 58</name>
            </trkpt>
            <trkpt lat="47.3890633" lon="10.954975">
                <ele>1318.7</ele>
                <time>2018-07-29T06:20:03.000Z</time>
                <name>Position 59</name>
            </trkpt>
            <trkpt lat="47.3891017" lon="10.9552633">
                <ele>1320.6</ele>
                <time>2018-07-29T06:20:23.000Z</time>
                <name>Position 60</name>
            </trkpt>
            <trkpt lat="47.389205" lon="10.95552">
                <ele>1323.3</ele>
                <time>2018-07-29T06:20:41.000Z</time>
                <name>Position 61</name>
            </trkpt>
            <trkpt lat="47.3891517" lon="10.9559333">
                <ele>1324.5</ele>
                <time>2018-07-29T06:21:13.000Z</time>
                <name>Position 62</name>
            </trkpt>
            <trkpt lat="47.3889867" lon="10.9561217">
                <ele>1327.3</ele>
                <time>2018-07-29T06:21:35.000Z</time>
                <name>Position 63</name>
            </trkpt>
            <trkpt lat="47.3887133" lon="10.9560817">
                <ele>1325.8</ele>
                <time>2018-07-29T06:22:05.000Z</time>
                <name>Position 64</name>
            </trkpt>
            <trkpt lat="47.3884517" lon="10.9562517">
                <ele>1327.4</ele>
                <time>2018-07-29T06:22:31.000Z</time>
                <name>Position 65</name>
            </trkpt>
            <trkpt lat="47.3883067" lon="10.956435">
                <ele>1330.1</ele>
                <time>2018-07-29T06:22:53.000Z</time>
                <name>Position 66</name>
            </trkpt>
            <trkpt lat="47.388175" lon="10.9568117">
                <ele>1336.6</ele>
                <time>2018-07-29T06:23:13.000Z</time>
                <name>Position 67</name>
            </trkpt>
            <trkpt lat="47.38813" lon="10.9570883">
                <ele>1342.1</ele>
                <time>2018-07-29T06:23:31.000Z</time>
                <name>Position 68</name>
            </trkpt>
            <trkpt lat="47.3883067" lon="10.9570583">
                <ele>1342.1</ele>
                <time>2018-07-29T06:23:53.000Z</time>
                <name>Position 69</name>
            </trkpt>
            <trkpt lat="47.388495" lon="10.9569867">
                <ele>1341.0</ele>
                <time>2018-07-29T06:24:15.000Z</time>
                <name>Position 70</name>
            </trkpt>
            <trkpt lat="47.3886583" lon="10.95711">
                <ele>1343.4</ele>
                <time>2018-07-29T06:24:35.000Z</time>
                <name>Position 71</name>
            </trkpt>
            <trkpt lat="47.3886883" lon="10.957425">
                <ele>1349.0</ele>
                <time>2018-07-29T06:24:55.000Z</time>
                <name>Position 72</name>
            </trkpt>
            <trkpt lat="47.3887017" lon="10.9577467">
                <ele>1354.2</ele>
                <time>2018-07-29T06:25:17.000Z</time>
                <name>Position 73</name>
            </trkpt>
            <trkpt lat="47.3887217" lon="10.9580667">
                <ele>1358.9</ele>
                <time>2018-07-29T06:25:37.000Z</time>
                <name>Position 74</name>
            </trkpt>
            <trkpt lat="47.3887767" lon="10.9583583">
                <ele>1363.0</ele>
                <time>2018-07-29T06:25:57.000Z</time>
                <name>Position 75</name>
            </trkpt>
            <trkpt lat="47.3888883" lon="10.9587833">
                <ele>1368.2</ele>
                <time>2018-07-29T06:26:31.000Z</time>
                <name>Position 76</name>
            </trkpt>
            <trkpt lat="47.3889917" lon="10.9591883">
                <ele>1373.3</ele>
                <time>2018-07-29T06:27:05.000Z</time>
                <name>Position 77</name>
            </trkpt>
            <trkpt lat="47.3890717" lon="10.959465">
                <ele>1377.1</ele>
                <time>2018-07-29T06:27:23.000Z</time>
                <name>Position 78</name>
            </trkpt>
            <trkpt lat="47.3891967" lon="10.959845">
                <ele>1383.7</ele>
                <time>2018-07-29T06:27:51.000Z</time>
                <name>Position 79</name>
            </trkpt>
            <trkpt lat="47.3893483" lon="10.9600133">
                <ele>1389.4</ele>
                <time>2018-07-29T06:28:05.000Z</time>
                <name>Position 80</name>
            </trkpt>
            <trkpt lat="47.3892833" lon="10.9602033">
                <ele>1392.8</ele>
                <time>2018-07-29T06:28:35.000Z</time>
                <name>Position 81</name>
            </trkpt>
            <trkpt lat="47.3890483" lon="10.9604533">
                <ele>1394.8</ele>
                <time>2018-07-29T06:29:05.000Z</time>
                <name>Position 82</name>
            </trkpt>
            <trkpt lat="47.3889083" lon="10.96065">
                <ele>1398.0</ele>
                <time>2018-07-29T06:29:25.000Z</time>
                <name>Position 83</name>
            </trkpt>
            <trkpt lat="47.3888133" lon="10.9608917">
                <ele>1401.9</ele>
                <time>2018-07-29T06:29:43.000Z</time>
                <name>Position 84</name>
            </trkpt>
            <trkpt lat="47.3886433" lon="10.961215">
                <ele>1407.2</ele>
                <time>2018-07-29T06:30:15.000Z</time>
                <name>Position 85</name>
            </trkpt>
            <trkpt lat="47.3884417" lon="10.9615383">
                <ele>1410.5</ele>
                <time>2018-07-29T06:30:45.000Z</time>
                <name>Position 86</name>
            </trkpt>
            <trkpt lat="47.3883833" lon="10.9618133">
                <ele>1414.1</ele>
                <time>2018-07-29T06:31:01.000Z</time>
                <name>Position 87</name>
            </trkpt>
            <trkpt lat="47.3882883" lon="10.9622533">
                <ele>1422.1</ele>
                <time>2018-07-29T06:31:29.000Z</time>
                <name>Position 88</name>
            </trkpt>
            <trkpt lat="47.388215" lon="10.9625733">
                <ele>1430.8</ele>
                <time>2018-07-29T06:32:03.000Z</time>
                <name>Position 89</name>
            </trkpt>
            <trkpt lat="47.3883683" lon="10.9627033">
                <ele>1430.0</ele>
                <time>2018-07-29T06:32:19.000Z</time>
                <name>Position 90</name>
            </trkpt>
            <trkpt lat="47.3885467" lon="10.9628233">
                <ele>1436.1</ele>
                <time>2018-07-29T06:32:33.000Z</time>
                <name>Position 91</name>
            </trkpt>
            <trkpt lat="47.3887433" lon="10.962805">
                <ele>1440.0</ele>
                <time>2018-07-29T06:32:51.000Z</time>
                <name>Position 92</name>
            </trkpt>
            <trkpt lat="47.3889517" lon="10.9628017">
                <ele>1444.4</ele>
                <time>2018-07-29T06:33:07.000Z</time>
                <name>Position 93</name>
            </trkpt>
            <trkpt lat="47.3888233" lon="10.9630317">
                <ele>1446.1</ele>
                <time>2018-07-29T06:33:37.000Z</time>
                <name>Position 94</name>
            </trkpt>
            <trkpt lat="47.388745" lon="10.963315">
                <ele>1449.8</ele>
                <time>2018-07-29T06:33:57.000Z</time>
                <name>Position 95</name>
            </trkpt>
            <trkpt lat="47.3887133" lon="10.9636067">
                <ele>1457.1</ele>
                <time>2018-07-29T06:34:15.000Z</time>
                <name>Position 96</name>
            </trkpt>
            <trkpt lat="47.3885433" lon="10.9637233">
                <ele>1457.7</ele>
                <time>2018-07-29T06:34:39.000Z</time>
                <name>Position 97</name>
            </trkpt>
            <trkpt lat="47.38823" lon="10.963595">
                <ele>1452.9</ele>
                <time>2018-07-29T06:35:05.000Z</time>
                <name>Position 98</name>
            </trkpt>
            <trkpt lat="47.3880783" lon="10.9634033">
                <ele>1451.4</ele>
                <time>2018-07-29T06:35:19.000Z</time>
                <name>Position 99</name>
            </trkpt>
            <trkpt lat="47.3879133" lon="10.9632317">
                <ele>1452.3</ele>
                <time>2018-07-29T06:35:35.000Z</time>
                <name>Position 100</name>
            </trkpt>
            <trkpt lat="47.387745" lon="10.9631667">
                <ele>1455.7</ele>
                <time>2018-07-29T06:35:53.000Z</time>
                <name>Position 101</name>
            </trkpt>
            <trkpt lat="47.387595" lon="10.9633517">
                <ele>1462.4</ele>
                <time>2018-07-29T06:36:15.000Z</time>
                <name>Position 102</name>
            </trkpt>
            <trkpt lat="47.3874333" lon="10.9636117">
                <ele>1466.7</ele>
                <time>2018-07-29T06:36:27.000Z</time>
                <name>Position 103</name>
            </trkpt>
            <trkpt lat="47.38729" lon="10.96389">
                <ele>1468.0</ele>
                <time>2018-07-29T06:36:39.000Z</time>
                <name>Position 104</name>
            </trkpt>
            <trkpt lat="47.3871033" lon="10.964055">
                <ele>1468.6</ele>
                <time>2018-07-29T06:36:55.000Z</time>
                <name>Position 105</name>
            </trkpt>
            <trkpt lat="47.3868717" lon="10.9639967">
                <ele>1464.9</ele>
                <time>2018-07-29T06:37:11.000Z</time>
                <name>Position 106</name>
            </trkpt>
            <trkpt lat="47.3867367" lon="10.9641683">
                <ele>1467.2</ele>
                <time>2018-07-29T06:37:23.000Z</time>
                <name>Position 107</name>
            </trkpt>
            <trkpt lat="47.386675" lon="10.96446">
                <ele>1471.0</ele>
                <time>2018-07-29T06:37:35.000Z</time>
                <name>Position 108</name>
            </trkpt>
            <trkpt lat="47.38654" lon="10.9648867">
                <ele>1474.5</ele>
                <time>2018-07-29T06:37:49.000Z</time>
                <name>Position 109</name>
            </trkpt>
            <trkpt lat="47.3863767" lon="10.9651">
                <ele>1473.3</ele>
                <time>2018-07-29T06:37:57.000Z</time>
                <name>Position 110</name>
            </trkpt>
            <trkpt lat="47.386225" lon="10.9653683">
                <ele>1472.7</ele>
                <time>2018-07-29T06:38:05.000Z</time>
                <name>Position 111</name>
            </trkpt>
            <trkpt lat="47.386145" lon="10.96552">
                <ele>1472.5</ele>
                <time>2018-07-29T06:38:09.000Z</time>
                <name>Position 112</name>
            </trkpt>
            <trkpt lat="47.3859717" lon="10.9657933">
                <ele>1471.8</ele>
                <time>2018-07-29T06:38:17.000Z</time>
                <name>Position 113</name>
            </trkpt>
            <trkpt lat="47.38588" lon="10.9659317">
                <ele>1471.8</ele>
                <time>2018-07-29T06:38:21.000Z</time>
                <name>Position 114</name>
            </trkpt>
            <trkpt lat="47.3857867" lon="10.966075">
                <ele>1472.5</ele>
                <time>2018-07-29T06:38:25.000Z</time>
                <name>Position 115</name>
            </trkpt>
            <trkpt lat="47.3855983" lon="10.9663083">
                <ele>1474.1</ele>
                <time>2018-07-29T06:38:33.000Z</time>
                <name>Position 116</name>
            </trkpt>
            <trkpt lat="47.3854417" lon="10.9665367">
                <ele>1475.6</ele>
                <time>2018-07-29T06:38:41.000Z</time>
                <name>Position 117</name>
            </trkpt>
            <trkpt lat="47.3852983" lon="10.9667667">
                <ele>1477.1</ele>
                <time>2018-07-29T06:38:49.000Z</time>
                <name>Position 118</name>
            </trkpt>
            <trkpt lat="47.3849733" lon="10.9672033">
                <ele>1478.6</ele>
                <time>2018-07-29T06:39:07.000Z</time>
                <name>Position 119</name>
            </trkpt>
            <trkpt lat="47.3848467" lon="10.9674467">
                <ele>1481.6</ele>
                <time>2018-07-29T06:39:21.000Z</time>
                <name>Position 120</name>
            </trkpt>
            <trkpt lat="47.3847817" lon="10.967895">
                <ele>1486.3</ele>
                <time>2018-07-29T06:39:45.000Z</time>
                <name>Position 121</name>
            </trkpt>
            <trkpt lat="47.3847783" lon="10.9683333">
                <ele>1491.0</ele>
                <time>2018-07-29T06:40:09.000Z</time>
                <name>Position 122</name>
            </trkpt>
            <trkpt lat="47.3848317" lon="10.968795">
                <ele>1494.8</ele>
                <time>2018-07-29T06:40:37.000Z</time>
                <name>Position 123</name>
            </trkpt>
            <trkpt lat="47.3848617" lon="10.96939">
                <ele>1499.4</ele>
                <time>2018-07-29T06:41:09.000Z</time>
                <name>Position 124</name>
            </trkpt>
            <trkpt lat="47.3848767" lon="10.9696983">
                <ele>1501.8</ele>
                <time>2018-07-29T06:41:27.000Z</time>
                <name>Position 125</name>
            </trkpt>
            <trkpt lat="47.3849033" lon="10.96998">
                <ele>1504.2</ele>
                <time>2018-07-29T06:41:47.000Z</time>
                <name>Position 126</name>
            </trkpt>
            <trkpt lat="47.3848733" lon="10.9702567">
                <ele>1506.1</ele>
                <time>2018-07-29T06:42:03.000Z</time>
                <name>Position 127</name>
            </trkpt>
            <trkpt lat="47.3847367" lon="10.970645">
                <ele>1508.2</ele>
                <time>2018-07-29T06:42:29.000Z</time>
                <name>Position 128</name>
            </trkpt>
            <trkpt lat="47.3846533" lon="10.9709117">
                <ele>1510.0</ele>
                <time>2018-07-29T06:42:47.000Z</time>
                <name>Position 129</name>
            </trkpt>
            <trkpt lat="47.3845483" lon="10.9711617">
                <ele>1511.4</ele>
                <time>2018-07-29T06:43:03.000Z</time>
                <name>Position 130</name>
            </trkpt>
            <trkpt lat="47.384385" lon="10.9715517">
                <ele>1513.2</ele>
                <time>2018-07-29T06:43:25.000Z</time>
                <name>Position 131</name>
            </trkpt>
            <trkpt lat="47.3842817" lon="10.97182">
                <ele>1514.1</ele>
                <time>2018-07-29T06:43:37.000Z</time>
                <name>Position 132</name>
            </trkpt>
            <trkpt lat="47.3842067" lon="10.972285">
                <ele>1516.1</ele>
                <time>2018-07-29T06:43:55.000Z</time>
                <name>Position 133</name>
            </trkpt>
            <trkpt lat="47.3841333" lon="10.9725883">
                <ele>1517.4</ele>
                <time>2018-07-29T06:44:07.000Z</time>
                <name>Position 134</name>
            </trkpt>
            <trkpt lat="47.38388" lon="10.9728517">
                <ele>1517.9</ele>
                <time>2018-07-29T06:44:27.000Z</time>
                <name>Position 135</name>
            </trkpt>
            <trkpt lat="47.383655" lon="10.9732317">
                <ele>1519.4</ele>
                <time>2018-07-29T06:44:51.000Z</time>
                <name>Position 136</name>
            </trkpt>
            <trkpt lat="47.3834917" lon="10.97359">
                <ele>1521.9</ele>
                <time>2018-07-29T06:45:09.000Z</time>
                <name>Position 137</name>
            </trkpt>
            <trkpt lat="47.3833683" lon="10.9738283">
                <ele>1523.6</ele>
                <time>2018-07-29T06:45:23.000Z</time>
                <name>Position 138</name>
            </trkpt>
            <trkpt lat="47.383045" lon="10.9742967">
                <ele>1524.7</ele>
                <time>2018-07-29T06:45:47.000Z</time>
                <name>Position 139</name>
            </trkpt>
            <trkpt lat="47.3828317" lon="10.9746533">
                <ele>1525.5</ele>
                <time>2018-07-29T06:46:03.000Z</time>
                <name>Position 140</name>
            </trkpt>
            <trkpt lat="47.382745" lon="10.9747917">
                <ele>1525.7</ele>
                <time>2018-07-29T06:46:09.000Z</time>
                <name>Position 141</name>
            </trkpt>
            <trkpt lat="47.3826067" lon="10.9749733">
                <ele>1525.4</ele>
                <time>2018-07-29T06:46:17.000Z</time>
                <name>Position 142</name>
            </trkpt>
            <trkpt lat="47.3824667" lon="10.97516">
                <ele>1525.5</ele>
                <time>2018-07-29T06:46:25.000Z</time>
                <name>Position 143</name>
            </trkpt>
            <trkpt lat="47.3823717" lon="10.97529">
                <ele>1525.8</ele>
                <time>2018-07-29T06:46:31.000Z</time>
                <name>Position 144</name>
            </trkpt>
            <trkpt lat="47.3822017" lon="10.9754617">
                <ele>1525.9</ele>
                <time>2018-07-29T06:46:39.000Z</time>
                <name>Position 145</name>
            </trkpt>
            <trkpt lat="47.3819117" lon="10.9756533">
                <ele>1524.8</ele>
                <time>2018-07-29T06:46:51.000Z</time>
                <name>Position 146</name>
            </trkpt>
            <trkpt lat="47.3817767" lon="10.97571">
                <ele>1523.9</ele>
                <time>2018-07-29T06:46:55.000Z</time>
                <name>Position 147</name>
            </trkpt>
            <trkpt lat="47.3816767" lon="10.975865">
                <ele>1524.3</ele>
                <time>2018-07-29T06:46:59.000Z</time>
                <name>Position 148</name>
            </trkpt>
            <trkpt lat="47.3816233" lon="10.9761283">
                <ele>1528.3</ele>
                <time>2018-07-29T06:47:13.000Z</time>
                <name>Position 149</name>
            </trkpt>
            <trkpt lat="47.3815117" lon="10.9764083">
                <ele>1533.9</ele>
                <time>2018-07-29T06:47:31.000Z</time>
                <name>Position 150</name>
            </trkpt>
            <trkpt lat="47.3813283" lon="10.976745">
                <ele>1542.4</ele>
                <time>2018-07-29T06:47:55.000Z</time>
                <name>Position 151</name>
            </trkpt>
            <trkpt lat="47.3811017" lon="10.9769467">
                <ele>1550.2</ele>
                <time>2018-07-29T06:48:19.000Z</time>
                <name>Position 152</name>
            </trkpt>
            <trkpt lat="47.38103" lon="10.9766933">
                <ele>1547.8</ele>
                <time>2018-07-29T06:48:39.000Z</time>
                <name>Position 153</name>
            </trkpt>
            <trkpt lat="47.380935" lon="10.9764567">
                <ele>1545.1</ele>
                <time>2018-07-29T06:48:55.000Z</time>
                <name>Position 154</name>
            </trkpt>
            <trkpt lat="47.3808183" lon="10.97618">
                <ele>1541.9</ele>
                <time>2018-07-29T06:49:15.000Z</time>
                <name>Position 155</name>
            </trkpt>
            <trkpt lat="47.3807" lon="10.97595">
                <ele>1543.4</ele>
                <time>2018-07-29T06:49:33.000Z</time>
                <name>Position 156</name>
            </trkpt>
            <trkpt lat="47.38051" lon="10.97561">
                <ele>1545.5</ele>
                <time>2018-07-29T06:49:55.000Z</time>
                <name>Position 157</name>
            </trkpt>
            <trkpt lat="47.380365" lon="10.9753567">
                <ele>1546.6</ele>
                <time>2018-07-29T06:50:07.000Z</time>
                <name>Position 158</name>
            </trkpt>
            <trkpt lat="47.38023" lon="10.9751017">
                <ele>1546.4</ele>
                <time>2018-07-29T06:50:21.000Z</time>
                <name>Position 159</name>
            </trkpt>
            <trkpt lat="47.380065" lon="10.974925">
                <ele>1550.3</ele>
                <time>2018-07-29T06:50:35.000Z</time>
                <name>Position 160</name>
            </trkpt>
            <trkpt lat="47.3798967" lon="10.97473">
                <ele>1556.2</ele>
                <time>2018-07-29T06:50:49.000Z</time>
                <name>Position 161</name>
            </trkpt>
            <trkpt lat="47.3797433" lon="10.9743667">
                <ele>1560.8</ele>
                <time>2018-07-29T06:51:07.000Z</time>
                <name>Position 162</name>
            </trkpt>
            <trkpt lat="47.3796867" lon="10.9740667">
                <ele>1561.8</ele>
                <time>2018-07-29T06:51:21.000Z</time>
                <name>Position 163</name>
            </trkpt>
            <trkpt lat="47.3796567" lon="10.9737433">
                <ele>1563.7</ele>
                <time>2018-07-29T06:51:33.000Z</time>
                <name>Position 164</name>
            </trkpt>
            <trkpt lat="47.379605" lon="10.973275">
                <ele>1567.1</ele>
                <time>2018-07-29T06:51:51.000Z</time>
                <name>Position 165</name>
            </trkpt>
            <trkpt lat="47.379625" lon="10.9727983">
                <ele>1569.2</ele>
                <time>2018-07-29T06:52:13.000Z</time>
                <name>Position 166</name>
            </trkpt>
            <trkpt lat="47.3796717" lon="10.9724717">
                <ele>1567.9</ele>
                <time>2018-07-29T06:52:29.000Z</time>
                <name>Position 167</name>
            </trkpt>
            <trkpt lat="47.3796983" lon="10.972165">
                <ele>1567.3</ele>
                <time>2018-07-29T06:52:41.000Z</time>
                <name>Position 168</name>
            </trkpt>
            <trkpt lat="47.37972" lon="10.97171">
                <ele>1567.6</ele>
                <time>2018-07-29T06:53:01.000Z</time>
                <name>Position 169</name>
            </trkpt>
            <trkpt lat="47.3796" lon="10.9714133">
                <ele>1572.7</ele>
                <time>2018-07-29T06:53:23.000Z</time>
                <name>Position 170</name>
            </trkpt>
            <trkpt lat="47.379585" lon="10.9718533">
                <ele>1574.9</ele>
                <time>2018-07-29T06:53:47.000Z</time>
                <name>Position 171</name>
            </trkpt>
            <trkpt lat="47.3795067" lon="10.9721183">
                <ele>1578.3</ele>
                <time>2018-07-29T06:54:05.000Z</time>
                <name>Position 172</name>
            </trkpt>
            <trkpt lat="47.37941" lon="10.972385">
                <ele>1583.5</ele>
                <time>2018-07-29T06:54:19.000Z</time>
                <name>Position 173</name>
            </trkpt>
            <trkpt lat="47.3793083" lon="10.9726583">
                <ele>1588.9</ele>
                <time>2018-07-29T06:54:35.000Z</time>
                <name>Position 174</name>
            </trkpt>
            <trkpt lat="47.3791017" lon="10.97286">
                <ele>1595.9</ele>
                <time>2018-07-29T06:54:57.000Z</time>
                <name>Position 175</name>
            </trkpt>
            <trkpt lat="47.37901" lon="10.9725567">
                <ele>1594.3</ele>
                <time>2018-07-29T06:55:15.000Z</time>
                <name>Position 176</name>
            </trkpt>
            <trkpt lat="47.3789583" lon="10.9722433">
                <ele>1593.2</ele>
                <time>2018-07-29T06:55:27.000Z</time>
                <name>Position 177</name>
            </trkpt>
            <trkpt lat="47.37897" lon="10.9718383">
                <ele>1593.4</ele>
                <time>2018-07-29T06:55:35.000Z</time>
                <name>Position 178</name>
            </trkpt>
            <trkpt lat="47.3789583" lon="10.9715633">
                <ele>1593.2</ele>
                <time>2018-07-29T06:55:39.000Z</time>
                <name>Position 179</name>
            </trkpt>
            <trkpt lat="47.378905" lon="10.9712683">
                <ele>1591.5</ele>
                <time>2018-07-29T06:55:43.000Z</time>
                <name>Position 180</name>
            </trkpt>
            <trkpt lat="47.378925" lon="10.9709433">
                <ele>1591.0</ele>
                <time>2018-07-29T06:55:47.000Z</time>
                <name>Position 181</name>
            </trkpt>
            <trkpt lat="47.3789133" lon="10.9706167">
                <ele>1590.3</ele>
                <time>2018-07-29T06:55:51.000Z</time>
                <name>Position 182</name>
            </trkpt>
            <trkpt lat="47.3788917" lon="10.9703233">
                <ele>1589.3</ele>
                <time>2018-07-29T06:55:55.000Z</time>
                <name>Position 183</name>
            </trkpt>
            <trkpt lat="47.3788917" lon="10.9699">
                <ele>1588.8</ele>
                <time>2018-07-29T06:55:59.000Z</time>
                <name>Position 184</name>
            </trkpt>
            <trkpt lat="47.37885" lon="10.969695">
                <ele>1588.9</ele>
                <time>2018-07-29T06:56:01.000Z</time>
                <name>Position 185</name>
            </trkpt>
            <trkpt lat="47.3788067" lon="10.9694583">
                <ele>1588.9</ele>
                <time>2018-07-29T06:56:03.000Z</time>
                <name>Position 186</name>
            </trkpt>
            <trkpt lat="47.3787717" lon="10.9692267">
                <ele>1589.1</ele>
                <time>2018-07-29T06:56:05.000Z</time>
                <name>Position 187</name>
            </trkpt>
            <trkpt lat="47.3787483" lon="10.9690417">
                <ele>1589.2</ele>
                <time>2018-07-29T06:56:07.000Z</time>
                <name>Position 188</name>
            </trkpt>
            <trkpt lat="47.3787183" lon="10.96885">
                <ele>1589.1</ele>
                <time>2018-07-29T06:56:09.000Z</time>
                <name>Position 189</name>
            </trkpt>
            <trkpt lat="47.37867" lon="10.96849">
                <ele>1589.1</ele>
                <time>2018-07-29T06:56:13.000Z</time>
                <name>Position 190</name>
            </trkpt>
            <trkpt lat="47.3786533" lon="10.9683033">
                <ele>1589.1</ele>
                <time>2018-07-29T06:56:15.000Z</time>
                <name>Position 191</name>
            </trkpt>
            <trkpt lat="47.3784583" lon="10.9678817">
                <ele>1586.0</ele>
                <time>2018-07-29T06:56:23.000Z</time>
                <name>Position 192</name>
            </trkpt>
            <trkpt lat="47.3782267" lon="10.96779">
                <ele>1583.8</ele>
                <time>2018-07-29T06:56:27.000Z</time>
                <name>Position 193</name>
            </trkpt>
            <trkpt lat="47.3779233" lon="10.96779">
                <ele>1583.4</ele>
                <time>2018-07-29T06:56:33.000Z</time>
                <name>Position 194</name>
            </trkpt>
            <trkpt lat="47.3776667" lon="10.9677933">
                <ele>1583.1</ele>
                <time>2018-07-29T06:56:39.000Z</time>
                <name>Position 195</name>
            </trkpt>
            <trkpt lat="47.3774283" lon="10.967785">
                <ele>1583.0</ele>
                <time>2018-07-29T06:56:47.000Z</time>
                <name>Position 196</name>
            </trkpt>
            <trkpt lat="47.3772033" lon="10.9677417">
                <ele>1583.3</ele>
                <time>2018-07-29T06:56:55.000Z</time>
                <name>Position 197</name>
            </trkpt>
            <trkpt lat="47.3770717" lon="10.9676583">
                <ele>1583.9</ele>
                <time>2018-07-29T06:56:59.000Z</time>
                <name>Position 198</name>
            </trkpt>
            <trkpt lat="47.3768567" lon="10.9674917">
                <ele>1585.4</ele>
                <time>2018-07-29T06:57:07.000Z</time>
                <name>Position 199</name>
            </trkpt>
            <trkpt lat="47.3764333" lon="10.9672983">
                <ele>1584.5</ele>
                <time>2018-07-29T06:57:23.000Z</time>
                <name>Position 200</name>
            </trkpt>
            <trkpt lat="47.376295" lon="10.9672117">
                <ele>1583.4</ele>
                <time>2018-07-29T06:57:27.000Z</time>
                <name>Position 201</name>
            </trkpt>
            <trkpt lat="47.37617" lon="10.9670983">
                <ele>1582.4</ele>
                <time>2018-07-29T06:57:31.000Z</time>
                <name>Position 202</name>
            </trkpt>
            <trkpt lat="47.3760133" lon="10.9669367">
                <ele>1581.3</ele>
                <time>2018-07-29T06:57:35.000Z</time>
                <name>Position 203</name>
            </trkpt>
            <trkpt lat="47.375835" lon="10.9666967">
                <ele>1580.2</ele>
                <time>2018-07-29T06:57:39.000Z</time>
                <name>Position 204</name>
            </trkpt>
            <trkpt lat="47.3757867" lon="10.9665067">
                <ele>1580.4</ele>
                <time>2018-07-29T06:57:41.000Z</time>
                <name>Position 205</name>
            </trkpt>
            <trkpt lat="47.3757467" lon="10.9663183">
                <ele>1580.8</ele>
                <time>2018-07-29T06:57:43.000Z</time>
                <name>Position 206</name>
            </trkpt>
            <trkpt lat="47.3755733" lon="10.9659983">
                <ele>1581.1</ele>
                <time>2018-07-29T06:57:49.000Z</time>
                <name>Position 207</name>
            </trkpt>
            <trkpt lat="47.3754" lon="10.96573">
                <ele>1580.7</ele>
                <time>2018-07-29T06:57:55.000Z</time>
                <name>Position 208</name>
            </trkpt>
            <trkpt lat="47.3753167" lon="10.9655633">
                <ele>1580.3</ele>
                <time>2018-07-29T06:57:59.000Z</time>
                <name>Position 209</name>
            </trkpt>
            <trkpt lat="47.3751933" lon="10.9653883">
                <ele>1578.8</ele>
                <time>2018-07-29T06:58:03.000Z</time>
                <name>Position 210</name>
            </trkpt>
            <trkpt lat="47.375115" lon="10.965035">
                <ele>1576.1</ele>
                <time>2018-07-29T06:58:09.000Z</time>
                <name>Position 211</name>
            </trkpt>
            <trkpt lat="47.3752183" lon="10.9646683">
                <ele>1573.7</ele>
                <time>2018-07-29T06:58:15.000Z</time>
                <name>Position 212</name>
            </trkpt>
            <trkpt lat="47.375355" lon="10.9641417">
                <ele>1570.4</ele>
                <time>2018-07-29T06:58:23.000Z</time>
                <name>Position 213</name>
            </trkpt>
            <trkpt lat="47.3754183" lon="10.9638767">
                <ele>1568.7</ele>
                <time>2018-07-29T06:58:27.000Z</time>
                <name>Position 214</name>
            </trkpt>
            <trkpt lat="47.375545" lon="10.9636217">
                <ele>1567.2</ele>
                <time>2018-07-29T06:58:31.000Z</time>
                <name>Position 215</name>
            </trkpt>
            <trkpt lat="47.3756633" lon="10.9633833">
                <ele>1564.6</ele>
                <time>2018-07-29T06:58:35.000Z</time>
                <name>Position 216</name>
            </trkpt>
            <trkpt lat="47.3758733" lon="10.9630467">
                <ele>1562.2</ele>
                <time>2018-07-29T06:58:41.000Z</time>
                <name>Position 217</name>
            </trkpt>
            <trkpt lat="47.37607" lon="10.9626233">
                <ele>1559.2</ele>
                <time>2018-07-29T06:58:47.000Z</time>
                <name>Position 218</name>
            </trkpt>
            <trkpt lat="47.3761367" lon="10.9624367">
                <ele>1557.5</ele>
                <time>2018-07-29T06:58:49.000Z</time>
                <name>Position 219</name>
            </trkpt>
            <trkpt lat="47.37619" lon="10.9622617">
                <ele>1556.6</ele>
                <time>2018-07-29T06:58:51.000Z</time>
                <name>Position 220</name>
            </trkpt>
            <trkpt lat="47.3762333" lon="10.9620817">
                <ele>1555.8</ele>
                <time>2018-07-29T06:58:53.000Z</time>
                <name>Position 221</name>
            </trkpt>
            <trkpt lat="47.3762733" lon="10.961855">
                <ele>1555.0</ele>
                <time>2018-07-29T06:58:55.000Z</time>
                <name>Position 222</name>
            </trkpt>
            <trkpt lat="47.3762983" lon="10.9614867">
                <ele>1553.5</ele>
                <time>2018-07-29T06:58:59.000Z</time>
                <name>Position 223</name>
            </trkpt>
            <trkpt lat="47.3763333" lon="10.9611767">
                <ele>1552.2</ele>
                <time>2018-07-29T06:59:03.000Z</time>
                <name>Position 224</name>
            </trkpt>
            <trkpt lat="47.376385" lon="10.9608383">
                <ele>1550.7</ele>
                <time>2018-07-29T06:59:07.000Z</time>
                <name>Position 225</name>
            </trkpt>
            <trkpt lat="47.37649" lon="10.96051">
                <ele>1549.2</ele>
                <time>2018-07-29T06:59:11.000Z</time>
                <name>Position 226</name>
            </trkpt>
            <trkpt lat="47.3765217" lon="10.9603217">
                <ele>1548.4</ele>
                <time>2018-07-29T06:59:13.000Z</time>
                <name>Position 227</name>
            </trkpt>
            <trkpt lat="47.3765883" lon="10.9601267">
                <ele>1547.4</ele>
                <time>2018-07-29T06:59:15.000Z</time>
                <name>Position 228</name>
            </trkpt>
            <trkpt lat="47.3766233" lon="10.959935">
                <ele>1546.5</ele>
                <time>2018-07-29T06:59:17.000Z</time>
                <name>Position 229</name>
            </trkpt>
            <trkpt lat="47.3766383" lon="10.959715">
                <ele>1545.6</ele>
                <time>2018-07-29T06:59:19.000Z</time>
                <name>Position 230</name>
            </trkpt>
            <trkpt lat="47.37665" lon="10.9594883">
                <ele>1544.7</ele>
                <time>2018-07-29T06:59:21.000Z</time>
                <name>Position 231</name>
            </trkpt>
            <trkpt lat="47.376605" lon="10.9591783">
                <ele>1543.7</ele>
                <time>2018-07-29T06:59:25.000Z</time>
                <name>Position 232</name>
            </trkpt>
            <trkpt lat="47.3765133" lon="10.95896">
                <ele>1543.5</ele>
                <time>2018-07-29T06:59:29.000Z</time>
                <name>Position 233</name>
            </trkpt>
            <trkpt lat="47.376355" lon="10.9587033">
                <ele>1543.9</ele>
                <time>2018-07-29T06:59:33.000Z</time>
                <name>Position 234</name>
            </trkpt>
            <trkpt lat="47.376275" lon="10.9585167">
                <ele>1543.9</ele>
                <time>2018-07-29T06:59:37.000Z</time>
                <name>Position 235</name>
            </trkpt>
            <trkpt lat="47.3762083" lon="10.9583383">
                <ele>1543.9</ele>
                <time>2018-07-29T06:59:41.000Z</time>
                <name>Position 236</name>
            </trkpt>
            <trkpt lat="47.3761967" lon="10.9581067">
                <ele>1544.0</ele>
                <time>2018-07-29T06:59:45.000Z</time>
                <name>Position 237</name>
            </trkpt>
            <trkpt lat="47.3761667" lon="10.957865">
                <ele>1544.4</ele>
                <time>2018-07-29T06:59:49.000Z</time>
                <name>Position 238</name>
            </trkpt>
            <trkpt lat="47.3761267" lon="10.9573167">
                <ele>1545.1</ele>
                <time>2018-07-29T07:00:01.000Z</time>
                <name>Position 239</name>
            </trkpt>
            <trkpt lat="47.3761033" lon="10.9571">
                <ele>1545.7</ele>
                <time>2018-07-29T07:00:05.000Z</time>
                <name>Position 240</name>
            </trkpt>
            <trkpt lat="47.3760717" lon="10.95689">
                <ele>1546.3</ele>
                <time>2018-07-29T07:00:09.000Z</time>
                <name>Position 241</name>
            </trkpt>
            <trkpt lat="47.3760683" lon="10.95669">
                <ele>1546.7</ele>
                <time>2018-07-29T07:00:13.000Z</time>
                <name>Position 242</name>
            </trkpt>
            <trkpt lat="47.3761067" lon="10.9562017">
                <ele>1548.1</ele>
                <time>2018-07-29T07:00:27.000Z</time>
                <name>Position 243</name>
            </trkpt>
            <trkpt lat="47.376105" lon="10.9560133">
                <ele>1548.7</ele>
                <time>2018-07-29T07:00:33.000Z</time>
                <name>Position 244</name>
            </trkpt>
            <trkpt lat="47.3761717" lon="10.95557">
                <ele>1550.0</ele>
                <time>2018-07-29T07:00:47.000Z</time>
                <name>Position 245</name>
            </trkpt>
            <trkpt lat="47.37621" lon="10.9552683">
                <ele>1550.8</ele>
                <time>2018-07-29T07:00:59.000Z</time>
                <name>Position 246</name>
            </trkpt>
            <trkpt lat="47.3763133" lon="10.954685">
                <ele>1553.1</ele>
                <time>2018-07-29T07:01:27.000Z</time>
                <name>Position 247</name>
            </trkpt>
            <trkpt lat="47.376485" lon="10.9542283">
                <ele>1554.3</ele>
                <time>2018-07-29T07:01:37.000Z</time>
                <name>Position 248</name>
            </trkpt>
            <trkpt lat="47.37658" lon="10.9539267">
                <ele>1555.3</ele>
                <time>2018-07-29T07:01:45.000Z</time>
                <name>Position 249</name>
            </trkpt>
            <trkpt lat="47.376705" lon="10.9537233">
                <ele>1555.5</ele>
                <time>2018-07-29T07:01:49.000Z</time>
                <name>Position 250</name>
            </trkpt>
            <trkpt lat="47.376855" lon="10.9536">
                <ele>1556.1</ele>
                <time>2018-07-29T07:01:53.000Z</time>
                <name>Position 251</name>
            </trkpt>
            <trkpt lat="47.377025" lon="10.9533583">
                <ele>1557.9</ele>
                <time>2018-07-29T07:01:59.000Z</time>
                <name>Position 252</name>
            </trkpt>
            <trkpt lat="47.37718" lon="10.9531033">
                <ele>1561.1</ele>
                <time>2018-07-29T07:02:09.000Z</time>
                <name>Position 253</name>
            </trkpt>
            <trkpt lat="47.37702" lon="10.95276">
                <ele>1565.6</ele>
                <time>2018-07-29T07:02:33.000Z</time>
                <name>Position 254</name>
            </trkpt>
            <trkpt lat="47.3767767" lon="10.952505">
                <ele>1568.5</ele>
                <time>2018-07-29T07:03:07.000Z</time>
                <name>Position 255</name>
            </trkpt>
            <trkpt lat="47.3768983" lon="10.9522183">
                <ele>1573.0</ele>
                <time>2018-07-29T07:03:37.000Z</time>
                <name>Position 256</name>
            </trkpt>
            <trkpt lat="47.3769583" lon="10.9518983">
                <ele>1577.4</ele>
                <time>2018-07-29T07:04:09.000Z</time>
                <name>Position 257</name>
            </trkpt>
            <trkpt lat="47.3770933" lon="10.951605">
                <ele>1580.6</ele>
                <time>2018-07-29T07:04:33.000Z</time>
                <name>Position 258</name>
            </trkpt>
            <trkpt lat="47.3771417" lon="10.9514333">
                <ele>1581.0</ele>
                <time>2018-07-29T07:04:49.000Z</time>
                <name>Position 259</name>
            </trkpt>
            <trkpt lat="47.3771933" lon="10.9512383">
                <ele>1581.3</ele>
                <time>2018-07-29T07:05:03.000Z</time>
                <name>Position 260</name>
            </trkpt>
            <trkpt lat="47.37729" lon="10.950925">
                <ele>1581.5</ele>
                <time>2018-07-29T07:05:27.000Z</time>
                <name>Position 261</name>
            </trkpt>
            <trkpt lat="47.3773217" lon="10.9507383">
                <ele>1580.5</ele>
                <time>2018-07-29T07:05:39.000Z</time>
                <name>Position 262</name>
            </trkpt>
            <trkpt lat="47.3771367" lon="10.95029">
                <ele>1578.1</ele>
                <time>2018-07-29T07:06:41.000Z</time>
                <name>Position 263</name>
            </trkpt>
            <trkpt lat="47.3768917" lon="10.95005">
                <ele>1582.6</ele>
                <time>2018-07-29T07:06:59.000Z</time>
                <name>Position 264</name>
            </trkpt>
            <trkpt lat="47.3767717" lon="10.9498267">
                <ele>1583.5</ele>
                <time>2018-07-29T07:07:11.000Z</time>
                <name>Position 265</name>
            </trkpt>
            <trkpt lat="47.3766567" lon="10.9494117">
                <ele>1586.7</ele>
                <time>2018-07-29T07:07:31.000Z</time>
                <name>Position 266</name>
            </trkpt>
            <trkpt lat="47.3765733" lon="10.9489617">
                <ele>1582.5</ele>
                <time>2018-07-29T07:07:51.000Z</time>
                <name>Position 267</name>
            </trkpt>
            <trkpt lat="47.376465" lon="10.9487967">
                <ele>1580.7</ele>
                <time>2018-07-29T07:07:55.000Z</time>
                <name>Position 268</name>
            </trkpt>
            <trkpt lat="47.3763183" lon="10.9486367">
                <ele>1580.0</ele>
                <time>2018-07-29T07:07:59.000Z</time>
                <name>Position 269</name>
            </trkpt>
            <trkpt lat="47.3760233" lon="10.9484183">
                <ele>1582.8</ele>
                <time>2018-07-29T07:08:05.000Z</time>
                <name>Position 270</name>
            </trkpt>
            <trkpt lat="47.3758217" lon="10.9480117">
                <ele>1581.9</ele>
                <time>2018-07-29T07:08:13.000Z</time>
                <name>Position 271</name>
            </trkpt>
            <trkpt lat="47.3757183" lon="10.9477233">
                <ele>1577.4</ele>
                <time>2018-07-29T07:08:17.000Z</time>
                <name>Position 272</name>
            </trkpt>
            <trkpt lat="47.3755467" lon="10.94758">
                <ele>1574.9</ele>
                <time>2018-07-29T07:08:21.000Z</time>
                <name>Position 273</name>
            </trkpt>
            <trkpt lat="47.3752" lon="10.947595">
                <ele>1575.8</ele>
                <time>2018-07-29T07:08:27.000Z</time>
                <name>Position 274</name>
            </trkpt>
            <trkpt lat="47.375075" lon="10.9475717">
                <ele>1576.0</ele>
                <time>2018-07-29T07:08:29.000Z</time>
                <name>Position 275</name>
            </trkpt>
            <trkpt lat="47.3748883" lon="10.947535">
                <ele>1576.8</ele>
                <time>2018-07-29T07:08:33.000Z</time>
                <name>Position 276</name>
            </trkpt>
            <trkpt lat="47.37474" lon="10.9473633">
                <ele>1576.0</ele>
                <time>2018-07-29T07:08:37.000Z</time>
                <name>Position 277</name>
            </trkpt>
            <trkpt lat="47.3746267" lon="10.9470383">
                <ele>1572.2</ele>
                <time>2018-07-29T07:08:41.000Z</time>
                <name>Position 278</name>
            </trkpt>
            <trkpt lat="47.3744867" lon="10.9467517">
                <ele>1569.2</ele>
                <time>2018-07-29T07:08:45.000Z</time>
                <name>Position 279</name>
            </trkpt>
            <trkpt lat="47.3743117" lon="10.94652">
                <ele>1569.5</ele>
                <time>2018-07-29T07:08:49.000Z</time>
                <name>Position 280</name>
            </trkpt>
            <trkpt lat="47.3742483" lon="10.9463333">
                <ele>1570.1</ele>
                <time>2018-07-29T07:08:51.000Z</time>
                <name>Position 281</name>
            </trkpt>
            <trkpt lat="47.374205" lon="10.9460933">
                <ele>1570.6</ele>
                <time>2018-07-29T07:08:55.000Z</time>
                <name>Position 282</name>
            </trkpt>
            <trkpt lat="47.3741717" lon="10.9458367">
                <ele>1570.8</ele>
                <time>2018-07-29T07:08:59.000Z</time>
                <name>Position 283</name>
            </trkpt>
            <trkpt lat="47.37415" lon="10.9455983">
                <ele>1571.4</ele>
                <time>2018-07-29T07:09:03.000Z</time>
                <name>Position 284</name>
            </trkpt>
            <trkpt lat="47.374075" lon="10.9452783">
                <ele>1573.2</ele>
                <time>2018-07-29T07:09:11.000Z</time>
                <name>Position 285</name>
            </trkpt>
            <trkpt lat="47.3740333" lon="10.9450733">
                <ele>1574.1</ele>
                <time>2018-07-29T07:09:15.000Z</time>
                <name>Position 286</name>
            </trkpt>
            <trkpt lat="47.373975" lon="10.94484">
                <ele>1574.5</ele>
                <time>2018-07-29T07:09:19.000Z</time>
                <name>Position 287</name>
            </trkpt>
            <trkpt lat="47.37391" lon="10.9445967">
                <ele>1574.4</ele>
                <time>2018-07-29T07:09:23.000Z</time>
                <name>Position 288</name>
            </trkpt>
            <trkpt lat="47.3739017" lon="10.9444033">
                <ele>1573.5</ele>
                <time>2018-07-29T07:09:25.000Z</time>
                <name>Position 289</name>
            </trkpt>
            <trkpt lat="47.373665" lon="10.94394">
                <ele>1575.6</ele>
                <time>2018-07-29T07:09:35.000Z</time>
                <name>Position 290</name>
            </trkpt>
            <trkpt lat="47.3734633" lon="10.9439367">
                <ele>1579.9</ele>
                <time>2018-07-29T07:09:55.000Z</time>
                <name>Position 291</name>
            </trkpt>
            <trkpt lat="47.3733167" lon="10.9437683">
                <ele>1583.1</ele>
                <time>2018-07-29T07:10:13.000Z</time>
                <name>Position 292</name>
            </trkpt>
            <trkpt lat="47.3732317" lon="10.9435283">
                <ele>1586.4</ele>
                <time>2018-07-29T07:10:31.000Z</time>
                <name>Position 293</name>
            </trkpt>
            <trkpt lat="47.3731683" lon="10.9432483">
                <ele>1589.3</ele>
                <time>2018-07-29T07:10:49.000Z</time>
                <name>Position 294</name>
            </trkpt>
            <trkpt lat="47.37316" lon="10.9429683">
                <ele>1590.9</ele>
                <time>2018-07-29T07:11:05.000Z</time>
                <name>Position 295</name>
            </trkpt>
            <trkpt lat="47.3730833" lon="10.9427117">
                <ele>1594.9</ele>
                <time>2018-07-29T07:11:23.000Z</time>
                <name>Position 296</name>
            </trkpt>
            <trkpt lat="47.3729867" lon="10.942445">
                <ele>1599.6</ele>
                <time>2018-07-29T07:11:43.000Z</time>
                <name>Position 297</name>
            </trkpt>
            <trkpt lat="47.3728717" lon="10.942005">
                <ele>1603.8</ele>
                <time>2018-07-29T07:12:15.000Z</time>
                <name>Position 298</name>
            </trkpt>
            <trkpt lat="47.3727933" lon="10.941715">
                <ele>1606.7</ele>
                <time>2018-07-29T07:12:35.000Z</time>
                <name>Position 299</name>
            </trkpt>
            <trkpt lat="47.372745" lon="10.9414467">
                <ele>1608.5</ele>
                <time>2018-07-29T07:12:53.000Z</time>
                <name>Position 300</name>
            </trkpt>
            <trkpt lat="47.3726983" lon="10.9411767">
                <ele>1610.0</ele>
                <time>2018-07-29T07:13:13.000Z</time>
                <name>Position 301</name>
            </trkpt>
            <trkpt lat="47.3725367" lon="10.9407933">
                <ele>1614.9</ele>
                <time>2018-07-29T07:13:45.000Z</time>
                <name>Position 302</name>
            </trkpt>
            <trkpt lat="47.3722867" lon="10.9405583">
                <ele>1624.6</ele>
                <time>2018-07-29T07:14:11.000Z</time>
                <name>Position 303</name>
            </trkpt>
            <trkpt lat="47.3721567" lon="10.940335">
                <ele>1629.6</ele>
                <time>2018-07-29T07:14:35.000Z</time>
                <name>Position 304</name>
            </trkpt>
            <trkpt lat="47.3723867" lon="10.9400083">
                <ele>1624.9</ele>
                <time>2018-07-29T07:14:55.000Z</time>
                <name>Position 305</name>
            </trkpt>
            <trkpt lat="47.372365" lon="10.9396817">
                <ele>1625.6</ele>
                <time>2018-07-29T07:15:17.000Z</time>
                <name>Position 306</name>
            </trkpt>
            <trkpt lat="47.3721967" lon="10.9394017">
                <ele>1628.5</ele>
                <time>2018-07-29T07:15:53.000Z</time>
                <name>Position 307</name>
            </trkpt>
            <trkpt lat="47.372005" lon="10.9394583">
                <ele>1632.5</ele>
                <time>2018-07-29T07:16:13.000Z</time>
                <name>Position 308</name>
            </trkpt>
            <trkpt lat="47.3718433" lon="10.9392983">
                <ele>1634.8</ele>
                <time>2018-07-29T07:16:33.000Z</time>
                <name>Position 309</name>
            </trkpt>
            <trkpt lat="47.3715467" lon="10.9390733">
                <ele>1639.8</ele>
                <time>2018-07-29T07:16:59.000Z</time>
                <name>Position 310</name>
            </trkpt>
            <trkpt lat="47.371415" lon="10.9387983">
                <ele>1642.5</ele>
                <time>2018-07-29T07:17:11.000Z</time>
                <name>Position 311</name>
            </trkpt>
            <trkpt lat="47.37133" lon="10.9385467">
                <ele>1643.3</ele>
                <time>2018-07-29T07:17:19.000Z</time>
                <name>Position 312</name>
            </trkpt>
            <trkpt lat="47.3713833" lon="10.93815">
                <ele>1642.6</ele>
                <time>2018-07-29T07:17:27.000Z</time>
                <name>Position 313</name>
            </trkpt>
            <trkpt lat="47.371495" lon="10.9378733">
                <ele>1642.7</ele>
                <time>2018-07-29T07:17:37.000Z</time>
                <name>Position 314</name>
            </trkpt>
            <trkpt lat="47.3715317" lon="10.9375633">
                <ele>1643.9</ele>
                <time>2018-07-29T07:17:51.000Z</time>
                <name>Position 315</name>
            </trkpt>
            <trkpt lat="47.3714067" lon="10.9369433">
                <ele>1653.4</ele>
                <time>2018-07-29T07:18:21.000Z</time>
                <name>Position 316</name>
            </trkpt>
            <trkpt lat="47.3712667" lon="10.93673">
                <ele>1656.6</ele>
                <time>2018-07-29T07:18:37.000Z</time>
                <name>Position 317</name>
            </trkpt>
            <trkpt lat="47.370985" lon="10.9365467">
                <ele>1659.0</ele>
                <time>2018-07-29T07:18:57.000Z</time>
                <name>Position 318</name>
            </trkpt>
            <trkpt lat="47.37081" lon="10.9364317">
                <ele>1660.3</ele>
                <time>2018-07-29T07:19:13.000Z</time>
                <name>Position 319</name>
            </trkpt>
            <trkpt lat="47.3706133" lon="10.9363417">
                <ele>1660.9</ele>
                <time>2018-07-29T07:19:29.000Z</time>
                <name>Position 320</name>
            </trkpt>
            <trkpt lat="47.3702783" lon="10.9362183">
                <ele>1660.6</ele>
                <time>2018-07-29T07:19:49.000Z</time>
                <name>Position 321</name>
            </trkpt>
            <trkpt lat="47.3700883" lon="10.9362033">
                <ele>1659.7</ele>
                <time>2018-07-29T07:19:57.000Z</time>
                <name>Position 322</name>
            </trkpt>
            <trkpt lat="47.3699117" lon="10.93634">
                <ele>1658.7</ele>
                <time>2018-07-29T07:20:07.000Z</time>
                <name>Position 323</name>
            </trkpt>
            <trkpt lat="47.3699017" lon="10.9368333">
                <ele>1657.8</ele>
                <time>2018-07-29T07:20:21.000Z</time>
                <name>Position 324</name>
            </trkpt>
            <trkpt lat="47.3698783" lon="10.9371317">
                <ele>1657.6</ele>
                <time>2018-07-29T07:20:31.000Z</time>
                <name>Position 325</name>
            </trkpt>
            <trkpt lat="47.3696017" lon="10.9372867">
                <ele>1658.2</ele>
                <time>2018-07-29T07:20:45.000Z</time>
                <name>Position 326</name>
            </trkpt>
            <trkpt lat="47.369445" lon="10.9374517">
                <ele>1658.8</ele>
                <time>2018-07-29T07:20:53.000Z</time>
                <name>Position 327</name>
            </trkpt>
            <trkpt lat="47.3691583" lon="10.937475">
                <ele>1660.0</ele>
                <time>2018-07-29T07:21:05.000Z</time>
                <name>Position 328</name>
            </trkpt>
            <trkpt lat="47.3689833" lon="10.9373517">
                <ele>1663.0</ele>
                <time>2018-07-29T07:21:13.000Z</time>
                <name>Position 329</name>
            </trkpt>
            <trkpt lat="47.368835" lon="10.9371033">
                <ele>1664.1</ele>
                <time>2018-07-29T07:21:21.000Z</time>
                <name>Position 330</name>
            </trkpt>
            <trkpt lat="47.3687683" lon="10.9368917">
                <ele>1663.1</ele>
                <time>2018-07-29T07:21:25.000Z</time>
                <name>Position 331</name>
            </trkpt>
            <trkpt lat="47.36871" lon="10.9367033">
                <ele>1661.6</ele>
                <time>2018-07-29T07:21:29.000Z</time>
                <name>Position 332</name>
            </trkpt>
            <trkpt lat="47.3686217" lon="10.9365267">
                <ele>1660.9</ele>
                <time>2018-07-29T07:21:33.000Z</time>
                <name>Position 333</name>
            </trkpt>
            <trkpt lat="47.368525" lon="10.9363317">
                <ele>1660.4</ele>
                <time>2018-07-29T07:21:37.000Z</time>
                <name>Position 334</name>
            </trkpt>
            <trkpt lat="47.3683767" lon="10.9361317">
                <ele>1659.6</ele>
                <time>2018-07-29T07:21:41.000Z</time>
                <name>Position 335</name>
            </trkpt>
            <trkpt lat="47.36807" lon="10.9358567">
                <ele>1658.4</ele>
                <time>2018-07-29T07:21:49.000Z</time>
                <name>Position 336</name>
            </trkpt>
            <trkpt lat="47.367875" lon="10.9356933">
                <ele>1658.4</ele>
                <time>2018-07-29T07:21:57.000Z</time>
                <name>Position 337</name>
            </trkpt>
            <trkpt lat="47.36774" lon="10.9356567">
                <ele>1658.8</ele>
                <time>2018-07-29T07:22:01.000Z</time>
                <name>Position 338</name>
            </trkpt>
            <trkpt lat="47.3675867" lon="10.935605">
                <ele>1659.1</ele>
                <time>2018-07-29T07:22:05.000Z</time>
                <name>Position 339</name>
            </trkpt>
            <trkpt lat="47.3673867" lon="10.9354833">
                <ele>1660.3</ele>
                <time>2018-07-29T07:22:51.000Z</time>
                <name>Position 340</name>
            </trkpt>
            <trkpt lat="47.3671033" lon="10.93529">
                <ele>1663.0</ele>
                <time>2018-07-29T07:23:05.000Z</time>
                <name>Position 341</name>
            </trkpt>
            <trkpt lat="47.3669183" lon="10.9351633">
                <ele>1664.7</ele>
                <time>2018-07-29T07:23:15.000Z</time>
                <name>Position 342</name>
            </trkpt>
            <trkpt lat="47.3667017" lon="10.9350217">
                <ele>1666.6</ele>
                <time>2018-07-29T07:23:27.000Z</time>
                <name>Position 343</name>
            </trkpt>
            <trkpt lat="47.3664917" lon="10.934955">
                <ele>1668.8</ele>
                <time>2018-07-29T07:23:39.000Z</time>
                <name>Position 344</name>
            </trkpt>
            <trkpt lat="47.3663217" lon="10.9349283">
                <ele>1670.7</ele>
                <time>2018-07-29T07:24:03.000Z</time>
                <name>Position 345</name>
            </trkpt>
            <trkpt lat="47.3662083" lon="10.9348167">
                <ele>1672.2</ele>
                <time>2018-07-29T07:25:51.000Z</time>
                <name>Position 346</name>
            </trkpt>
            <trkpt lat="47.3660467" lon="10.934675">
                <ele>1673.9</ele>
                <time>2018-07-29T07:26:13.000Z</time>
                <name>Position 347</name>
            </trkpt>
            <trkpt lat="47.3657983" lon="10.9344433">
                <ele>1677.3</ele>
                <time>2018-07-29T07:26:49.000Z</time>
                <name>Position 348</name>
            </trkpt>
            <trkpt lat="47.36554" lon="10.9342283">
                <ele>1679.0</ele>
                <time>2018-07-29T07:27:19.000Z</time>
                <name>Position 349</name>
            </trkpt>
            <trkpt lat="47.3652367" lon="10.9341033">
                <ele>1680.6</ele>
                <time>2018-07-29T07:27:51.000Z</time>
                <name>Position 350</name>
            </trkpt>
            <trkpt lat="47.3649317" lon="10.9340683">
                <ele>1683.1</ele>
                <time>2018-07-29T07:28:19.000Z</time>
                <name>Position 351</name>
            </trkpt>
            <trkpt lat="47.3646467" lon="10.9339883">
                <ele>1688.4</ele>
                <time>2018-07-29T07:28:49.000Z</time>
                <name>Position 352</name>
            </trkpt>
            <trkpt lat="47.3644583" lon="10.9339483">
                <ele>1692.1</ele>
                <time>2018-07-29T07:29:11.000Z</time>
                <name>Position 353</name>
            </trkpt>
            <trkpt lat="47.3642717" lon="10.9339217">
                <ele>1695.9</ele>
                <time>2018-07-29T07:29:31.000Z</time>
                <name>Position 354</name>
            </trkpt>
            <trkpt lat="47.36413" lon="10.9339983">
                <ele>1698.6</ele>
                <time>2018-07-29T07:29:45.000Z</time>
                <name>Position 355</name>
            </trkpt>
            <trkpt lat="47.3639817" lon="10.9339683">
                <ele>1704.6</ele>
                <time>2018-07-29T07:30:03.000Z</time>
                <name>Position 356</name>
            </trkpt>
            <trkpt lat="47.3637867" lon="10.9340067">
                <ele>1712.8</ele>
                <time>2018-07-29T07:30:43.000Z</time>
                <name>Position 357</name>
            </trkpt>
            <trkpt lat="47.3635583" lon="10.9338633">
                <ele>1726.3</ele>
                <time>2018-07-29T07:32:03.000Z</time>
                <name>Position 358</name>
            </trkpt>
            <trkpt lat="47.3633817" lon="10.9337567">
                <ele>1736.8</ele>
                <time>2018-07-29T07:33:13.000Z</time>
                <name>Position 359</name>
            </trkpt>
            <trkpt lat="47.3632433" lon="10.9337533">
                <ele>1744.8</ele>
                <time>2018-07-29T07:34:13.000Z</time>
                <name>Position 360</name>
            </trkpt>
            <trkpt lat="47.3630417" lon="10.933765">
                <ele>1754.5</ele>
                <time>2018-07-29T07:35:11.000Z</time>
                <name>Position 361</name>
            </trkpt>
            <trkpt lat="47.3630533" lon="10.9334517">
                <ele>1762.3</ele>
                <time>2018-07-29T07:35:57.000Z</time>
                <name>Position 362</name>
            </trkpt>
            <trkpt lat="47.36308" lon="10.9332567">
                <ele>1764.9</ele>
                <time>2018-07-29T07:36:15.000Z</time>
                <name>Position 363</name>
            </trkpt>
            <trkpt lat="47.3628767" lon="10.9334467">
                <ele>1771.3</ele>
                <time>2018-07-29T07:37:11.000Z</time>
                <name>Position 364</name>
            </trkpt>
            <trkpt lat="47.362705" lon="10.9336367">
                <ele>1776.4</ele>
                <time>2018-07-29T07:37:41.000Z</time>
                <name>Position 365</name>
            </trkpt>
            <trkpt lat="47.3625783" lon="10.9334383">
                <ele>1785.8</ele>
                <time>2018-07-29T07:38:35.000Z</time>
                <name>Position 366</name>
            </trkpt>
            <trkpt lat="47.362455" lon="10.9334817">
                <ele>1791.6</ele>
                <time>2018-07-29T07:38:57.000Z</time>
                <name>Position 367</name>
            </trkpt>
            <trkpt lat="47.362195" lon="10.93361">
                <ele>1804.0</ele>
                <time>2018-07-29T07:39:55.000Z</time>
                <name>Position 368</name>
            </trkpt>
            <trkpt lat="47.3620417" lon="10.9337817">
                <ele>1810.0</ele>
                <time>2018-07-29T07:40:39.000Z</time>
                <name>Position 369</name>
            </trkpt>
            <trkpt lat="47.3618183" lon="10.9338417">
                <ele>1823.5</ele>
                <time>2018-07-29T07:41:41.000Z</time>
                <name>Position 370</name>
            </trkpt>
            <trkpt lat="47.3615933" lon="10.9339517">
                <ele>1833.1</ele>
                <time>2018-07-29T07:42:35.000Z</time>
                <name>Position 371</name>
            </trkpt>
            <trkpt lat="47.3615367" lon="10.9336417">
                <ele>1841.7</ele>
                <time>2018-07-29T07:43:09.000Z</time>
                <name>Position 372</name>
            </trkpt>
            <trkpt lat="47.3615867" lon="10.9332917">
                <ele>1845.4</ele>
                <time>2018-07-29T07:43:39.000Z</time>
                <name>Position 373</name>
            </trkpt>
            <trkpt lat="47.36163" lon="10.9330733">
                <ele>1846.8</ele>
                <time>2018-07-29T07:44:01.000Z</time>
                <name>Position 374</name>
            </trkpt>
            <trkpt lat="47.3614583" lon="10.9332017">
                <ele>1854.1</ele>
                <time>2018-07-29T07:44:37.000Z</time>
                <name>Position 375</name>
            </trkpt>
            <trkpt lat="47.3613467" lon="10.93308">
                <ele>1864.4</ele>
                <time>2018-07-29T07:45:31.000Z</time>
                <name>Position 376</name>
            </trkpt>
            <trkpt lat="47.3612183" lon="10.9330367">
                <ele>1871.0</ele>
                <time>2018-07-29T07:46:47.000Z</time>
                <name>Position 377</name>
            </trkpt>
            <trkpt lat="47.3610767" lon="10.9329417">
                <ele>1880.4</ele>
                <time>2018-07-29T07:47:53.000Z</time>
                <name>Position 378</name>
            </trkpt>
            <trkpt lat="47.3608867" lon="10.9330683">
                <ele>1889.2</ele>
                <time>2018-07-29T07:48:49.000Z</time>
                <name>Position 379</name>
            </trkpt>
            <trkpt lat="47.3608233" lon="10.9333567">
                <ele>1891.9</ele>
                <time>2018-07-29T07:49:29.000Z</time>
                <name>Position 380</name>
            </trkpt>
            <trkpt lat="47.36063" lon="10.9333533">
                <ele>1899.6</ele>
                <time>2018-07-29T07:49:57.000Z</time>
                <name>Position 381</name>
            </trkpt>
            <trkpt lat="47.36046" lon="10.9334017">
                <ele>1905.3</ele>
                <time>2018-07-29T07:50:27.000Z</time>
                <name>Position 382</name>
            </trkpt>
            <trkpt lat="47.3602667" lon="10.9335817">
                <ele>1909.0</ele>
                <time>2018-07-29T07:51:15.000Z</time>
                <name>Position 383</name>
            </trkpt>
            <trkpt lat="47.360285" lon="10.9332767">
                <ele>1914.8</ele>
                <time>2018-07-29T07:51:55.000Z</time>
                <name>Position 384</name>
            </trkpt>
            <trkpt lat="47.36042" lon="10.933095">
                <ele>1911.6</ele>
                <time>2018-07-29T07:52:13.000Z</time>
                <name>Position 385</name>
            </trkpt>
            <trkpt lat="47.3604783" lon="10.932795">
                <ele>1911.7</ele>
                <time>2018-07-29T07:52:43.000Z</time>
                <name>Position 386</name>
            </trkpt>
            <trkpt lat="47.3606967" lon="10.9325083">
                <ele>1904.6</ele>
                <time>2018-07-29T07:53:09.000Z</time>
                <name>Position 387</name>
            </trkpt>
            <trkpt lat="47.3606283" lon="10.93225">
                <ele>1905.4</ele>
                <time>2018-07-29T07:53:27.000Z</time>
                <name>Position 388</name>
            </trkpt>
            <trkpt lat="47.3605533" lon="10.9319767">
                <ele>1906.5</ele>
                <time>2018-07-29T07:53:41.000Z</time>
                <name>Position 389</name>
            </trkpt>
            <trkpt lat="47.3605583" lon="10.931685">
                <ele>1903.7</ele>
                <time>2018-07-29T07:54:01.000Z</time>
                <name>Position 390</name>
            </trkpt>
            <trkpt lat="47.3606167" lon="10.93124">
                <ele>1906.3</ele>
                <time>2018-07-29T07:54:27.000Z</time>
                <name>Position 391</name>
            </trkpt>
            <trkpt lat="47.3607483" lon="10.9308483">
                <ele>1902.7</ele>
                <time>2018-07-29T07:54:53.000Z</time>
                <name>Position 392</name>
            </trkpt>
            <trkpt lat="47.3607933" lon="10.930535">
                <ele>1903.1</ele>
                <time>2018-07-29T07:55:13.000Z</time>
                <name>Position 393</name>
            </trkpt>
            <trkpt lat="47.3608733" lon="10.9302667">
                <ele>1900.9</ele>
                <time>2018-07-29T07:55:31.000Z</time>
                <name>Position 394</name>
            </trkpt>
            <trkpt lat="47.3609333" lon="10.9300883">
                <ele>1900.3</ele>
                <time>2018-07-29T07:55:41.000Z</time>
                <name>Position 395</name>
            </trkpt>
            <trkpt lat="47.3609733" lon="10.9298083">
                <ele>1901.2</ele>
                <time>2018-07-29T07:55:57.000Z</time>
                <name>Position 396</name>
            </trkpt>
            <trkpt lat="47.3610383" lon="10.92954">
                <ele>1901.1</ele>
                <time>2018-07-29T07:56:13.000Z</time>
                <name>Position 397</name>
            </trkpt>
            <trkpt lat="47.361115" lon="10.9293567">
                <ele>1900.4</ele>
                <time>2018-07-29T07:56:23.000Z</time>
                <name>Position 398</name>
            </trkpt>
            <trkpt lat="47.36128" lon="10.9289717">
                <ele>1899.8</ele>
                <time>2018-07-29T07:56:51.000Z</time>
                <name>Position 399</name>
            </trkpt>
            <trkpt lat="47.3613667" lon="10.928705">
                <ele>1902.9</ele>
                <time>2018-07-29T07:57:15.000Z</time>
                <name>Position 400</name>
            </trkpt>
            <trkpt lat="47.36152" lon="10.928285">
                <ele>1907.2</ele>
                <time>2018-07-29T07:57:57.000Z</time>
                <name>Position 401</name>
            </trkpt>
            <trkpt lat="47.3617" lon="10.927905">
                <ele>1909.4</ele>
                <time>2018-07-29T07:58:25.000Z</time>
                <name>Position 402</name>
            </trkpt>
            <trkpt lat="47.3618483" lon="10.927435">
                <ele>1914.6</ele>
                <time>2018-07-29T07:59:05.000Z</time>
                <name>Position 403</name>
            </trkpt>
            <trkpt lat="47.3618933" lon="10.9270217">
                <ele>1918.4</ele>
                <time>2018-07-29T07:59:39.000Z</time>
                <name>Position 404</name>
            </trkpt>
            <trkpt lat="47.361945" lon="10.92647">
                <ele>1924.6</ele>
                <time>2018-07-29T08:00:23.000Z</time>
                <name>Position 405</name>
            </trkpt>
            <trkpt lat="47.3618217" lon="10.9261867">
                <ele>1930.8</ele>
                <time>2018-07-29T08:01:01.000Z</time>
                <name>Position 406</name>
            </trkpt>
            <trkpt lat="47.361875" lon="10.925865">
                <ele>1935.2</ele>
                <time>2018-07-29T08:01:33.000Z</time>
                <name>Position 407</name>
            </trkpt>
            <trkpt lat="47.3621633" lon="10.9257133">
                <ele>1936.8</ele>
                <time>2018-07-29T08:02:31.000Z</time>
                <name>Position 408</name>
            </trkpt>
            <trkpt lat="47.362395" lon="10.9256017">
                <ele>1936.5</ele>
                <time>2018-07-29T08:03:03.000Z</time>
                <name>Position 409</name>
            </trkpt>
            <trkpt lat="47.36248" lon="10.9253367">
                <ele>1937.9</ele>
                <time>2018-07-29T08:03:59.000Z</time>
                <name>Position 410</name>
            </trkpt>
            <trkpt lat="47.3625567" lon="10.92514">
                <ele>1939.7</ele>
                <time>2018-07-29T08:04:15.000Z</time>
                <name>Position 411</name>
            </trkpt>
            <trkpt lat="47.3625333" lon="10.9249517">
                <ele>1941.3</ele>
                <time>2018-07-29T08:04:31.000Z</time>
                <name>Position 412</name>
            </trkpt>
            <trkpt lat="47.36253" lon="10.924735">
                <ele>1942.7</ele>
                <time>2018-07-29T08:04:51.000Z</time>
                <name>Position 413</name>
            </trkpt>
            <trkpt lat="47.3625083" lon="10.9242133">
                <ele>1946.1</ele>
                <time>2018-07-29T08:05:43.000Z</time>
                <name>Position 414</name>
            </trkpt>
            <trkpt lat="47.3624717" lon="10.9239833">
                <ele>1947.4</ele>
                <time>2018-07-29T08:06:03.000Z</time>
                <name>Position 415</name>
            </trkpt>
            <trkpt lat="47.362485" lon="10.9234667">
                <ele>1951.8</ele>
                <time>2018-07-29T08:06:47.000Z</time>
                <name>Position 416</name>
            </trkpt>
            <trkpt lat="47.3624617" lon="10.9231583">
                <ele>1954.7</ele>
                <time>2018-07-29T08:07:17.000Z</time>
                <name>Position 417</name>
            </trkpt>
            <trkpt lat="47.3624367" lon="10.9228367">
                <ele>1958.5</ele>
                <time>2018-07-29T08:07:51.000Z</time>
                <name>Position 418</name>
            </trkpt>
            <trkpt lat="47.3626633" lon="10.9228033">
                <ele>1966.2</ele>
                <time>2018-07-29T08:10:41.000Z</time>
                <name>Position 419</name>
            </trkpt>
            <trkpt lat="47.3627883" lon="10.9227733">
                <ele>1971.7</ele>
                <time>2018-07-29T08:10:59.000Z</time>
                <name>Position 420</name>
            </trkpt>
            <trkpt lat="47.362965" lon="10.922585">
                <ele>1983.2</ele>
                <time>2018-07-29T08:11:47.000Z</time>
                <name>Position 421</name>
            </trkpt>
            <trkpt lat="47.36317" lon="10.9224483">
                <ele>1998.4</ele>
                <time>2018-07-29T08:13:25.000Z</time>
                <name>Position 422</name>
            </trkpt>
            <trkpt lat="47.3633733" lon="10.922145">
                <ele>2018.9</ele>
                <time>2018-07-29T08:39:57.000Z</time>
                <name>Position 423</name>
            </trkpt>
            <trkpt lat="47.3634333" lon="10.9217667">
                <ele>2042.4</ele>
                <time>2018-07-29T08:48:03.000Z</time>
                <name>Position 424</name>
            </trkpt>
            <trkpt lat="47.3636033" lon="10.921675">
                <ele>2060.8</ele>
                <time>2018-07-29T09:01:29.000Z</time>
                <name>Position 425</name>
            </trkpt>
            <trkpt lat="47.3636383" lon="10.9214017">
                <ele>2067.4</ele>
                <time>2018-07-29T09:06:27.000Z</time>
                <name>Position 426</name>
            </trkpt>
            <trkpt lat="47.363605" lon="10.92115">
                <ele>2067.1</ele>
                <time>2018-07-29T09:22:45.000Z</time>
                <name>Position 427</name>
            </trkpt>
            <trkpt lat="47.3635483" lon="10.92096">
                <ele>2063.5</ele>
                <time>2018-07-29T09:44:59.000Z</time>
                <name>Position 428</name>
            </trkpt>
            <trkpt lat="47.363465" lon="10.9212517">
                <ele>2057.0</ele>
                <time>2018-07-29T10:01:07.000Z</time>
                <name>Position 429</name>
            </trkpt>
            <trkpt lat="47.363295" lon="10.9211983">
                <ele>2045.5</ele>
                <time>2018-07-29T10:09:29.000Z</time>
                <name>Position 430</name>
            </trkpt>
            <trkpt lat="47.363315" lon="10.921475">
                <ele>2041.1</ele>
                <time>2018-07-29T10:11:47.000Z</time>
                <name>Position 431</name>
            </trkpt>
            <trkpt lat="47.3632817" lon="10.9217933">
                <ele>2030.8</ele>
                <time>2018-07-29T10:13:25.000Z</time>
                <name>Position 432</name>
            </trkpt>
            <trkpt lat="47.3631433" lon="10.922005">
                <ele>2014.2</ele>
                <time>2018-07-29T10:18:47.000Z</time>
                <name>Position 433</name>
            </trkpt>
            <trkpt lat="47.36313" lon="10.92231">
                <ele>2002.1</ele>
                <time>2018-07-29T10:19:33.000Z</time>
                <name>Position 434</name>
            </trkpt>
            <trkpt lat="47.3628417" lon="10.9219917">
                <ele>1994.3</ele>
                <time>2018-07-29T10:24:17.000Z</time>
                <name>Position 435</name>
            </trkpt>
            <trkpt lat="47.36272" lon="10.921905">
                <ele>1989.0</ele>
                <time>2018-07-29T10:24:31.000Z</time>
                <name>Position 436</name>
            </trkpt>
            <trkpt lat="47.3625317" lon="10.9218483">
                <ele>1978.3</ele>
                <time>2018-07-29T10:24:59.000Z</time>
                <name>Position 437</name>
            </trkpt>
            <trkpt lat="47.3623717" lon="10.922175">
                <ele>1967.9</ele>
                <time>2018-07-29T10:27:39.000Z</time>
                <name>Position 438</name>
            </trkpt>
            <trkpt lat="47.36239" lon="10.9225017">
                <ele>1962.8</ele>
                <time>2018-07-29T10:28:01.000Z</time>
                <name>Position 439</name>
            </trkpt>
            <trkpt lat="47.362395" lon="10.9228017">
                <ele>1959.7</ele>
                <time>2018-07-29T10:28:37.000Z</time>
                <name>Position 440</name>
            </trkpt>
            <trkpt lat="47.3624683" lon="10.9232567">
                <ele>1954.2</ele>
                <time>2018-07-29T10:29:07.000Z</time>
                <name>Position 441</name>
            </trkpt>
            <trkpt lat="47.3624783" lon="10.92358">
                <ele>1951.2</ele>
                <time>2018-07-29T10:29:33.000Z</time>
                <name>Position 442</name>
            </trkpt>
            <trkpt lat="47.3624617" lon="10.9239183">
                <ele>1948.7</ele>
                <time>2018-07-29T10:30:05.000Z</time>
                <name>Position 443</name>
            </trkpt>
            <trkpt lat="47.3624933" lon="10.9241033">
                <ele>1947.0</ele>
                <time>2018-07-29T10:30:21.000Z</time>
                <name>Position 444</name>
            </trkpt>
            <trkpt lat="47.36254" lon="10.92474">
                <ele>1943.4</ele>
                <time>2018-07-29T10:31:11.000Z</time>
                <name>Position 445</name>
            </trkpt>
            <trkpt lat="47.3625183" lon="10.92518">
                <ele>1939.7</ele>
                <time>2018-07-29T10:31:37.000Z</time>
                <name>Position 446</name>
            </trkpt>
            <trkpt lat="47.3624533" lon="10.9254533">
                <ele>1937.7</ele>
                <time>2018-07-29T10:31:57.000Z</time>
                <name>Position 447</name>
            </trkpt>
            <trkpt lat="47.362335" lon="10.925695">
                <ele>1936.1</ele>
                <time>2018-07-29T10:33:01.000Z</time>
                <name>Position 448</name>
            </trkpt>
            <trkpt lat="47.3620183" lon="10.92571">
                <ele>1937.1</ele>
                <time>2018-07-29T10:34:01.000Z</time>
                <name>Position 449</name>
            </trkpt>
            <trkpt lat="47.3617967" lon="10.9261367">
                <ele>1932.5</ele>
                <time>2018-07-29T10:38:29.000Z</time>
                <name>Position 450</name>
            </trkpt>
            <trkpt lat="47.361845" lon="10.92632">
                <ele>1929.7</ele>
                <time>2018-07-29T10:38:49.000Z</time>
                <name>Position 451</name>
            </trkpt>
            <trkpt lat="47.3619533" lon="10.926585">
                <ele>1924.3</ele>
                <time>2018-07-29T10:39:13.000Z</time>
                <name>Position 452</name>
            </trkpt>
            <trkpt lat="47.3619783" lon="10.9268867">
                <ele>1918.2</ele>
                <time>2018-07-29T10:39:31.000Z</time>
                <name>Position 453</name>
            </trkpt>
            <trkpt lat="47.36197" lon="10.92712">
                <ele>1915.2</ele>
                <time>2018-07-29T10:39:45.000Z</time>
                <name>Position 454</name>
            </trkpt>
            <trkpt lat="47.3619067" lon="10.9273">
                <ele>1914.7</ele>
                <time>2018-07-29T10:39:57.000Z</time>
                <name>Position 455</name>
            </trkpt>
            <trkpt lat="47.3618417" lon="10.9276183">
                <ele>1911.8</ele>
                <time>2018-07-29T10:40:49.000Z</time>
                <name>Position 456</name>
            </trkpt>
            <trkpt lat="47.3617517" lon="10.9278883">
                <ele>1908.2</ele>
                <time>2018-07-29T10:41:09.000Z</time>
                <name>Position 457</name>
            </trkpt>
            <trkpt lat="47.3616317" lon="10.9281517">
                <ele>1906.0</ele>
                <time>2018-07-29T10:41:25.000Z</time>
                <name>Position 458</name>
            </trkpt>
            <trkpt lat="47.3615" lon="10.9283683">
                <ele>1906.0</ele>
                <time>2018-07-29T10:41:41.000Z</time>
                <name>Position 459</name>
            </trkpt>
            <trkpt lat="47.361355" lon="10.9288017">
                <ele>1901.4</ele>
                <time>2018-07-29T10:42:09.000Z</time>
                <name>Position 460</name>
            </trkpt>
            <trkpt lat="47.3612633" lon="10.9290433">
                <ele>1899.1</ele>
                <time>2018-07-29T10:42:29.000Z</time>
                <name>Position 461</name>
            </trkpt>
            <trkpt lat="47.36107" lon="10.9294117">
                <ele>1900.9</ele>
                <time>2018-07-29T10:42:53.000Z</time>
                <name>Position 462</name>
            </trkpt>
            <trkpt lat="47.3609967" lon="10.9296783">
                <ele>1901.5</ele>
                <time>2018-07-29T10:43:09.000Z</time>
                <name>Position 463</name>
            </trkpt>
            <trkpt lat="47.3609817" lon="10.9299533">
                <ele>1899.3</ele>
                <time>2018-07-29T10:43:25.000Z</time>
                <name>Position 464</name>
            </trkpt>
            <trkpt lat="47.3609" lon="10.930235">
                <ele>1899.8</ele>
                <time>2018-07-29T10:43:43.000Z</time>
                <name>Position 465</name>
            </trkpt>
            <trkpt lat="47.360805" lon="10.93048">
                <ele>1902.6</ele>
                <time>2018-07-29T10:43:59.000Z</time>
                <name>Position 466</name>
            </trkpt>
            <trkpt lat="47.360685" lon="10.9308783">
                <ele>1906.4</ele>
                <time>2018-07-29T10:44:27.000Z</time>
                <name>Position 467</name>
            </trkpt>
            <trkpt lat="47.3605883" lon="10.931165">
                <ele>1909.4</ele>
                <time>2018-07-29T10:44:53.000Z</time>
                <name>Position 468</name>
            </trkpt>
            <trkpt lat="47.3605433" lon="10.93149">
                <ele>1907.7</ele>
                <time>2018-07-29T10:45:19.000Z</time>
                <name>Position 469</name>
            </trkpt>
            <trkpt lat="47.3605633" lon="10.9316783">
                <ele>1904.2</ele>
                <time>2018-07-29T10:45:31.000Z</time>
                <name>Position 470</name>
            </trkpt>
            <trkpt lat="47.3605783" lon="10.9320033">
                <ele>1905.8</ele>
                <time>2018-07-29T10:45:55.000Z</time>
                <name>Position 471</name>
            </trkpt>
            <trkpt lat="47.360685" lon="10.932355">
                <ele>1903.7</ele>
                <time>2018-07-29T10:46:25.000Z</time>
                <name>Position 472</name>
            </trkpt>
            <trkpt lat="47.3606417" lon="10.9325533">
                <ele>1906.3</ele>
                <time>2018-07-29T10:46:43.000Z</time>
                <name>Position 473</name>
            </trkpt>
            <trkpt lat="47.3605433" lon="10.9326983">
                <ele>1909.0</ele>
                <time>2018-07-29T10:46:59.000Z</time>
                <name>Position 474</name>
            </trkpt>
            <trkpt lat="47.3604767" lon="10.9329733">
                <ele>1910.8</ele>
                <time>2018-07-29T10:47:21.000Z</time>
                <name>Position 475</name>
            </trkpt>
            <trkpt lat="47.3601783" lon="10.9334333">
                <ele>1916.3</ele>
                <time>2018-07-29T10:48:07.000Z</time>
                <name>Position 476</name>
            </trkpt>
            <trkpt lat="47.3605123" lon="10.9333231">
                <ele>1873.0</ele>
                <time>2018-07-29T14:10:29.000Z</time>
                <name>Position 477</name>
            </trkpt>
            <trkpt lat="47.3608474" lon="10.9333415">
                <ele>1866.3</ele>
                <time>2018-07-29T14:10:55.000Z</time>
                <name>Position 478</name>
            </trkpt>
            <trkpt lat="47.3609251" lon="10.9330504">
                <ele>1861.4</ele>
                <time>2018-07-29T14:11:23.000Z</time>
                <name>Position 479</name>
            </trkpt>
            <trkpt lat="47.3612012" lon="10.9329144">
                <ele>1856.5</ele>
                <time>2018-07-29T14:11:41.000Z</time>
                <name>Position 480</name>
            </trkpt>
            <trkpt lat="47.3613552" lon="10.9329139">
                <ele>1850.2</ele>
                <time>2018-07-29T14:11:55.000Z</time>
                <name>Position 481</name>
            </trkpt>
            <trkpt lat="47.3613708" lon="10.9333012">
                <ele>1845.2</ele>
                <time>2018-07-29T14:12:15.000Z</time>
                <name>Position 482</name>
            </trkpt>
            <trkpt lat="47.361649" lon="10.9330727">
                <ele>1835.8</ele>
                <time>2018-07-29T14:12:49.000Z</time>
                <name>Position 483</name>
            </trkpt>
            <trkpt lat="47.361536" lon="10.9336799">
                <ele>1831.4</ele>
                <time>2018-07-29T14:13:05.000Z</time>
                <name>Position 484</name>
            </trkpt>
            <trkpt lat="47.361647" lon="10.9340412">
                <ele>1809.3</ele>
                <time>2018-07-29T14:14:09.000Z</time>
                <name>Position 485</name>
            </trkpt>
            <trkpt lat="47.361817" lon="10.9338484">
                <ele>1801.1</ele>
                <time>2018-07-29T14:14:39.000Z</time>
                <name>Position 486</name>
            </trkpt>
            <trkpt lat="47.3619064" lon="10.9336524">
                <ele>1793.7</ele>
                <time>2018-07-29T14:15:37.000Z</time>
                <name>Position 487</name>
            </trkpt>
            <trkpt lat="47.362151" lon="10.9337368">
                <ele>1781.9</ele>
                <time>2018-07-29T14:16:17.000Z</time>
                <name>Position 488</name>
            </trkpt>
            <trkpt lat="47.3623158" lon="10.9335379">
                <ele>1767.3</ele>
                <time>2018-07-29T14:17:05.000Z</time>
                <name>Position 489</name>
            </trkpt>
            <trkpt lat="47.3625736" lon="10.9335177">
                <ele>1757.9</ele>
                <time>2018-07-29T14:17:41.000Z</time>
                <name>Position 490</name>
            </trkpt>
            <trkpt lat="47.3630733" lon="10.9332534">
                <ele>1746.0</ele>
                <time>2018-07-29T14:18:55.000Z</time>
                <name>Position 491</name>
            </trkpt>
            <trkpt lat="47.3629346" lon="10.9336753">
                <ele>1743.2</ele>
                <time>2018-07-29T14:19:07.000Z</time>
                <name>Position 492</name>
            </trkpt>
            <trkpt lat="47.3631593" lon="10.9337534">
                <ele>1740.6</ele>
                <time>2018-07-29T14:19:23.000Z</time>
                <name>Position 493</name>
            </trkpt>
            <trkpt lat="47.3633486" lon="10.9336361">
                <ele>1735.6</ele>
                <time>2018-07-29T14:19:37.000Z</time>
                <name>Position 494</name>
            </trkpt>
            <trkpt lat="47.363429" lon="10.9339528">
                <ele>1732.4</ele>
                <time>2018-07-29T14:19:53.000Z</time>
                <name>Position 495</name>
            </trkpt>
            <trkpt lat="47.3635934" lon="10.9338567">
                <ele>1729.1</ele>
                <time>2018-07-29T14:20:09.000Z</time>
                <name>Position 496</name>
            </trkpt>
            <trkpt lat="47.3637542" lon="10.9339076">
                <ele>1712.9</ele>
                <time>2018-07-29T14:21:03.000Z</time>
                <name>Position 497</name>
            </trkpt>
            <trkpt lat="47.3638867" lon="10.9340152">
                <ele>1708.6</ele>
                <time>2018-07-29T14:21:17.000Z</time>
                <name>Position 498</name>
            </trkpt>
            <trkpt lat="47.3640185" lon="10.9339795">
                <ele>1703.5</ele>
                <time>2018-07-29T14:21:27.000Z</time>
                <name>Position 499</name>
            </trkpt>
            <trkpt lat="47.364175" lon="10.93397">
                <ele>1697.8</ele>
                <time>2018-07-29T14:21:47.000Z</time>
                <name>Position 500</name>
            </trkpt>
            <trkpt lat="47.3643617" lon="10.93396">
                <ele>1694.2</ele>
                <time>2018-07-29T14:22:03.000Z</time>
                <name>Position 501</name>
            </trkpt>
            <trkpt lat="47.3645683" lon="10.9339917">
                <ele>1690.2</ele>
                <time>2018-07-29T14:22:19.000Z</time>
                <name>Position 502</name>
            </trkpt>
            <trkpt lat="47.3648883" lon="10.9340067">
                <ele>1684.3</ele>
                <time>2018-07-29T14:22:43.000Z</time>
                <name>Position 503</name>
            </trkpt>
            <trkpt lat="47.36509" lon="10.934065">
                <ele>1681.6</ele>
                <time>2018-07-29T14:22:59.000Z</time>
                <name>Position 504</name>
            </trkpt>
            <trkpt lat="47.3653733" lon="10.9341033">
                <ele>1679.9</ele>
                <time>2018-07-29T14:23:21.000Z</time>
                <name>Position 505</name>
            </trkpt>
            <trkpt lat="47.3655517" lon="10.934185">
                <ele>1678.8</ele>
                <time>2018-07-29T14:23:37.000Z</time>
                <name>Position 506</name>
            </trkpt>
            <trkpt lat="47.3657183" lon="10.9342983">
                <ele>1678.0</ele>
                <time>2018-07-29T14:23:53.000Z</time>
                <name>Position 507</name>
            </trkpt>
            <trkpt lat="47.3660183" lon="10.9345183">
                <ele>1674.7</ele>
                <time>2018-07-29T14:24:19.000Z</time>
                <name>Position 508</name>
            </trkpt>
            <trkpt lat="47.3661483" lon="10.9347133">
                <ele>1673.0</ele>
                <time>2018-07-29T14:24:35.000Z</time>
                <name>Position 509</name>
            </trkpt>
            <trkpt lat="47.3663217" lon="10.9348817">
                <ele>1671.2</ele>
                <time>2018-07-29T14:27:17.000Z</time>
                <name>Position 510</name>
            </trkpt>
            <trkpt lat="47.3666817" lon="10.93489">
                <ele>1666.9</ele>
                <time>2018-07-29T14:27:41.000Z</time>
                <name>Position 511</name>
            </trkpt>
            <trkpt lat="47.3669167" lon="10.93486">
                <ele>1664.3</ele>
                <time>2018-07-29T14:27:49.000Z</time>
                <name>Position 512</name>
            </trkpt>
            <trkpt lat="47.3670283" lon="10.93477">
                <ele>1662.9</ele>
                <time>2018-07-29T14:27:53.000Z</time>
                <name>Position 513</name>
            </trkpt>
            <trkpt lat="47.3670667" lon="10.9343867">
                <ele>1661.7</ele>
                <time>2018-07-29T14:28:01.000Z</time>
                <name>Position 514</name>
            </trkpt>
            <trkpt lat="47.3670483" lon="10.934185">
                <ele>1661.4</ele>
                <time>2018-07-29T14:28:05.000Z</time>
                <name>Position 515</name>
            </trkpt>
            <trkpt lat="47.366985" lon="10.9339917">
                <ele>1662.5</ele>
                <time>2018-07-29T14:28:09.000Z</time>
                <name>Position 516</name>
            </trkpt>
            <trkpt lat="47.3671517" lon="10.9342217">
                <ele>1660.5</ele>
                <time>2018-07-29T14:28:55.000Z</time>
                <name>Position 517</name>
            </trkpt>
            <trkpt lat="47.3672683" lon="10.934495">
                <ele>1659.8</ele>
                <time>2018-07-29T14:29:09.000Z</time>
                <name>Position 518</name>
            </trkpt>
            <trkpt lat="47.367245" lon="10.9348267">
                <ele>1660.5</ele>
                <time>2018-07-29T14:29:25.000Z</time>
                <name>Position 519</name>
            </trkpt>
            <trkpt lat="47.36721" lon="10.9351083">
                <ele>1661.4</ele>
                <time>2018-07-29T14:29:37.000Z</time>
                <name>Position 520</name>
            </trkpt>
            <trkpt lat="47.3672567" lon="10.9353933">
                <ele>1661.7</ele>
                <time>2018-07-29T14:29:51.000Z</time>
                <name>Position 521</name>
            </trkpt>
            <trkpt lat="47.3674767" lon="10.9355467">
                <ele>1659.8</ele>
                <time>2018-07-29T14:30:01.000Z</time>
                <name>Position 522</name>
            </trkpt>
            <trkpt lat="47.367595" lon="10.935615">
                <ele>1659.3</ele>
                <time>2018-07-29T14:30:05.000Z</time>
                <name>Position 523</name>
            </trkpt>
            <trkpt lat="47.3678217" lon="10.9356883">
                <ele>1658.7</ele>
                <time>2018-07-29T14:30:17.000Z</time>
                <name>Position 524</name>
            </trkpt>
            <trkpt lat="47.367945" lon="10.9357333">
                <ele>1658.3</ele>
                <time>2018-07-29T14:30:23.000Z</time>
                <name>Position 525</name>
            </trkpt>
            <trkpt lat="47.3680533" lon="10.9358367">
                <ele>1658.1</ele>
                <time>2018-07-29T14:30:29.000Z</time>
                <name>Position 526</name>
            </trkpt>
            <trkpt lat="47.36826" lon="10.9360317">
                <ele>1659.0</ele>
                <time>2018-07-29T14:30:37.000Z</time>
                <name>Position 527</name>
            </trkpt>
            <trkpt lat="47.3683717" lon="10.9361333">
                <ele>1659.3</ele>
                <time>2018-07-29T14:30:41.000Z</time>
                <name>Position 528</name>
            </trkpt>
            <trkpt lat="47.3685183" lon="10.936305">
                <ele>1660.0</ele>
                <time>2018-07-29T14:30:49.000Z</time>
                <name>Position 529</name>
            </trkpt>
            <trkpt lat="47.36873" lon="10.936725">
                <ele>1661.2</ele>
                <time>2018-07-29T14:31:07.000Z</time>
                <name>Position 530</name>
            </trkpt>
            <trkpt lat="47.36882" lon="10.9369917">
                <ele>1663.0</ele>
                <time>2018-07-29T14:31:15.000Z</time>
                <name>Position 531</name>
            </trkpt>
            <trkpt lat="47.368915" lon="10.9372567">
                <ele>1664.0</ele>
                <time>2018-07-29T14:31:23.000Z</time>
                <name>Position 532</name>
            </trkpt>
            <trkpt lat="47.3691083" lon="10.9374483">
                <ele>1661.6</ele>
                <time>2018-07-29T14:31:31.000Z</time>
                <name>Position 533</name>
            </trkpt>
            <trkpt lat="47.3692483" lon="10.9375067">
                <ele>1660.0</ele>
                <time>2018-07-29T14:31:35.000Z</time>
                <name>Position 534</name>
            </trkpt>
            <trkpt lat="47.3694" lon="10.9374717">
                <ele>1659.3</ele>
                <time>2018-07-29T14:31:39.000Z</time>
                <name>Position 535</name>
            </trkpt>
            <trkpt lat="47.3695267" lon="10.937385">
                <ele>1658.7</ele>
                <time>2018-07-29T14:31:43.000Z</time>
                <name>Position 536</name>
            </trkpt>
            <trkpt lat="47.3698283" lon="10.9371783">
                <ele>1657.7</ele>
                <time>2018-07-29T14:31:59.000Z</time>
                <name>Position 537</name>
            </trkpt>
            <trkpt lat="47.36992" lon="10.9369133">
                <ele>1657.7</ele>
                <time>2018-07-29T14:32:07.000Z</time>
                <name>Position 538</name>
            </trkpt>
            <trkpt lat="47.3698667" lon="10.9365967">
                <ele>1657.9</ele>
                <time>2018-07-29T14:32:19.000Z</time>
                <name>Position 539</name>
            </trkpt>
            <trkpt lat="47.3700517" lon="10.9361817">
                <ele>1659.4</ele>
                <time>2018-07-29T14:33:03.000Z</time>
                <name>Position 540</name>
            </trkpt>
            <trkpt lat="47.3701933" lon="10.9362017">
                <ele>1660.1</ele>
                <time>2018-07-29T14:33:09.000Z</time>
                <name>Position 541</name>
            </trkpt>
            <trkpt lat="47.3704333" lon="10.9363067">
                <ele>1660.6</ele>
                <time>2018-07-29T14:33:17.000Z</time>
                <name>Position 542</name>
            </trkpt>
            <trkpt lat="47.3705683" lon="10.93635">
                <ele>1660.7</ele>
                <time>2018-07-29T14:33:21.000Z</time>
                <name>Position 543</name>
            </trkpt>
            <trkpt lat="47.370695" lon="10.9364">
                <ele>1660.5</ele>
                <time>2018-07-29T14:33:25.000Z</time>
                <name>Position 544</name>
            </trkpt>
            <trkpt lat="47.37083" lon="10.9364633">
                <ele>1660.1</ele>
                <time>2018-07-29T14:33:29.000Z</time>
                <name>Position 545</name>
            </trkpt>
            <trkpt lat="47.3709817" lon="10.936565">
                <ele>1659.1</ele>
                <time>2018-07-29T14:33:33.000Z</time>
                <name>Position 546</name>
            </trkpt>
            <trkpt lat="47.3711133" lon="10.9366517">
                <ele>1657.8</ele>
                <time>2018-07-29T14:33:37.000Z</time>
                <name>Position 547</name>
            </trkpt>
            <trkpt lat="47.371255" lon="10.936805">
                <ele>1656.2</ele>
                <time>2018-07-29T14:33:41.000Z</time>
                <name>Position 548</name>
            </trkpt>
            <trkpt lat="47.3714117" lon="10.93724">
                <ele>1650.3</ele>
                <time>2018-07-29T14:33:47.000Z</time>
                <name>Position 549</name>
            </trkpt>
            <trkpt lat="47.3714467" lon="10.9379317">
                <ele>1643.1</ele>
                <time>2018-07-29T14:33:57.000Z</time>
                <name>Position 550</name>
            </trkpt>
            <trkpt lat="47.37135" lon="10.9382033">
                <ele>1642.8</ele>
                <time>2018-07-29T14:34:01.000Z</time>
                <name>Position 551</name>
            </trkpt>
            <trkpt lat="47.371315" lon="10.9384167">
                <ele>1642.9</ele>
                <time>2018-07-29T14:34:05.000Z</time>
                <name>Position 552</name>
            </trkpt>
            <trkpt lat="47.3713517" lon="10.9387183">
                <ele>1643.6</ele>
                <time>2018-07-29T14:34:17.000Z</time>
                <name>Position 553</name>
            </trkpt>
            <trkpt lat="47.3714917" lon="10.939015">
                <ele>1641.7</ele>
                <time>2018-07-29T14:34:29.000Z</time>
                <name>Position 554</name>
            </trkpt>
            <trkpt lat="47.37165" lon="10.9392133">
                <ele>1638.1</ele>
                <time>2018-07-29T14:34:41.000Z</time>
                <name>Position 555</name>
            </trkpt>
            <trkpt lat="47.3717733" lon="10.9392767">
                <ele>1636.4</ele>
                <time>2018-07-29T14:34:45.000Z</time>
                <name>Position 556</name>
            </trkpt>
            <trkpt lat="47.371905" lon="10.9393433">
                <ele>1634.5</ele>
                <time>2018-07-29T14:34:49.000Z</time>
                <name>Position 557</name>
            </trkpt>
            <trkpt lat="47.3720217" lon="10.9394367">
                <ele>1632.7</ele>
                <time>2018-07-29T14:34:53.000Z</time>
                <name>Position 558</name>
            </trkpt>
            <trkpt lat="47.372165" lon="10.9393817">
                <ele>1630.1</ele>
                <time>2018-07-29T14:34:57.000Z</time>
                <name>Position 559</name>
            </trkpt>
            <trkpt lat="47.3722733" lon="10.9392633">
                <ele>1628.0</ele>
                <time>2018-07-29T14:35:01.000Z</time>
                <name>Position 560</name>
            </trkpt>
            <trkpt lat="47.37233" lon="10.9396083">
                <ele>1626.5</ele>
                <time>2018-07-29T14:35:11.000Z</time>
                <name>Position 561</name>
            </trkpt>
            <trkpt lat="47.37234" lon="10.93988">
                <ele>1626.2</ele>
                <time>2018-07-29T14:35:15.000Z</time>
                <name>Position 562</name>
            </trkpt>
            <trkpt lat="47.3722817" lon="10.9400983">
                <ele>1626.9</ele>
                <time>2018-07-29T14:35:19.000Z</time>
                <name>Position 563</name>
            </trkpt>
            <trkpt lat="47.37219" lon="10.94025">
                <ele>1628.6</ele>
                <time>2018-07-29T14:35:23.000Z</time>
                <name>Position 564</name>
            </trkpt>
            <trkpt lat="47.3723417" lon="10.940525">
                <ele>1624.1</ele>
                <time>2018-07-29T14:35:31.000Z</time>
                <name>Position 565</name>
            </trkpt>
            <trkpt lat="47.3724617" lon="10.9406283">
                <ele>1619.7</ele>
                <time>2018-07-29T14:35:35.000Z</time>
                <name>Position 566</name>
            </trkpt>
            <trkpt lat="47.3726917" lon="10.94101">
                <ele>1610.5</ele>
                <time>2018-07-29T14:35:47.000Z</time>
                <name>Position 567</name>
            </trkpt>
            <trkpt lat="47.372745" lon="10.9413383">
                <ele>1608.7</ele>
                <time>2018-07-29T14:35:55.000Z</time>
                <name>Position 568</name>
            </trkpt>
            <trkpt lat="47.3728167" lon="10.9416883">
                <ele>1606.2</ele>
                <time>2018-07-29T14:36:03.000Z</time>
                <name>Position 569</name>
            </trkpt>
            <trkpt lat="47.372945" lon="10.9422133">
                <ele>1601.7</ele>
                <time>2018-07-29T14:36:13.000Z</time>
                <name>Position 570</name>
            </trkpt>
            <trkpt lat="47.3730017" lon="10.9424233">
                <ele>1599.5</ele>
                <time>2018-07-29T14:36:17.000Z</time>
                <name>Position 571</name>
            </trkpt>
            <trkpt lat="47.3730733" lon="10.942655">
                <ele>1596.5</ele>
                <time>2018-07-29T14:36:21.000Z</time>
                <name>Position 572</name>
            </trkpt>
            <trkpt lat="47.3731633" lon="10.9429733">
                <ele>1591.3</ele>
                <time>2018-07-29T14:36:27.000Z</time>
                <name>Position 573</name>
            </trkpt>
            <trkpt lat="47.3731633" lon="10.9432283">
                <ele>1590.1</ele>
                <time>2018-07-29T14:36:31.000Z</time>
                <name>Position 574</name>
            </trkpt>
            <trkpt lat="47.3731883" lon="10.943505">
                <ele>1588.8</ele>
                <time>2018-07-29T14:36:35.000Z</time>
                <name>Position 575</name>
            </trkpt>
            <trkpt lat="47.373305" lon="10.94377">
                <ele>1584.9</ele>
                <time>2018-07-29T14:36:39.000Z</time>
                <name>Position 576</name>
            </trkpt>
            <trkpt lat="47.3735767" lon="10.9439567">
                <ele>1578.6</ele>
                <time>2018-07-29T14:36:45.000Z</time>
                <name>Position 577</name>
            </trkpt>
            <trkpt lat="47.3738783" lon="10.944125">
                <ele>1572.2</ele>
                <time>2018-07-29T14:36:53.000Z</time>
                <name>Position 578</name>
            </trkpt>
            <trkpt lat="47.3739283" lon="10.94432">
                <ele>1571.9</ele>
                <time>2018-07-29T14:36:57.000Z</time>
                <name>Position 579</name>
            </trkpt>
            <trkpt lat="47.3739767" lon="10.9445017">
                <ele>1572.1</ele>
                <time>2018-07-29T14:37:01.000Z</time>
                <name>Position 580</name>
            </trkpt>
            <trkpt lat="47.374095" lon="10.9449683">
                <ele>1572.5</ele>
                <time>2018-07-29T14:37:13.000Z</time>
                <name>Position 581</name>
            </trkpt>
            <trkpt lat="47.37415" lon="10.9453">
                <ele>1571.6</ele>
                <time>2018-07-29T14:37:21.000Z</time>
                <name>Position 582</name>
            </trkpt>
            <trkpt lat="47.3741733" lon="10.9455833">
                <ele>1570.9</ele>
                <time>2018-07-29T14:37:25.000Z</time>
                <name>Position 583</name>
            </trkpt>
            <trkpt lat="47.374185" lon="10.945925">
                <ele>1570.7</ele>
                <time>2018-07-29T14:37:29.000Z</time>
                <name>Position 584</name>
            </trkpt>
            <trkpt lat="47.37419" lon="10.9462467">
                <ele>1571.3</ele>
                <time>2018-07-29T14:37:33.000Z</time>
                <name>Position 585</name>
            </trkpt>
            <trkpt lat="47.3742883" lon="10.94657">
                <ele>1570.7</ele>
                <time>2018-07-29T14:37:37.000Z</time>
                <name>Position 586</name>
            </trkpt>
            <trkpt lat="47.3744267" lon="10.9468417">
                <ele>1571.0</ele>
                <time>2018-07-29T14:37:43.000Z</time>
                <name>Position 587</name>
            </trkpt>
            <trkpt lat="47.374485" lon="10.9471283">
                <ele>1574.7</ele>
                <time>2018-07-29T14:37:53.000Z</time>
                <name>Position 588</name>
            </trkpt>
            <trkpt lat="47.37462" lon="10.94742">
                <ele>1578.0</ele>
                <time>2018-07-29T14:38:05.000Z</time>
                <name>Position 589</name>
            </trkpt>
            <trkpt lat="47.3749417" lon="10.9475017">
                <ele>1576.0</ele>
                <time>2018-07-29T14:38:23.000Z</time>
                <name>Position 590</name>
            </trkpt>
            <trkpt lat="47.3751567" lon="10.9474433">
                <ele>1573.3</ele>
                <time>2018-07-29T14:38:39.000Z</time>
                <name>Position 591</name>
            </trkpt>
            <trkpt lat="47.375475" lon="10.9474367">
                <ele>1571.1</ele>
                <time>2018-07-29T14:38:57.000Z</time>
                <name>Position 592</name>
            </trkpt>
            <trkpt lat="47.3756383" lon="10.9478">
                <ele>1577.9</ele>
                <time>2018-07-29T14:39:17.000Z</time>
                <name>Position 593</name>
            </trkpt>
            <trkpt lat="47.3757833" lon="10.9480733">
                <ele>1582.3</ele>
                <time>2018-07-29T14:39:29.000Z</time>
                <name>Position 594</name>
            </trkpt>
            <trkpt lat="47.37602" lon="10.9484183">
                <ele>1583.4</ele>
                <time>2018-07-29T14:39:45.000Z</time>
                <name>Position 595</name>
            </trkpt>
            <trkpt lat="47.37622" lon="10.9485383">
                <ele>1580.5</ele>
                <time>2018-07-29T14:39:59.000Z</time>
                <name>Position 596</name>
            </trkpt>
            <trkpt lat="47.3763317" lon="10.94863">
                <ele>1579.7</ele>
                <time>2018-07-29T14:40:07.000Z</time>
                <name>Position 597</name>
            </trkpt>
            <trkpt lat="47.3764683" lon="10.9488933">
                <ele>1582.0</ele>
                <time>2018-07-29T14:40:21.000Z</time>
                <name>Position 598</name>
            </trkpt>
            <trkpt lat="47.3765283" lon="10.949215">
                <ele>1586.8</ele>
                <time>2018-07-29T14:40:33.000Z</time>
                <name>Position 599</name>
            </trkpt>
            <trkpt lat="47.37656" lon="10.94944">
                <ele>1587.7</ele>
                <time>2018-07-29T14:40:37.000Z</time>
                <name>Position 600</name>
            </trkpt>
            <trkpt lat="47.3766367" lon="10.949705">
                <ele>1588.1</ele>
                <time>2018-07-29T14:40:41.000Z</time>
                <name>Position 601</name>
            </trkpt>
            <trkpt lat="47.37677" lon="10.95">
                <ele>1586.4</ele>
                <time>2018-07-29T14:40:45.000Z</time>
                <name>Position 602</name>
            </trkpt>
            <trkpt lat="47.3768717" lon="10.9501367">
                <ele>1584.6</ele>
                <time>2018-07-29T14:40:47.000Z</time>
                <name>Position 603</name>
            </trkpt>
            <trkpt lat="47.3769817" lon="10.9502333">
                <ele>1582.5</ele>
                <time>2018-07-29T14:40:49.000Z</time>
                <name>Position 604</name>
            </trkpt>
            <trkpt lat="47.3773433" lon="10.95034">
                <ele>1574.7</ele>
                <time>2018-07-29T14:40:57.000Z</time>
                <name>Position 605</name>
            </trkpt>
            <trkpt lat="47.377405" lon="10.95064">
                <ele>1576.7</ele>
                <time>2018-07-29T14:41:01.000Z</time>
                <name>Position 606</name>
            </trkpt>
            <trkpt lat="47.3773617" lon="10.9510217">
                <ele>1579.9</ele>
                <time>2018-07-29T14:41:05.000Z</time>
                <name>Position 607</name>
            </trkpt>
            <trkpt lat="47.377345" lon="10.95121">
                <ele>1579.8</ele>
                <time>2018-07-29T14:41:07.000Z</time>
                <name>Position 608</name>
            </trkpt>
            <trkpt lat="47.3772233" lon="10.951435">
                <ele>1580.1</ele>
                <time>2018-07-29T14:41:11.000Z</time>
                <name>Position 609</name>
            </trkpt>
            <trkpt lat="47.377105" lon="10.951565">
                <ele>1580.6</ele>
                <time>2018-07-29T14:41:13.000Z</time>
                <name>Position 610</name>
            </trkpt>
            <trkpt lat="47.3769983" lon="10.9517483">
                <ele>1580.2</ele>
                <time>2018-07-29T14:41:15.000Z</time>
                <name>Position 611</name>
            </trkpt>
            <trkpt lat="47.3769067" lon="10.9519383">
                <ele>1578.5</ele>
                <time>2018-07-29T14:41:17.000Z</time>
                <name>Position 612</name>
            </trkpt>
            <trkpt lat="47.3766433" lon="10.95233">
                <ele>1573.3</ele>
                <time>2018-07-29T14:41:23.000Z</time>
                <name>Position 613</name>
            </trkpt>
            <trkpt lat="47.3765717" lon="10.9525133">
                <ele>1571.4</ele>
                <time>2018-07-29T14:41:25.000Z</time>
                <name>Position 614</name>
            </trkpt>
            <trkpt lat="47.37662" lon="10.95272">
                <ele>1567.2</ele>
                <time>2018-07-29T14:41:35.000Z</time>
                <name>Position 615</name>
            </trkpt>
            <trkpt lat="47.376805" lon="10.9526767">
                <ele>1566.7</ele>
                <time>2018-07-29T14:41:39.000Z</time>
                <name>Position 616</name>
            </trkpt>
            <trkpt lat="47.377" lon="10.9528183">
                <ele>1565.4</ele>
                <time>2018-07-29T14:41:43.000Z</time>
                <name>Position 617</name>
            </trkpt>
            <trkpt lat="47.3772067" lon="10.9530583">
                <ele>1562.5</ele>
                <time>2018-07-29T14:41:49.000Z</time>
                <name>Position 618</name>
            </trkpt>
            <trkpt lat="47.3771567" lon="10.95326">
                <ele>1560.0</ele>
                <time>2018-07-29T14:41:53.000Z</time>
                <name>Position 619</name>
            </trkpt>
            <trkpt lat="47.3769567" lon="10.9534083">
                <ele>1558.1</ele>
                <time>2018-07-29T14:41:57.000Z</time>
                <name>Position 620</name>
            </trkpt>
            <trkpt lat="47.3766967" lon="10.95368">
                <ele>1556.1</ele>
                <time>2018-07-29T14:42:03.000Z</time>
                <name>Position 621</name>
            </trkpt>
            <trkpt lat="47.3766133" lon="10.9538733">
                <ele>1555.5</ele>
                <time>2018-07-29T14:42:07.000Z</time>
                <name>Position 622</name>
            </trkpt>
            <trkpt lat="47.3765333" lon="10.9541017">
                <ele>1554.9</ele>
                <time>2018-07-29T14:42:11.000Z</time>
                <name>Position 623</name>
            </trkpt>
            <trkpt lat="47.37645" lon="10.9543083">
                <ele>1554.4</ele>
                <time>2018-07-29T14:42:15.000Z</time>
                <name>Position 624</name>
            </trkpt>
            <trkpt lat="47.3763583" lon="10.9544983">
                <ele>1554.0</ele>
                <time>2018-07-29T14:42:19.000Z</time>
                <name>Position 625</name>
            </trkpt>
            <trkpt lat="47.3762717" lon="10.9546717">
                <ele>1553.6</ele>
                <time>2018-07-29T14:42:23.000Z</time>
                <name>Position 626</name>
            </trkpt>
            <trkpt lat="47.3762033" lon="10.954975">
                <ele>1552.3</ele>
                <time>2018-07-29T14:42:27.000Z</time>
                <name>Position 627</name>
            </trkpt>
            <trkpt lat="47.3761783" lon="10.9552033">
                <ele>1551.6</ele>
                <time>2018-07-29T14:42:29.000Z</time>
                <name>Position 628</name>
            </trkpt>
            <trkpt lat="47.3761517" lon="10.9554317">
                <ele>1550.9</ele>
                <time>2018-07-29T14:42:31.000Z</time>
                <name>Position 629</name>
            </trkpt>
            <trkpt lat="47.3761133" lon="10.95568">
                <ele>1550.2</ele>
                <time>2018-07-29T14:42:33.000Z</time>
                <name>Position 630</name>
            </trkpt>
            <trkpt lat="47.37609" lon="10.9559467">
                <ele>1549.4</ele>
                <time>2018-07-29T14:42:35.000Z</time>
                <name>Position 631</name>
            </trkpt>
            <trkpt lat="47.3760467" lon="10.9562">
                <ele>1548.7</ele>
                <time>2018-07-29T14:42:37.000Z</time>
                <name>Position 632</name>
            </trkpt>
            <trkpt lat="47.376015" lon="10.9564667">
                <ele>1548.0</ele>
                <time>2018-07-29T14:42:39.000Z</time>
                <name>Position 633</name>
            </trkpt>
            <trkpt lat="47.376005" lon="10.9567367">
                <ele>1547.3</ele>
                <time>2018-07-29T14:42:41.000Z</time>
                <name>Position 634</name>
            </trkpt>
            <trkpt lat="47.3760267" lon="10.957015">
                <ele>1546.7</ele>
                <time>2018-07-29T14:42:43.000Z</time>
                <name>Position 635</name>
            </trkpt>
            <trkpt lat="47.3760433" lon="10.95726">
                <ele>1546.2</ele>
                <time>2018-07-29T14:42:45.000Z</time>
                <name>Position 636</name>
            </trkpt>
            <trkpt lat="47.3760583" lon="10.957485">
                <ele>1545.6</ele>
                <time>2018-07-29T14:42:47.000Z</time>
                <name>Position 637</name>
            </trkpt>
            <trkpt lat="47.3760683" lon="10.9577017">
                <ele>1545.4</ele>
                <time>2018-07-29T14:42:49.000Z</time>
                <name>Position 638</name>
            </trkpt>
            <trkpt lat="47.3760983" lon="10.95791">
                <ele>1545.1</ele>
                <time>2018-07-29T14:42:51.000Z</time>
                <name>Position 639</name>
            </trkpt>
            <trkpt lat="47.37615" lon="10.9580983">
                <ele>1544.6</ele>
                <time>2018-07-29T14:42:53.000Z</time>
                <name>Position 640</name>
            </trkpt>
            <trkpt lat="47.376205" lon="10.9582733">
                <ele>1544.1</ele>
                <time>2018-07-29T14:42:55.000Z</time>
                <name>Position 641</name>
            </trkpt>
            <trkpt lat="47.37627" lon="10.95844">
                <ele>1543.8</ele>
                <time>2018-07-29T14:42:57.000Z</time>
                <name>Position 642</name>
            </trkpt>
            <trkpt lat="47.3763483" lon="10.9585883">
                <ele>1543.7</ele>
                <time>2018-07-29T14:42:59.000Z</time>
                <name>Position 643</name>
            </trkpt>
            <trkpt lat="47.3764583" lon="10.958725">
                <ele>1543.3</ele>
                <time>2018-07-29T14:43:01.000Z</time>
                <name>Position 644</name>
            </trkpt>
            <trkpt lat="47.376575" lon="10.958865">
                <ele>1542.9</ele>
                <time>2018-07-29T14:43:03.000Z</time>
                <name>Position 645</name>
            </trkpt>
            <trkpt lat="47.3766717" lon="10.9589933">
                <ele>1542.5</ele>
                <time>2018-07-29T14:43:05.000Z</time>
                <name>Position 646</name>
            </trkpt>
            <trkpt lat="47.37673" lon="10.9592183">
                <ele>1543.1</ele>
                <time>2018-07-29T14:43:09.000Z</time>
                <name>Position 647</name>
            </trkpt>
            <trkpt lat="47.3767233" lon="10.9594983">
                <ele>1544.1</ele>
                <time>2018-07-29T14:43:13.000Z</time>
                <name>Position 648</name>
            </trkpt>
            <trkpt lat="47.3766767" lon="10.95974">
                <ele>1544.9</ele>
                <time>2018-07-29T14:43:17.000Z</time>
                <name>Position 649</name>
            </trkpt>
            <trkpt lat="47.3766133" lon="10.95995">
                <ele>1546.0</ele>
                <time>2018-07-29T14:43:21.000Z</time>
                <name>Position 650</name>
            </trkpt>
            <trkpt lat="47.37658" lon="10.96015">
                <ele>1547.0</ele>
                <time>2018-07-29T14:43:25.000Z</time>
                <name>Position 651</name>
            </trkpt>
            <trkpt lat="47.3764967" lon="10.9606067">
                <ele>1549.0</ele>
                <time>2018-07-29T14:43:37.000Z</time>
                <name>Position 652</name>
            </trkpt>
            <trkpt lat="47.3763783" lon="10.9608867">
                <ele>1550.4</ele>
                <time>2018-07-29T14:43:45.000Z</time>
                <name>Position 653</name>
            </trkpt>
            <trkpt lat="47.376305" lon="10.961215">
                <ele>1552.0</ele>
                <time>2018-07-29T14:43:53.000Z</time>
                <name>Position 654</name>
            </trkpt>
            <trkpt lat="47.3762967" lon="10.9615567">
                <ele>1553.4</ele>
                <time>2018-07-29T14:44:03.000Z</time>
                <name>Position 655</name>
            </trkpt>
            <trkpt lat="47.376265" lon="10.9618867">
                <ele>1554.6</ele>
                <time>2018-07-29T14:44:11.000Z</time>
                <name>Position 656</name>
            </trkpt>
            <trkpt lat="47.3761983" lon="10.962195">
                <ele>1555.8</ele>
                <time>2018-07-29T14:44:19.000Z</time>
                <name>Position 657</name>
            </trkpt>
            <trkpt lat="47.3760967" lon="10.962665">
                <ele>1558.9</ele>
                <time>2018-07-29T14:44:33.000Z</time>
                <name>Position 658</name>
            </trkpt>
            <trkpt lat="47.3758767" lon="10.963075">
                <ele>1562.3</ele>
                <time>2018-07-29T14:44:51.000Z</time>
                <name>Position 659</name>
            </trkpt>
            <trkpt lat="47.3757167" lon="10.9632517">
                <ele>1562.7</ele>
                <time>2018-07-29T14:45:03.000Z</time>
                <name>Position 660</name>
            </trkpt>
            <trkpt lat="47.3756233" lon="10.96354">
                <ele>1566.1</ele>
                <time>2018-07-29T14:45:15.000Z</time>
                <name>Position 661</name>
            </trkpt>
            <trkpt lat="47.3754867" lon="10.9637483">
                <ele>1567.8</ele>
                <time>2018-07-29T14:45:29.000Z</time>
                <name>Position 662</name>
            </trkpt>
            <trkpt lat="47.3753717" lon="10.963985">
                <ele>1568.7</ele>
                <time>2018-07-29T14:45:43.000Z</time>
                <name>Position 663</name>
            </trkpt>
            <trkpt lat="47.3752483" lon="10.96445">
                <ele>1571.1</ele>
                <time>2018-07-29T14:46:09.000Z</time>
                <name>Position 664</name>
            </trkpt>
            <trkpt lat="47.375115" lon="10.9646817">
                <ele>1571.2</ele>
                <time>2018-07-29T14:46:21.000Z</time>
                <name>Position 665</name>
            </trkpt>
            <trkpt lat="47.3749833" lon="10.965055">
                <ele>1573.2</ele>
                <time>2018-07-29T14:46:41.000Z</time>
                <name>Position 666</name>
            </trkpt>
            <trkpt lat="47.3751567" lon="10.9654317">
                <ele>1578.0</ele>
                <time>2018-07-29T14:47:03.000Z</time>
                <name>Position 667</name>
            </trkpt>
            <trkpt lat="47.37522" lon="10.9655967">
                <ele>1579.1</ele>
                <time>2018-07-29T14:47:09.000Z</time>
                <name>Position 668</name>
            </trkpt>
            <trkpt lat="47.375285" lon="10.9657617">
                <ele>1579.8</ele>
                <time>2018-07-29T14:47:13.000Z</time>
                <name>Position 669</name>
            </trkpt>
            <trkpt lat="47.375395" lon="10.9659917">
                <ele>1580.6</ele>
                <time>2018-07-29T14:47:17.000Z</time>
                <name>Position 670</name>
            </trkpt>
            <trkpt lat="47.37555" lon="10.9664983">
                <ele>1581.3</ele>
                <time>2018-07-29T14:47:25.000Z</time>
                <name>Position 671</name>
            </trkpt>
            <trkpt lat="47.3756917" lon="10.9667233">
                <ele>1580.7</ele>
                <time>2018-07-29T14:47:33.000Z</time>
                <name>Position 672</name>
            </trkpt>
            <trkpt lat="47.375875" lon="10.966925">
                <ele>1579.7</ele>
                <time>2018-07-29T14:47:43.000Z</time>
                <name>Position 673</name>
            </trkpt>
            <trkpt lat="47.3759767" lon="10.967045">
                <ele>1580.3</ele>
                <time>2018-07-29T14:47:47.000Z</time>
                <name>Position 674</name>
            </trkpt>
            <trkpt lat="47.376205" lon="10.9671983">
                <ele>1582.2</ele>
                <time>2018-07-29T14:47:57.000Z</time>
                <name>Position 675</name>
            </trkpt>
            <trkpt lat="47.376505" lon="10.967285">
                <ele>1584.7</ele>
                <time>2018-07-29T14:48:09.000Z</time>
                <name>Position 676</name>
            </trkpt>
            <trkpt lat="47.3766367" lon="10.967355">
                <ele>1585.8</ele>
                <time>2018-07-29T14:48:13.000Z</time>
                <name>Position 677</name>
            </trkpt>
            <trkpt lat="47.3767917" lon="10.9675067">
                <ele>1585.8</ele>
                <time>2018-07-29T14:48:17.000Z</time>
                <name>Position 678</name>
            </trkpt>
            <trkpt lat="47.37706" lon="10.967705">
                <ele>1584.0</ele>
                <time>2018-07-29T14:48:23.000Z</time>
                <name>Position 679</name>
            </trkpt>
            <trkpt lat="47.3772067" lon="10.9677583">
                <ele>1583.4</ele>
                <time>2018-07-29T14:48:27.000Z</time>
                <name>Position 680</name>
            </trkpt>
            <trkpt lat="47.3773433" lon="10.9677933">
                <ele>1583.1</ele>
                <time>2018-07-29T14:48:31.000Z</time>
                <name>Position 681</name>
            </trkpt>
            <trkpt lat="47.3774967" lon="10.9677917">
                <ele>1583.0</ele>
                <time>2018-07-29T14:48:35.000Z</time>
                <name>Position 682</name>
            </trkpt>
            <trkpt lat="47.37767" lon="10.9677283">
                <ele>1583.2</ele>
                <time>2018-07-29T14:48:39.000Z</time>
                <name>Position 683</name>
            </trkpt>
            <trkpt lat="47.3778517" lon="10.9676567">
                <ele>1583.5</ele>
                <time>2018-07-29T14:48:43.000Z</time>
                <name>Position 684</name>
            </trkpt>
            <trkpt lat="47.3780917" lon="10.96762">
                <ele>1583.8</ele>
                <time>2018-07-29T14:48:49.000Z</time>
                <name>Position 685</name>
            </trkpt>
            <trkpt lat="47.3782733" lon="10.9676417">
                <ele>1583.8</ele>
                <time>2018-07-29T14:48:53.000Z</time>
                <name>Position 686</name>
            </trkpt>
            <trkpt lat="47.37843" lon="10.967825">
                <ele>1584.9</ele>
                <time>2018-07-29T14:48:59.000Z</time>
                <name>Position 687</name>
            </trkpt>
            <trkpt lat="47.3784767" lon="10.968135">
                <ele>1585.7</ele>
                <time>2018-07-29T14:49:45.000Z</time>
                <name>Position 688</name>
            </trkpt>
            <trkpt lat="47.37853" lon="10.9683183">
                <ele>1586.6</ele>
                <time>2018-07-29T14:49:51.000Z</time>
                <name>Position 689</name>
            </trkpt>
            <trkpt lat="47.378565" lon="10.9685133">
                <ele>1586.9</ele>
                <time>2018-07-29T14:49:57.000Z</time>
                <name>Position 690</name>
            </trkpt>
            <trkpt lat="47.378635" lon="10.9688667">
                <ele>1587.3</ele>
                <time>2018-07-29T14:50:09.000Z</time>
                <name>Position 691</name>
            </trkpt>
            <trkpt lat="47.3786667" lon="10.9690617">
                <ele>1587.5</ele>
                <time>2018-07-29T14:50:15.000Z</time>
                <name>Position 692</name>
            </trkpt>
            <trkpt lat="47.3787083" lon="10.969245">
                <ele>1587.7</ele>
                <time>2018-07-29T14:50:21.000Z</time>
                <name>Position 693</name>
            </trkpt>
            <trkpt lat="47.3787683" lon="10.9695917">
                <ele>1587.7</ele>
                <time>2018-07-29T14:50:31.000Z</time>
                <name>Position 694</name>
            </trkpt>
            <trkpt lat="47.3787533" lon="10.9701133">
                <ele>1585.8</ele>
                <time>2018-07-29T14:50:49.000Z</time>
                <name>Position 695</name>
            </trkpt>
            <trkpt lat="47.3787633" lon="10.9705683">
                <ele>1586.7</ele>
                <time>2018-07-29T14:51:03.000Z</time>
                <name>Position 696</name>
            </trkpt>
            <trkpt lat="47.3788317" lon="10.9708783">
                <ele>1588.7</ele>
                <time>2018-07-29T14:51:13.000Z</time>
                <name>Position 697</name>
            </trkpt>
            <trkpt lat="47.378835" lon="10.971225">
                <ele>1589.2</ele>
                <time>2018-07-29T14:51:25.000Z</time>
                <name>Position 698</name>
            </trkpt>
            <trkpt lat="47.3788783" lon="10.9715667">
                <ele>1590.7</ele>
                <time>2018-07-29T14:51:37.000Z</time>
                <name>Position 699</name>
            </trkpt>
            <trkpt lat="47.37889" lon="10.9717567">
                <ele>1591.3</ele>
                <time>2018-07-29T14:51:43.000Z</time>
                <name>Position 700</name>
            </trkpt>
            <trkpt lat="47.3788833" lon="10.972105">
                <ele>1591.1</ele>
                <time>2018-07-29T14:51:55.000Z</time>
                <name>Position 701</name>
            </trkpt>
            <trkpt lat="47.3788983" lon="10.972295">
                <ele>1591.5</ele>
                <time>2018-07-29T14:52:01.000Z</time>
                <name>Position 702</name>
            </trkpt>
            <trkpt lat="47.3789467" lon="10.9725867">
                <ele>1592.6</ele>
                <time>2018-07-29T14:52:09.000Z</time>
                <name>Position 703</name>
            </trkpt>
            <trkpt lat="47.3790217" lon="10.9729183">
                <ele>1593.8</ele>
                <time>2018-07-29T14:52:17.000Z</time>
                <name>Position 704</name>
            </trkpt>
            <trkpt lat="47.3792233" lon="10.9728083">
                <ele>1594.6</ele>
                <time>2018-07-29T14:52:25.000Z</time>
                <name>Position 705</name>
            </trkpt>
            <trkpt lat="47.3793467" lon="10.9724567">
                <ele>1588.6</ele>
                <time>2018-07-29T14:52:29.000Z</time>
                <name>Position 706</name>
            </trkpt>
            <trkpt lat="47.3794183" lon="10.9722617">
                <ele>1585.0</ele>
                <time>2018-07-29T14:52:31.000Z</time>
                <name>Position 707</name>
            </trkpt>
            <trkpt lat="47.3794867" lon="10.9720867">
                <ele>1581.4</ele>
                <time>2018-07-29T14:52:33.000Z</time>
                <name>Position 708</name>
            </trkpt>
            <trkpt lat="47.3795317" lon="10.971905">
                <ele>1578.9</ele>
                <time>2018-07-29T14:52:35.000Z</time>
                <name>Position 709</name>
            </trkpt>
            <trkpt lat="47.3795517" lon="10.971705">
                <ele>1577.7</ele>
                <time>2018-07-29T14:52:37.000Z</time>
                <name>Position 710</name>
            </trkpt>
            <trkpt lat="47.3795417" lon="10.9713367">
                <ele>1576.6</ele>
                <time>2018-07-29T14:52:43.000Z</time>
                <name>Position 711</name>
            </trkpt>
            <trkpt lat="47.379595" lon="10.971565">
                <ele>1574.4</ele>
                <time>2018-07-29T14:52:49.000Z</time>
                <name>Position 712</name>
            </trkpt>
            <trkpt lat="47.379645" lon="10.9718717">
                <ele>1572.0</ele>
                <time>2018-07-29T14:52:53.000Z</time>
                <name>Position 713</name>
            </trkpt>
            <trkpt lat="47.3796583" lon="10.9720633">
                <ele>1570.6</ele>
                <time>2018-07-29T14:52:55.000Z</time>
                <name>Position 714</name>
            </trkpt>
            <trkpt lat="47.37964" lon="10.9722617">
                <ele>1570.4</ele>
                <time>2018-07-29T14:52:57.000Z</time>
                <name>Position 715</name>
            </trkpt>
            <trkpt lat="47.3796183" lon="10.97249">
                <ele>1570.8</ele>
                <time>2018-07-29T14:52:59.000Z</time>
                <name>Position 716</name>
            </trkpt>
            <trkpt lat="47.3795983" lon="10.9727217">
                <ele>1570.9</ele>
                <time>2018-07-29T14:53:01.000Z</time>
                <name>Position 717</name>
            </trkpt>
            <trkpt lat="47.3795733" lon="10.9729433">
                <ele>1571.1</ele>
                <time>2018-07-29T14:53:03.000Z</time>
                <name>Position 718</name>
            </trkpt>
            <trkpt lat="47.37956" lon="10.973175">
                <ele>1570.9</ele>
                <time>2018-07-29T14:53:05.000Z</time>
                <name>Position 719</name>
            </trkpt>
            <trkpt lat="47.3795683" lon="10.9734117">
                <ele>1569.9</ele>
                <time>2018-07-29T14:53:07.000Z</time>
                <name>Position 720</name>
            </trkpt>
            <trkpt lat="47.3795833" lon="10.973675">
                <ele>1568.9</ele>
                <time>2018-07-29T14:53:09.000Z</time>
                <name>Position 721</name>
            </trkpt>
            <trkpt lat="47.3795967" lon="10.973935">
                <ele>1568.0</ele>
                <time>2018-07-29T14:53:11.000Z</time>
                <name>Position 722</name>
            </trkpt>
            <trkpt lat="47.37963" lon="10.97418">
                <ele>1566.4</ele>
                <time>2018-07-29T14:53:13.000Z</time>
                <name>Position 723</name>
            </trkpt>
            <trkpt lat="47.3796967" lon="10.9744167">
                <ele>1564.9</ele>
                <time>2018-07-29T14:53:15.000Z</time>
                <name>Position 724</name>
            </trkpt>
            <trkpt lat="47.3797933" lon="10.9746333">
                <ele>1562.3</ele>
                <time>2018-07-29T14:53:17.000Z</time>
                <name>Position 725</name>
            </trkpt>
            <trkpt lat="47.3799033" lon="10.974795">
                <ele>1558.7</ele>
                <time>2018-07-29T14:53:19.000Z</time>
                <name>Position 726</name>
            </trkpt>
            <trkpt lat="47.380025" lon="10.9749567">
                <ele>1554.8</ele>
                <time>2018-07-29T14:53:21.000Z</time>
                <name>Position 727</name>
            </trkpt>
            <trkpt lat="47.380145" lon="10.9751383">
                <ele>1552.7</ele>
                <time>2018-07-29T14:53:23.000Z</time>
                <name>Position 728</name>
            </trkpt>
            <trkpt lat="47.3802583" lon="10.9753433">
                <ele>1552.0</ele>
                <time>2018-07-29T14:53:25.000Z</time>
                <name>Position 729</name>
            </trkpt>
            <trkpt lat="47.3803717" lon="10.9755733">
                <ele>1552.0</ele>
                <time>2018-07-29T14:53:27.000Z</time>
                <name>Position 730</name>
            </trkpt>
            <trkpt lat="47.3805117" lon="10.9757567">
                <ele>1550.2</ele>
                <time>2018-07-29T14:53:29.000Z</time>
                <name>Position 731</name>
            </trkpt>
            <trkpt lat="47.3806283" lon="10.97591">
                <ele>1547.8</ele>
                <time>2018-07-29T14:53:31.000Z</time>
                <name>Position 732</name>
            </trkpt>
            <trkpt lat="47.380735" lon="10.9760867">
                <ele>1545.6</ele>
                <time>2018-07-29T14:53:33.000Z</time>
                <name>Position 733</name>
            </trkpt>
            <trkpt lat="47.380825" lon="10.976275">
                <ele>1544.1</ele>
                <time>2018-07-29T14:53:35.000Z</time>
                <name>Position 734</name>
            </trkpt>
            <trkpt lat="47.380905" lon="10.9764617">
                <ele>1545.1</ele>
                <time>2018-07-29T14:53:37.000Z</time>
                <name>Position 735</name>
            </trkpt>
            <trkpt lat="47.3809717" lon="10.9766533">
                <ele>1547.2</ele>
                <time>2018-07-29T14:53:39.000Z</time>
                <name>Position 736</name>
            </trkpt>
            <trkpt lat="47.381025" lon="10.9768367">
                <ele>1549.1</ele>
                <time>2018-07-29T14:53:41.000Z</time>
                <name>Position 737</name>
            </trkpt>
            <trkpt lat="47.3811867" lon="10.9770733">
                <ele>1550.9</ele>
                <time>2018-07-29T14:53:47.000Z</time>
                <name>Position 738</name>
            </trkpt>
            <trkpt lat="47.3812833" lon="10.9769017">
                <ele>1547.2</ele>
                <time>2018-07-29T14:53:51.000Z</time>
                <name>Position 739</name>
            </trkpt>
            <trkpt lat="47.3813967" lon="10.976625">
                <ele>1541.0</ele>
                <time>2018-07-29T14:53:55.000Z</time>
                <name>Position 740</name>
            </trkpt>
            <trkpt lat="47.3815433" lon="10.97635">
                <ele>1534.3</ele>
                <time>2018-07-29T14:53:59.000Z</time>
                <name>Position 741</name>
            </trkpt>
            <trkpt lat="47.3816317" lon="10.975995">
                <ele>1528.0</ele>
                <time>2018-07-29T14:54:03.000Z</time>
                <name>Position 742</name>
            </trkpt>
            <trkpt lat="47.3816767" lon="10.9758117">
                <ele>1525.1</ele>
                <time>2018-07-29T14:54:05.000Z</time>
                <name>Position 743</name>
            </trkpt>
            <trkpt lat="47.3819767" lon="10.9756">
                <ele>1524.5</ele>
                <time>2018-07-29T14:54:13.000Z</time>
                <name>Position 744</name>
            </trkpt>
            <trkpt lat="47.382095" lon="10.9755267">
                <ele>1525.2</ele>
                <time>2018-07-29T14:54:17.000Z</time>
                <name>Position 745</name>
            </trkpt>
            <trkpt lat="47.382235" lon="10.975445">
                <ele>1525.9</ele>
                <time>2018-07-29T14:54:21.000Z</time>
                <name>Position 746</name>
            </trkpt>
            <trkpt lat="47.382355" lon="10.9753283">
                <ele>1526.1</ele>
                <time>2018-07-29T14:54:25.000Z</time>
                <name>Position 747</name>
            </trkpt>
            <trkpt lat="47.382475" lon="10.9751533">
                <ele>1525.6</ele>
                <time>2018-07-29T14:54:29.000Z</time>
                <name>Position 748</name>
            </trkpt>
            <trkpt lat="47.3826033" lon="10.9749717">
                <ele>1525.4</ele>
                <time>2018-07-29T14:54:33.000Z</time>
                <name>Position 749</name>
            </trkpt>
            <trkpt lat="47.3828017" lon="10.9747117">
                <ele>1525.7</ele>
                <time>2018-07-29T14:54:39.000Z</time>
                <name>Position 750</name>
            </trkpt>
            <trkpt lat="47.3829233" lon="10.97452">
                <ele>1525.5</ele>
                <time>2018-07-29T14:54:43.000Z</time>
                <name>Position 751</name>
            </trkpt>
            <trkpt lat="47.3830333" lon="10.9743433">
                <ele>1525.1</ele>
                <time>2018-07-29T14:54:47.000Z</time>
                <name>Position 752</name>
            </trkpt>
            <trkpt lat="47.383125" lon="10.9742033">
                <ele>1524.7</ele>
                <time>2018-07-29T14:54:51.000Z</time>
                <name>Position 753</name>
            </trkpt>
            <trkpt lat="47.383245" lon="10.97406">
                <ele>1524.7</ele>
                <time>2018-07-29T14:54:55.000Z</time>
                <name>Position 754</name>
            </trkpt>
            <trkpt lat="47.3833717" lon="10.973835">
                <ele>1524.0</ele>
                <time>2018-07-29T14:54:59.000Z</time>
                <name>Position 755</name>
            </trkpt>
            <trkpt lat="47.38349" lon="10.973565">
                <ele>1522.2</ele>
                <time>2018-07-29T14:55:03.000Z</time>
                <name>Position 756</name>
            </trkpt>
            <trkpt lat="47.3836317" lon="10.9732883">
                <ele>1520.2</ele>
                <time>2018-07-29T14:55:07.000Z</time>
                <name>Position 757</name>
            </trkpt>
            <trkpt lat="47.38371" lon="10.9731333">
                <ele>1519.4</ele>
                <time>2018-07-29T14:55:09.000Z</time>
                <name>Position 758</name>
            </trkpt>
            <trkpt lat="47.3838017" lon="10.97298">
                <ele>1518.7</ele>
                <time>2018-07-29T14:55:11.000Z</time>
                <name>Position 759</name>
            </trkpt>
            <trkpt lat="47.3839017" lon="10.972855">
                <ele>1518.3</ele>
                <time>2018-07-29T14:55:13.000Z</time>
                <name>Position 760</name>
            </trkpt>
            <trkpt lat="47.3841617" lon="10.972505">
                <ele>1517.2</ele>
                <time>2018-07-29T14:55:21.000Z</time>
                <name>Position 761</name>
            </trkpt>
            <trkpt lat="47.3842117" lon="10.9722183">
                <ele>1516.1</ele>
                <time>2018-07-29T14:55:29.000Z</time>
                <name>Position 762</name>
            </trkpt>
            <trkpt lat="47.3842917" lon="10.9718417">
                <ele>1514.5</ele>
                <time>2018-07-29T14:55:37.000Z</time>
                <name>Position 763</name>
            </trkpt>
            <trkpt lat="47.3843883" lon="10.971595">
                <ele>1513.8</ele>
                <time>2018-07-29T14:55:41.000Z</time>
                <name>Position 764</name>
            </trkpt>
            <trkpt lat="47.3844717" lon="10.9713267">
                <ele>1512.6</ele>
                <time>2018-07-29T14:55:45.000Z</time>
                <name>Position 765</name>
            </trkpt>
            <trkpt lat="47.3845717" lon="10.9710467">
                <ele>1511.1</ele>
                <time>2018-07-29T14:55:49.000Z</time>
                <name>Position 766</name>
            </trkpt>
            <trkpt lat="47.3846933" lon="10.970745">
                <ele>1509.1</ele>
                <time>2018-07-29T14:55:55.000Z</time>
                <name>Position 767</name>
            </trkpt>
            <trkpt lat="47.3847583" lon="10.9705467">
                <ele>1507.9</ele>
                <time>2018-07-29T14:55:59.000Z</time>
                <name>Position 768</name>
            </trkpt>
            <trkpt lat="47.3848217" lon="10.9703717">
                <ele>1506.9</ele>
                <time>2018-07-29T14:56:03.000Z</time>
                <name>Position 769</name>
            </trkpt>
            <trkpt lat="47.3848867" lon="10.970195">
                <ele>1506.0</ele>
                <time>2018-07-29T14:56:07.000Z</time>
                <name>Position 770</name>
            </trkpt>
            <trkpt lat="47.3848817" lon="10.9698633">
                <ele>1503.5</ele>
                <time>2018-07-29T14:56:21.000Z</time>
                <name>Position 771</name>
            </trkpt>
            <trkpt lat="47.384855" lon="10.969405">
                <ele>1500.1</ele>
                <time>2018-07-29T14:56:29.000Z</time>
                <name>Position 772</name>
            </trkpt>
            <trkpt lat="47.38484" lon="10.9692033">
                <ele>1498.6</ele>
                <time>2018-07-29T14:56:31.000Z</time>
                <name>Position 773</name>
            </trkpt>
            <trkpt lat="47.384825" lon="10.9690033">
                <ele>1497.0</ele>
                <time>2018-07-29T14:56:33.000Z</time>
                <name>Position 774</name>
            </trkpt>
            <trkpt lat="47.3848033" lon="10.9688017">
                <ele>1495.4</ele>
                <time>2018-07-29T14:56:35.000Z</time>
                <name>Position 775</name>
            </trkpt>
            <trkpt lat="47.3847817" lon="10.96861">
                <ele>1493.8</ele>
                <time>2018-07-29T14:56:37.000Z</time>
                <name>Position 776</name>
            </trkpt>
            <trkpt lat="47.3847683" lon="10.9684033">
                <ele>1492.2</ele>
                <time>2018-07-29T14:56:39.000Z</time>
                <name>Position 777</name>
            </trkpt>
            <trkpt lat="47.384765" lon="10.9681633">
                <ele>1490.1</ele>
                <time>2018-07-29T14:56:41.000Z</time>
                <name>Position 778</name>
            </trkpt>
            <trkpt lat="47.384765" lon="10.9679383">
                <ele>1487.8</ele>
                <time>2018-07-29T14:56:43.000Z</time>
                <name>Position 779</name>
            </trkpt>
            <trkpt lat="47.3847833" lon="10.9677433">
                <ele>1485.7</ele>
                <time>2018-07-29T14:56:45.000Z</time>
                <name>Position 780</name>
            </trkpt>
            <trkpt lat="47.384855" lon="10.967395">
                <ele>1481.9</ele>
                <time>2018-07-29T14:56:49.000Z</time>
                <name>Position 781</name>
            </trkpt>
            <trkpt lat="47.38494" lon="10.9672533">
                <ele>1480.1</ele>
                <time>2018-07-29T14:56:51.000Z</time>
                <name>Position 782</name>
            </trkpt>
            <trkpt lat="47.385055" lon="10.967125">
                <ele>1479.0</ele>
                <time>2018-07-29T14:56:53.000Z</time>
                <name>Position 783</name>
            </trkpt>
            <trkpt lat="47.385185" lon="10.9669983">
                <ele>1478.9</ele>
                <time>2018-07-29T14:56:55.000Z</time>
                <name>Position 784</name>
            </trkpt>
            <trkpt lat="47.3852983" lon="10.9668367">
                <ele>1478.4</ele>
                <time>2018-07-29T14:56:57.000Z</time>
                <name>Position 785</name>
            </trkpt>
            <trkpt lat="47.3854033" lon="10.9666717">
                <ele>1477.7</ele>
                <time>2018-07-29T14:56:59.000Z</time>
                <name>Position 786</name>
            </trkpt>
            <trkpt lat="47.3855083" lon="10.9665117">
                <ele>1476.8</ele>
                <time>2018-07-29T14:57:01.000Z</time>
                <name>Position 787</name>
            </trkpt>
            <trkpt lat="47.385615" lon="10.966355">
                <ele>1475.7</ele>
                <time>2018-07-29T14:57:03.000Z</time>
                <name>Position 788</name>
            </trkpt>
            <trkpt lat="47.3857233" lon="10.96619">
                <ele>1474.5</ele>
                <time>2018-07-29T14:57:05.000Z</time>
                <name>Position 789</name>
            </trkpt>
            <trkpt lat="47.3858333" lon="10.9660367">
                <ele>1473.2</ele>
                <time>2018-07-29T14:57:07.000Z</time>
                <name>Position 790</name>
            </trkpt>
            <trkpt lat="47.3859317" lon="10.9658833">
                <ele>1472.4</ele>
                <time>2018-07-29T14:57:09.000Z</time>
                <name>Position 791</name>
            </trkpt>
            <trkpt lat="47.3860217" lon="10.96574">
                <ele>1472.3</ele>
                <time>2018-07-29T14:57:11.000Z</time>
                <name>Position 792</name>
            </trkpt>
            <trkpt lat="47.38611" lon="10.9656">
                <ele>1472.5</ele>
                <time>2018-07-29T14:57:13.000Z</time>
                <name>Position 793</name>
            </trkpt>
            <trkpt lat="47.3861917" lon="10.9654583">
                <ele>1472.8</ele>
                <time>2018-07-29T14:57:15.000Z</time>
                <name>Position 794</name>
            </trkpt>
            <trkpt lat="47.386475" lon="10.9649667">
                <ele>1473.7</ele>
                <time>2018-07-29T14:57:23.000Z</time>
                <name>Position 795</name>
            </trkpt>
            <trkpt lat="47.386635" lon="10.96476">
                <ele>1474.7</ele>
                <time>2018-07-29T14:57:27.000Z</time>
                <name>Position 796</name>
            </trkpt>
            <trkpt lat="47.386685" lon="10.9643967">
                <ele>1471.1</ele>
                <time>2018-07-29T14:57:33.000Z</time>
                <name>Position 797</name>
            </trkpt>
            <trkpt lat="47.3867083" lon="10.96417">
                <ele>1468.1</ele>
                <time>2018-07-29T14:57:37.000Z</time>
                <name>Position 798</name>
            </trkpt>
            <trkpt lat="47.3867933" lon="10.9640017">
                <ele>1464.6</ele>
                <time>2018-07-29T14:57:41.000Z</time>
                <name>Position 799</name>
            </trkpt>
            <trkpt lat="47.3870283" lon="10.96404">
                <ele>1466.9</ele>
                <time>2018-07-29T14:57:49.000Z</time>
                <name>Position 800</name>
            </trkpt>
            <trkpt lat="47.3872717" lon="10.9639883">
                <ele>1469.0</ele>
                <time>2018-07-29T14:57:53.000Z</time>
                <name>Position 801</name>
            </trkpt>
            <trkpt lat="47.3873767" lon="10.9638717">
                <ele>1469.0</ele>
                <time>2018-07-29T14:57:55.000Z</time>
                <name>Position 802</name>
            </trkpt>
            <trkpt lat="47.3876" lon="10.9633717">
                <ele>1463.9</ele>
                <time>2018-07-29T14:58:03.000Z</time>
                <name>Position 803</name>
            </trkpt>
            <trkpt lat="47.3877467" lon="10.9631983">
                <ele>1457.8</ele>
                <time>2018-07-29T14:58:07.000Z</time>
                <name>Position 804</name>
            </trkpt>
            <trkpt lat="47.3879467" lon="10.9633767">
                <ele>1454.5</ele>
                <time>2018-07-29T14:58:11.000Z</time>
                <name>Position 805</name>
            </trkpt>
            <trkpt lat="47.3880483" lon="10.9635167">
                <ele>1454.6</ele>
                <time>2018-07-29T14:58:13.000Z</time>
                <name>Position 806</name>
            </trkpt>
            <trkpt lat="47.3881717" lon="10.9636517">
                <ele>1455.1</ele>
                <time>2018-07-29T14:58:15.000Z</time>
                <name>Position 807</name>
            </trkpt>
            <trkpt lat="47.38831" lon="10.9637567">
                <ele>1455.5</ele>
                <time>2018-07-29T14:58:17.000Z</time>
                <name>Position 808</name>
            </trkpt>
            <trkpt lat="47.388445" lon="10.9638033">
                <ele>1457.5</ele>
                <time>2018-07-29T14:58:19.000Z</time>
                <name>Position 809</name>
            </trkpt>
            <trkpt lat="47.3885767" lon="10.9637967">
                <ele>1459.4</ele>
                <time>2018-07-29T14:58:21.000Z</time>
                <name>Position 810</name>
            </trkpt>
            <trkpt lat="47.3887067" lon="10.96374">
                <ele>1460.4</ele>
                <time>2018-07-29T14:58:23.000Z</time>
                <name>Position 811</name>
            </trkpt>
            <trkpt lat="47.38884" lon="10.9634467">
                <ele>1456.4</ele>
                <time>2018-07-29T14:58:27.000Z</time>
                <name>Position 812</name>
            </trkpt>
            <trkpt lat="47.3888933" lon="10.9630967">
                <ele>1449.9</ele>
                <time>2018-07-29T14:58:31.000Z</time>
                <name>Position 813</name>
            </trkpt>
            <trkpt lat="47.388995" lon="10.9627817">
                <ele>1445.9</ele>
                <time>2018-07-29T14:58:37.000Z</time>
                <name>Position 814</name>
            </trkpt>
            <trkpt lat="47.3887367" lon="10.9628417">
                <ele>1441.7</ele>
                <time>2018-07-29T14:58:41.000Z</time>
                <name>Position 815</name>
            </trkpt>
            <trkpt lat="47.388565" lon="10.96288">
                <ele>1439.1</ele>
                <time>2018-07-29T14:58:43.000Z</time>
                <name>Position 816</name>
            </trkpt>
            <trkpt lat="47.3884" lon="10.9628217">
                <ele>1435.1</ele>
                <time>2018-07-29T14:58:45.000Z</time>
                <name>Position 817</name>
            </trkpt>
            <trkpt lat="47.38825" lon="10.96275">
                <ele>1433.7</ele>
                <time>2018-07-29T14:58:47.000Z</time>
                <name>Position 818</name>
            </trkpt>
            <trkpt lat="47.38814" lon="10.96244">
                <ele>1431.9</ele>
                <time>2018-07-29T14:58:53.000Z</time>
                <name>Position 819</name>
            </trkpt>
            <trkpt lat="47.3882667" lon="10.9623117">
                <ele>1426.5</ele>
                <time>2018-07-29T14:58:55.000Z</time>
                <name>Position 820</name>
            </trkpt>
            <trkpt lat="47.3883483" lon="10.9621433">
                <ele>1421.5</ele>
                <time>2018-07-29T14:58:57.000Z</time>
                <name>Position 821</name>
            </trkpt>
            <trkpt lat="47.388385" lon="10.9619467">
                <ele>1418.1</ele>
                <time>2018-07-29T14:58:59.000Z</time>
                <name>Position 822</name>
            </trkpt>
            <trkpt lat="47.3885533" lon="10.9615217">
                <ele>1412.4</ele>
                <time>2018-07-29T14:59:05.000Z</time>
                <name>Position 823</name>
            </trkpt>
            <trkpt lat="47.388655" lon="10.96141">
                <ele>1411.7</ele>
                <time>2018-07-29T14:59:07.000Z</time>
                <name>Position 824</name>
            </trkpt>
            <trkpt lat="47.3887467" lon="10.96125">
                <ele>1410.0</ele>
                <time>2018-07-29T14:59:09.000Z</time>
                <name>Position 825</name>
            </trkpt>
            <trkpt lat="47.3888267" lon="10.96107">
                <ele>1407.3</ele>
                <time>2018-07-29T14:59:11.000Z</time>
                <name>Position 826</name>
            </trkpt>
            <trkpt lat="47.3889183" lon="10.960875">
                <ele>1403.9</ele>
                <time>2018-07-29T14:59:13.000Z</time>
                <name>Position 827</name>
            </trkpt>
            <trkpt lat="47.3890183" lon="10.9606933">
                <ele>1400.8</ele>
                <time>2018-07-29T14:59:15.000Z</time>
                <name>Position 828</name>
            </trkpt>
            <trkpt lat="47.389135" lon="10.9605167">
                <ele>1397.7</ele>
                <time>2018-07-29T14:59:17.000Z</time>
                <name>Position 829</name>
            </trkpt>
            <trkpt lat="47.3892433" lon="10.9604183">
                <ele>1396.8</ele>
                <time>2018-07-29T14:59:19.000Z</time>
                <name>Position 830</name>
            </trkpt>
            <trkpt lat="47.389375" lon="10.9603083">
                <ele>1396.9</ele>
                <time>2018-07-29T14:59:21.000Z</time>
                <name>Position 831</name>
            </trkpt>
            <trkpt lat="47.38932" lon="10.9600183">
                <ele>1391.1</ele>
                <time>2018-07-29T14:59:25.000Z</time>
                <name>Position 832</name>
            </trkpt>
            <trkpt lat="47.3892183" lon="10.9598917">
                <ele>1387.0</ele>
                <time>2018-07-29T14:59:27.000Z</time>
                <name>Position 833</name>
            </trkpt>
            <trkpt lat="47.3891367" lon="10.95968">
                <ele>1382.6</ele>
                <time>2018-07-29T14:59:29.000Z</time>
                <name>Position 834</name>
            </trkpt>
            <trkpt lat="47.389045" lon="10.9594667">
                <ele>1379.1</ele>
                <time>2018-07-29T14:59:31.000Z</time>
                <name>Position 835</name>
            </trkpt>
            <trkpt lat="47.388965" lon="10.9592433">
                <ele>1375.8</ele>
                <time>2018-07-29T14:59:33.000Z</time>
                <name>Position 836</name>
            </trkpt>
            <trkpt lat="47.3889083" lon="10.9589667">
                <ele>1372.3</ele>
                <time>2018-07-29T14:59:35.000Z</time>
                <name>Position 837</name>
            </trkpt>
            <trkpt lat="47.3888467" lon="10.9586817">
                <ele>1368.7</ele>
                <time>2018-07-29T14:59:37.000Z</time>
                <name>Position 838</name>
            </trkpt>
            <trkpt lat="47.3887867" lon="10.9583933">
                <ele>1365.1</ele>
                <time>2018-07-29T14:59:39.000Z</time>
                <name>Position 839</name>
            </trkpt>
            <trkpt lat="47.38873" lon="10.9581183">
                <ele>1361.5</ele>
                <time>2018-07-29T14:59:41.000Z</time>
                <name>Position 840</name>
            </trkpt>
            <trkpt lat="47.3887033" lon="10.95785">
                <ele>1357.6</ele>
                <time>2018-07-29T14:59:43.000Z</time>
                <name>Position 841</name>
            </trkpt>
            <trkpt lat="47.3887067" lon="10.9575417">
                <ele>1353.1</ele>
                <time>2018-07-29T14:59:45.000Z</time>
                <name>Position 842</name>
            </trkpt>
            <trkpt lat="47.3886933" lon="10.957275">
                <ele>1348.5</ele>
                <time>2018-07-29T14:59:47.000Z</time>
                <name>Position 843</name>
            </trkpt>
            <trkpt lat="47.3886533" lon="10.9570117">
                <ele>1343.8</ele>
                <time>2018-07-29T14:59:49.000Z</time>
                <name>Position 844</name>
            </trkpt>
            <trkpt lat="47.3884467" lon="10.956875">
                <ele>1339.2</ele>
                <time>2018-07-29T14:59:53.000Z</time>
                <name>Position 845</name>
            </trkpt>
            <trkpt lat="47.3882333" lon="10.9570633">
                <ele>1341.2</ele>
                <time>2018-07-29T14:59:57.000Z</time>
                <name>Position 846</name>
            </trkpt>
            <trkpt lat="47.3881433" lon="10.95691">
                <ele>1339.8</ele>
                <time>2018-07-29T15:00:03.000Z</time>
                <name>Position 847</name>
            </trkpt>
            <trkpt lat="47.3882733" lon="10.9566633">
                <ele>1335.0</ele>
                <time>2018-07-29T15:00:07.000Z</time>
                <name>Position 848</name>
            </trkpt>
            <trkpt lat="47.3884317" lon="10.956365">
                <ele>1330.4</ele>
                <time>2018-07-29T15:00:11.000Z</time>
                <name>Position 849</name>
            </trkpt>
            <trkpt lat="47.3885067" lon="10.95619">
                <ele>1327.8</ele>
                <time>2018-07-29T15:00:13.000Z</time>
                <name>Position 850</name>
            </trkpt>
            <trkpt lat="47.3886833" lon="10.9561583">
                <ele>1326.7</ele>
                <time>2018-07-29T15:00:17.000Z</time>
                <name>Position 851</name>
            </trkpt>
            <trkpt lat="47.388925" lon="10.9562317">
                <ele>1328.9</ele>
                <time>2018-07-29T15:00:21.000Z</time>
                <name>Position 852</name>
            </trkpt>
            <trkpt lat="47.3891433" lon="10.9560617">
                <ele>1327.5</ele>
                <time>2018-07-29T15:00:25.000Z</time>
                <name>Position 853</name>
            </trkpt>
            <trkpt lat="47.3892017" lon="10.9556767">
                <ele>1324.5</ele>
                <time>2018-07-29T15:00:29.000Z</time>
                <name>Position 854</name>
            </trkpt>
            <trkpt lat="47.3891517" lon="10.955405">
                <ele>1322.6</ele>
                <time>2018-07-29T15:00:31.000Z</time>
                <name>Position 855</name>
            </trkpt>
            <trkpt lat="47.3890667" lon="10.9550917">
                <ele>1320.4</ele>
                <time>2018-07-29T15:00:33.000Z</time>
                <name>Position 856</name>
            </trkpt>
            <trkpt lat="47.389015" lon="10.95486">
                <ele>1318.3</ele>
                <time>2018-07-29T15:00:35.000Z</time>
                <name>Position 857</name>
            </trkpt>
            <trkpt lat="47.3887233" lon="10.9547933">
                <ele>1311.6</ele>
                <time>2018-07-29T15:00:41.000Z</time>
                <name>Position 858</name>
            </trkpt>
            <trkpt lat="47.3885917" lon="10.9548767">
                <ele>1309.5</ele>
                <time>2018-07-29T15:00:43.000Z</time>
                <name>Position 859</name>
            </trkpt>
            <trkpt lat="47.3884333" lon="10.9546533">
                <ele>1303.1</ele>
                <time>2018-07-29T15:00:49.000Z</time>
                <name>Position 860</name>
            </trkpt>
            <trkpt lat="47.3884633" lon="10.9544267">
                <ele>1300.8</ele>
                <time>2018-07-29T15:00:51.000Z</time>
                <name>Position 861</name>
            </trkpt>
            <trkpt lat="47.38851" lon="10.9541983">
                <ele>1298.9</ele>
                <time>2018-07-29T15:00:53.000Z</time>
                <name>Position 862</name>
            </trkpt>
            <trkpt lat="47.3885483" lon="10.9539867">
                <ele>1297.3</ele>
                <time>2018-07-29T15:00:55.000Z</time>
                <name>Position 863</name>
            </trkpt>
            <trkpt lat="47.3885467" lon="10.9537783">
                <ele>1294.9</ele>
                <time>2018-07-29T15:00:57.000Z</time>
                <name>Position 864</name>
            </trkpt>
            <trkpt lat="47.3884883" lon="10.9535917">
                <ele>1290.9</ele>
                <time>2018-07-29T15:00:59.000Z</time>
                <name>Position 865</name>
            </trkpt>
            <trkpt lat="47.3883767" lon="10.9532433">
                <ele>1280.9</ele>
                <time>2018-07-29T15:01:05.000Z</time>
                <name>Position 866</name>
            </trkpt>
            <trkpt lat="47.38845" lon="10.9528733">
                <ele>1277.4</ele>
                <time>2018-07-29T15:01:11.000Z</time>
                <name>Position 867</name>
            </trkpt>
            <trkpt lat="47.3884067" lon="10.952505">
                <ele>1269.1</ele>
                <time>2018-07-29T15:01:17.000Z</time>
                <name>Position 868</name>
            </trkpt>
            <trkpt lat="47.3885717" lon="10.95226">
                <ele>1269.2</ele>
                <time>2018-07-29T15:01:21.000Z</time>
                <name>Position 869</name>
            </trkpt>
            <trkpt lat="47.3886683" lon="10.9519367">
                <ele>1266.8</ele>
                <time>2018-07-29T15:01:25.000Z</time>
                <name>Position 870</name>
            </trkpt>
            <trkpt lat="47.3886333" lon="10.9517267">
                <ele>1262.7</ele>
                <time>2018-07-29T15:01:27.000Z</time>
                <name>Position 871</name>
            </trkpt>
            <trkpt lat="47.388525" lon="10.95147">
                <ele>1257.0</ele>
                <time>2018-07-29T15:01:29.000Z</time>
                <name>Position 872</name>
            </trkpt>
            <trkpt lat="47.38844" lon="10.9512317">
                <ele>1251.7</ele>
                <time>2018-07-29T15:01:31.000Z</time>
                <name>Position 873</name>
            </trkpt>
            <trkpt lat="47.3883533" lon="10.9510467">
                <ele>1247.2</ele>
                <time>2018-07-29T15:01:33.000Z</time>
                <name>Position 874</name>
            </trkpt>
            <trkpt lat="47.3883" lon="10.9508717">
                <ele>1244.1</ele>
                <time>2018-07-29T15:01:35.000Z</time>
                <name>Position 875</name>
            </trkpt>
            <trkpt lat="47.388455" lon="10.95046">
                <ele>1240.3</ele>
                <time>2018-07-29T15:01:41.000Z</time>
                <name>Position 876</name>
            </trkpt>
            <trkpt lat="47.3883917" lon="10.950105">
                <ele>1236.2</ele>
                <time>2018-07-29T15:01:45.000Z</time>
                <name>Position 877</name>
            </trkpt>
            <trkpt lat="47.38831" lon="10.9498867">
                <ele>1232.6</ele>
                <time>2018-07-29T15:01:47.000Z</time>
                <name>Position 878</name>
            </trkpt>
            <trkpt lat="47.3882417" lon="10.9497183">
                <ele>1230.8</ele>
                <time>2018-07-29T15:01:49.000Z</time>
                <name>Position 879</name>
            </trkpt>
            <trkpt lat="47.3883267" lon="10.9492933">
                <ele>1226.0</ele>
                <time>2018-07-29T15:01:55.000Z</time>
                <name>Position 880</name>
            </trkpt>
            <trkpt lat="47.3884133" lon="10.9491583">
                <ele>1226.9</ele>
                <time>2018-07-29T15:01:57.000Z</time>
                <name>Position 881</name>
            </trkpt>
            <trkpt lat="47.3884267" lon="10.9489683">
                <ele>1226.5</ele>
                <time>2018-07-29T15:01:59.000Z</time>
                <name>Position 882</name>
            </trkpt>
            <trkpt lat="47.38838" lon="10.94873">
                <ele>1223.6</ele>
                <time>2018-07-29T15:02:01.000Z</time>
                <name>Position 883</name>
            </trkpt>
            <trkpt lat="47.3883" lon="10.9484217">
                <ele>1219.5</ele>
                <time>2018-07-29T15:02:03.000Z</time>
                <name>Position 884</name>
            </trkpt>
            <trkpt lat="47.388215" lon="10.94814">
                <ele>1216.6</ele>
                <time>2018-07-29T15:02:05.000Z</time>
                <name>Position 885</name>
            </trkpt>
            <trkpt lat="47.3881383" lon="10.9478533">
                <ele>1213.8</ele>
                <time>2018-07-29T15:02:07.000Z</time>
                <name>Position 886</name>
            </trkpt>
            <trkpt lat="47.3880733" lon="10.9475733">
                <ele>1211.0</ele>
                <time>2018-07-29T15:02:09.000Z</time>
                <name>Position 887</name>
            </trkpt>
            <trkpt lat="47.388045" lon="10.9472917">
                <ele>1208.0</ele>
                <time>2018-07-29T15:02:11.000Z</time>
                <name>Position 888</name>
            </trkpt>
            <trkpt lat="47.3880517" lon="10.9469717">
                <ele>1204.9</ele>
                <time>2018-07-29T15:02:13.000Z</time>
                <name>Position 889</name>
            </trkpt>
            <trkpt lat="47.38806" lon="10.9466517">
                <ele>1201.6</ele>
                <time>2018-07-29T15:02:15.000Z</time>
                <name>Position 890</name>
            </trkpt>
            <trkpt lat="47.38805" lon="10.9463417">
                <ele>1197.6</ele>
                <time>2018-07-29T15:02:17.000Z</time>
                <name>Position 891</name>
            </trkpt>
            <trkpt lat="47.3880117" lon="10.946075">
                <ele>1193.7</ele>
                <time>2018-07-29T15:02:19.000Z</time>
                <name>Position 892</name>
            </trkpt>
            <trkpt lat="47.3879767" lon="10.9458133">
                <ele>1189.8</ele>
                <time>2018-07-29T15:02:21.000Z</time>
                <name>Position 893</name>
            </trkpt>
            <trkpt lat="47.3879717" lon="10.9455317">
                <ele>1185.6</ele>
                <time>2018-07-29T15:02:23.000Z</time>
                <name>Position 894</name>
            </trkpt>
            <trkpt lat="47.387985" lon="10.9452017">
                <ele>1180.9</ele>
                <time>2018-07-29T15:02:25.000Z</time>
                <name>Position 895</name>
            </trkpt>
            <trkpt lat="47.3879667" lon="10.9448533">
                <ele>1176.0</ele>
                <time>2018-07-29T15:02:27.000Z</time>
                <name>Position 896</name>
            </trkpt>
            <trkpt lat="47.3879067" lon="10.9445417">
                <ele>1171.8</ele>
                <time>2018-07-29T15:02:29.000Z</time>
                <name>Position 897</name>
            </trkpt>
            <trkpt lat="47.3878167" lon="10.9442567">
                <ele>1168.0</ele>
                <time>2018-07-29T15:02:31.000Z</time>
                <name>Position 898</name>
            </trkpt>
            <trkpt lat="47.3877067" lon="10.9439533">
                <ele>1164.6</ele>
                <time>2018-07-29T15:02:33.000Z</time>
                <name>Position 899</name>
            </trkpt>
            <trkpt lat="47.3875483" lon="10.943645">
                <ele>1161.4</ele>
                <time>2018-07-29T15:02:35.000Z</time>
                <name>Position 900</name>
            </trkpt>
            <trkpt lat="47.3874283" lon="10.94336">
                <ele>1158.4</ele>
                <time>2018-07-29T15:02:37.000Z</time>
                <name>Position 901</name>
            </trkpt>
            <trkpt lat="47.3873183" lon="10.9430833">
                <ele>1155.3</ele>
                <time>2018-07-29T15:02:39.000Z</time>
                <name>Position 902</name>
            </trkpt>
            <trkpt lat="47.3872583" lon="10.9427733">
                <ele>1152.0</ele>
                <time>2018-07-29T15:02:41.000Z</time>
                <name>Position 903</name>
            </trkpt>
            <trkpt lat="47.3872367" lon="10.9424267">
                <ele>1148.5</ele>
                <time>2018-07-29T15:02:43.000Z</time>
                <name>Position 904</name>
            </trkpt>
            <trkpt lat="47.38724" lon="10.9421017">
                <ele>1145.3</ele>
                <time>2018-07-29T15:02:45.000Z</time>
                <name>Position 905</name>
            </trkpt>
            <trkpt lat="47.3873133" lon="10.941765">
                <ele>1142.1</ele>
                <time>2018-07-29T15:02:47.000Z</time>
                <name>Position 906</name>
            </trkpt>
            <trkpt lat="47.3873667" lon="10.9414383">
                <ele>1138.8</ele>
                <time>2018-07-29T15:02:49.000Z</time>
                <name>Position 907</name>
            </trkpt>
            <trkpt lat="47.38741" lon="10.941125">
                <ele>1135.5</ele>
                <time>2018-07-29T15:02:51.000Z</time>
                <name>Position 908</name>
            </trkpt>
            <trkpt lat="47.3874883" lon="10.9408417">
                <ele>1132.4</ele>
                <time>2018-07-29T15:02:53.000Z</time>
                <name>Position 909</name>
            </trkpt>
            <trkpt lat="47.387545" lon="10.9406067">
                <ele>1129.7</ele>
                <time>2018-07-29T15:02:55.000Z</time>
                <name>Position 910</name>
            </trkpt>
            <trkpt lat="47.3875517" lon="10.94034">
                <ele>1126.9</ele>
                <time>2018-07-29T15:02:57.000Z</time>
                <name>Position 911</name>
            </trkpt>
            <trkpt lat="47.38756" lon="10.9400617">
                <ele>1124.0</ele>
                <time>2018-07-29T15:02:59.000Z</time>
                <name>Position 912</name>
            </trkpt>
            <trkpt lat="47.3876083" lon="10.939835">
                <ele>1121.6</ele>
                <time>2018-07-29T15:03:01.000Z</time>
                <name>Position 913</name>
            </trkpt>
            <trkpt lat="47.3876567" lon="10.9396217">
                <ele>1119.5</ele>
                <time>2018-07-29T15:03:03.000Z</time>
                <name>Position 914</name>
            </trkpt>
            <trkpt lat="47.3876883" lon="10.9394317">
                <ele>1117.6</ele>
                <time>2018-07-29T15:03:05.000Z</time>
                <name>Position 915</name>
            </trkpt>
            <trkpt lat="47.3877117" lon="10.9392467">
                <ele>1115.8</ele>
                <time>2018-07-29T15:03:07.000Z</time>
                <name>Position 916</name>
            </trkpt>
            <trkpt lat="47.3879033" lon="10.9388867">
                <ele>1112.1</ele>
                <time>2018-07-29T15:03:13.000Z</time>
                <name>Position 917</name>
            </trkpt>
            <trkpt lat="47.388095" lon="10.9388883">
                <ele>1112.1</ele>
                <time>2018-07-29T15:03:19.000Z</time>
                <name>Position 918</name>
            </trkpt>
        </trkseg>
    </trk>
</gpx>
