<?xml version="1.0" encoding="UTF-8" standalone="yes"?>
<gpx xmlns:gpxtpx1="http://www.garmin.com/xmlschemas/TrackPointExtension/v1" xmlns="http://www.topografix.com/GPX/1/1" xmlns:trp="http://www.garmin.com/xmlschemas/TripExtensions/v1" xmlns:gpxx="http://www.garmin.com/xmlschemas/GpxExtensions/v3" xmlns:gpxtpx="http://www.garmin.com/xmlschemas/TrackPointExtension/v2" version="1.1" creator="Generated by Christian Pesch's RouteConverter. See http://www.routeconverter.com">
    <metadata>
        <name>2020-08-10 07:20</name>
        <link href="https://www.oruxmaps.com">
            <text>OruxMaps</text>
        </link>
        <time>2020-08-10T05:20:23Z</time>
        <bounds minlat="47.7669700" minlon="15.8240143" maxlat="47.7763873" maxlon="15.8544318"/>
    </metadata>
    <wpt lat="47.7749793" lon="15.8538591">
        <ele>757.6</ele>
        <time>2020-08-10T05:20:56.000Z</time>
        <name>0000408</name>
        <sym>Waypoint</sym>
        <type>Startpunkt</type>
        <extensions>
            <om:oruxmapsextensions xmlns:om="http://www.oruxmaps.com/oruxmapsextensions/1/0" xmlns:gpxtpx="http://www.garmin.com/xmlschemas/TrackPointExtension/v1" xmlns:xsi="http://www.w3.org/2001/XMLSchema-instance">
                <om:ext subtype="0" type="ICON">38</om:ext>
</om:oruxmapsextensions>
        </extensions>
    </wpt>
    <wpt lat="47.7697758" lon="15.826508">
        <ele>1422.5</ele>
        <time>2020-08-10T06:59:09.000Z</time>
        <name>Einstieg</name>
        <sym>Waypoint</sym>
        <type>Wegpunkt</type>
        <extensions>
            <om:oruxmapsextensions xmlns:om="http://www.oruxmaps.com/oruxmapsextensions/1/0" xmlns:gpxtpx="http://www.garmin.com/xmlschemas/TrackPointExtension/v1" xmlns:xsi="http://www.w3.org/2001/XMLSchema-instance">
                <om:ext subtype="0" type="ICON">1</om:ext>
</om:oruxmapsextensions>
        </extensions>
    </wpt>
    <wpt lat="47.7674557" lon="15.8256929">
        <ele>1678.9</ele>
        <time>2020-08-10T10:07:44.000Z</time>
        <name>A</name>
        <sym>Waypoint</sym>
        <type>Wegpunkt</type>
        <extensions>
            <om:oruxmapsextensions xmlns:om="http://www.oruxmaps.com/oruxmapsextensions/1/0" xmlns:gpxtpx="http://www.garmin.com/xmlschemas/TrackPointExtension/v1" xmlns:xsi="http://www.w3.org/2001/XMLSchema-instance">
                <om:ext subtype="0" type="ICON">1</om:ext>
</om:oruxmapsextensions>
        </extensions>
    </wpt>
    <trk>
        <name>2020-08-10 07:20</name>
        <desc>&lt;p&gt;Startzeit: 08/10/2020 07:21&lt;br/&gt;Zielzeit: 08/10/2020 13:58&lt;br/&gt;Strecke: 7,
9 km (06:37)&lt;br/&gt;Bewegungszeit: 02:35&lt;br/&gt;Ø-Geschwindigkeit: 1,
19 km/h&lt;br/&gt;Netto-Geschwindigkeit: 3,
04 km/h&lt;br/&gt;Max. Geschwindigkeit: 14,
5 km/h&lt;br/&gt;Minimale Höhe: 757 m&lt;br/&gt;Maximale Höhe: 1685 m&lt;br/&gt;Steig-Geschw.: 200,
2 m/h&lt;br/&gt;Sink-Geschw.: -533,
9 m/h&lt;br/&gt;Aufstieg: 970 m&lt;br/&gt;Abstieg: -950 m&lt;br/&gt;Steigzeit: 04:50&lt;br/&gt;Sinkzeit: 01:46&lt;br/&gt;&lt;/p&gt;&lt;hr align="center" width="480" style="height: 2px; width: 517px"/&gt;</desc>
        <type>Unbestimmt</type>
        <extensions>
            <om:oruxmapsextensions xmlns:om="http://www.oruxmaps.com/oruxmapsextensions/1/0" xmlns:gpxtpx="http://www.garmin.com/xmlschemas/TrackPointExtension/v1" xmlns:xsi="http://www.w3.org/2001/XMLSchema-instance">
                <om:ext subtype="0" type="TYPE">0</om:ext>
                <om:ext type="DIFFICULTY">0</om:ext>
</om:oruxmapsextensions>
        </extensions>
        <trkseg>
            <trkpt lat="47.7749793" lon="15.8538591">
                <ele>757.6</ele>
                <time>2020-08-10T05:21:00.000Z</time>
                <name>Position 1</name>
            </trkpt>
            <trkpt lat="47.7749125" lon="15.8537695">
                <ele>773.5</ele>
                <time>2020-08-10T05:23:23.000Z</time>
                <name>Position 2</name>
            </trkpt>
            <trkpt lat="47.7749307" lon="15.8536341">
                <ele>773.9</ele>
                <time>2020-08-10T05:23:31.000Z</time>
                <name>Position 3</name>
            </trkpt>
            <trkpt lat="47.774978" lon="15.8535192">
                <ele>775.2</ele>
                <time>2020-08-10T05:23:41.000Z</time>
                <name>Position 4</name>
            </trkpt>
            <trkpt lat="47.7750141" lon="15.8533868">
                <ele>776.2</ele>
                <time>2020-08-10T05:23:50.000Z</time>
                <name>Position 5</name>
            </trkpt>
            <trkpt lat="47.7750521" lon="15.8532589">
                <ele>777.1</ele>
                <time>2020-08-10T05:23:59.000Z</time>
                <name>Position 6</name>
            </trkpt>
            <trkpt lat="47.7750964" lon="15.8531366">
                <ele>777.7</ele>
                <time>2020-08-10T05:25:37.000Z</time>
                <name>Position 7</name>
            </trkpt>
            <trkpt lat="47.7751531" lon="15.8530306">
                <ele>778.8</ele>
                <time>2020-08-10T05:25:46.000Z</time>
                <name>Position 8</name>
            </trkpt>
            <trkpt lat="47.7751967" lon="15.8528934">
                <ele>779.1</ele>
                <time>2020-08-10T05:25:53.000Z</time>
                <name>Position 9</name>
            </trkpt>
            <trkpt lat="47.7752319" lon="15.8527701">
                <ele>780.3</ele>
                <time>2020-08-10T05:26:02.000Z</time>
                <name>Position 10</name>
            </trkpt>
            <trkpt lat="47.7752872" lon="15.8526585">
                <ele>780.9</ele>
                <time>2020-08-10T05:26:09.000Z</time>
                <name>Position 11</name>
            </trkpt>
            <trkpt lat="47.7753402" lon="15.8525385">
                <ele>781.7</ele>
                <time>2020-08-10T05:26:18.000Z</time>
                <name>Position 12</name>
            </trkpt>
            <trkpt lat="47.7753757" lon="15.8524072">
                <ele>782.4</ele>
                <time>2020-08-10T05:26:25.000Z</time>
                <name>Position 13</name>
            </trkpt>
            <trkpt lat="47.7754211" lon="15.8522903">
                <ele>783.8</ele>
                <time>2020-08-10T05:26:37.000Z</time>
                <name>Position 14</name>
            </trkpt>
            <trkpt lat="47.7754481" lon="15.8521577">
                <ele>784.7</ele>
                <time>2020-08-10T05:26:44.000Z</time>
                <name>Position 15</name>
            </trkpt>
            <trkpt lat="47.7754837" lon="15.8520338">
                <ele>785.0</ele>
                <time>2020-08-10T05:26:50.000Z</time>
                <name>Position 16</name>
            </trkpt>
            <trkpt lat="47.7755351" lon="15.8519028">
                <ele>787.1</ele>
                <time>2020-08-10T05:27:04.000Z</time>
                <name>Position 17</name>
            </trkpt>
            <trkpt lat="47.7755948" lon="15.8517881">
                <ele>787.9</ele>
                <time>2020-08-10T05:27:13.000Z</time>
                <name>Position 18</name>
            </trkpt>
            <trkpt lat="47.7756405" lon="15.8516572">
                <ele>788.9</ele>
                <time>2020-08-10T05:27:21.000Z</time>
                <name>Position 19</name>
            </trkpt>
            <trkpt lat="47.7756987" lon="15.8515504">
                <ele>789.8</ele>
                <time>2020-08-10T05:27:27.000Z</time>
                <name>Position 20</name>
            </trkpt>
            <trkpt lat="47.7757413" lon="15.8514245">
                <ele>790.2</ele>
                <time>2020-08-10T05:27:35.000Z</time>
                <name>Position 21</name>
            </trkpt>
            <trkpt lat="47.7758027" lon="15.8513169">
                <ele>790.8</ele>
                <time>2020-08-10T05:27:45.000Z</time>
                <name>Position 22</name>
            </trkpt>
            <trkpt lat="47.775848" lon="15.8511989">
                <ele>791.6</ele>
                <time>2020-08-10T05:27:53.000Z</time>
                <name>Position 23</name>
            </trkpt>
            <trkpt lat="47.77588" lon="15.8510709">
                <ele>792.4</ele>
                <time>2020-08-10T05:28:01.000Z</time>
                <name>Position 24</name>
            </trkpt>
            <trkpt lat="47.7759356" lon="15.8509572">
                <ele>793.5</ele>
                <time>2020-08-10T05:28:10.000Z</time>
                <name>Position 25</name>
            </trkpt>
            <trkpt lat="47.7759647" lon="15.8508304">
                <ele>793.9</ele>
                <time>2020-08-10T05:28:16.000Z</time>
                <name>Position 26</name>
            </trkpt>
            <trkpt lat="47.7759984" lon="15.8506954">
                <ele>794.8</ele>
                <time>2020-08-10T05:28:25.000Z</time>
                <name>Position 27</name>
            </trkpt>
            <trkpt lat="47.7760189" lon="15.850547">
                <ele>795.6</ele>
                <time>2020-08-10T05:28:32.000Z</time>
                <name>Position 28</name>
            </trkpt>
            <trkpt lat="47.7760639" lon="15.8504289">
                <ele>796.6</ele>
                <time>2020-08-10T05:28:41.000Z</time>
                <name>Position 29</name>
            </trkpt>
            <trkpt lat="47.7761079" lon="15.8502916">
                <ele>797.1</ele>
                <time>2020-08-10T05:28:48.000Z</time>
                <name>Position 30</name>
            </trkpt>
            <trkpt lat="47.7761243" lon="15.8501465">
                <ele>798.3</ele>
                <time>2020-08-10T05:28:57.000Z</time>
                <name>Position 31</name>
            </trkpt>
            <trkpt lat="47.7761204" lon="15.8500086">
                <ele>799.1</ele>
                <time>2020-08-10T05:29:05.000Z</time>
                <name>Position 32</name>
            </trkpt>
            <trkpt lat="47.7761384" lon="15.84987">
                <ele>800.4</ele>
                <time>2020-08-10T05:29:14.000Z</time>
                <name>Position 33</name>
            </trkpt>
            <trkpt lat="47.7761572" lon="15.8497323">
                <ele>801.5</ele>
                <time>2020-08-10T05:29:23.000Z</time>
                <name>Position 34</name>
            </trkpt>
            <trkpt lat="47.776185" lon="15.8495875">
                <ele>802.7</ele>
                <time>2020-08-10T05:29:34.000Z</time>
                <name>Position 35</name>
            </trkpt>
            <trkpt lat="47.7762286" lon="15.8494698">
                <ele>803.6</ele>
                <time>2020-08-10T05:29:42.000Z</time>
                <name>Position 36</name>
            </trkpt>
            <trkpt lat="47.7762657" lon="15.8493356">
                <ele>804.7</ele>
                <time>2020-08-10T05:29:52.000Z</time>
                <name>Position 37</name>
            </trkpt>
            <trkpt lat="47.7762669" lon="15.849201">
                <ele>805.8</ele>
                <time>2020-08-10T05:30:02.000Z</time>
                <name>Position 38</name>
            </trkpt>
            <trkpt lat="47.7762377" lon="15.8490718">
                <ele>806.7</ele>
                <time>2020-08-10T05:30:10.000Z</time>
                <name>Position 39</name>
            </trkpt>
            <trkpt lat="47.7762234" lon="15.8489267">
                <ele>807.6</ele>
                <time>2020-08-10T05:30:18.000Z</time>
                <name>Position 40</name>
            </trkpt>
            <trkpt lat="47.7762177" lon="15.8487888">
                <ele>808.5</ele>
                <time>2020-08-10T05:30:26.000Z</time>
                <name>Position 41</name>
            </trkpt>
            <trkpt lat="47.7762039" lon="15.848649">
                <ele>809.7</ele>
                <time>2020-08-10T05:30:36.000Z</time>
                <name>Position 42</name>
            </trkpt>
            <trkpt lat="47.7762241" lon="15.8484999">
                <ele>810.4</ele>
                <time>2020-08-10T05:30:44.000Z</time>
                <name>Position 43</name>
            </trkpt>
            <trkpt lat="47.776259" lon="15.8483623">
                <ele>811.5</ele>
                <time>2020-08-10T05:30:53.000Z</time>
                <name>Position 44</name>
            </trkpt>
            <trkpt lat="47.7762618" lon="15.8482186">
                <ele>812.6</ele>
                <time>2020-08-10T05:31:03.000Z</time>
                <name>Position 45</name>
            </trkpt>
            <trkpt lat="47.776227" lon="15.8480881">
                <ele>813.9</ele>
                <time>2020-08-10T05:31:13.000Z</time>
                <name>Position 46</name>
            </trkpt>
            <trkpt lat="47.7761937" lon="15.8479413">
                <ele>815.2</ele>
                <time>2020-08-10T05:31:22.000Z</time>
                <name>Position 47</name>
            </trkpt>
            <trkpt lat="47.7761684" lon="15.8478094">
                <ele>816.4</ele>
                <time>2020-08-10T05:31:33.000Z</time>
                <name>Position 48</name>
            </trkpt>
            <trkpt lat="47.776198" lon="15.8476785">
                <ele>817.8</ele>
                <time>2020-08-10T05:31:43.000Z</time>
                <name>Position 49</name>
            </trkpt>
            <trkpt lat="47.7761833" lon="15.8475291">
                <ele>819.7</ele>
                <time>2020-08-10T05:31:53.000Z</time>
                <name>Position 50</name>
            </trkpt>
            <trkpt lat="47.7761593" lon="15.8473887">
                <ele>821.1</ele>
                <time>2020-08-10T05:32:02.000Z</time>
                <name>Position 51</name>
            </trkpt>
            <trkpt lat="47.7761434" lon="15.8472529">
                <ele>822.6</ele>
                <time>2020-08-10T05:32:13.000Z</time>
                <name>Position 52</name>
            </trkpt>
            <trkpt lat="47.7761436" lon="15.8471058">
                <ele>824.6</ele>
                <time>2020-08-10T05:32:26.000Z</time>
                <name>Position 53</name>
            </trkpt>
            <trkpt lat="47.7760921" lon="15.8469775">
                <ele>825.8</ele>
                <time>2020-08-10T05:32:35.000Z</time>
                <name>Position 54</name>
            </trkpt>
            <trkpt lat="47.7760714" lon="15.8468375">
                <ele>827.5</ele>
                <time>2020-08-10T05:32:48.000Z</time>
                <name>Position 55</name>
            </trkpt>
            <trkpt lat="47.7760892" lon="15.8466969">
                <ele>828.9</ele>
                <time>2020-08-10T05:32:57.000Z</time>
                <name>Position 56</name>
            </trkpt>
            <trkpt lat="47.776112" lon="15.8465582">
                <ele>830.2</ele>
                <time>2020-08-10T05:33:07.000Z</time>
                <name>Position 57</name>
            </trkpt>
            <trkpt lat="47.7761621" lon="15.8464399">
                <ele>831.2</ele>
                <time>2020-08-10T05:33:17.000Z</time>
                <name>Position 58</name>
            </trkpt>
            <trkpt lat="47.7762367" lon="15.8463612">
                <ele>832.7</ele>
                <time>2020-08-10T05:33:29.000Z</time>
                <name>Position 59</name>
            </trkpt>
            <trkpt lat="47.7763167" lon="15.8462848">
                <ele>833.8</ele>
                <time>2020-08-10T05:33:37.000Z</time>
                <name>Position 60</name>
            </trkpt>
            <trkpt lat="47.7763604" lon="15.8461534">
                <ele>835.4</ele>
                <time>2020-08-10T05:33:47.000Z</time>
                <name>Position 61</name>
            </trkpt>
            <trkpt lat="47.7763873" lon="15.8460193">
                <ele>837.0</ele>
                <time>2020-08-10T05:33:59.000Z</time>
                <name>Position 62</name>
            </trkpt>
            <trkpt lat="47.7763694" lon="15.8458798">
                <ele>838.5</ele>
                <time>2020-08-10T05:34:08.000Z</time>
                <name>Position 63</name>
            </trkpt>
            <trkpt lat="47.7763196" lon="15.8457553">
                <ele>840.2</ele>
                <time>2020-08-10T05:34:21.000Z</time>
                <name>Position 64</name>
            </trkpt>
            <trkpt lat="47.7762952" lon="15.8456147">
                <ele>842.0</ele>
                <time>2020-08-10T05:34:33.000Z</time>
                <name>Position 65</name>
            </trkpt>
            <trkpt lat="47.776251" lon="15.8454814">
                <ele>843.4</ele>
                <time>2020-08-10T05:34:42.000Z</time>
                <name>Position 66</name>
            </trkpt>
            <trkpt lat="47.7762384" lon="15.8453474">
                <ele>845.6</ele>
                <time>2020-08-10T05:34:57.000Z</time>
                <name>Position 67</name>
            </trkpt>
            <trkpt lat="47.7761963" lon="15.845226">
                <ele>847.2</ele>
                <time>2020-08-10T05:35:08.000Z</time>
                <name>Position 68</name>
            </trkpt>
            <trkpt lat="47.7761791" lon="15.8450771">
                <ele>848.9</ele>
                <time>2020-08-10T05:35:19.000Z</time>
                <name>Position 69</name>
            </trkpt>
            <trkpt lat="47.7761509" lon="15.8449429">
                <ele>850.1</ele>
                <time>2020-08-10T05:35:29.000Z</time>
                <name>Position 70</name>
            </trkpt>
            <trkpt lat="47.7760988" lon="15.8448325">
                <ele>851.7</ele>
                <time>2020-08-10T05:35:41.000Z</time>
                <name>Position 71</name>
            </trkpt>
            <trkpt lat="47.7760574" lon="15.8447014">
                <ele>852.9</ele>
                <time>2020-08-10T05:35:51.000Z</time>
                <name>Position 72</name>
            </trkpt>
            <trkpt lat="47.776" lon="15.844586">
                <ele>854.5</ele>
                <time>2020-08-10T05:36:04.000Z</time>
                <name>Position 73</name>
            </trkpt>
            <trkpt lat="47.77597" lon="15.8444542">
                <ele>855.5</ele>
                <time>2020-08-10T05:36:13.000Z</time>
                <name>Position 74</name>
            </trkpt>
            <trkpt lat="47.7759992" lon="15.8443149">
                <ele>856.8</ele>
                <time>2020-08-10T05:36:24.000Z</time>
                <name>Position 75</name>
            </trkpt>
            <trkpt lat="47.7759429" lon="15.8442069">
                <ele>857.9</ele>
                <time>2020-08-10T05:36:31.000Z</time>
                <name>Position 76</name>
            </trkpt>
            <trkpt lat="47.7759043" lon="15.8440823">
                <ele>858.9</ele>
                <time>2020-08-10T05:36:38.000Z</time>
                <name>Position 77</name>
            </trkpt>
            <trkpt lat="47.7758625" lon="15.8439577">
                <ele>860.4</ele>
                <time>2020-08-10T05:36:49.000Z</time>
                <name>Position 78</name>
            </trkpt>
            <trkpt lat="47.7758389" lon="15.8438271">
                <ele>861.8</ele>
                <time>2020-08-10T05:36:59.000Z</time>
                <name>Position 79</name>
            </trkpt>
            <trkpt lat="47.7758109" lon="15.8436929">
                <ele>863.5</ele>
                <time>2020-08-10T05:37:10.000Z</time>
                <name>Position 80</name>
            </trkpt>
            <trkpt lat="47.7758129" lon="15.8435588">
                <ele>865.4</ele>
                <time>2020-08-10T05:37:23.000Z</time>
                <name>Position 81</name>
            </trkpt>
            <trkpt lat="47.7757778" lon="15.8434285">
                <ele>867.2</ele>
                <time>2020-08-10T05:37:37.000Z</time>
                <name>Position 82</name>
            </trkpt>
            <trkpt lat="47.7757433" lon="15.8432783">
                <ele>868.1</ele>
                <time>2020-08-10T05:37:45.000Z</time>
                <name>Position 83</name>
            </trkpt>
            <trkpt lat="47.775674" lon="15.8431879">
                <ele>869.3</ele>
                <time>2020-08-10T05:37:53.000Z</time>
                <name>Position 84</name>
            </trkpt>
            <trkpt lat="47.7756202" lon="15.8430698">
                <ele>870.5</ele>
                <time>2020-08-10T05:38:02.000Z</time>
                <name>Position 85</name>
            </trkpt>
            <trkpt lat="47.7755463" lon="15.842987">
                <ele>871.4</ele>
                <time>2020-08-10T05:38:10.000Z</time>
                <name>Position 86</name>
            </trkpt>
            <trkpt lat="47.7754639" lon="15.8429017">
                <ele>872.8</ele>
                <time>2020-08-10T05:38:21.000Z</time>
                <name>Position 87</name>
            </trkpt>
            <trkpt lat="47.7753739" lon="15.8428472">
                <ele>874.2</ele>
                <time>2020-08-10T05:38:28.000Z</time>
                <name>Position 88</name>
            </trkpt>
            <trkpt lat="47.7752957" lon="15.8427674">
                <ele>875.8</ele>
                <time>2020-08-10T05:38:42.000Z</time>
                <name>Position 89</name>
            </trkpt>
            <trkpt lat="47.7752167" lon="15.8426719">
                <ele>877.3</ele>
                <time>2020-08-10T05:38:52.000Z</time>
                <name>Position 90</name>
            </trkpt>
            <trkpt lat="47.775142" lon="15.8425967">
                <ele>879.1</ele>
                <time>2020-08-10T05:39:03.000Z</time>
                <name>Position 91</name>
            </trkpt>
            <trkpt lat="47.7750951" lon="15.8424685">
                <ele>882.4</ele>
                <time>2020-08-10T05:39:22.000Z</time>
                <name>Position 92</name>
            </trkpt>
            <trkpt lat="47.7751098" lon="15.8423363">
                <ele>885.4</ele>
                <time>2020-08-10T05:39:42.000Z</time>
                <name>Position 93</name>
            </trkpt>
            <trkpt lat="47.7751371" lon="15.8421869">
                <ele>886.7</ele>
                <time>2020-08-10T05:39:50.000Z</time>
                <name>Position 94</name>
            </trkpt>
            <trkpt lat="47.775155" lon="15.8420422">
                <ele>888.4</ele>
                <time>2020-08-10T05:40:01.000Z</time>
                <name>Position 95</name>
            </trkpt>
            <trkpt lat="47.7751418" lon="15.8419017">
                <ele>890.9</ele>
                <time>2020-08-10T05:40:12.000Z</time>
                <name>Position 96</name>
            </trkpt>
            <trkpt lat="47.7751488" lon="15.8417673">
                <ele>894.2</ele>
                <time>2020-08-10T05:40:33.000Z</time>
                <name>Position 97</name>
            </trkpt>
            <trkpt lat="47.7751482" lon="15.8416272">
                <ele>895.9</ele>
                <time>2020-08-10T05:40:40.000Z</time>
                <name>Position 98</name>
            </trkpt>
            <trkpt lat="47.775146" lon="15.841479">
                <ele>898.7</ele>
                <time>2020-08-10T05:40:55.000Z</time>
                <name>Position 99</name>
            </trkpt>
            <trkpt lat="47.7751277" lon="15.8413377">
                <ele>904.2</ele>
                <time>2020-08-10T05:41:22.000Z</time>
                <name>Position 100</name>
            </trkpt>
            <trkpt lat="47.7751482" lon="15.8412057">
                <ele>905.3</ele>
                <time>2020-08-10T05:41:27.000Z</time>
                <name>Position 101</name>
            </trkpt>
            <trkpt lat="47.775168" lon="15.8410682">
                <ele>906.5</ele>
                <time>2020-08-10T05:41:34.000Z</time>
                <name>Position 102</name>
            </trkpt>
            <trkpt lat="47.7751798" lon="15.8409318">
                <ele>908.0</ele>
                <time>2020-08-10T05:41:46.000Z</time>
                <name>Position 103</name>
            </trkpt>
            <trkpt lat="47.7752025" lon="15.8407969">
                <ele>910.3</ele>
                <time>2020-08-10T05:41:59.000Z</time>
                <name>Position 104</name>
            </trkpt>
            <trkpt lat="47.7752037" lon="15.840653">
                <ele>912.7</ele>
                <time>2020-08-10T05:42:10.000Z</time>
                <name>Position 105</name>
            </trkpt>
            <trkpt lat="47.775144" lon="15.8405521">
                <ele>914.9</ele>
                <time>2020-08-10T05:42:21.000Z</time>
                <name>Position 106</name>
            </trkpt>
            <trkpt lat="47.7750647" lon="15.8404835">
                <ele>917.9</ele>
                <time>2020-08-10T05:42:39.000Z</time>
                <name>Position 107</name>
            </trkpt>
            <trkpt lat="47.7750106" lon="15.8403713">
                <ele>919.9</ele>
                <time>2020-08-10T05:43:25.000Z</time>
                <name>Position 108</name>
            </trkpt>
            <trkpt lat="47.7750047" lon="15.84023">
                <ele>924.4</ele>
                <time>2020-08-10T05:43:50.000Z</time>
                <name>Position 109</name>
            </trkpt>
            <trkpt lat="47.7749459" lon="15.8401255">
                <ele>927.3</ele>
                <time>2020-08-10T05:44:05.000Z</time>
                <name>Position 110</name>
            </trkpt>
            <trkpt lat="47.7749056" lon="15.8400037">
                <ele>929.5</ele>
                <time>2020-08-10T05:44:17.000Z</time>
                <name>Position 111</name>
            </trkpt>
            <trkpt lat="47.7748451" lon="15.839893">
                <ele>933.6</ele>
                <time>2020-08-10T05:44:42.000Z</time>
                <name>Position 112</name>
            </trkpt>
            <trkpt lat="47.7748219" lon="15.8397617">
                <ele>937.6</ele>
                <time>2020-08-10T05:45:04.000Z</time>
                <name>Position 113</name>
            </trkpt>
            <trkpt lat="47.774759" lon="15.8396545">
                <ele>940.4</ele>
                <time>2020-08-10T05:45:23.000Z</time>
                <name>Position 114</name>
            </trkpt>
            <trkpt lat="47.7747386" lon="15.8395117">
                <ele>945.2</ele>
                <time>2020-08-10T05:45:50.000Z</time>
                <name>Position 115</name>
            </trkpt>
            <trkpt lat="47.7746957" lon="15.8393914">
                <ele>947.7</ele>
                <time>2020-08-10T05:46:01.000Z</time>
                <name>Position 116</name>
            </trkpt>
            <trkpt lat="47.7746694" lon="15.8392633">
                <ele>951.9</ele>
                <time>2020-08-10T05:46:26.000Z</time>
                <name>Position 117</name>
            </trkpt>
            <trkpt lat="47.7746889" lon="15.8391324">
                <ele>954.7</ele>
                <time>2020-08-10T05:46:43.000Z</time>
                <name>Position 118</name>
            </trkpt>
            <trkpt lat="47.7746597" lon="15.8390036">
                <ele>957.9</ele>
                <time>2020-08-10T05:46:59.000Z</time>
                <name>Position 119</name>
            </trkpt>
            <trkpt lat="47.7745648" lon="15.839002">
                <ele>958.8</ele>
                <time>2020-08-10T05:47:09.000Z</time>
                <name>Position 120</name>
            </trkpt>
            <trkpt lat="47.7745907" lon="15.8388713">
                <ele>960.4</ele>
                <time>2020-08-10T05:47:23.000Z</time>
                <name>Position 121</name>
            </trkpt>
            <trkpt lat="47.7746718" lon="15.8388134">
                <ele>961.2</ele>
                <time>2020-08-10T05:47:33.000Z</time>
                <name>Position 122</name>
            </trkpt>
            <trkpt lat="47.7747428" lon="15.8387231">
                <ele>962.6</ele>
                <time>2020-08-10T05:47:43.000Z</time>
                <name>Position 123</name>
            </trkpt>
            <trkpt lat="47.7746818" lon="15.838623">
                <ele>965.7</ele>
                <time>2020-08-10T05:48:00.000Z</time>
                <name>Position 124</name>
            </trkpt>
            <trkpt lat="47.774587" lon="15.8385822">
                <ele>967.8</ele>
                <time>2020-08-10T05:48:12.000Z</time>
                <name>Position 125</name>
            </trkpt>
            <trkpt lat="47.7744877" lon="15.838595">
                <ele>969.2</ele>
                <time>2020-08-10T05:48:22.000Z</time>
                <name>Position 126</name>
            </trkpt>
            <trkpt lat="47.7744169" lon="15.838511">
                <ele>972.0</ele>
                <time>2020-08-10T05:48:35.000Z</time>
                <name>Position 127</name>
            </trkpt>
            <trkpt lat="47.7744073" lon="15.8383621">
                <ele>976.1</ele>
                <time>2020-08-10T05:48:55.000Z</time>
                <name>Position 128</name>
            </trkpt>
            <trkpt lat="47.7743466" lon="15.8382627">
                <ele>979.3</ele>
                <time>2020-08-10T05:49:09.000Z</time>
                <name>Position 129</name>
            </trkpt>
            <trkpt lat="47.7742955" lon="15.8381444">
                <ele>983.1</ele>
                <time>2020-08-10T05:49:28.000Z</time>
                <name>Position 130</name>
            </trkpt>
            <trkpt lat="47.7742406" lon="15.8380376">
                <ele>986.7</ele>
                <time>2020-08-10T05:49:46.000Z</time>
                <name>Position 131</name>
            </trkpt>
            <trkpt lat="47.7742049" lon="15.8379148">
                <ele>990.9</ele>
                <time>2020-08-10T05:50:10.000Z</time>
                <name>Position 132</name>
            </trkpt>
            <trkpt lat="47.7741429" lon="15.8378127">
                <ele>994.5</ele>
                <time>2020-08-10T05:50:30.000Z</time>
                <name>Position 133</name>
            </trkpt>
            <trkpt lat="47.7740958" lon="15.837698">
                <ele>998.2</ele>
                <time>2020-08-10T05:50:51.000Z</time>
                <name>Position 134</name>
            </trkpt>
            <trkpt lat="47.7740863" lon="15.8375606">
                <ele>1002.6</ele>
                <time>2020-08-10T05:51:13.000Z</time>
                <name>Position 135</name>
            </trkpt>
            <trkpt lat="47.7740512" lon="15.8374327">
                <ele>1006.4</ele>
                <time>2020-08-10T05:51:34.000Z</time>
                <name>Position 136</name>
            </trkpt>
            <trkpt lat="47.7739631" lon="15.8373808">
                <ele>1010.0</ele>
                <time>2020-08-10T05:51:53.000Z</time>
                <name>Position 137</name>
            </trkpt>
            <trkpt lat="47.7739605" lon="15.8372408">
                <ele>1013.0</ele>
                <time>2020-08-10T05:52:12.000Z</time>
                <name>Position 138</name>
            </trkpt>
            <trkpt lat="47.7739722" lon="15.8371052">
                <ele>1014.7</ele>
                <time>2020-08-10T05:52:25.000Z</time>
                <name>Position 139</name>
            </trkpt>
            <trkpt lat="47.7739712" lon="15.8369612">
                <ele>1017.4</ele>
                <time>2020-08-10T05:52:39.000Z</time>
                <name>Position 140</name>
            </trkpt>
            <trkpt lat="47.7739332" lon="15.8368286">
                <ele>1019.4</ele>
                <time>2020-08-10T05:52:51.000Z</time>
                <name>Position 141</name>
            </trkpt>
            <trkpt lat="47.7739064" lon="15.8366948">
                <ele>1021.9</ele>
                <time>2020-08-10T05:53:05.000Z</time>
                <name>Position 142</name>
            </trkpt>
            <trkpt lat="47.7738164" lon="15.8366774">
                <ele>1025.2</ele>
                <time>2020-08-10T05:53:26.000Z</time>
                <name>Position 143</name>
            </trkpt>
            <trkpt lat="47.7737412" lon="15.8365926">
                <ele>1030.4</ele>
                <time>2020-08-10T05:54:04.000Z</time>
                <name>Position 144</name>
            </trkpt>
            <trkpt lat="47.7736459" lon="15.8365847">
                <ele>1033.2</ele>
                <time>2020-08-10T05:54:20.000Z</time>
                <name>Position 145</name>
            </trkpt>
            <trkpt lat="47.7735624" lon="15.836529">
                <ele>1037.8</ele>
                <time>2020-08-10T05:54:39.000Z</time>
                <name>Position 146</name>
            </trkpt>
            <trkpt lat="47.7734866" lon="15.8364531">
                <ele>1041.0</ele>
                <time>2020-08-10T05:54:57.000Z</time>
                <name>Position 147</name>
            </trkpt>
            <trkpt lat="47.7734027" lon="15.8364033">
                <ele>1044.1</ele>
                <time>2020-08-10T05:55:17.000Z</time>
                <name>Position 148</name>
            </trkpt>
            <trkpt lat="47.773315" lon="15.8363692">
                <ele>1048.1</ele>
                <time>2020-08-10T05:55:39.000Z</time>
                <name>Position 149</name>
            </trkpt>
            <trkpt lat="47.7732251" lon="15.8363538">
                <ele>1052.2</ele>
                <time>2020-08-10T05:55:59.000Z</time>
                <name>Position 150</name>
            </trkpt>
            <trkpt lat="47.7731368" lon="15.8363119">
                <ele>1055.5</ele>
                <time>2020-08-10T05:56:23.000Z</time>
                <name>Position 151</name>
            </trkpt>
            <trkpt lat="47.773064" lon="15.8362328">
                <ele>1059.2</ele>
                <time>2020-08-10T05:56:41.000Z</time>
                <name>Position 152</name>
            </trkpt>
            <trkpt lat="47.7729769" lon="15.8362907">
                <ele>1063.5</ele>
                <time>2020-08-10T05:57:02.000Z</time>
                <name>Position 153</name>
            </trkpt>
            <trkpt lat="47.7728901" lon="15.8362383">
                <ele>1068.6</ele>
                <time>2020-08-10T05:57:24.000Z</time>
                <name>Position 154</name>
            </trkpt>
            <trkpt lat="47.7728338" lon="15.8361285">
                <ele>1070.9</ele>
                <time>2020-08-10T05:57:41.000Z</time>
                <name>Position 155</name>
            </trkpt>
            <trkpt lat="47.7727432" lon="15.8361109">
                <ele>1074.9</ele>
                <time>2020-08-10T05:58:02.000Z</time>
                <name>Position 156</name>
            </trkpt>
            <trkpt lat="47.7726637" lon="15.8360409">
                <ele>1079.0</ele>
                <time>2020-08-10T05:58:23.000Z</time>
                <name>Position 157</name>
            </trkpt>
            <trkpt lat="47.7725705" lon="15.8360425">
                <ele>1083.4</ele>
                <time>2020-08-10T05:58:47.000Z</time>
                <name>Position 158</name>
            </trkpt>
            <trkpt lat="47.7725135" lon="15.8359305">
                <ele>1086.7</ele>
                <time>2020-08-10T05:59:10.000Z</time>
                <name>Position 159</name>
            </trkpt>
            <trkpt lat="47.7724283" lon="15.835884">
                <ele>1091.6</ele>
                <time>2020-08-10T05:59:36.000Z</time>
                <name>Position 160</name>
            </trkpt>
            <trkpt lat="47.7723411" lon="15.835842">
                <ele>1096.7</ele>
                <time>2020-08-10T06:00:07.000Z</time>
                <name>Position 161</name>
            </trkpt>
            <trkpt lat="47.7722503" lon="15.8358338">
                <ele>1100.7</ele>
                <time>2020-08-10T06:00:26.000Z</time>
                <name>Position 162</name>
            </trkpt>
            <trkpt lat="47.7721673" lon="15.8357809">
                <ele>1105.7</ele>
                <time>2020-08-10T06:00:57.000Z</time>
                <name>Position 163</name>
            </trkpt>
            <trkpt lat="47.7721027" lon="15.8356824">
                <ele>1111.4</ele>
                <time>2020-08-10T06:01:28.000Z</time>
                <name>Position 164</name>
            </trkpt>
            <trkpt lat="47.7720153" lon="15.8356492">
                <ele>1116.2</ele>
                <time>2020-08-10T06:01:59.000Z</time>
                <name>Position 165</name>
            </trkpt>
            <trkpt lat="47.771924" lon="15.8356011">
                <ele>1121.2</ele>
                <time>2020-08-10T06:02:28.000Z</time>
                <name>Position 166</name>
            </trkpt>
            <trkpt lat="47.7718376" lon="15.8355502">
                <ele>1125.8</ele>
                <time>2020-08-10T06:03:00.000Z</time>
                <name>Position 167</name>
            </trkpt>
            <trkpt lat="47.7717654" lon="15.8354678">
                <ele>1129.7</ele>
                <time>2020-08-10T06:03:26.000Z</time>
                <name>Position 168</name>
            </trkpt>
            <trkpt lat="47.7716789" lon="15.835424">
                <ele>1133.7</ele>
                <time>2020-08-10T06:03:50.000Z</time>
                <name>Position 169</name>
            </trkpt>
            <trkpt lat="47.7715852" lon="15.8354146">
                <ele>1138.9</ele>
                <time>2020-08-10T06:04:22.000Z</time>
                <name>Position 170</name>
            </trkpt>
            <trkpt lat="47.7714945" lon="15.835451">
                <ele>1143.4</ele>
                <time>2020-08-10T06:04:48.000Z</time>
                <name>Position 171</name>
            </trkpt>
            <trkpt lat="47.7714031" lon="15.8354433">
                <ele>1148.8</ele>
                <time>2020-08-10T06:05:17.000Z</time>
                <name>Position 172</name>
            </trkpt>
            <trkpt lat="47.7713158" lon="15.835405">
                <ele>1153.8</ele>
                <time>2020-08-10T06:05:43.000Z</time>
                <name>Position 173</name>
            </trkpt>
            <trkpt lat="47.7712255" lon="15.8353582">
                <ele>1158.2</ele>
                <time>2020-08-10T06:06:07.000Z</time>
                <name>Position 174</name>
            </trkpt>
            <trkpt lat="47.7711212" lon="15.8353763">
                <ele>1164.2</ele>
                <time>2020-08-10T06:06:41.000Z</time>
                <name>Position 175</name>
            </trkpt>
            <trkpt lat="47.77106" lon="15.835266">
                <ele>1168.6</ele>
                <time>2020-08-10T06:07:10.000Z</time>
                <name>Position 176</name>
            </trkpt>
            <trkpt lat="47.7709686" lon="15.8352907">
                <ele>1171.4</ele>
                <time>2020-08-10T06:07:32.000Z</time>
                <name>Position 177</name>
            </trkpt>
            <trkpt lat="47.7708795" lon="15.835234">
                <ele>1178.2</ele>
                <time>2020-08-10T06:08:15.000Z</time>
                <name>Position 178</name>
            </trkpt>
            <trkpt lat="47.7707883" lon="15.835212">
                <ele>1181.3</ele>
                <time>2020-08-10T06:08:34.000Z</time>
                <name>Position 179</name>
            </trkpt>
            <trkpt lat="47.7706988" lon="15.8352364">
                <ele>1187.9</ele>
                <time>2020-08-10T06:10:42.000Z</time>
                <name>Position 180</name>
            </trkpt>
            <trkpt lat="47.7706072" lon="15.8352026">
                <ele>1195.4</ele>
                <time>2020-08-10T06:11:23.000Z</time>
                <name>Position 181</name>
            </trkpt>
            <trkpt lat="47.7705171" lon="15.8351946">
                <ele>1201.1</ele>
                <time>2020-08-10T06:11:52.000Z</time>
                <name>Position 182</name>
            </trkpt>
            <trkpt lat="47.7704419" lon="15.8351102">
                <ele>1204.4</ele>
                <time>2020-08-10T06:12:21.000Z</time>
                <name>Position 183</name>
            </trkpt>
            <trkpt lat="47.7703713" lon="15.8350214">
                <ele>1210.8</ele>
                <time>2020-08-10T06:12:51.000Z</time>
                <name>Position 184</name>
            </trkpt>
            <trkpt lat="47.7702826" lon="15.8349894">
                <ele>1215.6</ele>
                <time>2020-08-10T06:13:23.000Z</time>
                <name>Position 185</name>
            </trkpt>
            <trkpt lat="47.7702094" lon="15.834907">
                <ele>1220.9</ele>
                <time>2020-08-10T06:13:57.000Z</time>
                <name>Position 186</name>
            </trkpt>
            <trkpt lat="47.77015" lon="15.8347978">
                <ele>1224.8</ele>
                <time>2020-08-10T06:14:26.000Z</time>
                <name>Position 187</name>
            </trkpt>
            <trkpt lat="47.7701393" lon="15.8346644">
                <ele>1230.9</ele>
                <time>2020-08-10T06:14:50.000Z</time>
                <name>Position 188</name>
            </trkpt>
            <trkpt lat="47.770048" lon="15.8346493">
                <ele>1235.5</ele>
                <time>2020-08-10T06:15:20.000Z</time>
                <name>Position 189</name>
            </trkpt>
            <trkpt lat="47.7699602" lon="15.8346157">
                <ele>1241.5</ele>
                <time>2020-08-10T06:15:49.000Z</time>
                <name>Position 190</name>
            </trkpt>
            <trkpt lat="47.7698811" lon="15.8345444">
                <ele>1248.1</ele>
                <time>2020-08-10T06:16:20.000Z</time>
                <name>Position 191</name>
            </trkpt>
            <trkpt lat="47.7698544" lon="15.8344166">
                <ele>1251.3</ele>
                <time>2020-08-10T06:16:34.000Z</time>
                <name>Position 192</name>
            </trkpt>
            <trkpt lat="47.7698418" lon="15.8342828">
                <ele>1255.6</ele>
                <time>2020-08-10T06:16:56.000Z</time>
                <name>Position 193</name>
            </trkpt>
            <trkpt lat="47.7697526" lon="15.834262">
                <ele>1260.4</ele>
                <time>2020-08-10T06:17:23.000Z</time>
                <name>Position 194</name>
            </trkpt>
            <trkpt lat="47.769673" lon="15.8341854">
                <ele>1265.9</ele>
                <time>2020-08-10T06:17:53.000Z</time>
                <name>Position 195</name>
            </trkpt>
            <trkpt lat="47.7696067" lon="15.8340938">
                <ele>1269.7</ele>
                <time>2020-08-10T06:18:14.000Z</time>
                <name>Position 196</name>
            </trkpt>
            <trkpt lat="47.7695432" lon="15.833989">
                <ele>1276.4</ele>
                <time>2020-08-10T06:18:48.000Z</time>
                <name>Position 197</name>
            </trkpt>
            <trkpt lat="47.7694701" lon="15.833906">
                <ele>1280.7</ele>
                <time>2020-08-10T06:19:10.000Z</time>
                <name>Position 198</name>
            </trkpt>
            <trkpt lat="47.7693846" lon="15.8338599">
                <ele>1284.6</ele>
                <time>2020-08-10T06:19:33.000Z</time>
                <name>Position 199</name>
            </trkpt>
            <trkpt lat="47.7693599" lon="15.8337287">
                <ele>1288.6</ele>
                <time>2020-08-10T06:19:55.000Z</time>
                <name>Position 200</name>
            </trkpt>
            <trkpt lat="47.7692703" lon="15.8337071">
                <ele>1292.5</ele>
                <time>2020-08-10T06:20:19.000Z</time>
                <name>Position 201</name>
            </trkpt>
            <trkpt lat="47.7691773" lon="15.8336824">
                <ele>1298.0</ele>
                <time>2020-08-10T06:20:45.000Z</time>
                <name>Position 202</name>
            </trkpt>
            <trkpt lat="47.7691092" lon="15.8335898">
                <ele>1303.0</ele>
                <time>2020-08-10T06:21:15.000Z</time>
                <name>Position 203</name>
            </trkpt>
            <trkpt lat="47.7690298" lon="15.8335254">
                <ele>1308.3</ele>
                <time>2020-08-10T06:22:11.000Z</time>
                <name>Position 204</name>
            </trkpt>
            <trkpt lat="47.7689587" lon="15.8334252">
                <ele>1313.2</ele>
                <time>2020-08-10T06:22:51.000Z</time>
                <name>Position 205</name>
            </trkpt>
            <trkpt lat="47.7690399" lon="15.8333559">
                <ele>1314.0</ele>
                <time>2020-08-10T06:24:28.000Z</time>
                <name>Position 206</name>
            </trkpt>
            <trkpt lat="47.7691243" lon="15.8332853">
                <ele>1318.0</ele>
                <time>2020-08-10T06:24:49.000Z</time>
                <name>Position 207</name>
            </trkpt>
            <trkpt lat="47.7692194" lon="15.833247">
                <ele>1318.5</ele>
                <time>2020-08-10T06:25:04.000Z</time>
                <name>Position 208</name>
            </trkpt>
            <trkpt lat="47.7693184" lon="15.8332533">
                <ele>1315.3</ele>
                <time>2020-08-10T06:25:20.000Z</time>
                <name>Position 209</name>
            </trkpt>
            <trkpt lat="47.7694147" lon="15.8332844">
                <ele>1314.3</ele>
                <time>2020-08-10T06:25:29.000Z</time>
                <name>Position 210</name>
            </trkpt>
            <trkpt lat="47.7695066" lon="15.833302">
                <ele>1314.7</ele>
                <time>2020-08-10T06:25:38.000Z</time>
                <name>Position 211</name>
            </trkpt>
            <trkpt lat="47.7695982" lon="15.8332724">
                <ele>1315.5</ele>
                <time>2020-08-10T06:25:47.000Z</time>
                <name>Position 212</name>
            </trkpt>
            <trkpt lat="47.7696876" lon="15.833252">
                <ele>1317.2</ele>
                <time>2020-08-10T06:25:58.000Z</time>
                <name>Position 213</name>
            </trkpt>
            <trkpt lat="47.7697784" lon="15.8331964">
                <ele>1319.4</ele>
                <time>2020-08-10T06:26:14.000Z</time>
                <name>Position 214</name>
            </trkpt>
            <trkpt lat="47.7698653" lon="15.8331502">
                <ele>1319.5</ele>
                <time>2020-08-10T06:26:29.000Z</time>
                <name>Position 215</name>
            </trkpt>
            <trkpt lat="47.7699571" lon="15.8331969">
                <ele>1318.0</ele>
                <time>2020-08-10T06:26:45.000Z</time>
                <name>Position 216</name>
            </trkpt>
            <trkpt lat="47.7700549" lon="15.8331857">
                <ele>1318.9</ele>
                <time>2020-08-10T06:26:52.000Z</time>
                <name>Position 217</name>
            </trkpt>
            <trkpt lat="47.7701457" lon="15.8331522">
                <ele>1321.5</ele>
                <time>2020-08-10T06:27:12.000Z</time>
                <name>Position 218</name>
            </trkpt>
            <trkpt lat="47.7702448" lon="15.8330915">
                <ele>1320.3</ele>
                <time>2020-08-10T06:27:18.000Z</time>
                <name>Position 219</name>
            </trkpt>
            <trkpt lat="47.7703402" lon="15.8330996">
                <ele>1316.1</ele>
                <time>2020-08-10T06:27:26.000Z</time>
                <name>Position 220</name>
            </trkpt>
            <trkpt lat="47.7704425" lon="15.8331096">
                <ele>1318.2</ele>
                <time>2020-08-10T06:27:38.000Z</time>
                <name>Position 221</name>
            </trkpt>
            <trkpt lat="47.7705409" lon="15.8331076">
                <ele>1319.0</ele>
                <time>2020-08-10T06:27:44.000Z</time>
                <name>Position 222</name>
            </trkpt>
            <trkpt lat="47.7706332" lon="15.8330798">
                <ele>1321.3</ele>
                <time>2020-08-10T06:27:52.000Z</time>
                <name>Position 223</name>
            </trkpt>
            <trkpt lat="47.7706803" lon="15.8329633">
                <ele>1325.6</ele>
                <time>2020-08-10T06:28:12.000Z</time>
                <name>Position 224</name>
            </trkpt>
            <trkpt lat="47.7707022" lon="15.8328327">
                <ele>1327.5</ele>
                <time>2020-08-10T06:28:23.000Z</time>
                <name>Position 225</name>
            </trkpt>
            <trkpt lat="47.77064" lon="15.8327252">
                <ele>1335.1</ele>
                <time>2020-08-10T06:29:04.000Z</time>
                <name>Position 226</name>
            </trkpt>
            <trkpt lat="47.77064" lon="15.83259">
                <ele>1335.4</ele>
                <time>2020-08-10T06:29:29.000Z</time>
                <name>Position 227</name>
            </trkpt>
            <trkpt lat="47.7707159" lon="15.8325103">
                <ele>1338.1</ele>
                <time>2020-08-10T06:30:32.000Z</time>
                <name>Position 228</name>
            </trkpt>
            <trkpt lat="47.7707963" lon="15.8324402">
                <ele>1338.1</ele>
                <time>2020-08-10T06:30:44.000Z</time>
                <name>Position 229</name>
            </trkpt>
            <trkpt lat="47.7708716" lon="15.8323566">
                <ele>1339.5</ele>
                <time>2020-08-10T06:30:57.000Z</time>
                <name>Position 230</name>
            </trkpt>
            <trkpt lat="47.7709245" lon="15.8322483">
                <ele>1340.0</ele>
                <time>2020-08-10T06:31:12.000Z</time>
                <name>Position 231</name>
            </trkpt>
            <trkpt lat="47.7709936" lon="15.8321479">
                <ele>1340.5</ele>
                <time>2020-08-10T06:31:18.000Z</time>
                <name>Position 232</name>
            </trkpt>
            <trkpt lat="47.7710751" lon="15.8320881">
                <ele>1341.2</ele>
                <time>2020-08-10T06:31:30.000Z</time>
                <name>Position 233</name>
            </trkpt>
            <trkpt lat="47.7711622" lon="15.8320384">
                <ele>1340.2</ele>
                <time>2020-08-10T06:31:40.000Z</time>
                <name>Position 234</name>
            </trkpt>
            <trkpt lat="47.7712537" lon="15.8319873">
                <ele>1339.8</ele>
                <time>2020-08-10T06:31:48.000Z</time>
                <name>Position 235</name>
            </trkpt>
            <trkpt lat="47.77132" lon="15.831885">
                <ele>1341.1</ele>
                <time>2020-08-10T06:31:56.000Z</time>
                <name>Position 236</name>
            </trkpt>
            <trkpt lat="47.7713978" lon="15.8317981">
                <ele>1341.6</ele>
                <time>2020-08-10T06:32:06.000Z</time>
                <name>Position 237</name>
            </trkpt>
            <trkpt lat="47.7714699" lon="15.8316846">
                <ele>1343.3</ele>
                <time>2020-08-10T06:32:18.000Z</time>
                <name>Position 238</name>
            </trkpt>
            <trkpt lat="47.7715298" lon="15.8315827">
                <ele>1342.9</ele>
                <time>2020-08-10T06:32:37.000Z</time>
                <name>Position 239</name>
            </trkpt>
            <trkpt lat="47.7716131" lon="15.8315244">
                <ele>1343.5</ele>
                <time>2020-08-10T06:32:52.000Z</time>
                <name>Position 240</name>
            </trkpt>
            <trkpt lat="47.7716385" lon="15.831391">
                <ele>1347.5</ele>
                <time>2020-08-10T06:33:17.000Z</time>
                <name>Position 241</name>
            </trkpt>
            <trkpt lat="47.7716733" lon="15.8312656">
                <ele>1349.0</ele>
                <time>2020-08-10T06:33:32.000Z</time>
                <name>Position 242</name>
            </trkpt>
            <trkpt lat="47.7717205" lon="15.831147">
                <ele>1350.4</ele>
                <time>2020-08-10T06:33:39.000Z</time>
                <name>Position 243</name>
            </trkpt>
            <trkpt lat="47.7717271" lon="15.8310135">
                <ele>1351.6</ele>
                <time>2020-08-10T06:33:51.000Z</time>
                <name>Position 244</name>
            </trkpt>
            <trkpt lat="47.7717129" lon="15.8308791">
                <ele>1354.6</ele>
                <time>2020-08-10T06:34:25.000Z</time>
                <name>Position 245</name>
            </trkpt>
            <trkpt lat="47.7716349" lon="15.8307917">
                <ele>1351.5</ele>
                <time>2020-08-10T06:35:47.000Z</time>
                <name>Position 246</name>
            </trkpt>
            <trkpt lat="47.7715968" lon="15.8306623">
                <ele>1350.3</ele>
                <time>2020-08-10T06:35:55.000Z</time>
                <name>Position 247</name>
            </trkpt>
            <trkpt lat="47.7715455" lon="15.8305489">
                <ele>1349.9</ele>
                <time>2020-08-10T06:36:09.000Z</time>
                <name>Position 248</name>
            </trkpt>
            <trkpt lat="47.7714708" lon="15.8304575">
                <ele>1349.3</ele>
                <time>2020-08-10T06:36:19.000Z</time>
                <name>Position 249</name>
            </trkpt>
            <trkpt lat="47.7714263" lon="15.8303166">
                <ele>1350.1</ele>
                <time>2020-08-10T06:36:27.000Z</time>
                <name>Position 250</name>
            </trkpt>
            <trkpt lat="47.7714087" lon="15.8301845">
                <ele>1350.6</ele>
                <time>2020-08-10T06:36:34.000Z</time>
                <name>Position 251</name>
            </trkpt>
            <trkpt lat="47.7713767" lon="15.8300502">
                <ele>1351.7</ele>
                <time>2020-08-10T06:36:42.000Z</time>
                <name>Position 252</name>
            </trkpt>
            <trkpt lat="47.7713927" lon="15.8299104">
                <ele>1349.6</ele>
                <time>2020-08-10T06:36:49.000Z</time>
                <name>Position 253</name>
            </trkpt>
            <trkpt lat="47.7713946" lon="15.8297633">
                <ele>1348.7</ele>
                <time>2020-08-10T06:36:58.000Z</time>
                <name>Position 254</name>
            </trkpt>
            <trkpt lat="47.7713848" lon="15.8296236">
                <ele>1349.8</ele>
                <time>2020-08-10T06:37:06.000Z</time>
                <name>Position 255</name>
            </trkpt>
            <trkpt lat="47.7713785" lon="15.829483">
                <ele>1347.2</ele>
                <time>2020-08-10T06:37:19.000Z</time>
                <name>Position 256</name>
            </trkpt>
            <trkpt lat="47.7714024" lon="15.8293495">
                <ele>1344.7</ele>
                <time>2020-08-10T06:37:27.000Z</time>
                <name>Position 257</name>
            </trkpt>
            <trkpt lat="47.7714172" lon="15.8292092">
                <ele>1344.2</ele>
                <time>2020-08-10T06:37:34.000Z</time>
                <name>Position 258</name>
            </trkpt>
            <trkpt lat="47.7714067" lon="15.8290667">
                <ele>1343.0</ele>
                <time>2020-08-10T06:37:44.000Z</time>
                <name>Position 259</name>
            </trkpt>
            <trkpt lat="47.7714248" lon="15.8289194">
                <ele>1339.6</ele>
                <time>2020-08-10T06:37:58.000Z</time>
                <name>Position 260</name>
            </trkpt>
            <trkpt lat="47.7714005" lon="15.8287883">
                <ele>1338.9</ele>
                <time>2020-08-10T06:38:06.000Z</time>
                <name>Position 261</name>
            </trkpt>
            <trkpt lat="47.7713663" lon="15.8286384">
                <ele>1334.6</ele>
                <time>2020-08-10T06:38:24.000Z</time>
                <name>Position 262</name>
            </trkpt>
            <trkpt lat="47.7713395" lon="15.8285096">
                <ele>1332.4</ele>
                <time>2020-08-10T06:38:33.000Z</time>
                <name>Position 263</name>
            </trkpt>
            <trkpt lat="47.771308" lon="15.8283829">
                <ele>1329.0</ele>
                <time>2020-08-10T06:38:53.000Z</time>
                <name>Position 264</name>
            </trkpt>
            <trkpt lat="47.7713047" lon="15.8282328">
                <ele>1324.7</ele>
                <time>2020-08-10T06:39:07.000Z</time>
                <name>Position 265</name>
            </trkpt>
            <trkpt lat="47.7713475" lon="15.8280965">
                <ele>1321.0</ele>
                <time>2020-08-10T06:39:32.000Z</time>
                <name>Position 266</name>
            </trkpt>
            <trkpt lat="47.7713088" lon="15.8279756">
                <ele>1320.8</ele>
                <time>2020-08-10T06:39:40.000Z</time>
                <name>Position 267</name>
            </trkpt>
            <trkpt lat="47.7713169" lon="15.8278292">
                <ele>1316.8</ele>
                <time>2020-08-10T06:39:53.000Z</time>
                <name>Position 268</name>
            </trkpt>
            <trkpt lat="47.7713545" lon="15.8277064">
                <ele>1315.9</ele>
                <time>2020-08-10T06:40:04.000Z</time>
                <name>Position 269</name>
            </trkpt>
            <trkpt lat="47.7713143" lon="15.8275696">
                <ele>1320.4</ele>
                <time>2020-08-10T06:40:28.000Z</time>
                <name>Position 270</name>
            </trkpt>
            <trkpt lat="47.7712771" lon="15.8274366">
                <ele>1322.9</ele>
                <time>2020-08-10T06:40:46.000Z</time>
                <name>Position 271</name>
            </trkpt>
            <trkpt lat="47.7712439" lon="15.8273036">
                <ele>1325.0</ele>
                <time>2020-08-10T06:41:03.000Z</time>
                <name>Position 272</name>
            </trkpt>
            <trkpt lat="47.7712064" lon="15.8271817">
                <ele>1325.5</ele>
                <time>2020-08-10T06:41:32.000Z</time>
                <name>Position 273</name>
            </trkpt>
            <trkpt lat="47.7711808" lon="15.8270478">
                <ele>1325.8</ele>
                <time>2020-08-10T06:41:43.000Z</time>
                <name>Position 274</name>
            </trkpt>
            <trkpt lat="47.7711451" lon="15.8269232">
                <ele>1327.9</ele>
                <time>2020-08-10T06:42:01.000Z</time>
                <name>Position 275</name>
            </trkpt>
            <trkpt lat="47.7711564" lon="15.8267812">
                <ele>1328.2</ele>
                <time>2020-08-10T06:42:09.000Z</time>
                <name>Position 276</name>
            </trkpt>
            <trkpt lat="47.7711587" lon="15.8266461">
                <ele>1330.1</ele>
                <time>2020-08-10T06:42:21.000Z</time>
                <name>Position 277</name>
            </trkpt>
            <trkpt lat="47.7710932" lon="15.8265471">
                <ele>1333.3</ele>
                <time>2020-08-10T06:42:38.000Z</time>
                <name>Position 278</name>
            </trkpt>
            <trkpt lat="47.771046" lon="15.8264283">
                <ele>1337.2</ele>
                <time>2020-08-10T06:42:59.000Z</time>
                <name>Position 279</name>
            </trkpt>
            <trkpt lat="47.7710142" lon="15.8262998">
                <ele>1340.3</ele>
                <time>2020-08-10T06:43:16.000Z</time>
                <name>Position 280</name>
            </trkpt>
            <trkpt lat="47.7709551" lon="15.8261913">
                <ele>1344.8</ele>
                <time>2020-08-10T06:43:49.000Z</time>
                <name>Position 281</name>
            </trkpt>
            <trkpt lat="47.7709569" lon="15.8260515">
                <ele>1347.5</ele>
                <time>2020-08-10T06:44:08.000Z</time>
                <name>Position 282</name>
            </trkpt>
            <trkpt lat="47.7708742" lon="15.8259963">
                <ele>1352.9</ele>
                <time>2020-08-10T06:44:38.000Z</time>
                <name>Position 283</name>
            </trkpt>
            <trkpt lat="47.770808" lon="15.8259032">
                <ele>1358.0</ele>
                <time>2020-08-10T06:45:19.000Z</time>
                <name>Position 284</name>
            </trkpt>
            <trkpt lat="47.7707747" lon="15.8257721">
                <ele>1360.7</ele>
                <time>2020-08-10T06:46:02.000Z</time>
                <name>Position 285</name>
            </trkpt>
            <trkpt lat="47.7706851" lon="15.8257288">
                <ele>1364.5</ele>
                <time>2020-08-10T06:46:28.000Z</time>
                <name>Position 286</name>
            </trkpt>
            <trkpt lat="47.7705914" lon="15.8256909">
                <ele>1368.3</ele>
                <time>2020-08-10T06:46:49.000Z</time>
                <name>Position 287</name>
            </trkpt>
            <trkpt lat="47.7705292" lon="15.8255841">
                <ele>1372.7</ele>
                <time>2020-08-10T06:47:06.000Z</time>
                <name>Position 288</name>
            </trkpt>
            <trkpt lat="47.7704471" lon="15.8255159">
                <ele>1377.6</ele>
                <time>2020-08-10T06:47:30.000Z</time>
                <name>Position 289</name>
            </trkpt>
            <trkpt lat="47.7703593" lon="15.8254529">
                <ele>1381.7</ele>
                <time>2020-08-10T06:47:57.000Z</time>
                <name>Position 290</name>
            </trkpt>
            <trkpt lat="47.7702713" lon="15.8253972">
                <ele>1387.6</ele>
                <time>2020-08-10T06:48:22.000Z</time>
                <name>Position 291</name>
            </trkpt>
            <trkpt lat="47.7701785" lon="15.8253806">
                <ele>1391.8</ele>
                <time>2020-08-10T06:48:50.000Z</time>
                <name>Position 292</name>
            </trkpt>
            <trkpt lat="47.7700936" lon="15.8254266">
                <ele>1394.5</ele>
                <time>2020-08-10T06:49:03.000Z</time>
                <name>Position 293</name>
            </trkpt>
            <trkpt lat="47.7700032" lon="15.8254406">
                <ele>1398.4</ele>
                <time>2020-08-10T06:49:24.000Z</time>
                <name>Position 294</name>
            </trkpt>
            <trkpt lat="47.7699124" lon="15.8253973">
                <ele>1401.7</ele>
                <time>2020-08-10T06:49:39.000Z</time>
                <name>Position 295</name>
            </trkpt>
            <trkpt lat="47.7698247" lon="15.8253591">
                <ele>1409.2</ele>
                <time>2020-08-10T06:50:20.000Z</time>
                <name>Position 296</name>
            </trkpt>
            <trkpt lat="47.769764" lon="15.8254597">
                <ele>1413.5</ele>
                <time>2020-08-10T06:50:40.000Z</time>
                <name>Position 297</name>
            </trkpt>
            <trkpt lat="47.7697553" lon="15.8256082">
                <ele>1413.5</ele>
                <time>2020-08-10T06:50:57.000Z</time>
                <name>Position 298</name>
            </trkpt>
            <trkpt lat="47.769671" lon="15.8256689">
                <ele>1416.6</ele>
                <time>2020-08-10T06:51:14.000Z</time>
                <name>Position 299</name>
            </trkpt>
            <trkpt lat="47.7697386" lon="15.8257692">
                <ele>1418.7</ele>
                <time>2020-08-10T06:51:40.000Z</time>
                <name>Position 300</name>
            </trkpt>
            <trkpt lat="47.769744" lon="15.8259144">
                <ele>1419.7</ele>
                <time>2020-08-10T06:51:53.000Z</time>
                <name>Position 301</name>
            </trkpt>
            <trkpt lat="47.7697974" lon="15.8260258">
                <ele>1417.4</ele>
                <time>2020-08-10T06:52:42.000Z</time>
                <name>Position 302</name>
            </trkpt>
            <trkpt lat="47.7698287" lon="15.8261517">
                <ele>1417.5</ele>
                <time>2020-08-10T06:52:53.000Z</time>
                <name>Position 303</name>
            </trkpt>
            <trkpt lat="47.7698262" lon="15.8262877">
                <ele>1416.2</ele>
                <time>2020-08-10T06:53:24.000Z</time>
                <name>Position 304</name>
            </trkpt>
            <trkpt lat="47.7698025" lon="15.8264289">
                <ele>1420.9</ele>
                <time>2020-08-10T06:55:34.000Z</time>
                <name>Position 305</name>
            </trkpt>
            <trkpt lat="47.769737" lon="15.8265255">
                <ele>1420.7</ele>
                <time>2020-08-10T06:56:00.000Z</time>
                <name>Position 306</name>
            </trkpt>
            <trkpt lat="47.7697433" lon="15.8263908">
                <ele>1421.1</ele>
                <time>2020-08-10T06:57:07.000Z</time>
                <name>Position 307</name>
            </trkpt>
            <trkpt lat="47.7698013" lon="15.8264953">
                <ele>1422.0</ele>
                <time>2020-08-10T06:59:28.000Z</time>
                <name>Position 308</name>
            </trkpt>
            <trkpt lat="47.7697097" lon="15.8264855">
                <ele>1421.2</ele>
                <time>2020-08-10T07:11:48.000Z</time>
                <name>Position 309</name>
            </trkpt>
            <trkpt lat="47.7696427" lon="15.8263879">
                <ele>1459.3</ele>
                <time>2020-08-10T07:22:03.000Z</time>
                <name>Position 310</name>
            </trkpt>
            <trkpt lat="47.7697308" lon="15.8264357">
                <ele>1462.0</ele>
                <time>2020-08-10T07:32:36.000Z</time>
                <name>Position 311</name>
            </trkpt>
            <trkpt lat="47.7697967" lon="15.8265339">
                <ele>1462.0</ele>
                <time>2020-08-10T07:33:36.000Z</time>
                <name>Position 312</name>
            </trkpt>
            <trkpt lat="47.7697457" lon="15.8264226">
                <ele>1462.8</ele>
                <time>2020-08-10T07:34:56.000Z</time>
                <name>Position 313</name>
            </trkpt>
            <trkpt lat="47.769656" lon="15.8264098">
                <ele>1462.9</ele>
                <time>2020-08-10T07:36:55.000Z</time>
                <name>Position 314</name>
            </trkpt>
            <trkpt lat="47.7695766" lon="15.8264795">
                <ele>1465.5</ele>
                <time>2020-08-10T07:38:47.000Z</time>
                <name>Position 315</name>
            </trkpt>
            <trkpt lat="47.769526" lon="15.8266002">
                <ele>1469.4</ele>
                <time>2020-08-10T07:39:02.000Z</time>
                <name>Position 316</name>
            </trkpt>
            <trkpt lat="47.7694348" lon="15.8265924">
                <ele>1478.6</ele>
                <time>2020-08-10T07:40:05.000Z</time>
                <name>Position 317</name>
            </trkpt>
            <trkpt lat="47.7693662" lon="15.8266823">
                <ele>1487.7</ele>
                <time>2020-08-10T07:40:52.000Z</time>
                <name>Position 318</name>
            </trkpt>
            <trkpt lat="47.7692823" lon="15.8266171">
                <ele>1490.5</ele>
                <time>2020-08-10T07:41:20.000Z</time>
                <name>Position 319</name>
            </trkpt>
            <trkpt lat="47.7692231" lon="15.8265057">
                <ele>1495.2</ele>
                <time>2020-08-10T07:41:43.000Z</time>
                <name>Position 320</name>
            </trkpt>
            <trkpt lat="47.7692112" lon="15.8263726">
                <ele>1500.5</ele>
                <time>2020-08-10T07:42:03.000Z</time>
                <name>Position 321</name>
            </trkpt>
            <trkpt lat="47.7692119" lon="15.82651">
                <ele>1510.4</ele>
                <time>2020-08-10T07:46:45.000Z</time>
                <name>Position 322</name>
            </trkpt>
            <trkpt lat="47.7691631" lon="15.8266427">
                <ele>1518.7</ele>
                <time>2020-08-10T07:47:55.000Z</time>
                <name>Position 323</name>
            </trkpt>
            <trkpt lat="47.7692279" lon="15.8267415">
                <ele>1522.0</ele>
                <time>2020-08-10T07:48:36.000Z</time>
                <name>Position 324</name>
            </trkpt>
            <trkpt lat="47.7692624" lon="15.8266154">
                <ele>1524.2</ele>
                <time>2020-08-10T07:49:19.000Z</time>
                <name>Position 325</name>
            </trkpt>
            <trkpt lat="47.7691832" lon="15.8265303">
                <ele>1525.0</ele>
                <time>2020-08-10T07:49:54.000Z</time>
                <name>Position 326</name>
            </trkpt>
            <trkpt lat="47.769157" lon="15.8264003">
                <ele>1528.4</ele>
                <time>2020-08-10T07:50:46.000Z</time>
                <name>Position 327</name>
            </trkpt>
            <trkpt lat="47.7692524" lon="15.8263996">
                <ele>1523.9</ele>
                <time>2020-08-10T07:53:57.000Z</time>
                <name>Position 328</name>
            </trkpt>
            <trkpt lat="47.7692038" lon="15.8265122">
                <ele>1522.9</ele>
                <time>2020-08-10T07:59:03.000Z</time>
                <name>Position 329</name>
            </trkpt>
            <trkpt lat="47.7691385" lon="15.8264132">
                <ele>1529.2</ele>
                <time>2020-08-10T08:02:13.000Z</time>
                <name>Position 330</name>
            </trkpt>
            <trkpt lat="47.7690492" lon="15.8264508">
                <ele>1535.6</ele>
                <time>2020-08-10T08:15:24.000Z</time>
                <name>Position 331</name>
            </trkpt>
            <trkpt lat="47.7689583" lon="15.8264838">
                <ele>1529.5</ele>
                <time>2020-08-10T08:17:13.000Z</time>
                <name>Position 332</name>
            </trkpt>
            <trkpt lat="47.7688774" lon="15.8265601">
                <ele>1530.7</ele>
                <time>2020-08-10T08:17:45.000Z</time>
                <name>Position 333</name>
            </trkpt>
            <trkpt lat="47.768777" lon="15.8265671">
                <ele>1533.1</ele>
                <time>2020-08-10T08:18:00.000Z</time>
                <name>Position 334</name>
            </trkpt>
            <trkpt lat="47.7687452" lon="15.8264409">
                <ele>1538.0</ele>
                <time>2020-08-10T08:18:50.000Z</time>
                <name>Position 335</name>
            </trkpt>
            <trkpt lat="47.7688213" lon="15.826369">
                <ele>1537.9</ele>
                <time>2020-08-10T08:22:17.000Z</time>
                <name>Position 336</name>
            </trkpt>
            <trkpt lat="47.7687527" lon="15.8264597">
                <ele>1541.0</ele>
                <time>2020-08-10T08:24:16.000Z</time>
                <name>Position 337</name>
            </trkpt>
            <trkpt lat="47.7686663" lon="15.8265169">
                <ele>1544.4</ele>
                <time>2020-08-10T08:25:14.000Z</time>
                <name>Position 338</name>
            </trkpt>
            <trkpt lat="47.7685721" lon="15.8264719">
                <ele>1544.2</ele>
                <time>2020-08-10T08:25:26.000Z</time>
                <name>Position 339</name>
            </trkpt>
            <trkpt lat="47.7684705" lon="15.8264399">
                <ele>1545.8</ele>
                <time>2020-08-10T08:26:05.000Z</time>
                <name>Position 340</name>
            </trkpt>
            <trkpt lat="47.7685421" lon="15.8263561">
                <ele>1551.1</ele>
                <time>2020-08-10T08:27:14.000Z</time>
                <name>Position 341</name>
            </trkpt>
            <trkpt lat="47.7686105" lon="15.8262636">
                <ele>1550.0</ele>
                <time>2020-08-10T08:28:09.000Z</time>
                <name>Position 342</name>
            </trkpt>
            <trkpt lat="47.7686641" lon="15.8261555">
                <ele>1549.6</ele>
                <time>2020-08-10T08:30:08.000Z</time>
                <name>Position 343</name>
            </trkpt>
            <trkpt lat="47.7687539" lon="15.8261658">
                <ele>1549.4</ele>
                <time>2020-08-10T08:31:49.000Z</time>
                <name>Position 344</name>
            </trkpt>
            <trkpt lat="47.7686827" lon="15.8260761">
                <ele>1550.8</ele>
                <time>2020-08-10T08:33:49.000Z</time>
                <name>Position 345</name>
            </trkpt>
            <trkpt lat="47.7686567" lon="15.8262044">
                <ele>1551.0</ele>
                <time>2020-08-10T08:36:33.000Z</time>
                <name>Position 346</name>
            </trkpt>
            <trkpt lat="47.7687494" lon="15.8261565">
                <ele>1550.9</ele>
                <time>2020-08-10T08:38:17.000Z</time>
                <name>Position 347</name>
            </trkpt>
            <trkpt lat="47.7686895" lon="15.8260494">
                <ele>1551.1</ele>
                <time>2020-08-10T08:40:12.000Z</time>
                <name>Position 348</name>
            </trkpt>
            <trkpt lat="47.7685994" lon="15.8260397">
                <ele>1551.2</ele>
                <time>2020-08-10T08:41:10.000Z</time>
                <name>Position 349</name>
            </trkpt>
            <trkpt lat="47.7686399" lon="15.8261596">
                <ele>1551.6</ele>
                <time>2020-08-10T08:44:04.000Z</time>
                <name>Position 350</name>
            </trkpt>
            <trkpt lat="47.7687247" lon="15.8261139">
                <ele>1555.9</ele>
                <time>2020-08-10T08:45:31.000Z</time>
                <name>Position 351</name>
            </trkpt>
            <trkpt lat="47.7687715" lon="15.8262283">
                <ele>1561.6</ele>
                <time>2020-08-10T08:46:35.000Z</time>
                <name>Position 352</name>
            </trkpt>
            <trkpt lat="47.7687544" lon="15.82636">
                <ele>1565.2</ele>
                <time>2020-08-10T08:47:14.000Z</time>
                <name>Position 353</name>
            </trkpt>
            <trkpt lat="47.7686541" lon="15.8264173">
                <ele>1571.5</ele>
                <time>2020-08-10T08:49:26.000Z</time>
                <name>Position 354</name>
            </trkpt>
            <trkpt lat="47.7685639" lon="15.8264115">
                <ele>1574.8</ele>
                <time>2020-08-10T08:50:04.000Z</time>
                <name>Position 355</name>
            </trkpt>
            <trkpt lat="47.7686286" lon="15.8263173">
                <ele>1583.8</ele>
                <time>2020-08-10T08:50:53.000Z</time>
                <name>Position 356</name>
            </trkpt>
            <trkpt lat="47.7685231" lon="15.8263252">
                <ele>1586.9</ele>
                <time>2020-08-10T08:54:02.000Z</time>
                <name>Position 357</name>
            </trkpt>
            <trkpt lat="47.7684301" lon="15.8263423">
                <ele>1588.3</ele>
                <time>2020-08-10T08:54:20.000Z</time>
                <name>Position 358</name>
            </trkpt>
            <trkpt lat="47.7683455" lon="15.8264009">
                <ele>1591.4</ele>
                <time>2020-08-10T09:03:05.000Z</time>
                <name>Position 359</name>
            </trkpt>
            <trkpt lat="47.7683358" lon="15.8262678">
                <ele>1611.8</ele>
                <time>2020-08-10T09:06:07.000Z</time>
                <name>Position 360</name>
            </trkpt>
            <trkpt lat="47.7683931" lon="15.8261523">
                <ele>1614.4</ele>
                <time>2020-08-10T09:06:53.000Z</time>
                <name>Position 361</name>
            </trkpt>
            <trkpt lat="47.768407" lon="15.8260185">
                <ele>1621.3</ele>
                <time>2020-08-10T09:11:42.000Z</time>
                <name>Position 362</name>
            </trkpt>
            <trkpt lat="47.7684315" lon="15.8258883">
                <ele>1622.5</ele>
                <time>2020-08-10T09:17:10.000Z</time>
                <name>Position 363</name>
            </trkpt>
            <trkpt lat="47.7683409" lon="15.8259207">
                <ele>1620.0</ele>
                <time>2020-08-10T09:20:27.000Z</time>
                <name>Position 364</name>
            </trkpt>
            <trkpt lat="47.7682486" lon="15.8259117">
                <ele>1619.6</ele>
                <time>2020-08-10T09:20:47.000Z</time>
                <name>Position 365</name>
            </trkpt>
            <trkpt lat="47.7681576" lon="15.8259258">
                <ele>1620.9</ele>
                <time>2020-08-10T09:20:58.000Z</time>
                <name>Position 366</name>
            </trkpt>
            <trkpt lat="47.7680547" lon="15.8259213">
                <ele>1622.1</ele>
                <time>2020-08-10T09:21:09.000Z</time>
                <name>Position 367</name>
            </trkpt>
            <trkpt lat="47.7679692" lon="15.8258783">
                <ele>1624.4</ele>
                <time>2020-08-10T09:21:28.000Z</time>
                <name>Position 368</name>
            </trkpt>
            <trkpt lat="47.7678765" lon="15.8258811">
                <ele>1620.4</ele>
                <time>2020-08-10T09:23:18.000Z</time>
                <name>Position 369</name>
            </trkpt>
            <trkpt lat="47.7678029" lon="15.8257936">
                <ele>1631.9</ele>
                <time>2020-08-10T09:24:30.000Z</time>
                <name>Position 370</name>
            </trkpt>
            <trkpt lat="47.7677315" lon="15.825697">
                <ele>1634.8</ele>
                <time>2020-08-10T09:24:51.000Z</time>
                <name>Position 371</name>
            </trkpt>
            <trkpt lat="47.7676447" lon="15.8256512">
                <ele>1636.9</ele>
                <time>2020-08-10T09:25:04.000Z</time>
                <name>Position 372</name>
            </trkpt>
            <trkpt lat="47.7675589" lon="15.8255974">
                <ele>1638.6</ele>
                <time>2020-08-10T09:25:18.000Z</time>
                <name>Position 373</name>
            </trkpt>
            <trkpt lat="47.767464" lon="15.8255439">
                <ele>1644.1</ele>
                <time>2020-08-10T09:26:09.000Z</time>
                <name>Position 374</name>
            </trkpt>
            <trkpt lat="47.7673731" lon="15.8255797">
                <ele>1645.2</ele>
                <time>2020-08-10T09:26:52.000Z</time>
                <name>Position 375</name>
            </trkpt>
            <trkpt lat="47.767465" lon="15.8256324">
                <ele>1647.6</ele>
                <time>2020-08-10T09:27:25.000Z</time>
                <name>Position 376</name>
            </trkpt>
            <trkpt lat="47.7675327" lon="15.825745">
                <ele>1645.1</ele>
                <time>2020-08-10T09:27:35.000Z</time>
                <name>Position 377</name>
            </trkpt>
            <trkpt lat="47.7675483" lon="15.8259035">
                <ele>1644.9</ele>
                <time>2020-08-10T09:27:42.000Z</time>
                <name>Position 378</name>
            </trkpt>
            <trkpt lat="47.7675769" lon="15.8260328">
                <ele>1644.5</ele>
                <time>2020-08-10T09:27:59.000Z</time>
                <name>Position 379</name>
            </trkpt>
            <trkpt lat="47.767662" lon="15.8260829">
                <ele>1647.0</ele>
                <time>2020-08-10T09:28:37.000Z</time>
                <name>Position 380</name>
            </trkpt>
            <trkpt lat="47.7675843" lon="15.8261515">
                <ele>1648.3</ele>
                <time>2020-08-10T09:32:08.000Z</time>
                <name>Position 381</name>
            </trkpt>
            <trkpt lat="47.7674802" lon="15.8261919">
                <ele>1651.4</ele>
                <time>2020-08-10T09:32:38.000Z</time>
                <name>Position 382</name>
            </trkpt>
            <trkpt lat="47.7674209" lon="15.8260859">
                <ele>1656.6</ele>
                <time>2020-08-10T09:33:30.000Z</time>
                <name>Position 383</name>
            </trkpt>
            <trkpt lat="47.7673438" lon="15.8260125">
                <ele>1661.3</ele>
                <time>2020-08-10T09:34:38.000Z</time>
                <name>Position 384</name>
            </trkpt>
            <trkpt lat="47.767283" lon="15.8258672">
                <ele>1672.3</ele>
                <time>2020-08-10T09:41:02.000Z</time>
                <name>Position 385</name>
            </trkpt>
            <trkpt lat="47.767263" lon="15.8257324">
                <ele>1672.0</ele>
                <time>2020-08-10T09:41:05.000Z</time>
                <name>Position 386</name>
            </trkpt>
            <trkpt lat="47.7673541" lon="15.825729">
                <ele>1672.0</ele>
                <time>2020-08-10T09:41:33.000Z</time>
                <name>Position 387</name>
            </trkpt>
            <trkpt lat="47.7673998" lon="15.8256137">
                <ele>1672.0</ele>
                <time>2020-08-10T09:44:02.000Z</time>
                <name>Position 388</name>
            </trkpt>
            <trkpt lat="47.7674919" lon="15.8256092">
                <ele>1672.5</ele>
                <time>2020-08-10T09:46:20.000Z</time>
                <name>Position 389</name>
            </trkpt>
            <trkpt lat="47.7675834" lon="15.8256216">
                <ele>1672.6</ele>
                <time>2020-08-10T09:47:16.000Z</time>
                <name>Position 390</name>
            </trkpt>
            <trkpt lat="47.7674928" lon="15.8256024">
                <ele>1672.3</ele>
                <time>2020-08-10T09:49:27.000Z</time>
                <name>Position 391</name>
            </trkpt>
            <trkpt lat="47.7675588" lon="15.825706">
                <ele>1672.6</ele>
                <time>2020-08-10T09:54:20.000Z</time>
                <name>Position 392</name>
            </trkpt>
            <trkpt lat="47.7675313" lon="15.8255784">
                <ele>1674.1</ele>
                <time>2020-08-10T09:55:48.000Z</time>
                <name>Position 393</name>
            </trkpt>
            <trkpt lat="47.7674526" lon="15.8256628">
                <ele>1680.9</ele>
                <time>2020-08-10T09:58:12.000Z</time>
                <name>Position 394</name>
            </trkpt>
            <trkpt lat="47.7673612" lon="15.8256675">
                <ele>1680.1</ele>
                <time>2020-08-10T10:01:05.000Z</time>
                <name>Position 395</name>
            </trkpt>
            <trkpt lat="47.7674509" lon="15.8256768">
                <ele>1679.2</ele>
                <time>2020-08-10T10:06:24.000Z</time>
                <name>Position 396</name>
            </trkpt>
            <trkpt lat="47.7673663" lon="15.82563">
                <ele>1680.1</ele>
                <time>2020-08-10T10:08:52.000Z</time>
                <name>Position 397</name>
            </trkpt>
            <trkpt lat="47.7673365" lon="15.8257592">
                <ele>1680.2</ele>
                <time>2020-08-10T10:10:16.000Z</time>
                <name>Position 398</name>
            </trkpt>
            <trkpt lat="47.76726" lon="15.8258496">
                <ele>1681.7</ele>
                <time>2020-08-10T10:11:08.000Z</time>
                <name>Position 399</name>
            </trkpt>
            <trkpt lat="47.7672191" lon="15.8259718">
                <ele>1685.0</ele>
                <time>2020-08-10T10:11:28.000Z</time>
                <name>Position 400</name>
            </trkpt>
            <trkpt lat="47.7671274" lon="15.8259836">
                <ele>1682.5</ele>
                <time>2020-08-10T10:11:56.000Z</time>
                <name>Position 401</name>
            </trkpt>
            <trkpt lat="47.7671023" lon="15.8258476">
                <ele>1673.9</ele>
                <time>2020-08-10T10:12:41.000Z</time>
                <name>Position 402</name>
            </trkpt>
            <trkpt lat="47.7670803" lon="15.825709">
                <ele>1665.1</ele>
                <time>2020-08-10T10:13:45.000Z</time>
                <name>Position 403</name>
            </trkpt>
            <trkpt lat="47.7670276" lon="15.8255994">
                <ele>1662.4</ele>
                <time>2020-08-10T10:13:58.000Z</time>
                <name>Position 404</name>
            </trkpt>
            <trkpt lat="47.7669757" lon="15.8254872">
                <ele>1650.8</ele>
                <time>2020-08-10T10:14:50.000Z</time>
                <name>Position 405</name>
            </trkpt>
            <trkpt lat="47.7670181" lon="15.8253653">
                <ele>1638.2</ele>
                <time>2020-08-10T10:15:54.000Z</time>
                <name>Position 406</name>
            </trkpt>
            <trkpt lat="47.766989" lon="15.8252345">
                <ele>1636.0</ele>
                <time>2020-08-10T10:16:06.000Z</time>
                <name>Position 407</name>
            </trkpt>
            <trkpt lat="47.76697" lon="15.8250931">
                <ele>1634.4</ele>
                <time>2020-08-10T10:16:28.000Z</time>
                <name>Position 408</name>
            </trkpt>
            <trkpt lat="47.7670189" lon="15.8249665">
                <ele>1627.2</ele>
                <time>2020-08-10T10:16:46.000Z</time>
                <name>Position 409</name>
            </trkpt>
            <trkpt lat="47.7670146" lon="15.8248224">
                <ele>1617.5</ele>
                <time>2020-08-10T10:16:56.000Z</time>
                <name>Position 410</name>
            </trkpt>
            <trkpt lat="47.7670631" lon="15.8247026">
                <ele>1608.2</ele>
                <time>2020-08-10T10:17:13.000Z</time>
                <name>Position 411</name>
            </trkpt>
            <trkpt lat="47.7671445" lon="15.8246199">
                <ele>1593.4</ele>
                <time>2020-08-10T10:17:34.000Z</time>
                <name>Position 412</name>
            </trkpt>
            <trkpt lat="47.7672166" lon="15.8245299">
                <ele>1584.5</ele>
                <time>2020-08-10T10:17:45.000Z</time>
                <name>Position 413</name>
            </trkpt>
            <trkpt lat="47.7673027" lon="15.8244607">
                <ele>1578.0</ele>
                <time>2020-08-10T10:17:54.000Z</time>
                <name>Position 414</name>
            </trkpt>
            <trkpt lat="47.7673265" lon="15.8243306">
                <ele>1571.8</ele>
                <time>2020-08-10T10:18:09.000Z</time>
                <name>Position 415</name>
            </trkpt>
            <trkpt lat="47.767414" lon="15.8242787">
                <ele>1566.7</ele>
                <time>2020-08-10T10:18:16.000Z</time>
                <name>Position 416</name>
            </trkpt>
            <trkpt lat="47.7674975" lon="15.8242271">
                <ele>1559.7</ele>
                <time>2020-08-10T10:18:29.000Z</time>
                <name>Position 417</name>
            </trkpt>
            <trkpt lat="47.7675858" lon="15.8242002">
                <ele>1554.1</ele>
                <time>2020-08-10T10:18:38.000Z</time>
                <name>Position 418</name>
            </trkpt>
            <trkpt lat="47.7676662" lon="15.8241224">
                <ele>1546.9</ele>
                <time>2020-08-10T10:18:52.000Z</time>
                <name>Position 419</name>
            </trkpt>
            <trkpt lat="47.7677564" lon="15.8241692">
                <ele>1542.8</ele>
                <time>2020-08-10T10:19:25.000Z</time>
                <name>Position 420</name>
            </trkpt>
            <trkpt lat="47.7678411" lon="15.8242218">
                <ele>1538.4</ele>
                <time>2020-08-10T10:19:34.000Z</time>
                <name>Position 421</name>
            </trkpt>
            <trkpt lat="47.7679122" lon="15.8241319">
                <ele>1529.9</ele>
                <time>2020-08-10T10:20:16.000Z</time>
                <name>Position 422</name>
            </trkpt>
            <trkpt lat="47.7680099" lon="15.8241072">
                <ele>1522.9</ele>
                <time>2020-08-10T10:20:25.000Z</time>
                <name>Position 423</name>
            </trkpt>
            <trkpt lat="47.7681029" lon="15.8241125">
                <ele>1515.5</ele>
                <time>2020-08-10T10:20:38.000Z</time>
                <name>Position 424</name>
            </trkpt>
            <trkpt lat="47.7681797" lon="15.8240251">
                <ele>1511.5</ele>
                <time>2020-08-10T10:20:46.000Z</time>
                <name>Position 425</name>
            </trkpt>
            <trkpt lat="47.7682777" lon="15.8240143">
                <ele>1507.6</ele>
                <time>2020-08-10T10:20:54.000Z</time>
                <name>Position 426</name>
            </trkpt>
            <trkpt lat="47.7683738" lon="15.8240533">
                <ele>1504.5</ele>
                <time>2020-08-10T10:21:14.000Z</time>
                <name>Position 427</name>
            </trkpt>
            <trkpt lat="47.76847" lon="15.824043">
                <ele>1502.7</ele>
                <time>2020-08-10T10:22:09.000Z</time>
                <name>Position 428</name>
            </trkpt>
            <trkpt lat="47.7685526" lon="15.824097">
                <ele>1501.3</ele>
                <time>2020-08-10T10:27:03.000Z</time>
                <name>Position 429</name>
            </trkpt>
            <trkpt lat="47.7684757" lon="15.8241737">
                <ele>1501.0</ele>
                <time>2020-08-10T10:31:25.000Z</time>
                <name>Position 430</name>
            </trkpt>
            <trkpt lat="47.7685335" lon="15.8240707">
                <ele>1501.4</ele>
                <time>2020-08-10T10:32:23.000Z</time>
                <name>Position 431</name>
            </trkpt>
            <trkpt lat="47.7686253" lon="15.8241202">
                <ele>1493.5</ele>
                <time>2020-08-10T10:37:13.000Z</time>
                <name>Position 432</name>
            </trkpt>
            <trkpt lat="47.7687238" lon="15.8241148">
                <ele>1489.9</ele>
                <time>2020-08-10T10:37:20.000Z</time>
                <name>Position 433</name>
            </trkpt>
            <trkpt lat="47.7687999" lon="15.8242013">
                <ele>1482.7</ele>
                <time>2020-08-10T10:37:28.000Z</time>
                <name>Position 434</name>
            </trkpt>
            <trkpt lat="47.7688899" lon="15.8241908">
                <ele>1469.9</ele>
                <time>2020-08-10T10:37:49.000Z</time>
                <name>Position 435</name>
            </trkpt>
            <trkpt lat="47.7689729" lon="15.8242479">
                <ele>1466.8</ele>
                <time>2020-08-10T10:37:55.000Z</time>
                <name>Position 436</name>
            </trkpt>
            <trkpt lat="47.7690555" lon="15.8243124">
                <ele>1463.6</ele>
                <time>2020-08-10T10:38:03.000Z</time>
                <name>Position 437</name>
            </trkpt>
            <trkpt lat="47.7690958" lon="15.8244389">
                <ele>1462.9</ele>
                <time>2020-08-10T10:38:09.000Z</time>
                <name>Position 438</name>
            </trkpt>
            <trkpt lat="47.7691256" lon="15.8245728">
                <ele>1460.8</ele>
                <time>2020-08-10T10:38:15.000Z</time>
                <name>Position 439</name>
            </trkpt>
            <trkpt lat="47.7691892" lon="15.8246806">
                <ele>1460.4</ele>
                <time>2020-08-10T10:38:22.000Z</time>
                <name>Position 440</name>
            </trkpt>
            <trkpt lat="47.7692772" lon="15.8247138">
                <ele>1452.0</ele>
                <time>2020-08-10T10:38:31.000Z</time>
                <name>Position 441</name>
            </trkpt>
            <trkpt lat="47.7693524" lon="15.8248146">
                <ele>1448.1</ele>
                <time>2020-08-10T10:38:37.000Z</time>
                <name>Position 442</name>
            </trkpt>
            <trkpt lat="47.7694549" lon="15.8248316">
                <ele>1441.9</ele>
                <time>2020-08-10T10:38:44.000Z</time>
                <name>Position 443</name>
            </trkpt>
            <trkpt lat="47.7695394" lon="15.8249066">
                <ele>1434.0</ele>
                <time>2020-08-10T10:38:53.000Z</time>
                <name>Position 444</name>
            </trkpt>
            <trkpt lat="47.7696324" lon="15.8249351">
                <ele>1430.0</ele>
                <time>2020-08-10T10:39:08.000Z</time>
                <name>Position 445</name>
            </trkpt>
            <trkpt lat="47.7697131" lon="15.8250009">
                <ele>1425.7</ele>
                <time>2020-08-10T10:39:31.000Z</time>
                <name>Position 446</name>
            </trkpt>
            <trkpt lat="47.7697861" lon="15.8249149">
                <ele>1422.5</ele>
                <time>2020-08-10T10:39:53.000Z</time>
                <name>Position 447</name>
            </trkpt>
            <trkpt lat="47.769876" lon="15.824876">
                <ele>1420.9</ele>
                <time>2020-08-10T10:40:07.000Z</time>
                <name>Position 448</name>
            </trkpt>
            <trkpt lat="47.7699749" lon="15.8248703">
                <ele>1418.8</ele>
                <time>2020-08-10T10:40:17.000Z</time>
                <name>Position 449</name>
            </trkpt>
            <trkpt lat="47.7700671" lon="15.824881">
                <ele>1412.7</ele>
                <time>2020-08-10T10:40:59.000Z</time>
                <name>Position 450</name>
            </trkpt>
            <trkpt lat="47.7701405" lon="15.8249627">
                <ele>1408.9</ele>
                <time>2020-08-10T10:41:19.000Z</time>
                <name>Position 451</name>
            </trkpt>
            <trkpt lat="47.7702336" lon="15.8249432">
                <ele>1404.0</ele>
                <time>2020-08-10T10:41:37.000Z</time>
                <name>Position 452</name>
            </trkpt>
            <trkpt lat="47.7703255" lon="15.8249244">
                <ele>1401.9</ele>
                <time>2020-08-10T10:41:48.000Z</time>
                <name>Position 453</name>
            </trkpt>
            <trkpt lat="47.770413" lon="15.8248891">
                <ele>1397.6</ele>
                <time>2020-08-10T10:42:06.000Z</time>
                <name>Position 454</name>
            </trkpt>
            <trkpt lat="47.770472" lon="15.8247879">
                <ele>1396.8</ele>
                <time>2020-08-10T10:52:45.000Z</time>
                <name>Position 455</name>
            </trkpt>
            <trkpt lat="47.7704026" lon="15.8248793">
                <ele>1396.1</ele>
                <time>2020-08-10T10:54:15.000Z</time>
                <name>Position 456</name>
            </trkpt>
            <trkpt lat="47.7704807" lon="15.8249504">
                <ele>1392.5</ele>
                <time>2020-08-10T10:56:02.000Z</time>
                <name>Position 457</name>
            </trkpt>
            <trkpt lat="47.7705301" lon="15.825074">
                <ele>1388.8</ele>
                <time>2020-08-10T10:56:18.000Z</time>
                <name>Position 458</name>
            </trkpt>
            <trkpt lat="47.7705944" lon="15.8251749">
                <ele>1383.7</ele>
                <time>2020-08-10T10:56:34.000Z</time>
                <name>Position 459</name>
            </trkpt>
            <trkpt lat="47.7706455" lon="15.8253033">
                <ele>1379.8</ele>
                <time>2020-08-10T10:56:44.000Z</time>
                <name>Position 460</name>
            </trkpt>
            <trkpt lat="47.770717" lon="15.8254075">
                <ele>1375.0</ele>
                <time>2020-08-10T10:56:57.000Z</time>
                <name>Position 461</name>
            </trkpt>
            <trkpt lat="47.7707891" lon="15.8254911">
                <ele>1369.6</ele>
                <time>2020-08-10T10:57:13.000Z</time>
                <name>Position 462</name>
            </trkpt>
            <trkpt lat="47.7708358" lon="15.8256181">
                <ele>1365.7</ele>
                <time>2020-08-10T10:57:22.000Z</time>
                <name>Position 463</name>
            </trkpt>
            <trkpt lat="47.7708468" lon="15.8257546">
                <ele>1361.6</ele>
                <time>2020-08-10T10:57:30.000Z</time>
                <name>Position 464</name>
            </trkpt>
            <trkpt lat="47.7709328" lon="15.8258201">
                <ele>1357.8</ele>
                <time>2020-08-10T10:57:42.000Z</time>
                <name>Position 465</name>
            </trkpt>
            <trkpt lat="47.7709977" lon="15.8259238">
                <ele>1354.2</ele>
                <time>2020-08-10T10:57:53.000Z</time>
                <name>Position 466</name>
            </trkpt>
            <trkpt lat="47.771029" lon="15.8260534">
                <ele>1350.0</ele>
                <time>2020-08-10T10:58:06.000Z</time>
                <name>Position 467</name>
            </trkpt>
            <trkpt lat="47.7710569" lon="15.826188">
                <ele>1344.9</ele>
                <time>2020-08-10T10:58:18.000Z</time>
                <name>Position 468</name>
            </trkpt>
            <trkpt lat="47.7710874" lon="15.8263141">
                <ele>1340.6</ele>
                <time>2020-08-10T10:58:27.000Z</time>
                <name>Position 469</name>
            </trkpt>
            <trkpt lat="47.7711535" lon="15.8264282">
                <ele>1337.0</ele>
                <time>2020-08-10T10:58:34.000Z</time>
                <name>Position 470</name>
            </trkpt>
            <trkpt lat="47.7711587" lon="15.826582">
                <ele>1335.1</ele>
                <time>2020-08-10T10:58:51.000Z</time>
                <name>Position 471</name>
            </trkpt>
            <trkpt lat="47.7711412" lon="15.8267135">
                <ele>1334.6</ele>
                <time>2020-08-10T11:00:05.000Z</time>
                <name>Position 472</name>
            </trkpt>
            <trkpt lat="47.7711599" lon="15.8268526">
                <ele>1332.8</ele>
                <time>2020-08-10T11:02:59.000Z</time>
                <name>Position 473</name>
            </trkpt>
            <trkpt lat="47.7711938" lon="15.826988">
                <ele>1330.2</ele>
                <time>2020-08-10T11:03:09.000Z</time>
                <name>Position 474</name>
            </trkpt>
            <trkpt lat="47.7712536" lon="15.8270953">
                <ele>1330.3</ele>
                <time>2020-08-10T11:03:19.000Z</time>
                <name>Position 475</name>
            </trkpt>
            <trkpt lat="47.7712989" lon="15.8272115">
                <ele>1330.1</ele>
                <time>2020-08-10T11:03:31.000Z</time>
                <name>Position 476</name>
            </trkpt>
            <trkpt lat="47.7713341" lon="15.8273493">
                <ele>1327.8</ele>
                <time>2020-08-10T11:03:43.000Z</time>
                <name>Position 477</name>
            </trkpt>
            <trkpt lat="47.7713677" lon="15.8274736">
                <ele>1324.4</ele>
                <time>2020-08-10T11:03:56.000Z</time>
                <name>Position 478</name>
            </trkpt>
            <trkpt lat="47.7713922" lon="15.8276128">
                <ele>1321.5</ele>
                <time>2020-08-10T11:04:01.000Z</time>
                <name>Position 479</name>
            </trkpt>
            <trkpt lat="47.771367" lon="15.8277476">
                <ele>1318.7</ele>
                <time>2020-08-10T11:04:13.000Z</time>
                <name>Position 480</name>
            </trkpt>
            <trkpt lat="47.7713114" lon="15.8278574">
                <ele>1323.3</ele>
                <time>2020-08-10T11:04:26.000Z</time>
                <name>Position 481</name>
            </trkpt>
            <trkpt lat="47.7712797" lon="15.8279854">
                <ele>1326.2</ele>
                <time>2020-08-10T11:04:39.000Z</time>
                <name>Position 482</name>
            </trkpt>
            <trkpt lat="47.7712729" lon="15.8281193">
                <ele>1326.6</ele>
                <time>2020-08-10T11:04:48.000Z</time>
                <name>Position 483</name>
            </trkpt>
            <trkpt lat="47.7712606" lon="15.8282571">
                <ele>1329.0</ele>
                <time>2020-08-10T11:04:58.000Z</time>
                <name>Position 484</name>
            </trkpt>
            <trkpt lat="47.7712514" lon="15.828391">
                <ele>1333.2</ele>
                <time>2020-08-10T11:05:13.000Z</time>
                <name>Position 485</name>
            </trkpt>
            <trkpt lat="47.7712274" lon="15.8285243">
                <ele>1337.5</ele>
                <time>2020-08-10T11:05:29.000Z</time>
                <name>Position 486</name>
            </trkpt>
            <trkpt lat="47.7712558" lon="15.8286546">
                <ele>1340.0</ele>
                <time>2020-08-10T11:05:42.000Z</time>
                <name>Position 487</name>
            </trkpt>
            <trkpt lat="47.7712866" lon="15.82879">
                <ele>1343.2</ele>
                <time>2020-08-10T11:06:01.000Z</time>
                <name>Position 488</name>
            </trkpt>
            <trkpt lat="47.7713462" lon="15.8288929">
                <ele>1346.1</ele>
                <time>2020-08-10T11:06:18.000Z</time>
                <name>Position 489</name>
            </trkpt>
            <trkpt lat="47.7713784" lon="15.8290183">
                <ele>1348.2</ele>
                <time>2020-08-10T11:06:28.000Z</time>
                <name>Position 490</name>
            </trkpt>
            <trkpt lat="47.7714049" lon="15.8291466">
                <ele>1349.2</ele>
                <time>2020-08-10T11:06:38.000Z</time>
                <name>Position 491</name>
            </trkpt>
            <trkpt lat="47.7714153" lon="15.8292803">
                <ele>1352.5</ele>
                <time>2020-08-10T11:06:59.000Z</time>
                <name>Position 492</name>
            </trkpt>
            <trkpt lat="47.771459" lon="15.82941">
                <ele>1354.7</ele>
                <time>2020-08-10T11:07:17.000Z</time>
                <name>Position 493</name>
            </trkpt>
            <trkpt lat="47.7714727" lon="15.8295492">
                <ele>1354.5</ele>
                <time>2020-08-10T11:07:35.000Z</time>
                <name>Position 494</name>
            </trkpt>
            <trkpt lat="47.7714661" lon="15.8296836">
                <ele>1357.0</ele>
                <time>2020-08-10T11:07:46.000Z</time>
                <name>Position 495</name>
            </trkpt>
            <trkpt lat="47.7715008" lon="15.8298129">
                <ele>1355.0</ele>
                <time>2020-08-10T11:08:01.000Z</time>
                <name>Position 496</name>
            </trkpt>
            <trkpt lat="47.771562" lon="15.8299258">
                <ele>1354.2</ele>
                <time>2020-08-10T11:08:08.000Z</time>
                <name>Position 497</name>
            </trkpt>
            <trkpt lat="47.7715962" lon="15.8300583">
                <ele>1354.9</ele>
                <time>2020-08-10T11:08:14.000Z</time>
                <name>Position 498</name>
            </trkpt>
            <trkpt lat="47.771637" lon="15.8301811">
                <ele>1355.2</ele>
                <time>2020-08-10T11:08:22.000Z</time>
                <name>Position 499</name>
            </trkpt>
            <trkpt lat="47.771672" lon="15.8303184">
                <ele>1355.4</ele>
                <time>2020-08-10T11:08:28.000Z</time>
                <name>Position 500</name>
            </trkpt>
            <trkpt lat="47.7717157" lon="15.8304414">
                <ele>1356.2</ele>
                <time>2020-08-10T11:08:35.000Z</time>
                <name>Position 501</name>
            </trkpt>
            <trkpt lat="47.7717506" lon="15.8305762">
                <ele>1358.8</ele>
                <time>2020-08-10T11:08:43.000Z</time>
                <name>Position 502</name>
            </trkpt>
            <trkpt lat="47.7718173" lon="15.8306848">
                <ele>1356.9</ele>
                <time>2020-08-10T11:08:52.000Z</time>
                <name>Position 503</name>
            </trkpt>
            <trkpt lat="47.7718902" lon="15.8307748">
                <ele>1355.9</ele>
                <time>2020-08-10T11:08:59.000Z</time>
                <name>Position 504</name>
            </trkpt>
            <trkpt lat="47.7718257" lon="15.8309004">
                <ele>1351.4</ele>
                <time>2020-08-10T11:09:30.000Z</time>
                <name>Position 505</name>
            </trkpt>
            <trkpt lat="47.7717442" lon="15.8309959">
                <ele>1347.2</ele>
                <time>2020-08-10T11:09:47.000Z</time>
                <name>Position 506</name>
            </trkpt>
            <trkpt lat="47.7716811" lon="15.8310983">
                <ele>1347.9</ele>
                <time>2020-08-10T11:09:56.000Z</time>
                <name>Position 507</name>
            </trkpt>
            <trkpt lat="47.7716111" lon="15.831193">
                <ele>1346.9</ele>
                <time>2020-08-10T11:10:01.000Z</time>
                <name>Position 508</name>
            </trkpt>
            <trkpt lat="47.7715536" lon="15.8313115">
                <ele>1347.2</ele>
                <time>2020-08-10T11:10:08.000Z</time>
                <name>Position 509</name>
            </trkpt>
            <trkpt lat="47.7714889" lon="15.8314159">
                <ele>1346.0</ele>
                <time>2020-08-10T11:10:15.000Z</time>
                <name>Position 510</name>
            </trkpt>
            <trkpt lat="47.7714243" lon="15.8315314">
                <ele>1345.6</ele>
                <time>2020-08-10T11:10:23.000Z</time>
                <name>Position 511</name>
            </trkpt>
            <trkpt lat="47.7713424" lon="15.8316214">
                <ele>1344.3</ele>
                <time>2020-08-10T11:10:30.000Z</time>
                <name>Position 512</name>
            </trkpt>
            <trkpt lat="47.7712589" lon="15.8316974">
                <ele>1345.3</ele>
                <time>2020-08-10T11:10:40.000Z</time>
                <name>Position 513</name>
            </trkpt>
            <trkpt lat="47.771185" lon="15.8317793">
                <ele>1345.7</ele>
                <time>2020-08-10T11:10:48.000Z</time>
                <name>Position 514</name>
            </trkpt>
            <trkpt lat="47.7710977" lon="15.8318339">
                <ele>1344.7</ele>
                <time>2020-08-10T11:10:55.000Z</time>
                <name>Position 515</name>
            </trkpt>
            <trkpt lat="47.7710025" lon="15.8318519">
                <ele>1344.0</ele>
                <time>2020-08-10T11:11:03.000Z</time>
                <name>Position 516</name>
            </trkpt>
            <trkpt lat="47.7709156" lon="15.8318939">
                <ele>1343.3</ele>
                <time>2020-08-10T11:11:14.000Z</time>
                <name>Position 517</name>
            </trkpt>
            <trkpt lat="47.7708514" lon="15.8320184">
                <ele>1341.9</ele>
                <time>2020-08-10T11:11:26.000Z</time>
                <name>Position 518</name>
            </trkpt>
            <trkpt lat="47.77081" lon="15.8321412">
                <ele>1342.1</ele>
                <time>2020-08-10T11:11:40.000Z</time>
                <name>Position 519</name>
            </trkpt>
            <trkpt lat="47.7707518" lon="15.8322502">
                <ele>1342.6</ele>
                <time>2020-08-10T11:12:10.000Z</time>
                <name>Position 520</name>
            </trkpt>
            <trkpt lat="47.7706653" lon="15.8322928">
                <ele>1342.1</ele>
                <time>2020-08-10T11:12:18.000Z</time>
                <name>Position 521</name>
            </trkpt>
            <trkpt lat="47.7706466" lon="15.8324253">
                <ele>1337.6</ele>
                <time>2020-08-10T11:12:35.000Z</time>
                <name>Position 522</name>
            </trkpt>
            <trkpt lat="47.7706473" lon="15.8325599">
                <ele>1332.9</ele>
                <time>2020-08-10T11:12:57.000Z</time>
                <name>Position 523</name>
            </trkpt>
            <trkpt lat="47.7706498" lon="15.8326948">
                <ele>1331.0</ele>
                <time>2020-08-10T11:13:01.000Z</time>
                <name>Position 524</name>
            </trkpt>
            <trkpt lat="47.7706008" lon="15.8328104">
                <ele>1321.6</ele>
                <time>2020-08-10T11:13:30.000Z</time>
                <name>Position 525</name>
            </trkpt>
            <trkpt lat="47.7705109" lon="15.8328251">
                <ele>1320.9</ele>
                <time>2020-08-10T11:13:37.000Z</time>
                <name>Position 526</name>
            </trkpt>
            <trkpt lat="47.7704223" lon="15.8328667">
                <ele>1323.8</ele>
                <time>2020-08-10T11:13:47.000Z</time>
                <name>Position 527</name>
            </trkpt>
            <trkpt lat="47.7703304" lon="15.8329175">
                <ele>1325.5</ele>
                <time>2020-08-10T11:13:56.000Z</time>
                <name>Position 528</name>
            </trkpt>
            <trkpt lat="47.7702354" lon="15.832925">
                <ele>1324.6</ele>
                <time>2020-08-10T11:14:04.000Z</time>
                <name>Position 529</name>
            </trkpt>
            <trkpt lat="47.7701411" lon="15.832942">
                <ele>1323.7</ele>
                <time>2020-08-10T11:14:16.000Z</time>
                <name>Position 530</name>
            </trkpt>
            <trkpt lat="47.7700463" lon="15.8329146">
                <ele>1323.9</ele>
                <time>2020-08-10T11:14:26.000Z</time>
                <name>Position 531</name>
            </trkpt>
            <trkpt lat="47.7699544" lon="15.8329053">
                <ele>1324.6</ele>
                <time>2020-08-10T11:14:34.000Z</time>
                <name>Position 532</name>
            </trkpt>
            <trkpt lat="47.7698632" lon="15.8329264">
                <ele>1322.9</ele>
                <time>2020-08-10T11:14:44.000Z</time>
                <name>Position 533</name>
            </trkpt>
            <trkpt lat="47.7697608" lon="15.8329728">
                <ele>1321.4</ele>
                <time>2020-08-10T11:14:54.000Z</time>
                <name>Position 534</name>
            </trkpt>
            <trkpt lat="47.769666" lon="15.8330111">
                <ele>1320.0</ele>
                <time>2020-08-10T11:15:05.000Z</time>
                <name>Position 535</name>
            </trkpt>
            <trkpt lat="47.7695711" lon="15.833043">
                <ele>1318.9</ele>
                <time>2020-08-10T11:15:14.000Z</time>
                <name>Position 536</name>
            </trkpt>
            <trkpt lat="47.7694799" lon="15.8330651">
                <ele>1319.4</ele>
                <time>2020-08-10T11:15:22.000Z</time>
                <name>Position 537</name>
            </trkpt>
            <trkpt lat="47.7693886" lon="15.8330918">
                <ele>1320.5</ele>
                <time>2020-08-10T11:15:33.000Z</time>
                <name>Position 538</name>
            </trkpt>
            <trkpt lat="47.7692886" lon="15.833077">
                <ele>1322.9</ele>
                <time>2020-08-10T11:15:43.000Z</time>
                <name>Position 539</name>
            </trkpt>
            <trkpt lat="47.7692132" lon="15.8331579">
                <ele>1322.6</ele>
                <time>2020-08-10T11:15:56.000Z</time>
                <name>Position 540</name>
            </trkpt>
            <trkpt lat="47.7691275" lon="15.8332072">
                <ele>1320.8</ele>
                <time>2020-08-10T11:16:04.000Z</time>
                <name>Position 541</name>
            </trkpt>
            <trkpt lat="47.7690378" lon="15.8332339">
                <ele>1317.8</ele>
                <time>2020-08-10T11:16:14.000Z</time>
                <name>Position 542</name>
            </trkpt>
            <trkpt lat="47.7690985" lon="15.8333355">
                <ele>1304.3</ele>
                <time>2020-08-10T11:16:42.000Z</time>
                <name>Position 543</name>
            </trkpt>
            <trkpt lat="47.7691574" lon="15.8334424">
                <ele>1301.8</ele>
                <time>2020-08-10T11:16:47.000Z</time>
                <name>Position 544</name>
            </trkpt>
            <trkpt lat="47.7692011" lon="15.8335633">
                <ele>1299.1</ele>
                <time>2020-08-10T11:16:52.000Z</time>
                <name>Position 545</name>
            </trkpt>
            <trkpt lat="47.7692643" lon="15.8336772">
                <ele>1294.7</ele>
                <time>2020-08-10T11:17:02.000Z</time>
                <name>Position 546</name>
            </trkpt>
            <trkpt lat="47.7693335" lon="15.8337755">
                <ele>1292.2</ele>
                <time>2020-08-10T11:17:14.000Z</time>
                <name>Position 547</name>
            </trkpt>
            <trkpt lat="47.769427" lon="15.8337791">
                <ele>1284.0</ele>
                <time>2020-08-10T11:17:36.000Z</time>
                <name>Position 548</name>
            </trkpt>
            <trkpt lat="47.7695197" lon="15.833806">
                <ele>1277.6</ele>
                <time>2020-08-10T11:17:50.000Z</time>
                <name>Position 549</name>
            </trkpt>
            <trkpt lat="47.7696051" lon="15.8338508">
                <ele>1273.7</ele>
                <time>2020-08-10T11:17:59.000Z</time>
                <name>Position 550</name>
            </trkpt>
            <trkpt lat="47.7696842" lon="15.8339388">
                <ele>1267.9</ele>
                <time>2020-08-10T11:18:12.000Z</time>
                <name>Position 551</name>
            </trkpt>
            <trkpt lat="47.7697698" lon="15.8340063">
                <ele>1263.3</ele>
                <time>2020-08-10T11:18:26.000Z</time>
                <name>Position 552</name>
            </trkpt>
            <trkpt lat="47.7698231" lon="15.8341146">
                <ele>1260.6</ele>
                <time>2020-08-10T11:18:35.000Z</time>
                <name>Position 553</name>
            </trkpt>
            <trkpt lat="47.7699124" lon="15.8341663">
                <ele>1254.3</ele>
                <time>2020-08-10T11:18:50.000Z</time>
                <name>Position 554</name>
            </trkpt>
            <trkpt lat="47.7699793" lon="15.8342588">
                <ele>1245.9</ele>
                <time>2020-08-10T11:19:08.000Z</time>
                <name>Position 555</name>
            </trkpt>
            <trkpt lat="47.7700578" lon="15.8343423">
                <ele>1238.6</ele>
                <time>2020-08-10T11:19:26.000Z</time>
                <name>Position 556</name>
            </trkpt>
            <trkpt lat="47.7701276" lon="15.8344488">
                <ele>1235.2</ele>
                <time>2020-08-10T11:19:35.000Z</time>
                <name>Position 557</name>
            </trkpt>
            <trkpt lat="47.7701649" lon="15.8345754">
                <ele>1231.9</ele>
                <time>2020-08-10T11:19:44.000Z</time>
                <name>Position 558</name>
            </trkpt>
            <trkpt lat="47.7701698" lon="15.8347132">
                <ele>1228.3</ele>
                <time>2020-08-10T11:19:56.000Z</time>
                <name>Position 559</name>
            </trkpt>
            <trkpt lat="47.7701897" lon="15.8348462">
                <ele>1222.7</ele>
                <time>2020-08-10T11:20:08.000Z</time>
                <name>Position 560</name>
            </trkpt>
            <trkpt lat="47.7701995" lon="15.8349859">
                <ele>1217.4</ele>
                <time>2020-08-10T11:20:24.000Z</time>
                <name>Position 561</name>
            </trkpt>
            <trkpt lat="47.7702754" lon="15.8350868">
                <ele>1212.4</ele>
                <time>2020-08-10T11:20:33.000Z</time>
                <name>Position 562</name>
            </trkpt>
            <trkpt lat="47.7703477" lon="15.835182">
                <ele>1203.5</ele>
                <time>2020-08-10T11:20:56.000Z</time>
                <name>Position 563</name>
            </trkpt>
            <trkpt lat="47.7704358" lon="15.8352624">
                <ele>1199.5</ele>
                <time>2020-08-10T11:21:04.000Z</time>
                <name>Position 564</name>
            </trkpt>
            <trkpt lat="47.770531" lon="15.8352589">
                <ele>1192.8</ele>
                <time>2020-08-10T11:21:20.000Z</time>
                <name>Position 565</name>
            </trkpt>
            <trkpt lat="47.7706221" lon="15.8352937">
                <ele>1189.4</ele>
                <time>2020-08-10T11:21:32.000Z</time>
                <name>Position 566</name>
            </trkpt>
            <trkpt lat="47.7707119" lon="15.8352509">
                <ele>1177.1</ele>
                <time>2020-08-10T11:22:03.000Z</time>
                <name>Position 567</name>
            </trkpt>
            <trkpt lat="47.7708116" lon="15.8352773">
                <ele>1173.4</ele>
                <time>2020-08-10T11:22:10.000Z</time>
                <name>Position 568</name>
            </trkpt>
            <trkpt lat="47.7709039" lon="15.8352804">
                <ele>1171.4</ele>
                <time>2020-08-10T11:22:15.000Z</time>
                <name>Position 569</name>
            </trkpt>
            <trkpt lat="47.7710138" lon="15.8353054">
                <ele>1166.2</ele>
                <time>2020-08-10T11:22:25.000Z</time>
                <name>Position 570</name>
            </trkpt>
            <trkpt lat="47.7711001" lon="15.8353474">
                <ele>1163.8</ele>
                <time>2020-08-10T11:22:29.000Z</time>
                <name>Position 571</name>
            </trkpt>
            <trkpt lat="47.7712029" lon="15.8353653">
                <ele>1161.1</ele>
                <time>2020-08-10T11:22:35.000Z</time>
                <name>Position 572</name>
            </trkpt>
            <trkpt lat="47.771299" lon="15.835399">
                <ele>1155.8</ele>
                <time>2020-08-10T11:22:43.000Z</time>
                <name>Position 573</name>
            </trkpt>
            <trkpt lat="47.7713921" lon="15.8354409">
                <ele>1151.2</ele>
                <time>2020-08-10T11:22:55.000Z</time>
                <name>Position 574</name>
            </trkpt>
            <trkpt lat="47.7714922" lon="15.8354258">
                <ele>1146.1</ele>
                <time>2020-08-10T11:23:04.000Z</time>
                <name>Position 575</name>
            </trkpt>
            <trkpt lat="47.7715989" lon="15.8354433">
                <ele>1142.0</ele>
                <time>2020-08-10T11:23:14.000Z</time>
                <name>Position 576</name>
            </trkpt>
            <trkpt lat="47.7716793" lon="15.8355123">
                <ele>1138.0</ele>
                <time>2020-08-10T11:23:23.000Z</time>
                <name>Position 577</name>
            </trkpt>
            <trkpt lat="47.7717705" lon="15.8355204">
                <ele>1133.8</ele>
                <time>2020-08-10T11:23:32.000Z</time>
                <name>Position 578</name>
            </trkpt>
            <trkpt lat="47.7718549" lon="15.8355729">
                <ele>1129.6</ele>
                <time>2020-08-10T11:23:43.000Z</time>
                <name>Position 579</name>
            </trkpt>
            <trkpt lat="47.7719435" lon="15.8356006">
                <ele>1125.7</ele>
                <time>2020-08-10T11:23:58.000Z</time>
                <name>Position 580</name>
            </trkpt>
            <trkpt lat="47.7720191" lon="15.8356783">
                <ele>1119.4</ele>
                <time>2020-08-10T11:24:16.000Z</time>
                <name>Position 581</name>
            </trkpt>
            <trkpt lat="47.7721188" lon="15.8357619">
                <ele>1113.0</ele>
                <time>2020-08-10T11:24:30.000Z</time>
                <name>Position 582</name>
            </trkpt>
            <trkpt lat="47.7722005" lon="15.8358215">
                <ele>1110.0</ele>
                <time>2020-08-10T11:24:39.000Z</time>
                <name>Position 583</name>
            </trkpt>
            <trkpt lat="47.7722969" lon="15.8358404">
                <ele>1103.9</ele>
                <time>2020-08-10T11:24:53.000Z</time>
                <name>Position 584</name>
            </trkpt>
            <trkpt lat="47.7723774" lon="15.8359271">
                <ele>1097.6</ele>
                <time>2020-08-10T11:25:10.000Z</time>
                <name>Position 585</name>
            </trkpt>
            <trkpt lat="47.7724682" lon="15.8359661">
                <ele>1092.9</ele>
                <time>2020-08-10T11:25:21.000Z</time>
                <name>Position 586</name>
            </trkpt>
            <trkpt lat="47.7725589" lon="15.8360202">
                <ele>1088.5</ele>
                <time>2020-08-10T11:25:30.000Z</time>
                <name>Position 587</name>
            </trkpt>
            <trkpt lat="47.772646" lon="15.8360766">
                <ele>1084.0</ele>
                <time>2020-08-10T11:25:42.000Z</time>
                <name>Position 588</name>
            </trkpt>
            <trkpt lat="47.7727369" lon="15.8361016">
                <ele>1080.2</ele>
                <time>2020-08-10T11:25:54.000Z</time>
                <name>Position 589</name>
            </trkpt>
            <trkpt lat="47.7728287" lon="15.8361154">
                <ele>1078.6</ele>
                <time>2020-08-10T11:26:05.000Z</time>
                <name>Position 590</name>
            </trkpt>
            <trkpt lat="47.7728568" lon="15.8362439">
                <ele>1078.2</ele>
                <time>2020-08-10T11:31:52.000Z</time>
                <name>Position 591</name>
            </trkpt>
            <trkpt lat="47.7729436" lon="15.836303">
                <ele>1070.4</ele>
                <time>2020-08-10T11:32:41.000Z</time>
                <name>Position 592</name>
            </trkpt>
            <trkpt lat="47.7730435" lon="15.8362977">
                <ele>1063.3</ele>
                <time>2020-08-10T11:33:01.000Z</time>
                <name>Position 593</name>
            </trkpt>
            <trkpt lat="47.7731276" lon="15.8363668">
                <ele>1060.4</ele>
                <time>2020-08-10T11:33:08.000Z</time>
                <name>Position 594</name>
            </trkpt>
            <trkpt lat="47.7732156" lon="15.8364086">
                <ele>1054.2</ele>
                <time>2020-08-10T11:33:24.000Z</time>
                <name>Position 595</name>
            </trkpt>
            <trkpt lat="47.7733144" lon="15.8364173">
                <ele>1051.8</ele>
                <time>2020-08-10T11:33:32.000Z</time>
                <name>Position 596</name>
            </trkpt>
            <trkpt lat="47.7734043" lon="15.8364788">
                <ele>1049.1</ele>
                <time>2020-08-10T11:33:42.000Z</time>
                <name>Position 597</name>
            </trkpt>
            <trkpt lat="47.7734972" lon="15.8365103">
                <ele>1046.6</ele>
                <time>2020-08-10T11:33:50.000Z</time>
                <name>Position 598</name>
            </trkpt>
            <trkpt lat="47.773586" lon="15.8365518">
                <ele>1044.1</ele>
                <time>2020-08-10T11:33:57.000Z</time>
                <name>Position 599</name>
            </trkpt>
            <trkpt lat="47.7736663" lon="15.8366306">
                <ele>1038.6</ele>
                <time>2020-08-10T11:34:10.000Z</time>
                <name>Position 600</name>
            </trkpt>
            <trkpt lat="47.7737544" lon="15.8366708">
                <ele>1035.2</ele>
                <time>2020-08-10T11:34:20.000Z</time>
                <name>Position 601</name>
            </trkpt>
            <trkpt lat="47.7738478" lon="15.836689">
                <ele>1032.2</ele>
                <time>2020-08-10T11:34:29.000Z</time>
                <name>Position 602</name>
            </trkpt>
            <trkpt lat="47.7739391" lon="15.83672">
                <ele>1029.6</ele>
                <time>2020-08-10T11:34:37.000Z</time>
                <name>Position 603</name>
            </trkpt>
            <trkpt lat="47.7739859" lon="15.836846">
                <ele>1026.0</ele>
                <time>2020-08-10T11:34:48.000Z</time>
                <name>Position 604</name>
            </trkpt>
            <trkpt lat="47.7739819" lon="15.8369913">
                <ele>1022.9</ele>
                <time>2020-08-10T11:34:59.000Z</time>
                <name>Position 605</name>
            </trkpt>
            <trkpt lat="47.7739545" lon="15.8371226">
                <ele>1021.2</ele>
                <time>2020-08-10T11:35:07.000Z</time>
                <name>Position 606</name>
            </trkpt>
            <trkpt lat="47.7740137" lon="15.837225">
                <ele>1017.4</ele>
                <time>2020-08-10T11:35:19.000Z</time>
                <name>Position 607</name>
            </trkpt>
            <trkpt lat="47.7740804" lon="15.8373513">
                <ele>1014.8</ele>
                <time>2020-08-10T11:35:25.000Z</time>
                <name>Position 608</name>
            </trkpt>
            <trkpt lat="47.7741429" lon="15.8374676">
                <ele>1012.1</ele>
                <time>2020-08-10T11:35:32.000Z</time>
                <name>Position 609</name>
            </trkpt>
            <trkpt lat="47.7741683" lon="15.8376052">
                <ele>1006.4</ele>
                <time>2020-08-10T11:35:45.000Z</time>
                <name>Position 610</name>
            </trkpt>
            <trkpt lat="47.7742216" lon="15.8377331">
                <ele>1003.0</ele>
                <time>2020-08-10T11:35:54.000Z</time>
                <name>Position 611</name>
            </trkpt>
            <trkpt lat="47.7742519" lon="15.8378643">
                <ele>1000.9</ele>
                <time>2020-08-10T11:36:21.000Z</time>
                <name>Position 612</name>
            </trkpt>
            <trkpt lat="47.7742938" lon="15.8379919">
                <ele>996.6</ele>
                <time>2020-08-10T11:36:40.000Z</time>
                <name>Position 613</name>
            </trkpt>
            <trkpt lat="47.7743807" lon="15.8380675">
                <ele>993.8</ele>
                <time>2020-08-10T11:36:49.000Z</time>
                <name>Position 614</name>
            </trkpt>
            <trkpt lat="47.7744727" lon="15.838133">
                <ele>990.8</ele>
                <time>2020-08-10T11:36:57.000Z</time>
                <name>Position 615</name>
            </trkpt>
            <trkpt lat="47.7745554" lon="15.8382028">
                <ele>987.9</ele>
                <time>2020-08-10T11:37:06.000Z</time>
                <name>Position 616</name>
            </trkpt>
            <trkpt lat="47.7744852" lon="15.8382934">
                <ele>984.0</ele>
                <time>2020-08-10T11:37:19.000Z</time>
                <name>Position 617</name>
            </trkpt>
            <trkpt lat="47.7744519" lon="15.838426">
                <ele>981.2</ele>
                <time>2020-08-10T11:37:29.000Z</time>
                <name>Position 618</name>
            </trkpt>
            <trkpt lat="47.7744786" lon="15.8385693">
                <ele>979.0</ele>
                <time>2020-08-10T11:37:36.000Z</time>
                <name>Position 619</name>
            </trkpt>
            <trkpt lat="47.7745697" lon="15.8386254">
                <ele>977.6</ele>
                <time>2020-08-10T11:37:44.000Z</time>
                <name>Position 620</name>
            </trkpt>
            <trkpt lat="47.7746675" lon="15.8386337">
                <ele>975.3</ele>
                <time>2020-08-10T11:37:52.000Z</time>
                <name>Position 621</name>
            </trkpt>
            <trkpt lat="47.7747656" lon="15.8386563">
                <ele>973.6</ele>
                <time>2020-08-10T11:37:59.000Z</time>
                <name>Position 622</name>
            </trkpt>
            <trkpt lat="47.7746864" lon="15.838744">
                <ele>971.5</ele>
                <time>2020-08-10T11:38:53.000Z</time>
                <name>Position 623</name>
            </trkpt>
            <trkpt lat="47.7745943" lon="15.8388025">
                <ele>970.2</ele>
                <time>2020-08-10T11:39:02.000Z</time>
                <name>Position 624</name>
            </trkpt>
            <trkpt lat="47.7745246" lon="15.8388875">
                <ele>969.3</ele>
                <time>2020-08-10T11:39:11.000Z</time>
                <name>Position 625</name>
            </trkpt>
            <trkpt lat="47.7745732" lon="15.8390174">
                <ele>968.5</ele>
                <time>2020-08-10T11:39:18.000Z</time>
                <name>Position 626</name>
            </trkpt>
            <trkpt lat="47.7746667" lon="15.8390194">
                <ele>968.1</ele>
                <time>2020-08-10T11:39:28.000Z</time>
                <name>Position 627</name>
            </trkpt>
            <trkpt lat="47.774746" lon="15.8390833">
                <ele>967.0</ele>
                <time>2020-08-10T11:40:30.000Z</time>
                <name>Position 628</name>
            </trkpt>
            <trkpt lat="47.7747329" lon="15.8392195">
                <ele>959.6</ele>
                <time>2020-08-10T11:41:04.000Z</time>
                <name>Position 629</name>
            </trkpt>
            <trkpt lat="47.7747242" lon="15.8393537">
                <ele>956.9</ele>
                <time>2020-08-10T11:41:13.000Z</time>
                <name>Position 630</name>
            </trkpt>
            <trkpt lat="47.7747744" lon="15.8394765">
                <ele>954.0</ele>
                <time>2020-08-10T11:41:23.000Z</time>
                <name>Position 631</name>
            </trkpt>
            <trkpt lat="47.7748296" lon="15.8395964">
                <ele>948.6</ele>
                <time>2020-08-10T11:41:50.000Z</time>
                <name>Position 632</name>
            </trkpt>
            <trkpt lat="47.7748472" lon="15.83974">
                <ele>945.4</ele>
                <time>2020-08-10T11:42:00.000Z</time>
                <name>Position 633</name>
            </trkpt>
            <trkpt lat="47.7749065" lon="15.8398565">
                <ele>941.3</ele>
                <time>2020-08-10T11:42:10.000Z</time>
                <name>Position 634</name>
            </trkpt>
            <trkpt lat="47.7748834" lon="15.8399993">
                <ele>938.9</ele>
                <time>2020-08-10T11:42:19.000Z</time>
                <name>Position 635</name>
            </trkpt>
            <trkpt lat="47.774929" lon="15.8401337">
                <ele>935.4</ele>
                <time>2020-08-10T11:42:26.000Z</time>
                <name>Position 636</name>
            </trkpt>
            <trkpt lat="47.775006" lon="15.8402267">
                <ele>932.8</ele>
                <time>2020-08-10T11:42:33.000Z</time>
                <name>Position 637</name>
            </trkpt>
            <trkpt lat="47.7750942" lon="15.8402769">
                <ele>930.6</ele>
                <time>2020-08-10T11:42:39.000Z</time>
                <name>Position 638</name>
            </trkpt>
            <trkpt lat="47.7751826" lon="15.840349">
                <ele>928.7</ele>
                <time>2020-08-10T11:42:45.000Z</time>
                <name>Position 639</name>
            </trkpt>
            <trkpt lat="47.7752539" lon="15.8404428">
                <ele>925.9</ele>
                <time>2020-08-10T11:42:53.000Z</time>
                <name>Position 640</name>
            </trkpt>
            <trkpt lat="47.7752258" lon="15.8405806">
                <ele>923.6</ele>
                <time>2020-08-10T11:43:02.000Z</time>
                <name>Position 641</name>
            </trkpt>
            <trkpt lat="47.7751905" lon="15.8407109">
                <ele>920.1</ele>
                <time>2020-08-10T11:43:12.000Z</time>
                <name>Position 642</name>
            </trkpt>
            <trkpt lat="47.7752302" lon="15.8408482">
                <ele>917.1</ele>
                <time>2020-08-10T11:43:20.000Z</time>
                <name>Position 643</name>
            </trkpt>
            <trkpt lat="47.7752497" lon="15.8409945">
                <ele>915.1</ele>
                <time>2020-08-10T11:43:27.000Z</time>
                <name>Position 644</name>
            </trkpt>
            <trkpt lat="47.7752097" lon="15.8411241">
                <ele>911.2</ele>
                <time>2020-08-10T11:43:36.000Z</time>
                <name>Position 645</name>
            </trkpt>
            <trkpt lat="47.7752353" lon="15.8412605">
                <ele>908.2</ele>
                <time>2020-08-10T11:43:43.000Z</time>
                <name>Position 646</name>
            </trkpt>
            <trkpt lat="47.7752291" lon="15.8414098">
                <ele>904.3</ele>
                <time>2020-08-10T11:43:52.000Z</time>
                <name>Position 647</name>
            </trkpt>
            <trkpt lat="47.7752043" lon="15.8415393">
                <ele>902.5</ele>
                <time>2020-08-10T11:44:00.000Z</time>
                <name>Position 648</name>
            </trkpt>
            <trkpt lat="47.7752084" lon="15.8416776">
                <ele>900.8</ele>
                <time>2020-08-10T11:44:06.000Z</time>
                <name>Position 649</name>
            </trkpt>
            <trkpt lat="47.7752065" lon="15.841815">
                <ele>898.0</ele>
                <time>2020-08-10T11:44:17.000Z</time>
                <name>Position 650</name>
            </trkpt>
            <trkpt lat="47.7751782" lon="15.8419437">
                <ele>896.6</ele>
                <time>2020-08-10T11:44:23.000Z</time>
                <name>Position 651</name>
            </trkpt>
            <trkpt lat="47.7751343" lon="15.8420671">
                <ele>895.0</ele>
                <time>2020-08-10T11:44:29.000Z</time>
                <name>Position 652</name>
            </trkpt>
            <trkpt lat="47.7751125" lon="15.8422185">
                <ele>892.7</ele>
                <time>2020-08-10T11:44:35.000Z</time>
                <name>Position 653</name>
            </trkpt>
            <trkpt lat="47.7751473" lon="15.8423478">
                <ele>890.8</ele>
                <time>2020-08-10T11:44:44.000Z</time>
                <name>Position 654</name>
            </trkpt>
            <trkpt lat="47.7751567" lon="15.8424845">
                <ele>889.5</ele>
                <time>2020-08-10T11:44:50.000Z</time>
                <name>Position 655</name>
            </trkpt>
            <trkpt lat="47.775219" lon="15.8425824">
                <ele>888.8</ele>
                <time>2020-08-10T11:44:55.000Z</time>
                <name>Position 656</name>
            </trkpt>
            <trkpt lat="47.7752915" lon="15.8426869">
                <ele>887.7</ele>
                <time>2020-08-10T11:45:02.000Z</time>
                <name>Position 657</name>
            </trkpt>
            <trkpt lat="47.7753556" lon="15.8427988">
                <ele>886.5</ele>
                <time>2020-08-10T11:45:09.000Z</time>
                <name>Position 658</name>
            </trkpt>
            <trkpt lat="47.7754148" lon="15.8429006">
                <ele>884.8</ele>
                <time>2020-08-10T11:45:16.000Z</time>
                <name>Position 659</name>
            </trkpt>
            <trkpt lat="47.7754712" lon="15.8430275">
                <ele>883.0</ele>
                <time>2020-08-10T11:45:24.000Z</time>
                <name>Position 660</name>
            </trkpt>
            <trkpt lat="47.775543" lon="15.8431096">
                <ele>881.6</ele>
                <time>2020-08-10T11:45:32.000Z</time>
                <name>Position 661</name>
            </trkpt>
            <trkpt lat="47.7756239" lon="15.8431981">
                <ele>880.3</ele>
                <time>2020-08-10T11:45:39.000Z</time>
                <name>Position 662</name>
            </trkpt>
            <trkpt lat="47.7756938" lon="15.8433099">
                <ele>879.0</ele>
                <time>2020-08-10T11:45:46.000Z</time>
                <name>Position 663</name>
            </trkpt>
            <trkpt lat="47.7757559" lon="15.8434176">
                <ele>877.9</ele>
                <time>2020-08-10T11:45:53.000Z</time>
                <name>Position 664</name>
            </trkpt>
            <trkpt lat="47.7757971" lon="15.8435456">
                <ele>876.9</ele>
                <time>2020-08-10T11:45:59.000Z</time>
                <name>Position 665</name>
            </trkpt>
            <trkpt lat="47.7758314" lon="15.8436855">
                <ele>874.8</ele>
                <time>2020-08-10T11:46:06.000Z</time>
                <name>Position 666</name>
            </trkpt>
            <trkpt lat="47.7758585" lon="15.8438184">
                <ele>873.4</ele>
                <time>2020-08-10T11:46:13.000Z</time>
                <name>Position 667</name>
            </trkpt>
            <trkpt lat="47.7758528" lon="15.8439635">
                <ele>871.9</ele>
                <time>2020-08-10T11:46:21.000Z</time>
                <name>Position 668</name>
            </trkpt>
            <trkpt lat="47.7758952" lon="15.8440981">
                <ele>870.4</ele>
                <time>2020-08-10T11:46:29.000Z</time>
                <name>Position 669</name>
            </trkpt>
            <trkpt lat="47.7759478" lon="15.8442134">
                <ele>869.0</ele>
                <time>2020-08-10T11:46:37.000Z</time>
                <name>Position 670</name>
            </trkpt>
            <trkpt lat="47.7759645" lon="15.8443477">
                <ele>867.7</ele>
                <time>2020-08-10T11:46:44.000Z</time>
                <name>Position 671</name>
            </trkpt>
            <trkpt lat="47.7759814" lon="15.8444826">
                <ele>866.6</ele>
                <time>2020-08-10T11:46:53.000Z</time>
                <name>Position 672</name>
            </trkpt>
            <trkpt lat="47.775993" lon="15.8446202">
                <ele>865.1</ele>
                <time>2020-08-10T11:47:01.000Z</time>
                <name>Position 673</name>
            </trkpt>
            <trkpt lat="47.7760343" lon="15.8447447">
                <ele>863.7</ele>
                <time>2020-08-10T11:47:08.000Z</time>
                <name>Position 674</name>
            </trkpt>
            <trkpt lat="47.7760807" lon="15.8448771">
                <ele>862.7</ele>
                <time>2020-08-10T11:47:14.000Z</time>
                <name>Position 675</name>
            </trkpt>
            <trkpt lat="47.7761321" lon="15.8450061">
                <ele>861.1</ele>
                <time>2020-08-10T11:47:22.000Z</time>
                <name>Position 676</name>
            </trkpt>
            <trkpt lat="47.776157" lon="15.8451486">
                <ele>859.4</ele>
                <time>2020-08-10T11:47:29.000Z</time>
                <name>Position 677</name>
            </trkpt>
            <trkpt lat="47.7761689" lon="15.8452831">
                <ele>857.4</ele>
                <time>2020-08-10T11:47:37.000Z</time>
                <name>Position 678</name>
            </trkpt>
            <trkpt lat="47.7762044" lon="15.8454178">
                <ele>856.1</ele>
                <time>2020-08-10T11:47:44.000Z</time>
                <name>Position 679</name>
            </trkpt>
            <trkpt lat="47.7762508" lon="15.8455423">
                <ele>854.1</ele>
                <time>2020-08-10T11:47:54.000Z</time>
                <name>Position 680</name>
            </trkpt>
            <trkpt lat="47.7762852" lon="15.84569">
                <ele>852.4</ele>
                <time>2020-08-10T11:48:03.000Z</time>
                <name>Position 681</name>
            </trkpt>
            <trkpt lat="47.7763352" lon="15.8458214">
                <ele>851.0</ele>
                <time>2020-08-10T11:48:11.000Z</time>
                <name>Position 682</name>
            </trkpt>
            <trkpt lat="47.7763815" lon="15.845945">
                <ele>849.6</ele>
                <time>2020-08-10T11:48:18.000Z</time>
                <name>Position 683</name>
            </trkpt>
            <trkpt lat="47.7763852" lon="15.846104">
                <ele>847.9</ele>
                <time>2020-08-10T11:48:27.000Z</time>
                <name>Position 684</name>
            </trkpt>
            <trkpt lat="47.77633" lon="15.8462368">
                <ele>846.5</ele>
                <time>2020-08-10T11:48:35.000Z</time>
                <name>Position 685</name>
            </trkpt>
            <trkpt lat="47.7762388" lon="15.8463138">
                <ele>845.4</ele>
                <time>2020-08-10T11:48:42.000Z</time>
                <name>Position 686</name>
            </trkpt>
            <trkpt lat="47.7761588" lon="15.8463974">
                <ele>844.1</ele>
                <time>2020-08-10T11:48:50.000Z</time>
                <name>Position 687</name>
            </trkpt>
            <trkpt lat="47.7761079" lon="15.8465142">
                <ele>843.1</ele>
                <time>2020-08-10T11:48:57.000Z</time>
                <name>Position 688</name>
            </trkpt>
            <trkpt lat="47.7760672" lon="15.8466496">
                <ele>841.8</ele>
                <time>2020-08-10T11:49:04.000Z</time>
                <name>Position 689</name>
            </trkpt>
            <trkpt lat="47.7760495" lon="15.8467882">
                <ele>840.4</ele>
                <time>2020-08-10T11:49:12.000Z</time>
                <name>Position 690</name>
            </trkpt>
            <trkpt lat="47.7760827" lon="15.8469174">
                <ele>838.8</ele>
                <time>2020-08-10T11:49:20.000Z</time>
                <name>Position 691</name>
            </trkpt>
            <trkpt lat="47.776124" lon="15.8470411">
                <ele>837.5</ele>
                <time>2020-08-10T11:49:29.000Z</time>
                <name>Position 692</name>
            </trkpt>
            <trkpt lat="47.7761715" lon="15.8471639">
                <ele>835.6</ele>
                <time>2020-08-10T11:49:36.000Z</time>
                <name>Position 693</name>
            </trkpt>
            <trkpt lat="47.7761746" lon="15.8473139">
                <ele>834.3</ele>
                <time>2020-08-10T11:49:43.000Z</time>
                <name>Position 694</name>
            </trkpt>
            <trkpt lat="47.7761818" lon="15.8474647">
                <ele>832.7</ele>
                <time>2020-08-10T11:49:50.000Z</time>
                <name>Position 695</name>
            </trkpt>
            <trkpt lat="47.7761948" lon="15.8476039">
                <ele>832.1</ele>
                <time>2020-08-10T11:49:56.000Z</time>
                <name>Position 696</name>
            </trkpt>
            <trkpt lat="47.7762051" lon="15.8477405">
                <ele>830.3</ele>
                <time>2020-08-10T11:50:04.000Z</time>
                <name>Position 697</name>
            </trkpt>
            <trkpt lat="47.7762137" lon="15.8478909">
                <ele>828.4</ele>
                <time>2020-08-10T11:50:12.000Z</time>
                <name>Position 698</name>
            </trkpt>
            <trkpt lat="47.7762274" lon="15.8480303">
                <ele>827.2</ele>
                <time>2020-08-10T11:50:19.000Z</time>
                <name>Position 699</name>
            </trkpt>
            <trkpt lat="47.7762551" lon="15.8481678">
                <ele>826.5</ele>
                <time>2020-08-10T11:50:26.000Z</time>
                <name>Position 700</name>
            </trkpt>
            <trkpt lat="47.7762483" lon="15.8483197">
                <ele>825.6</ele>
                <time>2020-08-10T11:50:33.000Z</time>
                <name>Position 701</name>
            </trkpt>
            <trkpt lat="47.7762207" lon="15.848464">
                <ele>824.3</ele>
                <time>2020-08-10T11:50:42.000Z</time>
                <name>Position 702</name>
            </trkpt>
            <trkpt lat="47.7761842" lon="15.8486059">
                <ele>823.2</ele>
                <time>2020-08-10T11:50:50.000Z</time>
                <name>Position 703</name>
            </trkpt>
            <trkpt lat="47.7762044" lon="15.8487457">
                <ele>822.2</ele>
                <time>2020-08-10T11:50:58.000Z</time>
                <name>Position 704</name>
            </trkpt>
            <trkpt lat="47.7762301" lon="15.8488891">
                <ele>821.1</ele>
                <time>2020-08-10T11:51:05.000Z</time>
                <name>Position 705</name>
            </trkpt>
            <trkpt lat="47.7762589" lon="15.8490184">
                <ele>820.1</ele>
                <time>2020-08-10T11:51:13.000Z</time>
                <name>Position 706</name>
            </trkpt>
            <trkpt lat="47.7762615" lon="15.8491646">
                <ele>818.9</ele>
                <time>2020-08-10T11:51:22.000Z</time>
                <name>Position 707</name>
            </trkpt>
            <trkpt lat="47.7762114" lon="15.8493012">
                <ele>818.1</ele>
                <time>2020-08-10T11:51:29.000Z</time>
                <name>Position 708</name>
            </trkpt>
            <trkpt lat="47.7761787" lon="15.8494365">
                <ele>817.4</ele>
                <time>2020-08-10T11:51:36.000Z</time>
                <name>Position 709</name>
            </trkpt>
            <trkpt lat="47.7761469" lon="15.8495644">
                <ele>816.6</ele>
                <time>2020-08-10T11:51:42.000Z</time>
                <name>Position 710</name>
            </trkpt>
            <trkpt lat="47.7761197" lon="15.849704">
                <ele>815.7</ele>
                <time>2020-08-10T11:51:49.000Z</time>
                <name>Position 711</name>
            </trkpt>
            <trkpt lat="47.7761016" lon="15.8498498">
                <ele>814.2</ele>
                <time>2020-08-10T11:51:57.000Z</time>
                <name>Position 712</name>
            </trkpt>
            <trkpt lat="47.7760851" lon="15.8499857">
                <ele>813.3</ele>
                <time>2020-08-10T11:52:04.000Z</time>
                <name>Position 713</name>
            </trkpt>
            <trkpt lat="47.7760644" lon="15.8501294">
                <ele>812.2</ele>
                <time>2020-08-10T11:52:12.000Z</time>
                <name>Position 714</name>
            </trkpt>
            <trkpt lat="47.7760556" lon="15.8502744">
                <ele>811.4</ele>
                <time>2020-08-10T11:52:21.000Z</time>
                <name>Position 715</name>
            </trkpt>
            <trkpt lat="47.7760296" lon="15.8504237">
                <ele>810.2</ele>
                <time>2020-08-10T11:52:30.000Z</time>
                <name>Position 716</name>
            </trkpt>
            <trkpt lat="47.776016" lon="15.8505575">
                <ele>809.4</ele>
                <time>2020-08-10T11:52:36.000Z</time>
                <name>Position 717</name>
            </trkpt>
            <trkpt lat="47.7759728" lon="15.8506904">
                <ele>808.6</ele>
                <time>2020-08-10T11:52:43.000Z</time>
                <name>Position 718</name>
            </trkpt>
            <trkpt lat="47.7759183" lon="15.8508262">
                <ele>807.6</ele>
                <time>2020-08-10T11:52:50.000Z</time>
                <name>Position 719</name>
            </trkpt>
            <trkpt lat="47.7758762" lon="15.8509636">
                <ele>807.0</ele>
                <time>2020-08-10T11:52:59.000Z</time>
                <name>Position 720</name>
            </trkpt>
            <trkpt lat="47.7758416" lon="15.8510911">
                <ele>806.3</ele>
                <time>2020-08-10T11:53:06.000Z</time>
                <name>Position 721</name>
            </trkpt>
            <trkpt lat="47.7758071" lon="15.8512267">
                <ele>805.4</ele>
                <time>2020-08-10T11:53:14.000Z</time>
                <name>Position 722</name>
            </trkpt>
            <trkpt lat="47.775733" lon="15.851325">
                <ele>804.5</ele>
                <time>2020-08-10T11:53:22.000Z</time>
                <name>Position 723</name>
            </trkpt>
            <trkpt lat="47.7757015" lon="15.8514537">
                <ele>803.5</ele>
                <time>2020-08-10T11:53:29.000Z</time>
                <name>Position 724</name>
            </trkpt>
            <trkpt lat="47.7756543" lon="15.8515879">
                <ele>803.5</ele>
                <time>2020-08-10T11:53:36.000Z</time>
                <name>Position 725</name>
            </trkpt>
            <trkpt lat="47.7756073" lon="15.8517119">
                <ele>802.9</ele>
                <time>2020-08-10T11:53:44.000Z</time>
                <name>Position 726</name>
            </trkpt>
            <trkpt lat="47.7755292" lon="15.8517913">
                <ele>801.1</ele>
                <time>2020-08-10T11:54:01.000Z</time>
                <name>Position 727</name>
            </trkpt>
            <trkpt lat="47.7754926" lon="15.8519256">
                <ele>800.3</ele>
                <time>2020-08-10T11:54:08.000Z</time>
                <name>Position 728</name>
            </trkpt>
            <trkpt lat="47.7754466" lon="15.8520529">
                <ele>799.5</ele>
                <time>2020-08-10T11:54:15.000Z</time>
                <name>Position 729</name>
            </trkpt>
            <trkpt lat="47.7754092" lon="15.852181">
                <ele>798.7</ele>
                <time>2020-08-10T11:54:22.000Z</time>
                <name>Position 730</name>
            </trkpt>
            <trkpt lat="47.7753621" lon="15.8522993">
                <ele>797.8</ele>
                <time>2020-08-10T11:54:28.000Z</time>
                <name>Position 731</name>
            </trkpt>
            <trkpt lat="47.7753132" lon="15.8524233">
                <ele>797.4</ele>
                <time>2020-08-10T11:54:35.000Z</time>
                <name>Position 732</name>
            </trkpt>
            <trkpt lat="47.7752766" lon="15.8525499">
                <ele>796.2</ele>
                <time>2020-08-10T11:54:42.000Z</time>
                <name>Position 733</name>
            </trkpt>
            <trkpt lat="47.7752347" lon="15.8526701">
                <ele>795.7</ele>
                <time>2020-08-10T11:54:49.000Z</time>
                <name>Position 734</name>
            </trkpt>
            <trkpt lat="47.7751792" lon="15.8527943">
                <ele>794.8</ele>
                <time>2020-08-10T11:54:59.000Z</time>
                <name>Position 735</name>
            </trkpt>
            <trkpt lat="47.775126" lon="15.8529076">
                <ele>793.9</ele>
                <time>2020-08-10T11:55:07.000Z</time>
                <name>Position 736</name>
            </trkpt>
            <trkpt lat="47.7750837" lon="15.8530424">
                <ele>793.6</ele>
                <time>2020-08-10T11:55:14.000Z</time>
                <name>Position 737</name>
            </trkpt>
            <trkpt lat="47.775031" lon="15.8531526">
                <ele>793.1</ele>
                <time>2020-08-10T11:55:21.000Z</time>
                <name>Position 738</name>
            </trkpt>
            <trkpt lat="47.7749981" lon="15.8532836">
                <ele>792.4</ele>
                <time>2020-08-10T11:55:28.000Z</time>
                <name>Position 739</name>
            </trkpt>
            <trkpt lat="47.7749743" lon="15.8534262">
                <ele>791.1</ele>
                <time>2020-08-10T11:55:37.000Z</time>
                <name>Position 740</name>
            </trkpt>
            <trkpt lat="47.7749256" lon="15.8535408">
                <ele>790.0</ele>
                <time>2020-08-10T11:55:46.000Z</time>
                <name>Position 741</name>
            </trkpt>
            <trkpt lat="47.7749484" lon="15.8536952">
                <ele>788.5</ele>
                <time>2020-08-10T11:55:56.000Z</time>
                <name>Position 742</name>
            </trkpt>
            <trkpt lat="47.774992" lon="15.8538247">
                <ele>788.1</ele>
                <time>2020-08-10T11:56:03.000Z</time>
                <name>Position 743</name>
            </trkpt>
            <trkpt lat="47.7749078" lon="15.8537678">
                <ele>788.3</ele>
                <time>2020-08-10T11:58:16.000Z</time>
                <name>Position 744</name>
            </trkpt>
            <trkpt lat="47.7748686" lon="15.8539002">
                <ele>788.1</ele>
                <time>2020-08-10T11:58:34.000Z</time>
                <name>Position 745</name>
            </trkpt>
            <trkpt lat="47.7748583" lon="15.8540839">
                <ele>787.1</ele>
                <time>2020-08-10T11:58:38.000Z</time>
                <name>Position 746</name>
            </trkpt>
            <trkpt lat="47.774864" lon="15.8542866">
                <ele>786.4</ele>
                <time>2020-08-10T11:58:41.000Z</time>
                <name>Position 747</name>
            </trkpt>
            <trkpt lat="47.7748939" lon="15.8544318">
                <ele>785.4</ele>
                <time>2020-08-10T11:58:44.000Z</time>
                <name>0000411</name>
                <desc>&lt;p&gt;&lt;br /&gt;&lt;h3&gt;Name: Segment: 1&lt;/h3&gt;&lt;br /&gt;Startzeit: 08/10/2020 07:21&lt;br/&gt;Zielzeit: 08/10/2020 13:58&lt;br/&gt;Strecke: 7,9km (06:37)&lt;br/&gt;Bewegungszeit: 02:35&lt;br/&gt;Ø-Geschwindigkeit: 1,19 km/h&lt;br/&gt;Netto-Geschwindigkeit: 3,04 km/h&lt;br/&gt;Max. Geschwindigkeit: 14,5 km/h&lt;br/&gt;Minimale Höhe: 757 m&lt;br/&gt;Maximale Höhe: 1685 m&lt;br/&gt;Steig-Geschw.: 200,3 m/h&lt;br/&gt;Sink-Geschw.: -556,6 m/h&lt;br/&gt;Aufstieg: 977 m&lt;br/&gt;Abstieg: -946 m&lt;br/&gt;Steigzeit: 04:52&lt;br/&gt;Sinkzeit: 01:42&lt;br/&gt;&lt;/p&gt;</desc>
            </trkpt>
        </trkseg>
    </trk>
</gpx>
