<?xml version="1.0" encoding="UTF-8" standalone="yes"?>
<gpx xmlns:gpxtpx1="http://www.garmin.com/xmlschemas/TrackPointExtension/v1" xmlns="http://www.topografix.com/GPX/1/1" xmlns:trp="http://www.garmin.com/xmlschemas/TripExtensions/v1" xmlns:gpxx="http://www.garmin.com/xmlschemas/GpxExtensions/v3" xmlns:gpxtpx="http://www.garmin.com/xmlschemas/TrackPointExtension/v2" version="1.1" creator="RouteConverter 2.29">
    <metadata>
        <name>Karte – 19. April 2025</name>
        <desc></desc>
        <link href="http://www.alltrails.com">
            <text>AllTrails, LLC</text>
        </link>
        <time>2025-04-19T09:38:45.051Z</time>
        <bounds minlat="47.6541" minlon="13.61867" maxlat="47.66728" maxlon="13.66699"/>
    </metadata>
    <trk>
        <name>Karte – 19. April 2025</name>
        <src>AllTrails</src>
        <trkseg>
            <trkpt lat="47.65423" lon="13.63911">
                <ele>965.6</ele>
                <name>Position 1</name>
            </trkpt>
            <trkpt lat="47.65419" lon="13.6391">
                <ele>964.6</ele>
                <name>Position 2</name>
            </trkpt>
            <trkpt lat="47.65423" lon="13.63913">
                <ele>965.6</ele>
                <name>Position 3</name>
            </trkpt>
            <trkpt lat="47.65453" lon="13.6392">
                <ele>974.0</ele>
                <name>Position 4</name>
            </trkpt>
            <trkpt lat="47.6547" lon="13.63914">
                <ele>980.3</ele>
                <name>Position 5</name>
            </trkpt>
            <trkpt lat="47.6547" lon="13.63914">
                <ele>980.3</ele>
                <name>Position 6</name>
            </trkpt>
            <trkpt lat="47.6547" lon="13.63914">
                <ele>980.3</ele>
                <name>Position 7</name>
            </trkpt>
            <trkpt lat="47.65468" lon="13.63898">
                <ele>980.1</ele>
                <name>Position 8</name>
            </trkpt>
            <trkpt lat="47.65466" lon="13.63882">
                <ele>979.5</ele>
                <name>Position 9</name>
            </trkpt>
            <trkpt lat="47.65466" lon="13.63867">
                <ele>979.5</ele>
                <name>Position 10</name>
            </trkpt>
            <trkpt lat="47.65466" lon="13.63852">
                <ele>979.5</ele>
                <name>Position 11</name>
            </trkpt>
            <trkpt lat="47.65471" lon="13.63829">
                <ele>981.7</ele>
                <name>Position 12</name>
            </trkpt>
            <trkpt lat="47.65475" lon="13.63804">
                <ele>984.2</ele>
                <name>Position 13</name>
            </trkpt>
            <trkpt lat="47.65476" lon="13.63799">
                <ele>984.7</ele>
                <name>Position 14</name>
            </trkpt>
            <trkpt lat="47.65476" lon="13.63799">
                <ele>984.7</ele>
                <name>Position 15</name>
            </trkpt>
            <trkpt lat="47.65476" lon="13.63799">
                <ele>984.7</ele>
                <name>Position 16</name>
            </trkpt>
            <trkpt lat="47.65476" lon="13.63792">
                <ele>984.9</ele>
                <name>Position 17</name>
            </trkpt>
            <trkpt lat="47.65475" lon="13.63784">
                <ele>984.8</ele>
                <name>Position 18</name>
            </trkpt>
            <trkpt lat="47.65475" lon="13.63778">
                <ele>985.0</ele>
                <name>Position 19</name>
            </trkpt>
            <trkpt lat="47.65474" lon="13.63772">
                <ele>985.1</ele>
                <name>Position 20</name>
            </trkpt>
            <trkpt lat="47.65474" lon="13.63765">
                <ele>985.6</ele>
                <name>Position 21</name>
            </trkpt>
            <trkpt lat="47.65474" lon="13.63755">
                <ele>986.3</ele>
                <name>Position 22</name>
            </trkpt>
            <trkpt lat="47.65475" lon="13.63742">
                <ele>987.3</ele>
                <name>Position 23</name>
            </trkpt>
            <trkpt lat="47.65475" lon="13.63737">
                <ele>987.4</ele>
                <name>Position 24</name>
            </trkpt>
            <trkpt lat="47.65474" lon="13.63731">
                <ele>987.3</ele>
                <name>Position 25</name>
            </trkpt>
            <trkpt lat="47.65474" lon="13.63725">
                <ele>987.5</ele>
                <name>Position 26</name>
            </trkpt>
            <trkpt lat="47.6547" lon="13.63703">
                <ele>986.7</ele>
                <name>Position 27</name>
            </trkpt>
            <trkpt lat="47.65465" lon="13.63676">
                <ele>984.2</ele>
                <name>Position 28</name>
            </trkpt>
            <trkpt lat="47.65461" lon="13.6366">
                <ele>982.4</ele>
                <name>Position 29</name>
            </trkpt>
            <trkpt lat="47.65458" lon="13.63644">
                <ele>980.8</ele>
                <name>Position 30</name>
            </trkpt>
            <trkpt lat="47.65455" lon="13.63636">
                <ele>979.8</ele>
                <name>Position 31</name>
            </trkpt>
            <trkpt lat="47.65451" lon="13.6363">
                <ele>978.9</ele>
                <name>Position 32</name>
            </trkpt>
            <trkpt lat="47.65442" lon="13.63619">
                <ele>976.6</ele>
                <name>Position 33</name>
            </trkpt>
            <trkpt lat="47.65436" lon="13.6361">
                <ele>974.5</ele>
                <name>Position 34</name>
            </trkpt>
            <trkpt lat="47.65434" lon="13.63605">
                <ele>973.6</ele>
                <name>Position 35</name>
            </trkpt>
            <trkpt lat="47.65433" lon="13.63599">
                <ele>972.9</ele>
                <name>Position 36</name>
            </trkpt>
            <trkpt lat="47.65432" lon="13.63588">
                <ele>971.8</ele>
                <name>Position 37</name>
            </trkpt>
            <trkpt lat="47.65432" lon="13.63577">
                <ele>971.4</ele>
                <name>Position 38</name>
            </trkpt>
            <trkpt lat="47.6543" lon="13.63532">
                <ele>969.8</ele>
                <name>Position 39</name>
            </trkpt>
            <trkpt lat="47.6543" lon="13.63514">
                <ele>969.5</ele>
                <name>Position 40</name>
            </trkpt>
            <trkpt lat="47.6543" lon="13.63505">
                <ele>969.3</ele>
                <name>Position 41</name>
            </trkpt>
            <trkpt lat="47.65431" lon="13.635">
                <ele>969.7</ele>
                <name>Position 42</name>
            </trkpt>
            <trkpt lat="47.65423" lon="13.63471">
                <ele>964.6</ele>
                <name>Position 43</name>
            </trkpt>
            <trkpt lat="47.65422" lon="13.63443">
                <ele>961.9</ele>
                <name>Position 44</name>
            </trkpt>
            <trkpt lat="47.65419" lon="13.63427">
                <ele>960.2</ele>
                <name>Position 45</name>
            </trkpt>
            <trkpt lat="47.65419" lon="13.63394">
                <ele>959.8</ele>
                <name>Position 46</name>
            </trkpt>
            <trkpt lat="47.65423" lon="13.63364">
                <ele>960.4</ele>
                <name>Position 47</name>
            </trkpt>
            <trkpt lat="47.65422" lon="13.63316">
                <ele>959.2</ele>
                <name>Position 48</name>
            </trkpt>
            <trkpt lat="47.65427" lon="13.63291">
                <ele>960.7</ele>
                <name>Position 49</name>
            </trkpt>
            <trkpt lat="47.65428" lon="13.63261">
                <ele>960.1</ele>
                <name>Position 50</name>
            </trkpt>
            <trkpt lat="47.65432" lon="13.63217">
                <ele>958.9</ele>
                <name>Position 51</name>
            </trkpt>
            <trkpt lat="47.65435" lon="13.63202">
                <ele>958.0</ele>
                <name>Position 52</name>
            </trkpt>
            <trkpt lat="47.65441" lon="13.63186">
                <ele>956.0</ele>
                <name>Position 53</name>
            </trkpt>
            <trkpt lat="47.6545" lon="13.63152">
                <ele>947.7</ele>
                <name>Position 54</name>
            </trkpt>
            <trkpt lat="47.65457" lon="13.63139">
                <ele>944.5</ele>
                <name>Position 55</name>
            </trkpt>
            <trkpt lat="47.65464" lon="13.63125">
                <ele>941.9</ele>
                <name>Position 56</name>
            </trkpt>
            <trkpt lat="47.65474" lon="13.63116">
                <ele>941.2</ele>
                <name>Position 57</name>
            </trkpt>
            <trkpt lat="47.6548" lon="13.63109">
                <ele>940.9</ele>
                <name>Position 58</name>
            </trkpt>
            <trkpt lat="47.65491" lon="13.63091">
                <ele>938.8</ele>
                <name>Position 59</name>
            </trkpt>
            <trkpt lat="47.65498" lon="13.63074">
                <ele>936.1</ele>
                <name>Position 60</name>
            </trkpt>
            <trkpt lat="47.65513" lon="13.63041">
                <ele>927.9</ele>
                <name>Position 61</name>
            </trkpt>
            <trkpt lat="47.65519" lon="13.63032">
                <ele>925.8</ele>
                <name>Position 62</name>
            </trkpt>
            <trkpt lat="47.6552" lon="13.63019">
                <ele>921.5</ele>
                <name>Position 63</name>
            </trkpt>
            <trkpt lat="47.65527" lon="13.6301">
                <ele>920.1</ele>
                <name>Position 64</name>
            </trkpt>
            <trkpt lat="47.65538" lon="13.63">
                <ele>918.8</ele>
                <name>Position 65</name>
            </trkpt>
            <trkpt lat="47.65547" lon="13.62993">
                <ele>918.1</ele>
                <name>Position 66</name>
            </trkpt>
            <trkpt lat="47.65554" lon="13.6298">
                <ele>915.8</ele>
                <name>Position 67</name>
            </trkpt>
            <trkpt lat="47.65561" lon="13.62972">
                <ele>914.7</ele>
                <name>Position 68</name>
            </trkpt>
            <trkpt lat="47.6557" lon="13.62963">
                <ele>913.3</ele>
                <name>Position 69</name>
            </trkpt>
            <trkpt lat="47.65586" lon="13.62961">
                <ele>916.0</ele>
                <name>Position 70</name>
            </trkpt>
            <trkpt lat="47.65593" lon="13.62951">
                <ele>914.8</ele>
                <name>Position 71</name>
            </trkpt>
            <trkpt lat="47.656" lon="13.6293">
                <ele>909.8</ele>
                <name>Position 72</name>
            </trkpt>
            <trkpt lat="47.65605" lon="13.62918">
                <ele>907.1</ele>
                <name>Position 73</name>
            </trkpt>
            <trkpt lat="47.65616" lon="13.62913">
                <ele>907.3</ele>
                <name>Position 74</name>
            </trkpt>
            <trkpt lat="47.65636" lon="13.62894">
                <ele>904.0</ele>
                <name>Position 75</name>
            </trkpt>
            <trkpt lat="47.6565" lon="13.62874">
                <ele>898.0</ele>
                <name>Position 76</name>
            </trkpt>
            <trkpt lat="47.65671" lon="13.62851">
                <ele>894.7</ele>
                <name>Position 77</name>
            </trkpt>
            <trkpt lat="47.65688" lon="13.62838">
                <ele>895.5</ele>
                <name>Position 78</name>
            </trkpt>
            <trkpt lat="47.65698" lon="13.62828">
                <ele>896.2</ele>
                <name>Position 79</name>
            </trkpt>
            <trkpt lat="47.657" lon="13.62819">
                <ele>895.3</ele>
                <name>Position 80</name>
            </trkpt>
            <trkpt lat="47.65704" lon="13.62805">
                <ele>894.3</ele>
                <name>Position 81</name>
            </trkpt>
            <trkpt lat="47.65703" lon="13.62787">
                <ele>888.7</ele>
                <name>Position 82</name>
            </trkpt>
            <trkpt lat="47.65706" lon="13.62769">
                <ele>884.5</ele>
                <name>Position 83</name>
            </trkpt>
            <trkpt lat="47.65712" lon="13.62752">
                <ele>881.3</ele>
                <name>Position 84</name>
            </trkpt>
            <trkpt lat="47.65729" lon="13.62713">
                <ele>873.8</ele>
                <name>Position 85</name>
            </trkpt>
            <trkpt lat="47.65741" lon="13.62694">
                <ele>875.8</ele>
                <name>Position 86</name>
            </trkpt>
            <trkpt lat="47.65748" lon="13.62672">
                <ele>877.9</ele>
                <name>Position 87</name>
            </trkpt>
            <trkpt lat="47.65769" lon="13.6262">
                <ele>869.7</ele>
                <name>Position 88</name>
            </trkpt>
            <trkpt lat="47.65785" lon="13.62587">
                <ele>865.9</ele>
                <name>Position 89</name>
            </trkpt>
            <trkpt lat="47.65791" lon="13.62571">
                <ele>864.7</ele>
                <name>Position 90</name>
            </trkpt>
            <trkpt lat="47.65799" lon="13.62522">
                <ele>853.6</ele>
                <name>Position 91</name>
            </trkpt>
            <trkpt lat="47.65803" lon="13.62514">
                <ele>854.0</ele>
                <name>Position 92</name>
            </trkpt>
            <trkpt lat="47.65813" lon="13.62498">
                <ele>856.2</ele>
                <name>Position 93</name>
            </trkpt>
            <trkpt lat="47.65824" lon="13.62454">
                <ele>849.6</ele>
                <name>Position 94</name>
            </trkpt>
            <trkpt lat="47.65837" lon="13.62413">
                <ele>854.9</ele>
                <name>Position 95</name>
            </trkpt>
            <trkpt lat="47.65848" lon="13.62385">
                <ele>842.1</ele>
                <name>Position 96</name>
            </trkpt>
            <trkpt lat="47.65861" lon="13.62368">
                <ele>841.9</ele>
                <name>Position 97</name>
            </trkpt>
            <trkpt lat="47.65864" lon="13.62358">
                <ele>839.8</ele>
                <name>Position 98</name>
            </trkpt>
            <trkpt lat="47.65857" lon="13.62362">
                <ele>835.0</ele>
                <name>Position 99</name>
            </trkpt>
            <trkpt lat="47.65844" lon="13.62377">
                <ele>833.4</ele>
                <name>Position 100</name>
            </trkpt>
            <trkpt lat="47.65825" lon="13.62404">
                <ele>835.7</ele>
                <name>Position 101</name>
            </trkpt>
            <trkpt lat="47.65814" lon="13.62419">
                <ele>826.7</ele>
                <name>Position 102</name>
            </trkpt>
            <trkpt lat="47.6565069" lon="13.6257318">
                <ele>818.7</ele>
                <name>Position 103</name>
            </trkpt>
            <trkpt lat="47.6582415" lon="13.6230979">
                <ele>824.8</ele>
                <name>Position 104</name>
            </trkpt>
            <trkpt lat="47.6583235" lon="13.6227033">
                <ele>809.8</ele>
                <name>Position 105</name>
            </trkpt>
            <trkpt lat="47.658471" lon="13.6225151">
                <ele>782.1</ele>
                <name>Position 106</name>
            </trkpt>
            <trkpt lat="47.65867" lon="13.62219">
                <ele>780.0</ele>
                <name>Position 107</name>
            </trkpt>
            <trkpt lat="47.65879" lon="13.62205">
                <ele>781.4</ele>
                <name>Position 108</name>
            </trkpt>
            <trkpt lat="47.65882" lon="13.62197">
                <ele>782.5</ele>
                <name>Position 109</name>
            </trkpt>
            <trkpt lat="47.65889" lon="13.62173">
                <ele>782.2</ele>
                <name>Position 110</name>
            </trkpt>
            <trkpt lat="47.65892" lon="13.62148">
                <ele>776.7</ele>
                <name>Position 111</name>
            </trkpt>
            <trkpt lat="47.65895" lon="13.6213">
                <ele>772.4</ele>
                <name>Position 112</name>
            </trkpt>
            <trkpt lat="47.65895" lon="13.62127">
                <ele>771.2</ele>
                <name>Position 113</name>
            </trkpt>
            <trkpt lat="47.65895" lon="13.62124">
                <ele>770.1</ele>
                <name>Position 114</name>
            </trkpt>
            <trkpt lat="47.65897" lon="13.6212">
                <ele>770.1</ele>
                <name>Position 115</name>
            </trkpt>
            <trkpt lat="47.65899" lon="13.62117">
                <ele>770.6</ele>
                <name>Position 116</name>
            </trkpt>
            <trkpt lat="47.659" lon="13.62114">
                <ele>770.3</ele>
                <name>Position 117</name>
            </trkpt>
            <trkpt lat="47.65905" lon="13.6211">
                <ele>772.9</ele>
                <name>Position 118</name>
            </trkpt>
            <trkpt lat="47.65913" lon="13.62104">
                <ele>777.8</ele>
                <name>Position 119</name>
            </trkpt>
            <trkpt lat="47.65916" lon="13.62101">
                <ele>779.5</ele>
                <name>Position 120</name>
            </trkpt>
            <trkpt lat="47.65916" lon="13.62101">
                <ele>779.5</ele>
                <name>Position 121</name>
            </trkpt>
            <trkpt lat="47.65916" lon="13.62091">
                <ele>776.6</ele>
                <name>Position 122</name>
            </trkpt>
            <trkpt lat="47.65916" lon="13.62091">
                <ele>776.6</ele>
                <name>Position 123</name>
            </trkpt>
            <trkpt lat="47.65914" lon="13.62072">
                <ele>768.5</ele>
                <name>Position 124</name>
            </trkpt>
            <trkpt lat="47.65914" lon="13.62072">
                <ele>768.5</ele>
                <name>Position 125</name>
            </trkpt>
            <trkpt lat="47.65913" lon="13.62058">
                <ele>762.7</ele>
                <name>Position 126</name>
            </trkpt>
            <trkpt lat="47.65913" lon="13.62058">
                <ele>762.7</ele>
                <name>Position 127</name>
            </trkpt>
            <trkpt lat="47.65912" lon="13.62037">
                <ele>750.3</ele>
                <name>Position 128</name>
            </trkpt>
            <trkpt lat="47.65912" lon="13.62037">
                <ele>750.3</ele>
                <name>Position 129</name>
            </trkpt>
            <trkpt lat="47.65917" lon="13.62007">
                <ele>736.3</ele>
                <name>Position 130</name>
            </trkpt>
            <trkpt lat="47.65917" lon="13.62007">
                <ele>736.3</ele>
                <name>Position 131</name>
            </trkpt>
            <trkpt lat="47.65917" lon="13.61987">
                <ele>727.7</ele>
                <name>Position 132</name>
            </trkpt>
            <trkpt lat="47.65917" lon="13.61987">
                <ele>727.7</ele>
                <name>Position 133</name>
            </trkpt>
            <trkpt lat="47.65918" lon="13.61954">
                <ele>716.3</ele>
                <name>Position 134</name>
            </trkpt>
            <trkpt lat="47.65918" lon="13.61954">
                <ele>716.3</ele>
                <name>Position 135</name>
            </trkpt>
            <trkpt lat="47.65917" lon="13.6193">
                <ele>709.1</ele>
                <name>Position 136</name>
            </trkpt>
            <trkpt lat="47.65917" lon="13.6193">
                <ele>709.1</ele>
                <name>Position 137</name>
            </trkpt>
            <trkpt lat="47.65915" lon="13.61913">
                <ele>704.9</ele>
                <name>Position 138</name>
            </trkpt>
            <trkpt lat="47.65915" lon="13.61913">
                <ele>704.9</ele>
                <name>Position 139</name>
            </trkpt>
            <trkpt lat="47.6592" lon="13.61909">
                <ele>706.1</ele>
                <name>Position 140</name>
            </trkpt>
            <trkpt lat="47.6592" lon="13.61909">
                <ele>706.1</ele>
                <name>Position 141</name>
            </trkpt>
            <trkpt lat="47.65931" lon="13.61888">
                <ele>703.1</ele>
                <name>Position 142</name>
            </trkpt>
            <trkpt lat="47.65931" lon="13.61888">
                <ele>703.1</ele>
                <name>Position 143</name>
            </trkpt>
            <trkpt lat="47.65937" lon="13.61874">
                <ele>703.6</ele>
                <name>Position 144</name>
            </trkpt>
            <trkpt lat="47.65937" lon="13.61874">
                <ele>703.6</ele>
                <name>Position 145</name>
            </trkpt>
            <trkpt lat="47.65943" lon="13.61868">
                <ele>703.8</ele>
                <name>Position 146</name>
            </trkpt>
            <trkpt lat="47.65943" lon="13.61868">
                <ele>703.8</ele>
                <name>Position 147</name>
            </trkpt>
            <trkpt lat="47.65946" lon="13.61867">
                <ele>707.2</ele>
                <name>Position 148</name>
            </trkpt>
            <trkpt lat="47.65947" lon="13.61871">
                <ele>709.9</ele>
                <name>Position 149</name>
            </trkpt>
            <trkpt lat="47.65944" lon="13.61881">
                <ele>705.8</ele>
                <name>Position 150</name>
            </trkpt>
            <trkpt lat="47.65943" lon="13.61883">
                <ele>705.8</ele>
                <name>Position 151</name>
            </trkpt>
            <trkpt lat="47.6594" lon="13.61903">
                <ele>711.5</ele>
                <name>Position 152</name>
            </trkpt>
            <trkpt lat="47.6594" lon="13.61905">
                <ele>712.3</ele>
                <name>Position 153</name>
            </trkpt>
            <trkpt lat="47.6594" lon="13.61907">
                <ele>713.1</ele>
                <name>Position 154</name>
            </trkpt>
            <trkpt lat="47.65939" lon="13.61909">
                <ele>713.6</ele>
                <name>Position 155</name>
            </trkpt>
            <trkpt lat="47.65938" lon="13.6191">
                <ele>713.6</ele>
                <name>Position 156</name>
            </trkpt>
            <trkpt lat="47.65937" lon="13.61912">
                <ele>714.0</ele>
                <name>Position 157</name>
            </trkpt>
            <trkpt lat="47.65936" lon="13.61915">
                <ele>714.7</ele>
                <name>Position 158</name>
            </trkpt>
            <trkpt lat="47.65936" lon="13.61922">
                <ele>717.9</ele>
                <name>Position 159</name>
            </trkpt>
            <trkpt lat="47.65935" lon="13.61941">
                <ele>725.9</ele>
                <name>Position 160</name>
            </trkpt>
            <trkpt lat="47.65935" lon="13.61964">
                <ele>735.5</ele>
                <name>Position 161</name>
            </trkpt>
            <trkpt lat="47.6593" lon="13.62">
                <ele>752.6</ele>
                <name>Position 162</name>
            </trkpt>
            <trkpt lat="47.6593" lon="13.62">
                <ele>752.6</ele>
                <name>Position 163</name>
            </trkpt>
            <trkpt lat="47.65929" lon="13.61996">
                <ele>748.5</ele>
                <name>Position 164</name>
            </trkpt>
            <trkpt lat="47.65929" lon="13.61996">
                <ele>748.5</ele>
                <name>Position 165</name>
            </trkpt>
            <trkpt lat="47.6593" lon="13.6199">
                <ele>746.1</ele>
                <name>Position 166</name>
            </trkpt>
            <trkpt lat="47.6593" lon="13.6199">
                <ele>746.1</ele>
                <name>Position 167</name>
            </trkpt>
            <trkpt lat="47.65931" lon="13.61985">
                <ele>744.1</ele>
                <name>Position 168</name>
            </trkpt>
            <trkpt lat="47.65931" lon="13.61985">
                <ele>744.1</ele>
                <name>Position 169</name>
            </trkpt>
            <trkpt lat="47.65935" lon="13.61981">
                <ele>745.8</ele>
                <name>Position 170</name>
            </trkpt>
            <trkpt lat="47.65935" lon="13.61981">
                <ele>745.8</ele>
                <name>Position 171</name>
            </trkpt>
            <trkpt lat="47.65941" lon="13.61983">
                <ele>754.3</ele>
                <name>Position 172</name>
            </trkpt>
            <trkpt lat="47.65941" lon="13.61983">
                <ele>754.3</ele>
                <name>Position 173</name>
            </trkpt>
            <trkpt lat="47.65941" lon="13.61981">
                <ele>752.4</ele>
                <name>Position 174</name>
            </trkpt>
            <trkpt lat="47.65943" lon="13.62002">
                <ele>774.4</ele>
                <name>Position 175</name>
            </trkpt>
            <trkpt lat="47.65941" lon="13.6201">
                <ele>774.4</ele>
                <name>Position 176</name>
            </trkpt>
            <trkpt lat="47.65939" lon="13.62014">
                <ele>773.1</ele>
                <name>Position 177</name>
            </trkpt>
            <trkpt lat="47.65943" lon="13.62031">
                <ele>785.7</ele>
                <name>Position 178</name>
            </trkpt>
            <trkpt lat="47.65943" lon="13.62046">
                <ele>792.8</ele>
                <name>Position 179</name>
            </trkpt>
            <trkpt lat="47.65938" lon="13.62062">
                <ele>793.1</ele>
                <name>Position 180</name>
            </trkpt>
            <trkpt lat="47.65932" lon="13.62068">
                <ele>787.8</ele>
                <name>Position 181</name>
            </trkpt>
            <trkpt lat="47.65932" lon="13.62084">
                <ele>792.4</ele>
                <name>Position 182</name>
            </trkpt>
            <trkpt lat="47.65935" lon="13.62103">
                <ele>803.9</ele>
                <name>Position 183</name>
            </trkpt>
            <trkpt lat="47.65934" lon="13.62119">
                <ele>809.8</ele>
                <name>Position 184</name>
            </trkpt>
            <trkpt lat="47.65935" lon="13.62125">
                <ele>814.1</ele>
                <name>Position 185</name>
            </trkpt>
            <trkpt lat="47.65932" lon="13.62133">
                <ele>813.5</ele>
                <name>Position 186</name>
            </trkpt>
            <trkpt lat="47.65934" lon="13.62141">
                <ele>819.1</ele>
                <name>Position 187</name>
            </trkpt>
            <trkpt lat="47.65942" lon="13.62151">
                <ele>828.8</ele>
                <name>Position 188</name>
            </trkpt>
            <trkpt lat="47.65949" lon="13.62159">
                <ele>834.9</ele>
                <name>Position 189</name>
            </trkpt>
            <trkpt lat="47.65953" lon="13.62171">
                <ele>839.9</ele>
                <name>Position 190</name>
            </trkpt>
            <trkpt lat="47.65955" lon="13.62192">
                <ele>850.0</ele>
                <name>Position 191</name>
            </trkpt>
            <trkpt lat="47.65951" lon="13.62202">
                <ele>848.8</ele>
                <name>Position 192</name>
            </trkpt>
            <trkpt lat="47.65941" lon="13.62203">
                <ele>839.6</ele>
                <name>Position 193</name>
            </trkpt>
            <trkpt lat="47.65935" lon="13.62217">
                <ele>837.6</ele>
                <name>Position 194</name>
            </trkpt>
            <trkpt lat="47.65926" lon="13.62224">
                <ele>830.2</ele>
                <name>Position 195</name>
            </trkpt>
            <trkpt lat="47.65915" lon="13.62237">
                <ele>824.8</ele>
                <name>Position 196</name>
            </trkpt>
            <trkpt lat="47.65907" lon="13.62248">
                <ele>819.7</ele>
                <name>Position 197</name>
            </trkpt>
            <trkpt lat="47.65903" lon="13.62254">
                <ele>817.2</ele>
                <name>Position 198</name>
            </trkpt>
            <trkpt lat="47.65898" lon="13.62273">
                <ele>822.7</ele>
                <name>Position 199</name>
            </trkpt>
            <trkpt lat="47.65906" lon="13.62283">
                <ele>837.3</ele>
                <name>Position 200</name>
            </trkpt>
            <trkpt lat="47.65904" lon="13.62306">
                <ele>847.5</ele>
                <name>Position 201</name>
            </trkpt>
            <trkpt lat="47.65888" lon="13.62309">
                <ele>831.0</ele>
                <name>Position 202</name>
            </trkpt>
            <trkpt lat="47.65884" lon="13.62322">
                <ele>837.8</ele>
                <name>Position 203</name>
            </trkpt>
            <trkpt lat="47.65882" lon="13.62334">
                <ele>845.3</ele>
                <name>Position 204</name>
            </trkpt>
            <trkpt lat="47.65879" lon="13.6234">
                <ele>844.9</ele>
                <name>Position 205</name>
            </trkpt>
            <trkpt lat="47.65878" lon="13.62344">
                <ele>845.6</ele>
                <name>Position 206</name>
            </trkpt>
            <trkpt lat="47.65882" lon="13.62365">
                <ele>859.6</ele>
                <name>Position 207</name>
            </trkpt>
            <trkpt lat="47.6589" lon="13.62385">
                <ele>887.1</ele>
                <name>Position 208</name>
            </trkpt>
            <trkpt lat="47.65893" lon="13.62391">
                <ele>896.4</ele>
                <name>Position 209</name>
            </trkpt>
            <trkpt lat="47.65893" lon="13.62426">
                <ele>912.9</ele>
                <name>Position 210</name>
            </trkpt>
            <trkpt lat="47.65893" lon="13.62426">
                <ele>912.9</ele>
                <name>Position 211</name>
            </trkpt>
            <trkpt lat="47.65893" lon="13.62426">
                <ele>912.9</ele>
                <name>Position 212</name>
            </trkpt>
            <trkpt lat="47.65904" lon="13.6245">
                <ele>935.3</ele>
                <name>Position 213</name>
            </trkpt>
            <trkpt lat="47.65906" lon="13.62472">
                <ele>944.6</ele>
                <name>Position 214</name>
            </trkpt>
            <trkpt lat="47.659" lon="13.62492">
                <ele>946.1</ele>
                <name>Position 215</name>
            </trkpt>
            <trkpt lat="47.65906" lon="13.62509">
                <ele>957.5</ele>
                <name>Position 216</name>
            </trkpt>
            <trkpt lat="47.65901" lon="13.62521">
                <ele>956.0</ele>
                <name>Position 217</name>
            </trkpt>
            <trkpt lat="47.65906" lon="13.62537">
                <ele>965.2</ele>
                <name>Position 218</name>
            </trkpt>
            <trkpt lat="47.65902" lon="13.62566">
                <ele>969.2</ele>
                <name>Position 219</name>
            </trkpt>
            <trkpt lat="47.65919" lon="13.6258">
                <ele>988.4</ele>
                <name>Position 220</name>
            </trkpt>
            <trkpt lat="47.65926" lon="13.62605">
                <ele>994.7</ele>
                <name>Position 221</name>
            </trkpt>
            <trkpt lat="47.65917" lon="13.62639">
                <ele>999.1</ele>
                <name>Position 222</name>
            </trkpt>
            <trkpt lat="47.6591" lon="13.6265">
                <ele>993.8</ele>
                <name>Position 223</name>
            </trkpt>
            <trkpt lat="47.65927" lon="13.62653">
                <ele>1003.5</ele>
                <name>Position 224</name>
            </trkpt>
            <trkpt lat="47.65939" lon="13.62662">
                <ele>1007.2</ele>
                <name>Position 225</name>
            </trkpt>
            <trkpt lat="47.65947" lon="13.62672">
                <ele>1009.6</ele>
                <name>Position 226</name>
            </trkpt>
            <trkpt lat="47.65945" lon="13.62676">
                <ele>1010.3</ele>
                <name>Position 227</name>
            </trkpt>
            <trkpt lat="47.65939" lon="13.62677">
                <ele>1009.6</ele>
                <name>Position 228</name>
            </trkpt>
            <trkpt lat="47.65933" lon="13.62685">
                <ele>1009.7</ele>
                <name>Position 229</name>
            </trkpt>
            <trkpt lat="47.65926" lon="13.62697">
                <ele>1010.0</ele>
                <name>Position 230</name>
            </trkpt>
            <trkpt lat="47.65922" lon="13.62709">
                <ele>1010.1</ele>
                <name>Position 231</name>
            </trkpt>
            <trkpt lat="47.65926" lon="13.62723">
                <ele>1013.5</ele>
                <name>Position 232</name>
            </trkpt>
            <trkpt lat="47.65932" lon="13.62734">
                <ele>1019.0</ele>
                <name>Position 233</name>
            </trkpt>
            <trkpt lat="47.65943" lon="13.62739">
                <ele>1026.2</ele>
                <name>Position 234</name>
            </trkpt>
            <trkpt lat="47.65946" lon="13.62746">
                <ele>1028.1</ele>
                <name>Position 235</name>
            </trkpt>
            <trkpt lat="47.65937" lon="13.62755">
                <ele>1025.3</ele>
                <name>Position 236</name>
            </trkpt>
            <trkpt lat="47.65938" lon="13.62768">
                <ele>1027.5</ele>
                <name>Position 237</name>
            </trkpt>
            <trkpt lat="47.65942" lon="13.62783">
                <ele>1032.6</ele>
                <name>Position 238</name>
            </trkpt>
            <trkpt lat="47.65935" lon="13.62795">
                <ele>1028.9</ele>
                <name>Position 239</name>
            </trkpt>
            <trkpt lat="47.65932" lon="13.62798">
                <ele>1027.2</ele>
                <name>Position 240</name>
            </trkpt>
            <trkpt lat="47.65933" lon="13.62805">
                <ele>1029.1</ele>
                <name>Position 241</name>
            </trkpt>
            <trkpt lat="47.65937" lon="13.62813">
                <ele>1032.1</ele>
                <name>Position 242</name>
            </trkpt>
            <trkpt lat="47.6594" lon="13.62834">
                <ele>1036.0</ele>
                <name>Position 243</name>
            </trkpt>
            <trkpt lat="47.65945" lon="13.62851">
                <ele>1048.3</ele>
                <name>Position 244</name>
            </trkpt>
            <trkpt lat="47.6594" lon="13.62865">
                <ele>1050.6</ele>
                <name>Position 245</name>
            </trkpt>
            <trkpt lat="47.65945" lon="13.62876">
                <ele>1055.3</ele>
                <name>Position 246</name>
            </trkpt>
            <trkpt lat="47.65947" lon="13.62884">
                <ele>1057.4</ele>
                <name>Position 247</name>
            </trkpt>
            <trkpt lat="47.65942" lon="13.62892">
                <ele>1055.8</ele>
                <name>Position 248</name>
            </trkpt>
            <trkpt lat="47.65949" lon="13.62911">
                <ele>1066.2</ele>
                <name>Position 249</name>
            </trkpt>
            <trkpt lat="47.65947" lon="13.62924">
                <ele>1067.1</ele>
                <name>Position 250</name>
            </trkpt>
            <trkpt lat="47.6596" lon="13.62938">
                <ele>1074.5</ele>
                <name>Position 251</name>
            </trkpt>
            <trkpt lat="47.65955" lon="13.62954">
                <ele>1073.2</ele>
                <name>Position 252</name>
            </trkpt>
            <trkpt lat="47.65962" lon="13.62971">
                <ele>1081.6</ele>
                <name>Position 253</name>
            </trkpt>
            <trkpt lat="47.65957" lon="13.62984">
                <ele>1079.3</ele>
                <name>Position 254</name>
            </trkpt>
            <trkpt lat="47.65963" lon="13.62996">
                <ele>1086.1</ele>
                <name>Position 255</name>
            </trkpt>
            <trkpt lat="47.65962" lon="13.63012">
                <ele>1087.1</ele>
                <name>Position 256</name>
            </trkpt>
            <trkpt lat="47.65955" lon="13.63029">
                <ele>1081.0</ele>
                <name>Position 257</name>
            </trkpt>
            <trkpt lat="47.65957" lon="13.63041">
                <ele>1085.6</ele>
                <name>Position 258</name>
            </trkpt>
            <trkpt lat="47.6595" lon="13.63056">
                <ele>1083.0</ele>
                <name>Position 259</name>
            </trkpt>
            <trkpt lat="47.65953" lon="13.63078">
                <ele>1104.4</ele>
                <name>Position 260</name>
            </trkpt>
            <trkpt lat="47.65947" lon="13.63094">
                <ele>1110.2</ele>
                <name>Position 261</name>
            </trkpt>
            <trkpt lat="47.65957" lon="13.63104">
                <ele>1118.2</ele>
                <name>Position 262</name>
            </trkpt>
            <trkpt lat="47.65954" lon="13.63124">
                <ele>1122.4</ele>
                <name>Position 263</name>
            </trkpt>
            <trkpt lat="47.6595" lon="13.63135">
                <ele>1123.2</ele>
                <name>Position 264</name>
            </trkpt>
            <trkpt lat="47.65937" lon="13.63136">
                <ele>1111.4</ele>
                <name>Position 265</name>
            </trkpt>
            <trkpt lat="47.65949" lon="13.63153">
                <ele>1125.1</ele>
                <name>Position 266</name>
            </trkpt>
            <trkpt lat="47.65962" lon="13.63162">
                <ele>1137.3</ele>
                <name>Position 267</name>
            </trkpt>
            <trkpt lat="47.65967" lon="13.63178">
                <ele>1147.2</ele>
                <name>Position 268</name>
            </trkpt>
            <trkpt lat="47.65966" lon="13.63188">
                <ele>1149.2</ele>
                <name>Position 269</name>
            </trkpt>
            <trkpt lat="47.65968" lon="13.63196">
                <ele>1153.1</ele>
                <name>Position 270</name>
            </trkpt>
            <trkpt lat="47.65963" lon="13.63204">
                <ele>1151.3</ele>
                <name>Position 271</name>
            </trkpt>
            <trkpt lat="47.65955" lon="13.632">
                <ele>1143.7</ele>
                <name>Position 272</name>
            </trkpt>
            <trkpt lat="47.6595" lon="13.63205">
                <ele>1140.6</ele>
                <name>Position 273</name>
            </trkpt>
            <trkpt lat="47.65949" lon="13.63221">
                <ele>1143.0</ele>
                <name>Position 274</name>
            </trkpt>
            <trkpt lat="47.65942" lon="13.63229">
                <ele>1137.4</ele>
                <name>Position 275</name>
            </trkpt>
            <trkpt lat="47.65944" lon="13.63253">
                <ele>1140.0</ele>
                <name>Position 276</name>
            </trkpt>
            <trkpt lat="47.65936" lon="13.6327">
                <ele>1138.9</ele>
                <name>Position 277</name>
            </trkpt>
            <trkpt lat="47.65936" lon="13.6327">
                <ele>1138.9</ele>
                <name>Position 278</name>
            </trkpt>
            <trkpt lat="47.65936" lon="13.6327">
                <ele>1138.9</ele>
                <name>Position 279</name>
            </trkpt>
            <trkpt lat="47.65939" lon="13.63284">
                <ele>1142.6</ele>
                <name>Position 280</name>
            </trkpt>
            <trkpt lat="47.65943" lon="13.63288">
                <ele>1144.6</ele>
                <name>Position 281</name>
            </trkpt>
            <trkpt lat="47.65946" lon="13.63294">
                <ele>1147.5</ele>
                <name>Position 282</name>
            </trkpt>
            <trkpt lat="47.65952" lon="13.63303">
                <ele>1152.7</ele>
                <name>Position 283</name>
            </trkpt>
            <trkpt lat="47.65955" lon="13.63308">
                <ele>1154.9</ele>
                <name>Position 284</name>
            </trkpt>
            <trkpt lat="47.65957" lon="13.63309">
                <ele>1155.9</ele>
                <name>Position 285</name>
            </trkpt>
            <trkpt lat="47.65961" lon="13.63319">
                <ele>1158.5</ele>
                <name>Position 286</name>
            </trkpt>
            <trkpt lat="47.65965" lon="13.63326">
                <ele>1160.2</ele>
                <name>Position 287</name>
            </trkpt>
            <trkpt lat="47.65969" lon="13.63333">
                <ele>1161.4</ele>
                <name>Position 288</name>
            </trkpt>
            <trkpt lat="47.65973" lon="13.63341">
                <ele>1161.2</ele>
                <name>Position 289</name>
            </trkpt>
            <trkpt lat="47.65976" lon="13.6335">
                <ele>1160.3</ele>
                <name>Position 290</name>
            </trkpt>
            <trkpt lat="47.65977" lon="13.63359">
                <ele>1159.5</ele>
                <name>Position 291</name>
            </trkpt>
            <trkpt lat="47.65975" lon="13.63368">
                <ele>1159.7</ele>
                <name>Position 292</name>
            </trkpt>
            <trkpt lat="47.65974" lon="13.63377">
                <ele>1160.3</ele>
                <name>Position 293</name>
            </trkpt>
            <trkpt lat="47.65982" lon="13.63415">
                <ele>1165.8</ele>
                <name>Position 294</name>
            </trkpt>
            <trkpt lat="47.65988" lon="13.63446">
                <ele>1170.0</ele>
                <name>Position 295</name>
            </trkpt>
            <trkpt lat="47.65991" lon="13.63482">
                <ele>1173.5</ele>
                <name>Position 296</name>
            </trkpt>
            <trkpt lat="47.65991" lon="13.63498">
                <ele>1174.3</ele>
                <name>Position 297</name>
            </trkpt>
            <trkpt lat="47.65998" lon="13.63511">
                <ele>1176.5</ele>
                <name>Position 298</name>
            </trkpt>
            <trkpt lat="47.65999" lon="13.6353">
                <ele>1178.2</ele>
                <name>Position 299</name>
            </trkpt>
            <trkpt lat="47.66002" lon="13.6356">
                <ele>1181.2</ele>
                <name>Position 300</name>
            </trkpt>
            <trkpt lat="47.66009" lon="13.63576">
                <ele>1180.6</ele>
                <name>Position 301</name>
            </trkpt>
            <trkpt lat="47.6602" lon="13.63605">
                <ele>1177.3</ele>
                <name>Position 302</name>
            </trkpt>
            <trkpt lat="47.6602" lon="13.63626">
                <ele>1181.7</ele>
                <name>Position 303</name>
            </trkpt>
            <trkpt lat="47.66029" lon="13.63655">
                <ele>1189.3</ele>
                <name>Position 304</name>
            </trkpt>
            <trkpt lat="47.66029" lon="13.63674">
                <ele>1195.0</ele>
                <name>Position 305</name>
            </trkpt>
            <trkpt lat="47.6602" lon="13.63708">
                <ele>1209.9</ele>
                <name>Position 306</name>
            </trkpt>
            <trkpt lat="47.66026" lon="13.63728">
                <ele>1213.5</ele>
                <name>Position 307</name>
            </trkpt>
            <trkpt lat="47.66023" lon="13.6374">
                <ele>1216.3</ele>
                <name>Position 308</name>
            </trkpt>
            <trkpt lat="47.66028" lon="13.63775">
                <ele>1223.4</ele>
                <name>Position 309</name>
            </trkpt>
            <trkpt lat="47.66024" lon="13.63797">
                <ele>1224.1</ele>
                <name>Position 310</name>
            </trkpt>
            <trkpt lat="47.66032" lon="13.63825">
                <ele>1227.2</ele>
                <name>Position 311</name>
            </trkpt>
            <trkpt lat="47.6602" lon="13.63857">
                <ele>1232.6</ele>
                <name>Position 312</name>
            </trkpt>
            <trkpt lat="47.66021" lon="13.63878">
                <ele>1235.4</ele>
                <name>Position 313</name>
            </trkpt>
            <trkpt lat="47.66022" lon="13.63896">
                <ele>1235.3</ele>
                <name>Position 314</name>
            </trkpt>
            <trkpt lat="47.66025" lon="13.63909">
                <ele>1232.1</ele>
                <name>Position 315</name>
            </trkpt>
            <trkpt lat="47.66029" lon="13.63918">
                <ele>1229.5</ele>
                <name>Position 316</name>
            </trkpt>
            <trkpt lat="47.66041" lon="13.63938">
                <ele>1224.2</ele>
                <name>Position 317</name>
            </trkpt>
            <trkpt lat="47.66059" lon="13.6396">
                <ele>1220.3</ele>
                <name>Position 318</name>
            </trkpt>
            <trkpt lat="47.6607" lon="13.6396">
                <ele>1223.5</ele>
                <name>Position 319</name>
            </trkpt>
            <trkpt lat="47.66077" lon="13.63949">
                <ele>1226.7</ele>
                <name>Position 320</name>
            </trkpt>
            <trkpt lat="47.66095" lon="13.63936">
                <ele>1227.6</ele>
                <name>Position 321</name>
            </trkpt>
            <trkpt lat="47.66102" lon="13.63937">
                <ele>1226.9</ele>
                <name>Position 322</name>
            </trkpt>
            <trkpt lat="47.66104" lon="13.63947">
                <ele>1226.4</ele>
                <name>Position 323</name>
            </trkpt>
            <trkpt lat="47.66101" lon="13.63956">
                <ele>1225.6</ele>
                <name>Position 324</name>
            </trkpt>
            <trkpt lat="47.66093" lon="13.63977">
                <ele>1223.9</ele>
                <name>Position 325</name>
            </trkpt>
            <trkpt lat="47.66096" lon="13.63994">
                <ele>1221.3</ele>
                <name>Position 326</name>
            </trkpt>
            <trkpt lat="47.66103" lon="13.64003">
                <ele>1219.9</ele>
                <name>Position 327</name>
            </trkpt>
            <trkpt lat="47.66112" lon="13.64016">
                <ele>1216.9</ele>
                <name>Position 328</name>
            </trkpt>
            <trkpt lat="47.66116" lon="13.6403">
                <ele>1213.3</ele>
                <name>Position 329</name>
            </trkpt>
            <trkpt lat="47.66111" lon="13.64045">
                <ele>1208.4</ele>
                <name>Position 330</name>
            </trkpt>
            <trkpt lat="47.66107" lon="13.64051">
                <ele>1206.3</ele>
                <name>Position 331</name>
            </trkpt>
            <trkpt lat="47.66101" lon="13.64049">
                <ele>1206.7</ele>
                <name>Position 332</name>
            </trkpt>
            <trkpt lat="47.66087" lon="13.64049">
                <ele>1206.1</ele>
                <name>Position 333</name>
            </trkpt>
            <trkpt lat="47.66078" lon="13.64057">
                <ele>1201.6</ele>
                <name>Position 334</name>
            </trkpt>
            <trkpt lat="47.66083" lon="13.64073">
                <ele>1197.6</ele>
                <name>Position 335</name>
            </trkpt>
            <trkpt lat="47.66066" lon="13.64086">
                <ele>1188.4</ele>
                <name>Position 336</name>
            </trkpt>
            <trkpt lat="47.66066" lon="13.64086">
                <ele>1188.4</ele>
                <name>Position 337</name>
            </trkpt>
            <trkpt lat="47.66066" lon="13.64086">
                <ele>1188.4</ele>
                <name>Position 338</name>
            </trkpt>
            <trkpt lat="47.6602" lon="13.64035">
                <ele>1188.2</ele>
                <name>Position 339</name>
            </trkpt>
            <trkpt lat="47.66007" lon="13.63997">
                <ele>1200.5</ele>
                <name>Position 340</name>
            </trkpt>
            <trkpt lat="47.65977" lon="13.63962">
                <ele>1219.0</ele>
                <name>Position 341</name>
            </trkpt>
            <trkpt lat="47.65964" lon="13.63942">
                <ele>1220.9</ele>
                <name>Position 342</name>
            </trkpt>
            <trkpt lat="47.65964" lon="13.63922">
                <ele>1237.0</ele>
                <name>Position 343</name>
            </trkpt>
            <trkpt lat="47.65961" lon="13.63907">
                <ele>1244.1</ele>
                <name>Position 344</name>
            </trkpt>
            <trkpt lat="47.65961" lon="13.63907">
                <ele>1244.1</ele>
                <name>Position 345</name>
            </trkpt>
            <trkpt lat="47.6596166" lon="13.6388425">
                <ele>1242.9</ele>
                <name>Position 346</name>
            </trkpt>
            <trkpt lat="47.6596997" lon="13.6388479">
                <ele>1242.9</ele>
                <name>Position 347</name>
            </trkpt>
            <trkpt lat="47.6597208" lon="13.6387773">
                <ele>1249.4</ele>
                <name>Position 348</name>
            </trkpt>
            <trkpt lat="47.65989" lon="13.63897">
                <ele>1245.9</ele>
                <name>Position 349</name>
            </trkpt>
            <trkpt lat="47.65998" lon="13.63898">
                <ele>1244.0</ele>
                <name>Position 350</name>
            </trkpt>
            <trkpt lat="47.66001" lon="13.63892">
                <ele>1244.8</ele>
                <name>Position 351</name>
            </trkpt>
            <trkpt lat="47.66008" lon="13.63891">
                <ele>1242.1</ele>
                <name>Position 352</name>
            </trkpt>
            <trkpt lat="47.66012" lon="13.639">
                <ele>1238.5</ele>
                <name>Position 353</name>
            </trkpt>
            <trkpt lat="47.66019" lon="13.63905">
                <ele>1234.9</ele>
                <name>Position 354</name>
            </trkpt>
            <trkpt lat="47.66025" lon="13.63909">
                <ele>1232.1</ele>
                <name>Position 355</name>
            </trkpt>
            <trkpt lat="47.66029" lon="13.63918">
                <ele>1229.5</ele>
                <name>Position 356</name>
            </trkpt>
            <trkpt lat="47.66041" lon="13.63938">
                <ele>1224.2</ele>
                <name>Position 357</name>
            </trkpt>
            <trkpt lat="47.66059" lon="13.6396">
                <ele>1220.3</ele>
                <name>Position 358</name>
            </trkpt>
            <trkpt lat="47.6607" lon="13.6396">
                <ele>1223.5</ele>
                <name>Position 359</name>
            </trkpt>
            <trkpt lat="47.66077" lon="13.63949">
                <ele>1226.7</ele>
                <name>Position 360</name>
            </trkpt>
            <trkpt lat="47.66095" lon="13.63936">
                <ele>1227.6</ele>
                <name>Position 361</name>
            </trkpt>
            <trkpt lat="47.66102" lon="13.63937">
                <ele>1226.9</ele>
                <name>Position 362</name>
            </trkpt>
            <trkpt lat="47.66104" lon="13.63947">
                <ele>1226.4</ele>
                <name>Position 363</name>
            </trkpt>
            <trkpt lat="47.66101" lon="13.63956">
                <ele>1225.6</ele>
                <name>Position 364</name>
            </trkpt>
            <trkpt lat="47.66093" lon="13.63977">
                <ele>1223.9</ele>
                <name>Position 365</name>
            </trkpt>
            <trkpt lat="47.66096" lon="13.63994">
                <ele>1221.3</ele>
                <name>Position 366</name>
            </trkpt>
            <trkpt lat="47.66103" lon="13.64003">
                <ele>1219.9</ele>
                <name>Position 367</name>
            </trkpt>
            <trkpt lat="47.66112" lon="13.64016">
                <ele>1216.9</ele>
                <name>Position 368</name>
            </trkpt>
            <trkpt lat="47.66116" lon="13.6403">
                <ele>1213.3</ele>
                <name>Position 369</name>
            </trkpt>
            <trkpt lat="47.66111" lon="13.64045">
                <ele>1208.4</ele>
                <name>Position 370</name>
            </trkpt>
            <trkpt lat="47.66107" lon="13.64051">
                <ele>1206.3</ele>
                <name>Position 371</name>
            </trkpt>
            <trkpt lat="47.66101" lon="13.64049">
                <ele>1206.7</ele>
                <name>Position 372</name>
            </trkpt>
            <trkpt lat="47.66087" lon="13.64049">
                <ele>1206.1</ele>
                <name>Position 373</name>
            </trkpt>
            <trkpt lat="47.66078" lon="13.64057">
                <ele>1201.6</ele>
                <name>Position 374</name>
            </trkpt>
            <trkpt lat="47.66083" lon="13.64073">
                <ele>1197.6</ele>
                <name>Position 375</name>
            </trkpt>
            <trkpt lat="47.66096" lon="13.64082">
                <ele>1194.5</ele>
                <name>Position 376</name>
            </trkpt>
            <trkpt lat="47.66112" lon="13.64088">
                <ele>1191.8</ele>
                <name>Position 377</name>
            </trkpt>
            <trkpt lat="47.66112" lon="13.64088">
                <ele>1191.8</ele>
                <name>Position 378</name>
            </trkpt>
            <trkpt lat="47.66112" lon="13.64088">
                <ele>1191.8</ele>
                <name>Position 379</name>
            </trkpt>
            <trkpt lat="47.66132" lon="13.64082">
                <ele>1193.9</ele>
                <name>Position 380</name>
            </trkpt>
            <trkpt lat="47.66156" lon="13.64068">
                <ele>1197.9</ele>
                <name>Position 381</name>
            </trkpt>
            <trkpt lat="47.66191" lon="13.64061">
                <ele>1195.5</ele>
                <name>Position 382</name>
            </trkpt>
            <trkpt lat="47.66244" lon="13.64019">
                <ele>1189.7</ele>
                <name>Position 383</name>
            </trkpt>
            <trkpt lat="47.66286" lon="13.64017">
                <ele>1187.0</ele>
                <name>Position 384</name>
            </trkpt>
            <trkpt lat="47.66305" lon="13.64029">
                <ele>1181.6</ele>
                <name>Position 385</name>
            </trkpt>
            <trkpt lat="47.66324" lon="13.64049">
                <ele>1173.8</ele>
                <name>Position 386</name>
            </trkpt>
            <trkpt lat="47.66332" lon="13.64053">
                <ele>1172.1</ele>
                <name>Position 387</name>
            </trkpt>
            <trkpt lat="47.66332" lon="13.64053">
                <ele>1172.1</ele>
                <name>Position 388</name>
            </trkpt>
            <trkpt lat="47.66335" lon="13.64039">
                <ele>1178.3</ele>
                <name>Position 389</name>
            </trkpt>
            <trkpt lat="47.66335" lon="13.64039">
                <ele>1178.3</ele>
                <name>Position 390</name>
            </trkpt>
            <trkpt lat="47.66323" lon="13.64022">
                <ele>1183.6</ele>
                <name>Position 391</name>
            </trkpt>
            <trkpt lat="47.66323" lon="13.64022">
                <ele>1183.6</ele>
                <name>Position 392</name>
            </trkpt>
            <trkpt lat="47.66299" lon="13.64006">
                <ele>1187.3</ele>
                <name>Position 393</name>
            </trkpt>
            <trkpt lat="47.66299" lon="13.64006">
                <ele>1187.3</ele>
                <name>Position 394</name>
            </trkpt>
            <trkpt lat="47.66279" lon="13.63984">
                <ele>1191.6</ele>
                <name>Position 395</name>
            </trkpt>
            <trkpt lat="47.66279" lon="13.63984">
                <ele>1191.6</ele>
                <name>Position 396</name>
            </trkpt>
            <trkpt lat="47.6628" lon="13.63984">
                <ele>1191.4</ele>
                <name>Position 397</name>
            </trkpt>
            <trkpt lat="47.66256" lon="13.63961">
                <ele>1197.8</ele>
                <name>Position 398</name>
            </trkpt>
            <trkpt lat="47.66245" lon="13.63948">
                <ele>1200.4</ele>
                <name>Position 399</name>
            </trkpt>
            <trkpt lat="47.66223" lon="13.6394">
                <ele>1205.5</ele>
                <name>Position 400</name>
            </trkpt>
            <trkpt lat="47.66176" lon="13.63949">
                <ele>1213.4</ele>
                <name>Position 401</name>
            </trkpt>
            <trkpt lat="47.66136" lon="13.63981">
                <ele>1219.6</ele>
                <name>Position 402</name>
            </trkpt>
            <trkpt lat="47.66116" lon="13.63988">
                <ele>1221.0</ele>
                <name>Position 403</name>
            </trkpt>
            <trkpt lat="47.66103" lon="13.64003">
                <ele>1219.9</ele>
                <name>Position 404</name>
            </trkpt>
            <trkpt lat="47.66112" lon="13.64016">
                <ele>1216.9</ele>
                <name>Position 405</name>
            </trkpt>
            <trkpt lat="47.66116" lon="13.6403">
                <ele>1213.3</ele>
                <name>Position 406</name>
            </trkpt>
            <trkpt lat="47.66111" lon="13.64045">
                <ele>1208.4</ele>
                <name>Position 407</name>
            </trkpt>
            <trkpt lat="47.66107" lon="13.64051">
                <ele>1206.3</ele>
                <name>Position 408</name>
            </trkpt>
            <trkpt lat="47.66101" lon="13.64049">
                <ele>1206.7</ele>
                <name>Position 409</name>
            </trkpt>
            <trkpt lat="47.66087" lon="13.64049">
                <ele>1206.1</ele>
                <name>Position 410</name>
            </trkpt>
            <trkpt lat="47.66078" lon="13.64057">
                <ele>1201.6</ele>
                <name>Position 411</name>
            </trkpt>
            <trkpt lat="47.66083" lon="13.64073">
                <ele>1197.6</ele>
                <name>Position 412</name>
            </trkpt>
            <trkpt lat="47.66066" lon="13.64086">
                <ele>1188.4</ele>
                <name>Position 413</name>
            </trkpt>
            <trkpt lat="47.66048" lon="13.64117">
                <ele>1168.9</ele>
                <name>Position 414</name>
            </trkpt>
            <trkpt lat="47.66031" lon="13.64163">
                <ele>1142.9</ele>
                <name>Position 415</name>
            </trkpt>
            <trkpt lat="47.66025" lon="13.64204">
                <ele>1122.7</ele>
                <name>Position 416</name>
            </trkpt>
            <trkpt lat="47.66019" lon="13.64241">
                <ele>1104.3</ele>
                <name>Position 417</name>
            </trkpt>
            <trkpt lat="47.66013" lon="13.64283">
                <ele>1085.5</ele>
                <name>Position 418</name>
            </trkpt>
            <trkpt lat="47.66003" lon="13.643">
                <ele>1078.1</ele>
                <name>Position 419</name>
            </trkpt>
            <trkpt lat="47.66005" lon="13.64315">
                <ele>1074.0</ele>
                <name>Position 420</name>
            </trkpt>
            <trkpt lat="47.66014" lon="13.64328">
                <ele>1071.6</ele>
                <name>Position 421</name>
            </trkpt>
            <trkpt lat="47.66018" lon="13.64354">
                <ele>1065.7</ele>
                <name>Position 422</name>
            </trkpt>
            <trkpt lat="47.66026" lon="13.64366">
                <ele>1063.9</ele>
                <name>Position 423</name>
            </trkpt>
            <trkpt lat="47.66035" lon="13.64372">
                <ele>1061.3</ele>
                <name>Position 424</name>
            </trkpt>
            <trkpt lat="47.66037" lon="13.64378">
                <ele>1059.6</ele>
                <name>Position 425</name>
            </trkpt>
            <trkpt lat="47.66037" lon="13.64378">
                <ele>1059.6</ele>
                <name>Position 426</name>
            </trkpt>
            <trkpt lat="47.66037" lon="13.64378">
                <ele>1059.6</ele>
                <name>Position 427</name>
            </trkpt>
            <trkpt lat="47.66058" lon="13.64389">
                <ele>1051.7</ele>
                <name>Position 428</name>
            </trkpt>
            <trkpt lat="47.66084" lon="13.6439">
                <ele>1049.3</ele>
                <name>Position 429</name>
            </trkpt>
            <trkpt lat="47.66118" lon="13.64376">
                <ele>1065.3</ele>
                <name>Position 430</name>
            </trkpt>
            <trkpt lat="47.66157" lon="13.64372">
                <ele>1068.4</ele>
                <name>Position 431</name>
            </trkpt>
            <trkpt lat="47.66175" lon="13.64374">
                <ele>1066.5</ele>
                <name>Position 432</name>
            </trkpt>
            <trkpt lat="47.66192" lon="13.64383">
                <ele>1062.6</ele>
                <name>Position 433</name>
            </trkpt>
            <trkpt lat="47.66208" lon="13.64385">
                <ele>1060.4</ele>
                <name>Position 434</name>
            </trkpt>
            <trkpt lat="47.66244" lon="13.64381">
                <ele>1055.2</ele>
                <name>Position 435</name>
            </trkpt>
            <trkpt lat="47.6628" lon="13.64374">
                <ele>1047.3</ele>
                <name>Position 436</name>
            </trkpt>
            <trkpt lat="47.66304" lon="13.64361">
                <ele>1045.2</ele>
                <name>Position 437</name>
            </trkpt>
            <trkpt lat="47.66326" lon="13.64336">
                <ele>1045.6</ele>
                <name>Position 438</name>
            </trkpt>
            <trkpt lat="47.66358" lon="13.64297">
                <ele>1050.2</ele>
                <name>Position 439</name>
            </trkpt>
            <trkpt lat="47.66381" lon="13.64285">
                <ele>1052.7</ele>
                <name>Position 440</name>
            </trkpt>
            <trkpt lat="47.66384" lon="13.64286">
                <ele>1052.7</ele>
                <name>Position 441</name>
            </trkpt>
            <trkpt lat="47.66389" lon="13.64288">
                <ele>1052.7</ele>
                <name>Position 442</name>
            </trkpt>
            <trkpt lat="47.66392" lon="13.64297">
                <ele>1052.9</ele>
                <name>Position 443</name>
            </trkpt>
            <trkpt lat="47.66392" lon="13.64297">
                <ele>1052.9</ele>
                <name>Position 444</name>
            </trkpt>
            <trkpt lat="47.66392" lon="13.64297">
                <ele>1052.9</ele>
                <name>Position 445</name>
            </trkpt>
            <trkpt lat="47.6639" lon="13.6431">
                <ele>1052.8</ele>
                <name>Position 446</name>
            </trkpt>
            <trkpt lat="47.66382" lon="13.64336">
                <ele>1046.2</ele>
                <name>Position 447</name>
            </trkpt>
            <trkpt lat="47.66364" lon="13.64367">
                <ele>1042.8</ele>
                <name>Position 448</name>
            </trkpt>
            <trkpt lat="47.66364" lon="13.64367">
                <ele>1042.8</ele>
                <name>Position 449</name>
            </trkpt>
            <trkpt lat="47.66387" lon="13.64382">
                <ele>1048.1</ele>
                <name>Position 450</name>
            </trkpt>
            <trkpt lat="47.66387" lon="13.64382">
                <ele>1048.1</ele>
                <name>Position 451</name>
            </trkpt>
            <trkpt lat="47.66361" lon="13.64381">
                <ele>1042.7</ele>
                <name>Position 452</name>
            </trkpt>
            <trkpt lat="47.66361" lon="13.64381">
                <ele>1042.7</ele>
                <name>Position 453</name>
            </trkpt>
            <trkpt lat="47.66358" lon="13.64375">
                <ele>1042.5</ele>
                <name>Position 454</name>
            </trkpt>
            <trkpt lat="47.66337" lon="13.64393">
                <ele>1042.6</ele>
                <name>Position 455</name>
            </trkpt>
            <trkpt lat="47.66322" lon="13.64445">
                <ele>1046.4</ele>
                <name>Position 456</name>
            </trkpt>
            <trkpt lat="47.66296" lon="13.64519">
                <ele>1049.2</ele>
                <name>Position 457</name>
            </trkpt>
            <trkpt lat="47.66284" lon="13.64546">
                <ele>1049.7</ele>
                <name>Position 458</name>
            </trkpt>
            <trkpt lat="47.66267" lon="13.6457">
                <ele>1050.8</ele>
                <name>Position 459</name>
            </trkpt>
            <trkpt lat="47.66268" lon="13.64603">
                <ele>1056.9</ele>
                <name>Position 460</name>
            </trkpt>
            <trkpt lat="47.66274" lon="13.64634">
                <ele>1062.3</ele>
                <name>Position 461</name>
            </trkpt>
            <trkpt lat="47.66274" lon="13.64654">
                <ele>1064.6</ele>
                <name>Position 462</name>
            </trkpt>
            <trkpt lat="47.6627" lon="13.64678">
                <ele>1066.2</ele>
                <name>Position 463</name>
            </trkpt>
            <trkpt lat="47.6626" lon="13.64709">
                <ele>1066.1</ele>
                <name>Position 464</name>
            </trkpt>
            <trkpt lat="47.66255" lon="13.64727">
                <ele>1066.2</ele>
                <name>Position 465</name>
            </trkpt>
            <trkpt lat="47.66253" lon="13.64743">
                <ele>1066.1</ele>
                <name>Position 466</name>
            </trkpt>
            <trkpt lat="47.66262" lon="13.64762">
                <ele>1066.3</ele>
                <name>Position 467</name>
            </trkpt>
            <trkpt lat="47.66274" lon="13.64782">
                <ele>1065.7</ele>
                <name>Position 468</name>
            </trkpt>
            <trkpt lat="47.66284" lon="13.64795">
                <ele>1066.4</ele>
                <name>Position 469</name>
            </trkpt>
            <trkpt lat="47.66288" lon="13.64804">
                <ele>1066.4</ele>
                <name>Position 470</name>
            </trkpt>
            <trkpt lat="47.66293" lon="13.64812">
                <ele>1067.1</ele>
                <name>Position 471</name>
            </trkpt>
            <trkpt lat="47.66299" lon="13.64849">
                <ele>1067.7</ele>
                <name>Position 472</name>
            </trkpt>
            <trkpt lat="47.66303" lon="13.64883">
                <ele>1067.0</ele>
                <name>Position 473</name>
            </trkpt>
            <trkpt lat="47.66307" lon="13.6492">
                <ele>1066.6</ele>
                <name>Position 474</name>
            </trkpt>
            <trkpt lat="47.6631" lon="13.64947">
                <ele>1069.1</ele>
                <name>Position 475</name>
            </trkpt>
            <trkpt lat="47.66321" lon="13.64973">
                <ele>1072.9</ele>
                <name>Position 476</name>
            </trkpt>
            <trkpt lat="47.66327" lon="13.65008">
                <ele>1074.2</ele>
                <name>Position 477</name>
            </trkpt>
            <trkpt lat="47.66327" lon="13.65016">
                <ele>1074.6</ele>
                <name>Position 478</name>
            </trkpt>
            <trkpt lat="47.66331" lon="13.65012">
                <ele>1075.3</ele>
                <name>Position 479</name>
            </trkpt>
            <trkpt lat="47.66332" lon="13.65008">
                <ele>1075.3</ele>
                <name>Position 480</name>
            </trkpt>
            <trkpt lat="47.66332" lon="13.65008">
                <ele>1075.3</ele>
                <name>Position 481</name>
            </trkpt>
            <trkpt lat="47.66332" lon="13.65008">
                <ele>1075.3</ele>
                <name>Position 482</name>
            </trkpt>
            <trkpt lat="47.66331" lon="13.65012">
                <ele>1075.3</ele>
                <name>Position 483</name>
            </trkpt>
            <trkpt lat="47.66327" lon="13.65016">
                <ele>1074.6</ele>
                <name>Position 484</name>
            </trkpt>
            <trkpt lat="47.66328" lon="13.65033">
                <ele>1075.0</ele>
                <name>Position 485</name>
            </trkpt>
            <trkpt lat="47.66326" lon="13.65056">
                <ele>1072.4</ele>
                <name>Position 486</name>
            </trkpt>
            <trkpt lat="47.66323" lon="13.65083">
                <ele>1071.4</ele>
                <name>Position 487</name>
            </trkpt>
            <trkpt lat="47.66315" lon="13.65121">
                <ele>1071.1</ele>
                <name>Position 488</name>
            </trkpt>
            <trkpt lat="47.66318" lon="13.65135">
                <ele>1072.6</ele>
                <name>Position 489</name>
            </trkpt>
            <trkpt lat="47.66332" lon="13.65142">
                <ele>1075.1</ele>
                <name>Position 490</name>
            </trkpt>
            <trkpt lat="47.66359" lon="13.65151">
                <ele>1083.8</ele>
                <name>Position 491</name>
            </trkpt>
            <trkpt lat="47.6639" lon="13.65156">
                <ele>1088.9</ele>
                <name>Position 492</name>
            </trkpt>
            <trkpt lat="47.66412" lon="13.6516">
                <ele>1092.0</ele>
                <name>Position 493</name>
            </trkpt>
            <trkpt lat="47.66439" lon="13.65168">
                <ele>1094.6</ele>
                <name>Position 494</name>
            </trkpt>
            <trkpt lat="47.66463" lon="13.65182">
                <ele>1098.0</ele>
                <name>Position 495</name>
            </trkpt>
            <trkpt lat="47.66488" lon="13.65198">
                <ele>1102.2</ele>
                <name>Position 496</name>
            </trkpt>
            <trkpt lat="47.66513" lon="13.65214">
                <ele>1105.2</ele>
                <name>Position 497</name>
            </trkpt>
            <trkpt lat="47.66532" lon="13.65227">
                <ele>1105.5</ele>
                <name>Position 498</name>
            </trkpt>
            <trkpt lat="47.66544" lon="13.65241">
                <ele>1107.0</ele>
                <name>Position 499</name>
            </trkpt>
            <trkpt lat="47.66547" lon="13.6525">
                <ele>1106.5</ele>
                <name>Position 500</name>
            </trkpt>
            <trkpt lat="47.66546" lon="13.65259">
                <ele>1105.5</ele>
                <name>Position 501</name>
            </trkpt>
            <trkpt lat="47.66538" lon="13.65292">
                <ele>1102.4</ele>
                <name>Position 502</name>
            </trkpt>
            <trkpt lat="47.66529" lon="13.65317">
                <ele>1102.0</ele>
                <name>Position 503</name>
            </trkpt>
            <trkpt lat="47.66519" lon="13.65344">
                <ele>1103.2</ele>
                <name>Position 504</name>
            </trkpt>
            <trkpt lat="47.66507" lon="13.65364">
                <ele>1105.1</ele>
                <name>Position 505</name>
            </trkpt>
            <trkpt lat="47.66497" lon="13.65387">
                <ele>1107.2</ele>
                <name>Position 506</name>
            </trkpt>
            <trkpt lat="47.66487" lon="13.65409">
                <ele>1109.3</ele>
                <name>Position 507</name>
            </trkpt>
            <trkpt lat="47.66483" lon="13.6543">
                <ele>1111.2</ele>
                <name>Position 508</name>
            </trkpt>
            <trkpt lat="47.66488" lon="13.65455">
                <ele>1110.9</ele>
                <name>Position 509</name>
            </trkpt>
            <trkpt lat="47.66497" lon="13.65481">
                <ele>1108.7</ele>
                <name>Position 510</name>
            </trkpt>
            <trkpt lat="47.6651" lon="13.65501">
                <ele>1109.8</ele>
                <name>Position 511</name>
            </trkpt>
            <trkpt lat="47.66521" lon="13.65521">
                <ele>1111.4</ele>
                <name>Position 512</name>
            </trkpt>
            <trkpt lat="47.66535" lon="13.65546">
                <ele>1110.7</ele>
                <name>Position 513</name>
            </trkpt>
            <trkpt lat="47.66548" lon="13.65564">
                <ele>1110.2</ele>
                <name>Position 514</name>
            </trkpt>
            <trkpt lat="47.6657" lon="13.65574">
                <ele>1112.4</ele>
                <name>Position 515</name>
            </trkpt>
            <trkpt lat="47.6658" lon="13.65584">
                <ele>1114.5</ele>
                <name>Position 516</name>
            </trkpt>
            <trkpt lat="47.66581" lon="13.65615">
                <ele>1113.1</ele>
                <name>Position 517</name>
            </trkpt>
            <trkpt lat="47.6658" lon="13.6565">
                <ele>1116.1</ele>
                <name>Position 518</name>
            </trkpt>
            <trkpt lat="47.66581" lon="13.65682">
                <ele>1119.6</ele>
                <name>Position 519</name>
            </trkpt>
            <trkpt lat="47.66579" lon="13.65712">
                <ele>1120.8</ele>
                <name>Position 520</name>
            </trkpt>
            <trkpt lat="47.66576" lon="13.65743">
                <ele>1124.2</ele>
                <name>Position 521</name>
            </trkpt>
            <trkpt lat="47.66577" lon="13.65769">
                <ele>1128.4</ele>
                <name>Position 522</name>
            </trkpt>
            <trkpt lat="47.66591" lon="13.65802">
                <ele>1138.6</ele>
                <name>Position 523</name>
            </trkpt>
            <trkpt lat="47.66615" lon="13.65819">
                <ele>1151.5</ele>
                <name>Position 524</name>
            </trkpt>
            <trkpt lat="47.66629" lon="13.6584">
                <ele>1158.1</ele>
                <name>Position 525</name>
            </trkpt>
            <trkpt lat="47.66634" lon="13.65871">
                <ele>1157.9</ele>
                <name>Position 526</name>
            </trkpt>
            <trkpt lat="47.66634" lon="13.65904">
                <ele>1158.7</ele>
                <name>Position 527</name>
            </trkpt>
            <trkpt lat="47.66636" lon="13.6594">
                <ele>1159.8</ele>
                <name>Position 528</name>
            </trkpt>
            <trkpt lat="47.66635" lon="13.65969">
                <ele>1162.1</ele>
                <name>Position 529</name>
            </trkpt>
            <trkpt lat="47.66633" lon="13.66">
                <ele>1163.2</ele>
                <name>Position 530</name>
            </trkpt>
            <trkpt lat="47.66627" lon="13.66028">
                <ele>1165.5</ele>
                <name>Position 531</name>
            </trkpt>
            <trkpt lat="47.66624" lon="13.66054">
                <ele>1171.3</ele>
                <name>Position 532</name>
            </trkpt>
            <trkpt lat="47.66618" lon="13.66076">
                <ele>1174.8</ele>
                <name>Position 533</name>
            </trkpt>
            <trkpt lat="47.66608" lon="13.66101">
                <ele>1178.6</ele>
                <name>Position 534</name>
            </trkpt>
            <trkpt lat="47.66608" lon="13.66101">
                <ele>1178.6</ele>
                <name>Position 535</name>
            </trkpt>
            <trkpt lat="47.66608" lon="13.66101">
                <ele>1178.6</ele>
                <name>Position 536</name>
            </trkpt>
            <trkpt lat="47.66599" lon="13.66127">
                <ele>1178.8</ele>
                <name>Position 537</name>
            </trkpt>
            <trkpt lat="47.66596" lon="13.66143">
                <ele>1178.5</ele>
                <name>Position 538</name>
            </trkpt>
            <trkpt lat="47.66596" lon="13.66146">
                <ele>1179.0</ele>
                <name>Position 539</name>
            </trkpt>
            <trkpt lat="47.66584" lon="13.6617">
                <ele>1179.8</ele>
                <name>Position 540</name>
            </trkpt>
            <trkpt lat="47.6655806" lon="13.662323">
                <ele>1181.2</ele>
                <name>Position 541</name>
            </trkpt>
            <trkpt lat="47.6657656" lon="13.6624164">
                <ele>1185.4</ele>
                <name>Position 542</name>
            </trkpt>
            <trkpt lat="47.6658036" lon="13.6623548">
                <ele>1185.4</ele>
                <name>Position 543</name>
            </trkpt>
            <trkpt lat="47.6656158" lon="13.662365">
                <ele>1182.0</ele>
                <name>Position 544</name>
            </trkpt>
            <trkpt lat="47.665613" lon="13.6624213">
                <ele>1181.9</ele>
                <name>Position 545</name>
            </trkpt>
            <trkpt lat="47.66562" lon="13.66257">
                <ele>1193.7</ele>
                <name>Position 546</name>
            </trkpt>
            <trkpt lat="47.66558" lon="13.66288">
                <ele>1196.5</ele>
                <name>Position 547</name>
            </trkpt>
            <trkpt lat="47.66552" lon="13.66314">
                <ele>1200.0</ele>
                <name>Position 548</name>
            </trkpt>
            <trkpt lat="47.66547" lon="13.66341">
                <ele>1203.1</ele>
                <name>Position 549</name>
            </trkpt>
            <trkpt lat="47.6655" lon="13.66371">
                <ele>1206.0</ele>
                <name>Position 550</name>
            </trkpt>
            <trkpt lat="47.66539" lon="13.66394">
                <ele>1205.3</ele>
                <name>Position 551</name>
            </trkpt>
            <trkpt lat="47.66522" lon="13.66416">
                <ele>1206.4</ele>
                <name>Position 552</name>
            </trkpt>
            <trkpt lat="47.66508" lon="13.66452">
                <ele>1208.0</ele>
                <name>Position 553</name>
            </trkpt>
            <trkpt lat="47.66484" lon="13.66455">
                <ele>1202.6</ele>
                <name>Position 554</name>
            </trkpt>
            <trkpt lat="47.6647" lon="13.66474">
                <ele>1203.5</ele>
                <name>Position 555</name>
            </trkpt>
            <trkpt lat="47.66459" lon="13.66497">
                <ele>1207.2</ele>
                <name>Position 556</name>
            </trkpt>
            <trkpt lat="47.66441" lon="13.66519">
                <ele>1205.1</ele>
                <name>Position 557</name>
            </trkpt>
            <trkpt lat="47.66434" lon="13.66545">
                <ele>1204.9</ele>
                <name>Position 558</name>
            </trkpt>
            <trkpt lat="47.6642" lon="13.66568">
                <ele>1202.4</ele>
                <name>Position 559</name>
            </trkpt>
            <trkpt lat="47.66415" lon="13.66591">
                <ele>1201.8</ele>
                <name>Position 560</name>
            </trkpt>
            <trkpt lat="47.66397" lon="13.66608">
                <ele>1196.7</ele>
                <name>Position 561</name>
            </trkpt>
            <trkpt lat="47.66395" lon="13.66622">
                <ele>1194.7</ele>
                <name>Position 562</name>
            </trkpt>
            <trkpt lat="47.66395" lon="13.66622">
                <ele>1194.7</ele>
                <name>Position 563</name>
            </trkpt>
            <trkpt lat="47.66401" lon="13.66636">
                <ele>1195.5</ele>
                <name>Position 564</name>
            </trkpt>
            <trkpt lat="47.66401" lon="13.66636">
                <ele>1195.5</ele>
                <name>Position 565</name>
            </trkpt>
            <trkpt lat="47.66411" lon="13.66647">
                <ele>1199.0</ele>
                <name>Position 566</name>
            </trkpt>
            <trkpt lat="47.66411" lon="13.66647">
                <ele>1199.0</ele>
                <name>Position 567</name>
            </trkpt>
            <trkpt lat="47.66423" lon="13.66656">
                <ele>1203.2</ele>
                <name>Position 568</name>
            </trkpt>
            <trkpt lat="47.66423" lon="13.66656">
                <ele>1203.2</ele>
                <name>Position 569</name>
            </trkpt>
            <trkpt lat="47.66441" lon="13.6666">
                <ele>1209.9</ele>
                <name>Position 570</name>
            </trkpt>
            <trkpt lat="47.66441" lon="13.6666">
                <ele>1209.9</ele>
                <name>Position 571</name>
            </trkpt>
            <trkpt lat="47.66453" lon="13.66673">
                <ele>1217.4</ele>
                <name>Position 572</name>
            </trkpt>
            <trkpt lat="47.66453" lon="13.66673">
                <ele>1217.4</ele>
                <name>Position 573</name>
            </trkpt>
            <trkpt lat="47.66467" lon="13.66691">
                <ele>1228.9</ele>
                <name>Position 574</name>
            </trkpt>
            <trkpt lat="47.66467" lon="13.66691">
                <ele>1228.9</ele>
                <name>Position 575</name>
            </trkpt>
            <trkpt lat="47.6648342" lon="13.6670758">
                <ele>1240.7</ele>
                <name>Position 576</name>
            </trkpt>
            <trkpt lat="47.6648812" lon="13.6670115">
                <ele>1240.7</ele>
                <name>Position 577</name>
            </trkpt>
            <trkpt lat="47.6649559" lon="13.6669819">
                <ele>1250.2</ele>
                <name>Position 578</name>
            </trkpt>
            <trkpt lat="47.6651582" lon="13.6668049">
                <ele>1250.2</ele>
                <name>Position 579</name>
            </trkpt>
            <trkpt lat="47.6651815" lon="13.6666124">
                <ele>1258.3</ele>
                <name>Position 580</name>
            </trkpt>
            <trkpt lat="47.6652284" lon="13.6663496">
                <ele>1258.3</ele>
                <name>Position 581</name>
            </trkpt>
            <trkpt lat="47.6652951" lon="13.6661556">
                <ele>1245.0</ele>
                <name>Position 582</name>
            </trkpt>
            <trkpt lat="47.6654035" lon="13.6658284">
                <ele>1245.0</ele>
                <name>Position 583</name>
            </trkpt>
            <trkpt lat="47.6654242" lon="13.6656981">
                <ele>1235.9</ele>
                <name>Position 584</name>
            </trkpt>
            <trkpt lat="47.6655326" lon="13.6656122">
                <ele>1235.9</ele>
                <name>Position 585</name>
            </trkpt>
            <trkpt lat="47.6655821" lon="13.6653154">
                <ele>1227.5</ele>
                <name>Position 586</name>
            </trkpt>
            <trkpt lat="47.6658675" lon="13.6651222">
                <ele>1227.5</ele>
                <name>Position 587</name>
            </trkpt>
            <trkpt lat="47.6659096" lon="13.6648425">
                <ele>1229.8</ele>
                <name>Position 588</name>
            </trkpt>
            <trkpt lat="47.6658988" lon="13.6647406">
                <ele>1229.8</ele>
                <name>Position 589</name>
            </trkpt>
            <trkpt lat="47.66603" lon="13.66373">
                <ele>1237.2</ele>
                <name>Position 590</name>
            </trkpt>
            <trkpt lat="47.66603" lon="13.66373">
                <ele>1237.2</ele>
                <name>Position 591</name>
            </trkpt>
            <trkpt lat="47.66612" lon="13.66352">
                <ele>1239.5</ele>
                <name>Position 592</name>
            </trkpt>
            <trkpt lat="47.66612" lon="13.66352">
                <ele>1239.5</ele>
                <name>Position 593</name>
            </trkpt>
            <trkpt lat="47.66627" lon="13.66316">
                <ele>1233.6</ele>
                <name>Position 594</name>
            </trkpt>
            <trkpt lat="47.66627" lon="13.66316">
                <ele>1233.6</ele>
                <name>Position 595</name>
            </trkpt>
            <trkpt lat="47.66638" lon="13.66309">
                <ele>1237.2</ele>
                <name>Position 596</name>
            </trkpt>
            <trkpt lat="47.66638" lon="13.66309">
                <ele>1237.2</ele>
                <name>Position 597</name>
            </trkpt>
            <trkpt lat="47.66648" lon="13.66254">
                <ele>1220.4</ele>
                <name>Position 598</name>
            </trkpt>
            <trkpt lat="47.66648" lon="13.66254">
                <ele>1220.4</ele>
                <name>Position 599</name>
            </trkpt>
            <trkpt lat="47.66657" lon="13.66215">
                <ele>1212.0</ele>
                <name>Position 600</name>
            </trkpt>
            <trkpt lat="47.66657" lon="13.66215">
                <ele>1212.0</ele>
                <name>Position 601</name>
            </trkpt>
            <trkpt lat="47.66671" lon="13.66195">
                <ele>1212.8</ele>
                <name>Position 602</name>
            </trkpt>
            <trkpt lat="47.66671" lon="13.66195">
                <ele>1212.8</ele>
                <name>Position 603</name>
            </trkpt>
            <trkpt lat="47.66678" lon="13.66192">
                <ele>1214.9</ele>
                <name>Position 604</name>
            </trkpt>
            <trkpt lat="47.66678" lon="13.66192">
                <ele>1214.9</ele>
                <name>Position 605</name>
            </trkpt>
            <trkpt lat="47.66728" lon="13.66133">
                <ele>1204.2</ele>
                <name>Position 606</name>
            </trkpt>
            <trkpt lat="47.66728" lon="13.66133">
                <ele>1204.2</ele>
                <name>Position 607</name>
            </trkpt>
            <trkpt lat="47.66728" lon="13.66132">
                <ele>1204.0</ele>
                <name>Position 608</name>
            </trkpt>
            <trkpt lat="47.66723" lon="13.66133">
                <ele>1205.0</ele>
                <name>Position 609</name>
            </trkpt>
            <trkpt lat="47.66715" lon="13.66135">
                <ele>1204.9</ele>
                <name>Position 610</name>
            </trkpt>
            <trkpt lat="47.66711" lon="13.66134">
                <ele>1204.4</ele>
                <name>Position 611</name>
            </trkpt>
            <trkpt lat="47.66703" lon="13.66134">
                <ele>1203.8</ele>
                <name>Position 612</name>
            </trkpt>
            <trkpt lat="47.66696" lon="13.66134">
                <ele>1203.2</ele>
                <name>Position 613</name>
            </trkpt>
            <trkpt lat="47.66691" lon="13.66136">
                <ele>1203.0</ele>
                <name>Position 614</name>
            </trkpt>
            <trkpt lat="47.66685" lon="13.66142">
                <ele>1203.5</ele>
                <name>Position 615</name>
            </trkpt>
            <trkpt lat="47.66679" lon="13.66146">
                <ele>1203.7</ele>
                <name>Position 616</name>
            </trkpt>
            <trkpt lat="47.66668" lon="13.66146">
                <ele>1201.8</ele>
                <name>Position 617</name>
            </trkpt>
            <trkpt lat="47.66665" lon="13.66133">
                <ele>1198.8</ele>
                <name>Position 618</name>
            </trkpt>
            <trkpt lat="47.66659" lon="13.66126">
                <ele>1196.1</ele>
                <name>Position 619</name>
            </trkpt>
            <trkpt lat="47.66651" lon="13.6612">
                <ele>1192.5</ele>
                <name>Position 620</name>
            </trkpt>
            <trkpt lat="47.66641" lon="13.66123">
                <ele>1190.5</ele>
                <name>Position 621</name>
            </trkpt>
            <trkpt lat="47.6663" lon="13.66124">
                <ele>1187.4</ele>
                <name>Position 622</name>
            </trkpt>
            <trkpt lat="47.6662" lon="13.66129">
                <ele>1184.7</ele>
                <name>Position 623</name>
            </trkpt>
            <trkpt lat="47.6662" lon="13.66129">
                <ele>1184.7</ele>
                <name>Position 624</name>
            </trkpt>
            <trkpt lat="47.6662" lon="13.66129">
                <ele>1184.7</ele>
                <name>Position 625</name>
            </trkpt>
            <trkpt lat="47.66612" lon="13.66135">
                <ele>1181.5</ele>
                <name>Position 626</name>
            </trkpt>
            <trkpt lat="47.66607" lon="13.66138">
                <ele>1180.1</ele>
                <name>Position 627</name>
            </trkpt>
            <trkpt lat="47.66601" lon="13.66142">
                <ele>1179.4</ele>
                <name>Position 628</name>
            </trkpt>
            <trkpt lat="47.66598" lon="13.66144">
                <ele>1179.1</ele>
                <name>Position 629</name>
            </trkpt>
            <trkpt lat="47.66596" lon="13.66143">
                <ele>1178.5</ele>
                <name>Position 630</name>
            </trkpt>
            <trkpt lat="47.66599" lon="13.66127">
                <ele>1178.8</ele>
                <name>Position 631</name>
            </trkpt>
            <trkpt lat="47.66608" lon="13.66101">
                <ele>1178.6</ele>
                <name>Position 632</name>
            </trkpt>
            <trkpt lat="47.66618" lon="13.66076">
                <ele>1174.8</ele>
                <name>Position 633</name>
            </trkpt>
            <trkpt lat="47.66624" lon="13.66054">
                <ele>1171.3</ele>
                <name>Position 634</name>
            </trkpt>
            <trkpt lat="47.66627" lon="13.66028">
                <ele>1165.5</ele>
                <name>Position 635</name>
            </trkpt>
            <trkpt lat="47.66633" lon="13.66">
                <ele>1163.2</ele>
                <name>Position 636</name>
            </trkpt>
            <trkpt lat="47.66635" lon="13.65969">
                <ele>1162.1</ele>
                <name>Position 637</name>
            </trkpt>
            <trkpt lat="47.66636" lon="13.6594">
                <ele>1159.8</ele>
                <name>Position 638</name>
            </trkpt>
            <trkpt lat="47.66634" lon="13.65904">
                <ele>1158.7</ele>
                <name>Position 639</name>
            </trkpt>
            <trkpt lat="47.66634" lon="13.65871">
                <ele>1157.9</ele>
                <name>Position 640</name>
            </trkpt>
            <trkpt lat="47.66629" lon="13.6584">
                <ele>1158.1</ele>
                <name>Position 641</name>
            </trkpt>
            <trkpt lat="47.66615" lon="13.65819">
                <ele>1151.5</ele>
                <name>Position 642</name>
            </trkpt>
            <trkpt lat="47.66591" lon="13.65802">
                <ele>1138.6</ele>
                <name>Position 643</name>
            </trkpt>
            <trkpt lat="47.66577" lon="13.65769">
                <ele>1128.4</ele>
                <name>Position 644</name>
            </trkpt>
            <trkpt lat="47.66576" lon="13.65743">
                <ele>1124.2</ele>
                <name>Position 645</name>
            </trkpt>
            <trkpt lat="47.66579" lon="13.65712">
                <ele>1120.8</ele>
                <name>Position 646</name>
            </trkpt>
            <trkpt lat="47.66581" lon="13.65682">
                <ele>1119.6</ele>
                <name>Position 647</name>
            </trkpt>
            <trkpt lat="47.6658" lon="13.6565">
                <ele>1116.1</ele>
                <name>Position 648</name>
            </trkpt>
            <trkpt lat="47.66581" lon="13.65615">
                <ele>1113.1</ele>
                <name>Position 649</name>
            </trkpt>
            <trkpt lat="47.6658" lon="13.65584">
                <ele>1114.5</ele>
                <name>Position 650</name>
            </trkpt>
            <trkpt lat="47.6657" lon="13.65574">
                <ele>1112.4</ele>
                <name>Position 651</name>
            </trkpt>
            <trkpt lat="47.66548" lon="13.65564">
                <ele>1110.2</ele>
                <name>Position 652</name>
            </trkpt>
            <trkpt lat="47.66535" lon="13.65546">
                <ele>1110.7</ele>
                <name>Position 653</name>
            </trkpt>
            <trkpt lat="47.66521" lon="13.65521">
                <ele>1111.4</ele>
                <name>Position 654</name>
            </trkpt>
            <trkpt lat="47.6651" lon="13.65501">
                <ele>1109.8</ele>
                <name>Position 655</name>
            </trkpt>
            <trkpt lat="47.66497" lon="13.65481">
                <ele>1108.7</ele>
                <name>Position 656</name>
            </trkpt>
            <trkpt lat="47.66488" lon="13.65455">
                <ele>1110.9</ele>
                <name>Position 657</name>
            </trkpt>
            <trkpt lat="47.66483" lon="13.6543">
                <ele>1111.2</ele>
                <name>Position 658</name>
            </trkpt>
            <trkpt lat="47.66487" lon="13.65409">
                <ele>1109.3</ele>
                <name>Position 659</name>
            </trkpt>
            <trkpt lat="47.66497" lon="13.65387">
                <ele>1107.2</ele>
                <name>Position 660</name>
            </trkpt>
            <trkpt lat="47.66507" lon="13.65364">
                <ele>1105.1</ele>
                <name>Position 661</name>
            </trkpt>
            <trkpt lat="47.66519" lon="13.65344">
                <ele>1103.2</ele>
                <name>Position 662</name>
            </trkpt>
            <trkpt lat="47.66529" lon="13.65317">
                <ele>1102.0</ele>
                <name>Position 663</name>
            </trkpt>
            <trkpt lat="47.66538" lon="13.65292">
                <ele>1102.4</ele>
                <name>Position 664</name>
            </trkpt>
            <trkpt lat="47.66546" lon="13.65259">
                <ele>1105.5</ele>
                <name>Position 665</name>
            </trkpt>
            <trkpt lat="47.66547" lon="13.6525">
                <ele>1106.5</ele>
                <name>Position 666</name>
            </trkpt>
            <trkpt lat="47.66544" lon="13.65241">
                <ele>1107.0</ele>
                <name>Position 667</name>
            </trkpt>
            <trkpt lat="47.66532" lon="13.65227">
                <ele>1105.5</ele>
                <name>Position 668</name>
            </trkpt>
            <trkpt lat="47.66513" lon="13.65214">
                <ele>1105.2</ele>
                <name>Position 669</name>
            </trkpt>
            <trkpt lat="47.66488" lon="13.65198">
                <ele>1102.2</ele>
                <name>Position 670</name>
            </trkpt>
            <trkpt lat="47.66463" lon="13.65182">
                <ele>1098.0</ele>
                <name>Position 671</name>
            </trkpt>
            <trkpt lat="47.66439" lon="13.65168">
                <ele>1094.6</ele>
                <name>Position 672</name>
            </trkpt>
            <trkpt lat="47.66412" lon="13.6516">
                <ele>1092.0</ele>
                <name>Position 673</name>
            </trkpt>
            <trkpt lat="47.6639" lon="13.65156">
                <ele>1088.9</ele>
                <name>Position 674</name>
            </trkpt>
            <trkpt lat="47.66359" lon="13.65151">
                <ele>1083.8</ele>
                <name>Position 675</name>
            </trkpt>
            <trkpt lat="47.66332" lon="13.65142">
                <ele>1075.1</ele>
                <name>Position 676</name>
            </trkpt>
            <trkpt lat="47.66318" lon="13.65135">
                <ele>1072.6</ele>
                <name>Position 677</name>
            </trkpt>
            <trkpt lat="47.66315" lon="13.65121">
                <ele>1071.1</ele>
                <name>Position 678</name>
            </trkpt>
            <trkpt lat="47.66323" lon="13.65083">
                <ele>1071.4</ele>
                <name>Position 679</name>
            </trkpt>
            <trkpt lat="47.66326" lon="13.65056">
                <ele>1072.4</ele>
                <name>Position 680</name>
            </trkpt>
            <trkpt lat="47.66328" lon="13.65033">
                <ele>1075.0</ele>
                <name>Position 681</name>
            </trkpt>
            <trkpt lat="47.66327" lon="13.65016">
                <ele>1074.6</ele>
                <name>Position 682</name>
            </trkpt>
            <trkpt lat="47.66327" lon="13.65008">
                <ele>1074.2</ele>
                <name>Position 683</name>
            </trkpt>
            <trkpt lat="47.66321" lon="13.64973">
                <ele>1072.9</ele>
                <name>Position 684</name>
            </trkpt>
            <trkpt lat="47.6631" lon="13.64947">
                <ele>1069.1</ele>
                <name>Position 685</name>
            </trkpt>
            <trkpt lat="47.66307" lon="13.6492">
                <ele>1066.6</ele>
                <name>Position 686</name>
            </trkpt>
            <trkpt lat="47.66303" lon="13.64883">
                <ele>1067.0</ele>
                <name>Position 687</name>
            </trkpt>
            <trkpt lat="47.66299" lon="13.64849">
                <ele>1067.7</ele>
                <name>Position 688</name>
            </trkpt>
            <trkpt lat="47.66293" lon="13.64812">
                <ele>1067.1</ele>
                <name>Position 689</name>
            </trkpt>
            <trkpt lat="47.66288" lon="13.64804">
                <ele>1066.4</ele>
                <name>Position 690</name>
            </trkpt>
            <trkpt lat="47.66282" lon="13.64801">
                <ele>1065.3</ele>
                <name>Position 691</name>
            </trkpt>
            <trkpt lat="47.6627" lon="13.648">
                <ele>1064.0</ele>
                <name>Position 692</name>
            </trkpt>
            <trkpt lat="47.66259" lon="13.64803">
                <ele>1063.0</ele>
                <name>Position 693</name>
            </trkpt>
            <trkpt lat="47.66252" lon="13.64803">
                <ele>1062.5</ele>
                <name>Position 694</name>
            </trkpt>
            <trkpt lat="47.6623" lon="13.6479">
                <ele>1062.3</ele>
                <name>Position 695</name>
            </trkpt>
            <trkpt lat="47.66212" lon="13.64778">
                <ele>1060.2</ele>
                <name>Position 696</name>
            </trkpt>
            <trkpt lat="47.66202" lon="13.64775">
                <ele>1058.4</ele>
                <name>Position 697</name>
            </trkpt>
            <trkpt lat="47.66193" lon="13.64777">
                <ele>1057.0</ele>
                <name>Position 698</name>
            </trkpt>
            <trkpt lat="47.66193" lon="13.64777">
                <ele>1057.0</ele>
                <name>Position 699</name>
            </trkpt>
            <trkpt lat="47.66193" lon="13.64777">
                <ele>1057.0</ele>
                <name>Position 700</name>
            </trkpt>
            <trkpt lat="47.66186" lon="13.64778">
                <ele>1057.0</ele>
                <name>Position 701</name>
            </trkpt>
            <trkpt lat="47.66171" lon="13.64775">
                <ele>1057.1</ele>
                <name>Position 702</name>
            </trkpt>
            <trkpt lat="47.66164" lon="13.64772">
                <ele>1056.8</ele>
                <name>Position 703</name>
            </trkpt>
            <trkpt lat="47.66157" lon="13.64767">
                <ele>1055.9</ele>
                <name>Position 704</name>
            </trkpt>
            <trkpt lat="47.66147" lon="13.64752">
                <ele>1054.4</ele>
                <name>Position 705</name>
            </trkpt>
            <trkpt lat="47.66134" lon="13.64745">
                <ele>1052.2</ele>
                <name>Position 706</name>
            </trkpt>
            <trkpt lat="47.66112" lon="13.64741">
                <ele>1048.5</ele>
                <name>Position 707</name>
            </trkpt>
            <trkpt lat="47.66072" lon="13.64747">
                <ele>1047.4</ele>
                <name>Position 708</name>
            </trkpt>
            <trkpt lat="47.66053" lon="13.6475">
                <ele>1045.9</ele>
                <name>Position 709</name>
            </trkpt>
            <trkpt lat="47.66049" lon="13.6475">
                <ele>1045.8</ele>
                <name>Position 710</name>
            </trkpt>
            <trkpt lat="47.66045" lon="13.64752">
                <ele>1045.3</ele>
                <name>Position 711</name>
            </trkpt>
            <trkpt lat="47.66036" lon="13.64753">
                <ele>1045.0</ele>
                <name>Position 712</name>
            </trkpt>
            <trkpt lat="47.66019" lon="13.64748">
                <ele>1044.6</ele>
                <name>Position 713</name>
            </trkpt>
            <trkpt lat="47.66002" lon="13.64745">
                <ele>1044.0</ele>
                <name>Position 714</name>
            </trkpt>
            <trkpt lat="47.65978" lon="13.64749">
                <ele>1039.9</ele>
                <name>Position 715</name>
            </trkpt>
            <trkpt lat="47.65955" lon="13.64758">
                <ele>1037.6</ele>
                <name>Position 716</name>
            </trkpt>
            <trkpt lat="47.65947" lon="13.64761">
                <ele>1037.2</ele>
                <name>Position 717</name>
            </trkpt>
            <trkpt lat="47.65936" lon="13.6476">
                <ele>1035.5</ele>
                <name>Position 718</name>
            </trkpt>
            <trkpt lat="47.65926" lon="13.64748">
                <ele>1034.8</ele>
                <name>Position 719</name>
            </trkpt>
            <trkpt lat="47.65911" lon="13.64734">
                <ele>1032.8</ele>
                <name>Position 720</name>
            </trkpt>
            <trkpt lat="47.65892" lon="13.64726">
                <ele>1031.0</ele>
                <name>Position 721</name>
            </trkpt>
            <trkpt lat="47.65874" lon="13.64718">
                <ele>1029.8</ele>
                <name>Position 722</name>
            </trkpt>
            <trkpt lat="47.65855" lon="13.64704">
                <ele>1028.6</ele>
                <name>Position 723</name>
            </trkpt>
            <trkpt lat="47.65846" lon="13.64695">
                <ele>1029.0</ele>
                <name>Position 724</name>
            </trkpt>
            <trkpt lat="47.65833" lon="13.64685">
                <ele>1029.6</ele>
                <name>Position 725</name>
            </trkpt>
            <trkpt lat="47.65813" lon="13.64671">
                <ele>1023.2</ele>
                <name>Position 726</name>
            </trkpt>
            <trkpt lat="47.65813" lon="13.64671">
                <ele>1023.2</ele>
                <name>Position 727</name>
            </trkpt>
            <trkpt lat="47.65813" lon="13.64671">
                <ele>1023.2</ele>
                <name>Position 728</name>
            </trkpt>
            <trkpt lat="47.65798" lon="13.64655">
                <ele>1016.2</ele>
                <name>Position 729</name>
            </trkpt>
            <trkpt lat="47.65791" lon="13.64642">
                <ele>1012.2</ele>
                <name>Position 730</name>
            </trkpt>
            <trkpt lat="47.65787" lon="13.64622">
                <ele>1008.5</ele>
                <name>Position 731</name>
            </trkpt>
            <trkpt lat="47.65785" lon="13.646">
                <ele>1006.2</ele>
                <name>Position 732</name>
            </trkpt>
            <trkpt lat="47.65777" lon="13.64566">
                <ele>1005.4</ele>
                <name>Position 733</name>
            </trkpt>
            <trkpt lat="47.65767" lon="13.64547">
                <ele>1006.0</ele>
                <name>Position 734</name>
            </trkpt>
            <trkpt lat="47.65761" lon="13.64523">
                <ele>1006.5</ele>
                <name>Position 735</name>
            </trkpt>
            <trkpt lat="47.65753" lon="13.64497">
                <ele>1009.7</ele>
                <name>Position 736</name>
            </trkpt>
            <trkpt lat="47.6574" lon="13.64472">
                <ele>1010.2</ele>
                <name>Position 737</name>
            </trkpt>
            <trkpt lat="47.65727" lon="13.64453">
                <ele>1009.1</ele>
                <name>Position 738</name>
            </trkpt>
            <trkpt lat="47.65715" lon="13.6444">
                <ele>1009.0</ele>
                <name>Position 739</name>
            </trkpt>
            <trkpt lat="47.65703" lon="13.64444">
                <ele>1007.0</ele>
                <name>Position 740</name>
            </trkpt>
            <trkpt lat="47.65683" lon="13.6445">
                <ele>1003.2</ele>
                <name>Position 741</name>
            </trkpt>
            <trkpt lat="47.65674" lon="13.64453">
                <ele>1001.3</ele>
                <name>Position 742</name>
            </trkpt>
            <trkpt lat="47.65666" lon="13.64456">
                <ele>999.5</ele>
                <name>Position 743</name>
            </trkpt>
            <trkpt lat="47.65661" lon="13.64452">
                <ele>998.2</ele>
                <name>Position 744</name>
            </trkpt>
            <trkpt lat="47.65654" lon="13.64432">
                <ele>998.0</ele>
                <name>Position 745</name>
            </trkpt>
            <trkpt lat="47.65648" lon="13.64416">
                <ele>998.0</ele>
                <name>Position 746</name>
            </trkpt>
            <trkpt lat="47.65638" lon="13.64413">
                <ele>995.4</ele>
                <name>Position 747</name>
            </trkpt>
            <trkpt lat="47.65626" lon="13.64398">
                <ele>995.7</ele>
                <name>Position 748</name>
            </trkpt>
            <trkpt lat="47.65614" lon="13.64385">
                <ele>995.2</ele>
                <name>Position 749</name>
            </trkpt>
            <trkpt lat="47.65604" lon="13.64376">
                <ele>994.4</ele>
                <name>Position 750</name>
            </trkpt>
            <trkpt lat="47.656" lon="13.64365">
                <ele>995.2</ele>
                <name>Position 751</name>
            </trkpt>
            <trkpt lat="47.65592" lon="13.6436">
                <ele>993.6</ele>
                <name>Position 752</name>
            </trkpt>
            <trkpt lat="47.65584" lon="13.64356">
                <ele>991.7</ele>
                <name>Position 753</name>
            </trkpt>
            <trkpt lat="47.65575" lon="13.6435">
                <ele>991.7</ele>
                <name>Position 754</name>
            </trkpt>
            <trkpt lat="47.65565" lon="13.64333">
                <ele>991.4</ele>
                <name>Position 755</name>
            </trkpt>
            <trkpt lat="47.65557" lon="13.64321">
                <ele>989.9</ele>
                <name>Position 756</name>
            </trkpt>
            <trkpt lat="47.65547" lon="13.64305">
                <ele>986.2</ele>
                <name>Position 757</name>
            </trkpt>
            <trkpt lat="47.65541" lon="13.64294">
                <ele>983.9</ele>
                <name>Position 758</name>
            </trkpt>
            <trkpt lat="47.65538" lon="13.64282">
                <ele>982.5</ele>
                <name>Position 759</name>
            </trkpt>
            <trkpt lat="47.65538" lon="13.64273">
                <ele>982.7</ele>
                <name>Position 760</name>
            </trkpt>
            <trkpt lat="47.65538" lon="13.64264">
                <ele>983.5</ele>
                <name>Position 761</name>
            </trkpt>
            <trkpt lat="47.6554" lon="13.64256">
                <ele>984.9</ele>
                <name>Position 762</name>
            </trkpt>
            <trkpt lat="47.65543" lon="13.64241">
                <ele>988.2</ele>
                <name>Position 763</name>
            </trkpt>
            <trkpt lat="47.65541" lon="13.64226">
                <ele>990.0</ele>
                <name>Position 764</name>
            </trkpt>
            <trkpt lat="47.65536" lon="13.64211">
                <ele>989.6</ele>
                <name>Position 765</name>
            </trkpt>
            <trkpt lat="47.6553" lon="13.64201">
                <ele>988.6</ele>
                <name>Position 766</name>
            </trkpt>
            <trkpt lat="47.65521" lon="13.64185">
                <ele>986.3</ele>
                <name>Position 767</name>
            </trkpt>
            <trkpt lat="47.65511" lon="13.64168">
                <ele>982.5</ele>
                <name>Position 768</name>
            </trkpt>
            <trkpt lat="47.65501" lon="13.64154">
                <ele>977.5</ele>
                <name>Position 769</name>
            </trkpt>
            <trkpt lat="47.65493" lon="13.64136">
                <ele>975.5</ele>
                <name>Position 770</name>
            </trkpt>
            <trkpt lat="47.65486" lon="13.64117">
                <ele>974.6</ele>
                <name>Position 771</name>
            </trkpt>
            <trkpt lat="47.65482" lon="13.64106">
                <ele>973.3</ele>
                <name>Position 772</name>
            </trkpt>
            <trkpt lat="47.65478" lon="13.64092">
                <ele>971.3</ele>
                <name>Position 773</name>
            </trkpt>
            <trkpt lat="47.65472" lon="13.64082">
                <ele>968.9</ele>
                <name>Position 774</name>
            </trkpt>
            <trkpt lat="47.65465" lon="13.64058">
                <ele>967.6</ele>
                <name>Position 775</name>
            </trkpt>
            <trkpt lat="47.65456" lon="13.64036">
                <ele>967.2</ele>
                <name>Position 776</name>
            </trkpt>
            <trkpt lat="47.65449" lon="13.64012">
                <ele>968.2</ele>
                <name>Position 777</name>
            </trkpt>
            <trkpt lat="47.65446" lon="13.63999">
                <ele>968.4</ele>
                <name>Position 778</name>
            </trkpt>
            <trkpt lat="47.65443" lon="13.63989">
                <ele>968.7</ele>
                <name>Position 779</name>
            </trkpt>
            <trkpt lat="47.65437" lon="13.63956">
                <ele>969.4</ele>
                <name>Position 780</name>
            </trkpt>
            <trkpt lat="47.65428" lon="13.63924">
                <ele>967.0</ele>
                <name>Position 781</name>
            </trkpt>
            <trkpt lat="47.65423" lon="13.63913">
                <ele>965.6</ele>
                <name>Position 782</name>
            </trkpt>
            <trkpt lat="47.65419" lon="13.6391">
                <ele>964.6</ele>
                <name>Position 783</name>
            </trkpt>
            <trkpt lat="47.65416" lon="13.63914">
                <ele>963.9</ele>
                <name>Position 784</name>
            </trkpt>
            <trkpt lat="47.65411" lon="13.63918">
                <ele>963.2</ele>
                <name>Position 785</name>
            </trkpt>
            <trkpt lat="47.6541" lon="13.63923">
                <ele>963.3</ele>
                <name>Position 786</name>
            </trkpt>
            <trkpt lat="47.65417" lon="13.63952">
                <ele>965.9</ele>
                <name>Position 787</name>
            </trkpt>
        </trkseg>
    </trk>
</gpx>
