<?xml version="1.0" encoding="UTF-8" standalone="yes"?>
<gpx xmlns:gpxtpx1="http://www.garmin.com/xmlschemas/TrackPointExtension/v1" xmlns="http://www.topografix.com/GPX/1/1" xmlns:trp="http://www.garmin.com/xmlschemas/TripExtensions/v1" xmlns:gpxx="http://www.garmin.com/xmlschemas/GpxExtensions/v3" xmlns:gpxtpx="http://www.garmin.com/xmlschemas/TrackPointExtension/v2" version="1.1" creator="RouteConverter 2.27.2">
    <trk>
        <name>2024-07-13 09:51:04</name>
        <extensions>
            <mytracks:color xmlns:mytracks="http://mytracks.stichling.info/myTracksGPX/1/0" xmlns:xsd="http://www.w3.org/2001/XMLSchema" xmlns:xsi="http://www.w3.org/2001/XMLSchema-instance" alpha="1.000000" blue="1.000000" green="0.000000" red="0.000000"/>
            <mytracks:area xmlns:mytracks="http://mytracks.stichling.info/myTracksGPX/1/0" xmlns:xsd="http://www.w3.org/2001/XMLSchema" xmlns:xsi="http://www.w3.org/2001/XMLSchema-instance" areaDistance="0.000000" showArea="no"/>
            <mytracks:directionArrows xmlns:mytracks="http://mytracks.stichling.info/myTracksGPX/1/0" xmlns:xsd="http://www.w3.org/2001/XMLSchema" xmlns:xsi="http://www.w3.org/2001/XMLSchema-instance" showDirectionArrows="yes"/>
            <mytracks:sync xmlns:mytracks="http://mytracks.stichling.info/myTracksGPX/1/0" xmlns:xsd="http://www.w3.org/2001/XMLSchema" xmlns:xsi="http://www.w3.org/2001/XMLSchema-instance" syncPhotosOniPhone="no"/>
            <mytracks:timezone xmlns:mytracks="http://mytracks.stichling.info/myTracksGPX/1/0" xmlns:xsd="http://www.w3.org/2001/XMLSchema" xmlns:xsi="http://www.w3.org/2001/XMLSchema-instance" offset="120"/>
        </extensions>
        <trkseg>
            <trkpt lat="47.3065589" lon="11.3792529">
                <ele>1899.9</ele>
                <time>2024-07-13T07:51:04.752Z</time>
                <name>0001</name>
                <extensions>
                    <mytracks:gradient xmlns:mytracks="http://mytracks.stichling.info/myTracksGPX/1/0" xmlns:xsd="http://www.w3.org/2001/XMLSchema" xmlns:xsi="http://www.w3.org/2001/XMLSchema-instance">0</mytracks:gradient>
                    <mytracks:length xmlns:mytracks="http://mytracks.stichling.info/myTracksGPX/1/0" xmlns:xsd="http://www.w3.org/2001/XMLSchema" xmlns:xsi="http://www.w3.org/2001/XMLSchema-instance">0</mytracks:length>
                </extensions>
            </trkpt>
            <trkpt lat="47.3060321" lon="11.3781992">
                <ele>1902.5</ele>
                <time>2024-07-13T07:51:06.162Z</time>
                <name>0002</name>
                <extensions>
                    <mytracks:speed xmlns:mytracks="http://mytracks.stichling.info/myTracksGPX/1/0" xmlns:xsd="http://www.w3.org/2001/XMLSchema" xmlns:xsi="http://www.w3.org/2001/XMLSchema-instance">28.89862036492254</mytracks:speed>
                    <mytracks:gradient xmlns:mytracks="http://mytracks.stichling.info/myTracksGPX/1/0" xmlns:xsd="http://www.w3.org/2001/XMLSchema" xmlns:xsi="http://www.w3.org/2001/XMLSchema-instance">0.2309983949676894</mytracks:gradient>
                    <mytracks:length xmlns:mytracks="http://mytracks.stichling.info/myTracksGPX/1/0" xmlns:xsd="http://www.w3.org/2001/XMLSchema" xmlns:xsi="http://www.w3.org/2001/XMLSchema-instance">0.01131404134210787</mytracks:length>
                </extensions>
            </trkpt>
            <trkpt lat="47.3058519" lon="11.3781235">
                <ele>1904.1</ele>
                <time>2024-07-13T07:51:22.001Z</time>
                <name>0015</name>
                <extensions>
                    <mytracks:speed xmlns:mytracks="http://mytracks.stichling.info/myTracksGPX/1/0" xmlns:xsd="http://www.w3.org/2001/XMLSchema" xmlns:xsi="http://www.w3.org/2001/XMLSchema-instance">6.634045874044764</mytracks:speed>
                    <mytracks:gradient xmlns:mytracks="http://mytracks.stichling.info/myTracksGPX/1/0" xmlns:xsd="http://www.w3.org/2001/XMLSchema" xmlns:xsi="http://www.w3.org/2001/XMLSchema-instance">0.0477417700530614</mytracks:gradient>
                    <mytracks:length xmlns:mytracks="http://mytracks.stichling.info/myTracksGPX/1/0" xmlns:xsd="http://www.w3.org/2001/XMLSchema" xmlns:xsi="http://www.w3.org/2001/XMLSchema-instance">0.001843310058443779</mytracks:length>
                </extensions>
            </trkpt>
            <trkpt lat="47.3056596" lon="11.3781092">
                <ele>1898.2</ele>
                <time>2024-07-13T07:51:36.978Z</time>
                <name>0030</name>
                <extensions>
                    <mytracks:speed xmlns:mytracks="http://mytracks.stichling.info/myTracksGPX/1/0" xmlns:xsd="http://www.w3.org/2001/XMLSchema" xmlns:xsi="http://www.w3.org/2001/XMLSchema-instance">9.23168817434035</mytracks:speed>
                    <mytracks:length xmlns:mytracks="http://mytracks.stichling.info/myTracksGPX/1/0" xmlns:xsd="http://www.w3.org/2001/XMLSchema" xmlns:xsi="http://www.w3.org/2001/XMLSchema-instance">0.002575530071407043</mytracks:length>
                </extensions>
            </trkpt>
            <trkpt lat="47.3054953" lon="11.3779894">
                <ele>1894.3</ele>
                <time>2024-07-13T07:51:52.000Z</time>
                <name>0045</name>
                <extensions>
                    <mytracks:speed xmlns:mytracks="http://mytracks.stichling.info/myTracksGPX/1/0" xmlns:xsd="http://www.w3.org/2001/XMLSchema" xmlns:xsi="http://www.w3.org/2001/XMLSchema-instance">6.364569130442488</mytracks:speed>
                    <mytracks:gradient xmlns:mytracks="http://mytracks.stichling.info/myTracksGPX/1/0" xmlns:xsd="http://www.w3.org/2001/XMLSchema" xmlns:xsi="http://www.w3.org/2001/XMLSchema-instance">0.244221261059561</mytracks:gradient>
                    <mytracks:length xmlns:mytracks="http://mytracks.stichling.info/myTracksGPX/1/0" xmlns:xsd="http://www.w3.org/2001/XMLSchema" xmlns:xsi="http://www.w3.org/2001/XMLSchema-instance">0.001585732106369294</mytracks:length>
                </extensions>
            </trkpt>
            <trkpt lat="47.305319" lon="11.3779305">
                <ele>1897.6</ele>
                <time>2024-07-13T07:52:07.001Z</time>
                <name>0060</name>
                <extensions>
                    <mytracks:speed xmlns:mytracks="http://mytracks.stichling.info/myTracksGPX/1/0" xmlns:xsd="http://www.w3.org/2001/XMLSchema" xmlns:xsi="http://www.w3.org/2001/XMLSchema-instance">7.414400590594309</mytracks:speed>
                    <mytracks:gradient xmlns:mytracks="http://mytracks.stichling.info/myTracksGPX/1/0" xmlns:xsd="http://www.w3.org/2001/XMLSchema" xmlns:xsi="http://www.w3.org/2001/XMLSchema-instance">0.09493236317020558</mytracks:gradient>
                    <mytracks:length xmlns:mytracks="http://mytracks.stichling.info/myTracksGPX/1/0" xmlns:xsd="http://www.w3.org/2001/XMLSchema" xmlns:xsi="http://www.w3.org/2001/XMLSchema-instance">0.00229617852484034</mytracks:length>
                </extensions>
            </trkpt>
            <trkpt lat="47.3051311" lon="11.3779088">
                <ele>1897.3</ele>
                <time>2024-07-13T07:52:18.998Z</time>
                <name>0072</name>
                <extensions>
                    <mytracks:speed xmlns:mytracks="http://mytracks.stichling.info/myTracksGPX/1/0" xmlns:xsd="http://www.w3.org/2001/XMLSchema" xmlns:xsi="http://www.w3.org/2001/XMLSchema-instance">6.312501857666226</mytracks:speed>
                    <mytracks:length xmlns:mytracks="http://mytracks.stichling.info/myTracksGPX/1/0" xmlns:xsd="http://www.w3.org/2001/XMLSchema" xmlns:xsi="http://www.w3.org/2001/XMLSchema-instance">0.001786196972106505</mytracks:length>
                </extensions>
            </trkpt>
            <trkpt lat="47.3049442" lon="11.3778456">
                <ele>1895.6</ele>
                <time>2024-07-13T07:52:33.001Z</time>
                <name>0086</name>
                <extensions>
                    <mytracks:speed xmlns:mytracks="http://mytracks.stichling.info/myTracksGPX/1/0" xmlns:xsd="http://www.w3.org/2001/XMLSchema" xmlns:xsi="http://www.w3.org/2001/XMLSchema-instance">6.555649078071292</mytracks:speed>
                    <mytracks:gradient xmlns:mytracks="http://mytracks.stichling.info/myTracksGPX/1/0" xmlns:xsd="http://www.w3.org/2001/XMLSchema" xmlns:xsi="http://www.w3.org/2001/XMLSchema-instance">0.1147135431574029</mytracks:gradient>
                    <mytracks:length xmlns:mytracks="http://mytracks.stichling.info/myTracksGPX/1/0" xmlns:xsd="http://www.w3.org/2001/XMLSchema" xmlns:xsi="http://www.w3.org/2001/XMLSchema-instance">0.001835961284766191</mytracks:length>
                </extensions>
            </trkpt>
            <trkpt lat="47.3048015" lon="11.3776682">
                <ele>1896.8</ele>
                <time>2024-07-13T07:52:51.002Z</time>
                <name>0104</name>
                <extensions>
                    <mytracks:speed xmlns:mytracks="http://mytracks.stichling.info/myTracksGPX/1/0" xmlns:xsd="http://www.w3.org/2001/XMLSchema" xmlns:xsi="http://www.w3.org/2001/XMLSchema-instance">5.388058769696036</mytracks:speed>
                    <mytracks:gradient xmlns:mytracks="http://mytracks.stichling.info/myTracksGPX/1/0" xmlns:xsd="http://www.w3.org/2001/XMLSchema" xmlns:xsi="http://www.w3.org/2001/XMLSchema-instance">0.140010009158991</mytracks:gradient>
                    <mytracks:length xmlns:mytracks="http://mytracks.stichling.info/myTracksGPX/1/0" xmlns:xsd="http://www.w3.org/2001/XMLSchema" xmlns:xsi="http://www.w3.org/2001/XMLSchema-instance">0.00165525348003493</mytracks:length>
                </extensions>
            </trkpt>
            <trkpt lat="47.3048014" lon="11.3773753">
                <ele>1898.0</ele>
                <time>2024-07-13T07:53:12.500Z</time>
                <name>0125</name>
                <extensions>
                    <mytracks:speed xmlns:mytracks="http://mytracks.stichling.info/myTracksGPX/1/0" xmlns:xsd="http://www.w3.org/2001/XMLSchema" xmlns:xsi="http://www.w3.org/2001/XMLSchema-instance">7.554522396694411</mytracks:speed>
                    <mytracks:length xmlns:mytracks="http://mytracks.stichling.info/myTracksGPX/1/0" xmlns:xsd="http://www.w3.org/2001/XMLSchema" xmlns:xsi="http://www.w3.org/2001/XMLSchema-instance">0.003147216098249935</mytracks:length>
                </extensions>
            </trkpt>
            <trkpt lat="47.3047663" lon="11.3771079">
                <ele>1896.5</ele>
                <time>2024-07-13T07:53:26.500Z</time>
                <name>0139</name>
                <extensions>
                    <mytracks:speed xmlns:mytracks="http://mytracks.stichling.info/myTracksGPX/1/0" xmlns:xsd="http://www.w3.org/2001/XMLSchema" xmlns:xsi="http://www.w3.org/2001/XMLSchema-instance">2.936549695461046</mytracks:speed>
                    <mytracks:gradient xmlns:mytracks="http://mytracks.stichling.info/myTracksGPX/1/0" xmlns:xsd="http://www.w3.org/2001/XMLSchema" xmlns:xsi="http://www.w3.org/2001/XMLSchema-instance">0.2868899876740195</mytracks:gradient>
                    <mytracks:length xmlns:mytracks="http://mytracks.stichling.info/myTracksGPX/1/0" xmlns:xsd="http://www.w3.org/2001/XMLSchema" xmlns:xsi="http://www.w3.org/2001/XMLSchema-instance">0.0008166643124271722</mytracks:length>
                </extensions>
            </trkpt>
            <trkpt lat="47.3048049" lon="11.3768396">
                <ele>1899.0</ele>
                <time>2024-07-13T07:53:46.004Z</time>
                <name>0158</name>
                <extensions>
                    <mytracks:speed xmlns:mytracks="http://mytracks.stichling.info/myTracksGPX/1/0" xmlns:xsd="http://www.w3.org/2001/XMLSchema" xmlns:xsi="http://www.w3.org/2001/XMLSchema-instance">4.581984671278568</mytracks:speed>
                    <mytracks:gradient xmlns:mytracks="http://mytracks.stichling.info/myTracksGPX/1/0" xmlns:xsd="http://www.w3.org/2001/XMLSchema" xmlns:xsi="http://www.w3.org/2001/XMLSchema-instance">0.2642190424513144</mytracks:gradient>
                    <mytracks:length xmlns:mytracks="http://mytracks.stichling.info/myTracksGPX/1/0" xmlns:xsd="http://www.w3.org/2001/XMLSchema" xmlns:xsi="http://www.w3.org/2001/XMLSchema-instance">0.001277223807631534</mytracks:length>
                </extensions>
            </trkpt>
            <trkpt lat="47.3047556" lon="11.3765845">
                <ele>1902.0</ele>
                <time>2024-07-13T07:54:00.999Z</time>
                <name>0173</name>
                <extensions>
                    <mytracks:speed xmlns:mytracks="http://mytracks.stichling.info/myTracksGPX/1/0" xmlns:xsd="http://www.w3.org/2001/XMLSchema" xmlns:xsi="http://www.w3.org/2001/XMLSchema-instance">5.782783974342343</mytracks:speed>
                    <mytracks:gradient xmlns:mytracks="http://mytracks.stichling.info/myTracksGPX/1/0" xmlns:xsd="http://www.w3.org/2001/XMLSchema" xmlns:xsi="http://www.w3.org/2001/XMLSchema-instance">0.2516433424829062</mytracks:gradient>
                    <mytracks:length xmlns:mytracks="http://mytracks.stichling.info/myTracksGPX/1/0" xmlns:xsd="http://www.w3.org/2001/XMLSchema" xmlns:xsi="http://www.w3.org/2001/XMLSchema-instance">0.001414504081852167</mytracks:length>
                </extensions>
            </trkpt>
            <trkpt lat="47.3046267" lon="11.3763862">
                <ele>1902.6</ele>
                <time>2024-07-13T07:54:16.998Z</time>
                <name>0189</name>
                <extensions>
                    <mytracks:speed xmlns:mytracks="http://mytracks.stichling.info/myTracksGPX/1/0" xmlns:xsd="http://www.w3.org/2001/XMLSchema" xmlns:xsi="http://www.w3.org/2001/XMLSchema-instance">5.659104827519381</mytracks:speed>
                    <mytracks:length xmlns:mytracks="http://mytracks.stichling.info/myTracksGPX/1/0" xmlns:xsd="http://www.w3.org/2001/XMLSchema" xmlns:xsi="http://www.w3.org/2001/XMLSchema-instance">0.001489001966678989</mytracks:length>
                </extensions>
            </trkpt>
            <trkpt lat="47.3045699" lon="11.3761285">
                <ele>1902.8</ele>
                <time>2024-07-13T07:54:33.997Z</time>
                <name>0206</name>
                <extensions>
                    <mytracks:speed xmlns:mytracks="http://mytracks.stichling.info/myTracksGPX/1/0" xmlns:xsd="http://www.w3.org/2001/XMLSchema" xmlns:xsi="http://www.w3.org/2001/XMLSchema-instance">3.659981669732631</mytracks:speed>
                    <mytracks:gradient xmlns:mytracks="http://mytracks.stichling.info/myTracksGPX/1/0" xmlns:xsd="http://www.w3.org/2001/XMLSchema" xmlns:xsi="http://www.w3.org/2001/XMLSchema-instance">0.00890121019259559</mytracks:gradient>
                    <mytracks:length xmlns:mytracks="http://mytracks.stichling.info/myTracksGPX/1/0" xmlns:xsd="http://www.w3.org/2001/XMLSchema" xmlns:xsi="http://www.w3.org/2001/XMLSchema-instance">0.001204593889567316</mytracks:length>
                </extensions>
            </trkpt>
            <trkpt lat="47.3044821" lon="11.375894">
                <ele>1903.0</ele>
                <time>2024-07-13T07:54:53.003Z</time>
                <name>0225</name>
                <extensions>
                    <mytracks:speed xmlns:mytracks="http://mytracks.stichling.info/myTracksGPX/1/0" xmlns:xsd="http://www.w3.org/2001/XMLSchema" xmlns:xsi="http://www.w3.org/2001/XMLSchema-instance">4.62004273781298</mytracks:speed>
                    <mytracks:gradient xmlns:mytracks="http://mytracks.stichling.info/myTracksGPX/1/0" xmlns:xsd="http://www.w3.org/2001/XMLSchema" xmlns:xsi="http://www.w3.org/2001/XMLSchema-instance">0.02954162045132111</mytracks:gradient>
                    <mytracks:length xmlns:mytracks="http://mytracks.stichling.info/myTracksGPX/1/0" xmlns:xsd="http://www.w3.org/2001/XMLSchema" xmlns:xsi="http://www.w3.org/2001/XMLSchema-instance">0.001013631605262928</mytracks:length>
                </extensions>
            </trkpt>
            <trkpt lat="47.3045794" lon="11.3756536">
                <ele>1905.4</ele>
                <time>2024-07-13T07:55:12.010Z</time>
                <name>0244</name>
                <extensions>
                    <mytracks:speed xmlns:mytracks="http://mytracks.stichling.info/myTracksGPX/1/0" xmlns:xsd="http://www.w3.org/2001/XMLSchema" xmlns:xsi="http://www.w3.org/2001/XMLSchema-instance">5.128061230494684</mytracks:speed>
                    <mytracks:gradient xmlns:mytracks="http://mytracks.stichling.info/myTracksGPX/1/0" xmlns:xsd="http://www.w3.org/2001/XMLSchema" xmlns:xsi="http://www.w3.org/2001/XMLSchema-instance">0.02289463991321211</mytracks:gradient>
                    <mytracks:length xmlns:mytracks="http://mytracks.stichling.info/myTracksGPX/1/0" xmlns:xsd="http://www.w3.org/2001/XMLSchema" xmlns:xsi="http://www.w3.org/2001/XMLSchema-instance">0.00143034448702958</mytracks:length>
                </extensions>
            </trkpt>
            <trkpt lat="47.304722" lon="11.3754886">
                <ele>1906.2</ele>
                <time>2024-07-13T07:55:26.001Z</time>
                <name>0257</name>
                <extensions>
                    <mytracks:speed xmlns:mytracks="http://mytracks.stichling.info/myTracksGPX/1/0" xmlns:xsd="http://www.w3.org/2001/XMLSchema" xmlns:xsi="http://www.w3.org/2001/XMLSchema-instance">6.72724509057146</mytracks:speed>
                    <mytracks:gradient xmlns:mytracks="http://mytracks.stichling.info/myTracksGPX/1/0" xmlns:xsd="http://www.w3.org/2001/XMLSchema" xmlns:xsi="http://www.w3.org/2001/XMLSchema-instance">0.05916554561885939</mytracks:gradient>
                    <mytracks:length xmlns:mytracks="http://mytracks.stichling.info/myTracksGPX/1/0" xmlns:xsd="http://www.w3.org/2001/XMLSchema" xmlns:xsi="http://www.w3.org/2001/XMLSchema-instance">0.002268536503285641</mytracks:length>
                </extensions>
            </trkpt>
            <trkpt lat="47.3048786" lon="11.3753358">
                <ele>1908.9</ele>
                <time>2024-07-13T07:55:46.001Z</time>
                <name>0277</name>
                <extensions>
                    <mytracks:speed xmlns:mytracks="http://mytracks.stichling.info/myTracksGPX/1/0" xmlns:xsd="http://www.w3.org/2001/XMLSchema" xmlns:xsi="http://www.w3.org/2001/XMLSchema-instance">4.731841835217859</mytracks:speed>
                    <mytracks:gradient xmlns:mytracks="http://mytracks.stichling.info/myTracksGPX/1/0" xmlns:xsd="http://www.w3.org/2001/XMLSchema" xmlns:xsi="http://www.w3.org/2001/XMLSchema-instance">0.2355459984001674</mytracks:gradient>
                    <mytracks:length xmlns:mytracks="http://mytracks.stichling.info/myTracksGPX/1/0" xmlns:xsd="http://www.w3.org/2001/XMLSchema" xmlns:xsi="http://www.w3.org/2001/XMLSchema-instance">0.001315462076070468</mytracks:length>
                </extensions>
            </trkpt>
            <trkpt lat="47.304991" lon="11.3751233">
                <ele>1908.6</ele>
                <time>2024-07-13T07:56:03.004Z</time>
                <name>0294</name>
                <extensions>
                    <mytracks:speed xmlns:mytracks="http://mytracks.stichling.info/myTracksGPX/1/0" xmlns:xsd="http://www.w3.org/2001/XMLSchema" xmlns:xsi="http://www.w3.org/2001/XMLSchema-instance">4.768990210674283</mytracks:speed>
                    <mytracks:gradient xmlns:mytracks="http://mytracks.stichling.info/myTracksGPX/1/0" xmlns:xsd="http://www.w3.org/2001/XMLSchema" xmlns:xsi="http://www.w3.org/2001/XMLSchema-instance">0.1234017548576384</mytracks:gradient>
                    <mytracks:length xmlns:mytracks="http://mytracks.stichling.info/myTracksGPX/1/0" xmlns:xsd="http://www.w3.org/2001/XMLSchema" xmlns:xsi="http://www.w3.org/2001/XMLSchema-instance">0.00132909417152405</mytracks:length>
                </extensions>
            </trkpt>
            <trkpt lat="47.3051441" lon="11.3749688">
                <ele>1906.0</ele>
                <time>2024-07-13T07:56:17.999Z</time>
                <name>0309</name>
                <extensions>
                    <mytracks:speed xmlns:mytracks="http://mytracks.stichling.info/myTracksGPX/1/0" xmlns:xsd="http://www.w3.org/2001/XMLSchema" xmlns:xsi="http://www.w3.org/2001/XMLSchema-instance">3.221587275066268</mytracks:speed>
                    <mytracks:length xmlns:mytracks="http://mytracks.stichling.info/myTracksGPX/1/0" xmlns:xsd="http://www.w3.org/2001/XMLSchema" xmlns:xsi="http://www.w3.org/2001/XMLSchema-instance">0.0008956178097774487</mytracks:length>
                </extensions>
            </trkpt>
            <trkpt lat="47.3052921" lon="11.3747799">
                <ele>1904.6</ele>
                <time>2024-07-13T07:56:37.998Z</time>
                <name>0329</name>
                <extensions>
                    <mytracks:speed xmlns:mytracks="http://mytracks.stichling.info/myTracksGPX/1/0" xmlns:xsd="http://www.w3.org/2001/XMLSchema" xmlns:xsi="http://www.w3.org/2001/XMLSchema-instance">6.452507357378886</mytracks:speed>
                    <mytracks:length xmlns:mytracks="http://mytracks.stichling.info/myTracksGPX/1/0" xmlns:xsd="http://www.w3.org/2001/XMLSchema" xmlns:xsi="http://www.w3.org/2001/XMLSchema-instance">0.001793749635696723</mytracks:length>
                </extensions>
            </trkpt>
            <trkpt lat="47.305429" lon="11.3746025">
                <ele>1904.7</ele>
                <time>2024-07-13T07:56:51.002Z</time>
                <name>0342</name>
                <extensions>
                    <mytracks:speed xmlns:mytracks="http://mytracks.stichling.info/myTracksGPX/1/0" xmlns:xsd="http://www.w3.org/2001/XMLSchema" xmlns:xsi="http://www.w3.org/2001/XMLSchema-instance">4.09269222094167</mytracks:speed>
                    <mytracks:length xmlns:mytracks="http://mytracks.stichling.info/myTracksGPX/1/0" xmlns:xsd="http://www.w3.org/2001/XMLSchema" xmlns:xsi="http://www.w3.org/2001/XMLSchema-instance">0.001139223575592043</mytracks:length>
                </extensions>
            </trkpt>
            <trkpt lat="47.3055599" lon="11.3744076">
                <ele>1907.0</ele>
                <time>2024-07-13T07:57:08.000Z</time>
                <name>0359</name>
                <extensions>
                    <mytracks:speed xmlns:mytracks="http://mytracks.stichling.info/myTracksGPX/1/0" xmlns:xsd="http://www.w3.org/2001/XMLSchema" xmlns:xsi="http://www.w3.org/2001/XMLSchema-instance">3.34045824947903</mytracks:speed>
                    <mytracks:gradient xmlns:mytracks="http://mytracks.stichling.info/myTracksGPX/1/0" xmlns:xsd="http://www.w3.org/2001/XMLSchema" xmlns:xsi="http://www.w3.org/2001/XMLSchema-instance">0.4776543539558292</mytracks:gradient>
                    <mytracks:length xmlns:mytracks="http://mytracks.stichling.info/myTracksGPX/1/0" xmlns:xsd="http://www.w3.org/2001/XMLSchema" xmlns:xsi="http://www.w3.org/2001/XMLSchema-instance">0.0007535255671795838</mytracks:length>
                </extensions>
            </trkpt>
            <trkpt lat="47.3056613" lon="11.3741458">
                <ele>1905.8</ele>
                <time>2024-07-13T07:57:30.500Z</time>
                <name>0380</name>
                <extensions>
                    <mytracks:speed xmlns:mytracks="http://mytracks.stichling.info/myTracksGPX/1/0" xmlns:xsd="http://www.w3.org/2001/XMLSchema" xmlns:xsi="http://www.w3.org/2001/XMLSchema-instance">7.500065115224148</mytracks:speed>
                    <mytracks:length xmlns:mytracks="http://mytracks.stichling.info/myTracksGPX/1/0" xmlns:xsd="http://www.w3.org/2001/XMLSchema" xmlns:xsi="http://www.w3.org/2001/XMLSchema-instance">0.00416743250831925</mytracks:length>
                </extensions>
            </trkpt>
            <trkpt lat="47.305657" lon="11.3738765">
                <ele>1905.8</ele>
                <time>2024-07-13T07:57:46.998Z</time>
                <name>0395</name>
                <extensions>
                    <mytracks:speed xmlns:mytracks="http://mytracks.stichling.info/myTracksGPX/1/0" xmlns:xsd="http://www.w3.org/2001/XMLSchema" xmlns:xsi="http://www.w3.org/2001/XMLSchema-instance">3.932564081381212</mytracks:speed>
                    <mytracks:gradient xmlns:mytracks="http://mytracks.stichling.info/myTracksGPX/1/0" xmlns:xsd="http://www.w3.org/2001/XMLSchema" xmlns:xsi="http://www.w3.org/2001/XMLSchema-instance">0.1301951172405028</mytracks:gradient>
                    <mytracks:length xmlns:mytracks="http://mytracks.stichling.info/myTracksGPX/1/0" xmlns:xsd="http://www.w3.org/2001/XMLSchema" xmlns:xsi="http://www.w3.org/2001/XMLSchema-instance">0.001048594639308752</mytracks:length>
                </extensions>
            </trkpt>
            <trkpt lat="47.3056611" lon="11.3735904">
                <ele>1905.3</ele>
                <time>2024-07-13T07:58:06.999Z</time>
                <name>0415</name>
                <extensions>
                    <mytracks:speed xmlns:mytracks="http://mytracks.stichling.info/myTracksGPX/1/0" xmlns:xsd="http://www.w3.org/2001/XMLSchema" xmlns:xsi="http://www.w3.org/2001/XMLSchema-instance">6.632902048499838</mytracks:speed>
                    <mytracks:length xmlns:mytracks="http://mytracks.stichling.info/myTracksGPX/1/0" xmlns:xsd="http://www.w3.org/2001/XMLSchema" xmlns:xsi="http://www.w3.org/2001/XMLSchema-instance">0.001843310058443779</mytracks:length>
                </extensions>
            </trkpt>
            <trkpt lat="47.3056651" lon="11.3733201">
                <ele>1902.4</ele>
                <time>2024-07-13T07:58:25.998Z</time>
                <name>0434</name>
                <extensions>
                    <mytracks:speed xmlns:mytracks="http://mytracks.stichling.info/myTracksGPX/1/0" xmlns:xsd="http://www.w3.org/2001/XMLSchema" xmlns:xsi="http://www.w3.org/2001/XMLSchema-instance">2.89780510805606</mytracks:speed>
                    <mytracks:length xmlns:mytracks="http://mytracks.stichling.info/myTracksGPX/1/0" xmlns:xsd="http://www.w3.org/2001/XMLSchema" xmlns:xsi="http://www.w3.org/2001/XMLSchema-instance">0.001039964083989089</mytracks:length>
                </extensions>
            </trkpt>
            <trkpt lat="47.3057192" lon="11.37306">
                <ele>1905.3</ele>
                <time>2024-07-13T07:58:42.001Z</time>
                <name>0450</name>
                <extensions>
                    <mytracks:speed xmlns:mytracks="http://mytracks.stichling.info/myTracksGPX/1/0" xmlns:xsd="http://www.w3.org/2001/XMLSchema" xmlns:xsi="http://www.w3.org/2001/XMLSchema-instance">5.429933720055805</mytracks:speed>
                    <mytracks:length xmlns:mytracks="http://mytracks.stichling.info/myTracksGPX/1/0" xmlns:xsd="http://www.w3.org/2001/XMLSchema" xmlns:xsi="http://www.w3.org/2001/XMLSchema-instance">0.001510038354603338</mytracks:length>
                </extensions>
            </trkpt>
            <trkpt lat="47.3058743" lon="11.3729218">
                <ele>1903.8</ele>
                <time>2024-07-13T07:58:58.999Z</time>
                <name>0467</name>
                <extensions>
                    <mytracks:speed xmlns:mytracks="http://mytracks.stichling.info/myTracksGPX/1/0" xmlns:xsd="http://www.w3.org/2001/XMLSchema" xmlns:xsi="http://www.w3.org/2001/XMLSchema-instance">3.689428919594942</mytracks:speed>
                    <mytracks:length xmlns:mytracks="http://mytracks.stichling.info/myTracksGPX/1/0" xmlns:xsd="http://www.w3.org/2001/XMLSchema" xmlns:xsi="http://www.w3.org/2001/XMLSchema-instance">0.0009587995106325278</mytracks:length>
                </extensions>
            </trkpt>
            <trkpt lat="47.306063" lon="11.3729138">
                <ele>1901.4</ele>
                <time>2024-07-13T07:59:18.000Z</time>
                <name>0486</name>
                <extensions>
                    <mytracks:speed xmlns:mytracks="http://mytracks.stichling.info/myTracksGPX/1/0" xmlns:xsd="http://www.w3.org/2001/XMLSchema" xmlns:xsi="http://www.w3.org/2001/XMLSchema-instance">4.015001702055527</mytracks:speed>
                    <mytracks:length xmlns:mytracks="http://mytracks.stichling.info/myTracksGPX/1/0" xmlns:xsd="http://www.w3.org/2001/XMLSchema" xmlns:xsi="http://www.w3.org/2001/XMLSchema-instance">0.001090723533066923</mytracks:length>
                </extensions>
            </trkpt>
            <trkpt lat="47.3061865" lon="11.3726993">
                <ele>1900.5</ele>
                <time>2024-07-13T07:59:36.499Z</time>
                <name>0503</name>
                <extensions>
                    <mytracks:speed xmlns:mytracks="http://mytracks.stichling.info/myTracksGPX/1/0" xmlns:xsd="http://www.w3.org/2001/XMLSchema" xmlns:xsi="http://www.w3.org/2001/XMLSchema-instance">3.072048620823393</mytracks:speed>
                    <mytracks:gradient xmlns:mytracks="http://mytracks.stichling.info/myTracksGPX/1/0" xmlns:xsd="http://www.w3.org/2001/XMLSchema" xmlns:xsi="http://www.w3.org/2001/XMLSchema-instance">0.07696835767157309</mytracks:gradient>
                    <mytracks:length xmlns:mytracks="http://mytracks.stichling.info/myTracksGPX/1/0" xmlns:xsd="http://www.w3.org/2001/XMLSchema" xmlns:xsi="http://www.w3.org/2001/XMLSchema-instance">0.001706196233838808</mytracks:length>
                </extensions>
            </trkpt>
            <trkpt lat="47.3062542" lon="11.3724507">
                <ele>1903.0</ele>
                <time>2024-07-13T07:59:57.999Z</time>
                <name>0523</name>
                <extensions>
                    <mytracks:speed xmlns:mytracks="http://mytracks.stichling.info/myTracksGPX/1/0" xmlns:xsd="http://www.w3.org/2001/XMLSchema" xmlns:xsi="http://www.w3.org/2001/XMLSchema-instance">2.678249008770434</mytracks:speed>
                    <mytracks:gradient xmlns:mytracks="http://mytracks.stichling.info/myTracksGPX/1/0" xmlns:xsd="http://www.w3.org/2001/XMLSchema" xmlns:xsi="http://www.w3.org/2001/XMLSchema-instance">0.05336973347775661</mytracks:gradient>
                    <mytracks:length xmlns:mytracks="http://mytracks.stichling.info/myTracksGPX/1/0" xmlns:xsd="http://www.w3.org/2001/XMLSchema" xmlns:xsi="http://www.w3.org/2001/XMLSchema-instance">0.0003148647627138236</mytracks:length>
                </extensions>
            </trkpt>
            <trkpt lat="47.3062979" lon="11.3721839">
                <ele>1897.5</ele>
                <time>2024-07-13T08:00:30.000Z</time>
                <name>0555</name>
                <extensions>
                    <mytracks:speed xmlns:mytracks="http://mytracks.stichling.info/myTracksGPX/1/0" xmlns:xsd="http://www.w3.org/2001/XMLSchema" xmlns:xsi="http://www.w3.org/2001/XMLSchema-instance">3.345174913010239</mytracks:speed>
                    <mytracks:length xmlns:mytracks="http://mytracks.stichling.info/myTracksGPX/1/0" xmlns:xsd="http://www.w3.org/2001/XMLSchema" xmlns:xsi="http://www.w3.org/2001/XMLSchema-instance">0.0009056250232796916</mytracks:length>
                </extensions>
            </trkpt>
            <trkpt lat="47.3064104" lon="11.3719541">
                <ele>1894.5</ele>
                <time>2024-07-13T08:00:42.996Z</time>
                <name>0568</name>
                <extensions>
                    <mytracks:speed xmlns:mytracks="http://mytracks.stichling.info/myTracksGPX/1/0" xmlns:xsd="http://www.w3.org/2001/XMLSchema" xmlns:xsi="http://www.w3.org/2001/XMLSchema-instance">4.111181634257929</mytracks:speed>
                    <mytracks:length xmlns:mytracks="http://mytracks.stichling.info/myTracksGPX/1/0" xmlns:xsd="http://www.w3.org/2001/XMLSchema" xmlns:xsi="http://www.w3.org/2001/XMLSchema-instance">0.001424029469490054</mytracks:length>
                </extensions>
            </trkpt>
            <trkpt lat="47.3064777" lon="11.3717071">
                <ele>1893.5</ele>
                <time>2024-07-13T08:00:58.997Z</time>
                <name>0584</name>
                <extensions>
                    <mytracks:speed xmlns:mytracks="http://mytracks.stichling.info/myTracksGPX/1/0" xmlns:xsd="http://www.w3.org/2001/XMLSchema" xmlns:xsi="http://www.w3.org/2001/XMLSchema-instance">3.324095458872664</mytracks:speed>
                    <mytracks:gradient xmlns:mytracks="http://mytracks.stichling.info/myTracksGPX/1/0" xmlns:xsd="http://www.w3.org/2001/XMLSchema" xmlns:xsi="http://www.w3.org/2001/XMLSchema-instance">0.2559114451274744</mytracks:gradient>
                    <mytracks:length xmlns:mytracks="http://mytracks.stichling.info/myTracksGPX/1/0" xmlns:xsd="http://www.w3.org/2001/XMLSchema" xmlns:xsi="http://www.w3.org/2001/XMLSchema-instance">0.0008438033853876242</mytracks:length>
                </extensions>
            </trkpt>
            <trkpt lat="47.3065712" lon="11.3714794">
                <ele>1897.0</ele>
                <time>2024-07-13T08:01:18.999Z</time>
                <name>0604</name>
                <extensions>
                    <mytracks:speed xmlns:mytracks="http://mytracks.stichling.info/myTracksGPX/1/0" xmlns:xsd="http://www.w3.org/2001/XMLSchema" xmlns:xsi="http://www.w3.org/2001/XMLSchema-instance">3.68094226883167</mytracks:speed>
                    <mytracks:gradient xmlns:mytracks="http://mytracks.stichling.info/myTracksGPX/1/0" xmlns:xsd="http://www.w3.org/2001/XMLSchema" xmlns:xsi="http://www.w3.org/2001/XMLSchema-instance">0.1762362587955548</mytracks:gradient>
                    <mytracks:length xmlns:mytracks="http://mytracks.stichling.info/myTracksGPX/1/0" xmlns:xsd="http://www.w3.org/2001/XMLSchema" xmlns:xsi="http://www.w3.org/2001/XMLSchema-instance">0.0010224844511227</mytracks:length>
                </extensions>
            </trkpt>
            <trkpt lat="47.3066349" lon="11.3712115">
                <ele>1896.9</ele>
                <time>2024-07-13T08:01:36.499Z</time>
                <name>0621</name>
                <extensions>
                    <mytracks:speed xmlns:mytracks="http://mytracks.stichling.info/myTracksGPX/1/0" xmlns:xsd="http://www.w3.org/2001/XMLSchema" xmlns:xsi="http://www.w3.org/2001/XMLSchema-instance">5.353732267714861</mytracks:speed>
                    <mytracks:gradient xmlns:mytracks="http://mytracks.stichling.info/myTracksGPX/1/0" xmlns:xsd="http://www.w3.org/2001/XMLSchema" xmlns:xsi="http://www.w3.org/2001/XMLSchema-instance">0.02160132764291013</mytracks:gradient>
                    <mytracks:length xmlns:mytracks="http://mytracks.stichling.info/myTracksGPX/1/0" xmlns:xsd="http://www.w3.org/2001/XMLSchema" xmlns:xsi="http://www.w3.org/2001/XMLSchema-instance">0.002230474470049244</mytracks:length>
                </extensions>
            </trkpt>
            <trkpt lat="47.3066754" lon="11.3709469">
                <ele>1890.6</ele>
                <time>2024-07-13T08:01:51.998Z</time>
                <name>0634</name>
                <extensions>
                    <mytracks:speed xmlns:mytracks="http://mytracks.stichling.info/myTracksGPX/1/0" xmlns:xsd="http://www.w3.org/2001/XMLSchema" xmlns:xsi="http://www.w3.org/2001/XMLSchema-instance">5.289239735035187</mytracks:speed>
                    <mytracks:length xmlns:mytracks="http://mytracks.stichling.info/myTracksGPX/1/0" xmlns:xsd="http://www.w3.org/2001/XMLSchema" xmlns:xsi="http://www.w3.org/2001/XMLSchema-instance">0.00149504256741194</mytracks:length>
                </extensions>
            </trkpt>
            <trkpt lat="47.3066027" lon="11.3706957">
                <ele>1887.0</ele>
                <time>2024-07-13T08:02:07.998Z</time>
                <name>0650</name>
                <extensions>
                    <mytracks:speed xmlns:mytracks="http://mytracks.stichling.info/myTracksGPX/1/0" xmlns:xsd="http://www.w3.org/2001/XMLSchema" xmlns:xsi="http://www.w3.org/2001/XMLSchema-instance">4.693876775244213</mytracks:speed>
                    <mytracks:length xmlns:mytracks="http://mytracks.stichling.info/myTracksGPX/1/0" xmlns:xsd="http://www.w3.org/2001/XMLSchema" xmlns:xsi="http://www.w3.org/2001/XMLSchema-instance">0.001226834423865861</mytracks:length>
                </extensions>
            </trkpt>
            <trkpt lat="47.3066338" lon="11.3704285">
                <ele>1888.2</ele>
                <time>2024-07-13T08:02:21.999Z</time>
                <name>0664</name>
                <extensions>
                    <mytracks:speed xmlns:mytracks="http://mytracks.stichling.info/myTracksGPX/1/0" xmlns:xsd="http://www.w3.org/2001/XMLSchema" xmlns:xsi="http://www.w3.org/2001/XMLSchema-instance">4.517863809363318</mytracks:speed>
                    <mytracks:length xmlns:mytracks="http://mytracks.stichling.info/myTracksGPX/1/0" xmlns:xsd="http://www.w3.org/2001/XMLSchema" xmlns:xsi="http://www.w3.org/2001/XMLSchema-instance">0.001255875945299307</mytracks:length>
                </extensions>
            </trkpt>
            <trkpt lat="47.3066237" lon="11.3701575">
                <ele>1888.4</ele>
                <time>2024-07-13T08:02:38.999Z</time>
                <name>0681</name>
                <extensions>
                    <mytracks:speed xmlns:mytracks="http://mytracks.stichling.info/myTracksGPX/1/0" xmlns:xsd="http://www.w3.org/2001/XMLSchema" xmlns:xsi="http://www.w3.org/2001/XMLSchema-instance">4.91018371448451</mytracks:speed>
                    <mytracks:gradient xmlns:mytracks="http://mytracks.stichling.info/myTracksGPX/1/0" xmlns:xsd="http://www.w3.org/2001/XMLSchema" xmlns:xsi="http://www.w3.org/2001/XMLSchema-instance">0.1877108970876113</mytracks:gradient>
                    <mytracks:length xmlns:mytracks="http://mytracks.stichling.info/myTracksGPX/1/0" xmlns:xsd="http://www.w3.org/2001/XMLSchema" xmlns:xsi="http://www.w3.org/2001/XMLSchema-instance">0.001379014858069923</mytracks:length>
                </extensions>
            </trkpt>
            <trkpt lat="47.3066269" lon="11.3698775">
                <ele>1888.3</ele>
                <time>2024-07-13T08:02:57.000Z</time>
                <name>0699</name>
                <extensions>
                    <mytracks:speed xmlns:mytracks="http://mytracks.stichling.info/myTracksGPX/1/0" xmlns:xsd="http://www.w3.org/2001/XMLSchema" xmlns:xsi="http://www.w3.org/2001/XMLSchema-instance">6.428320187931457</mytracks:speed>
                    <mytracks:length xmlns:mytracks="http://mytracks.stichling.info/myTracksGPX/1/0" xmlns:xsd="http://www.w3.org/2001/XMLSchema" xmlns:xsi="http://www.w3.org/2001/XMLSchema-instance">0.001791235619554902</mytracks:length>
                </extensions>
            </trkpt>
            <trkpt lat="47.3066062" lon="11.3696067">
                <ele>1889.0</ele>
                <time>2024-07-13T08:03:11.998Z</time>
                <name>0714</name>
                <extensions>
                    <mytracks:speed xmlns:mytracks="http://mytracks.stichling.info/myTracksGPX/1/0" xmlns:xsd="http://www.w3.org/2001/XMLSchema" xmlns:xsi="http://www.w3.org/2001/XMLSchema-instance">4.809670450180174</mytracks:speed>
                    <mytracks:length xmlns:mytracks="http://mytracks.stichling.info/myTracksGPX/1/0" xmlns:xsd="http://www.w3.org/2001/XMLSchema" xmlns:xsi="http://www.w3.org/2001/XMLSchema-instance">0.001166584472202496</mytracks:length>
                </extensions>
            </trkpt>
            <trkpt lat="47.3065702" lon="11.369339">
                <ele>1885.5</ele>
                <time>2024-07-13T08:03:26.000Z</time>
                <name>0728</name>
                <extensions>
                    <mytracks:speed xmlns:mytracks="http://mytracks.stichling.info/myTracksGPX/1/0" xmlns:xsd="http://www.w3.org/2001/XMLSchema" xmlns:xsi="http://www.w3.org/2001/XMLSchema-instance">3.967528982709534</mytracks:speed>
                    <mytracks:length xmlns:mytracks="http://mytracks.stichling.info/myTracksGPX/1/0" xmlns:xsd="http://www.w3.org/2001/XMLSchema" xmlns:xsi="http://www.w3.org/2001/XMLSchema-instance">0.001103048483968712</mytracks:length>
                </extensions>
            </trkpt>
            <trkpt lat="47.3066298" lon="11.3690788">
                <ele>1885.7</ele>
                <time>2024-07-13T08:03:45.500Z</time>
                <name>0747</name>
                <extensions>
                    <mytracks:speed xmlns:mytracks="http://mytracks.stichling.info/myTracksGPX/1/0" xmlns:xsd="http://www.w3.org/2001/XMLSchema" xmlns:xsi="http://www.w3.org/2001/XMLSchema-instance">3.127668275465418</mytracks:speed>
                    <mytracks:gradient xmlns:mytracks="http://mytracks.stichling.info/myTracksGPX/1/0" xmlns:xsd="http://www.w3.org/2001/XMLSchema" xmlns:xsi="http://www.w3.org/2001/XMLSchema-instance">0.2893167048903619</mytracks:gradient>
                    <mytracks:length xmlns:mytracks="http://mytracks.stichling.info/myTracksGPX/1/0" xmlns:xsd="http://www.w3.org/2001/XMLSchema" xmlns:xsi="http://www.w3.org/2001/XMLSchema-instance">0.001230502098487512</mytracks:length>
                </extensions>
            </trkpt>
            <trkpt lat="47.306695" lon="11.3688219">
                <ele>1887.4</ele>
                <time>2024-07-13T08:04:01.000Z</time>
                <name>0760</name>
                <extensions>
                    <mytracks:speed xmlns:mytracks="http://mytracks.stichling.info/myTracksGPX/1/0" xmlns:xsd="http://www.w3.org/2001/XMLSchema" xmlns:xsi="http://www.w3.org/2001/XMLSchema-instance">4.759030182970234</mytracks:speed>
                    <mytracks:length xmlns:mytracks="http://mytracks.stichling.info/myTracksGPX/1/0" xmlns:xsd="http://www.w3.org/2001/XMLSchema" xmlns:xsi="http://www.w3.org/2001/XMLSchema-instance">0.001379014858069923</mytracks:length>
                </extensions>
            </trkpt>
            <trkpt lat="47.3066169" lon="11.368576">
                <ele>1886.2</ele>
                <time>2024-07-13T08:04:26.001Z</time>
                <name>0785</name>
                <extensions>
                    <mytracks:speed xmlns:mytracks="http://mytracks.stichling.info/myTracksGPX/1/0" xmlns:xsd="http://www.w3.org/2001/XMLSchema" xmlns:xsi="http://www.w3.org/2001/XMLSchema-instance">4.426616590032692</mytracks:speed>
                    <mytracks:length xmlns:mytracks="http://mytracks.stichling.info/myTracksGPX/1/0" xmlns:xsd="http://www.w3.org/2001/XMLSchema" xmlns:xsi="http://www.w3.org/2001/XMLSchema-instance">0.001230502098487512</mytracks:length>
                </extensions>
            </trkpt>
            <trkpt lat="47.3065848" lon="11.3683039">
                <ele>1882.9</ele>
                <time>2024-07-13T08:04:45.000Z</time>
                <name>0804</name>
                <extensions>
                    <mytracks:speed xmlns:mytracks="http://mytracks.stichling.info/myTracksGPX/1/0" xmlns:xsd="http://www.w3.org/2001/XMLSchema" xmlns:xsi="http://www.w3.org/2001/XMLSchema-instance">4.986691519933471</mytracks:speed>
                    <mytracks:length xmlns:mytracks="http://mytracks.stichling.info/myTracksGPX/1/0" xmlns:xsd="http://www.w3.org/2001/XMLSchema" xmlns:xsi="http://www.w3.org/2001/XMLSchema-instance">0.00138553505923791</mytracks:length>
                </extensions>
            </trkpt>
            <trkpt lat="47.3065986" lon="11.368037">
                <ele>1886.9</ele>
                <time>2024-07-13T08:05:04.001Z</time>
                <name>0823</name>
                <extensions>
                    <mytracks:speed xmlns:mytracks="http://mytracks.stichling.info/myTracksGPX/1/0" xmlns:xsd="http://www.w3.org/2001/XMLSchema" xmlns:xsi="http://www.w3.org/2001/XMLSchema-instance">5.204026180143952</mytracks:speed>
                    <mytracks:gradient xmlns:mytracks="http://mytracks.stichling.info/myTracksGPX/1/0" xmlns:xsd="http://www.w3.org/2001/XMLSchema" xmlns:xsi="http://www.w3.org/2001/XMLSchema-instance">0.1108911152957901</mytracks:gradient>
                    <mytracks:length xmlns:mytracks="http://mytracks.stichling.info/myTracksGPX/1/0" xmlns:xsd="http://www.w3.org/2001/XMLSchema" xmlns:xsi="http://www.w3.org/2001/XMLSchema-instance">0.001449124430949695</mytracks:length>
                </extensions>
            </trkpt>
            <trkpt lat="47.3065481" lon="11.3677646">
                <ele>1891.5</ele>
                <time>2024-07-13T08:05:26.832Z</time>
                <name>0845</name>
                <extensions>
                    <mytracks:speed xmlns:mytracks="http://mytracks.stichling.info/myTracksGPX/1/0" xmlns:xsd="http://www.w3.org/2001/XMLSchema" xmlns:xsi="http://www.w3.org/2001/XMLSchema-instance">2.915834275259187</mytracks:speed>
                    <mytracks:length xmlns:mytracks="http://mytracks.stichling.info/myTracksGPX/1/0" xmlns:xsd="http://www.w3.org/2001/XMLSchema" xmlns:xsi="http://www.w3.org/2001/XMLSchema-instance">0.001482936760342163</mytracks:length>
                </extensions>
            </trkpt>
            <trkpt lat="47.3065092" lon="11.3674233">
                <ele>1895.8</ele>
                <time>2024-07-13T08:06:00.000Z</time>
                <name>0847</name>
                <extensions>
                    <mytracks:speed xmlns:mytracks="http://mytracks.stichling.info/myTracksGPX/1/0" xmlns:xsd="http://www.w3.org/2001/XMLSchema" xmlns:xsi="http://www.w3.org/2001/XMLSchema-instance">2.821479672598132</mytracks:speed>
                    <mytracks:gradient xmlns:mytracks="http://mytracks.stichling.info/myTracksGPX/1/0" xmlns:xsd="http://www.w3.org/2001/XMLSchema" xmlns:xsi="http://www.w3.org/2001/XMLSchema-instance">0.1685040538717819</mytracks:gradient>
                    <mytracks:length xmlns:mytracks="http://mytracks.stichling.info/myTracksGPX/1/0" xmlns:xsd="http://www.w3.org/2001/XMLSchema" xmlns:xsi="http://www.w3.org/2001/XMLSchema-instance">0.02239467135662879</mytracks:length>
                </extensions>
            </trkpt>
            <trkpt lat="47.3065014" lon="11.3671533">
                <ele>1900.4</ele>
                <time>2024-07-13T08:06:20.001Z</time>
                <name>0867</name>
                <extensions>
                    <mytracks:speed xmlns:mytracks="http://mytracks.stichling.info/myTracksGPX/1/0" xmlns:xsd="http://www.w3.org/2001/XMLSchema" xmlns:xsi="http://www.w3.org/2001/XMLSchema-instance">3.552195832234156</mytracks:speed>
                    <mytracks:gradient xmlns:mytracks="http://mytracks.stichling.info/myTracksGPX/1/0" xmlns:xsd="http://www.w3.org/2001/XMLSchema" xmlns:xsi="http://www.w3.org/2001/XMLSchema-instance">0.05876922290967854</mytracks:gradient>
                    <mytracks:length xmlns:mytracks="http://mytracks.stichling.info/myTracksGPX/1/0" xmlns:xsd="http://www.w3.org/2001/XMLSchema" xmlns:xsi="http://www.w3.org/2001/XMLSchema-instance">0.0009540879366123862</mytracks:length>
                </extensions>
            </trkpt>
            <trkpt lat="47.3064701" lon="11.3668895">
                <ele>1903.8</ele>
                <time>2024-07-13T08:06:42.999Z</time>
                <name>0890</name>
                <extensions>
                    <mytracks:speed xmlns:mytracks="http://mytracks.stichling.info/myTracksGPX/1/0" xmlns:xsd="http://www.w3.org/2001/XMLSchema" xmlns:xsi="http://www.w3.org/2001/XMLSchema-instance">4.677223159625075</mytracks:speed>
                    <mytracks:length xmlns:mytracks="http://mytracks.stichling.info/myTracksGPX/1/0" xmlns:xsd="http://www.w3.org/2001/XMLSchema" xmlns:xsi="http://www.w3.org/2001/XMLSchema-instance">0.001417686322278782</mytracks:length>
                </extensions>
            </trkpt>
            <trkpt lat="47.3064694" lon="11.3665764">
                <ele>1906.6</ele>
                <time>2024-07-13T08:07:07.999Z</time>
                <name>0895</name>
                <extensions>
                    <mytracks:speed xmlns:mytracks="http://mytracks.stichling.info/myTracksGPX/1/0" xmlns:xsd="http://www.w3.org/2001/XMLSchema" xmlns:xsi="http://www.w3.org/2001/XMLSchema-instance">3.267711340460968</mytracks:speed>
                    <mytracks:gradient xmlns:mytracks="http://mytracks.stichling.info/myTracksGPX/1/0" xmlns:xsd="http://www.w3.org/2001/XMLSchema" xmlns:xsi="http://www.w3.org/2001/XMLSchema-instance">0.125072781597363</mytracks:gradient>
                    <mytracks:length xmlns:mytracks="http://mytracks.stichling.info/myTracksGPX/1/0" xmlns:xsd="http://www.w3.org/2001/XMLSchema" xmlns:xsi="http://www.w3.org/2001/XMLSchema-instance">0.01708624383035478</mytracks:length>
                </extensions>
            </trkpt>
            <trkpt lat="47.3065148" lon="11.3663096">
                <ele>1907.7</ele>
                <time>2024-07-13T08:07:30.999Z</time>
                <name>0918</name>
                <extensions>
                    <mytracks:speed xmlns:mytracks="http://mytracks.stichling.info/myTracksGPX/1/0" xmlns:xsd="http://www.w3.org/2001/XMLSchema" xmlns:xsi="http://www.w3.org/2001/XMLSchema-instance">4.710708805987112</mytracks:speed>
                    <mytracks:length xmlns:mytracks="http://mytracks.stichling.info/myTracksGPX/1/0" xmlns:xsd="http://www.w3.org/2001/XMLSchema" xmlns:xsi="http://www.w3.org/2001/XMLSchema-instance">0.001308592775457605</mytracks:length>
                </extensions>
            </trkpt>
            <trkpt lat="47.3065125" lon="11.3660392">
                <ele>1907.1</ele>
                <time>2024-07-13T08:07:48.999Z</time>
                <name>0936</name>
                <extensions>
                    <mytracks:speed xmlns:mytracks="http://mytracks.stichling.info/myTracksGPX/1/0" xmlns:xsd="http://www.w3.org/2001/XMLSchema" xmlns:xsi="http://www.w3.org/2001/XMLSchema-instance">5.381042857600441</mytracks:speed>
                    <mytracks:gradient xmlns:mytracks="http://mytracks.stichling.info/myTracksGPX/1/0" xmlns:xsd="http://www.w3.org/2001/XMLSchema" xmlns:xsi="http://www.w3.org/2001/XMLSchema-instance">0.1834409483508717</mytracks:gradient>
                    <mytracks:length xmlns:mytracks="http://mytracks.stichling.info/myTracksGPX/1/0" xmlns:xsd="http://www.w3.org/2001/XMLSchema" xmlns:xsi="http://www.w3.org/2001/XMLSchema-instance">0.00149504256741194</mytracks:length>
                </extensions>
            </trkpt>
            <trkpt lat="47.3064922" lon="11.3657696">
                <ele>1910.8</ele>
                <time>2024-07-13T08:08:10.000Z</time>
                <name>0953</name>
                <extensions>
                    <mytracks:speed xmlns:mytracks="http://mytracks.stichling.info/myTracksGPX/1/0" xmlns:xsd="http://www.w3.org/2001/XMLSchema" xmlns:xsi="http://www.w3.org/2001/XMLSchema-instance">4.295409370553172</mytracks:speed>
                    <mytracks:length xmlns:mytracks="http://mytracks.stichling.info/myTracksGPX/1/0" xmlns:xsd="http://www.w3.org/2001/XMLSchema" xmlns:xsi="http://www.w3.org/2001/XMLSchema-instance">0.001193318191591511</mytracks:length>
                </extensions>
            </trkpt>
            <trkpt lat="47.3064318" lon="11.36552">
                <ele>1910.8</ele>
                <time>2024-07-13T08:08:45.000Z</time>
                <name>0977</name>
                <extensions>
                    <mytracks:speed xmlns:mytracks="http://mytracks.stichling.info/myTracksGPX/1/0" xmlns:xsd="http://www.w3.org/2001/XMLSchema" xmlns:xsi="http://www.w3.org/2001/XMLSchema-instance">4.18604715730062</mytracks:speed>
                    <mytracks:length xmlns:mytracks="http://mytracks.stichling.info/myTracksGPX/1/0" xmlns:xsd="http://www.w3.org/2001/XMLSchema" xmlns:xsi="http://www.w3.org/2001/XMLSchema-instance">0.001273690678297089</mytracks:length>
                </extensions>
            </trkpt>
            <trkpt lat="47.3066172" lon="11.3653968">
                <ele>1925.6</ele>
                <time>2024-07-13T08:09:59.999Z</time>
                <name>1010</name>
                <extensions>
                    <mytracks:speed xmlns:mytracks="http://mytracks.stichling.info/myTracksGPX/1/0" xmlns:xsd="http://www.w3.org/2001/XMLSchema" xmlns:xsi="http://www.w3.org/2001/XMLSchema-instance">1.643672856039269</mytracks:speed>
                    <mytracks:gradient xmlns:mytracks="http://mytracks.stichling.info/myTracksGPX/1/0" xmlns:xsd="http://www.w3.org/2001/XMLSchema" xmlns:xsi="http://www.w3.org/2001/XMLSchema-instance">0.4952260567263067</mytracks:gradient>
                    <mytracks:length xmlns:mytracks="http://mytracks.stichling.info/myTracksGPX/1/0" xmlns:xsd="http://www.w3.org/2001/XMLSchema" xmlns:xsi="http://www.w3.org/2001/XMLSchema-instance">0.01513496143669385</mytracks:length>
                </extensions>
            </trkpt>
            <trkpt lat="47.3068357" lon="11.3652726">
                <ele>1940.2</ele>
                <time>2024-07-13T08:11:26.999Z</time>
                <name>1040</name>
                <extensions>
                    <mytracks:speed xmlns:mytracks="http://mytracks.stichling.info/myTracksGPX/1/0" xmlns:xsd="http://www.w3.org/2001/XMLSchema" xmlns:xsi="http://www.w3.org/2001/XMLSchema-instance">1.4417867027512</mytracks:speed>
                    <mytracks:gradient xmlns:mytracks="http://mytracks.stichling.info/myTracksGPX/1/0" xmlns:xsd="http://www.w3.org/2001/XMLSchema" xmlns:xsi="http://www.w3.org/2001/XMLSchema-instance">0.4654282501416022</mytracks:gradient>
                    <mytracks:length xmlns:mytracks="http://mytracks.stichling.info/myTracksGPX/1/0" xmlns:xsd="http://www.w3.org/2001/XMLSchema" xmlns:xsi="http://www.w3.org/2001/XMLSchema-instance">0.0124125859966501</mytracks:length>
                </extensions>
            </trkpt>
            <trkpt lat="47.306876" lon="11.3649149">
                <ele>1949.7</ele>
                <time>2024-07-13T08:12:41.000Z</time>
                <name>1048</name>
                <extensions>
                    <mytracks:speed xmlns:mytracks="http://mytracks.stichling.info/myTracksGPX/1/0" xmlns:xsd="http://www.w3.org/2001/XMLSchema" xmlns:xsi="http://www.w3.org/2001/XMLSchema-instance">1.337460053580331</mytracks:speed>
                    <mytracks:gradient xmlns:mytracks="http://mytracks.stichling.info/myTracksGPX/1/0" xmlns:xsd="http://www.w3.org/2001/XMLSchema" xmlns:xsi="http://www.w3.org/2001/XMLSchema-instance">0.3184997813859082</mytracks:gradient>
                    <mytracks:length xmlns:mytracks="http://mytracks.stichling.info/myTracksGPX/1/0" xmlns:xsd="http://www.w3.org/2001/XMLSchema" xmlns:xsi="http://www.w3.org/2001/XMLSchema-instance">0.02120162614388624</mytracks:length>
                </extensions>
            </trkpt>
            <trkpt lat="47.3068919" lon="11.3646505">
                <ele>1948.6</ele>
                <time>2024-07-13T08:13:00.000Z</time>
                <name>1066</name>
                <extensions>
                    <mytracks:speed xmlns:mytracks="http://mytracks.stichling.info/myTracksGPX/1/0" xmlns:xsd="http://www.w3.org/2001/XMLSchema" xmlns:xsi="http://www.w3.org/2001/XMLSchema-instance">2.797980204209511</mytracks:speed>
                    <mytracks:gradient xmlns:mytracks="http://mytracks.stichling.info/myTracksGPX/1/0" xmlns:xsd="http://www.w3.org/2001/XMLSchema" xmlns:xsi="http://www.w3.org/2001/XMLSchema-instance">0.1035117289874476</mytracks:gradient>
                    <mytracks:length xmlns:mytracks="http://mytracks.stichling.info/myTracksGPX/1/0" xmlns:xsd="http://www.w3.org/2001/XMLSchema" xmlns:xsi="http://www.w3.org/2001/XMLSchema-instance">0.0009727973242093424</mytracks:length>
                </extensions>
            </trkpt>
            <trkpt lat="47.3068461" lon="11.3643877">
                <ele>1953.1</ele>
                <time>2024-07-13T08:13:23.999Z</time>
                <name>1090</name>
                <extensions>
                    <mytracks:speed xmlns:mytracks="http://mytracks.stichling.info/myTracksGPX/1/0" xmlns:xsd="http://www.w3.org/2001/XMLSchema" xmlns:xsi="http://www.w3.org/2001/XMLSchema-instance">5.387947371248337</mytracks:speed>
                    <mytracks:length xmlns:mytracks="http://mytracks.stichling.info/myTracksGPX/1/0" xmlns:xsd="http://www.w3.org/2001/XMLSchema" xmlns:xsi="http://www.w3.org/2001/XMLSchema-instance">0.001700905690144502</mytracks:length>
                </extensions>
            </trkpt>
            <trkpt lat="47.3069123" lon="11.3641324">
                <ele>1955.4</ele>
                <time>2024-07-13T08:13:46.001Z</time>
                <name>1112</name>
                <extensions>
                    <mytracks:speed xmlns:mytracks="http://mytracks.stichling.info/myTracksGPX/1/0" xmlns:xsd="http://www.w3.org/2001/XMLSchema" xmlns:xsi="http://www.w3.org/2001/XMLSchema-instance">6.653719014603214</mytracks:speed>
                    <mytracks:gradient xmlns:mytracks="http://mytracks.stichling.info/myTracksGPX/1/0" xmlns:xsd="http://www.w3.org/2001/XMLSchema" xmlns:xsi="http://www.w3.org/2001/XMLSchema-instance">0.2241001046617296</mytracks:gradient>
                    <mytracks:length xmlns:mytracks="http://mytracks.stichling.info/myTracksGPX/1/0" xmlns:xsd="http://www.w3.org/2001/XMLSchema" xmlns:xsi="http://www.w3.org/2001/XMLSchema-instance">0.001901077860256507</mytracks:length>
                </extensions>
            </trkpt>
            <trkpt lat="47.3070388" lon="11.3639201">
                <ele>1952.3</ele>
                <time>2024-07-13T08:13:59.000Z</time>
                <name>1125</name>
                <extensions>
                    <mytracks:speed xmlns:mytracks="http://mytracks.stichling.info/myTracksGPX/1/0" xmlns:xsd="http://www.w3.org/2001/XMLSchema" xmlns:xsi="http://www.w3.org/2001/XMLSchema-instance">5.260869640522261</mytracks:speed>
                    <mytracks:length xmlns:mytracks="http://mytracks.stichling.info/myTracksGPX/1/0" xmlns:xsd="http://www.w3.org/2001/XMLSchema" xmlns:xsi="http://www.w3.org/2001/XMLSchema-instance">0.001461510335089989</mytracks:length>
                </extensions>
            </trkpt>
            <trkpt lat="47.3071218" lon="11.3636759">
                <ele>1954.4</ele>
                <time>2024-07-13T08:14:22.500Z</time>
                <name>1147</name>
                <extensions>
                    <mytracks:speed xmlns:mytracks="http://mytracks.stichling.info/myTracksGPX/1/0" xmlns:xsd="http://www.w3.org/2001/XMLSchema" xmlns:xsi="http://www.w3.org/2001/XMLSchema-instance">4.552354890861789</mytracks:speed>
                    <mytracks:gradient xmlns:mytracks="http://mytracks.stichling.info/myTracksGPX/1/0" xmlns:xsd="http://www.w3.org/2001/XMLSchema" xmlns:xsi="http://www.w3.org/2001/XMLSchema-instance">0.2356445783733315</mytracks:gradient>
                    <mytracks:length xmlns:mytracks="http://mytracks.stichling.info/myTracksGPX/1/0" xmlns:xsd="http://www.w3.org/2001/XMLSchema" xmlns:xsi="http://www.w3.org/2001/XMLSchema-instance">0.001608305940910979</mytracks:length>
                </extensions>
            </trkpt>
            <trkpt lat="47.3071676" lon="11.3633916">
                <ele>1953.9</ele>
                <time>2024-07-13T08:14:41.999Z</time>
                <name>1166</name>
                <extensions>
                    <mytracks:speed xmlns:mytracks="http://mytracks.stichling.info/myTracksGPX/1/0" xmlns:xsd="http://www.w3.org/2001/XMLSchema" xmlns:xsi="http://www.w3.org/2001/XMLSchema-instance">6.753813615648057</mytracks:speed>
                    <mytracks:length xmlns:mytracks="http://mytracks.stichling.info/myTracksGPX/1/0" xmlns:xsd="http://www.w3.org/2001/XMLSchema" xmlns:xsi="http://www.w3.org/2001/XMLSchema-instance">0.002169017067140007</mytracks:length>
                </extensions>
            </trkpt>
            <trkpt lat="47.3071283" lon="11.3631335">
                <ele>1954.4</ele>
                <time>2024-07-13T08:14:56.000Z</time>
                <name>1180</name>
                <extensions>
                    <mytracks:speed xmlns:mytracks="http://mytracks.stichling.info/myTracksGPX/1/0" xmlns:xsd="http://www.w3.org/2001/XMLSchema" xmlns:xsi="http://www.w3.org/2001/XMLSchema-instance">0.9658629217293441</mytracks:speed>
                    <mytracks:length xmlns:mytracks="http://mytracks.stichling.info/myTracksGPX/1/0" xmlns:xsd="http://www.w3.org/2001/XMLSchema" xmlns:xsi="http://www.w3.org/2001/XMLSchema-instance">0.0002685175718629059</mytracks:length>
                </extensions>
            </trkpt>
            <trkpt lat="47.3071866" lon="11.3628514">
                <ele>1955.5</ele>
                <time>2024-07-13T08:15:19.001Z</time>
                <name>1203</name>
                <extensions>
                    <mytracks:speed xmlns:mytracks="http://mytracks.stichling.info/myTracksGPX/1/0" xmlns:xsd="http://www.w3.org/2001/XMLSchema" xmlns:xsi="http://www.w3.org/2001/XMLSchema-instance">8.259415620784054</mytracks:speed>
                    <mytracks:length xmlns:mytracks="http://mytracks.stichling.info/myTracksGPX/1/0" xmlns:xsd="http://www.w3.org/2001/XMLSchema" xmlns:xsi="http://www.w3.org/2001/XMLSchema-instance">0.002437083588457753</mytracks:length>
                </extensions>
            </trkpt>
            <trkpt lat="47.3072126" lon="11.3625791">
                <ele>1954.8</ele>
                <time>2024-07-13T08:15:34.000Z</time>
                <name>1218</name>
                <extensions>
                    <mytracks:speed xmlns:mytracks="http://mytracks.stichling.info/myTracksGPX/1/0" xmlns:xsd="http://www.w3.org/2001/XMLSchema" xmlns:xsi="http://www.w3.org/2001/XMLSchema-instance">5.639811536841078</mytracks:speed>
                    <mytracks:gradient xmlns:mytracks="http://mytracks.stichling.info/myTracksGPX/1/0" xmlns:xsd="http://www.w3.org/2001/XMLSchema" xmlns:xsi="http://www.w3.org/2001/XMLSchema-instance">0.1749171988811187</mytracks:gradient>
                    <mytracks:length xmlns:mytracks="http://mytracks.stichling.info/myTracksGPX/1/0" xmlns:xsd="http://www.w3.org/2001/XMLSchema" xmlns:xsi="http://www.w3.org/2001/XMLSchema-instance">0.001929313235417253</mytracks:length>
                </extensions>
            </trkpt>
            <trkpt lat="47.3072538" lon="11.362297">
                <ele>1957.2</ele>
                <time>2024-07-13T08:15:48.999Z</time>
                <name>1233</name>
                <extensions>
                    <mytracks:speed xmlns:mytracks="http://mytracks.stichling.info/myTracksGPX/1/0" xmlns:xsd="http://www.w3.org/2001/XMLSchema" xmlns:xsi="http://www.w3.org/2001/XMLSchema-instance">5.317915467068787</mytracks:speed>
                    <mytracks:gradient xmlns:mytracks="http://mytracks.stichling.info/myTracksGPX/1/0" xmlns:xsd="http://www.w3.org/2001/XMLSchema" xmlns:xsi="http://www.w3.org/2001/XMLSchema-instance">0.075722662811103</mytracks:gradient>
                    <mytracks:length xmlns:mytracks="http://mytracks.stichling.info/myTracksGPX/1/0" xmlns:xsd="http://www.w3.org/2001/XMLSchema" xmlns:xsi="http://www.w3.org/2001/XMLSchema-instance">0.002040556882214019</mytracks:length>
                </extensions>
            </trkpt>
            <trkpt lat="47.3072627" lon="11.3620304">
                <ele>1958.1</ele>
                <time>2024-07-13T08:16:07.000Z</time>
                <name>1251</name>
                <extensions>
                    <mytracks:speed xmlns:mytracks="http://mytracks.stichling.info/myTracksGPX/1/0" xmlns:xsd="http://www.w3.org/2001/XMLSchema" xmlns:xsi="http://www.w3.org/2001/XMLSchema-instance">5.017457962392987</mytracks:speed>
                    <mytracks:gradient xmlns:mytracks="http://mytracks.stichling.info/myTracksGPX/1/0" xmlns:xsd="http://www.w3.org/2001/XMLSchema" xmlns:xsi="http://www.w3.org/2001/XMLSchema-instance">0.2801671627858184</mytracks:gradient>
                    <mytracks:length xmlns:mytracks="http://mytracks.stichling.info/myTracksGPX/1/0" xmlns:xsd="http://www.w3.org/2001/XMLSchema" xmlns:xsi="http://www.w3.org/2001/XMLSchema-instance">0.001395258231574743</mytracks:length>
                </extensions>
            </trkpt>
            <trkpt lat="47.3071961" lon="11.3617721">
                <ele>1958.2</ele>
                <time>2024-07-13T08:16:23.995Z</time>
                <name>1267</name>
                <extensions>
                    <mytracks:speed xmlns:mytracks="http://mytracks.stichling.info/myTracksGPX/1/0" xmlns:xsd="http://www.w3.org/2001/XMLSchema" xmlns:xsi="http://www.w3.org/2001/XMLSchema-instance">5.483294197490226</mytracks:speed>
                    <mytracks:gradient xmlns:mytracks="http://mytracks.stichling.info/myTracksGPX/1/0" xmlns:xsd="http://www.w3.org/2001/XMLSchema" xmlns:xsi="http://www.w3.org/2001/XMLSchema-instance">0.1508199103719391</mytracks:gradient>
                    <mytracks:length xmlns:mytracks="http://mytracks.stichling.info/myTracksGPX/1/0" xmlns:xsd="http://www.w3.org/2001/XMLSchema" xmlns:xsi="http://www.w3.org/2001/XMLSchema-instance">0.001185741491550095</mytracks:length>
                </extensions>
            </trkpt>
            <trkpt lat="47.3071644" lon="11.3615079">
                <ele>1961.4</ele>
                <time>2024-07-13T08:16:47.999Z</time>
                <name>1289</name>
                <extensions>
                    <mytracks:speed xmlns:mytracks="http://mytracks.stichling.info/myTracksGPX/1/0" xmlns:xsd="http://www.w3.org/2001/XMLSchema" xmlns:xsi="http://www.w3.org/2001/XMLSchema-instance">8.510321152822842</mytracks:speed>
                    <mytracks:length xmlns:mytracks="http://mytracks.stichling.info/myTracksGPX/1/0" xmlns:xsd="http://www.w3.org/2001/XMLSchema" xmlns:xsi="http://www.w3.org/2001/XMLSchema-instance">0.002171093675626303</mytracks:length>
                </extensions>
            </trkpt>
            <trkpt lat="47.3070796" lon="11.3612483">
                <ele>1961.0</ele>
                <time>2024-07-13T08:17:05.999Z</time>
                <name>1307</name>
                <extensions>
                    <mytracks:speed xmlns:mytracks="http://mytracks.stichling.info/myTracksGPX/1/0" xmlns:xsd="http://www.w3.org/2001/XMLSchema" xmlns:xsi="http://www.w3.org/2001/XMLSchema-instance">9.610365277562803</mytracks:speed>
                    <mytracks:length xmlns:mytracks="http://mytracks.stichling.info/myTracksGPX/1/0" xmlns:xsd="http://www.w3.org/2001/XMLSchema" xmlns:xsi="http://www.w3.org/2001/XMLSchema-instance">0.003009613655254357</mytracks:length>
                </extensions>
            </trkpt>
            <trkpt lat="47.3070263" lon="11.3609925">
                <ele>1960.7</ele>
                <time>2024-07-13T08:17:22.000Z</time>
                <name>1323</name>
                <extensions>
                    <mytracks:speed xmlns:mytracks="http://mytracks.stichling.info/myTracksGPX/1/0" xmlns:xsd="http://www.w3.org/2001/XMLSchema" xmlns:xsi="http://www.w3.org/2001/XMLSchema-instance">4.19845186278062</mytracks:speed>
                    <mytracks:length xmlns:mytracks="http://mytracks.stichling.info/myTracksGPX/1/0" xmlns:xsd="http://www.w3.org/2001/XMLSchema" xmlns:xsi="http://www.w3.org/2001/XMLSchema-instance">0.001166584472202496</mytracks:length>
                </extensions>
            </trkpt>
            <trkpt lat="47.3068871" lon="11.3607968">
                <ele>1961.1</ele>
                <time>2024-07-13T08:17:35.997Z</time>
                <name>1337</name>
                <extensions>
                    <mytracks:speed xmlns:mytracks="http://mytracks.stichling.info/myTracksGPX/1/0" xmlns:xsd="http://www.w3.org/2001/XMLSchema" xmlns:xsi="http://www.w3.org/2001/XMLSchema-instance">6.247471367056264</mytracks:speed>
                    <mytracks:gradient xmlns:mytracks="http://mytracks.stichling.info/myTracksGPX/1/0" xmlns:xsd="http://www.w3.org/2001/XMLSchema" xmlns:xsi="http://www.w3.org/2001/XMLSchema-instance">0.07492618119894605</mytracks:gradient>
                    <mytracks:length xmlns:mytracks="http://mytracks.stichling.info/myTracksGPX/1/0" xmlns:xsd="http://www.w3.org/2001/XMLSchema" xmlns:xsi="http://www.w3.org/2001/XMLSchema-instance">0.001727196362538111</mytracks:length>
                </extensions>
            </trkpt>
            <trkpt lat="47.306803" lon="11.3605514">
                <ele>1959.5</ele>
                <time>2024-07-13T08:18:01.000Z</time>
                <name>1362</name>
                <extensions>
                    <mytracks:speed xmlns:mytracks="http://mytracks.stichling.info/myTracksGPX/1/0" xmlns:xsd="http://www.w3.org/2001/XMLSchema" xmlns:xsi="http://www.w3.org/2001/XMLSchema-instance">3.796644114445991</mytracks:speed>
                    <mytracks:gradient xmlns:mytracks="http://mytracks.stichling.info/myTracksGPX/1/0" xmlns:xsd="http://www.w3.org/2001/XMLSchema" xmlns:xsi="http://www.w3.org/2001/XMLSchema-instance">0.1066682515483588</mytracks:gradient>
                    <mytracks:length xmlns:mytracks="http://mytracks.stichling.info/myTracksGPX/1/0" xmlns:xsd="http://www.w3.org/2001/XMLSchema" xmlns:xsi="http://www.w3.org/2001/XMLSchema-instance">0.001414504081852167</mytracks:length>
                </extensions>
            </trkpt>
            <trkpt lat="47.3066888" lon="11.3603437">
                <ele>1964.6</ele>
                <time>2024-07-13T08:18:22.002Z</time>
                <name>1383</name>
                <extensions>
                    <mytracks:speed xmlns:mytracks="http://mytracks.stichling.info/myTracksGPX/1/0" xmlns:xsd="http://www.w3.org/2001/XMLSchema" xmlns:xsi="http://www.w3.org/2001/XMLSchema-instance">8.0392343617838</mytracks:speed>
                    <mytracks:gradient xmlns:mytracks="http://mytracks.stichling.info/myTracksGPX/1/0" xmlns:xsd="http://www.w3.org/2001/XMLSchema" xmlns:xsi="http://www.w3.org/2001/XMLSchema-instance">0.006587769634119884</mytracks:gradient>
                    <mytracks:length xmlns:mytracks="http://mytracks.stichling.info/myTracksGPX/1/0" xmlns:xsd="http://www.w3.org/2001/XMLSchema" xmlns:xsi="http://www.w3.org/2001/XMLSchema-instance">0.002236527329129054</mytracks:length>
                </extensions>
            </trkpt>
            <trkpt lat="47.3066535" lon="11.360072">
                <ele>1967.8</ele>
                <time>2024-07-13T08:18:44.999Z</time>
                <name>1402</name>
                <extensions>
                    <mytracks:speed xmlns:mytracks="http://mytracks.stichling.info/myTracksGPX/1/0" xmlns:xsd="http://www.w3.org/2001/XMLSchema" xmlns:xsi="http://www.w3.org/2001/XMLSchema-instance">7.176985532927853</mytracks:speed>
                    <mytracks:gradient xmlns:mytracks="http://mytracks.stichling.info/myTracksGPX/1/0" xmlns:xsd="http://www.w3.org/2001/XMLSchema" xmlns:xsi="http://www.w3.org/2001/XMLSchema-instance">0.136801998488565</mytracks:gradient>
                    <mytracks:length xmlns:mytracks="http://mytracks.stichling.info/myTracksGPX/1/0" xmlns:xsd="http://www.w3.org/2001/XMLSchema" xmlns:xsi="http://www.w3.org/2001/XMLSchema-instance">0.00196862023863273</mytracks:length>
                </extensions>
            </trkpt>
            <trkpt lat="47.3065363" lon="11.3598502">
                <ele>1971.6</ele>
                <time>2024-07-13T08:19:09.001Z</time>
                <name>1426</name>
                <extensions>
                    <mytracks:speed xmlns:mytracks="http://mytracks.stichling.info/myTracksGPX/1/0" xmlns:xsd="http://www.w3.org/2001/XMLSchema" xmlns:xsi="http://www.w3.org/2001/XMLSchema-instance">5.224019774450941</mytracks:speed>
                    <mytracks:gradient xmlns:mytracks="http://mytracks.stichling.info/myTracksGPX/1/0" xmlns:xsd="http://www.w3.org/2001/XMLSchema" xmlns:xsi="http://www.w3.org/2001/XMLSchema-instance">0.0206075333788776</mytracks:gradient>
                    <mytracks:length xmlns:mytracks="http://mytracks.stichling.info/myTracksGPX/1/0" xmlns:xsd="http://www.w3.org/2001/XMLSchema" xmlns:xsi="http://www.w3.org/2001/XMLSchema-instance">0.001452230810572194</mytracks:length>
                </extensions>
            </trkpt>
            <trkpt lat="47.3065538" lon="11.3595829">
                <ele>1977.9</ele>
                <time>2024-07-13T08:19:36.996Z</time>
                <name>1454</name>
                <extensions>
                    <mytracks:speed xmlns:mytracks="http://mytracks.stichling.info/myTracksGPX/1/0" xmlns:xsd="http://www.w3.org/2001/XMLSchema" xmlns:xsi="http://www.w3.org/2001/XMLSchema-instance">5.038121314900084</mytracks:speed>
                    <mytracks:gradient xmlns:mytracks="http://mytracks.stichling.info/myTracksGPX/1/0" xmlns:xsd="http://www.w3.org/2001/XMLSchema" xmlns:xsi="http://www.w3.org/2001/XMLSchema-instance">0.1471167438867488</mytracks:gradient>
                    <mytracks:length xmlns:mytracks="http://mytracks.stichling.info/myTracksGPX/1/0" xmlns:xsd="http://www.w3.org/2001/XMLSchema" xmlns:xsi="http://www.w3.org/2001/XMLSchema-instance">0.001365881083981338</mytracks:length>
                </extensions>
            </trkpt>
            <trkpt lat="47.3064613" lon="11.3593117">
                <ele>1979.8</ele>
                <time>2024-07-13T08:20:02.001Z</time>
                <name>1479</name>
                <extensions>
                    <mytracks:speed xmlns:mytracks="http://mytracks.stichling.info/myTracksGPX/1/0" xmlns:xsd="http://www.w3.org/2001/XMLSchema" xmlns:xsi="http://www.w3.org/2001/XMLSchema-instance">8.946917360103205</mytracks:speed>
                    <mytracks:length xmlns:mytracks="http://mytracks.stichling.info/myTracksGPX/1/0" xmlns:xsd="http://www.w3.org/2001/XMLSchema" xmlns:xsi="http://www.w3.org/2001/XMLSchema-instance">0.003033476178691997</mytracks:length>
                </extensions>
            </trkpt>
            <trkpt lat="47.3064259" lon="11.3590521">
                <ele>1980.3</ele>
                <time>2024-07-13T08:20:15.012Z</time>
                <name>1492</name>
                <extensions>
                    <mytracks:speed xmlns:mytracks="http://mytracks.stichling.info/myTracksGPX/1/0" xmlns:xsd="http://www.w3.org/2001/XMLSchema" xmlns:xsi="http://www.w3.org/2001/XMLSchema-instance">9.123464804526405</mytracks:speed>
                    <mytracks:length xmlns:mytracks="http://mytracks.stichling.info/myTracksGPX/1/0" xmlns:xsd="http://www.w3.org/2001/XMLSchema" xmlns:xsi="http://www.w3.org/2001/XMLSchema-instance">0.002915302091430672</mytracks:length>
                </extensions>
            </trkpt>
            <trkpt lat="47.3063851" lon="11.3587828">
                <ele>1984.7</ele>
                <time>2024-07-13T08:20:41.499Z</time>
                <name>1516</name>
                <extensions>
                    <mytracks:speed xmlns:mytracks="http://mytracks.stichling.info/myTracksGPX/1/0" xmlns:xsd="http://www.w3.org/2001/XMLSchema" xmlns:xsi="http://www.w3.org/2001/XMLSchema-instance">4.763314650579394</mytracks:speed>
                    <mytracks:gradient xmlns:mytracks="http://mytracks.stichling.info/myTracksGPX/1/0" xmlns:xsd="http://www.w3.org/2001/XMLSchema" xmlns:xsi="http://www.w3.org/2001/XMLSchema-instance">0.2095122639716702</mytracks:gradient>
                    <mytracks:length xmlns:mytracks="http://mytracks.stichling.info/myTracksGPX/1/0" xmlns:xsd="http://www.w3.org/2001/XMLSchema" xmlns:xsi="http://www.w3.org/2001/XMLSchema-instance">0.001542516013262744</mytracks:length>
                </extensions>
            </trkpt>
            <trkpt lat="47.3063297" lon="11.3585265">
                <ele>1987.6</ele>
                <time>2024-07-13T08:20:58.002Z</time>
                <name>1532</name>
                <extensions>
                    <mytracks:speed xmlns:mytracks="http://mytracks.stichling.info/myTracksGPX/1/0" xmlns:xsd="http://www.w3.org/2001/XMLSchema" xmlns:xsi="http://www.w3.org/2001/XMLSchema-instance">4.626126715007397</mytracks:speed>
                    <mytracks:gradient xmlns:mytracks="http://mytracks.stichling.info/myTracksGPX/1/0" xmlns:xsd="http://www.w3.org/2001/XMLSchema" xmlns:xsi="http://www.w3.org/2001/XMLSchema-instance">0.5109819814762517</mytracks:gradient>
                    <mytracks:length xmlns:mytracks="http://mytracks.stichling.info/myTracksGPX/1/0" xmlns:xsd="http://www.w3.org/2001/XMLSchema" xmlns:xsi="http://www.w3.org/2001/XMLSchema-instance">0.001318883309614433</mytracks:length>
                </extensions>
            </trkpt>
            <trkpt lat="47.3063568" lon="11.3582519">
                <ele>1996.8</ele>
                <time>2024-07-13T08:21:47.002Z</time>
                <name>1581</name>
                <extensions>
                    <mytracks:speed xmlns:mytracks="http://mytracks.stichling.info/myTracksGPX/1/0" xmlns:xsd="http://www.w3.org/2001/XMLSchema" xmlns:xsi="http://www.w3.org/2001/XMLSchema-instance">7.900078150875104</mytracks:speed>
                    <mytracks:gradient xmlns:mytracks="http://mytracks.stichling.info/myTracksGPX/1/0" xmlns:xsd="http://www.w3.org/2001/XMLSchema" xmlns:xsi="http://www.w3.org/2001/XMLSchema-instance">0.2673415214518737</mytracks:gradient>
                    <mytracks:length xmlns:mytracks="http://mytracks.stichling.info/myTracksGPX/1/0" xmlns:xsd="http://www.w3.org/2001/XMLSchema" xmlns:xsi="http://www.w3.org/2001/XMLSchema-instance">0.002397938591860172</mytracks:length>
                </extensions>
            </trkpt>
            <trkpt lat="47.3064117" lon="11.3579649">
                <ele>1998.5</ele>
                <time>2024-07-13T08:22:14.001Z</time>
                <name>1608</name>
                <extensions>
                    <mytracks:speed xmlns:mytracks="http://mytracks.stichling.info/myTracksGPX/1/0" xmlns:xsd="http://www.w3.org/2001/XMLSchema" xmlns:xsi="http://www.w3.org/2001/XMLSchema-instance">10.47599765715377</mytracks:speed>
                    <mytracks:gradient xmlns:mytracks="http://mytracks.stichling.info/myTracksGPX/1/0" xmlns:xsd="http://www.w3.org/2001/XMLSchema" xmlns:xsi="http://www.w3.org/2001/XMLSchema-instance">0.05510719685784717</mytracks:gradient>
                    <mytracks:length xmlns:mytracks="http://mytracks.stichling.info/myTracksGPX/1/0" xmlns:xsd="http://www.w3.org/2001/XMLSchema" xmlns:xsi="http://www.w3.org/2001/XMLSchema-instance">0.0030512506052913</mytracks:length>
                </extensions>
            </trkpt>
            <trkpt lat="47.3062955" lon="11.3577432">
                <ele>2001.2</ele>
                <time>2024-07-13T08:22:31.001Z</time>
                <name>1625</name>
                <extensions>
                    <mytracks:speed xmlns:mytracks="http://mytracks.stichling.info/myTracksGPX/1/0" xmlns:xsd="http://www.w3.org/2001/XMLSchema" xmlns:xsi="http://www.w3.org/2001/XMLSchema-instance">5.355287645855275</mytracks:speed>
                    <mytracks:gradient xmlns:mytracks="http://mytracks.stichling.info/myTracksGPX/1/0" xmlns:xsd="http://www.w3.org/2001/XMLSchema" xmlns:xsi="http://www.w3.org/2001/XMLSchema-instance">0.09191917182100749</mytracks:gradient>
                    <mytracks:length xmlns:mytracks="http://mytracks.stichling.info/myTracksGPX/1/0" xmlns:xsd="http://www.w3.org/2001/XMLSchema" xmlns:xsi="http://www.w3.org/2001/XMLSchema-instance">0.00155415780870913</mytracks:length>
                </extensions>
            </trkpt>
            <trkpt lat="47.306248" lon="11.3574804">
                <ele>2007.1</ele>
                <time>2024-07-13T08:22:54.002Z</time>
                <name>1646</name>
                <extensions>
                    <mytracks:speed xmlns:mytracks="http://mytracks.stichling.info/myTracksGPX/1/0" xmlns:xsd="http://www.w3.org/2001/XMLSchema" xmlns:xsi="http://www.w3.org/2001/XMLSchema-instance">2.390039759265006</mytracks:speed>
                    <mytracks:gradient xmlns:mytracks="http://mytracks.stichling.info/myTracksGPX/1/0" xmlns:xsd="http://www.w3.org/2001/XMLSchema" xmlns:xsi="http://www.w3.org/2001/XMLSchema-instance">0.7587234474249015</mytracks:gradient>
                    <mytracks:length xmlns:mytracks="http://mytracks.stichling.info/myTracksGPX/1/0" xmlns:xsd="http://www.w3.org/2001/XMLSchema" xmlns:xsi="http://www.w3.org/2001/XMLSchema-instance">0.0006645470857620243</mytracks:length>
                </extensions>
            </trkpt>
            <trkpt lat="47.306167" lon="11.35723">
                <ele>2011.4</ele>
                <time>2024-07-13T08:23:22.996Z</time>
                <name>1675</name>
                <extensions>
                    <mytracks:speed xmlns:mytracks="http://mytracks.stichling.info/myTracksGPX/1/0" xmlns:xsd="http://www.w3.org/2001/XMLSchema" xmlns:xsi="http://www.w3.org/2001/XMLSchema-instance">7.239328036399597</mytracks:speed>
                    <mytracks:gradient xmlns:mytracks="http://mytracks.stichling.info/myTracksGPX/1/0" xmlns:xsd="http://www.w3.org/2001/XMLSchema" xmlns:xsi="http://www.w3.org/2001/XMLSchema-instance">0.08014894081695401</mytracks:gradient>
                    <mytracks:length xmlns:mytracks="http://mytracks.stichling.info/myTracksGPX/1/0" xmlns:xsd="http://www.w3.org/2001/XMLSchema" xmlns:xsi="http://www.w3.org/2001/XMLSchema-instance">0.00201164289801952</mytracks:length>
                </extensions>
            </trkpt>
            <trkpt lat="47.3060814" lon="11.3569851">
                <ele>2010.8</ele>
                <time>2024-07-13T08:23:40.000Z</time>
                <name>1692</name>
                <extensions>
                    <mytracks:speed xmlns:mytracks="http://mytracks.stichling.info/myTracksGPX/1/0" xmlns:xsd="http://www.w3.org/2001/XMLSchema" xmlns:xsi="http://www.w3.org/2001/XMLSchema-instance">3.20543800390449</mytracks:speed>
                    <mytracks:length xmlns:mytracks="http://mytracks.stichling.info/myTracksGPX/1/0" xmlns:xsd="http://www.w3.org/2001/XMLSchema" xmlns:xsi="http://www.w3.org/2001/XMLSchema-instance">0.0008905720354865519</mytracks:length>
                </extensions>
            </trkpt>
            <trkpt lat="47.3059997" lon="11.3567235">
                <ele>2015.1</ele>
                <time>2024-07-13T08:24:07.999Z</time>
                <name>1720</name>
                <extensions>
                    <mytracks:speed xmlns:mytracks="http://mytracks.stichling.info/myTracksGPX/1/0" xmlns:xsd="http://www.w3.org/2001/XMLSchema" xmlns:xsi="http://www.w3.org/2001/XMLSchema-instance">7.16874696937292</mytracks:speed>
                    <mytracks:length xmlns:mytracks="http://mytracks.stichling.info/myTracksGPX/1/0" xmlns:xsd="http://www.w3.org/2001/XMLSchema" xmlns:xsi="http://www.w3.org/2001/XMLSchema-instance">0.001991379610208292</mytracks:length>
                </extensions>
            </trkpt>
            <trkpt lat="47.3059601" lon="11.3564476">
                <ele>2017.6</ele>
                <time>2024-07-13T08:24:23.997Z</time>
                <name>1736</name>
                <extensions>
                    <mytracks:speed xmlns:mytracks="http://mytracks.stichling.info/myTracksGPX/1/0" xmlns:xsd="http://www.w3.org/2001/XMLSchema" xmlns:xsi="http://www.w3.org/2001/XMLSchema-instance">5.306404218787147</mytracks:speed>
                    <mytracks:gradient xmlns:mytracks="http://mytracks.stichling.info/myTracksGPX/1/0" xmlns:xsd="http://www.w3.org/2001/XMLSchema" xmlns:xsi="http://www.w3.org/2001/XMLSchema-instance">0.2041341293512288</mytracks:gradient>
                    <mytracks:length xmlns:mytracks="http://mytracks.stichling.info/myTracksGPX/1/0" xmlns:xsd="http://www.w3.org/2001/XMLSchema" xmlns:xsi="http://www.w3.org/2001/XMLSchema-instance">0.001891572411396901</mytracks:length>
                </extensions>
            </trkpt>
            <trkpt lat="47.3058947" lon="11.3561721">
                <ele>2019.7</ele>
                <time>2024-07-13T08:24:48.506Z</time>
                <name>1759</name>
                <extensions>
                    <mytracks:speed xmlns:mytracks="http://mytracks.stichling.info/myTracksGPX/1/0" xmlns:xsd="http://www.w3.org/2001/XMLSchema" xmlns:xsi="http://www.w3.org/2001/XMLSchema-instance">5.308414154047417</mytracks:speed>
                    <mytracks:gradient xmlns:mytracks="http://mytracks.stichling.info/myTracksGPX/1/0" xmlns:xsd="http://www.w3.org/2001/XMLSchema" xmlns:xsi="http://www.w3.org/2001/XMLSchema-instance">0.3610196089765385</mytracks:gradient>
                    <mytracks:length xmlns:mytracks="http://mytracks.stichling.info/myTracksGPX/1/0" xmlns:xsd="http://www.w3.org/2001/XMLSchema" xmlns:xsi="http://www.w3.org/2001/XMLSchema-instance">0.002216286846493973</mytracks:length>
                </extensions>
            </trkpt>
            <trkpt lat="47.3058243" lon="11.3559252">
                <ele>2022.5</ele>
                <time>2024-07-13T08:25:11.000Z</time>
                <name>1779</name>
                <extensions>
                    <mytracks:speed xmlns:mytracks="http://mytracks.stichling.info/myTracksGPX/1/0" xmlns:xsd="http://www.w3.org/2001/XMLSchema" xmlns:xsi="http://www.w3.org/2001/XMLSchema-instance">4.315464233705499</mytracks:speed>
                    <mytracks:gradient xmlns:mytracks="http://mytracks.stichling.info/myTracksGPX/1/0" xmlns:xsd="http://www.w3.org/2001/XMLSchema" xmlns:xsi="http://www.w3.org/2001/XMLSchema-instance">0.01654229856139477</mytracks:gradient>
                    <mytracks:length xmlns:mytracks="http://mytracks.stichling.info/myTracksGPX/1/0" xmlns:xsd="http://www.w3.org/2001/XMLSchema" xmlns:xsi="http://www.w3.org/2001/XMLSchema-instance">0.001074070287451625</mytracks:length>
                </extensions>
            </trkpt>
            <trkpt lat="47.3058684" lon="11.355565">
                <ele>2027.9</ele>
                <time>2024-07-13T08:27:27.000Z</time>
                <name>1821</name>
                <extensions>
                    <mytracks:speed xmlns:mytracks="http://mytracks.stichling.info/myTracksGPX/1/0" xmlns:xsd="http://www.w3.org/2001/XMLSchema" xmlns:xsi="http://www.w3.org/2001/XMLSchema-instance">1.062496701276143</mytracks:speed>
                    <mytracks:gradient xmlns:mytracks="http://mytracks.stichling.info/myTracksGPX/1/0" xmlns:xsd="http://www.w3.org/2001/XMLSchema" xmlns:xsi="http://www.w3.org/2001/XMLSchema-instance">0.2321666395258216</mytracks:gradient>
                    <mytracks:length xmlns:mytracks="http://mytracks.stichling.info/myTracksGPX/1/0" xmlns:xsd="http://www.w3.org/2001/XMLSchema" xmlns:xsi="http://www.w3.org/2001/XMLSchema-instance">0.0170294449530323</mytracks:length>
                </extensions>
            </trkpt>
            <trkpt lat="47.305742" lon="11.3553768">
                <ele>2035.6</ele>
                <time>2024-07-13T08:27:58.983Z</time>
                <name>1852</name>
                <extensions>
                    <mytracks:speed xmlns:mytracks="http://mytracks.stichling.info/myTracksGPX/1/0" xmlns:xsd="http://www.w3.org/2001/XMLSchema" xmlns:xsi="http://www.w3.org/2001/XMLSchema-instance">6.508686229923797</mytracks:speed>
                    <mytracks:gradient xmlns:mytracks="http://mytracks.stichling.info/myTracksGPX/1/0" xmlns:xsd="http://www.w3.org/2001/XMLSchema" xmlns:xsi="http://www.w3.org/2001/XMLSchema-instance">0.2233967494816361</mytracks:gradient>
                    <mytracks:length xmlns:mytracks="http://mytracks.stichling.info/myTracksGPX/1/0" xmlns:xsd="http://www.w3.org/2001/XMLSchema" xmlns:xsi="http://www.w3.org/2001/XMLSchema-instance">0.002206096967937431</mytracks:length>
                </extensions>
            </trkpt>
            <trkpt lat="47.3057818" lon="11.3551178">
                <ele>2039.0</ele>
                <time>2024-07-13T08:28:14.022Z</time>
                <name>1866</name>
                <extensions>
                    <mytracks:speed xmlns:mytracks="http://mytracks.stichling.info/myTracksGPX/1/0" xmlns:xsd="http://www.w3.org/2001/XMLSchema" xmlns:xsi="http://www.w3.org/2001/XMLSchema-instance">3.138424847934313</mytracks:speed>
                    <mytracks:gradient xmlns:mytracks="http://mytracks.stichling.info/myTracksGPX/1/0" xmlns:xsd="http://www.w3.org/2001/XMLSchema" xmlns:xsi="http://www.w3.org/2001/XMLSchema-instance">0.2943898619704263</mytracks:gradient>
                    <mytracks:length xmlns:mytracks="http://mytracks.stichling.info/myTracksGPX/1/0" xmlns:xsd="http://www.w3.org/2001/XMLSchema" xmlns:xsi="http://www.w3.org/2001/XMLSchema-instance">0.0008491271188647252</mytracks:length>
                </extensions>
            </trkpt>
            <trkpt lat="47.3056232" lon="11.3549597">
                <ele>2042.2</ele>
                <time>2024-07-13T08:28:35.984Z</time>
                <name>1887</name>
                <extensions>
                    <mytracks:speed xmlns:mytracks="http://mytracks.stichling.info/myTracksGPX/1/0" xmlns:xsd="http://www.w3.org/2001/XMLSchema" xmlns:xsi="http://www.w3.org/2001/XMLSchema-instance">4.824839421183832</mytracks:speed>
                    <mytracks:gradient xmlns:mytracks="http://mytracks.stichling.info/myTracksGPX/1/0" xmlns:xsd="http://www.w3.org/2001/XMLSchema" xmlns:xsi="http://www.w3.org/2001/XMLSchema-instance">0.0379524996418483</mytracks:gradient>
                    <mytracks:length xmlns:mytracks="http://mytracks.stichling.info/myTracksGPX/1/0" xmlns:xsd="http://www.w3.org/2001/XMLSchema" xmlns:xsi="http://www.w3.org/2001/XMLSchema-instance">0.001571458799705207</mytracks:length>
                </extensions>
            </trkpt>
            <trkpt lat="47.3054759" lon="11.3547922">
                <ele>2045.8</ele>
                <time>2024-07-13T08:28:56.502Z</time>
                <name>1907</name>
                <extensions>
                    <mytracks:speed xmlns:mytracks="http://mytracks.stichling.info/myTracksGPX/1/0" xmlns:xsd="http://www.w3.org/2001/XMLSchema" xmlns:xsi="http://www.w3.org/2001/XMLSchema-instance">4.357702469571522</mytracks:speed>
                    <mytracks:gradient xmlns:mytracks="http://mytracks.stichling.info/myTracksGPX/1/0" xmlns:xsd="http://www.w3.org/2001/XMLSchema" xmlns:xsi="http://www.w3.org/2001/XMLSchema-instance">0.3488684695720423</mytracks:gradient>
                    <mytracks:length xmlns:mytracks="http://mytracks.stichling.info/myTracksGPX/1/0" xmlns:xsd="http://www.w3.org/2001/XMLSchema" xmlns:xsi="http://www.w3.org/2001/XMLSchema-instance">0.001197088558621761</mytracks:length>
                </extensions>
            </trkpt>
            <trkpt lat="47.3053599" lon="11.3545805">
                <ele>2045.0</ele>
                <time>2024-07-13T08:29:14.996Z</time>
                <name>1925</name>
                <extensions>
                    <mytracks:speed xmlns:mytracks="http://mytracks.stichling.info/myTracksGPX/1/0" xmlns:xsd="http://www.w3.org/2001/XMLSchema" xmlns:xsi="http://www.w3.org/2001/XMLSchema-instance">4.602188151935445</mytracks:speed>
                    <mytracks:gradient xmlns:mytracks="http://mytracks.stichling.info/myTracksGPX/1/0" xmlns:xsd="http://www.w3.org/2001/XMLSchema" xmlns:xsi="http://www.w3.org/2001/XMLSchema-instance">0.006511857862658636</mytracks:gradient>
                    <mytracks:length xmlns:mytracks="http://mytracks.stichling.info/myTracksGPX/1/0" xmlns:xsd="http://www.w3.org/2001/XMLSchema" xmlns:xsi="http://www.w3.org/2001/XMLSchema-instance">0.001315462076070468</mytracks:length>
                </extensions>
            </trkpt>
            <trkpt lat="47.3052638" lon="11.3543429">
                <ele>2044.2</ele>
                <time>2024-07-13T08:29:32.000Z</time>
                <name>1942</name>
                <extensions>
                    <mytracks:speed xmlns:mytracks="http://mytracks.stichling.info/myTracksGPX/1/0" xmlns:xsd="http://www.w3.org/2001/XMLSchema" xmlns:xsi="http://www.w3.org/2001/XMLSchema-instance">3.33301033826925</mytracks:speed>
                    <mytracks:gradient xmlns:mytracks="http://mytracks.stichling.info/myTracksGPX/1/0" xmlns:xsd="http://www.w3.org/2001/XMLSchema" xmlns:xsi="http://www.w3.org/2001/XMLSchema-instance">0.05468051392294507</mytracks:gradient>
                    <mytracks:length xmlns:mytracks="http://mytracks.stichling.info/myTracksGPX/1/0" xmlns:xsd="http://www.w3.org/2001/XMLSchema" xmlns:xsi="http://www.w3.org/2001/XMLSchema-instance">0.001189535874021183</mytracks:length>
                </extensions>
            </trkpt>
            <trkpt lat="47.3052315" lon="11.3540785">
                <ele>2043.9</ele>
                <time>2024-07-13T08:29:48.001Z</time>
                <name>1958</name>
                <extensions>
                    <mytracks:speed xmlns:mytracks="http://mytracks.stichling.info/myTracksGPX/1/0" xmlns:xsd="http://www.w3.org/2001/XMLSchema" xmlns:xsi="http://www.w3.org/2001/XMLSchema-instance">6.642894621203163</mytracks:speed>
                    <mytracks:length xmlns:mytracks="http://mytracks.stichling.info/myTracksGPX/1/0" xmlns:xsd="http://www.w3.org/2001/XMLSchema" xmlns:xsi="http://www.w3.org/2001/XMLSchema-instance">0.001850629650675599</mytracks:length>
                </extensions>
            </trkpt>
            <trkpt lat="47.3050432" lon="11.3537926">
                <ele>2041.9</ele>
                <time>2024-07-13T08:31:26.000Z</time>
                <name>2010</name>
                <extensions>
                    <mytracks:speed xmlns:mytracks="http://mytracks.stichling.info/myTracksGPX/1/0" xmlns:xsd="http://www.w3.org/2001/XMLSchema" xmlns:xsi="http://www.w3.org/2001/XMLSchema-instance">1.303106722450704</mytracks:speed>
                    <mytracks:gradient xmlns:mytracks="http://mytracks.stichling.info/myTracksGPX/1/0" xmlns:xsd="http://www.w3.org/2001/XMLSchema" xmlns:xsi="http://www.w3.org/2001/XMLSchema-instance">0.05152094846686324</mytracks:gradient>
                    <mytracks:length xmlns:mytracks="http://mytracks.stichling.info/myTracksGPX/1/0" xmlns:xsd="http://www.w3.org/2001/XMLSchema" xmlns:xsi="http://www.w3.org/2001/XMLSchema-instance">0.0103536072097584</mytracks:length>
                </extensions>
            </trkpt>
            <trkpt lat="47.3052263" lon="11.353792">
                <ele>2054.3</ele>
                <time>2024-07-13T08:32:41.999Z</time>
                <name>2034</name>
                <extensions>
                    <mytracks:speed xmlns:mytracks="http://mytracks.stichling.info/myTracksGPX/1/0" xmlns:xsd="http://www.w3.org/2001/XMLSchema" xmlns:xsi="http://www.w3.org/2001/XMLSchema-instance">4.603924731864927</mytracks:speed>
                    <mytracks:length xmlns:mytracks="http://mytracks.stichling.info/myTracksGPX/1/0" xmlns:xsd="http://www.w3.org/2001/XMLSchema" xmlns:xsi="http://www.w3.org/2001/XMLSchema-instance">0.001255875945299307</mytracks:length>
                </extensions>
            </trkpt>
            <trkpt lat="47.3053703" lon="11.3536282">
                <ele>2066.2</ele>
                <time>2024-07-13T08:33:53.999Z</time>
                <name>2076</name>
                <extensions>
                    <mytracks:speed xmlns:mytracks="http://mytracks.stichling.info/myTracksGPX/1/0" xmlns:xsd="http://www.w3.org/2001/XMLSchema" xmlns:xsi="http://www.w3.org/2001/XMLSchema-instance">4.942234221931441</mytracks:speed>
                    <mytracks:gradient xmlns:mytracks="http://mytracks.stichling.info/myTracksGPX/1/0" xmlns:xsd="http://www.w3.org/2001/XMLSchema" xmlns:xsi="http://www.w3.org/2001/XMLSchema-instance">0.06396595792959679</mytracks:gradient>
                    <mytracks:length xmlns:mytracks="http://mytracks.stichling.info/myTracksGPX/1/0" xmlns:xsd="http://www.w3.org/2001/XMLSchema" xmlns:xsi="http://www.w3.org/2001/XMLSchema-instance">0.001226834423865861</mytracks:length>
                </extensions>
            </trkpt>
            <trkpt lat="47.3055513" lon="11.3535173">
                <ele>2084.9</ele>
                <time>2024-07-13T08:36:09.032Z</time>
                <name>2090</name>
                <extensions>
                    <mytracks:speed xmlns:mytracks="http://mytracks.stichling.info/myTracksGPX/1/0" xmlns:xsd="http://www.w3.org/2001/XMLSchema" xmlns:xsi="http://www.w3.org/2001/XMLSchema-instance">1.240675121270227</mytracks:speed>
                    <mytracks:gradient xmlns:mytracks="http://mytracks.stichling.info/myTracksGPX/1/0" xmlns:xsd="http://www.w3.org/2001/XMLSchema" xmlns:xsi="http://www.w3.org/2001/XMLSchema-instance">0.5216660071074397</mytracks:gradient>
                    <mytracks:length xmlns:mytracks="http://mytracks.stichling.info/myTracksGPX/1/0" xmlns:xsd="http://www.w3.org/2001/XMLSchema" xmlns:xsi="http://www.w3.org/2001/XMLSchema-instance">0.003112661900991832</mytracks:length>
                </extensions>
            </trkpt>
            <trkpt lat="47.3055568" lon="11.3532285">
                <ele>2103.7</ele>
                <time>2024-07-13T08:37:56.797Z</time>
                <name>2095</name>
                <extensions>
                    <mytracks:speed xmlns:mytracks="http://mytracks.stichling.info/myTracksGPX/1/0" xmlns:xsd="http://www.w3.org/2001/XMLSchema" xmlns:xsi="http://www.w3.org/2001/XMLSchema-instance">0.5978436744312992</mytracks:speed>
                    <mytracks:gradient xmlns:mytracks="http://mytracks.stichling.info/myTracksGPX/1/0" xmlns:xsd="http://www.w3.org/2001/XMLSchema" xmlns:xsi="http://www.w3.org/2001/XMLSchema-instance">0.8073728885324347</mytracks:gradient>
                    <mytracks:length xmlns:mytracks="http://mytracks.stichling.info/myTracksGPX/1/0" xmlns:xsd="http://www.w3.org/2001/XMLSchema" xmlns:xsi="http://www.w3.org/2001/XMLSchema-instance">0.003978230783226901</mytracks:length>
                </extensions>
            </trkpt>
            <trkpt lat="47.3055971" lon="11.3526844">
                <ele>2137.7</ele>
                <time>2024-07-13T08:41:56.000Z</time>
                <name>2096</name>
                <extensions>
                    <mytracks:speed xmlns:mytracks="http://mytracks.stichling.info/myTracksGPX/1/0" xmlns:xsd="http://www.w3.org/2001/XMLSchema" xmlns:xsi="http://www.w3.org/2001/XMLSchema-instance">0.62103318959967</mytracks:speed>
                    <mytracks:gradient xmlns:mytracks="http://mytracks.stichling.info/myTracksGPX/1/0" xmlns:xsd="http://www.w3.org/2001/XMLSchema" xmlns:xsi="http://www.w3.org/2001/XMLSchema-instance">0.8234791580230741</mytracks:gradient>
                    <mytracks:length xmlns:mytracks="http://mytracks.stichling.info/myTracksGPX/1/0" xmlns:xsd="http://www.w3.org/2001/XMLSchema" xmlns:xsi="http://www.w3.org/2001/XMLSchema-instance">0.04126476056080659</mytracks:length>
                </extensions>
            </trkpt>
            <trkpt lat="47.3057135" lon="11.352458">
                <ele>2187.2</ele>
                <time>2024-07-13T10:01:20.023Z</time>
                <name>2111</name>
                <extensions>
                    <mytracks:speed xmlns:mytracks="http://mytracks.stichling.info/myTracksGPX/1/0" xmlns:xsd="http://www.w3.org/2001/XMLSchema" xmlns:xsi="http://www.w3.org/2001/XMLSchema-instance">0.03045859819367305</mytracks:speed>
                    <mytracks:gradient xmlns:mytracks="http://mytracks.stichling.info/myTracksGPX/1/0" xmlns:xsd="http://www.w3.org/2001/XMLSchema" xmlns:xsi="http://www.w3.org/2001/XMLSchema-instance">1.597175540680963</mytracks:gradient>
                    <mytracks:length xmlns:mytracks="http://mytracks.stichling.info/myTracksGPX/1/0" xmlns:xsd="http://www.w3.org/2001/XMLSchema" xmlns:xsi="http://www.w3.org/2001/XMLSchema-instance">0.002651398578848021</mytracks:length>
                </extensions>
            </trkpt>
            <trkpt lat="47.3057677" lon="11.3519356">
                <ele>2254.2</ele>
                <time>2024-07-13T11:23:28.000Z</time>
                <name>2112</name>
                <extensions>
                    <mytracks:speed xmlns:mytracks="http://mytracks.stichling.info/myTracksGPX/1/0" xmlns:xsd="http://www.w3.org/2001/XMLSchema" xmlns:xsi="http://www.w3.org/2001/XMLSchema-instance">0.02911033735313113</mytracks:speed>
                    <mytracks:gradient xmlns:mytracks="http://mytracks.stichling.info/myTracksGPX/1/0" xmlns:xsd="http://www.w3.org/2001/XMLSchema" xmlns:xsi="http://www.w3.org/2001/XMLSchema-instance">1.682790194141718</mytracks:gradient>
                    <mytracks:length xmlns:mytracks="http://mytracks.stichling.info/myTracksGPX/1/0" xmlns:xsd="http://www.w3.org/2001/XMLSchema" xmlns:xsi="http://www.w3.org/2001/XMLSchema-instance">0.03984863190870265</mytracks:length>
                </extensions>
            </trkpt>
            <trkpt lat="47.305752" lon="11.3516694">
                <ele>2272.5</ele>
                <time>2024-07-13T11:57:56.785Z</time>
                <name>2119</name>
                <extensions>
                    <mytracks:speed xmlns:mytracks="http://mytracks.stichling.info/myTracksGPX/1/0" xmlns:xsd="http://www.w3.org/2001/XMLSchema" xmlns:xsi="http://www.w3.org/2001/XMLSchema-instance">0.09687640470498358</mytracks:speed>
                    <mytracks:gradient xmlns:mytracks="http://mytracks.stichling.info/myTracksGPX/1/0" xmlns:xsd="http://www.w3.org/2001/XMLSchema" xmlns:xsi="http://www.w3.org/2001/XMLSchema-instance">1.017840025455044</mytracks:gradient>
                    <mytracks:length xmlns:mytracks="http://mytracks.stichling.info/myTracksGPX/1/0" xmlns:xsd="http://www.w3.org/2001/XMLSchema" xmlns:xsi="http://www.w3.org/2001/XMLSchema-instance">0.002685175718629079</mytracks:length>
                </extensions>
            </trkpt>
            <trkpt lat="47.3056228" lon="11.3513784">
                <ele>2285.8</ele>
                <time>2024-07-13T12:10:05.000Z</time>
                <name>2122</name>
                <extensions>
                    <mytracks:speed xmlns:mytracks="http://mytracks.stichling.info/myTracksGPX/1/0" xmlns:xsd="http://www.w3.org/2001/XMLSchema" xmlns:xsi="http://www.w3.org/2001/XMLSchema-instance">0.2982218509812108</mytracks:speed>
                    <mytracks:length xmlns:mytracks="http://mytracks.stichling.info/myTracksGPX/1/0" xmlns:xsd="http://www.w3.org/2001/XMLSchema" xmlns:xsi="http://www.w3.org/2001/XMLSchema-instance">0.006654280438926701</mytracks:length>
                </extensions>
            </trkpt>
            <trkpt lat="47.305802" lon="11.3514392">
                <ele>2323.7</ele>
                <time>2024-07-13T12:55:28.999Z</time>
                <name>2126</name>
                <extensions>
                    <mytracks:speed xmlns:mytracks="http://mytracks.stichling.info/myTracksGPX/1/0" xmlns:xsd="http://www.w3.org/2001/XMLSchema" xmlns:xsi="http://www.w3.org/2001/XMLSchema-instance">0.02742278314617854</mytracks:speed>
                    <mytracks:gradient xmlns:mytracks="http://mytracks.stichling.info/myTracksGPX/1/0" xmlns:xsd="http://www.w3.org/2001/XMLSchema" xmlns:xsi="http://www.w3.org/2001/XMLSchema-instance">1.84360138883314</mytracks:gradient>
                    <mytracks:length xmlns:mytracks="http://mytracks.stichling.info/myTracksGPX/1/0" xmlns:xsd="http://www.w3.org/2001/XMLSchema" xmlns:xsi="http://www.w3.org/2001/XMLSchema-instance">0.01312684340514625</mytracks:length>
                </extensions>
            </trkpt>
            <trkpt lat="47.3060983" lon="11.3515033">
                <ele>2340.1</ele>
                <time>2024-07-13T13:38:01.000Z</time>
                <name>2133</name>
                <extensions>
                    <mytracks:speed xmlns:mytracks="http://mytracks.stichling.info/myTracksGPX/1/0" xmlns:xsd="http://www.w3.org/2001/XMLSchema" xmlns:xsi="http://www.w3.org/2001/XMLSchema-instance">0.07608716616799678</mytracks:speed>
                    <mytracks:gradient xmlns:mytracks="http://mytracks.stichling.info/myTracksGPX/1/0" xmlns:xsd="http://www.w3.org/2001/XMLSchema" xmlns:xsi="http://www.w3.org/2001/XMLSchema-instance">0.5082450427036072</mytracks:gradient>
                    <mytracks:length xmlns:mytracks="http://mytracks.stichling.info/myTracksGPX/1/0" xmlns:xsd="http://www.w3.org/2001/XMLSchema" xmlns:xsi="http://www.w3.org/2001/XMLSchema-instance">0.01674148381880353</mytracks:length>
                </extensions>
            </trkpt>
            <trkpt lat="47.3058869" lon="11.3513763">
                <ele>2319.4</ele>
                <time>2024-07-13T14:01:09.000Z</time>
                <name>2153</name>
                <extensions>
                    <mytracks:speed xmlns:mytracks="http://mytracks.stichling.info/myTracksGPX/1/0" xmlns:xsd="http://www.w3.org/2001/XMLSchema" xmlns:xsi="http://www.w3.org/2001/XMLSchema-instance">0.843866719571191</mytracks:speed>
                    <mytracks:length xmlns:mytracks="http://mytracks.stichling.info/myTracksGPX/1/0" xmlns:xsd="http://www.w3.org/2001/XMLSchema" xmlns:xsi="http://www.w3.org/2001/XMLSchema-instance">0.006392466720032429</mytracks:length>
                </extensions>
            </trkpt>
            <trkpt lat="47.3057862" lon="11.3511298">
                <ele>2309.6</ele>
                <time>2024-07-13T14:04:11.705Z</time>
                <name>2164</name>
                <extensions>
                    <mytracks:speed xmlns:mytracks="http://mytracks.stichling.info/myTracksGPX/1/0" xmlns:xsd="http://www.w3.org/2001/XMLSchema" xmlns:xsi="http://www.w3.org/2001/XMLSchema-instance">0.5799923562400865</mytracks:speed>
                    <mytracks:length xmlns:mytracks="http://mytracks.stichling.info/myTracksGPX/1/0" xmlns:xsd="http://www.w3.org/2001/XMLSchema" xmlns:xsi="http://www.w3.org/2001/XMLSchema-instance">0.003226403721464135</mytracks:length>
                </extensions>
            </trkpt>
            <trkpt lat="47.3056185" lon="11.3509491">
                <ele>2285.6</ele>
                <time>2024-07-13T14:06:45.285Z</time>
                <name>2166</name>
                <extensions>
                    <mytracks:speed xmlns:mytracks="http://mytracks.stichling.info/myTracksGPX/1/0" xmlns:xsd="http://www.w3.org/2001/XMLSchema" xmlns:xsi="http://www.w3.org/2001/XMLSchema-instance">0.477412023136684</mytracks:speed>
                    <mytracks:length xmlns:mytracks="http://mytracks.stichling.info/myTracksGPX/1/0" xmlns:xsd="http://www.w3.org/2001/XMLSchema" xmlns:xsi="http://www.w3.org/2001/XMLSchema-instance">0.004281571413276297</mytracks:length>
                </extensions>
            </trkpt>
            <trkpt lat="47.3054471" lon="11.3506839">
                <ele>2253.5</ele>
                <time>2024-07-13T14:12:59.999Z</time>
                <name>2180</name>
                <extensions>
                    <mytracks:speed xmlns:mytracks="http://mytracks.stichling.info/myTracksGPX/1/0" xmlns:xsd="http://www.w3.org/2001/XMLSchema" xmlns:xsi="http://www.w3.org/2001/XMLSchema-instance">0.4651651670846582</mytracks:speed>
                    <mytracks:length xmlns:mytracks="http://mytracks.stichling.info/myTracksGPX/1/0" xmlns:xsd="http://www.w3.org/2001/XMLSchema" xmlns:xsi="http://www.w3.org/2001/XMLSchema-instance">0.01400062309995417</mytracks:length>
                </extensions>
            </trkpt>
            <trkpt lat="47.3052859" lon="11.3504589">
                <ele>2242.5</ele>
                <time>2024-07-13T14:15:09.543Z</time>
                <name>2197</name>
                <extensions>
                    <mytracks:speed xmlns:mytracks="http://mytracks.stichling.info/myTracksGPX/1/0" xmlns:xsd="http://www.w3.org/2001/XMLSchema" xmlns:xsi="http://www.w3.org/2001/XMLSchema-instance">0.8830023692078661</mytracks:speed>
                    <mytracks:length xmlns:mytracks="http://mytracks.stichling.info/myTracksGPX/1/0" xmlns:xsd="http://www.w3.org/2001/XMLSchema" xmlns:xsi="http://www.w3.org/2001/XMLSchema-instance">0.006445120951286664</mytracks:length>
                </extensions>
            </trkpt>
            <trkpt lat="47.3049866" lon="11.3500847">
                <name>2198</name>
            </trkpt>
            <trkpt lat="47.3049996" lon="11.3498082">
                <name>2199</name>
            </trkpt>
            <trkpt lat="47.3048979" lon="11.3495442">
                <name>2200</name>
            </trkpt>
            <trkpt lat="47.3048998" lon="11.3492736">
                <name>2201</name>
            </trkpt>
            <trkpt lat="47.3048947" lon="11.3489944">
                <name>2202</name>
            </trkpt>
            <trkpt lat="47.3047755" lon="11.3492467">
                <name>2203</name>
            </trkpt>
            <trkpt lat="47.3047001" lon="11.3494996">
                <name>2204</name>
            </trkpt>
            <trkpt lat="47.3046341" lon="11.349758">
                <name>2205</name>
            </trkpt>
            <trkpt lat="47.3045146" lon="11.3499939">
                <name>2206</name>
            </trkpt>
            <trkpt lat="47.3045668" lon="11.350254">
                <name>2207</name>
            </trkpt>
            <trkpt lat="47.3046035" lon="11.3505274">
                <name>2208</name>
            </trkpt>
            <trkpt lat="47.3046109" lon="11.350793">
                <name>2209</name>
            </trkpt>
            <trkpt lat="47.3045487" lon="11.351046">
                <name>2210</name>
            </trkpt>
            <trkpt lat="47.3045423" lon="11.3513181">
                <name>2211</name>
            </trkpt>
            <trkpt lat="47.3043988" lon="11.3514946">
                <name>2212</name>
            </trkpt>
            <trkpt lat="47.3042104" lon="11.3514076">
                <name>2213</name>
            </trkpt>
            <trkpt lat="47.3040246" lon="11.3513155">
                <name>2214</name>
            </trkpt>
            <trkpt lat="47.304001" lon="11.3516004">
                <name>2215</name>
            </trkpt>
            <trkpt lat="47.3038692" lon="11.3518048">
                <name>2216</name>
            </trkpt>
            <trkpt lat="47.3037645" lon="11.3520316">
                <name>2217</name>
            </trkpt>
            <trkpt lat="47.303743" lon="11.352318">
                <name>2218</name>
            </trkpt>
            <trkpt lat="47.3037596" lon="11.3525993">
                <name>2219</name>
            </trkpt>
            <trkpt lat="47.3036806" lon="11.3528701">
                <name>2220</name>
            </trkpt>
            <trkpt lat="47.3038341" lon="11.3530661">
                <name>2221</name>
            </trkpt>
            <trkpt lat="47.3039573" lon="11.3532741">
                <name>2222</name>
            </trkpt>
            <trkpt lat="47.3041275" lon="11.3533964">
                <name>2223</name>
            </trkpt>
            <trkpt lat="47.3042958" lon="11.3535652">
                <name>2224</name>
            </trkpt>
            <trkpt lat="47.3044779" lon="11.353623">
                <name>2225</name>
            </trkpt>
            <trkpt lat="47.3046574" lon="11.3536959">
                <name>2226</name>
            </trkpt>
            <trkpt lat="47.3048532" lon="11.3536437">
                <name>2227</name>
            </trkpt>
            <trkpt lat="47.305007" lon="11.3538262">
                <name>2228</name>
            </trkpt>
            <trkpt lat="47.3051565" lon="11.3539967">
                <name>2229</name>
            </trkpt>
            <trkpt lat="47.3052295" lon="11.3542567">
                <name>2230</name>
            </trkpt>
            <trkpt lat="47.3053432" lon="11.3544965">
                <name>2231</name>
            </trkpt>
            <trkpt lat="47.3054682" lon="11.3547385">
                <name>2232</name>
            </trkpt>
            <trkpt lat="47.305627" lon="11.3549159">
                <name>2233</name>
            </trkpt>
            <trkpt lat="47.3057516" lon="11.3551254">
                <name>2234</name>
            </trkpt>
            <trkpt lat="47.3057709" lon="11.3554004">
                <name>2235</name>
            </trkpt>
            <trkpt lat="47.3058613" lon="11.3556408">
                <name>2236</name>
            </trkpt>
            <trkpt lat="47.3058813" lon="11.3559192">
                <name>2237</name>
            </trkpt>
            <trkpt lat="47.3059308" lon="11.3561933">
                <name>2238</name>
            </trkpt>
            <trkpt lat="47.3059366" lon="11.3564634">
                <name>2239</name>
            </trkpt>
            <trkpt lat="47.3060265" lon="11.3567447">
                <name>2240</name>
            </trkpt>
            <trkpt lat="47.3060902" lon="11.3569984">
                <name>2241</name>
            </trkpt>
            <trkpt lat="47.3061627" lon="11.3572706">
                <name>2242</name>
            </trkpt>
            <trkpt lat="47.3062282" lon="11.3575292">
                <name>2243</name>
            </trkpt>
            <trkpt lat="47.3062888" lon="11.3577891">
                <name>2244</name>
            </trkpt>
            <trkpt lat="47.3063017" lon="11.3580978">
                <name>2245</name>
            </trkpt>
            <trkpt lat="47.3063171" lon="11.3583987">
                <name>2246</name>
            </trkpt>
            <trkpt lat="47.3063475" lon="11.3586837">
                <name>2247</name>
            </trkpt>
            <trkpt lat="47.3063539" lon="11.3589642">
                <name>2248</name>
            </trkpt>
            <trkpt lat="47.3064306" lon="11.359208">
                <name>2249</name>
            </trkpt>
            <trkpt lat="47.306518" lon="11.3594706">
                <name>2250</name>
            </trkpt>
            <trkpt lat="47.3064898" lon="11.3597664">
                <name>2251</name>
            </trkpt>
            <trkpt lat="47.3066324" lon="11.359998">
                <name>2252</name>
            </trkpt>
            <trkpt lat="47.3066565" lon="11.3602751">
                <name>2253</name>
            </trkpt>
            <trkpt lat="47.3067734" lon="11.3605348">
                <name>2254</name>
            </trkpt>
            <trkpt lat="47.3068847" lon="11.3608003">
                <name>2255</name>
            </trkpt>
            <trkpt lat="47.3070317" lon="11.3610093">
                <name>2256</name>
            </trkpt>
            <trkpt lat="47.3071245" lon="11.3612527">
                <name>2257</name>
            </trkpt>
            <trkpt lat="47.3071888" lon="11.3615197">
                <name>2258</name>
            </trkpt>
            <trkpt lat="47.3071915" lon="11.3618203">
                <name>2259</name>
            </trkpt>
            <trkpt lat="47.3072769" lon="11.362107">
                <name>2260</name>
            </trkpt>
            <trkpt lat="47.3072198" lon="11.3623682">
                <name>2261</name>
            </trkpt>
            <trkpt lat="47.3071254" lon="11.3626529">
                <name>2262</name>
            </trkpt>
            <trkpt lat="47.3071115" lon="11.3629404">
                <name>2263</name>
            </trkpt>
            <trkpt lat="47.3071269" lon="11.3632609">
                <name>2264</name>
            </trkpt>
            <trkpt lat="47.3071524" lon="11.363529">
                <name>2265</name>
            </trkpt>
            <trkpt lat="47.3070734" lon="11.3638121">
                <name>2266</name>
            </trkpt>
            <trkpt lat="47.3069961" lon="11.3640713">
                <name>2267</name>
            </trkpt>
            <trkpt lat="47.3068968" lon="11.3643125">
                <name>2268</name>
            </trkpt>
            <trkpt lat="47.3069401" lon="11.364579">
                <name>2269</name>
            </trkpt>
            <trkpt lat="47.3069057" lon="11.3648568">
                <name>2270</name>
            </trkpt>
            <trkpt lat="47.306845" lon="11.3651148">
                <name>2271</name>
            </trkpt>
            <trkpt lat="47.3068475" lon="11.3653893">
                <name>2272</name>
            </trkpt>
            <trkpt lat="47.3068764" lon="11.3656862">
                <name>2273</name>
            </trkpt>
            <trkpt lat="47.3068726" lon="11.3659709">
                <name>2274</name>
            </trkpt>
            <trkpt lat="47.3068183" lon="11.366265">
                <name>2275</name>
            </trkpt>
            <trkpt lat="47.3068244" lon="11.3665574">
                <name>2276</name>
            </trkpt>
            <trkpt lat="47.3067963" lon="11.366845">
                <name>2277</name>
            </trkpt>
            <trkpt lat="47.3068902" lon="11.3671668">
                <name>2278</name>
            </trkpt>
            <trkpt lat="47.306984" lon="11.3674159">
                <name>2279</name>
            </trkpt>
            <trkpt lat="47.3070813" lon="11.3676803">
                <name>2280</name>
            </trkpt>
            <trkpt lat="47.3070746" lon="11.3679648">
                <name>2281</name>
            </trkpt>
            <trkpt lat="47.3070964" lon="11.3682777">
                <name>2282</name>
            </trkpt>
            <trkpt lat="47.3071775" lon="11.368534">
                <name>2283</name>
            </trkpt>
            <trkpt lat="47.3071967" lon="11.3688004">
                <name>2284</name>
            </trkpt>
            <trkpt lat="47.3071533" lon="11.3690883">
                <name>2285</name>
            </trkpt>
            <trkpt lat="47.3071601" lon="11.3693858">
                <name>2286</name>
            </trkpt>
            <trkpt lat="47.3072075" lon="11.3696455">
                <name>2287</name>
            </trkpt>
            <trkpt lat="47.3072528" lon="11.3699289">
                <name>2288</name>
            </trkpt>
            <trkpt lat="47.3072066" lon="11.3702118">
                <name>2289</name>
            </trkpt>
            <trkpt lat="47.3071882" lon="11.3705269">
                <name>2290</name>
            </trkpt>
            <trkpt lat="47.3072173" lon="11.3708199">
                <name>2291</name>
            </trkpt>
            <trkpt lat="47.3072521" lon="11.3710868">
                <name>2292</name>
            </trkpt>
            <trkpt lat="47.3072605" lon="11.3713802">
                <name>2293</name>
            </trkpt>
            <trkpt lat="47.3072363" lon="11.3716667">
                <name>2294</name>
            </trkpt>
            <trkpt lat="47.3071787" lon="11.3719267">
                <name>2295</name>
            </trkpt>
            <trkpt lat="47.3070698" lon="11.3721596">
                <name>2296</name>
            </trkpt>
            <trkpt lat="47.3069931" lon="11.3724162">
                <name>2297</name>
            </trkpt>
            <trkpt lat="47.3069029" lon="11.3726645">
                <name>2298</name>
            </trkpt>
            <trkpt lat="47.3068647" lon="11.3729584">
                <name>2299</name>
            </trkpt>
            <trkpt lat="47.3068031" lon="11.3732213">
                <name>2300</name>
            </trkpt>
            <trkpt lat="47.3067279" lon="11.3734676">
                <name>2301</name>
            </trkpt>
            <trkpt lat="47.3066065" lon="11.3736948">
                <name>2302</name>
            </trkpt>
            <trkpt lat="47.3064625" lon="11.373881">
                <name>2303</name>
            </trkpt>
            <trkpt lat="47.3063233" lon="11.37406">
                <name>2304</name>
            </trkpt>
            <trkpt lat="47.3062561" lon="11.3743089">
                <name>2305</name>
            </trkpt>
            <trkpt lat="47.3062099" lon="11.3746023">
                <name>2306</name>
            </trkpt>
            <trkpt lat="47.3061673" lon="11.3748995">
                <name>2307</name>
            </trkpt>
            <trkpt lat="47.3060808" lon="11.3751852">
                <name>2308</name>
            </trkpt>
            <trkpt lat="47.3060218" lon="11.3754425">
                <name>2309</name>
            </trkpt>
            <trkpt lat="47.3059894" lon="11.3757168">
                <name>2310</name>
            </trkpt>
            <trkpt lat="47.305856" lon="11.3758991">
                <name>2311</name>
            </trkpt>
            <trkpt lat="47.3059663" lon="11.3756735">
                <name>2312</name>
            </trkpt>
            <trkpt lat="47.3061783" lon="11.3755273">
                <name>2313</name>
            </trkpt>
            <trkpt lat="47.3064005" lon="11.375572">
                <name>2314</name>
            </trkpt>
            <trkpt lat="47.3066212" lon="11.3756775">
                <name>2315</name>
            </trkpt>
            <trkpt lat="47.3068262" lon="11.3758546">
                <name>2316</name>
            </trkpt>
            <trkpt lat="47.3069976" lon="11.376031">
                <name>2317</name>
            </trkpt>
            <trkpt lat="47.3071732" lon="11.3762992">
                <name>2318</name>
            </trkpt>
            <trkpt lat="47.3073339" lon="11.3766242">
                <name>2319</name>
            </trkpt>
            <trkpt lat="47.3074086" lon="11.3770479">
                <name>2320</name>
            </trkpt>
            <trkpt lat="47.3073419" lon="11.3773735">
                <name>2321</name>
            </trkpt>
            <trkpt lat="47.3071551" lon="11.3776442">
                <name>2322</name>
            </trkpt>
            <trkpt lat="47.3069321" lon="11.3779044">
                <name>2323</name>
            </trkpt>
            <trkpt lat="47.3067673" lon="11.3781887">
                <name>2324</name>
            </trkpt>
            <trkpt lat="47.3066227" lon="11.3785139">
                <name>2325</name>
            </trkpt>
            <trkpt lat="47.3065116" lon="11.3789087">
                <name>2326</name>
            </trkpt>
            <trkpt lat="47.306573" lon="11.3791743">
                <name>2327</name>
            </trkpt>
            <trkpt lat="47.3066896" lon="11.3795078">
                <name>2328</name>
            </trkpt>
            <trkpt lat="47.3068052" lon="11.3798485">
                <name>2329</name>
            </trkpt>
        </trkseg>
    </trk>
</gpx>
