<?xml version="1.0" encoding="UTF-8" standalone="no" ?>
<gpx xmlns="http://www.topografix.com/GPX/1/1" creator="MapSource 6.12.4" version="1.1" xmlns:xsi="http://www.w3.org/2001/XMLSchema-instance" xsi:schemaLocation="http://www.topografix.com/GPX/1/1 http://www.topografix.com/GPX/1/1/gpx.xsd">

  <metadata>
    <link href="http://www.garmin.com">
      <text>Garmin International</text>
    </link>
    <time>2007-09-28T13:53:46Z</time>
    <bounds maxlat="47.4381112" maxlon="10.1881737" minlat="47.4242251" minlon="10.1732427"/>
  </metadata>

  <trk>
    <name>20070923_-_Besler</name>
    <extensions>
      <gpxx:TrackExtension xmlns:gpxx="http://www.garmin.com/xmlschemas/GpxExtensions/v3" xmlns:xsi="http://www.w3.org/2001/XMLSchema-instance" xsi:schemaLocation="http://www.garmin.com/xmlschemas/GpxExtensions/v3 http://www.garmin.com/xmlschemas/GpxExtensions/v3/GpxExtensionsv3.xsd">
        <gpxx:DisplayColor>Transparent</gpxx:DisplayColor>
      </gpxx:TrackExtension>
    </extensions>
    <trkseg>
      <trkpt lat="47.4377113" lon="10.1747308">
        <ele>1403.1813965</ele>
        <time>2007-09-23T12:15:43Z</time>
      </trkpt>
      <trkpt lat="47.4376968" lon="10.1747080">
        <ele>1404.1430664</ele>
        <time>2007-09-23T12:15:48Z</time>
      </trkpt>
      <trkpt lat="47.4376775" lon="10.1746831">
        <ele>1404.1430664</ele>
        <time>2007-09-23T12:15:54Z</time>
      </trkpt>
      <trkpt lat="47.4376499" lon="10.1746178">
        <ele>1404.1430664</ele>
        <time>2007-09-23T12:16:00Z</time>
      </trkpt>
      <trkpt lat="47.4375905" lon="10.1745702">
        <ele>1403.1813965</ele>
        <time>2007-09-23T12:16:09Z</time>
      </trkpt>
      <trkpt lat="47.4375841" lon="10.1745722">
        <ele>1404.1430664</ele>
        <time>2007-09-23T12:16:10Z</time>
      </trkpt>
      <trkpt lat="47.4375822" lon="10.1745851">
        <ele>1403.6621094</ele>
        <time>2007-09-23T12:16:17Z</time>
      </trkpt>
      <trkpt lat="47.4375682" lon="10.1746026">
        <ele>1404.1430664</ele>
        <time>2007-09-23T12:16:27Z</time>
      </trkpt>
      <trkpt lat="47.4375650" lon="10.1745924">
        <ele>1403.6621094</ele>
        <time>2007-09-23T12:16:38Z</time>
      </trkpt>
      <trkpt lat="47.4375678" lon="10.1745861">
        <ele>1404.6235352</ele>
        <time>2007-09-23T12:16:49Z</time>
      </trkpt>
      <trkpt lat="47.4375971" lon="10.1745918">
        <ele>1404.1430664</ele>
        <time>2007-09-23T12:16:58Z</time>
      </trkpt>
      <trkpt lat="47.4376598" lon="10.1746499">
        <ele>1403.6621094</ele>
        <time>2007-09-23T12:17:08Z</time>
      </trkpt>
      <trkpt lat="47.4377193" lon="10.1746592">
        <ele>1405.1042480</ele>
        <time>2007-09-23T12:17:17Z</time>
      </trkpt>
      <trkpt lat="47.4377334" lon="10.1746913">
        <ele>1406.0654297</ele>
        <time>2007-09-23T12:17:24Z</time>
      </trkpt>
      <trkpt lat="47.4377221" lon="10.1746934">
        <ele>1405.5849609</ele>
        <time>2007-09-23T12:17:33Z</time>
      </trkpt>
      <trkpt lat="47.4376744" lon="10.1747038">
        <ele>1404.6235352</ele>
        <time>2007-09-23T12:17:59Z</time>
      </trkpt>
      <trkpt lat="47.4376610" lon="10.1746985">
        <ele>1404.6235352</ele>
        <time>2007-09-23T12:18:01Z</time>
      </trkpt>
      <trkpt lat="47.4377989" lon="10.1747334">
        <ele>1405.1042480</ele>
        <time>2007-09-23T12:18:11Z</time>
      </trkpt>
      <trkpt lat="47.4378248" lon="10.1747344">
        <ele>1405.1042480</ele>
        <time>2007-09-23T12:18:13Z</time>
      </trkpt>
      <trkpt lat="47.4379952" lon="10.1747634">
        <ele>1406.0654297</ele>
        <time>2007-09-23T12:18:26Z</time>
      </trkpt>
      <trkpt lat="47.4380799" lon="10.1747856">
        <ele>1406.5461426</ele>
        <time>2007-09-23T12:18:35Z</time>
      </trkpt>
      <trkpt lat="47.4381112" lon="10.1748035">
        <ele>1407.0268555</ele>
        <time>2007-09-23T12:18:43Z</time>
      </trkpt>
      <trkpt lat="47.4381102" lon="10.1748022">
        <ele>1407.0268555</ele>
        <time>2007-09-23T12:18:52Z</time>
      </trkpt>
      <trkpt lat="47.4379745" lon="10.1747768">
        <ele>1406.0654297</ele>
        <time>2007-09-23T12:19:04Z</time>
      </trkpt>
      <trkpt lat="47.4378532" lon="10.1747864">
        <ele>1406.0654297</ele>
        <time>2007-09-23T12:19:15Z</time>
      </trkpt>
      <trkpt lat="47.4377509" lon="10.1747451">
        <ele>1406.0654297</ele>
        <time>2007-09-23T12:19:24Z</time>
      </trkpt>
      <trkpt lat="47.4376549" lon="10.1746251">
        <ele>1405.5849609</ele>
        <time>2007-09-23T12:19:34Z</time>
      </trkpt>
      <trkpt lat="47.4375981" lon="10.1744831">
        <ele>1405.5849609</ele>
        <time>2007-09-23T12:19:42Z</time>
      </trkpt>
      <trkpt lat="47.4375527" lon="10.1742754">
        <ele>1404.6235352</ele>
        <time>2007-09-23T12:19:51Z</time>
      </trkpt>
      <trkpt lat="47.4375502" lon="10.1742541">
        <ele>1404.6235352</ele>
        <time>2007-09-23T12:19:52Z</time>
      </trkpt>
      <trkpt lat="47.4375316" lon="10.1741744">
        <ele>1404.1430664</ele>
        <time>2007-09-23T12:19:56Z</time>
      </trkpt>
      <trkpt lat="47.4374629" lon="10.1739750">
        <ele>1404.1430664</ele>
        <time>2007-09-23T12:20:07Z</time>
      </trkpt>
      <trkpt lat="47.4373796" lon="10.1739200">
        <ele>1403.6621094</ele>
        <time>2007-09-23T12:20:15Z</time>
      </trkpt>
      <trkpt lat="47.4372744" lon="10.1739469">
        <ele>1403.1813965</ele>
        <time>2007-09-23T12:20:25Z</time>
      </trkpt>
      <trkpt lat="47.4371667" lon="10.1739718">
        <ele>1402.7006836</ele>
        <time>2007-09-23T12:20:34Z</time>
      </trkpt>
      <trkpt lat="47.4370110" lon="10.1738697">
        <ele>1402.7006836</ele>
        <time>2007-09-23T12:20:45Z</time>
      </trkpt>
      <trkpt lat="47.4369345" lon="10.1737929">
        <ele>1403.1813965</ele>
        <time>2007-09-23T12:20:52Z</time>
      </trkpt>
      <trkpt lat="47.4369156" lon="10.1737559">
        <ele>1403.1813965</ele>
        <time>2007-09-23T12:20:55Z</time>
      </trkpt>
      <trkpt lat="47.4369112" lon="10.1737004">
        <ele>1402.7006836</ele>
        <time>2007-09-23T12:20:59Z</time>
      </trkpt>
      <trkpt lat="47.4367546" lon="10.1736863">
        <ele>1402.7006836</ele>
        <time>2007-09-23T12:21:08Z</time>
      </trkpt>
      <trkpt lat="47.4366452" lon="10.1736532">
        <ele>1402.7006836</ele>
        <time>2007-09-23T12:21:15Z</time>
      </trkpt>
      <trkpt lat="47.4365572" lon="10.1735957">
        <ele>1402.2199707</ele>
        <time>2007-09-23T12:21:22Z</time>
      </trkpt>
      <trkpt lat="47.4364551" lon="10.1735578">
        <ele>1402.7006836</ele>
        <time>2007-09-23T12:21:28Z</time>
      </trkpt>
      <trkpt lat="47.4363390" lon="10.1735465">
        <ele>1401.7395020</ele>
        <time>2007-09-23T12:21:36Z</time>
      </trkpt>
      <trkpt lat="47.4361677" lon="10.1734772">
        <ele>1401.2587891</ele>
        <time>2007-09-23T12:21:47Z</time>
      </trkpt>
      <trkpt lat="47.4360105" lon="10.1734134">
        <ele>1400.7780762</ele>
        <time>2007-09-23T12:21:56Z</time>
      </trkpt>
      <trkpt lat="47.4359019" lon="10.1733705">
        <ele>1400.2976074</ele>
        <time>2007-09-23T12:22:03Z</time>
      </trkpt>
      <trkpt lat="47.4357577" lon="10.1733394">
        <ele>1399.8168945</ele>
        <time>2007-09-23T12:22:13Z</time>
      </trkpt>
      <trkpt lat="47.4356216" lon="10.1733409">
        <ele>1397.8942871</ele>
        <time>2007-09-23T12:22:23Z</time>
      </trkpt>
      <trkpt lat="47.4354940" lon="10.1733465">
        <ele>1396.4523926</ele>
        <time>2007-09-23T12:22:32Z</time>
      </trkpt>
      <trkpt lat="47.4354018" lon="10.1733429">
        <ele>1396.4523926</ele>
        <time>2007-09-23T12:22:38Z</time>
      </trkpt>
      <trkpt lat="47.4352818" lon="10.1733489">
        <ele>1394.5295410</ele>
        <time>2007-09-23T12:22:47Z</time>
      </trkpt>
      <trkpt lat="47.4352345" lon="10.1733407">
        <ele>1394.5295410</ele>
        <time>2007-09-23T12:22:50Z</time>
      </trkpt>
      <trkpt lat="47.4351346" lon="10.1733396">
        <ele>1393.0876465</ele>
        <time>2007-09-23T12:22:57Z</time>
      </trkpt>
      <trkpt lat="47.4350516" lon="10.1733031">
        <ele>1392.1264648</ele>
        <time>2007-09-23T12:23:03Z</time>
      </trkpt>
      <trkpt lat="47.4350013" lon="10.1732995">
        <ele>1391.6457520</ele>
        <time>2007-09-23T12:23:12Z</time>
      </trkpt>
      <trkpt lat="47.4349897" lon="10.1733061">
        <ele>1391.6457520</ele>
        <time>2007-09-23T12:23:16Z</time>
      </trkpt>
      <trkpt lat="47.4349785" lon="10.1733230">
        <ele>1391.6457520</ele>
        <time>2007-09-23T12:23:23Z</time>
      </trkpt>
      <trkpt lat="47.4349721" lon="10.1733101">
        <ele>1391.6457520</ele>
        <time>2007-09-23T12:23:29Z</time>
      </trkpt>
      <trkpt lat="47.4349371" lon="10.1734095">
        <ele>1391.1650391</ele>
        <time>2007-09-23T12:23:39Z</time>
      </trkpt>
      <trkpt lat="47.4348721" lon="10.1735523">
        <ele>1388.2812500</ele>
        <time>2007-09-23T12:23:44Z</time>
      </trkpt>
      <trkpt lat="47.4348424" lon="10.1736186">
        <ele>1386.3583984</ele>
        <time>2007-09-23T12:23:48Z</time>
      </trkpt>
      <trkpt lat="47.4348332" lon="10.1736566">
        <ele>1384.9165039</ele>
        <time>2007-09-23T12:23:50Z</time>
      </trkpt>
      <trkpt lat="47.4348217" lon="10.1738139">
        <ele>1383.4743652</ele>
        <time>2007-09-23T12:23:58Z</time>
      </trkpt>
      <trkpt lat="47.4348031" lon="10.1739713">
        <ele>1382.9936523</ele>
        <time>2007-09-23T12:24:06Z</time>
      </trkpt>
      <trkpt lat="47.4348099" lon="10.1741333">
        <ele>1381.0712891</ele>
        <time>2007-09-23T12:24:13Z</time>
      </trkpt>
      <trkpt lat="47.4348074" lon="10.1742917">
        <ele>1380.1098633</ele>
        <time>2007-09-23T12:24:20Z</time>
      </trkpt>
      <trkpt lat="47.4347865" lon="10.1744447">
        <ele>1379.1484375</ele>
        <time>2007-09-23T12:24:29Z</time>
      </trkpt>
      <trkpt lat="47.4347669" lon="10.1745240">
        <ele>1378.6679688</ele>
        <time>2007-09-23T12:24:35Z</time>
      </trkpt>
      <trkpt lat="47.4346919" lon="10.1747921">
        <ele>1378.6679688</ele>
        <time>2007-09-23T12:24:48Z</time>
      </trkpt>
      <trkpt lat="47.4345773" lon="10.1749570">
        <ele>1378.1872559</ele>
        <time>2007-09-23T12:24:59Z</time>
      </trkpt>
      <trkpt lat="47.4344431" lon="10.1751581">
        <ele>1378.1872559</ele>
        <time>2007-09-23T12:25:12Z</time>
      </trkpt>
      <trkpt lat="47.4343431" lon="10.1752932">
        <ele>1377.2260742</ele>
        <time>2007-09-23T12:25:22Z</time>
      </trkpt>
      <trkpt lat="47.4341840" lon="10.1755150">
        <ele>1375.3032227</ele>
        <time>2007-09-23T12:25:37Z</time>
      </trkpt>
      <trkpt lat="47.4340749" lon="10.1756842">
        <ele>1372.9001465</ele>
        <time>2007-09-23T12:25:47Z</time>
      </trkpt>
      <trkpt lat="47.4339725" lon="10.1758012">
        <ele>1371.9384766</ele>
        <time>2007-09-23T12:25:56Z</time>
      </trkpt>
      <trkpt lat="47.4338369" lon="10.1759003">
        <ele>1370.4965820</ele>
        <time>2007-09-23T12:26:07Z</time>
      </trkpt>
      <trkpt lat="47.4336949" lon="10.1759678">
        <ele>1368.5739746</ele>
        <time>2007-09-23T12:26:18Z</time>
      </trkpt>
      <trkpt lat="47.4335687" lon="10.1760506">
        <ele>1367.6125488</ele>
        <time>2007-09-23T12:26:27Z</time>
      </trkpt>
      <trkpt lat="47.4334475" lon="10.1761292">
        <ele>1366.1706543</ele>
        <time>2007-09-23T12:26:36Z</time>
      </trkpt>
      <trkpt lat="47.4332912" lon="10.1761946">
        <ele>1366.1706543</ele>
        <time>2007-09-23T12:26:47Z</time>
      </trkpt>
      <trkpt lat="47.4331248" lon="10.1762391">
        <ele>1363.2868652</ele>
        <time>2007-09-23T12:26:58Z</time>
      </trkpt>
      <trkpt lat="47.4329225" lon="10.1762337">
        <ele>1361.3642578</ele>
        <time>2007-09-23T12:27:11Z</time>
      </trkpt>
      <trkpt lat="47.4328026" lon="10.1761872">
        <ele>1361.3642578</ele>
        <time>2007-09-23T12:27:19Z</time>
      </trkpt>
      <trkpt lat="47.4326674" lon="10.1761770">
        <ele>1360.8835449</ele>
        <time>2007-09-23T12:27:29Z</time>
      </trkpt>
      <trkpt lat="47.4325990" lon="10.1761997">
        <ele>1360.4028320</ele>
        <time>2007-09-23T12:27:35Z</time>
      </trkpt>
      <trkpt lat="47.4323002" lon="10.1760819">
        <ele>1360.8835449</ele>
        <time>2007-09-23T12:27:56Z</time>
      </trkpt>
      <trkpt lat="47.4321488" lon="10.1759230">
        <ele>1360.4028320</ele>
        <time>2007-09-23T12:28:07Z</time>
      </trkpt>
      <trkpt lat="47.4320286" lon="10.1757202">
        <ele>1359.9221191</ele>
        <time>2007-09-23T12:28:18Z</time>
      </trkpt>
      <trkpt lat="47.4319280" lon="10.1755393">
        <ele>1357.5190430</ele>
        <time>2007-09-23T12:28:28Z</time>
      </trkpt>
      <trkpt lat="47.4318461" lon="10.1754071">
        <ele>1356.5576172</ele>
        <time>2007-09-23T12:28:36Z</time>
      </trkpt>
      <trkpt lat="47.4317370" lon="10.1752352">
        <ele>1355.1154785</ele>
        <time>2007-09-23T12:28:47Z</time>
      </trkpt>
      <trkpt lat="47.4315991" lon="10.1750234">
        <ele>1353.1928711</ele>
        <time>2007-09-23T12:29:01Z</time>
      </trkpt>
      <trkpt lat="47.4314418" lon="10.1748830">
        <ele>1350.7895508</ele>
        <time>2007-09-23T12:29:14Z</time>
      </trkpt>
      <trkpt lat="47.4313319" lon="10.1748301">
        <ele>1350.3090820</ele>
        <time>2007-09-23T12:29:22Z</time>
      </trkpt>
      <trkpt lat="47.4311914" lon="10.1748099">
        <ele>1347.4250488</ele>
        <time>2007-09-23T12:29:32Z</time>
      </trkpt>
      <trkpt lat="47.4310273" lon="10.1748317">
        <ele>1346.4638672</ele>
        <time>2007-09-23T12:29:44Z</time>
      </trkpt>
      <trkpt lat="47.4309894" lon="10.1748598">
        <ele>1345.9831543</ele>
        <time>2007-09-23T12:29:51Z</time>
      </trkpt>
      <trkpt lat="47.4309496" lon="10.1748798">
        <ele>1345.0217285</ele>
        <time>2007-09-23T12:29:57Z</time>
      </trkpt>
      <trkpt lat="47.4309192" lon="10.1748919">
        <ele>1345.9831543</ele>
        <time>2007-09-23T12:29:59Z</time>
      </trkpt>
      <trkpt lat="47.4308666" lon="10.1749405">
        <ele>1344.0605469</ele>
        <time>2007-09-23T12:30:03Z</time>
      </trkpt>
      <trkpt lat="47.4306794" lon="10.1751091">
        <ele>1343.0991211</ele>
        <time>2007-09-23T12:30:16Z</time>
      </trkpt>
      <trkpt lat="47.4305948" lon="10.1752798">
        <ele>1344.5410156</ele>
        <time>2007-09-23T12:30:26Z</time>
      </trkpt>
      <trkpt lat="47.4304978" lon="10.1755072">
        <ele>1346.9443359</ele>
        <time>2007-09-23T12:30:40Z</time>
      </trkpt>
      <trkpt lat="47.4303849" lon="10.1757162">
        <ele>1347.9057617</ele>
        <time>2007-09-23T12:30:54Z</time>
      </trkpt>
      <trkpt lat="47.4302949" lon="10.1758357">
        <ele>1348.8669434</ele>
        <time>2007-09-23T12:31:05Z</time>
      </trkpt>
      <trkpt lat="47.4301213" lon="10.1758511">
        <ele>1351.2702637</ele>
        <time>2007-09-23T12:31:18Z</time>
      </trkpt>
      <trkpt lat="47.4300655" lon="10.1758630">
        <ele>1351.2702637</ele>
        <time>2007-09-23T12:31:23Z</time>
      </trkpt>
      <trkpt lat="47.4299881" lon="10.1759820">
        <ele>1352.7121582</ele>
        <time>2007-09-23T12:31:34Z</time>
      </trkpt>
      <trkpt lat="47.4299813" lon="10.1759906">
        <ele>1352.7121582</ele>
        <time>2007-09-23T12:31:36Z</time>
      </trkpt>
      <trkpt lat="47.4299671" lon="10.1758911">
        <ele>1351.7509766</ele>
        <time>2007-09-23T12:31:41Z</time>
      </trkpt>
      <trkpt lat="47.4299483" lon="10.1758195">
        <ele>1352.7121582</ele>
        <time>2007-09-23T12:31:47Z</time>
      </trkpt>
      <trkpt lat="47.4299260" lon="10.1757590">
        <ele>1353.6735840</ele>
        <time>2007-09-23T12:31:53Z</time>
      </trkpt>
      <trkpt lat="47.4299166" lon="10.1757294">
        <ele>1354.1542969</ele>
        <time>2007-09-23T12:31:59Z</time>
      </trkpt>
      <trkpt lat="47.4299383" lon="10.1757790">
        <ele>1353.1928711</ele>
        <time>2007-09-23T12:32:03Z</time>
      </trkpt>
      <trkpt lat="47.4299787" lon="10.1759573">
        <ele>1352.7121582</ele>
        <time>2007-09-23T12:32:10Z</time>
      </trkpt>
      <trkpt lat="47.4299758" lon="10.1759802">
        <ele>1353.6735840</ele>
        <time>2007-09-23T12:32:11Z</time>
      </trkpt>
      <trkpt lat="47.4298984" lon="10.1762369">
        <ele>1354.1542969</ele>
        <time>2007-09-23T12:32:23Z</time>
      </trkpt>
      <trkpt lat="47.4298637" lon="10.1764036">
        <ele>1356.0769043</ele>
        <time>2007-09-23T12:32:32Z</time>
      </trkpt>
      <trkpt lat="47.4298068" lon="10.1765311">
        <ele>1357.5190430</ele>
        <time>2007-09-23T12:32:40Z</time>
      </trkpt>
      <trkpt lat="47.4297044" lon="10.1765863">
        <ele>1358.4802246</ele>
        <time>2007-09-23T12:32:49Z</time>
      </trkpt>
      <trkpt lat="47.4296120" lon="10.1765865">
        <ele>1360.4028320</ele>
        <time>2007-09-23T12:32:59Z</time>
      </trkpt>
      <trkpt lat="47.4295451" lon="10.1765806">
        <ele>1362.3254395</ele>
        <time>2007-09-23T12:33:05Z</time>
      </trkpt>
      <trkpt lat="47.4294335" lon="10.1765375">
        <ele>1364.2480469</ele>
        <time>2007-09-23T12:33:15Z</time>
      </trkpt>
      <trkpt lat="47.4293177" lon="10.1764876">
        <ele>1365.6901855</ele>
        <time>2007-09-23T12:33:26Z</time>
      </trkpt>
      <trkpt lat="47.4292361" lon="10.1763410">
        <ele>1367.1320801</ele>
        <time>2007-09-23T12:33:37Z</time>
      </trkpt>
      <trkpt lat="47.4292002" lon="10.1761956">
        <ele>1367.6125488</ele>
        <time>2007-09-23T12:33:46Z</time>
      </trkpt>
      <trkpt lat="47.4291504" lon="10.1761557">
        <ele>1370.0158691</ele>
        <time>2007-09-23T12:33:54Z</time>
      </trkpt>
      <trkpt lat="47.4291117" lon="10.1761493">
        <ele>1370.9772949</ele>
        <time>2007-09-23T12:33:59Z</time>
      </trkpt>
      <trkpt lat="47.4290278" lon="10.1761059">
        <ele>1373.8613281</ele>
        <time>2007-09-23T12:34:09Z</time>
      </trkpt>
      <trkpt lat="47.4289634" lon="10.1760437">
        <ele>1375.7839355</ele>
        <time>2007-09-23T12:34:19Z</time>
      </trkpt>
      <trkpt lat="47.4289416" lon="10.1760110">
        <ele>1376.7453613</ele>
        <time>2007-09-23T12:34:23Z</time>
      </trkpt>
      <trkpt lat="47.4288940" lon="10.1759475">
        <ele>1377.7065430</ele>
        <time>2007-09-23T12:34:27Z</time>
      </trkpt>
      <trkpt lat="47.4288460" lon="10.1759524">
        <ele>1379.1484375</ele>
        <time>2007-09-23T12:34:35Z</time>
      </trkpt>
      <trkpt lat="47.4288486" lon="10.1760696">
        <ele>1380.1098633</ele>
        <time>2007-09-23T12:34:44Z</time>
      </trkpt>
      <trkpt lat="47.4288324" lon="10.1761439">
        <ele>1382.5131836</ele>
        <time>2007-09-23T12:34:52Z</time>
      </trkpt>
      <trkpt lat="47.4288372" lon="10.1761712">
        <ele>1383.4743652</ele>
        <time>2007-09-23T12:34:56Z</time>
      </trkpt>
      <trkpt lat="47.4288693" lon="10.1762831">
        <ele>1385.8776855</ele>
        <time>2007-09-23T12:35:04Z</time>
      </trkpt>
      <trkpt lat="47.4288231" lon="10.1762381">
        <ele>1386.3583984</ele>
        <time>2007-09-23T12:35:11Z</time>
      </trkpt>
      <trkpt lat="47.4287627" lon="10.1762063">
        <ele>1387.3195801</ele>
        <time>2007-09-23T12:35:20Z</time>
      </trkpt>
      <trkpt lat="47.4287124" lon="10.1761790">
        <ele>1390.2038574</ele>
        <time>2007-09-23T12:35:27Z</time>
      </trkpt>
      <trkpt lat="47.4286361" lon="10.1761224">
        <ele>1391.1650391</ele>
        <time>2007-09-23T12:35:36Z</time>
      </trkpt>
      <trkpt lat="47.4286212" lon="10.1761038">
        <ele>1391.6457520</ele>
        <time>2007-09-23T12:35:38Z</time>
      </trkpt>
      <trkpt lat="47.4286011" lon="10.1760908">
        <ele>1392.1264648</ele>
        <time>2007-09-23T12:35:40Z</time>
      </trkpt>
      <trkpt lat="47.4285010" lon="10.1760251">
        <ele>1392.6071777</ele>
        <time>2007-09-23T12:35:49Z</time>
      </trkpt>
      <trkpt lat="47.4284055" lon="10.1759696">
        <ele>1394.0490723</ele>
        <time>2007-09-23T12:35:58Z</time>
      </trkpt>
      <trkpt lat="47.4283967" lon="10.1759898">
        <ele>1394.5295410</ele>
        <time>2007-09-23T12:36:01Z</time>
      </trkpt>
      <trkpt lat="47.4284372" lon="10.1760955">
        <ele>1396.9328613</ele>
        <time>2007-09-23T12:36:10Z</time>
      </trkpt>
      <trkpt lat="47.4284348" lon="10.1761536">
        <ele>1397.8942871</ele>
        <time>2007-09-23T12:36:16Z</time>
      </trkpt>
      <trkpt lat="47.4284135" lon="10.1761956">
        <ele>1399.8168945</ele>
        <time>2007-09-23T12:36:22Z</time>
      </trkpt>
      <trkpt lat="47.4284062" lon="10.1762790">
        <ele>1399.8168945</ele>
        <time>2007-09-23T12:36:27Z</time>
      </trkpt>
      <trkpt lat="47.4283850" lon="10.1763971">
        <ele>1400.2976074</ele>
        <time>2007-09-23T12:36:36Z</time>
      </trkpt>
      <trkpt lat="47.4283782" lon="10.1764422">
        <ele>1400.7780762</ele>
        <time>2007-09-23T12:36:39Z</time>
      </trkpt>
      <trkpt lat="47.4283968" lon="10.1765314">
        <ele>1401.7395020</ele>
        <time>2007-09-23T12:36:45Z</time>
      </trkpt>
      <trkpt lat="47.4284171" lon="10.1766855">
        <ele>1403.6621094</ele>
        <time>2007-09-23T12:36:55Z</time>
      </trkpt>
      <trkpt lat="47.4284098" lon="10.1767209">
        <ele>1404.6235352</ele>
        <time>2007-09-23T12:36:58Z</time>
      </trkpt>
      <trkpt lat="47.4284188" lon="10.1768017">
        <ele>1407.0268555</ele>
        <time>2007-09-23T12:37:05Z</time>
      </trkpt>
      <trkpt lat="47.4284144" lon="10.1768235">
        <ele>1407.5075684</ele>
        <time>2007-09-23T12:37:07Z</time>
      </trkpt>
      <trkpt lat="47.4284162" lon="10.1768644">
        <ele>1407.9882813</ele>
        <time>2007-09-23T12:37:10Z</time>
      </trkpt>
      <trkpt lat="47.4284070" lon="10.1769322">
        <ele>1408.9494629</ele>
        <time>2007-09-23T12:37:16Z</time>
      </trkpt>
      <trkpt lat="47.4283529" lon="10.1769337">
        <ele>1410.8720703</ele>
        <time>2007-09-23T12:37:24Z</time>
      </trkpt>
      <trkpt lat="47.4283399" lon="10.1769528">
        <ele>1412.3139648</ele>
        <time>2007-09-23T12:37:27Z</time>
      </trkpt>
      <trkpt lat="47.4282954" lon="10.1769646">
        <ele>1413.7558594</ele>
        <time>2007-09-23T12:37:33Z</time>
      </trkpt>
      <trkpt lat="47.4282561" lon="10.1769612">
        <ele>1415.1979980</ele>
        <time>2007-09-23T12:37:38Z</time>
      </trkpt>
      <trkpt lat="47.4282159" lon="10.1769558">
        <ele>1416.1591797</ele>
        <time>2007-09-23T12:37:42Z</time>
      </trkpt>
      <trkpt lat="47.4281136" lon="10.1769441">
        <ele>1416.6398926</ele>
        <time>2007-09-23T12:37:53Z</time>
      </trkpt>
      <trkpt lat="47.4281042" lon="10.1769437">
        <ele>1417.1206055</ele>
        <time>2007-09-23T12:37:54Z</time>
      </trkpt>
      <trkpt lat="47.4280372" lon="10.1769444">
        <ele>1417.1206055</ele>
        <time>2007-09-23T12:38:02Z</time>
      </trkpt>
      <trkpt lat="47.4279649" lon="10.1768843">
        <ele>1419.0432129</ele>
        <time>2007-09-23T12:38:12Z</time>
      </trkpt>
      <trkpt lat="47.4279062" lon="10.1768357">
        <ele>1421.4465332</ele>
        <time>2007-09-23T12:38:22Z</time>
      </trkpt>
      <trkpt lat="47.4278711" lon="10.1767969">
        <ele>1422.8886719</ele>
        <time>2007-09-23T12:38:29Z</time>
      </trkpt>
      <trkpt lat="47.4278359" lon="10.1768106">
        <ele>1424.3305664</ele>
        <time>2007-09-23T12:38:36Z</time>
      </trkpt>
      <trkpt lat="47.4278166" lon="10.1768778">
        <ele>1426.2531738</ele>
        <time>2007-09-23T12:38:44Z</time>
      </trkpt>
      <trkpt lat="47.4278479" lon="10.1769936">
        <ele>1428.1757813</ele>
        <time>2007-09-23T12:38:53Z</time>
      </trkpt>
      <trkpt lat="47.4278582" lon="10.1770753">
        <ele>1430.0983887</ele>
        <time>2007-09-23T12:39:03Z</time>
      </trkpt>
      <trkpt lat="47.4278675" lon="10.1771330">
        <ele>1432.5017090</ele>
        <time>2007-09-23T12:39:11Z</time>
      </trkpt>
      <trkpt lat="47.4278762" lon="10.1772072">
        <ele>1433.4628906</ele>
        <time>2007-09-23T12:39:20Z</time>
      </trkpt>
      <trkpt lat="47.4278844" lon="10.1772685">
        <ele>1434.4243164</ele>
        <time>2007-09-23T12:39:28Z</time>
      </trkpt>
      <trkpt lat="47.4278663" lon="10.1773469">
        <ele>1435.8662109</ele>
        <time>2007-09-23T12:39:36Z</time>
      </trkpt>
      <trkpt lat="47.4278736" lon="10.1774264">
        <ele>1438.2697754</ele>
        <time>2007-09-23T12:39:43Z</time>
      </trkpt>
      <trkpt lat="47.4278991" lon="10.1775388">
        <ele>1439.2309570</ele>
        <time>2007-09-23T12:39:54Z</time>
      </trkpt>
      <trkpt lat="47.4279048" lon="10.1776239">
        <ele>1441.1535645</ele>
        <time>2007-09-23T12:40:02Z</time>
      </trkpt>
      <trkpt lat="47.4279202" lon="10.1777092">
        <ele>1442.5957031</ele>
        <time>2007-09-23T12:40:11Z</time>
      </trkpt>
      <trkpt lat="47.4279310" lon="10.1777760">
        <ele>1443.0761719</ele>
        <time>2007-09-23T12:40:18Z</time>
      </trkpt>
      <trkpt lat="47.4279064" lon="10.1778361">
        <ele>1444.5180664</ele>
        <time>2007-09-23T12:40:27Z</time>
      </trkpt>
      <trkpt lat="47.4278871" lon="10.1778843">
        <ele>1447.4020996</ele>
        <time>2007-09-23T12:40:34Z</time>
      </trkpt>
      <trkpt lat="47.4279039" lon="10.1779183">
        <ele>1448.3632813</ele>
        <time>2007-09-23T12:40:40Z</time>
      </trkpt>
      <trkpt lat="47.4278793" lon="10.1779629">
        <ele>1449.8054199</ele>
        <time>2007-09-23T12:40:46Z</time>
      </trkpt>
      <trkpt lat="47.4278521" lon="10.1780077">
        <ele>1452.2087402</ele>
        <time>2007-09-23T12:40:52Z</time>
      </trkpt>
      <trkpt lat="47.4278369" lon="10.1780370">
        <ele>1452.2087402</ele>
        <time>2007-09-23T12:40:55Z</time>
      </trkpt>
      <trkpt lat="47.4277960" lon="10.1780892">
        <ele>1453.1701660</ele>
        <time>2007-09-23T12:41:01Z</time>
      </trkpt>
      <trkpt lat="47.4277660" lon="10.1781656">
        <ele>1455.5734863</ele>
        <time>2007-09-23T12:41:09Z</time>
      </trkpt>
      <trkpt lat="47.4277525" lon="10.1782677">
        <ele>1456.0539551</ele>
        <time>2007-09-23T12:41:18Z</time>
      </trkpt>
      <trkpt lat="47.4277250" lon="10.1782930">
        <ele>1457.9768066</ele>
        <time>2007-09-23T12:41:25Z</time>
      </trkpt>
      <trkpt lat="47.4276887" lon="10.1782739">
        <ele>1459.4187012</ele>
        <time>2007-09-23T12:41:32Z</time>
      </trkpt>
      <trkpt lat="47.4276526" lon="10.1782852">
        <ele>1461.3413086</ele>
        <time>2007-09-23T12:41:39Z</time>
      </trkpt>
      <trkpt lat="47.4276207" lon="10.1782964">
        <ele>1463.7443848</ele>
        <time>2007-09-23T12:41:46Z</time>
      </trkpt>
      <trkpt lat="47.4275717" lon="10.1782736">
        <ele>1464.7058105</ele>
        <time>2007-09-23T12:41:55Z</time>
      </trkpt>
      <trkpt lat="47.4275373" lon="10.1782286">
        <ele>1466.6284180</ele>
        <time>2007-09-23T12:42:03Z</time>
      </trkpt>
      <trkpt lat="47.4275251" lon="10.1782568">
        <ele>1467.5895996</ele>
        <time>2007-09-23T12:42:06Z</time>
      </trkpt>
      <trkpt lat="47.4274961" lon="10.1783294">
        <ele>1469.9931641</ele>
        <time>2007-09-23T12:42:14Z</time>
      </trkpt>
      <trkpt lat="47.4274577" lon="10.1783307">
        <ele>1471.4350586</ele>
        <time>2007-09-23T12:42:21Z</time>
      </trkpt>
      <trkpt lat="47.4274145" lon="10.1783205">
        <ele>1472.3964844</ele>
        <time>2007-09-23T12:42:29Z</time>
      </trkpt>
      <trkpt lat="47.4273801" lon="10.1783609">
        <ele>1474.7998047</ele>
        <time>2007-09-23T12:42:37Z</time>
      </trkpt>
      <trkpt lat="47.4273441" lon="10.1783878">
        <ele>1475.2802734</ele>
        <time>2007-09-23T12:42:44Z</time>
      </trkpt>
      <trkpt lat="47.4273225" lon="10.1784158">
        <ele>1475.7609863</ele>
        <time>2007-09-23T12:42:50Z</time>
      </trkpt>
      <trkpt lat="47.4273045" lon="10.1784560">
        <ele>1476.7224121</ele>
        <time>2007-09-23T12:42:56Z</time>
      </trkpt>
      <trkpt lat="47.4272800" lon="10.1784893">
        <ele>1477.6835938</ele>
        <time>2007-09-23T12:43:03Z</time>
      </trkpt>
      <trkpt lat="47.4272603" lon="10.1785074">
        <ele>1479.1254883</ele>
        <time>2007-09-23T12:43:10Z</time>
      </trkpt>
      <trkpt lat="47.4272731" lon="10.1785421">
        <ele>1480.5676270</ele>
        <time>2007-09-23T12:43:16Z</time>
      </trkpt>
      <trkpt lat="47.4272591" lon="10.1785976">
        <ele>1482.0095215</ele>
        <time>2007-09-23T12:43:23Z</time>
      </trkpt>
      <trkpt lat="47.4273003" lon="10.1786303">
        <ele>1482.9707031</ele>
        <time>2007-09-23T12:43:30Z</time>
      </trkpt>
      <trkpt lat="47.4273303" lon="10.1786987">
        <ele>1483.9321289</ele>
        <time>2007-09-23T12:43:38Z</time>
      </trkpt>
      <trkpt lat="47.4273021" lon="10.1787401">
        <ele>1485.3742676</ele>
        <time>2007-09-23T12:43:45Z</time>
      </trkpt>
      <trkpt lat="47.4272744" lon="10.1787797">
        <ele>1486.8161621</ele>
        <time>2007-09-23T12:43:51Z</time>
      </trkpt>
      <trkpt lat="47.4272573" lon="10.1788373">
        <ele>1487.7775879</ele>
        <time>2007-09-23T12:43:57Z</time>
      </trkpt>
      <trkpt lat="47.4272546" lon="10.1788872">
        <ele>1488.7390137</ele>
        <time>2007-09-23T12:44:03Z</time>
      </trkpt>
      <trkpt lat="47.4272413" lon="10.1789141">
        <ele>1490.1809082</ele>
        <time>2007-09-23T12:44:09Z</time>
      </trkpt>
      <trkpt lat="47.4272486" lon="10.1789633">
        <ele>1491.6228027</ele>
        <time>2007-09-23T12:44:16Z</time>
      </trkpt>
      <trkpt lat="47.4272464" lon="10.1789701">
        <ele>1492.1035156</ele>
        <time>2007-09-23T12:44:17Z</time>
      </trkpt>
      <trkpt lat="47.4272504" lon="10.1790716">
        <ele>1493.0646973</ele>
        <time>2007-09-23T12:44:26Z</time>
      </trkpt>
      <trkpt lat="47.4272531" lon="10.1791349">
        <ele>1494.9873047</ele>
        <time>2007-09-23T12:44:34Z</time>
      </trkpt>
      <trkpt lat="47.4272478" lon="10.1792089">
        <ele>1496.4294434</ele>
        <time>2007-09-23T12:44:42Z</time>
      </trkpt>
      <trkpt lat="47.4272500" lon="10.1792835">
        <ele>1496.9099121</ele>
        <time>2007-09-23T12:44:49Z</time>
      </trkpt>
      <trkpt lat="47.4272537" lon="10.1793404">
        <ele>1498.3518066</ele>
        <time>2007-09-23T12:44:56Z</time>
      </trkpt>
      <trkpt lat="47.4272485" lon="10.1794026">
        <ele>1500.2749023</ele>
        <time>2007-09-23T12:45:04Z</time>
      </trkpt>
      <trkpt lat="47.4272563" lon="10.1794617">
        <ele>1500.7553711</ele>
        <time>2007-09-23T12:45:11Z</time>
      </trkpt>
      <trkpt lat="47.4272603" lon="10.1795745">
        <ele>1501.7167969</ele>
        <time>2007-09-23T12:45:20Z</time>
      </trkpt>
      <trkpt lat="47.4272412" lon="10.1796894">
        <ele>1503.6394043</ele>
        <time>2007-09-23T12:45:31Z</time>
      </trkpt>
      <trkpt lat="47.4272174" lon="10.1797717">
        <ele>1505.0812988</ele>
        <time>2007-09-23T12:45:40Z</time>
      </trkpt>
      <trkpt lat="47.4271973" lon="10.1798389">
        <ele>1507.0039063</ele>
        <time>2007-09-23T12:45:49Z</time>
      </trkpt>
      <trkpt lat="47.4271728" lon="10.1798837">
        <ele>1507.9653320</ele>
        <time>2007-09-23T12:45:57Z</time>
      </trkpt>
      <trkpt lat="47.4271510" lon="10.1799005">
        <ele>1509.4072266</ele>
        <time>2007-09-23T12:46:03Z</time>
      </trkpt>
      <trkpt lat="47.4271391" lon="10.1799506">
        <ele>1510.8491211</ele>
        <time>2007-09-23T12:46:10Z</time>
      </trkpt>
      <trkpt lat="47.4271191" lon="10.1800136">
        <ele>1512.7717285</ele>
        <time>2007-09-23T12:46:18Z</time>
      </trkpt>
      <trkpt lat="47.4271002" lon="10.1800759">
        <ele>1514.2136230</ele>
        <time>2007-09-23T12:46:26Z</time>
      </trkpt>
      <trkpt lat="47.4270701" lon="10.1800714">
        <ele>1516.1364746</ele>
        <time>2007-09-23T12:46:32Z</time>
      </trkpt>
      <trkpt lat="47.4270423" lon="10.1800559">
        <ele>1517.5783691</ele>
        <time>2007-09-23T12:46:39Z</time>
      </trkpt>
      <trkpt lat="47.4270221" lon="10.1800766">
        <ele>1519.0205078</ele>
        <time>2007-09-23T12:46:46Z</time>
      </trkpt>
      <trkpt lat="47.4269988" lon="10.1801091">
        <ele>1519.9816895</ele>
        <time>2007-09-23T12:46:54Z</time>
      </trkpt>
      <trkpt lat="47.4269895" lon="10.1801573">
        <ele>1520.9431152</ele>
        <time>2007-09-23T12:47:02Z</time>
      </trkpt>
      <trkpt lat="47.4269619" lon="10.1801475">
        <ele>1521.9042969</ele>
        <time>2007-09-23T12:47:07Z</time>
      </trkpt>
      <trkpt lat="47.4269233" lon="10.1801336">
        <ele>1523.8269043</ele>
        <time>2007-09-23T12:47:14Z</time>
      </trkpt>
      <trkpt lat="47.4269075" lon="10.1801355">
        <ele>1525.2687988</ele>
        <time>2007-09-23T12:47:20Z</time>
      </trkpt>
      <trkpt lat="47.4268755" lon="10.1801303">
        <ele>1526.2302246</ele>
        <time>2007-09-23T12:47:27Z</time>
      </trkpt>
      <trkpt lat="47.4268656" lon="10.1801837">
        <ele>1528.6335449</ele>
        <time>2007-09-23T12:47:34Z</time>
      </trkpt>
      <trkpt lat="47.4268517" lon="10.1802433">
        <ele>1529.1140137</ele>
        <time>2007-09-23T12:47:43Z</time>
      </trkpt>
      <trkpt lat="47.4268284" lon="10.1802958">
        <ele>1531.5173340</ele>
        <time>2007-09-23T12:47:50Z</time>
      </trkpt>
      <trkpt lat="47.4268179" lon="10.1803442">
        <ele>1532.4790039</ele>
        <time>2007-09-23T12:47:57Z</time>
      </trkpt>
      <trkpt lat="47.4268010" lon="10.1804395">
        <ele>1534.4016113</ele>
        <time>2007-09-23T12:48:08Z</time>
      </trkpt>
      <trkpt lat="47.4268017" lon="10.1804967">
        <ele>1535.3627930</ele>
        <time>2007-09-23T12:48:15Z</time>
      </trkpt>
      <trkpt lat="47.4267968" lon="10.1805707">
        <ele>1537.7661133</ele>
        <time>2007-09-23T12:48:23Z</time>
      </trkpt>
      <trkpt lat="47.4267832" lon="10.1806146">
        <ele>1537.7661133</ele>
        <time>2007-09-23T12:48:31Z</time>
      </trkpt>
      <trkpt lat="47.4267777" lon="10.1807148">
        <ele>1539.6887207</ele>
        <time>2007-09-23T12:48:40Z</time>
      </trkpt>
      <trkpt lat="47.4267781" lon="10.1808186">
        <ele>1541.1306152</ele>
        <time>2007-09-23T12:48:50Z</time>
      </trkpt>
      <trkpt lat="47.4267786" lon="10.1808302">
        <ele>1541.1306152</ele>
        <time>2007-09-23T12:48:51Z</time>
      </trkpt>
      <trkpt lat="47.4267501" lon="10.1809297">
        <ele>1543.5339355</ele>
        <time>2007-09-23T12:49:01Z</time>
      </trkpt>
      <trkpt lat="47.4267537" lon="10.1809981">
        <ele>1544.9758301</ele>
        <time>2007-09-23T12:49:09Z</time>
      </trkpt>
      <trkpt lat="47.4267543" lon="10.1810540">
        <ele>1545.9372559</ele>
        <time>2007-09-23T12:49:15Z</time>
      </trkpt>
      <trkpt lat="47.4267218" lon="10.1810452">
        <ele>1548.3405762</ele>
        <time>2007-09-23T12:49:22Z</time>
      </trkpt>
      <trkpt lat="47.4267189" lon="10.1810991">
        <ele>1550.2634277</ele>
        <time>2007-09-23T12:49:29Z</time>
      </trkpt>
      <trkpt lat="47.4267261" lon="10.1811382">
        <ele>1550.7438965</ele>
        <time>2007-09-23T12:49:32Z</time>
      </trkpt>
      <trkpt lat="47.4267370" lon="10.1811810">
        <ele>1550.7438965</ele>
        <time>2007-09-23T12:49:35Z</time>
      </trkpt>
      <trkpt lat="47.4267433" lon="10.1812623">
        <ele>1551.2246094</ele>
        <time>2007-09-23T12:49:45Z</time>
      </trkpt>
      <trkpt lat="47.4267434" lon="10.1813234">
        <ele>1552.1857910</ele>
        <time>2007-09-23T12:49:51Z</time>
      </trkpt>
      <trkpt lat="47.4267460" lon="10.1813461">
        <ele>1552.1857910</ele>
        <time>2007-09-23T12:49:53Z</time>
      </trkpt>
      <trkpt lat="47.4267615" lon="10.1814468">
        <ele>1551.2246094</ele>
        <time>2007-09-23T12:50:00Z</time>
      </trkpt>
      <trkpt lat="47.4267558" lon="10.1815482">
        <ele>1552.1857910</ele>
        <time>2007-09-23T12:50:11Z</time>
      </trkpt>
      <trkpt lat="47.4267538" lon="10.1815813">
        <ele>1553.1472168</ele>
        <time>2007-09-23T12:50:18Z</time>
      </trkpt>
      <trkpt lat="47.4267407" lon="10.1816290">
        <ele>1554.1086426</ele>
        <time>2007-09-23T12:50:38Z</time>
      </trkpt>
      <trkpt lat="47.4267232" lon="10.1816915">
        <ele>1555.5505371</ele>
        <time>2007-09-23T12:50:46Z</time>
      </trkpt>
      <trkpt lat="47.4267004" lon="10.1817720">
        <ele>1556.0310059</ele>
        <time>2007-09-23T12:50:55Z</time>
      </trkpt>
      <trkpt lat="47.4267080" lon="10.1817937">
        <ele>1556.9924316</ele>
        <time>2007-09-23T12:51:06Z</time>
      </trkpt>
      <trkpt lat="47.4266889" lon="10.1818414">
        <ele>1557.4731445</ele>
        <time>2007-09-23T12:51:14Z</time>
      </trkpt>
      <trkpt lat="47.4266684" lon="10.1818505">
        <ele>1557.9538574</ele>
        <time>2007-09-23T12:51:29Z</time>
      </trkpt>
      <trkpt lat="47.4266460" lon="10.1818842">
        <ele>1558.4343262</ele>
        <time>2007-09-23T12:51:39Z</time>
      </trkpt>
      <trkpt lat="47.4266387" lon="10.1818973">
        <ele>1559.3957520</ele>
        <time>2007-09-23T12:51:46Z</time>
      </trkpt>
      <trkpt lat="47.4266269" lon="10.1819437">
        <ele>1561.3183594</ele>
        <time>2007-09-23T12:51:54Z</time>
      </trkpt>
      <trkpt lat="47.4266248" lon="10.1819630">
        <ele>1562.7602539</ele>
        <time>2007-09-23T12:51:56Z</time>
      </trkpt>
      <trkpt lat="47.4265983" lon="10.1820335">
        <ele>1563.2409668</ele>
        <time>2007-09-23T12:52:03Z</time>
      </trkpt>
      <trkpt lat="47.4265943" lon="10.1820901">
        <ele>1564.6831055</ele>
        <time>2007-09-23T12:52:10Z</time>
      </trkpt>
      <trkpt lat="47.4266070" lon="10.1821196">
        <ele>1566.6057129</ele>
        <time>2007-09-23T12:52:16Z</time>
      </trkpt>
      <trkpt lat="47.4266045" lon="10.1821563">
        <ele>1567.5668945</ele>
        <time>2007-09-23T12:52:22Z</time>
      </trkpt>
      <trkpt lat="47.4266236" lon="10.1821999">
        <ele>1569.4897461</ele>
        <time>2007-09-23T12:52:28Z</time>
      </trkpt>
      <trkpt lat="47.4266709" lon="10.1823173">
        <ele>1569.9702148</ele>
        <time>2007-09-23T12:52:38Z</time>
      </trkpt>
      <trkpt lat="47.4266854" lon="10.1823810">
        <ele>1571.8928223</ele>
        <time>2007-09-23T12:52:46Z</time>
      </trkpt>
      <trkpt lat="47.4267263" lon="10.1824267">
        <ele>1573.8154297</ele>
        <time>2007-09-23T12:52:54Z</time>
      </trkpt>
      <trkpt lat="47.4267310" lon="10.1824713">
        <ele>1574.7768555</ele>
        <time>2007-09-23T12:53:02Z</time>
      </trkpt>
      <trkpt lat="47.4267196" lon="10.1824910">
        <ele>1575.2573242</ele>
        <time>2007-09-23T12:53:12Z</time>
      </trkpt>
      <trkpt lat="47.4267102" lon="10.1825157">
        <ele>1576.2187500</ele>
        <time>2007-09-23T12:53:19Z</time>
      </trkpt>
      <trkpt lat="47.4267035" lon="10.1825429">
        <ele>1576.6994629</ele>
        <time>2007-09-23T12:53:41Z</time>
      </trkpt>
      <trkpt lat="47.4266860" lon="10.1825436">
        <ele>1577.6606445</ele>
        <time>2007-09-23T12:53:47Z</time>
      </trkpt>
      <trkpt lat="47.4266620" lon="10.1825381">
        <ele>1577.6606445</ele>
        <time>2007-09-23T12:54:02Z</time>
      </trkpt>
      <trkpt lat="47.4266684" lon="10.1825747">
        <ele>1580.5449219</ele>
        <time>2007-09-23T12:55:12Z</time>
      </trkpt>
      <trkpt lat="47.4266507" lon="10.1826113">
        <ele>1581.9868164</ele>
        <time>2007-09-23T12:55:18Z</time>
      </trkpt>
      <trkpt lat="47.4266413" lon="10.1826543">
        <ele>1583.9094238</ele>
        <time>2007-09-23T12:55:25Z</time>
      </trkpt>
      <trkpt lat="47.4266418" lon="10.1827192">
        <ele>1585.8320313</ele>
        <time>2007-09-23T12:55:33Z</time>
      </trkpt>
      <trkpt lat="47.4266261" lon="10.1827573">
        <ele>1587.7546387</ele>
        <time>2007-09-23T12:55:40Z</time>
      </trkpt>
      <trkpt lat="47.4265962" lon="10.1827821">
        <ele>1589.6772461</ele>
        <time>2007-09-23T12:55:47Z</time>
      </trkpt>
      <trkpt lat="47.4265844" lon="10.1828508">
        <ele>1590.1579590</ele>
        <time>2007-09-23T12:55:54Z</time>
      </trkpt>
      <trkpt lat="47.4265697" lon="10.1829120">
        <ele>1591.1191406</ele>
        <time>2007-09-23T12:56:01Z</time>
      </trkpt>
      <trkpt lat="47.4265319" lon="10.1829572">
        <ele>1593.5224609</ele>
        <time>2007-09-23T12:56:10Z</time>
      </trkpt>
      <trkpt lat="47.4265258" lon="10.1829624">
        <ele>1593.5224609</ele>
        <time>2007-09-23T12:56:11Z</time>
      </trkpt>
      <trkpt lat="47.4264813" lon="10.1830091">
        <ele>1594.9643555</ele>
        <time>2007-09-23T12:56:18Z</time>
      </trkpt>
      <trkpt lat="47.4264575" lon="10.1830896">
        <ele>1596.8872070</ele>
        <time>2007-09-23T12:56:27Z</time>
      </trkpt>
      <trkpt lat="47.4264479" lon="10.1830969">
        <ele>1597.3679199</ele>
        <time>2007-09-23T12:56:29Z</time>
      </trkpt>
      <trkpt lat="47.4264018" lon="10.1831490">
        <ele>1599.2905273</ele>
        <time>2007-09-23T12:56:38Z</time>
      </trkpt>
      <trkpt lat="47.4263454" lon="10.1832657">
        <ele>1599.7712402</ele>
        <time>2007-09-23T12:56:49Z</time>
      </trkpt>
      <trkpt lat="47.4263036" lon="10.1833156">
        <ele>1601.2131348</ele>
        <time>2007-09-23T12:56:57Z</time>
      </trkpt>
      <trkpt lat="47.4262493" lon="10.1833296">
        <ele>1603.6164551</ele>
        <time>2007-09-23T12:57:07Z</time>
      </trkpt>
      <trkpt lat="47.4262171" lon="10.1833462">
        <ele>1605.5390625</ele>
        <time>2007-09-23T12:57:13Z</time>
      </trkpt>
      <trkpt lat="47.4261885" lon="10.1833548">
        <ele>1606.9809570</ele>
        <time>2007-09-23T12:57:20Z</time>
      </trkpt>
      <trkpt lat="47.4261705" lon="10.1833897">
        <ele>1608.4228516</ele>
        <time>2007-09-23T12:57:27Z</time>
      </trkpt>
      <trkpt lat="47.4261560" lon="10.1834503">
        <ele>1608.9035645</ele>
        <time>2007-09-23T12:57:39Z</time>
      </trkpt>
      <trkpt lat="47.4261228" lon="10.1835035">
        <ele>1609.8647461</ele>
        <time>2007-09-23T12:57:45Z</time>
      </trkpt>
      <trkpt lat="47.4261067" lon="10.1835441">
        <ele>1608.4228516</ele>
        <time>2007-09-23T12:57:50Z</time>
      </trkpt>
      <trkpt lat="47.4260980" lon="10.1835607">
        <ele>1608.4228516</ele>
        <time>2007-09-23T12:57:52Z</time>
      </trkpt>
      <trkpt lat="47.4260460" lon="10.1836618">
        <ele>1608.4228516</ele>
        <time>2007-09-23T12:58:00Z</time>
      </trkpt>
      <trkpt lat="47.4260410" lon="10.1836730">
        <ele>1608.4228516</ele>
        <time>2007-09-23T12:58:01Z</time>
      </trkpt>
      <trkpt lat="47.4259989" lon="10.1837798">
        <ele>1608.9035645</ele>
        <time>2007-09-23T12:58:09Z</time>
      </trkpt>
      <trkpt lat="47.4259494" lon="10.1838352">
        <ele>1609.8647461</ele>
        <time>2007-09-23T12:58:16Z</time>
      </trkpt>
      <trkpt lat="47.4259271" lon="10.1839001">
        <ele>1609.3842773</ele>
        <time>2007-09-23T12:58:24Z</time>
      </trkpt>
      <trkpt lat="47.4258705" lon="10.1839957">
        <ele>1609.3842773</ele>
        <time>2007-09-23T12:58:32Z</time>
      </trkpt>
      <trkpt lat="47.4257937" lon="10.1841529">
        <ele>1608.9035645</ele>
        <time>2007-09-23T12:58:42Z</time>
      </trkpt>
      <trkpt lat="47.4257859" lon="10.1841646">
        <ele>1609.3842773</ele>
        <time>2007-09-23T12:58:43Z</time>
      </trkpt>
      <trkpt lat="47.4257736" lon="10.1842305">
        <ele>1608.4228516</ele>
        <time>2007-09-23T12:58:48Z</time>
      </trkpt>
      <trkpt lat="47.4257695" lon="10.1843202">
        <ele>1607.4616699</ele>
        <time>2007-09-23T12:58:54Z</time>
      </trkpt>
      <trkpt lat="47.4257377" lon="10.1845149">
        <ele>1606.0195313</ele>
        <time>2007-09-23T12:59:04Z</time>
      </trkpt>
      <trkpt lat="47.4257053" lon="10.1846407">
        <ele>1606.5002441</ele>
        <time>2007-09-23T12:59:12Z</time>
      </trkpt>
      <trkpt lat="47.4256769" lon="10.1846716">
        <ele>1607.9423828</ele>
        <time>2007-09-23T12:59:18Z</time>
      </trkpt>
      <trkpt lat="47.4256483" lon="10.1847354">
        <ele>1609.8647461</ele>
        <time>2007-09-23T12:59:26Z</time>
      </trkpt>
      <trkpt lat="47.4256130" lon="10.1848069">
        <ele>1612.2683105</ele>
        <time>2007-09-23T12:59:34Z</time>
      </trkpt>
      <trkpt lat="47.4255580" lon="10.1848803">
        <ele>1614.1909180</ele>
        <time>2007-09-23T12:59:43Z</time>
      </trkpt>
      <trkpt lat="47.4255302" lon="10.1849431">
        <ele>1615.1523438</ele>
        <time>2007-09-23T12:59:51Z</time>
      </trkpt>
      <trkpt lat="47.4255230" lon="10.1849676">
        <ele>1615.1523438</ele>
        <time>2007-09-23T12:59:58Z</time>
      </trkpt>
      <trkpt lat="47.4255173" lon="10.1849925">
        <ele>1615.1523438</ele>
        <time>2007-09-23T13:00:04Z</time>
      </trkpt>
      <trkpt lat="47.4254941" lon="10.1850639">
        <ele>1614.1909180</ele>
        <time>2007-09-23T13:00:12Z</time>
      </trkpt>
      <trkpt lat="47.4254650" lon="10.1851363">
        <ele>1615.1523438</ele>
        <time>2007-09-23T13:00:19Z</time>
      </trkpt>
      <trkpt lat="47.4254406" lon="10.1852223">
        <ele>1617.5554199</ele>
        <time>2007-09-23T13:00:26Z</time>
      </trkpt>
      <trkpt lat="47.4254327" lon="10.1852991">
        <ele>1616.1135254</ele>
        <time>2007-09-23T13:00:32Z</time>
      </trkpt>
      <trkpt lat="47.4254228" lon="10.1853655">
        <ele>1617.5554199</ele>
        <time>2007-09-23T13:00:38Z</time>
      </trkpt>
      <trkpt lat="47.4254200" lon="10.1854788">
        <ele>1617.5554199</ele>
        <time>2007-09-23T13:00:46Z</time>
      </trkpt>
      <trkpt lat="47.4253886" lon="10.1855280">
        <ele>1618.5168457</ele>
        <time>2007-09-23T13:00:53Z</time>
      </trkpt>
      <trkpt lat="47.4253556" lon="10.1855667">
        <ele>1619.4782715</ele>
        <time>2007-09-23T13:01:00Z</time>
      </trkpt>
      <trkpt lat="47.4253288" lon="10.1856444">
        <ele>1620.9201660</ele>
        <time>2007-09-23T13:01:07Z</time>
      </trkpt>
      <trkpt lat="47.4252997" lon="10.1857506">
        <ele>1622.8427734</ele>
        <time>2007-09-23T13:01:17Z</time>
      </trkpt>
      <trkpt lat="47.4252861" lon="10.1858144">
        <ele>1624.2846680</ele>
        <time>2007-09-23T13:01:22Z</time>
      </trkpt>
      <trkpt lat="47.4253161" lon="10.1859249">
        <ele>1623.3234863</ele>
        <time>2007-09-23T13:01:29Z</time>
      </trkpt>
      <trkpt lat="47.4253193" lon="10.1859989">
        <ele>1623.3234863</ele>
        <time>2007-09-23T13:01:34Z</time>
      </trkpt>
      <trkpt lat="47.4253525" lon="10.1861197">
        <ele>1621.8813477</ele>
        <time>2007-09-23T13:01:42Z</time>
      </trkpt>
      <trkpt lat="47.4253904" lon="10.1862614">
        <ele>1619.9587402</ele>
        <time>2007-09-23T13:01:51Z</time>
      </trkpt>
      <trkpt lat="47.4254002" lon="10.1862900">
        <ele>1618.0361328</ele>
        <time>2007-09-23T13:01:53Z</time>
      </trkpt>
      <trkpt lat="47.4254024" lon="10.1863930">
        <ele>1618.9975586</ele>
        <time>2007-09-23T13:01:59Z</time>
      </trkpt>
      <trkpt lat="47.4253980" lon="10.1864064">
        <ele>1620.4394531</ele>
        <time>2007-09-23T13:02:00Z</time>
      </trkpt>
      <trkpt lat="47.4254112" lon="10.1865605">
        <ele>1621.8813477</ele>
        <time>2007-09-23T13:02:10Z</time>
      </trkpt>
      <trkpt lat="47.4254119" lon="10.1867076">
        <ele>1621.4006348</ele>
        <time>2007-09-23T13:02:18Z</time>
      </trkpt>
      <trkpt lat="47.4254079" lon="10.1868196">
        <ele>1622.3620605</ele>
        <time>2007-09-23T13:02:25Z</time>
      </trkpt>
      <trkpt lat="47.4254090" lon="10.1868666">
        <ele>1622.3620605</ele>
        <time>2007-09-23T13:02:32Z</time>
      </trkpt>
      <trkpt lat="47.4254063" lon="10.1869442">
        <ele>1624.7653809</ele>
        <time>2007-09-23T13:02:41Z</time>
      </trkpt>
      <trkpt lat="47.4254055" lon="10.1869598">
        <ele>1625.7265625</ele>
        <time>2007-09-23T13:02:43Z</time>
      </trkpt>
      <trkpt lat="47.4254186" lon="10.1870392">
        <ele>1626.2072754</ele>
        <time>2007-09-23T13:02:48Z</time>
      </trkpt>
      <trkpt lat="47.4254210" lon="10.1872551">
        <ele>1626.2072754</ele>
        <time>2007-09-23T13:02:59Z</time>
      </trkpt>
      <trkpt lat="47.4254183" lon="10.1872685">
        <ele>1626.2072754</ele>
        <time>2007-09-23T13:03:00Z</time>
      </trkpt>
      <trkpt lat="47.4254132" lon="10.1873741">
        <ele>1626.2072754</ele>
        <time>2007-09-23T13:03:06Z</time>
      </trkpt>
      <trkpt lat="47.4253981" lon="10.1875295">
        <ele>1626.6879883</ele>
        <time>2007-09-23T13:03:15Z</time>
      </trkpt>
      <trkpt lat="47.4253872" lon="10.1876885">
        <ele>1627.1687012</ele>
        <time>2007-09-23T13:03:24Z</time>
      </trkpt>
      <trkpt lat="47.4253839" lon="10.1877019">
        <ele>1626.6879883</ele>
        <time>2007-09-23T13:03:25Z</time>
      </trkpt>
      <trkpt lat="47.4253695" lon="10.1878455">
        <ele>1628.1301270</ele>
        <time>2007-09-23T13:03:35Z</time>
      </trkpt>
      <trkpt lat="47.4253557" lon="10.1879156">
        <ele>1628.6108398</ele>
        <time>2007-09-23T13:03:43Z</time>
      </trkpt>
      <trkpt lat="47.4253463" lon="10.1879820">
        <ele>1630.0527344</ele>
        <time>2007-09-23T13:03:52Z</time>
      </trkpt>
      <trkpt lat="47.4253370" lon="10.1880430">
        <ele>1632.9365234</ele>
        <time>2007-09-23T13:04:01Z</time>
      </trkpt>
      <trkpt lat="47.4253297" lon="10.1880757">
        <ele>1633.4172363</ele>
        <time>2007-09-23T13:04:11Z</time>
      </trkpt>
      <trkpt lat="47.4253349" lon="10.1881389">
        <ele>1634.3786621</ele>
        <time>2007-09-23T13:04:20Z</time>
      </trkpt>
      <trkpt lat="47.4253298" lon="10.1881737">
        <ele>1634.8593750</ele>
        <time>2007-09-23T13:04:29Z</time>
      </trkpt>
      <trkpt lat="47.4253228" lon="10.1881596">
        <ele>1634.8593750</ele>
        <time>2007-09-23T13:10:14Z</time>
      </trkpt>
      <trkpt lat="47.4253187" lon="10.1881482">
        <ele>1635.3398438</ele>
        <time>2007-09-23T13:10:18Z</time>
      </trkpt>
      <trkpt lat="47.4252925" lon="10.1880777">
        <ele>1636.7817383</ele>
        <time>2007-09-23T13:10:26Z</time>
      </trkpt>
      <trkpt lat="47.4252795" lon="10.1880699">
        <ele>1637.2624512</ele>
        <time>2007-09-23T13:10:34Z</time>
      </trkpt>
      <trkpt lat="47.4252866" lon="10.1880628">
        <ele>1637.2624512</ele>
        <time>2007-09-23T13:10:46Z</time>
      </trkpt>
      <trkpt lat="47.4252836" lon="10.1880721">
        <ele>1635.8205566</ele>
        <time>2007-09-23T13:10:58Z</time>
      </trkpt>
      <trkpt lat="47.4252891" lon="10.1880744">
        <ele>1636.3012695</ele>
        <time>2007-09-23T13:11:33Z</time>
      </trkpt>
      <trkpt lat="47.4252924" lon="10.1880720">
        <ele>1637.2624512</ele>
        <time>2007-09-23T13:11:38Z</time>
      </trkpt>
      <trkpt lat="47.4252888" lon="10.1880622">
        <ele>1638.7045898</ele>
        <time>2007-09-23T13:11:45Z</time>
      </trkpt>
      <trkpt lat="47.4252772" lon="10.1880493">
        <ele>1639.6657715</ele>
        <time>2007-09-23T13:12:00Z</time>
      </trkpt>
      <trkpt lat="47.4252516" lon="10.1880459">
        <ele>1640.6269531</ele>
        <time>2007-09-23T13:12:17Z</time>
      </trkpt>
      <trkpt lat="47.4252417" lon="10.1880305">
        <ele>1641.5883789</ele>
        <time>2007-09-23T13:12:26Z</time>
      </trkpt>
      <trkpt lat="47.4252327" lon="10.1880047">
        <ele>1643.5109863</ele>
        <time>2007-09-23T13:12:32Z</time>
      </trkpt>
      <trkpt lat="47.4252229" lon="10.1879584">
        <ele>1644.9531250</ele>
        <time>2007-09-23T13:12:44Z</time>
      </trkpt>
      <trkpt lat="47.4252000" lon="10.1879311">
        <ele>1645.9145508</ele>
        <time>2007-09-23T13:13:02Z</time>
      </trkpt>
      <trkpt lat="47.4251837" lon="10.1878998">
        <ele>1679.0798340</ele>
        <time>2007-09-23T13:18:42Z</time>
      </trkpt>
      <trkpt lat="47.4251961" lon="10.1879285">
        <ele>1679.5605469</ele>
        <time>2007-09-23T13:18:49Z</time>
      </trkpt>
      <trkpt lat="47.4252024" lon="10.1880202">
        <ele>1680.0412598</ele>
        <time>2007-09-23T13:18:56Z</time>
      </trkpt>
      <trkpt lat="47.4252060" lon="10.1880347">
        <ele>1679.5605469</ele>
        <time>2007-09-23T13:19:03Z</time>
      </trkpt>
      <trkpt lat="47.4251971" lon="10.1880136">
        <ele>1682.4445801</ele>
        <time>2007-09-23T13:29:48Z</time>
      </trkpt>
      <trkpt lat="47.4251956" lon="10.1880005">
        <ele>1682.4445801</ele>
        <time>2007-09-23T13:29:54Z</time>
      </trkpt>
      <trkpt lat="47.4251914" lon="10.1879674">
        <ele>1681.9638672</ele>
        <time>2007-09-23T13:30:00Z</time>
      </trkpt>
      <trkpt lat="47.4251970" lon="10.1878622">
        <ele>1681.0026855</ele>
        <time>2007-09-23T13:30:09Z</time>
      </trkpt>
      <trkpt lat="47.4251947" lon="10.1878202">
        <ele>1680.5219727</ele>
        <time>2007-09-23T13:30:12Z</time>
      </trkpt>
      <trkpt lat="47.4251733" lon="10.1877006">
        <ele>1680.0412598</ele>
        <time>2007-09-23T13:30:21Z</time>
      </trkpt>
      <trkpt lat="47.4251659" lon="10.1876410">
        <ele>1679.0798340</ele>
        <time>2007-09-23T13:30:28Z</time>
      </trkpt>
      <trkpt lat="47.4251443" lon="10.1876064">
        <ele>1678.1186523</ele>
        <time>2007-09-23T13:30:35Z</time>
      </trkpt>
      <trkpt lat="47.4250882" lon="10.1875968">
        <ele>1677.6379395</ele>
        <time>2007-09-23T13:30:43Z</time>
      </trkpt>
      <trkpt lat="47.4250682" lon="10.1875804">
        <ele>1676.6767578</ele>
        <time>2007-09-23T13:30:50Z</time>
      </trkpt>
      <trkpt lat="47.4250529" lon="10.1875386">
        <ele>1675.7150879</ele>
        <time>2007-09-23T13:31:01Z</time>
      </trkpt>
      <trkpt lat="47.4250154" lon="10.1874885">
        <ele>1672.8312988</ele>
        <time>2007-09-23T13:31:09Z</time>
      </trkpt>
      <trkpt lat="47.4249929" lon="10.1874518">
        <ele>1672.3505859</ele>
        <time>2007-09-23T13:31:14Z</time>
      </trkpt>
      <trkpt lat="47.4249624" lon="10.1873706">
        <ele>1671.8698730</ele>
        <time>2007-09-23T13:31:20Z</time>
      </trkpt>
      <trkpt lat="47.4249431" lon="10.1873312">
        <ele>1669.4667969</ele>
        <time>2007-09-23T13:31:24Z</time>
      </trkpt>
      <trkpt lat="47.4249245" lon="10.1873213">
        <ele>1668.9860840</ele>
        <time>2007-09-23T13:31:26Z</time>
      </trkpt>
      <trkpt lat="47.4248377" lon="10.1872940">
        <ele>1667.5439453</ele>
        <time>2007-09-23T13:31:35Z</time>
      </trkpt>
      <trkpt lat="47.4248132" lon="10.1873136">
        <ele>1666.5827637</ele>
        <time>2007-09-23T13:31:38Z</time>
      </trkpt>
      <trkpt lat="47.4247983" lon="10.1873443">
        <ele>1666.1020508</ele>
        <time>2007-09-23T13:31:40Z</time>
      </trkpt>
      <trkpt lat="47.4247751" lon="10.1874177">
        <ele>1664.1794434</ele>
        <time>2007-09-23T13:31:48Z</time>
      </trkpt>
      <trkpt lat="47.4247316" lon="10.1874679">
        <ele>1661.2956543</ele>
        <time>2007-09-23T13:31:57Z</time>
      </trkpt>
      <trkpt lat="47.4246986" lon="10.1875170">
        <ele>1659.3728027</ele>
        <time>2007-09-23T13:32:05Z</time>
      </trkpt>
      <trkpt lat="47.4246801" lon="10.1875301">
        <ele>1657.9309082</ele>
        <time>2007-09-23T13:32:11Z</time>
      </trkpt>
      <trkpt lat="47.4246646" lon="10.1875457">
        <ele>1655.5275879</ele>
        <time>2007-09-23T13:32:15Z</time>
      </trkpt>
      <trkpt lat="47.4246340" lon="10.1875406">
        <ele>1653.6049805</ele>
        <time>2007-09-23T13:32:23Z</time>
      </trkpt>
      <trkpt lat="47.4246133" lon="10.1875466">
        <ele>1653.1242676</ele>
        <time>2007-09-23T13:32:30Z</time>
      </trkpt>
      <trkpt lat="47.4245740" lon="10.1874648">
        <ele>1651.6823730</ele>
        <time>2007-09-23T13:32:38Z</time>
      </trkpt>
      <trkpt lat="47.4245439" lon="10.1874735">
        <ele>1650.7209473</ele>
        <time>2007-09-23T13:32:46Z</time>
      </trkpt>
      <trkpt lat="47.4245288" lon="10.1875113">
        <ele>1649.2790527</ele>
        <time>2007-09-23T13:32:51Z</time>
      </trkpt>
      <trkpt lat="47.4244981" lon="10.1875126">
        <ele>1647.8371582</ele>
        <time>2007-09-23T13:32:55Z</time>
      </trkpt>
      <trkpt lat="47.4244458" lon="10.1874173">
        <ele>1645.9145508</ele>
        <time>2007-09-23T13:33:03Z</time>
      </trkpt>
      <trkpt lat="47.4244201" lon="10.1873550">
        <ele>1643.9916992</ele>
        <time>2007-09-23T13:33:09Z</time>
      </trkpt>
      <trkpt lat="47.4244064" lon="10.1872787">
        <ele>1643.0302734</ele>
        <time>2007-09-23T13:33:16Z</time>
      </trkpt>
      <trkpt lat="47.4243947" lon="10.1872799">
        <ele>1642.5498047</ele>
        <time>2007-09-23T13:33:38Z</time>
      </trkpt>
      <trkpt lat="47.4244170" lon="10.1872329">
        <ele>1642.5498047</ele>
        <time>2007-09-23T13:34:00Z</time>
      </trkpt>
      <trkpt lat="47.4244238" lon="10.1871532">
        <ele>1640.6269531</ele>
        <time>2007-09-23T13:34:09Z</time>
      </trkpt>
      <trkpt lat="47.4244171" lon="10.1871401">
        <ele>1639.1850586</ele>
        <time>2007-09-23T13:34:11Z</time>
      </trkpt>
      <trkpt lat="47.4243930" lon="10.1870472">
        <ele>1636.7817383</ele>
        <time>2007-09-23T13:34:19Z</time>
      </trkpt>
      <trkpt lat="47.4243859" lon="10.1870402">
        <ele>1636.7817383</ele>
        <time>2007-09-23T13:34:21Z</time>
      </trkpt>
      <trkpt lat="47.4243805" lon="10.1869359">
        <ele>1636.3012695</ele>
        <time>2007-09-23T13:34:29Z</time>
      </trkpt>
      <trkpt lat="47.4243479" lon="10.1869043">
        <ele>1634.3786621</ele>
        <time>2007-09-23T13:34:36Z</time>
      </trkpt>
      <trkpt lat="47.4243409" lon="10.1869018">
        <ele>1633.8979492</ele>
        <time>2007-09-23T13:34:37Z</time>
      </trkpt>
      <trkpt lat="47.4243350" lon="10.1868100">
        <ele>1631.9753418</ele>
        <time>2007-09-23T13:34:43Z</time>
      </trkpt>
      <trkpt lat="47.4243367" lon="10.1867776">
        <ele>1631.9753418</ele>
        <time>2007-09-23T13:34:45Z</time>
      </trkpt>
      <trkpt lat="47.4243241" lon="10.1867418">
        <ele>1630.5334473</ele>
        <time>2007-09-23T13:34:47Z</time>
      </trkpt>
      <trkpt lat="47.4243171" lon="10.1867279">
        <ele>1631.0141602</ele>
        <time>2007-09-23T13:34:48Z</time>
      </trkpt>
      <trkpt lat="47.4243207" lon="10.1866667">
        <ele>1629.5720215</ele>
        <time>2007-09-23T13:34:53Z</time>
      </trkpt>
      <trkpt lat="47.4242994" lon="10.1865628">
        <ele>1627.6491699</ele>
        <time>2007-09-23T13:35:00Z</time>
      </trkpt>
      <trkpt lat="47.4242786" lon="10.1865004">
        <ele>1626.2072754</ele>
        <time>2007-09-23T13:35:04Z</time>
      </trkpt>
      <trkpt lat="47.4242616" lon="10.1864595">
        <ele>1624.7653809</ele>
        <time>2007-09-23T13:35:08Z</time>
      </trkpt>
      <trkpt lat="47.4242374" lon="10.1864715">
        <ele>1623.8039551</ele>
        <time>2007-09-23T13:35:11Z</time>
      </trkpt>
      <trkpt lat="47.4242251" lon="10.1864631">
        <ele>1623.3234863</ele>
        <time>2007-09-23T13:35:13Z</time>
      </trkpt>
      <trkpt lat="47.4242430" lon="10.1862826">
        <ele>1621.8813477</ele>
        <time>2007-09-23T13:35:22Z</time>
      </trkpt>
      <trkpt lat="47.4242547" lon="10.1861806">
        <ele>1621.4006348</ele>
        <time>2007-09-23T13:35:27Z</time>
      </trkpt>
      <trkpt lat="47.4242627" lon="10.1861134">
        <ele>1621.4006348</ele>
        <time>2007-09-23T13:35:31Z</time>
      </trkpt>
      <trkpt lat="47.4242627" lon="10.1860172">
        <ele>1619.9587402</ele>
        <time>2007-09-23T13:35:37Z</time>
      </trkpt>
      <trkpt lat="47.4242813" lon="10.1859155">
        <ele>1619.4782715</ele>
        <time>2007-09-23T13:35:43Z</time>
      </trkpt>
      <trkpt lat="47.4243082" lon="10.1857964">
        <ele>1618.5168457</ele>
        <time>2007-09-23T13:35:50Z</time>
      </trkpt>
      <trkpt lat="47.4243371" lon="10.1857216">
        <ele>1617.5554199</ele>
        <time>2007-09-23T13:35:57Z</time>
      </trkpt>
      <trkpt lat="47.4243342" lon="10.1856916">
        <ele>1616.5942383</ele>
        <time>2007-09-23T13:35:59Z</time>
      </trkpt>
      <trkpt lat="47.4243450" lon="10.1855737">
        <ele>1616.1135254</ele>
        <time>2007-09-23T13:36:05Z</time>
      </trkpt>
      <trkpt lat="47.4243891" lon="10.1854622">
        <ele>1615.1523438</ele>
        <time>2007-09-23T13:36:12Z</time>
      </trkpt>
      <trkpt lat="47.4244119" lon="10.1854343">
        <ele>1615.6330566</ele>
        <time>2007-09-23T13:36:15Z</time>
      </trkpt>
      <trkpt lat="47.4243849" lon="10.1853134">
        <ele>1612.2683105</ele>
        <time>2007-09-23T13:36:22Z</time>
      </trkpt>
      <trkpt lat="47.4243844" lon="10.1852868">
        <ele>1611.7875977</ele>
        <time>2007-09-23T13:36:24Z</time>
      </trkpt>
      <trkpt lat="47.4244666" lon="10.1851612">
        <ele>1611.7875977</ele>
        <time>2007-09-23T13:36:32Z</time>
      </trkpt>
      <trkpt lat="47.4244707" lon="10.1851183">
        <ele>1611.7875977</ele>
        <time>2007-09-23T13:36:35Z</time>
      </trkpt>
      <trkpt lat="47.4244611" lon="10.1850752">
        <ele>1610.8261719</ele>
        <time>2007-09-23T13:36:37Z</time>
      </trkpt>
      <trkpt lat="47.4244890" lon="10.1849960">
        <ele>1612.2683105</ele>
        <time>2007-09-23T13:36:44Z</time>
      </trkpt>
      <trkpt lat="47.4244874" lon="10.1849272">
        <ele>1612.7490234</ele>
        <time>2007-09-23T13:36:51Z</time>
      </trkpt>
      <trkpt lat="47.4244883" lon="10.1848475">
        <ele>1613.2297363</ele>
        <time>2007-09-23T13:36:54Z</time>
      </trkpt>
      <trkpt lat="47.4244955" lon="10.1847869">
        <ele>1612.7490234</ele>
        <time>2007-09-23T13:36:57Z</time>
      </trkpt>
      <trkpt lat="47.4245098" lon="10.1846313">
        <ele>1613.2297363</ele>
        <time>2007-09-23T13:37:04Z</time>
      </trkpt>
      <trkpt lat="47.4245150" lon="10.1845843">
        <ele>1613.7102051</ele>
        <time>2007-09-23T13:37:07Z</time>
      </trkpt>
      <trkpt lat="47.4246074" lon="10.1844780">
        <ele>1615.6330566</ele>
        <time>2007-09-23T13:37:16Z</time>
      </trkpt>
      <trkpt lat="47.4246784" lon="10.1844309">
        <ele>1619.9587402</ele>
        <time>2007-09-23T13:37:24Z</time>
      </trkpt>
      <trkpt lat="47.4246838" lon="10.1844246">
        <ele>1619.4782715</ele>
        <time>2007-09-23T13:37:25Z</time>
      </trkpt>
      <trkpt lat="47.4247827" lon="10.1843670">
        <ele>1621.8813477</ele>
        <time>2007-09-23T13:37:32Z</time>
      </trkpt>
      <trkpt lat="47.4248677" lon="10.1843351">
        <ele>1622.8427734</ele>
        <time>2007-09-23T13:37:39Z</time>
      </trkpt>
      <trkpt lat="47.4249215" lon="10.1842961">
        <ele>1623.8039551</ele>
        <time>2007-09-23T13:37:46Z</time>
      </trkpt>
      <trkpt lat="47.4249925" lon="10.1842318">
        <ele>1625.2458496</ele>
        <time>2007-09-23T13:37:54Z</time>
      </trkpt>
      <trkpt lat="47.4250884" lon="10.1841538">
        <ele>1627.1687012</ele>
        <time>2007-09-23T13:38:04Z</time>
      </trkpt>
      <trkpt lat="47.4251385" lon="10.1841531">
        <ele>1628.6108398</ele>
        <time>2007-09-23T13:38:11Z</time>
      </trkpt>
      <trkpt lat="47.4251607" lon="10.1841811">
        <ele>1631.4946289</ele>
        <time>2007-09-23T13:38:19Z</time>
      </trkpt>
      <trkpt lat="47.4252091" lon="10.1841513">
        <ele>1632.9365234</ele>
        <time>2007-09-23T13:38:26Z</time>
      </trkpt>
      <trkpt lat="47.4252365" lon="10.1841745">
        <ele>1634.3786621</ele>
        <time>2007-09-23T13:38:30Z</time>
      </trkpt>
      <trkpt lat="47.4252582" lon="10.1842403">
        <ele>1635.8205566</ele>
        <time>2007-09-23T13:38:38Z</time>
      </trkpt>
      <trkpt lat="47.4252684" lon="10.1842772">
        <ele>1637.2624512</ele>
        <time>2007-09-23T13:38:43Z</time>
      </trkpt>
      <trkpt lat="47.4252744" lon="10.1843136">
        <ele>1639.6657715</ele>
        <time>2007-09-23T13:38:50Z</time>
      </trkpt>
      <trkpt lat="47.4252603" lon="10.1843642">
        <ele>1641.5883789</ele>
        <time>2007-09-23T13:38:58Z</time>
      </trkpt>
      <trkpt lat="47.4252985" lon="10.1843658">
        <ele>1643.0302734</ele>
        <time>2007-09-23T13:39:06Z</time>
      </trkpt>
      <trkpt lat="47.4253311" lon="10.1844371">
        <ele>1644.9531250</ele>
        <time>2007-09-23T13:39:14Z</time>
      </trkpt>
      <trkpt lat="47.4253370" lon="10.1844916">
        <ele>1646.3952637</ele>
        <time>2007-09-23T13:39:20Z</time>
      </trkpt>
      <trkpt lat="47.4253235" lon="10.1845561">
        <ele>1645.9145508</ele>
        <time>2007-09-23T13:39:26Z</time>
      </trkpt>
      <trkpt lat="47.4253389" lon="10.1845944">
        <ele>1644.4724121</ele>
        <time>2007-09-23T13:39:34Z</time>
      </trkpt>
      <trkpt lat="47.4253508" lon="10.1846256">
        <ele>1643.0302734</ele>
        <time>2007-09-23T13:39:41Z</time>
      </trkpt>
      <trkpt lat="47.4253613" lon="10.1846442">
        <ele>1641.1076660</ele>
        <time>2007-09-23T13:39:48Z</time>
      </trkpt>
      <trkpt lat="47.4253827" lon="10.1846447">
        <ele>1639.6657715</ele>
        <time>2007-09-23T13:39:55Z</time>
      </trkpt>
      <trkpt lat="47.4253742" lon="10.1846764">
        <ele>1638.2238770</ele>
        <time>2007-09-23T13:40:02Z</time>
      </trkpt>
      <trkpt lat="47.4253784" lon="10.1847184">
        <ele>1636.3012695</ele>
        <time>2007-09-23T13:40:08Z</time>
      </trkpt>
      <trkpt lat="47.4253835" lon="10.1847858">
        <ele>1635.8205566</ele>
        <time>2007-09-23T13:40:19Z</time>
      </trkpt>
      <trkpt lat="47.4253935" lon="10.1848329">
        <ele>1633.4172363</ele>
        <time>2007-09-23T13:40:27Z</time>
      </trkpt>
      <trkpt lat="47.4254177" lon="10.1848505">
        <ele>1631.4946289</ele>
        <time>2007-09-23T13:40:34Z</time>
      </trkpt>
      <trkpt lat="47.4254333" lon="10.1848686">
        <ele>1630.5334473</ele>
        <time>2007-09-23T13:40:39Z</time>
      </trkpt>
      <trkpt lat="47.4254311" lon="10.1848716">
        <ele>1629.5720215</ele>
        <time>2007-09-23T13:40:46Z</time>
      </trkpt>
      <trkpt lat="47.4254438" lon="10.1848389">
        <ele>1628.6108398</ele>
        <time>2007-09-23T13:40:53Z</time>
      </trkpt>
      <trkpt lat="47.4254592" lon="10.1848308">
        <ele>1626.6879883</ele>
        <time>2007-09-23T13:41:00Z</time>
      </trkpt>
      <trkpt lat="47.4254891" lon="10.1848246">
        <ele>1625.7265625</ele>
        <time>2007-09-23T13:41:08Z</time>
      </trkpt>
      <trkpt lat="47.4255069" lon="10.1848693">
        <ele>1624.7653809</ele>
        <time>2007-09-23T13:41:15Z</time>
      </trkpt>
      <trkpt lat="47.4255297" lon="10.1849210">
        <ele>1624.2846680</ele>
        <time>2007-09-23T13:41:23Z</time>
      </trkpt>
      <trkpt lat="47.4255307" lon="10.1849264">
        <ele>1624.2846680</ele>
        <time>2007-09-23T13:41:36Z</time>
      </trkpt>
      <trkpt lat="47.4255224" lon="10.1849391">
        <ele>1623.3234863</ele>
        <time>2007-09-23T13:41:50Z</time>
      </trkpt>
      <trkpt lat="47.4255228" lon="10.1849634">
        <ele>1624.2846680</ele>
        <time>2007-09-23T13:41:58Z</time>
      </trkpt>
      <trkpt lat="47.4255226" lon="10.1849562">
        <ele>1622.8427734</ele>
        <time>2007-09-23T13:42:09Z</time>
      </trkpt>
      <trkpt lat="47.4255303" lon="10.1849066">
        <ele>1621.8813477</ele>
        <time>2007-09-23T13:42:14Z</time>
      </trkpt>
      <trkpt lat="47.4255613" lon="10.1848579">
        <ele>1619.9587402</ele>
        <time>2007-09-23T13:42:18Z</time>
      </trkpt>
      <trkpt lat="47.4256250" lon="10.1847638">
        <ele>1618.0361328</ele>
        <time>2007-09-23T13:42:27Z</time>
      </trkpt>
      <trkpt lat="47.4256561" lon="10.1847011">
        <ele>1616.5942383</ele>
        <time>2007-09-23T13:42:36Z</time>
      </trkpt>
      <trkpt lat="47.4256845" lon="10.1846392">
        <ele>1614.1909180</ele>
        <time>2007-09-23T13:42:45Z</time>
      </trkpt>
      <trkpt lat="47.4257013" lon="10.1846242">
        <ele>1613.2297363</ele>
        <time>2007-09-23T13:42:49Z</time>
      </trkpt>
      <trkpt lat="47.4257468" lon="10.1845112">
        <ele>1612.7490234</ele>
        <time>2007-09-23T13:42:58Z</time>
      </trkpt>
      <trkpt lat="47.4257886" lon="10.1843919">
        <ele>1613.7102051</ele>
        <time>2007-09-23T13:43:06Z</time>
      </trkpt>
      <trkpt lat="47.4258333" lon="10.1842708">
        <ele>1615.1523438</ele>
        <time>2007-09-23T13:43:14Z</time>
      </trkpt>
      <trkpt lat="47.4258536" lon="10.1841961">
        <ele>1614.6716309</ele>
        <time>2007-09-23T13:43:20Z</time>
      </trkpt>
      <trkpt lat="47.4258659" lon="10.1841759">
        <ele>1615.6330566</ele>
        <time>2007-09-23T13:43:22Z</time>
      </trkpt>
      <trkpt lat="47.4259254" lon="10.1840839">
        <ele>1615.6330566</ele>
        <time>2007-09-23T13:43:31Z</time>
      </trkpt>
      <trkpt lat="47.4259581" lon="10.1839739">
        <ele>1616.5942383</ele>
        <time>2007-09-23T13:43:39Z</time>
      </trkpt>
      <trkpt lat="47.4259455" lon="10.1838347">
        <ele>1618.9975586</ele>
        <time>2007-09-23T13:43:55Z</time>
      </trkpt>
      <trkpt lat="47.4259704" lon="10.1837824">
        <ele>1617.0749512</ele>
        <time>2007-09-23T13:44:03Z</time>
      </trkpt>
      <trkpt lat="47.4260112" lon="10.1837271">
        <ele>1615.1523438</ele>
        <time>2007-09-23T13:44:11Z</time>
      </trkpt>
      <trkpt lat="47.4260732" lon="10.1836068">
        <ele>1615.1523438</ele>
        <time>2007-09-23T13:44:20Z</time>
      </trkpt>
      <trkpt lat="47.4260994" lon="10.1835332">
        <ele>1615.6330566</ele>
        <time>2007-09-23T13:44:27Z</time>
      </trkpt>
      <trkpt lat="47.4261343" lon="10.1834608">
        <ele>1617.0749512</ele>
        <time>2007-09-23T13:44:35Z</time>
      </trkpt>
      <trkpt lat="47.4261372" lon="10.1834575">
        <ele>1616.5942383</ele>
        <time>2007-09-23T13:44:36Z</time>
      </trkpt>
      <trkpt lat="47.4261672" lon="10.1833914">
        <ele>1617.0749512</ele>
        <time>2007-09-23T13:44:43Z</time>
      </trkpt>
      <trkpt lat="47.4262008" lon="10.1833482">
        <ele>1615.6330566</ele>
        <time>2007-09-23T13:44:50Z</time>
      </trkpt>
      <trkpt lat="47.4262021" lon="10.1833070">
        <ele>1615.1523438</ele>
        <time>2007-09-23T13:44:57Z</time>
      </trkpt>
      <trkpt lat="47.4262213" lon="10.1832861">
        <ele>1613.2297363</ele>
        <time>2007-09-23T13:45:05Z</time>
      </trkpt>
      <trkpt lat="47.4262680" lon="10.1832680">
        <ele>1612.7490234</ele>
        <time>2007-09-23T13:45:12Z</time>
      </trkpt>
      <trkpt lat="47.4263076" lon="10.1832517">
        <ele>1611.7875977</ele>
        <time>2007-09-23T13:45:18Z</time>
      </trkpt>
      <trkpt lat="47.4263663" lon="10.1832220">
        <ele>1609.3842773</ele>
        <time>2007-09-23T13:45:26Z</time>
      </trkpt>
      <trkpt lat="47.4263999" lon="10.1831613">
        <ele>1607.4616699</ele>
        <time>2007-09-23T13:45:33Z</time>
      </trkpt>
      <trkpt lat="47.4264251" lon="10.1830909">
        <ele>1606.9809570</ele>
        <time>2007-09-23T13:45:40Z</time>
      </trkpt>
      <trkpt lat="47.4264519" lon="10.1830503">
        <ele>1605.5390625</ele>
        <time>2007-09-23T13:45:47Z</time>
      </trkpt>
      <trkpt lat="47.4264907" lon="10.1830101">
        <ele>1603.6164551</ele>
        <time>2007-09-23T13:45:53Z</time>
      </trkpt>
      <trkpt lat="47.4265211" lon="10.1829432">
        <ele>1602.6550293</ele>
        <time>2007-09-23T13:46:00Z</time>
      </trkpt>
      <trkpt lat="47.4265460" lon="10.1829041">
        <ele>1601.2131348</ele>
        <time>2007-09-23T13:46:07Z</time>
      </trkpt>
      <trkpt lat="47.4265590" lon="10.1828659">
        <ele>1600.2519531</ele>
        <time>2007-09-23T13:46:14Z</time>
      </trkpt>
      <trkpt lat="47.4265855" lon="10.1828107">
        <ele>1599.2905273</ele>
        <time>2007-09-23T13:46:22Z</time>
      </trkpt>
      <trkpt lat="47.4265990" lon="10.1827829">
        <ele>1598.8098145</ele>
        <time>2007-09-23T13:46:28Z</time>
      </trkpt>
      <trkpt lat="47.4266387" lon="10.1827390">
        <ele>1598.3291016</ele>
        <time>2007-09-23T13:46:37Z</time>
      </trkpt>
      <trkpt lat="47.4266722" lon="10.1827148">
        <ele>1597.8486328</ele>
        <time>2007-09-23T13:46:43Z</time>
      </trkpt>
      <trkpt lat="47.4266853" lon="10.1827049">
        <ele>1596.4067383</ele>
        <time>2007-09-23T13:46:51Z</time>
      </trkpt>
      <trkpt lat="47.4267057" lon="10.1826925">
        <ele>1595.9257813</ele>
        <time>2007-09-23T13:46:59Z</time>
      </trkpt>
      <trkpt lat="47.4267429" lon="10.1826821">
        <ele>1595.4450684</ele>
        <time>2007-09-23T13:47:06Z</time>
      </trkpt>
      <trkpt lat="47.4267556" lon="10.1826644">
        <ele>1593.0417480</ele>
        <time>2007-09-23T13:47:14Z</time>
      </trkpt>
      <trkpt lat="47.4267429" lon="10.1826396">
        <ele>1591.5998535</ele>
        <time>2007-09-23T13:47:23Z</time>
      </trkpt>
      <trkpt lat="47.4267458" lon="10.1826151">
        <ele>1590.1579590</ele>
        <time>2007-09-23T13:47:31Z</time>
      </trkpt>
      <trkpt lat="47.4266776" lon="10.1825702">
        <ele>1589.6772461</ele>
        <time>2007-09-23T13:47:38Z</time>
      </trkpt>
      <trkpt lat="47.4266852" lon="10.1825465">
        <ele>1588.2353516</ele>
        <time>2007-09-23T13:47:44Z</time>
      </trkpt>
      <trkpt lat="47.4266876" lon="10.1825291">
        <ele>1586.7932129</ele>
        <time>2007-09-23T13:47:50Z</time>
      </trkpt>
      <trkpt lat="47.4266786" lon="10.1825074">
        <ele>1585.8320313</ele>
        <time>2007-09-23T13:48:00Z</time>
      </trkpt>
      <trkpt lat="47.4266564" lon="10.1824398">
        <ele>1583.4287109</ele>
        <time>2007-09-23T13:48:09Z</time>
      </trkpt>
      <trkpt lat="47.4266605" lon="10.1824013">
        <ele>1581.9868164</ele>
        <time>2007-09-23T13:48:17Z</time>
      </trkpt>
      <trkpt lat="47.4266667" lon="10.1823174">
        <ele>1579.1025391</ele>
        <time>2007-09-23T13:48:26Z</time>
      </trkpt>
      <trkpt lat="47.4266684" lon="10.1822820">
        <ele>1579.1025391</ele>
        <time>2007-09-23T13:48:28Z</time>
      </trkpt>
      <trkpt lat="47.4266137" lon="10.1821729">
        <ele>1578.6220703</ele>
        <time>2007-09-23T13:48:38Z</time>
      </trkpt>
      <trkpt lat="47.4266197" lon="10.1821207">
        <ele>1576.6994629</ele>
        <time>2007-09-23T13:48:45Z</time>
      </trkpt>
      <trkpt lat="47.4265832" lon="10.1820847">
        <ele>1575.2573242</ele>
        <time>2007-09-23T13:48:53Z</time>
      </trkpt>
      <trkpt lat="47.4265699" lon="10.1820356">
        <ele>1573.8154297</ele>
        <time>2007-09-23T13:48:58Z</time>
      </trkpt>
      <trkpt lat="47.4265756" lon="10.1819572">
        <ele>1571.8928223</ele>
        <time>2007-09-23T13:49:08Z</time>
      </trkpt>
      <trkpt lat="47.4265945" lon="10.1818885">
        <ele>1570.4509277</ele>
        <time>2007-09-23T13:49:16Z</time>
      </trkpt>
      <trkpt lat="47.4266195" lon="10.1818638">
        <ele>1569.0090332</ele>
        <time>2007-09-23T13:49:23Z</time>
      </trkpt>
      <trkpt lat="47.4266532" lon="10.1818143">
        <ele>1567.5668945</ele>
        <time>2007-09-23T13:49:31Z</time>
      </trkpt>
      <trkpt lat="47.4266583" lon="10.1817798">
        <ele>1567.0864258</ele>
        <time>2007-09-23T13:49:36Z</time>
      </trkpt>
      <trkpt lat="47.4266941" lon="10.1817004">
        <ele>1564.2023926</ele>
        <time>2007-09-23T13:49:45Z</time>
      </trkpt>
      <trkpt lat="47.4267145" lon="10.1816414">
        <ele>1563.2409668</ele>
        <time>2007-09-23T13:49:53Z</time>
      </trkpt>
      <trkpt lat="47.4267425" lon="10.1815720">
        <ele>1561.3183594</ele>
        <time>2007-09-23T13:50:02Z</time>
      </trkpt>
      <trkpt lat="47.4267539" lon="10.1815264">
        <ele>1560.3569336</ele>
        <time>2007-09-23T13:50:06Z</time>
      </trkpt>
      <trkpt lat="47.4267618" lon="10.1814532">
        <ele>1560.3569336</ele>
        <time>2007-09-23T13:50:11Z</time>
      </trkpt>
      <trkpt lat="47.4267380" lon="10.1813188">
        <ele>1560.8376465</ele>
        <time>2007-09-23T13:50:21Z</time>
      </trkpt>
      <trkpt lat="47.4267283" lon="10.1812362">
        <ele>1559.8762207</ele>
        <time>2007-09-23T13:50:28Z</time>
      </trkpt>
      <trkpt lat="47.4267016" lon="10.1811177">
        <ele>1559.3957520</ele>
        <time>2007-09-23T13:50:37Z</time>
      </trkpt>
      <trkpt lat="47.4267069" lon="10.1810593">
        <ele>1558.4343262</ele>
        <time>2007-09-23T13:50:45Z</time>
      </trkpt>
      <trkpt lat="47.4267330" lon="10.1810447">
        <ele>1556.9924316</ele>
        <time>2007-09-23T13:50:52Z</time>
      </trkpt>
      <trkpt lat="47.4267568" lon="10.1810364">
        <ele>1555.5505371</ele>
        <time>2007-09-23T13:50:59Z</time>
      </trkpt>
      <trkpt lat="47.4267403" lon="10.1809661">
        <ele>1554.5891113</ele>
        <time>2007-09-23T13:51:06Z</time>
      </trkpt>
      <trkpt lat="47.4267618" lon="10.1809158">
        <ele>1553.6279297</ele>
        <time>2007-09-23T13:51:14Z</time>
      </trkpt>
      <trkpt lat="47.4267828" lon="10.1808318">
        <ele>1551.2246094</ele>
        <time>2007-09-23T13:51:23Z</time>
      </trkpt>
      <trkpt lat="47.4267780" lon="10.1807682">
        <ele>1549.3020020</ele>
        <time>2007-09-23T13:51:30Z</time>
      </trkpt>
      <trkpt lat="47.4267832" lon="10.1806831">
        <ele>1548.3405762</ele>
        <time>2007-09-23T13:51:38Z</time>
      </trkpt>
      <trkpt lat="47.4268018" lon="10.1806057">
        <ele>1546.4179688</ele>
        <time>2007-09-23T13:51:47Z</time>
      </trkpt>
      <trkpt lat="47.4268309" lon="10.1805189">
        <ele>1545.4565430</ele>
        <time>2007-09-23T13:51:55Z</time>
      </trkpt>
      <trkpt lat="47.4268429" lon="10.1804387">
        <ele>1544.4951172</ele>
        <time>2007-09-23T13:52:04Z</time>
      </trkpt>
      <trkpt lat="47.4268552" lon="10.1803579">
        <ele>1542.0920410</ele>
        <time>2007-09-23T13:52:13Z</time>
      </trkpt>
      <trkpt lat="47.4268711" lon="10.1803189">
        <ele>1541.1306152</ele>
        <time>2007-09-23T13:52:18Z</time>
      </trkpt>
      <trkpt lat="47.4268997" lon="10.1802706">
        <ele>1540.1694336</ele>
        <time>2007-09-23T13:52:25Z</time>
      </trkpt>
      <trkpt lat="47.4269286" lon="10.1802237">
        <ele>1538.2468262</ele>
        <time>2007-09-23T13:52:34Z</time>
      </trkpt>
      <trkpt lat="47.4269095" lon="10.1801724">
        <ele>1537.2854004</ele>
        <time>2007-09-23T13:52:43Z</time>
      </trkpt>
      <trkpt lat="47.4269303" lon="10.1801330">
        <ele>1535.3627930</ele>
        <time>2007-09-23T13:52:50Z</time>
      </trkpt>
      <trkpt lat="47.4269510" lon="10.1801214">
        <ele>1533.9208984</ele>
        <time>2007-09-23T13:52:58Z</time>
      </trkpt>
      <trkpt lat="47.4269445" lon="10.1801371">
        <ele>1532.4790039</ele>
        <time>2007-09-23T13:53:04Z</time>
      </trkpt>
      <trkpt lat="47.4269608" lon="10.1801356">
        <ele>1531.5173340</ele>
        <time>2007-09-23T13:53:12Z</time>
      </trkpt>
      <trkpt lat="47.4269786" lon="10.1801413">
        <ele>1531.5173340</ele>
        <time>2007-09-23T13:53:18Z</time>
      </trkpt>
      <trkpt lat="47.4269831" lon="10.1801112">
        <ele>1530.0754395</ele>
        <time>2007-09-23T13:53:24Z</time>
      </trkpt>
      <trkpt lat="47.4270050" lon="10.1800802">
        <ele>1528.6335449</ele>
        <time>2007-09-23T13:53:32Z</time>
      </trkpt>
      <trkpt lat="47.4270300" lon="10.1800623">
        <ele>1528.1528320</ele>
        <time>2007-09-23T13:53:38Z</time>
      </trkpt>
      <trkpt lat="47.4270449" lon="10.1800443">
        <ele>1526.7109375</ele>
        <time>2007-09-23T13:53:45Z</time>
      </trkpt>
      <trkpt lat="47.4270636" lon="10.1800321">
        <ele>1525.7495117</ele>
        <time>2007-09-23T13:53:50Z</time>
      </trkpt>
      <trkpt lat="47.4271030" lon="10.1800334">
        <ele>1524.3076172</ele>
        <time>2007-09-23T13:53:55Z</time>
      </trkpt>
      <trkpt lat="47.4271209" lon="10.1800563">
        <ele>1524.7883301</ele>
        <time>2007-09-23T13:54:02Z</time>
      </trkpt>
      <trkpt lat="47.4271174" lon="10.1800210">
        <ele>1523.3464355</ele>
        <time>2007-09-23T13:54:09Z</time>
      </trkpt>
      <trkpt lat="47.4271255" lon="10.1799709">
        <ele>1520.9431152</ele>
        <time>2007-09-23T13:54:17Z</time>
      </trkpt>
      <trkpt lat="47.4271428" lon="10.1799216">
        <ele>1519.0205078</ele>
        <time>2007-09-23T13:54:27Z</time>
      </trkpt>
      <trkpt lat="47.4271520" lon="10.1798984">
        <ele>1518.0590820</ele>
        <time>2007-09-23T13:54:34Z</time>
      </trkpt>
      <trkpt lat="47.4271854" lon="10.1798704">
        <ele>1515.6557617</ele>
        <time>2007-09-23T13:54:43Z</time>
      </trkpt>
      <trkpt lat="47.4272156" lon="10.1797668">
        <ele>1513.7329102</ele>
        <time>2007-09-23T13:54:53Z</time>
      </trkpt>
      <trkpt lat="47.4272428" lon="10.1796417">
        <ele>1511.3298340</ele>
        <time>2007-09-23T13:55:04Z</time>
      </trkpt>
      <trkpt lat="47.4272567" lon="10.1795124">
        <ele>1508.9265137</ele>
        <time>2007-09-23T13:55:15Z</time>
      </trkpt>
      <trkpt lat="47.4272477" lon="10.1794689">
        <ele>1509.4072266</ele>
        <time>2007-09-23T13:55:22Z</time>
      </trkpt>
      <trkpt lat="47.4272431" lon="10.1794254">
        <ele>1507.9653320</ele>
        <time>2007-09-23T13:55:29Z</time>
      </trkpt>
      <trkpt lat="47.4272189" lon="10.1793814">
        <ele>1507.0039063</ele>
        <time>2007-09-23T13:55:37Z</time>
      </trkpt>
      <trkpt lat="47.4272296" lon="10.1793190">
        <ele>1506.0424805</ele>
        <time>2007-09-23T13:55:45Z</time>
      </trkpt>
      <trkpt lat="47.4272474" lon="10.1792493">
        <ele>1504.6005859</ele>
        <time>2007-09-23T13:55:54Z</time>
      </trkpt>
      <trkpt lat="47.4272749" lon="10.1791865">
        <ele>1502.1972656</ele>
        <time>2007-09-23T13:56:03Z</time>
      </trkpt>
      <trkpt lat="47.4272845" lon="10.1790974">
        <ele>1502.1972656</ele>
        <time>2007-09-23T13:56:10Z</time>
      </trkpt>
      <trkpt lat="47.4272527" lon="10.1790419">
        <ele>1500.2749023</ele>
        <time>2007-09-23T13:56:17Z</time>
      </trkpt>
      <trkpt lat="47.4272517" lon="10.1789509">
        <ele>1498.8325195</ele>
        <time>2007-09-23T13:56:25Z</time>
      </trkpt>
      <trkpt lat="47.4272733" lon="10.1788944">
        <ele>1496.9099121</ele>
        <time>2007-09-23T13:56:33Z</time>
      </trkpt>
      <trkpt lat="47.4273137" lon="10.1788106">
        <ele>1495.4680176</ele>
        <time>2007-09-23T13:56:41Z</time>
      </trkpt>
      <trkpt lat="47.4272789" lon="10.1787621">
        <ele>1494.0261230</ele>
        <time>2007-09-23T13:56:49Z</time>
      </trkpt>
      <trkpt lat="47.4272565" lon="10.1787131">
        <ele>1493.5454102</ele>
        <time>2007-09-23T13:56:57Z</time>
      </trkpt>
      <trkpt lat="47.4272374" lon="10.1786837">
        <ele>1492.1035156</ele>
        <time>2007-09-23T13:57:05Z</time>
      </trkpt>
      <trkpt lat="47.4272484" lon="10.1786120">
        <ele>1490.1809082</ele>
        <time>2007-09-23T13:57:14Z</time>
      </trkpt>
      <trkpt lat="47.4272635" lon="10.1785441">
        <ele>1488.2583008</ele>
        <time>2007-09-23T13:57:22Z</time>
      </trkpt>
      <trkpt lat="47.4272718" lon="10.1784723">
        <ele>1487.2968750</ele>
        <time>2007-09-23T13:57:31Z</time>
      </trkpt>
      <trkpt lat="47.4273023" lon="10.1784607">
        <ele>1485.8549805</ele>
        <time>2007-09-23T13:57:39Z</time>
      </trkpt>
      <trkpt lat="47.4273251" lon="10.1784101">
        <ele>1484.8937988</ele>
        <time>2007-09-23T13:57:47Z</time>
      </trkpt>
      <trkpt lat="47.4273457" lon="10.1783363">
        <ele>1482.4902344</ele>
        <time>2007-09-23T13:57:57Z</time>
      </trkpt>
      <trkpt lat="47.4273779" lon="10.1783298">
        <ele>1483.4514160</ele>
        <time>2007-09-23T13:58:04Z</time>
      </trkpt>
      <trkpt lat="47.4274111" lon="10.1783002">
        <ele>1482.0095215</ele>
        <time>2007-09-23T13:58:11Z</time>
      </trkpt>
      <trkpt lat="47.4274364" lon="10.1782690">
        <ele>1480.0869141</ele>
        <time>2007-09-23T13:58:19Z</time>
      </trkpt>
      <trkpt lat="47.4274727" lon="10.1782867">
        <ele>1479.6062012</ele>
        <time>2007-09-23T13:58:27Z</time>
      </trkpt>
      <trkpt lat="47.4275142" lon="10.1782820">
        <ele>1477.6835938</ele>
        <time>2007-09-23T13:58:36Z</time>
      </trkpt>
      <trkpt lat="47.4275347" lon="10.1782505">
        <ele>1477.2031250</ele>
        <time>2007-09-23T13:58:43Z</time>
      </trkpt>
      <trkpt lat="47.4275622" lon="10.1782022">
        <ele>1476.2416992</ele>
        <time>2007-09-23T13:58:53Z</time>
      </trkpt>
      <trkpt lat="47.4275769" lon="10.1782239">
        <ele>1474.7998047</ele>
        <time>2007-09-23T13:59:00Z</time>
      </trkpt>
      <trkpt lat="47.4275996" lon="10.1782594">
        <ele>1474.3190918</ele>
        <time>2007-09-23T13:59:07Z</time>
      </trkpt>
      <trkpt lat="47.4276209" lon="10.1782272">
        <ele>1472.8771973</ele>
        <time>2007-09-23T13:59:14Z</time>
      </trkpt>
      <trkpt lat="47.4276566" lon="10.1782428">
        <ele>1470.4738770</ele>
        <time>2007-09-23T13:59:22Z</time>
      </trkpt>
      <trkpt lat="47.4276766" lon="10.1782550">
        <ele>1469.5126953</ele>
        <time>2007-09-23T13:59:29Z</time>
      </trkpt>
      <trkpt lat="47.4276919" lon="10.1782158">
        <ele>1468.5512695</ele>
        <time>2007-09-23T13:59:37Z</time>
      </trkpt>
      <trkpt lat="47.4277193" lon="10.1782416">
        <ele>1468.0705566</ele>
        <time>2007-09-23T13:59:43Z</time>
      </trkpt>
      <trkpt lat="47.4277534" lon="10.1782671">
        <ele>1467.1091309</ele>
        <time>2007-09-23T13:59:50Z</time>
      </trkpt>
      <trkpt lat="47.4277757" lon="10.1782723">
        <ele>1464.7058105</ele>
        <time>2007-09-23T13:59:57Z</time>
      </trkpt>
      <trkpt lat="47.4277903" lon="10.1781785">
        <ele>1462.7832031</ele>
        <time>2007-09-23T14:00:06Z</time>
      </trkpt>
      <trkpt lat="47.4278305" lon="10.1780799">
        <ele>1460.8605957</ele>
        <time>2007-09-23T14:00:17Z</time>
      </trkpt>
      <trkpt lat="47.4278293" lon="10.1780164">
        <ele>1458.9379883</ele>
        <time>2007-09-23T14:00:26Z</time>
      </trkpt>
      <trkpt lat="47.4278628" lon="10.1779744">
        <ele>1457.4960938</ele>
        <time>2007-09-23T14:00:33Z</time>
      </trkpt>
      <trkpt lat="47.4278877" lon="10.1779242">
        <ele>1456.0539551</ele>
        <time>2007-09-23T14:00:40Z</time>
      </trkpt>
      <trkpt lat="47.4278856" lon="10.1778810">
        <ele>1454.6120605</ele>
        <time>2007-09-23T14:00:46Z</time>
      </trkpt>
      <trkpt lat="47.4278948" lon="10.1778335">
        <ele>1453.1701660</ele>
        <time>2007-09-23T14:00:53Z</time>
      </trkpt>
      <trkpt lat="47.4279082" lon="10.1777921">
        <ele>1451.7280273</ele>
        <time>2007-09-23T14:00:57Z</time>
      </trkpt>
      <trkpt lat="47.4279130" lon="10.1777360">
        <ele>1449.8054199</ele>
        <time>2007-09-23T14:01:01Z</time>
      </trkpt>
      <trkpt lat="47.4278978" lon="10.1776439">
        <ele>1448.8439941</ele>
        <time>2007-09-23T14:01:08Z</time>
      </trkpt>
      <trkpt lat="47.4278778" lon="10.1775185">
        <ele>1446.9213867</ele>
        <time>2007-09-23T14:01:20Z</time>
      </trkpt>
      <trkpt lat="47.4278531" lon="10.1774285">
        <ele>1444.9987793</ele>
        <time>2007-09-23T14:01:28Z</time>
      </trkpt>
      <trkpt lat="47.4278728" lon="10.1773145">
        <ele>1443.0761719</ele>
        <time>2007-09-23T14:01:36Z</time>
      </trkpt>
      <trkpt lat="47.4278804" lon="10.1771773">
        <ele>1440.1923828</ele>
        <time>2007-09-23T14:01:47Z</time>
      </trkpt>
      <trkpt lat="47.4278799" lon="10.1771691">
        <ele>1439.7116699</ele>
        <time>2007-09-23T14:01:48Z</time>
      </trkpt>
      <trkpt lat="47.4278837" lon="10.1771157">
        <ele>1438.2697754</ele>
        <time>2007-09-23T14:01:55Z</time>
      </trkpt>
      <trkpt lat="47.4278754" lon="10.1770698">
        <ele>1436.8276367</ele>
        <time>2007-09-23T14:02:02Z</time>
      </trkpt>
      <trkpt lat="47.4278595" lon="10.1770254">
        <ele>1435.3854980</ele>
        <time>2007-09-23T14:02:06Z</time>
      </trkpt>
      <trkpt lat="47.4278203" lon="10.1769147">
        <ele>1433.9436035</ele>
        <time>2007-09-23T14:02:14Z</time>
      </trkpt>
      <trkpt lat="47.4278152" lon="10.1768399">
        <ele>1433.4628906</ele>
        <time>2007-09-23T14:02:20Z</time>
      </trkpt>
      <trkpt lat="47.4278171" lon="10.1768240">
        <ele>1432.9821777</ele>
        <time>2007-09-23T14:02:21Z</time>
      </trkpt>
      <trkpt lat="47.4278380" lon="10.1767533">
        <ele>1431.5402832</ele>
        <time>2007-09-23T14:02:25Z</time>
      </trkpt>
      <trkpt lat="47.4278619" lon="10.1767531">
        <ele>1431.0598145</ele>
        <time>2007-09-23T14:02:27Z</time>
      </trkpt>
      <trkpt lat="47.4279170" lon="10.1768166">
        <ele>1428.6564941</ele>
        <time>2007-09-23T14:02:34Z</time>
      </trkpt>
      <trkpt lat="47.4279596" lon="10.1768628">
        <ele>1426.7338867</ele>
        <time>2007-09-23T14:02:39Z</time>
      </trkpt>
      <trkpt lat="47.4280154" lon="10.1769167">
        <ele>1424.8112793</ele>
        <time>2007-09-23T14:02:45Z</time>
      </trkpt>
      <trkpt lat="47.4280893" lon="10.1769058">
        <ele>1423.3693848</ele>
        <time>2007-09-23T14:02:52Z</time>
      </trkpt>
      <trkpt lat="47.4282104" lon="10.1769291">
        <ele>1420.9660645</ele>
        <time>2007-09-23T14:03:02Z</time>
      </trkpt>
      <trkpt lat="47.4282848" lon="10.1769365">
        <ele>1419.5239258</ele>
        <time>2007-09-23T14:03:09Z</time>
      </trkpt>
      <trkpt lat="47.4283248" lon="10.1769237">
        <ele>1417.6010742</ele>
        <time>2007-09-23T14:03:15Z</time>
      </trkpt>
      <trkpt lat="47.4283490" lon="10.1769046">
        <ele>1417.1206055</ele>
        <time>2007-09-23T14:03:21Z</time>
      </trkpt>
      <trkpt lat="47.4283812" lon="10.1769027">
        <ele>1415.6787109</ele>
        <time>2007-09-23T14:03:26Z</time>
      </trkpt>
      <trkpt lat="47.4283927" lon="10.1768952">
        <ele>1414.7172852</ele>
        <time>2007-09-23T14:03:29Z</time>
      </trkpt>
      <trkpt lat="47.4283809" lon="10.1768308">
        <ele>1413.2753906</ele>
        <time>2007-09-23T14:03:33Z</time>
      </trkpt>
      <trkpt lat="47.4283628" lon="10.1767639">
        <ele>1412.7946777</ele>
        <time>2007-09-23T14:03:38Z</time>
      </trkpt>
      <trkpt lat="47.4283446" lon="10.1767089">
        <ele>1411.8334961</ele>
        <time>2007-09-23T14:03:42Z</time>
      </trkpt>
      <trkpt lat="47.4283602" lon="10.1765831">
        <ele>1409.4301758</ele>
        <time>2007-09-23T14:03:49Z</time>
      </trkpt>
      <trkpt lat="47.4283221" lon="10.1764448">
        <ele>1408.9494629</ele>
        <time>2007-09-23T14:03:56Z</time>
      </trkpt>
      <trkpt lat="47.4283348" lon="10.1763184">
        <ele>1406.5461426</ele>
        <time>2007-09-23T14:04:02Z</time>
      </trkpt>
      <trkpt lat="47.4283613" lon="10.1762552">
        <ele>1406.5461426</ele>
        <time>2007-09-23T14:04:05Z</time>
      </trkpt>
      <trkpt lat="47.4283786" lon="10.1761180">
        <ele>1405.1042480</ele>
        <time>2007-09-23T14:04:14Z</time>
      </trkpt>
      <trkpt lat="47.4284060" lon="10.1760936">
        <ele>1403.6621094</ele>
        <time>2007-09-23T14:04:18Z</time>
      </trkpt>
      <trkpt lat="47.4283763" lon="10.1760393">
        <ele>1401.2587891</ele>
        <time>2007-09-23T14:04:25Z</time>
      </trkpt>
      <trkpt lat="47.4283609" lon="10.1759670">
        <ele>1399.8168945</ele>
        <time>2007-09-23T14:04:29Z</time>
      </trkpt>
      <trkpt lat="47.4283719" lon="10.1759323">
        <ele>1398.8554688</ele>
        <time>2007-09-23T14:04:32Z</time>
      </trkpt>
      <trkpt lat="47.4284280" lon="10.1759583">
        <ele>1398.3747559</ele>
        <time>2007-09-23T14:04:37Z</time>
      </trkpt>
      <trkpt lat="47.4284595" lon="10.1759800">
        <ele>1398.8554688</ele>
        <time>2007-09-23T14:04:40Z</time>
      </trkpt>
      <trkpt lat="47.4285678" lon="10.1760441">
        <ele>1398.3747559</ele>
        <time>2007-09-23T14:04:48Z</time>
      </trkpt>
      <trkpt lat="47.4286569" lon="10.1761076">
        <ele>1396.9328613</ele>
        <time>2007-09-23T14:04:56Z</time>
      </trkpt>
      <trkpt lat="47.4287419" lon="10.1761711">
        <ele>1394.5295410</ele>
        <time>2007-09-23T14:05:04Z</time>
      </trkpt>
      <trkpt lat="47.4288331" lon="10.1762287">
        <ele>1392.6071777</ele>
        <time>2007-09-23T14:05:13Z</time>
      </trkpt>
      <trkpt lat="47.4288461" lon="10.1762434">
        <ele>1391.1650391</ele>
        <time>2007-09-23T14:05:15Z</time>
      </trkpt>
      <trkpt lat="47.4288217" lon="10.1761302">
        <ele>1389.7231445</ele>
        <time>2007-09-23T14:05:24Z</time>
      </trkpt>
      <trkpt lat="47.4288216" lon="10.1760910">
        <ele>1388.7619629</ele>
        <time>2007-09-23T14:05:28Z</time>
      </trkpt>
      <trkpt lat="47.4288398" lon="10.1760499">
        <ele>1387.8002930</ele>
        <time>2007-09-23T14:05:31Z</time>
      </trkpt>
      <trkpt lat="47.4288321" lon="10.1759248">
        <ele>1385.3969727</ele>
        <time>2007-09-23T14:05:38Z</time>
      </trkpt>
      <trkpt lat="47.4288425" lon="10.1758879">
        <ele>1384.9165039</ele>
        <time>2007-09-23T14:05:41Z</time>
      </trkpt>
      <trkpt lat="47.4288749" lon="10.1758950">
        <ele>1383.9550781</ele>
        <time>2007-09-23T14:05:44Z</time>
      </trkpt>
      <trkpt lat="47.4289755" lon="10.1760179">
        <ele>1381.5517578</ele>
        <time>2007-09-23T14:05:54Z</time>
      </trkpt>
      <trkpt lat="47.4290245" lon="10.1760910">
        <ele>1378.1872559</ele>
        <time>2007-09-23T14:06:02Z</time>
      </trkpt>
      <trkpt lat="47.4291105" lon="10.1761068">
        <ele>1375.7839355</ele>
        <time>2007-09-23T14:06:11Z</time>
      </trkpt>
      <trkpt lat="47.4291170" lon="10.1761355">
        <ele>1374.8227539</ele>
        <time>2007-09-23T14:06:20Z</time>
      </trkpt>
      <trkpt lat="47.4291988" lon="10.1762775">
        <ele>1373.3808594</ele>
        <time>2007-09-23T14:06:29Z</time>
      </trkpt>
      <trkpt lat="47.4292527" lon="10.1764370">
        <ele>1372.9001465</ele>
        <time>2007-09-23T14:06:38Z</time>
      </trkpt>
      <trkpt lat="47.4293173" lon="10.1764702">
        <ele>1371.4577637</ele>
        <time>2007-09-23T14:06:42Z</time>
      </trkpt>
      <trkpt lat="47.4294443" lon="10.1765038">
        <ele>1370.0158691</ele>
        <time>2007-09-23T14:06:50Z</time>
      </trkpt>
      <trkpt lat="47.4295645" lon="10.1765369">
        <ele>1367.1320801</ele>
        <time>2007-09-23T14:06:58Z</time>
      </trkpt>
      <trkpt lat="47.4296862" lon="10.1765562">
        <ele>1363.7673340</ele>
        <time>2007-09-23T14:07:07Z</time>
      </trkpt>
      <trkpt lat="47.4297925" lon="10.1765441">
        <ele>1362.8061523</ele>
        <time>2007-09-23T14:07:15Z</time>
      </trkpt>
      <trkpt lat="47.4298696" lon="10.1763930">
        <ele>1360.4028320</ele>
        <time>2007-09-23T14:07:24Z</time>
      </trkpt>
      <trkpt lat="47.4299059" lon="10.1762168">
        <ele>1357.9997559</ele>
        <time>2007-09-23T14:07:33Z</time>
      </trkpt>
      <trkpt lat="47.4299488" lon="10.1759530">
        <ele>1356.5576172</ele>
        <time>2007-09-23T14:07:45Z</time>
      </trkpt>
      <trkpt lat="47.4300297" lon="10.1758024">
        <ele>1355.5961914</ele>
        <time>2007-09-23T14:07:54Z</time>
      </trkpt>
      <trkpt lat="47.4302022" lon="10.1757877">
        <ele>1353.6735840</ele>
        <time>2007-09-23T14:08:05Z</time>
      </trkpt>
      <trkpt lat="47.4302757" lon="10.1757681">
        <ele>1353.1928711</ele>
        <time>2007-09-23T14:08:10Z</time>
      </trkpt>
      <trkpt lat="47.4303035" lon="10.1758328">
        <ele>1352.7121582</ele>
        <time>2007-09-23T14:08:16Z</time>
      </trkpt>
      <trkpt lat="47.4303172" lon="10.1758308">
        <ele>1352.7121582</ele>
        <time>2007-09-23T14:08:30Z</time>
      </trkpt>
      <trkpt lat="47.4303470" lon="10.1757145">
        <ele>1351.7509766</ele>
        <time>2007-09-23T14:08:36Z</time>
      </trkpt>
      <trkpt lat="47.4304258" lon="10.1755527">
        <ele>1351.2702637</ele>
        <time>2007-09-23T14:08:45Z</time>
      </trkpt>
      <trkpt lat="47.4305280" lon="10.1753493">
        <ele>1348.8669434</ele>
        <time>2007-09-23T14:08:56Z</time>
      </trkpt>
      <trkpt lat="47.4306270" lon="10.1751471">
        <ele>1346.4638672</ele>
        <time>2007-09-23T14:09:07Z</time>
      </trkpt>
      <trkpt lat="47.4307704" lon="10.1749741">
        <ele>1345.5024414</ele>
        <time>2007-09-23T14:09:19Z</time>
      </trkpt>
      <trkpt lat="47.4308807" lon="10.1748745">
        <ele>1347.9057617</ele>
        <time>2007-09-23T14:09:28Z</time>
      </trkpt>
      <trkpt lat="47.4309915" lon="10.1747969">
        <ele>1348.8669434</ele>
        <time>2007-09-23T14:09:38Z</time>
      </trkpt>
      <trkpt lat="47.4311030" lon="10.1747555">
        <ele>1350.3090820</ele>
        <time>2007-09-23T14:09:47Z</time>
      </trkpt>
      <trkpt lat="47.4312424" lon="10.1747808">
        <ele>1351.7509766</ele>
        <time>2007-09-23T14:09:57Z</time>
      </trkpt>
      <trkpt lat="47.4313826" lon="10.1748259">
        <ele>1353.1928711</ele>
        <time>2007-09-23T14:10:08Z</time>
      </trkpt>
      <trkpt lat="47.4314527" lon="10.1748716">
        <ele>1353.6735840</ele>
        <time>2007-09-23T14:10:15Z</time>
      </trkpt>
      <trkpt lat="47.4314975" lon="10.1749172">
        <ele>1354.6347656</ele>
        <time>2007-09-23T14:10:20Z</time>
      </trkpt>
      <trkpt lat="47.4316023" lon="10.1749950">
        <ele>1356.0769043</ele>
        <time>2007-09-23T14:10:29Z</time>
      </trkpt>
      <trkpt lat="47.4316992" lon="10.1751119">
        <ele>1357.0383301</ele>
        <time>2007-09-23T14:10:38Z</time>
      </trkpt>
      <trkpt lat="47.4318038" lon="10.1753008">
        <ele>1358.9609375</ele>
        <time>2007-09-23T14:10:50Z</time>
      </trkpt>
      <trkpt lat="47.4319188" lon="10.1755033">
        <ele>1360.4028320</ele>
        <time>2007-09-23T14:11:03Z</time>
      </trkpt>
      <trkpt lat="47.4320226" lon="10.1756285">
        <ele>1361.3642578</ele>
        <time>2007-09-23T14:11:13Z</time>
      </trkpt>
      <trkpt lat="47.4320593" lon="10.1757002">
        <ele>1361.8449707</ele>
        <time>2007-09-23T14:11:17Z</time>
      </trkpt>
      <trkpt lat="47.4321819" lon="10.1758836">
        <ele>1362.8061523</ele>
        <time>2007-09-23T14:11:31Z</time>
      </trkpt>
      <trkpt lat="47.4322410" lon="10.1759359">
        <ele>1363.7673340</ele>
        <time>2007-09-23T14:11:37Z</time>
      </trkpt>
      <trkpt lat="47.4323457" lon="10.1759812">
        <ele>1363.7673340</ele>
        <time>2007-09-23T14:11:46Z</time>
      </trkpt>
      <trkpt lat="47.4324565" lon="10.1760272">
        <ele>1363.7673340</ele>
        <time>2007-09-23T14:11:55Z</time>
      </trkpt>
      <trkpt lat="47.4325684" lon="10.1760437">
        <ele>1363.2868652</ele>
        <time>2007-09-23T14:12:02Z</time>
      </trkpt>
      <trkpt lat="47.4326775" lon="10.1760654">
        <ele>1363.7673340</ele>
        <time>2007-09-23T14:12:10Z</time>
      </trkpt>
      <trkpt lat="47.4327956" lon="10.1761116">
        <ele>1364.7287598</ele>
        <time>2007-09-23T14:12:18Z</time>
      </trkpt>
      <trkpt lat="47.4328964" lon="10.1761239">
        <ele>1365.2094727</ele>
        <time>2007-09-23T14:12:26Z</time>
      </trkpt>
      <trkpt lat="47.4330577" lon="10.1761387">
        <ele>1366.1706543</ele>
        <time>2007-09-23T14:12:37Z</time>
      </trkpt>
      <trkpt lat="47.4331976" lon="10.1761302">
        <ele>1367.6125488</ele>
        <time>2007-09-23T14:12:47Z</time>
      </trkpt>
      <trkpt lat="47.4333574" lon="10.1760823">
        <ele>1368.5739746</ele>
        <time>2007-09-23T14:12:59Z</time>
      </trkpt>
      <trkpt lat="47.4335174" lon="10.1760042">
        <ele>1369.0546875</ele>
        <time>2007-09-23T14:13:11Z</time>
      </trkpt>
      <trkpt lat="47.4336366" lon="10.1759289">
        <ele>1370.9772949</ele>
        <time>2007-09-23T14:13:21Z</time>
      </trkpt>
      <trkpt lat="47.4337831" lon="10.1758768">
        <ele>1372.4194336</ele>
        <time>2007-09-23T14:13:33Z</time>
      </trkpt>
      <trkpt lat="47.4339039" lon="10.1758038">
        <ele>1373.8613281</ele>
        <time>2007-09-23T14:13:43Z</time>
      </trkpt>
      <trkpt lat="47.4340119" lon="10.1756836">
        <ele>1375.7839355</ele>
        <time>2007-09-23T14:13:53Z</time>
      </trkpt>
      <trkpt lat="47.4340902" lon="10.1755749">
        <ele>1375.7839355</ele>
        <time>2007-09-23T14:14:02Z</time>
      </trkpt>
      <trkpt lat="47.4341805" lon="10.1754476">
        <ele>1377.7065430</ele>
        <time>2007-09-23T14:14:13Z</time>
      </trkpt>
      <trkpt lat="47.4342747" lon="10.1753141">
        <ele>1378.6679688</ele>
        <time>2007-09-23T14:14:23Z</time>
      </trkpt>
      <trkpt lat="47.4343528" lon="10.1751993">
        <ele>1379.6291504</ele>
        <time>2007-09-23T14:14:32Z</time>
      </trkpt>
      <trkpt lat="47.4344326" lon="10.1750777">
        <ele>1380.1098633</ele>
        <time>2007-09-23T14:14:41Z</time>
      </trkpt>
      <trkpt lat="47.4345572" lon="10.1749043">
        <ele>1380.5905762</ele>
        <time>2007-09-23T14:14:53Z</time>
      </trkpt>
      <trkpt lat="47.4346882" lon="10.1746971">
        <ele>1381.0712891</ele>
        <time>2007-09-23T14:15:06Z</time>
      </trkpt>
      <trkpt lat="47.4347518" lon="10.1744328">
        <ele>1380.5905762</ele>
        <time>2007-09-23T14:15:19Z</time>
      </trkpt>
      <trkpt lat="47.4347667" lon="10.1743663">
        <ele>1381.0712891</ele>
        <time>2007-09-23T14:15:27Z</time>
      </trkpt>
      <trkpt lat="47.4347829" lon="10.1743778">
        <ele>1381.5517578</ele>
        <time>2007-09-23T14:15:46Z</time>
      </trkpt>
      <trkpt lat="47.4347872" lon="10.1743739">
        <ele>1381.0712891</ele>
        <time>2007-09-23T14:15:55Z</time>
      </trkpt>
      <trkpt lat="47.4348014" lon="10.1741686">
        <ele>1383.4743652</ele>
        <time>2007-09-23T14:16:06Z</time>
      </trkpt>
      <trkpt lat="47.4347901" lon="10.1740037">
        <ele>1384.9165039</ele>
        <time>2007-09-23T14:16:15Z</time>
      </trkpt>
      <trkpt lat="47.4348019" lon="10.1737939">
        <ele>1386.3583984</ele>
        <time>2007-09-23T14:16:26Z</time>
      </trkpt>
      <trkpt lat="47.4348425" lon="10.1735568">
        <ele>1389.2424316</ele>
        <time>2007-09-23T14:16:38Z</time>
      </trkpt>
      <trkpt lat="47.4349118" lon="10.1733875">
        <ele>1392.1264648</ele>
        <time>2007-09-23T14:16:49Z</time>
      </trkpt>
      <trkpt lat="47.4349750" lon="10.1732564">
        <ele>1393.5683594</ele>
        <time>2007-09-23T14:16:57Z</time>
      </trkpt>
      <trkpt lat="47.4350311" lon="10.1732427">
        <ele>1394.0490723</ele>
        <time>2007-09-23T14:17:01Z</time>
      </trkpt>
      <trkpt lat="47.4351616" lon="10.1732567">
        <ele>1395.4909668</ele>
        <time>2007-09-23T14:17:11Z</time>
      </trkpt>
      <trkpt lat="47.4353190" lon="10.1732755">
        <ele>1397.4135742</ele>
        <time>2007-09-23T14:17:23Z</time>
      </trkpt>
      <trkpt lat="47.4354796" lon="10.1732708">
        <ele>1399.3361816</ele>
        <time>2007-09-23T14:17:35Z</time>
      </trkpt>
      <trkpt lat="47.4354913" lon="10.1732684">
        <ele>1399.8168945</ele>
        <time>2007-09-23T14:17:36Z</time>
      </trkpt>
      <trkpt lat="47.4356698" lon="10.1732673">
        <ele>1401.2587891</ele>
        <time>2007-09-23T14:17:49Z</time>
      </trkpt>
      <trkpt lat="47.4358065" lon="10.1732668">
        <ele>1401.7395020</ele>
        <time>2007-09-23T14:17:59Z</time>
      </trkpt>
      <trkpt lat="47.4359271" lon="10.1733002">
        <ele>1402.2199707</ele>
        <time>2007-09-23T14:18:08Z</time>
      </trkpt>
      <trkpt lat="47.4360665" lon="10.1733251">
        <ele>1403.1813965</ele>
        <time>2007-09-23T14:18:19Z</time>
      </trkpt>
      <trkpt lat="47.4361901" lon="10.1733647">
        <ele>1403.6621094</ele>
        <time>2007-09-23T14:18:28Z</time>
      </trkpt>
      <trkpt lat="47.4363446" lon="10.1734103">
        <ele>1404.1430664</ele>
        <time>2007-09-23T14:18:39Z</time>
      </trkpt>
      <trkpt lat="47.4364640" lon="10.1734215">
        <ele>1404.6235352</ele>
        <time>2007-09-23T14:18:48Z</time>
      </trkpt>
      <trkpt lat="47.4366104" lon="10.1734989">
        <ele>1404.6235352</ele>
        <time>2007-09-23T14:18:58Z</time>
      </trkpt>
      <trkpt lat="47.4366854" lon="10.1735258">
        <ele>1404.6235352</ele>
        <time>2007-09-23T14:19:05Z</time>
      </trkpt>
      <trkpt lat="47.4368068" lon="10.1735697">
        <ele>1404.1430664</ele>
        <time>2007-09-23T14:19:13Z</time>
      </trkpt>
      <trkpt lat="47.4369021" lon="10.1736475">
        <ele>1404.6235352</ele>
        <time>2007-09-23T14:19:21Z</time>
      </trkpt>
      <trkpt lat="47.4369959" lon="10.1737261">
        <ele>1405.1042480</ele>
        <time>2007-09-23T14:19:28Z</time>
      </trkpt>
      <trkpt lat="47.4370874" lon="10.1737915">
        <ele>1405.1042480</ele>
        <time>2007-09-23T14:19:35Z</time>
      </trkpt>
      <trkpt lat="47.4372362" lon="10.1738091">
        <ele>1405.5849609</ele>
        <time>2007-09-23T14:19:43Z</time>
      </trkpt>
      <trkpt lat="47.4373984" lon="10.1738550">
        <ele>1405.5849609</ele>
        <time>2007-09-23T14:19:52Z</time>
      </trkpt>
      <trkpt lat="47.4374982" lon="10.1740187">
        <ele>1405.5849609</ele>
        <time>2007-09-23T14:20:01Z</time>
      </trkpt>
      <trkpt lat="47.4375521" lon="10.1742000">
        <ele>1406.5461426</ele>
        <time>2007-09-23T14:20:10Z</time>
      </trkpt>
      <trkpt lat="47.4376002" lon="10.1743861">
        <ele>1407.0268555</ele>
        <time>2007-09-23T14:20:19Z</time>
      </trkpt>
      <trkpt lat="47.4376667" lon="10.1745788">
        <ele>1407.5075684</ele>
        <time>2007-09-23T14:20:29Z</time>
      </trkpt>
      <trkpt lat="47.4377729" lon="10.1746807">
        <ele>1407.5075684</ele>
        <time>2007-09-23T14:20:39Z</time>
      </trkpt>
    </trkseg>
  </trk>

</gpx>
