<?xml version="1.0" encoding="UTF-8" standalone="no" ?>
<gpx xmlns="http://www.topografix.com/GPX/1/1" creator="MapSource 6.16.3" version="1.1" xmlns:xsi="http://www.w3.org/2001/XMLSchema-instance" xsi:schemaLocation="http://www.topografix.com/GPX/1/1 http://www.topografix.com/GPX/1/1/gpx.xsd">

  <metadata>
    <link href="http://www.garmin.com">
      <text>Garmin International</text>
    </link>
    <time>2013-05-31T21:07:26Z</time>
    <bounds maxlat="47.584290867671371" maxlon="14.852690175175667" minlat="47.573179733008146" minlon="14.836590634658933"/>
  </metadata>

  <trk>
    <name>20070819_-_Seemauer</name>
    <extensions>
      <gpxx:TrackExtension xmlns:gpxx="http://www.garmin.com/xmlschemas/GpxExtensions/v3">
        <gpxx:DisplayColor>Transparent</gpxx:DisplayColor>
      </gpxx:TrackExtension>
    </extensions>
    <trkseg>
      <trkpt lat="47.573301438242197" lon="14.852690175175667">
        <ele>624.51367189999996</ele>
        <time>2007-08-19T04:09:18Z</time>
      </trkpt>
      <trkpt lat="47.573326332494617" lon="14.852689085528255">
        <ele>624.99438480000003</ele>
        <time>2007-08-19T04:09:35Z</time>
      </trkpt>
      <trkpt lat="47.57339053787291" lon="14.852492697536945">
        <ele>624.03295900000001</ele>
        <time>2007-08-19T04:09:47Z</time>
      </trkpt>
      <trkpt lat="47.573457760736346" lon="14.852270493283868">
        <ele>624.51367189999996</ele>
        <time>2007-08-19T04:10:00Z</time>
      </trkpt>
      <trkpt lat="47.573531521484256" lon="14.85209858044982">
        <ele>624.99438480000003</ele>
        <time>2007-08-19T04:10:12Z</time>
      </trkpt>
      <trkpt lat="47.573607629165053" lon="14.852022472769022">
        <ele>624.03295900000001</ele>
        <time>2007-08-19T04:10:21Z</time>
      </trkpt>
      <trkpt lat="47.573659596964717" lon="14.851988693699241">
        <ele>623.55249019999997</ele>
        <time>2007-08-19T04:10:26Z</time>
      </trkpt>
      <trkpt lat="47.573708966374397" lon="14.851966062560678">
        <ele>623.07177730000001</ele>
        <time>2007-08-19T04:10:30Z</time>
      </trkpt>
      <trkpt lat="47.573862439021468" lon="14.851880986243486">
        <ele>622.11035159999994</ele>
        <time>2007-08-19T04:10:42Z</time>
      </trkpt>
      <trkpt lat="47.573916921392083" lon="14.851831365376711">
        <ele>621.62963869999999</ele>
        <time>2007-08-19T04:10:48Z</time>
      </trkpt>
      <trkpt lat="47.574015995487571" lon="14.851720975711942">
        <ele>620.18774410000003</ele>
        <time>2007-08-19T04:10:59Z</time>
      </trkpt>
      <trkpt lat="47.574072238057852" lon="14.85162659548223">
        <ele>619.70703130000004</ele>
        <time>2007-08-19T04:11:06Z</time>
      </trkpt>
      <trkpt lat="47.574161840602756" lon="14.851496675983071">
        <ele>618.74560550000001</ele>
        <time>2007-08-19T04:11:14Z</time>
      </trkpt>
      <trkpt lat="47.574264518916607" lon="14.851427525281906">
        <ele>618.26489260000005</ele>
        <time>2007-08-19T04:11:22Z</time>
      </trkpt>
      <trkpt lat="47.574403071776032" lon="14.851332977414131">
        <ele>617.78417969999998</ele>
        <time>2007-08-19T04:11:30Z</time>
      </trkpt>
      <trkpt lat="47.574554029852152" lon="14.851323338225484">
        <ele>618.26489260000005</ele>
        <time>2007-08-19T04:11:41Z</time>
      </trkpt>
      <trkpt lat="47.574712028726935" lon="14.85130506567657">
        <ele>618.26489260000005</ele>
        <time>2007-08-19T04:11:53Z</time>
      </trkpt>
      <trkpt lat="47.574781263247132" lon="14.851346891373396">
        <ele>618.74560550000001</ele>
        <time>2007-08-19T04:11:59Z</time>
      </trkpt>
      <trkpt lat="47.574916463345289" lon="14.851395171135664">
        <ele>619.22631839999997</ele>
        <time>2007-08-19T04:12:09Z</time>
      </trkpt>
      <trkpt lat="47.574963988736272" lon="14.851344795897603">
        <ele>619.22631839999997</ele>
        <time>2007-08-19T04:12:18Z</time>
      </trkpt>
      <trkpt lat="47.57498586550355" lon="14.851243458688259">
        <ele>619.70703130000004</ele>
        <time>2007-08-19T04:12:26Z</time>
      </trkpt>
      <trkpt lat="47.5749780703336" lon="14.851028798148036">
        <ele>622.59106450000002</ele>
        <time>2007-08-19T04:12:49Z</time>
      </trkpt>
      <trkpt lat="47.574984859675169" lon="14.850925365462899">
        <ele>623.55249019999997</ele>
        <time>2007-08-19T04:12:57Z</time>
      </trkpt>
      <trkpt lat="47.574980836361647" lon="14.850867530331016">
        <ele>623.55249019999997</ele>
        <time>2007-08-19T04:13:01Z</time>
      </trkpt>
      <trkpt lat="47.57502886466682" lon="14.850660497322679">
        <ele>624.51367189999996</ele>
        <time>2007-08-19T04:13:12Z</time>
      </trkpt>
      <trkpt lat="47.575067337602377" lon="14.850545329973102">
        <ele>624.99438480000003</ele>
        <time>2007-08-19T04:13:19Z</time>
      </trkpt>
      <trkpt lat="47.575091477483511" lon="14.85047928057611">
        <ele>624.99438480000003</ele>
        <time>2007-08-19T04:13:23Z</time>
      </trkpt>
      <trkpt lat="47.575208740308881" lon="14.850341565907001">
        <ele>625.95556639999995</ele>
        <time>2007-08-19T04:13:35Z</time>
      </trkpt>
      <trkpt lat="47.575337737798691" lon="14.850263027474284">
        <ele>626.43627930000002</ele>
        <time>2007-08-19T04:13:47Z</time>
      </trkpt>
      <trkpt lat="47.575422562658787" lon="14.850212065503001">
        <ele>628.35888669999997</ele>
        <time>2007-08-19T04:13:56Z</time>
      </trkpt>
      <trkpt lat="47.575460029765964" lon="14.850191026926041">
        <ele>628.83959960000004</ele>
        <time>2007-08-19T04:14:01Z</time>
      </trkpt>
      <trkpt lat="47.575515517964959" lon="14.850153140723705">
        <ele>629.32006839999997</ele>
        <time>2007-08-19T04:14:07Z</time>
      </trkpt>
      <trkpt lat="47.575612664222717" lon="14.850078038871288">
        <ele>629.80078130000004</ele>
        <time>2007-08-19T04:14:18Z</time>
      </trkpt>
      <trkpt lat="47.575677121058106" lon="14.850000673905015">
        <ele>631.72338869999999</ele>
        <time>2007-08-19T04:14:27Z</time>
      </trkpt>
      <trkpt lat="47.575743421912193" lon="14.849888272583485">
        <ele>632.68481450000002</ele>
        <time>2007-08-19T04:14:38Z</time>
      </trkpt>
      <trkpt lat="47.575799077749252" lon="14.849839741364121">
        <ele>633.64599610000005</ele>
        <time>2007-08-19T04:14:42Z</time>
      </trkpt>
      <trkpt lat="47.575841322541237" lon="14.849801184609532">
        <ele>634.12670900000001</ele>
        <time>2007-08-19T04:14:48Z</time>
      </trkpt>
      <trkpt lat="47.575880466029048" lon="14.849769668653607">
        <ele>634.12670900000001</ele>
        <time>2007-08-19T04:14:54Z</time>
      </trkpt>
      <trkpt lat="47.575920028612018" lon="14.849741170182824">
        <ele>634.12670900000001</ele>
        <time>2007-08-19T04:15:00Z</time>
      </trkpt>
      <trkpt lat="47.575932685285807" lon="14.849725160747766">
        <ele>634.60742189999996</ele>
        <time>2007-08-19T04:15:12Z</time>
      </trkpt>
      <trkpt lat="47.575999740511179" lon="14.849603036418557">
        <ele>636.04956049999998</ele>
        <time>2007-08-19T04:15:23Z</time>
      </trkpt>
      <trkpt lat="47.576057324185967" lon="14.849485522136092">
        <ele>637.01074219999998</ele>
        <time>2007-08-19T04:15:34Z</time>
      </trkpt>
      <trkpt lat="47.576131084933877" lon="14.849382173269987">
        <ele>638.93359380000004</ele>
        <time>2007-08-19T04:15:44Z</time>
      </trkpt>
      <trkpt lat="47.576198726892471" lon="14.8492865357548">
        <ele>639.4140625</ele>
        <time>2007-08-19T04:15:54Z</time>
      </trkpt>
      <trkpt lat="47.576247258111835" lon="14.849278992041945">
        <ele>638.93359380000004</ele>
        <time>2007-08-19T04:16:03Z</time>
      </trkpt>
      <trkpt lat="47.576293274760246" lon="14.849282260984182">
        <ele>640.85595699999999</ele>
        <time>2007-08-19T04:16:11Z</time>
      </trkpt>
      <trkpt lat="47.576285982504487" lon="14.849341940134764">
        <ele>642.29809569999998</ele>
        <time>2007-08-19T04:16:18Z</time>
      </trkpt>
      <trkpt lat="47.576312469318509" lon="14.849373791366816">
        <ele>643.73999019999997</ele>
        <time>2007-08-19T04:16:26Z</time>
      </trkpt>
      <trkpt lat="47.576346583664417" lon="14.849411677569151">
        <ele>644.22070310000004</ele>
        <time>2007-08-19T04:16:34Z</time>
      </trkpt>
      <trkpt lat="47.576378267258406" lon="14.849421232938766">
        <ele>645.18188480000003</ele>
        <time>2007-08-19T04:16:40Z</time>
      </trkpt>
      <trkpt lat="47.576404167339206" lon="14.84943799674511">
        <ele>646.62402340000006</ele>
        <time>2007-08-19T04:16:47Z</time>
      </trkpt>
      <trkpt lat="47.576443562284112" lon="14.849410923197865">
        <ele>647.58520510000005</ele>
        <time>2007-08-19T04:16:55Z</time>
      </trkpt>
      <trkpt lat="47.576483879238367" lon="14.849403463304043">
        <ele>649.02709960000004</ele>
        <time>2007-08-19T04:17:05Z</time>
      </trkpt>
      <trkpt lat="47.576536936685443" lon="14.849373959004879">
        <ele>650.46923830000003</ele>
        <time>2007-08-19T04:17:13Z</time>
      </trkpt>
      <trkpt lat="47.576596280559897" lon="14.849334564059973">
        <ele>651.91113280000002</ele>
        <time>2007-08-19T04:17:23Z</time>
      </trkpt>
      <trkpt lat="47.576621761545539" lon="14.849306819960475">
        <ele>652.87255860000005</ele>
        <time>2007-08-19T04:17:40Z</time>
      </trkpt>
      <trkpt lat="47.57663156837225" lon="14.849330876022577">
        <ele>652.39184569999998</ele>
        <time>2007-08-19T04:18:12Z</time>
      </trkpt>
      <trkpt lat="47.576593765988946" lon="14.849319895729423">
        <ele>653.83398439999996</ele>
        <time>2007-08-19T04:18:54Z</time>
      </trkpt>
      <trkpt lat="47.57665453478694" lon="14.849387118592858">
        <ele>655.75659180000002</ele>
        <time>2007-08-19T04:19:04Z</time>
      </trkpt>
      <trkpt lat="47.576698958873749" lon="14.849401535466313">
        <ele>656.23706049999998</ele>
        <time>2007-08-19T04:19:12Z</time>
      </trkpt>
      <trkpt lat="47.576746316626668" lon="14.849417880177498">
        <ele>659.12109380000004</ele>
        <time>2007-08-19T04:19:23Z</time>
      </trkpt>
      <trkpt lat="47.576794680207968" lon="14.84943363815546">
        <ele>660.56298830000003</ele>
        <time>2007-08-19T04:19:32Z</time>
      </trkpt>
      <trkpt lat="47.576854862272739" lon="14.849532125517726">
        <ele>662.00512700000002</ele>
        <time>2007-08-19T04:19:46Z</time>
      </trkpt>
      <trkpt lat="47.57686517201364" lon="14.84957043081522">
        <ele>662.96630860000005</ele>
        <time>2007-08-19T04:19:54Z</time>
      </trkpt>
      <trkpt lat="47.576865674927831" lon="14.849609239026904">
        <ele>663.92749019999997</ele>
        <time>2007-08-19T04:20:03Z</time>
      </trkpt>
      <trkpt lat="47.57687103934586" lon="14.849627763032913">
        <ele>666.81152340000006</ele>
        <time>2007-08-19T04:20:11Z</time>
      </trkpt>
      <trkpt lat="47.576884366571903" lon="14.84967939555645">
        <ele>668.25366210000004</ele>
        <time>2007-08-19T04:20:25Z</time>
      </trkpt>
      <trkpt lat="47.576943375170231" lon="14.849707894027233">
        <ele>671.13769530000002</ele>
        <time>2007-08-19T04:20:46Z</time>
      </trkpt>
      <trkpt lat="47.577007496729493" lon="14.8498201277107">
        <ele>672.57958980000001</ele>
        <time>2007-08-19T04:20:59Z</time>
      </trkpt>
      <trkpt lat="47.576984027400613" lon="14.849854493513703">
        <ele>674.02148439999996</ele>
        <time>2007-08-19T04:21:07Z</time>
      </trkpt>
      <trkpt lat="47.576936334371567" lon="14.849824318662286">
        <ele>676.90551760000005</ele>
        <time>2007-08-19T04:21:24Z</time>
      </trkpt>
      <trkpt lat="47.576951589435339" lon="14.849931271746755">
        <ele>678.34741210000004</ele>
        <time>2007-08-19T04:21:37Z</time>
      </trkpt>
      <trkpt lat="47.576973717659712" lon="14.849966140463948">
        <ele>680.27001949999999</ele>
        <time>2007-08-19T04:21:47Z</time>
      </trkpt>
      <trkpt lat="47.576973885297775" lon="14.849984999746084">
        <ele>680.75073239999995</ele>
        <time>2007-08-19T04:21:57Z</time>
      </trkpt>
      <trkpt lat="47.577100535854697" lon="14.850092539563775">
        <ele>683.15380860000005</ele>
        <time>2007-08-19T04:23:06Z</time>
      </trkpt>
      <trkpt lat="47.577071618288755" lon="14.850119277834892">
        <ele>685.07690430000002</ele>
        <time>2007-08-19T04:23:14Z</time>
      </trkpt>
      <trkpt lat="47.577016716822982" lon="14.850167641416192">
        <ele>686.99926760000005</ele>
        <time>2007-08-19T04:23:22Z</time>
      </trkpt>
      <trkpt lat="47.577125262469053" lon="14.85012891702354">
        <ele>688.44140630000004</ele>
        <time>2007-08-19T04:23:39Z</time>
      </trkpt>
      <trkpt lat="47.577172620221972" lon="14.850101759657264">
        <ele>689.40258789999996</ele>
        <time>2007-08-19T04:23:48Z</time>
      </trkpt>
      <trkpt lat="47.577184522524476" lon="14.850080721080303">
        <ele>691.32519530000002</ele>
        <time>2007-08-19T04:23:55Z</time>
      </trkpt>
      <trkpt lat="47.577205058187246" lon="14.850034788250923">
        <ele>693.24780269999997</ele>
        <time>2007-08-19T04:24:12Z</time>
      </trkpt>
      <trkpt lat="47.577234394848347" lon="14.85002975910902">
        <ele>693.72851560000004</ele>
        <time>2007-08-19T04:24:21Z</time>
      </trkpt>
      <trkpt lat="47.577283680438995" lon="14.850015928968787">
        <ele>695.17041019999999</ele>
        <time>2007-08-19T04:24:33Z</time>
      </trkpt>
      <trkpt lat="47.577293571084738" lon="14.850070159882307">
        <ele>697.09301760000005</ele>
        <time>2007-08-19T04:24:42Z</time>
      </trkpt>
      <trkpt lat="47.577304383739829" lon="14.850135035812855">
        <ele>698.05444339999997</ele>
        <time>2007-08-19T04:24:50Z</time>
      </trkpt>
      <trkpt lat="47.577273538336158" lon="14.850206784904003">
        <ele>698.05444339999997</ele>
        <time>2007-08-19T04:24:58Z</time>
      </trkpt>
      <trkpt lat="47.577293235808611" lon="14.850294375792146">
        <ele>699.97705080000003</ele>
        <time>2007-08-19T04:25:08Z</time>
      </trkpt>
      <trkpt lat="47.577316034585238" lon="14.850366963073611">
        <ele>701.41918950000002</ele>
        <time>2007-08-19T04:25:15Z</time>
      </trkpt>
      <trkpt lat="47.577324165031314" lon="14.850419936701655">
        <ele>701.89990230000001</ele>
        <time>2007-08-19T04:25:23Z</time>
      </trkpt>
      <trkpt lat="47.577299270778894" lon="14.850476766005158">
        <ele>701.89990230000001</ele>
        <time>2007-08-19T04:25:30Z</time>
      </trkpt>
      <trkpt lat="47.577197765931487" lon="14.850503336638212">
        <ele>705.26440430000002</ele>
        <time>2007-08-19T04:25:44Z</time>
      </trkpt>
      <trkpt lat="47.577295666560531" lon="14.850639877840877">
        <ele>706.70629880000001</ele>
        <time>2007-08-19T04:25:56Z</time>
      </trkpt>
      <trkpt lat="47.577349562197924" lon="14.850694863125682">
        <ele>708.1484375</ele>
        <time>2007-08-19T04:26:08Z</time>
      </trkpt>
      <trkpt lat="47.577317291870713" lon="14.850572487339377">
        <ele>711.03222659999994</ele>
        <time>2007-08-19T04:26:25Z</time>
      </trkpt>
      <trkpt lat="47.577336737886071" lon="14.850535439327359">
        <ele>711.51293950000002</ele>
        <time>2007-08-19T04:26:32Z</time>
      </trkpt>
      <trkpt lat="47.577347969636321" lon="14.850604087114334">
        <ele>714.87744139999995</ele>
        <time>2007-08-19T04:26:55Z</time>
      </trkpt>
      <trkpt lat="47.577396584674716" lon="14.850571481510997">
        <ele>716.31958010000005</ele>
        <time>2007-08-19T04:27:05Z</time>
      </trkpt>
      <trkpt lat="47.577440924942493" lon="14.850554885342717">
        <ele>716.80029300000001</ele>
        <time>2007-08-19T04:27:14Z</time>
      </trkpt>
      <trkpt lat="47.577476380392909" lon="14.850538037717342">
        <ele>719.20361330000003</ele>
        <time>2007-08-19T04:27:24Z</time>
      </trkpt>
      <trkpt lat="47.577512171119452" lon="14.850603165104985">
        <ele>720.16479489999995</ele>
        <time>2007-08-19T04:27:33Z</time>
      </trkpt>
      <trkpt lat="47.577536981552839" lon="14.850653540343046">
        <ele>720.64550780000002</ele>
        <time>2007-08-19T04:27:40Z</time>
      </trkpt>
      <trkpt lat="47.57754142396152" lon="14.85072017647326">
        <ele>721.60668950000002</ele>
        <time>2007-08-19T04:27:46Z</time>
      </trkpt>
      <trkpt lat="47.577559277415276" lon="14.850817741826177">
        <ele>723.04882810000004</ele>
        <time>2007-08-19T04:27:55Z</time>
      </trkpt>
      <trkpt lat="47.577591463923454" lon="14.850802570581436">
        <ele>723.52954099999999</ele>
        <time>2007-08-19T04:28:03Z</time>
      </trkpt>
      <trkpt lat="47.577621219679713" lon="14.850779436528683">
        <ele>725.45190430000002</ele>
        <time>2007-08-19T04:28:14Z</time>
      </trkpt>
      <trkpt lat="47.577629685401917" lon="14.850788991898298">
        <ele>726.41333010000005</ele>
        <time>2007-08-19T04:28:21Z</time>
      </trkpt>
      <trkpt lat="47.577651059255004" lon="14.850759571418166">
        <ele>726.89404300000001</ele>
        <time>2007-08-19T04:28:30Z</time>
      </trkpt>
      <trkpt lat="47.577691124752164" lon="14.850723780691624">
        <ele>728.81665039999996</ele>
        <time>2007-08-19T04:28:41Z</time>
      </trkpt>
      <trkpt lat="47.577729430049658" lon="14.850699473172426">
        <ele>729.29711910000003</ele>
        <time>2007-08-19T04:28:49Z</time>
      </trkpt>
      <trkpt lat="47.577763460576534" lon="14.850681535899639">
        <ele>730.73925780000002</ele>
        <time>2007-08-19T04:28:57Z</time>
      </trkpt>
      <trkpt lat="47.577797072008252" lon="14.850658234208822">
        <ele>732.18139650000001</ele>
        <time>2007-08-19T04:29:05Z</time>
      </trkpt>
      <trkpt lat="47.577840238809586" lon="14.850664436817169">
        <ele>732.66210939999996</ele>
        <time>2007-08-19T04:29:13Z</time>
      </trkpt>
      <trkpt lat="47.577870665118098" lon="14.850670220330358">
        <ele>734.58471680000002</ele>
        <time>2007-08-19T04:29:21Z</time>
      </trkpt>
      <trkpt lat="47.577894637361169" lon="14.850685894489288">
        <ele>735.06542969999998</ele>
        <time>2007-08-19T04:29:28Z</time>
      </trkpt>
      <trkpt lat="47.577931685373187" lon="14.850687319412827">
        <ele>736.50732419999997</ele>
        <time>2007-08-19T04:29:38Z</time>
      </trkpt>
      <trkpt lat="47.577947778627276" lon="14.850676339119673">
        <ele>737.46850589999997</ele>
        <time>2007-08-19T04:29:46Z</time>
      </trkpt>
      <trkpt lat="47.577952723950148" lon="14.850634932518005">
        <ele>738.91064449999999</ele>
        <time>2007-08-19T04:29:56Z</time>
      </trkpt>
      <trkpt lat="47.577951131388545" lon="14.850594280287623">
        <ele>738.42993160000003</ele>
        <time>2007-08-19T04:30:02Z</time>
      </trkpt>
      <trkpt lat="47.577919028699398" lon="14.850564189255238">
        <ele>739.39111330000003</ele>
        <time>2007-08-19T04:30:10Z</time>
      </trkpt>
      <trkpt lat="47.577904695644975" lon="14.850528063252568">
        <ele>739.87182619999999</ele>
        <time>2007-08-19T04:30:20Z</time>
      </trkpt>
      <trkpt lat="47.577884998172522" lon="14.850449524819851">
        <ele>741.79443360000005</ele>
        <time>2007-08-19T04:30:30Z</time>
      </trkpt>
      <trkpt lat="47.577904192730784" lon="14.850580617785454">
        <ele>749.00439449999999</ele>
        <time>2007-08-19T04:59:49Z</time>
      </trkpt>
      <trkpt lat="47.577917017042637" lon="14.850574163720012">
        <ele>750.44653319999998</ele>
        <time>2007-08-19T04:59:59Z</time>
      </trkpt>
      <trkpt lat="47.57791668176651" lon="14.850575169548392">
        <ele>751.40771480000001</ele>
        <time>2007-08-19T05:00:12Z</time>
      </trkpt>
      <trkpt lat="47.577922716736794" lon="14.85056628473103">
        <ele>752.84960939999996</ele>
        <time>2007-08-19T05:00:26Z</time>
      </trkpt>
      <trkpt lat="47.577933864668012" lon="14.850547593086958">
        <ele>754.77221680000002</ele>
        <time>2007-08-19T05:00:37Z</time>
      </trkpt>
      <trkpt lat="47.577976863831282" lon="14.850481292232871">
        <ele>801.87695310000004</ele>
        <time>2007-08-19T05:17:48Z</time>
      </trkpt>
      <trkpt lat="47.578013492748141" lon="14.850423121824861">
        <ele>802.83813480000003</ele>
        <time>2007-08-19T05:17:54Z</time>
      </trkpt>
      <trkpt lat="47.578034782782197" lon="14.850384565070271">
        <ele>802.83813480000003</ele>
        <time>2007-08-19T05:18:04Z</time>
      </trkpt>
      <trkpt lat="47.578052971512079" lon="14.850328825414181">
        <ele>804.76074219999998</ele>
        <time>2007-08-19T05:18:11Z</time>
      </trkpt>
      <trkpt lat="47.578078620135784" lon="14.850265122950077">
        <ele>805.24145510000005</ele>
        <time>2007-08-19T05:18:18Z</time>
      </trkpt>
      <trkpt lat="47.578101418912411" lon="14.85026772134006">
        <ele>805.24145510000005</ele>
        <time>2007-08-19T05:18:48Z</time>
      </trkpt>
      <trkpt lat="47.578126899898052" lon="14.850244168192148">
        <ele>805.72216800000001</ele>
        <time>2007-08-19T05:19:02Z</time>
      </trkpt>
      <trkpt lat="47.578153135254979" lon="14.850192619487643">
        <ele>806.68334960000004</ele>
        <time>2007-08-19T05:19:08Z</time>
      </trkpt>
      <trkpt lat="47.578208288177848" lon="14.850151296705008">
        <ele>809.56738280000002</ele>
        <time>2007-08-19T05:19:17Z</time>
      </trkpt>
      <trkpt lat="47.578246174380183" lon="14.85015045851469">
        <ele>810.52856450000002</ele>
        <time>2007-08-19T05:19:26Z</time>
      </trkpt>
      <trkpt lat="47.578267464414239" lon="14.850133527070284">
        <ele>812.45141599999999</ele>
        <time>2007-08-19T05:19:34Z</time>
      </trkpt>
      <trkpt lat="47.578272158280015" lon="14.850176777690649">
        <ele>814.37402340000006</ele>
        <time>2007-08-19T05:19:40Z</time>
      </trkpt>
      <trkpt lat="47.578254975378513" lon="14.850211059674621">
        <ele>815.81616210000004</ele>
        <time>2007-08-19T05:19:48Z</time>
      </trkpt>
      <trkpt lat="47.578249359503388" lon="14.850242575630546">
        <ele>816.29663089999997</ele>
        <time>2007-08-19T05:19:57Z</time>
      </trkpt>
      <trkpt lat="47.578257992863655" lon="14.850242072716355">
        <ele>817.73852539999996</ele>
        <time>2007-08-19T05:20:05Z</time>
      </trkpt>
      <trkpt lat="47.578278528526425" lon="14.85022371634841">
        <ele>820.14184569999998</ele>
        <time>2007-08-19T05:20:13Z</time>
      </trkpt>
      <trkpt lat="47.578306775540113" lon="14.850192116573453">
        <ele>820.62255860000005</ele>
        <time>2007-08-19T05:20:22Z</time>
      </trkpt>
      <trkpt lat="47.578303338959813" lon="14.85017828643322">
        <ele>820.62255860000005</ele>
        <time>2007-08-19T05:20:37Z</time>
      </trkpt>
      <trkpt lat="47.578314989805222" lon="14.85015582293272">
        <ele>821.10327150000001</ele>
        <time>2007-08-19T05:20:45Z</time>
      </trkpt>
      <trkpt lat="47.578327478840947" lon="14.850140316411853">
        <ele>823.02587889999995</ele>
        <time>2007-08-19T05:20:51Z</time>
      </trkpt>
      <trkpt lat="47.578335274010897" lon="14.850120870396495">
        <ele>823.98706049999998</ele>
        <time>2007-08-19T05:21:24Z</time>
      </trkpt>
      <trkpt lat="47.578337788581848" lon="14.850119277834892">
        <ele>823.98706049999998</ele>
        <time>2007-08-19T05:21:25Z</time>
      </trkpt>
      <trkpt lat="47.578347763046622" lon="14.850112237036228">
        <ele>824.46777340000006</ele>
        <time>2007-08-19T05:21:36Z</time>
      </trkpt>
      <trkpt lat="47.578366035595536" lon="14.850092539563775">
        <ele>825.90966800000001</ele>
        <time>2007-08-19T05:21:47Z</time>
      </trkpt>
      <trkpt lat="47.578385733067989" lon="14.850085666403174">
        <ele>827.35180660000003</ele>
        <time>2007-08-19T05:22:08Z</time>
      </trkpt>
      <trkpt lat="47.578392941504717" lon="14.850058341398835">
        <ele>828.79394530000002</ele>
        <time>2007-08-19T05:22:18Z</time>
      </trkpt>
      <trkpt lat="47.578399479389191" lon="14.850034788250923">
        <ele>829.75512700000002</ele>
        <time>2007-08-19T05:22:27Z</time>
      </trkpt>
      <trkpt lat="47.578410292044282" lon="14.850010061636567">
        <ele>830.71655269999997</ele>
        <time>2007-08-19T05:22:34Z</time>
      </trkpt>
      <trkpt lat="47.578379698097706" lon="14.849937558174133">
        <ele>831.19726560000004</ele>
        <time>2007-08-19T05:22:45Z</time>
      </trkpt>
      <trkpt lat="47.578385397791862" lon="14.849939737468958">
        <ele>832.63916019999999</ele>
        <time>2007-08-19T05:22:52Z</time>
      </trkpt>
      <trkpt lat="47.578396461904049" lon="14.849949795752764">
        <ele>833.60034180000002</ele>
        <time>2007-08-19T05:22:56Z</time>
      </trkpt>
      <trkpt lat="47.578413560986519" lon="14.849949879571795">
        <ele>834.08105469999998</ele>
        <time>2007-08-19T05:23:04Z</time>
      </trkpt>
      <trkpt lat="47.578425295650959" lon="14.849939988926053">
        <ele>835.52294919999997</ele>
        <time>2007-08-19T05:23:14Z</time>
      </trkpt>
      <trkpt lat="47.578436192125082" lon="14.849931271746755">
        <ele>836.484375</ele>
        <time>2007-08-19T05:23:21Z</time>
      </trkpt>
      <trkpt lat="47.578447088599205" lon="14.84990025870502">
        <ele>837.44555660000003</ele>
        <time>2007-08-19T05:23:30Z</time>
      </trkpt>
      <trkpt lat="47.578458320349455" lon="14.849878633394837">
        <ele>837.92626949999999</ele>
        <time>2007-08-19T05:23:41Z</time>
      </trkpt>
      <trkpt lat="47.578474162146449" lon="14.849856840446591">
        <ele>839.36816409999994</ele>
        <time>2007-08-19T05:23:53Z</time>
      </trkpt>
      <trkpt lat="47.57849276997149" lon="14.849847368896008">
        <ele>840.32958980000001</ele>
        <time>2007-08-19T05:24:17Z</time>
      </trkpt>
      <trkpt lat="47.578504085540771" lon="14.849859019741416">
        <ele>840.81005860000005</ele>
        <time>2007-08-19T05:24:23Z</time>
      </trkpt>
      <trkpt lat="47.578502492979169" lon="14.849869580939412">
        <ele>840.81005860000005</ele>
        <time>2007-08-19T05:24:40Z</time>
      </trkpt>
      <trkpt lat="47.578516574576497" lon="14.84984552487731">
        <ele>841.29077150000001</ele>
        <time>2007-08-19T05:24:47Z</time>
      </trkpt>
      <trkpt lat="47.578509785234928" lon="14.849877962842584">
        <ele>842.25219730000003</ele>
        <time>2007-08-19T05:25:10Z</time>
      </trkpt>
      <trkpt lat="47.578523196280003" lon="14.849856169894338">
        <ele>844.17504880000001</ele>
        <time>2007-08-19T05:25:18Z</time>
      </trkpt>
      <trkpt lat="47.578525459393859" lon="14.849816523492336">
        <ele>845.13623050000001</ele>
        <time>2007-08-19T05:25:25Z</time>
      </trkpt>
      <trkpt lat="47.578539624810219" lon="14.849816523492336">
        <ele>846.09765630000004</ele>
        <time>2007-08-19T05:25:31Z</time>
      </trkpt>
      <trkpt lat="47.578553538769484" lon="14.849852062761784">
        <ele>848.02026369999999</ele>
        <time>2007-08-19T05:25:40Z</time>
      </trkpt>
      <trkpt lat="47.578568290919065" lon="14.849894978106022">
        <ele>848.50073239999995</ele>
        <time>2007-08-19T05:25:48Z</time>
      </trkpt>
      <trkpt lat="47.578568123281002" lon="14.849964380264282">
        <ele>848.98144530000002</ele>
        <time>2007-08-19T05:25:57Z</time>
      </trkpt>
      <trkpt lat="47.578571978956461" lon="14.850025484338403">
        <ele>849.94287110000005</ele>
        <time>2007-08-19T05:26:08Z</time>
      </trkpt>
      <trkpt lat="47.578569464385509" lon="14.850057335570455">
        <ele>850.42358400000001</ele>
        <time>2007-08-19T05:26:16Z</time>
      </trkpt>
      <trkpt lat="47.578557981178164" lon="14.850108716636896">
        <ele>852.82666019999999</ele>
        <time>2007-08-19T05:26:25Z</time>
      </trkpt>
      <trkpt lat="47.578553287312388" lon="14.850162360817194">
        <ele>853.78808590000006</ele>
        <time>2007-08-19T05:26:32Z</time>
      </trkpt>
      <trkpt lat="47.578554879873991" lon="14.850199241191149">
        <ele>854.74926760000005</ele>
        <time>2007-08-19T05:26:40Z</time>
      </trkpt>
      <trkpt lat="47.578560160472989" lon="14.850233858451247">
        <ele>855.71069339999997</ele>
        <time>2007-08-19T05:26:47Z</time>
      </trkpt>
      <trkpt lat="47.578566195443273" lon="14.850271241739392">
        <ele>857.63330080000003</ele>
        <time>2007-08-19T05:26:54Z</time>
      </trkpt>
      <trkpt lat="47.578570134937763" lon="14.850342236459255">
        <ele>858.59448239999995</ele>
        <time>2007-08-19T05:27:04Z</time>
      </trkpt>
      <trkpt lat="47.578576086089015" lon="14.850410465151072">
        <ele>859.07519530000002</ele>
        <time>2007-08-19T05:27:13Z</time>
      </trkpt>
      <trkpt lat="47.578593185171485" lon="14.850452039390802">
        <ele>861.95947269999999</ele>
        <time>2007-08-19T05:27:21Z</time>
      </trkpt>
      <trkpt lat="47.578600561246276" lon="14.850503671914339">
        <ele>862.43994139999995</ele>
        <time>2007-08-19T05:27:29Z</time>
      </trkpt>
      <trkpt lat="47.578614391386509" lon="14.85056477598846">
        <ele>863.88183590000006</ele>
        <time>2007-08-19T05:27:39Z</time>
      </trkpt>
      <trkpt lat="47.578633334487677" lon="14.850605260580778">
        <ele>865.32397460000004</ele>
        <time>2007-08-19T05:27:47Z</time>
      </trkpt>
      <trkpt lat="47.57861933670938" lon="14.850650439038873">
        <ele>866.28515630000004</ele>
        <time>2007-08-19T05:27:56Z</time>
      </trkpt>
      <trkpt lat="47.578627299517393" lon="14.850625293329358">
        <ele>867.72705080000003</ele>
        <time>2007-08-19T05:28:03Z</time>
      </trkpt>
      <trkpt lat="47.57864129729569" lon="14.850638033822179">
        <ele>868.68847659999994</ele>
        <time>2007-08-19T05:28:09Z</time>
      </trkpt>
      <trkpt lat="47.578665688633919" lon="14.850628562271595">
        <ele>869.64990230000001</ele>
        <time>2007-08-19T05:28:21Z</time>
      </trkpt>
      <trkpt lat="47.578687816858292" lon="14.850622024387121">
        <ele>870.13037110000005</ele>
        <time>2007-08-19T05:28:29Z</time>
      </trkpt>
      <trkpt lat="47.578699216246605" lon="14.850588077679276">
        <ele>870.61108400000001</ele>
        <time>2007-08-19T05:28:57Z</time>
      </trkpt>
      <trkpt lat="47.578702066093683" lon="14.850581120699644">
        <ele>871.09179689999996</ele>
        <time>2007-08-19T05:29:07Z</time>
      </trkpt>
      <trkpt lat="47.578717488795519" lon="14.850590340793133">
        <ele>870.61108400000001</ele>
        <time>2007-08-19T05:30:44Z</time>
      </trkpt>
      <trkpt lat="47.578709777444601" lon="14.850576426833868">
        <ele>871.09179689999996</ele>
        <time>2007-08-19T05:33:30Z</time>
      </trkpt>
      <trkpt lat="47.578688990324736" lon="14.850525297224522">
        <ele>872.05297849999999</ele>
        <time>2007-08-19T05:35:26Z</time>
      </trkpt>
      <trkpt lat="47.578700222074986" lon="14.850504761561751">
        <ele>872.53369139999995</ele>
        <time>2007-08-19T05:35:33Z</time>
      </trkpt>
      <trkpt lat="47.578753279522061" lon="14.850468635559082">
        <ele>873.97558590000006</ele>
        <time>2007-08-19T05:35:44Z</time>
      </trkpt>
      <trkpt lat="47.578799463808537" lon="14.850489841774106">
        <ele>874.45629880000001</ele>
        <time>2007-08-19T05:35:54Z</time>
      </trkpt>
      <trkpt lat="47.578817987814546" lon="14.850481376051903">
        <ele>874.93701169999997</ele>
        <time>2007-08-19T05:36:01Z</time>
      </trkpt>
      <trkpt lat="47.57880013436079" lon="14.850461762398481">
        <ele>876.37915039999996</ele>
        <time>2007-08-19T05:36:10Z</time>
      </trkpt>
      <trkpt lat="47.57881429977715" lon="14.850453464314342">
        <ele>877.34057619999999</ele>
        <time>2007-08-19T05:36:17Z</time>
      </trkpt>
      <trkpt lat="47.57883676327765" lon="14.850437873974442">
        <ele>878.78247069999998</ele>
        <time>2007-08-19T05:36:24Z</time>
      </trkpt>
      <trkpt lat="47.578842295333743" lon="14.850422870367765">
        <ele>879.74365230000001</ele>
        <time>2007-08-19T05:36:30Z</time>
      </trkpt>
      <trkpt lat="47.57884556427598" lon="14.850421193987131">
        <ele>880.70507810000004</ele>
        <time>2007-08-19T05:36:38Z</time>
      </trkpt>
      <trkpt lat="47.578820334747434" lon="14.850402334704995">
        <ele>882.14697269999999</ele>
        <time>2007-08-19T05:36:46Z</time>
      </trkpt>
      <trkpt lat="47.57881379686296" lon="14.850388672202826">
        <ele>882.14697269999999</ele>
        <time>2007-08-19T05:36:57Z</time>
      </trkpt>
      <trkpt lat="47.578842882066965" lon="14.850357994437218">
        <ele>883.10815430000002</ele>
        <time>2007-08-19T05:37:06Z</time>
      </trkpt>
      <trkpt lat="47.578852185979486" lon="14.850344164296985">
        <ele>884.06958010000005</ele>
        <time>2007-08-19T05:37:14Z</time>
      </trkpt>
      <trkpt lat="47.578858640044928" lon="14.850338464602828">
        <ele>884.55029300000001</ele>
        <time>2007-08-19T05:37:21Z</time>
      </trkpt>
      <trkpt lat="47.578857885673642" lon="14.850328490138054">
        <ele>885.03100589999997</ele>
        <time>2007-08-19T05:37:28Z</time>
      </trkpt>
      <trkpt lat="47.578872386366129" lon="14.850358162075281">
        <ele>887.43408199999999</ele>
        <time>2007-08-19T05:37:37Z</time>
      </trkpt>
      <trkpt lat="47.578890072181821" lon="14.850414488464594">
        <ele>887.91479489999995</ele>
        <time>2007-08-19T05:37:46Z</time>
      </trkpt>
      <trkpt lat="47.57891982793808" lon="14.850410129874945">
        <ele>888.39550780000002</ele>
        <time>2007-08-19T05:37:54Z</time>
      </trkpt>
      <trkpt lat="47.578967940062284" lon="14.850392527878284">
        <ele>890.31811519999997</ele>
        <time>2007-08-19T05:38:03Z</time>
      </trkpt>
      <trkpt lat="47.579003563150764" lon="14.850380038842559">
        <ele>890.79858400000001</ele>
        <time>2007-08-19T05:38:10Z</time>
      </trkpt>
      <trkpt lat="47.5789481587708" lon="14.85052328556776">
        <ele>894.16357419999997</ele>
        <time>2007-08-19T05:38:29Z</time>
      </trkpt>
      <trkpt lat="47.57898579351604" lon="14.85051347874105">
        <ele>894.64404300000001</ele>
        <time>2007-08-19T05:38:37Z</time>
      </trkpt>
      <trkpt lat="47.579020075500011" lon="14.850464528426528">
        <ele>896.56689449999999</ele>
        <time>2007-08-19T05:38:44Z</time>
      </trkpt>
      <trkpt lat="47.579045640304685" lon="14.850466372445226">
        <ele>898.00878909999994</ele>
        <time>2007-08-19T05:38:51Z</time>
      </trkpt>
      <trkpt lat="47.579043125733733" lon="14.850505935028195">
        <ele>898.96997069999998</ele>
        <time>2007-08-19T05:38:58Z</time>
      </trkpt>
      <trkpt lat="47.579045975580812" lon="14.850526386871934">
        <ele>899.93139650000001</ele>
        <time>2007-08-19T05:39:07Z</time>
      </trkpt>
      <trkpt lat="47.579047316685319" lon="14.850556561723351">
        <ele>900.89257810000004</ele>
        <time>2007-08-19T05:39:13Z</time>
      </trkpt>
      <trkpt lat="47.579055363312364" lon="14.85061221756041">
        <ele>901.85400389999995</ele>
        <time>2007-08-19T05:39:22Z</time>
      </trkpt>
      <trkpt lat="47.579056536778808" lon="14.850579863414168">
        <ele>903.29589840000006</ele>
        <time>2007-08-19T05:39:30Z</time>
      </trkpt>
      <trkpt lat="47.579058883711696" lon="14.850512137636542">
        <ele>904.25732419999997</ele>
        <time>2007-08-19T05:39:38Z</time>
      </trkpt>
      <trkpt lat="47.57909475825727" lon="14.850494032725692">
        <ele>906.66040039999996</ele>
        <time>2007-08-19T05:39:54Z</time>
      </trkpt>
      <trkpt lat="47.579129878431559" lon="14.850491266697645">
        <ele>908.10278319999998</ele>
        <time>2007-08-19T05:40:03Z</time>
      </trkpt>
      <trkpt lat="47.579171285033226" lon="14.850490093231201">
        <ele>910.50585939999996</ele>
        <time>2007-08-19T05:40:11Z</time>
      </trkpt>
      <trkpt lat="47.579233897849917" lon="14.850486991927028">
        <ele>911.94799799999998</ele>
        <time>2007-08-19T05:40:29Z</time>
      </trkpt>
      <trkpt lat="47.579272538423538" lon="14.850507192313671">
        <ele>913.38989260000005</ele>
        <time>2007-08-19T05:40:37Z</time>
      </trkpt>
      <trkpt lat="47.579313274472952" lon="14.850493781268597">
        <ele>915.3125</ele>
        <time>2007-08-19T05:40:46Z</time>
      </trkpt>
      <trkpt lat="47.579295923933387" lon="14.850438628345728">
        <ele>918.19628909999994</ele>
        <time>2007-08-19T05:41:07Z</time>
      </trkpt>
      <trkpt lat="47.579216295853257" lon="14.850397976115346">
        <ele>929.73217769999997</ele>
        <time>2007-08-19T05:50:10Z</time>
      </trkpt>
      <trkpt lat="47.579194838181138" lon="14.850410297513008">
        <ele>931.17431639999995</ele>
        <time>2007-08-19T05:50:42Z</time>
      </trkpt>
      <trkpt lat="47.579225935041904" lon="14.850279539823532">
        <ele>934.05810550000001</ele>
        <time>2007-08-19T05:51:30Z</time>
      </trkpt>
      <trkpt lat="47.579214870929718" lon="14.850244838744402">
        <ele>934.53881839999997</ele>
        <time>2007-08-19T05:51:37Z</time>
      </trkpt>
      <trkpt lat="47.579224929213524" lon="14.850207874551415">
        <ele>935.98071289999996</ele>
        <time>2007-08-19T05:51:49Z</time>
      </trkpt>
      <trkpt lat="47.579224677756429" lon="14.850196223706007">
        <ele>936.94189449999999</ele>
        <time>2007-08-19T05:51:59Z</time>
      </trkpt>
      <trkpt lat="47.579232389107347" lon="14.850178370252252">
        <ele>938.38403319999998</ele>
        <time>2007-08-19T05:52:15Z</time>
      </trkpt>
      <trkpt lat="47.579239094629884" lon="14.850167138502002">
        <ele>937.90332030000002</ele>
        <time>2007-08-19T05:52:31Z</time>
      </trkpt>
      <trkpt lat="47.57923599332571" lon="14.850150123238564">
        <ele>938.86474610000005</ele>
        <time>2007-08-19T05:52:37Z</time>
      </trkpt>
      <trkpt lat="47.579243537038565" lon="14.850119780749083">
        <ele>939.82592769999997</ele>
        <time>2007-08-19T05:52:48Z</time>
      </trkpt>
      <trkpt lat="47.579236160963774" lon="14.850107962265611">
        <ele>940.30688480000003</ele>
        <time>2007-08-19T05:53:59Z</time>
      </trkpt>
      <trkpt lat="47.57923549041152" lon="14.850112237036228">
        <ele>940.78735349999999</ele>
        <time>2007-08-19T05:54:07Z</time>
      </trkpt>
      <trkpt lat="47.579230461269617" lon="14.850110141560435">
        <ele>941.74877930000002</ele>
        <time>2007-08-19T05:54:18Z</time>
      </trkpt>
      <trkpt lat="47.57924621924758" lon="14.850091869011521">
        <ele>942.22949219999998</ele>
        <time>2007-08-19T05:54:28Z</time>
      </trkpt>
      <trkpt lat="47.579254265874624" lon="14.850081726908684">
        <ele>943.67138669999997</ele>
        <time>2007-08-19T05:54:38Z</time>
      </trkpt>
      <trkpt lat="47.579264994710684" lon="14.850072925910354">
        <ele>945.11328130000004</ele>
        <time>2007-08-19T05:54:58Z</time>
      </trkpt>
      <trkpt lat="47.579271532595158" lon="14.850074518471956">
        <ele>945.11328130000004</ele>
        <time>2007-08-19T05:55:04Z</time>
      </trkpt>
      <trkpt lat="47.57927605882287" lon="14.850078374147415">
        <ele>946.55541989999995</ele>
        <time>2007-08-19T05:55:18Z</time>
      </trkpt>
      <trkpt lat="47.579273376613855" lon="14.850099328905344">
        <ele>947.99731450000002</ele>
        <time>2007-08-19T05:55:28Z</time>
      </trkpt>
      <trkpt lat="47.579272538423538" lon="14.850107375532389">
        <ele>947.99731450000002</ele>
        <time>2007-08-19T05:55:42Z</time>
      </trkpt>
      <trkpt lat="47.579276980832219" lon="14.850099831819534">
        <ele>947.99731450000002</ele>
        <time>2007-08-19T05:56:00Z</time>
      </trkpt>
      <trkpt lat="47.579277819022536" lon="14.850117182359099">
        <ele>948.47778319999998</ele>
        <time>2007-08-19T05:56:32Z</time>
      </trkpt>
      <trkpt lat="47.579284189268947" lon="14.850130258128047">
        <ele>949.43920900000001</ele>
        <time>2007-08-19T05:56:39Z</time>
      </trkpt>
      <trkpt lat="47.579291397705674" lon="14.850131180137396">
        <ele>950.88110349999999</ele>
        <time>2007-08-19T05:56:49Z</time>
      </trkpt>
      <trkpt lat="47.579296678304672" lon="14.850128833204508">
        <ele>951.36181639999995</ele>
        <time>2007-08-19T05:56:59Z</time>
      </trkpt>
      <trkpt lat="47.579303132370114" lon="14.85011869110167">
        <ele>952.32299799999998</ele>
        <time>2007-08-19T05:57:08Z</time>
      </trkpt>
      <trkpt lat="47.579306066036224" lon="14.850115841254592">
        <ele>952.32299799999998</ele>
        <time>2007-08-19T05:57:18Z</time>
      </trkpt>
      <trkpt lat="47.579301791265607" lon="14.850109135732055">
        <ele>953.76513669999997</ele>
        <time>2007-08-19T05:57:29Z</time>
      </trkpt>
      <trkpt lat="47.579307658597827" lon="14.850107375532389">
        <ele>954.24584960000004</ele>
        <time>2007-08-19T05:57:40Z</time>
      </trkpt>
      <trkpt lat="47.57932148873806" lon="14.850114919245243">
        <ele>954.72631839999997</ele>
        <time>2007-08-19T05:57:52Z</time>
      </trkpt>
      <trkpt lat="47.579323416575789" lon="14.850108297541738">
        <ele>955.20703130000004</ele>
        <time>2007-08-19T05:58:01Z</time>
      </trkpt>
      <trkpt lat="47.579335570335388" lon="14.850123217329383">
        <ele>955.68774410000003</ele>
        <time>2007-08-19T05:58:13Z</time>
      </trkpt>
      <trkpt lat="47.579322494566441" lon="14.850127240642905">
        <ele>957.61059569999998</ele>
        <time>2007-08-19T05:59:02Z</time>
      </trkpt>
      <trkpt lat="47.579318638890982" lon="14.850129336118698">
        <ele>958.09130860000005</ele>
        <time>2007-08-19T05:59:16Z</time>
      </trkpt>
      <trkpt lat="47.579345460981131" lon="14.850122630596161">
        <ele>958.09130860000005</ele>
        <time>2007-08-19T06:00:11Z</time>
      </trkpt>
      <trkpt lat="47.57935669273138" lon="14.850127575919032">
        <ele>959.05249019999997</ele>
        <time>2007-08-19T06:00:26Z</time>
      </trkpt>
      <trkpt lat="47.5793591234833" lon="14.850150877609849">
        <ele>958.57177730000001</ele>
        <time>2007-08-19T06:00:46Z</time>
      </trkpt>
      <trkpt lat="47.57934931665659" lon="14.850144339725375">
        <ele>959.53320310000004</ele>
        <time>2007-08-19T06:01:20Z</time>
      </trkpt>
      <trkpt lat="47.579348059371114" lon="14.850163534283638">
        <ele>961.45581049999998</ele>
        <time>2007-08-19T06:01:30Z</time>
      </trkpt>
      <trkpt lat="47.57935082539916" lon="14.850164540112019">
        <ele>960.97509769999999</ele>
        <time>2007-08-19T06:01:43Z</time>
      </trkpt>
      <trkpt lat="47.579359039664268" lon="14.850161774083972">
        <ele>960.97509769999999</ele>
        <time>2007-08-19T06:02:01Z</time>
      </trkpt>
      <trkpt lat="47.579366834834218" lon="14.850168479606509">
        <ele>962.89770510000005</ele>
        <time>2007-08-19T06:02:11Z</time>
      </trkpt>
      <trkpt lat="47.579377060756087" lon="14.850173173472285">
        <ele>963.37841800000001</ele>
        <time>2007-08-19T06:02:34Z</time>
      </trkpt>
      <trkpt lat="47.579381335526705" lon="14.850164875388145">
        <ele>963.85888669999997</ele>
        <time>2007-08-19T06:02:47Z</time>
      </trkpt>
      <trkpt lat="47.579382760450244" lon="14.85015238635242">
        <ele>967.22363280000002</ele>
        <time>2007-08-19T06:03:00Z</time>
      </trkpt>
      <trkpt lat="47.579384772107005" lon="14.850169736891985">
        <ele>967.70410159999994</ele>
        <time>2007-08-19T06:03:18Z</time>
      </trkpt>
      <trkpt lat="47.579376641660929" lon="14.850164037197828">
        <ele>967.70410159999994</ele>
        <time>2007-08-19T06:03:27Z</time>
      </trkpt>
      <trkpt lat="47.579375635832548" lon="14.85016948543489">
        <ele>967.70410159999994</ele>
        <time>2007-08-19T06:03:45Z</time>
      </trkpt>
      <trkpt lat="47.579379323869944" lon="14.850168228149414">
        <ele>969.14624019999997</ele>
        <time>2007-08-19T06:03:58Z</time>
      </trkpt>
      <trkpt lat="47.579380497336388" lon="14.850156828761101">
        <ele>969.62695310000004</ele>
        <time>2007-08-19T06:04:19Z</time>
      </trkpt>
      <trkpt lat="47.579382341355085" lon="14.850146770477295">
        <ele>971.06884769999999</ele>
        <time>2007-08-19T06:04:25Z</time>
      </trkpt>
      <trkpt lat="47.579394327476621" lon="14.850145261734724">
        <ele>972.03027340000006</ele>
        <time>2007-08-19T06:04:40Z</time>
      </trkpt>
      <trkpt lat="47.579389633610845" lon="14.850141741335392">
        <ele>972.99169919999997</ele>
        <time>2007-08-19T06:04:48Z</time>
      </trkpt>
      <trkpt lat="47.579391980543733" lon="14.850155739113688">
        <ele>973.47241210000004</ele>
        <time>2007-08-19T06:05:45Z</time>
      </trkpt>
      <trkpt lat="47.579395081847906" lon="14.850159594789147">
        <ele>973.95288089999997</ele>
        <time>2007-08-19T06:05:51Z</time>
      </trkpt>
      <trkpt lat="47.579396590590477" lon="14.850159762427211">
        <ele>974.91430660000003</ele>
        <time>2007-08-19T06:06:05Z</time>
      </trkpt>
      <trkpt lat="47.579395584762096" lon="14.850155236199498">
        <ele>976.35620119999999</ele>
        <time>2007-08-19T06:06:17Z</time>
      </trkpt>
      <trkpt lat="47.579388795420527" lon="14.850159930065274">
        <ele>977.79809569999998</ele>
        <time>2007-08-19T06:06:43Z</time>
      </trkpt>
      <trkpt lat="47.579382341355085" lon="14.850182561203837">
        <ele>978.27880860000005</ele>
        <time>2007-08-19T06:07:12Z</time>
      </trkpt>
      <trkpt lat="47.57938452064991" lon="14.850172838196158">
        <ele>978.75952150000001</ele>
        <time>2007-08-19T06:07:19Z</time>
      </trkpt>
      <trkpt lat="47.579387538135052" lon="14.850172838196158">
        <ele>979.72070310000004</ele>
        <time>2007-08-19T06:07:26Z</time>
      </trkpt>
      <trkpt lat="47.579383179545403" lon="14.850157164037228">
        <ele>980.68212889999995</ele>
        <time>2007-08-19T06:07:52Z</time>
      </trkpt>
      <trkpt lat="47.579387035220861" lon="14.850142830982804">
        <ele>980.68212889999995</ele>
        <time>2007-08-19T06:07:59Z</time>
      </trkpt>
      <trkpt lat="47.57941922172904" lon="14.850136041641235">
        <ele>982.60473630000001</ele>
        <time>2007-08-19T06:09:01Z</time>
      </trkpt>
      <trkpt lat="47.579410336911678" lon="14.850128497928381">
        <ele>982.60473630000001</ele>
        <time>2007-08-19T06:10:12Z</time>
      </trkpt>
      <trkpt lat="47.579429363831878" lon="14.850101424381137">
        <ele>984.52734380000004</ele>
        <time>2007-08-19T06:11:23Z</time>
      </trkpt>
      <trkpt lat="47.579432465136051" lon="14.850095473229885">
        <ele>998.46630860000005</ele>
        <time>2007-08-19T06:15:28Z</time>
      </trkpt>
      <trkpt lat="47.579452665522695" lon="14.850076027214527">
        <ele>997.98583980000001</ele>
        <time>2007-08-19T06:15:38Z</time>
      </trkpt>
      <trkpt lat="47.579473368823528" lon="14.850059263408184">
        <ele>997.50512700000002</ele>
        <time>2007-08-19T06:15:46Z</time>
      </trkpt>
      <trkpt lat="47.579492479562759" lon="14.85004736110568">
        <ele>997.50512700000002</ele>
        <time>2007-08-19T06:15:53Z</time>
      </trkpt>
      <trkpt lat="47.579502370208502" lon="14.850040068849921">
        <ele>997.50512700000002</ele>
        <time>2007-08-19T06:16:03Z</time>
      </trkpt>
      <trkpt lat="47.579512177035213" lon="14.850030764937401">
        <ele>998.46630860000005</ele>
        <time>2007-08-19T06:16:16Z</time>
      </trkpt>
      <trkpt lat="47.579517960548401" lon="14.850026993080974">
        <ele>998.94702150000001</ele>
        <time>2007-08-19T06:16:33Z</time>
      </trkpt>
      <trkpt lat="47.579520726576447" lon="14.850018862634897">
        <ele>1000.3891602</ele>
        <time>2007-08-19T06:16:44Z</time>
      </trkpt>
      <trkpt lat="47.579517792910337" lon="14.850007463246584">
        <ele>1001.3503418</ele>
        <time>2007-08-19T06:16:59Z</time>
      </trkpt>
      <trkpt lat="47.579523660242558" lon="14.849992962554097">
        <ele>1001.3503418</ele>
        <time>2007-08-19T06:17:51Z</time>
      </trkpt>
      <trkpt lat="47.579534137621522" lon="14.849994638934731">
        <ele>1001.8310547</ele>
        <time>2007-08-19T06:18:02Z</time>
      </trkpt>
      <trkpt lat="47.579533299431205" lon="14.849987681955099">
        <ele>1002.3115234000001</ele>
        <time>2007-08-19T06:18:46Z</time>
      </trkpt>
      <trkpt lat="47.579527767375112" lon="14.849979132413864">
        <ele>1003.7536621</ele>
        <time>2007-08-19T06:19:07Z</time>
      </trkpt>
      <trkpt lat="47.579532880336046" lon="14.849976869300008">
        <ele>1005.1958008</ele>
        <time>2007-08-19T06:19:15Z</time>
      </trkpt>
      <trkpt lat="47.579537825658917" lon="14.849975863471627">
        <ele>1006.1569823999999</ele>
        <time>2007-08-19T06:19:25Z</time>
      </trkpt>
      <trkpt lat="47.579547967761755" lon="14.849962033331394">
        <ele>1008.079834</ele>
        <time>2007-08-19T06:19:55Z</time>
      </trkpt>
      <trkpt lat="47.579570263624191" lon="14.849959937855601">
        <ele>1008.079834</ele>
        <time>2007-08-19T06:20:17Z</time>
      </trkpt>
      <trkpt lat="47.579586189240217" lon="14.84995692037046">
        <ele>1009.0410156</ele>
        <time>2007-08-19T06:20:28Z</time>
      </trkpt>
      <trkpt lat="47.579579399898648" lon="14.849946862086654">
        <ele>1009.5217285</ele>
        <time>2007-08-19T06:20:43Z</time>
      </trkpt>
      <trkpt lat="47.579587362706661" lon="14.849951136857271">
        <ele>1010.0021973</ele>
        <time>2007-08-19T06:20:53Z</time>
      </trkpt>
      <trkpt lat="47.579590966925025" lon="14.84993546269834">
        <ele>1011.9250488</ele>
        <time>2007-08-19T06:21:02Z</time>
      </trkpt>
      <trkpt lat="47.579577723518014" lon="14.849911071360111">
        <ele>1012.8862305</ele>
        <time>2007-08-19T06:21:17Z</time>
      </trkpt>
      <trkpt lat="47.579578729346395" lon="14.849875029176474">
        <ele>1018.1733398</ele>
        <time>2007-08-19T06:22:29Z</time>
      </trkpt>
      <trkpt lat="47.579580741003156" lon="14.849875867366791">
        <ele>1019.6154785</ele>
        <time>2007-08-19T06:24:03Z</time>
      </trkpt>
      <trkpt lat="47.579595660790801" lon="14.849862959235907">
        <ele>1022.4995117</ele>
        <time>2007-08-19T06:24:40Z</time>
      </trkpt>
      <trkpt lat="47.579592140391469" lon="14.849839992821217">
        <ele>1024.4221190999999</ele>
        <time>2007-08-19T06:25:22Z</time>
      </trkpt>
      <trkpt lat="47.579605970531702" lon="14.849836472421885">
        <ele>1025.8640137</ele>
        <time>2007-08-19T06:25:26Z</time>
      </trkpt>
      <trkpt lat="47.579606221988797" lon="14.849826162680984">
        <ele>1028.2673339999999</ele>
        <time>2007-08-19T06:25:55Z</time>
      </trkpt>
      <trkpt lat="47.579575041308999" lon="14.84976296313107">
        <ele>1029.7092285000001</ele>
        <time>2007-08-19T06:26:12Z</time>
      </trkpt>
      <trkpt lat="47.579625165089965" lon="14.84967696480453">
        <ele>1031.1513672000001</ele>
        <time>2007-08-19T06:26:59Z</time>
      </trkpt>
      <trkpt lat="47.579637067392468" lon="14.84965936280787">
        <ele>1032.1125488</ele>
        <time>2007-08-19T06:27:37Z</time>
      </trkpt>
      <trkpt lat="47.579654585570097" lon="14.84967109747231">
        <ele>1032.5932617000001</ele>
        <time>2007-08-19T06:27:44Z</time>
      </trkpt>
      <trkpt lat="47.579681072384119" lon="14.849668079987168">
        <ele>1033.5544434000001</ele>
        <time>2007-08-19T06:27:53Z</time>
      </trkpt>
      <trkpt lat="47.579704541712999" lon="14.849689537659287">
        <ele>1034.5158690999999</ele>
        <time>2007-08-19T06:28:07Z</time>
      </trkpt>
      <trkpt lat="47.579719377681613" lon="14.84969599172473">
        <ele>1035.4770507999999</ele>
        <time>2007-08-19T06:28:14Z</time>
      </trkpt>
      <trkpt lat="47.579720970243216" lon="14.849702278152108">
        <ele>1035.9577637</ele>
        <time>2007-08-19T06:28:20Z</time>
      </trkpt>
      <trkpt lat="47.579714264720678" lon="14.84975365921855">
        <ele>1035.9577637</ele>
        <time>2007-08-19T06:28:42Z</time>
      </trkpt>
      <trkpt lat="47.579718288034201" lon="14.849789617583156">
        <ele>1034.5158690999999</ele>
        <time>2007-08-19T06:32:18Z</time>
      </trkpt>
      <trkpt lat="47.579715438187122" lon="14.849779140204191">
        <ele>1035.4770507999999</ele>
        <time>2007-08-19T06:32:56Z</time>
      </trkpt>
      <trkpt lat="47.579712336882949" lon="14.849783834069967">
        <ele>1035.9577637</ele>
        <time>2007-08-19T06:34:30Z</time>
      </trkpt>
      <trkpt lat="47.579723568633199" lon="14.849780732765794">
        <ele>1036.4387207</ele>
        <time>2007-08-19T06:34:37Z</time>
      </trkpt>
      <trkpt lat="47.579717366024852" lon="14.849767070263624">
        <ele>1037.3999022999999</ele>
        <time>2007-08-19T06:34:51Z</time>
      </trkpt>
      <trkpt lat="47.579726167023182" lon="14.849756425246596">
        <ele>1037.3999022999999</ele>
        <time>2007-08-19T06:35:12Z</time>
      </trkpt>
      <trkpt lat="47.579738991335034" lon="14.84974485822022">
        <ele>1038.8420410000001</ele>
        <time>2007-08-19T06:35:17Z</time>
      </trkpt>
      <trkpt lat="47.579751396551728" lon="14.849736392498016">
        <ele>1039.3225098</ele>
        <time>2007-08-19T06:35:29Z</time>
      </trkpt>
      <trkpt lat="47.57975148037076" lon="14.849728681147099">
        <ele>1039.3225098</ele>
        <time>2007-08-19T06:35:38Z</time>
      </trkpt>
      <trkpt lat="47.579755671322346" lon="14.84972289763391">
        <ele>1040.2839355000001</ele>
        <time>2007-08-19T06:35:46Z</time>
      </trkpt>
      <trkpt lat="47.579743769019842" lon="14.849741589277983">
        <ele>1040.2839355000001</ele>
        <time>2007-08-19T06:36:03Z</time>
      </trkpt>
      <trkpt lat="47.579750390723348" lon="14.849738571792841">
        <ele>1040.2839355000001</ele>
        <time>2007-08-19T06:36:13Z</time>
      </trkpt>
      <trkpt lat="47.579747876152396" lon="14.849734464660287">
        <ele>1041.7258300999999</ele>
        <time>2007-08-19T06:36:21Z</time>
      </trkpt>
      <trkpt lat="47.579745361581445" lon="14.849729519337416">
        <ele>1042.6872559000001</ele>
        <time>2007-08-19T06:36:25Z</time>
      </trkpt>
      <trkpt lat="47.579750139266253" lon="14.849735135212541">
        <ele>1042.6872559000001</ele>
        <time>2007-08-19T06:36:41Z</time>
      </trkpt>
      <trkpt lat="47.579749384894967" lon="14.849730189889669">
        <ele>1042.6872559000001</ele>
        <time>2007-08-19T06:36:51Z</time>
      </trkpt>
      <trkpt lat="47.579749971628189" lon="14.84972775913775">
        <ele>1044.6096190999999</ele>
        <time>2007-08-19T06:37:01Z</time>
      </trkpt>
      <trkpt lat="47.579761873930693" lon="14.849710324779153">
        <ele>1046.0517577999999</ele>
        <time>2007-08-19T06:37:26Z</time>
      </trkpt>
      <trkpt lat="47.579784169793129" lon="14.849704122170806">
        <ele>1047.9743652</ele>
        <time>2007-08-19T06:37:52Z</time>
      </trkpt>
      <trkpt lat="47.579790037125349" lon="14.849689872935414">
        <ele>1048.4548339999999</ele>
        <time>2007-08-19T06:38:08Z</time>
      </trkpt>
      <trkpt lat="47.579800179228187" lon="14.849685933440924">
        <ele>1049.4162598</ele>
        <time>2007-08-19T06:38:22Z</time>
      </trkpt>
      <trkpt lat="47.579801017418504" lon="14.849679227918386">
        <ele>1050.3776855000001</ele>
        <time>2007-08-19T06:38:32Z</time>
      </trkpt>
      <trkpt lat="47.579803531989455" lon="14.849678641185164">
        <ele>1050.8581543</ele>
        <time>2007-08-19T06:38:40Z</time>
      </trkpt>
      <trkpt lat="47.579811662435532" lon="14.849672773852944">
        <ele>1051.3388672000001</ele>
        <time>2007-08-19T06:38:51Z</time>
      </trkpt>
      <trkpt lat="47.579813338816166" lon="14.849660620093346">
        <ele>1052.300293</ele>
        <time>2007-08-19T06:39:01Z</time>
      </trkpt>
      <trkpt lat="47.579809231683612" lon="14.849657770246267">
        <ele>1052.7810059000001</ele>
        <time>2007-08-19T06:39:13Z</time>
      </trkpt>
      <trkpt lat="47.579801268875599" lon="14.849674869328737">
        <ele>1052.7810059000001</ele>
        <time>2007-08-19T06:39:35Z</time>
      </trkpt>
      <trkpt lat="47.579816440120339" lon="14.849666822701693">
        <ele>1053.2617187999999</ele>
        <time>2007-08-19T06:40:00Z</time>
      </trkpt>
      <trkpt lat="47.579808393493295" lon="14.84965885989368">
        <ele>1053.7424315999999</ele>
        <time>2007-08-19T06:40:06Z</time>
      </trkpt>
      <trkpt lat="47.579806465655565" lon="14.849654836580157">
        <ele>1053.7424315999999</ele>
        <time>2007-08-19T06:40:16Z</time>
      </trkpt>
      <trkpt lat="47.579800263047218" lon="14.849646287038922">
        <ele>1055.1843262</ele>
        <time>2007-08-19T06:40:25Z</time>
      </trkpt>
      <trkpt lat="47.579799927771091" lon="14.849631786346436">
        <ele>1056.1455077999999</ele>
        <time>2007-08-19T06:40:32Z</time>
      </trkpt>
      <trkpt lat="47.579802861437201" lon="14.849619884043932">
        <ele>1057.5876464999999</ele>
        <time>2007-08-19T06:40:46Z</time>
      </trkpt>
      <trkpt lat="47.579804873093963" lon="14.849623572081327">
        <ele>1057.5876464999999</ele>
        <time>2007-08-19T06:41:08Z</time>
      </trkpt>
      <trkpt lat="47.579798419028521" lon="14.849617118015885">
        <ele>1059.0295410000001</ele>
        <time>2007-08-19T06:41:43Z</time>
      </trkpt>
      <trkpt lat="47.579803364351392" lon="14.849597420543432">
        <ele>1059.0295410000001</ele>
        <time>2007-08-19T06:41:55Z</time>
      </trkpt>
      <trkpt lat="47.579799341037869" lon="14.849593732506037">
        <ele>1059.5102539</ele>
        <time>2007-08-19T06:42:13Z</time>
      </trkpt>
      <trkpt lat="47.579798083752394" lon="14.84958853572607">
        <ele>1060.9521483999999</ele>
        <time>2007-08-19T06:42:23Z</time>
      </trkpt>
      <trkpt lat="47.579793725162745" lon="14.849595995619893">
        <ele>1061.4328613</ele>
        <time>2007-08-19T06:42:37Z</time>
      </trkpt>
      <trkpt lat="47.579797999933362" lon="14.849588619545102">
        <ele>1062.8747559000001</ele>
        <time>2007-08-19T06:42:53Z</time>
      </trkpt>
      <trkpt lat="47.579793892800808" lon="14.849591134116054">
        <ele>1063.8359375</ele>
        <time>2007-08-19T06:43:19Z</time>
      </trkpt>
      <trkpt lat="47.579796658828855" lon="14.849591134116054">
        <ele>1063.3554687999999</ele>
        <time>2007-08-19T06:43:29Z</time>
      </trkpt>
      <trkpt lat="47.579799173399806" lon="14.849578561261296">
        <ele>1064.3166504000001</ele>
        <time>2007-08-19T06:43:40Z</time>
      </trkpt>
      <trkpt lat="47.579801687970757" lon="14.849564395844936">
        <ele>1064.7973632999999</ele>
        <time>2007-08-19T06:43:46Z</time>
      </trkpt>
      <trkpt lat="47.579798921942711" lon="14.849545620381832">
        <ele>1065.7587891000001</ele>
        <time>2007-08-19T06:43:58Z</time>
      </trkpt>
      <trkpt lat="47.579788276925683" lon="14.849550230428576">
        <ele>1066.2392577999999</ele>
        <time>2007-08-19T06:44:46Z</time>
      </trkpt>
      <trkpt lat="47.579791964963078" lon="14.849542938172817">
        <ele>1067.6811522999999</ele>
        <time>2007-08-19T06:44:58Z</time>
      </trkpt>
      <trkpt lat="47.579794060438871" lon="14.849542435258627">
        <ele>1069.1235352000001</ele>
        <time>2007-08-19T06:45:11Z</time>
      </trkpt>
      <trkpt lat="47.579791797325015" lon="14.849541177973151">
        <ele>1070.0847168</ele>
        <time>2007-08-19T06:45:27Z</time>
      </trkpt>
      <trkpt lat="47.579790623858571" lon="14.849538160488009">
        <ele>1070.0847168</ele>
        <time>2007-08-19T06:45:38Z</time>
      </trkpt>
      <trkpt lat="47.57979397661984" lon="14.849544698372483">
        <ele>1071.0461425999999</ele>
        <time>2007-08-19T06:45:50Z</time>
      </trkpt>
      <trkpt lat="47.579797580838203" lon="14.849535059183836">
        <ele>1071.0461425999999</ele>
        <time>2007-08-19T06:46:03Z</time>
      </trkpt>
      <trkpt lat="47.579796994104981" lon="14.849524162709713">
        <ele>1072.0073242000001</ele>
        <time>2007-08-19T06:46:11Z</time>
      </trkpt>
      <trkpt lat="47.579803699627519" lon="14.849525587633252">
        <ele>1072.4880370999999</ele>
        <time>2007-08-19T06:46:17Z</time>
      </trkpt>
      <trkpt lat="47.579811327159405" lon="14.849511338397861">
        <ele>1074.8913574000001</ele>
        <time>2007-08-19T06:46:31Z</time>
      </trkpt>
      <trkpt lat="47.579815937206149" lon="14.849504297599196">
        <ele>1074.4106445</ele>
        <time>2007-08-19T06:46:43Z</time>
      </trkpt>
      <trkpt lat="47.579812332987785" lon="14.849511338397861">
        <ele>1074.8913574000001</ele>
        <time>2007-08-19T06:46:58Z</time>
      </trkpt>
      <trkpt lat="47.579829934984446" lon="14.849504716694355">
        <ele>1076.3332519999999</ele>
        <time>2007-08-19T06:48:33Z</time>
      </trkpt>
      <trkpt lat="47.579820295795798" lon="14.849507231265306">
        <ele>1075.8525391000001</ele>
        <time>2007-08-19T06:49:20Z</time>
      </trkpt>
      <trkpt lat="47.579816021025181" lon="14.849498681724072">
        <ele>1078.2558594</ele>
        <time>2007-08-19T06:50:03Z</time>
      </trkpt>
      <trkpt lat="47.579814093187451" lon="14.84951083548367">
        <ele>1079.6977539</ele>
        <time>2007-08-19T06:50:14Z</time>
      </trkpt>
      <trkpt lat="47.579827588051558" lon="14.849485941231251">
        <ele>1080.6591797000001</ele>
        <time>2007-08-19T06:51:19Z</time>
      </trkpt>
      <trkpt lat="47.579821133986115" lon="14.849490635097027">
        <ele>1081.1398925999999</ele>
        <time>2007-08-19T06:51:46Z</time>
      </trkpt>
      <trkpt lat="47.579817362129688" lon="14.849495328962803">
        <ele>1082.1010742000001</ele>
        <time>2007-08-19T06:51:59Z</time>
      </trkpt>
      <trkpt lat="47.579817529767752" lon="14.849499017000198">
        <ele>1082.5817870999999</ele>
        <time>2007-08-19T06:52:07Z</time>
      </trkpt>
      <trkpt lat="47.579830521717668" lon="14.849478732794523">
        <ele>1083.0622559000001</ele>
        <time>2007-08-19T06:52:21Z</time>
      </trkpt>
      <trkpt lat="47.579839238896966" lon="14.849470434710383">
        <ele>1084.5046387</ele>
        <time>2007-08-19T06:52:30Z</time>
      </trkpt>
      <trkpt lat="47.579849464818835" lon="14.849468339234591">
        <ele>1084.9853516000001</ele>
        <time>2007-08-19T06:52:40Z</time>
      </trkpt>
      <trkpt lat="47.579837562516332" lon="14.849471775814891">
        <ele>1086.9077147999999</ele>
        <time>2007-08-19T06:53:24Z</time>
      </trkpt>
      <trkpt lat="47.579821720719337" lon="14.849485522136092">
        <ele>1087.3884277</ele>
        <time>2007-08-19T06:53:42Z</time>
      </trkpt>
      <trkpt lat="47.579826582223177" lon="14.849476218223572">
        <ele>1087.8691406</ele>
        <time>2007-08-19T06:53:50Z</time>
      </trkpt>
      <trkpt lat="47.57984577678144" lon="14.849437577649951">
        <ele>1090.2724608999999</ele>
        <time>2007-08-19T06:53:58Z</time>
      </trkpt>
      <trkpt lat="47.579869665205479" lon="14.84942483715713">
        <ele>1092.1950684000001</ele>
        <time>2007-08-19T06:54:08Z</time>
      </trkpt>
      <trkpt lat="47.579875281080604" lon="14.849418383091688">
        <ele>1091.7143555</ele>
        <time>2007-08-19T06:54:21Z</time>
      </trkpt>
      <trkpt lat="47.579882489517331" lon="14.849408324807882">
        <ele>1092.6757812999999</ele>
        <time>2007-08-19T06:54:30Z</time>
      </trkpt>
      <trkpt lat="47.579894978553057" lon="14.849474038928747">
        <ele>1089.7917480000001</ele>
        <time>2007-08-19T07:28:38Z</time>
      </trkpt>
      <trkpt lat="47.579905036836863" lon="14.849479319527745">
        <ele>1090.2724608999999</ele>
        <time>2007-08-19T07:29:08Z</time>
      </trkpt>
      <trkpt lat="47.579906126484275" lon="14.849474374204874">
        <ele>1090.7529297000001</ele>
        <time>2007-08-19T07:29:25Z</time>
      </trkpt>
      <trkpt lat="47.579920794814825" lon="14.849533382803202">
        <ele>1094.1176757999999</ele>
        <time>2007-08-19T07:30:26Z</time>
      </trkpt>
      <trkpt lat="47.579949460923672" lon="14.849503375589848">
        <ele>1094.1176757999999</ele>
        <time>2007-08-19T07:30:37Z</time>
      </trkpt>
      <trkpt lat="47.579964799806476" lon="14.849484767764807">
        <ele>1094.1176757999999</ele>
        <time>2007-08-19T07:30:45Z</time>
      </trkpt>
      <trkpt lat="47.580016767606139" lon="14.849434392526746">
        <ele>1099.8854980000001</ele>
        <time>2007-08-19T07:32:17Z</time>
      </trkpt>
      <trkpt lat="47.580014085397124" lon="14.84942483715713">
        <ele>1099.8854980000001</ele>
        <time>2007-08-19T07:33:12Z</time>
      </trkpt>
      <trkpt lat="47.580020288005471" lon="14.849425759166479">
        <ele>1101.8083495999999</ele>
        <time>2007-08-19T07:33:21Z</time>
      </trkpt>
      <trkpt lat="47.580024059861898" lon="14.849420562386513">
        <ele>1101.8083495999999</ele>
        <time>2007-08-19T07:33:22Z</time>
      </trkpt>
      <trkpt lat="47.580048032104969" lon="14.849416287615895">
        <ele>1105.1728516000001</ele>
        <time>2007-08-19T07:34:13Z</time>
      </trkpt>
      <trkpt lat="47.580064460635185" lon="14.849410587921739">
        <ele>1108.5373535000001</ele>
        <time>2007-08-19T07:35:31Z</time>
      </trkpt>
      <trkpt lat="47.580083068460226" lon="14.84937647357583">
        <ele>1111.4213867000001</ele>
        <time>2007-08-19T07:36:03Z</time>
      </trkpt>
      <trkpt lat="47.580114668235183" lon="14.84945853240788">
        <ele>1112.3825684000001</ele>
        <time>2007-08-19T07:39:00Z</time>
      </trkpt>
      <trkpt lat="47.58015213534236" lon="14.8495127633214">
        <ele>1113.3439940999999</ele>
        <time>2007-08-19T07:40:39Z</time>
      </trkpt>
      <trkpt lat="47.580146268010139" lon="14.849504716694355">
        <ele>1119.1120605000001</ele>
        <time>2007-08-19T07:42:29Z</time>
      </trkpt>
      <trkpt lat="47.580145262181759" lon="14.849501699209213">
        <ele>1120.0732422000001</ele>
        <time>2007-08-19T07:42:51Z</time>
      </trkpt>
      <trkpt lat="47.580167474225163" lon="14.849513685330749">
        <ele>1144.5866699000001</ele>
        <time>2007-08-19T07:53:49Z</time>
      </trkpt>
      <trkpt lat="47.580158924683928" lon="14.849502369761467">
        <ele>1144.5866699000001</ele>
        <time>2007-08-19T07:55:02Z</time>
      </trkpt>
      <trkpt lat="47.580162361264229" lon="14.849503459408879">
        <ele>1145.5480957</ele>
        <time>2007-08-19T07:55:09Z</time>
      </trkpt>
      <trkpt lat="47.580165965482593" lon="14.84950253739953">
        <ele>1146.9899902</ele>
        <time>2007-08-19T07:55:14Z</time>
      </trkpt>
      <trkpt lat="47.580168982967734" lon="14.849498765543103">
        <ele>1147.4707031</ele>
        <time>2007-08-19T07:55:20Z</time>
      </trkpt>
      <trkpt lat="47.580168563872576" lon="14.849485773593187">
        <ele>1147.9514160000001</ele>
        <time>2007-08-19T07:55:33Z</time>
      </trkpt>
      <trkpt lat="47.580176359042525" lon="14.849477894604206">
        <ele>1148.9128418</ele>
        <time>2007-08-19T07:55:43Z</time>
      </trkpt>
      <trkpt lat="47.58019513450563" lon="14.849466076120734">
        <ele>1149.3935547000001</ele>
        <time>2007-08-19T07:56:04Z</time>
      </trkpt>
      <trkpt lat="47.580206617712975" lon="14.849457861855626">
        <ele>1149.8742675999999</ele>
        <time>2007-08-19T07:56:10Z</time>
      </trkpt>
      <trkpt lat="47.580221788957715" lon="14.849452162161469">
        <ele>1150.3549805</ele>
        <time>2007-08-19T07:57:11Z</time>
      </trkpt>
      <trkpt lat="47.580231763422489" lon="14.849440678954124">
        <ele>1148.9128418</ele>
        <time>2007-08-19T07:57:33Z</time>
      </trkpt>
      <trkpt lat="47.580226063728333" lon="14.849445959553123">
        <ele>1149.8742675999999</ele>
        <time>2007-08-19T07:57:45Z</time>
      </trkpt>
      <trkpt lat="47.580236541107297" lon="14.849435063079">
        <ele>1148.9128418</ele>
        <time>2007-08-19T07:58:35Z</time>
      </trkpt>
      <trkpt lat="47.580241486430168" lon="14.84943363815546">
        <ele>1147.9514160000001</ele>
        <time>2007-08-19T07:58:51Z</time>
      </trkpt>
      <trkpt lat="47.580253975465894" lon="14.849424166604877">
        <ele>1148.9128418</ele>
        <time>2007-08-19T07:58:57Z</time>
      </trkpt>
      <trkpt lat="47.580258334055543" lon="14.849422574043274">
        <ele>1149.8742675999999</ele>
        <time>2007-08-19T07:59:04Z</time>
      </trkpt>
      <trkpt lat="47.580286664888263" lon="14.849413018673658">
        <ele>1151.3161620999999</ele>
        <time>2007-08-19T07:59:22Z</time>
      </trkpt>
      <trkpt lat="47.58029923774302" lon="14.84940136782825">
        <ele>1152.2773437999999</ele>
        <time>2007-08-19T07:59:29Z</time>
      </trkpt>
      <trkpt lat="47.580301081761718" lon="14.849397763609886">
        <ele>1153.2387695</ele>
        <time>2007-08-19T07:59:38Z</time>
      </trkpt>
      <trkpt lat="47.580311726778746" lon="14.849388794973493">
        <ele>1154.6806641000001</ele>
        <time>2007-08-19T07:59:46Z</time>
      </trkpt>
      <trkpt lat="47.580311559140682" lon="14.849388375878334">
        <ele>1155.1613769999999</ele>
        <time>2007-08-19T07:59:53Z</time>
      </trkpt>
      <trkpt lat="47.580312481150031" lon="14.849386783316731">
        <ele>1155.6420897999999</ele>
        <time>2007-08-19T07:59:56Z</time>
      </trkpt>
      <trkpt lat="47.580318264663219" lon="14.849377060309052">
        <ele>1156.1225586</ele>
        <time>2007-08-19T08:00:03Z</time>
      </trkpt>
      <trkpt lat="47.580335363745689" lon="14.849351160228252">
        <ele>1158.0454102000001</ele>
        <time>2007-08-19T08:00:23Z</time>
      </trkpt>
      <trkpt lat="47.580346595495939" lon="14.849347472190857">
        <ele>1159.4873047000001</ele>
        <time>2007-08-19T08:00:28Z</time>
      </trkpt>
      <trkpt lat="47.580351289361715" lon="14.849346131086349">
        <ele>1159.0065918</ele>
        <time>2007-08-19T08:00:42Z</time>
      </trkpt>
      <trkpt lat="47.580356821417809" lon="14.849352333694696">
        <ele>1159.4873047000001</ele>
        <time>2007-08-19T08:00:56Z</time>
      </trkpt>
      <trkpt lat="47.580356989055872" lon="14.849373959004879">
        <ele>1160.4484863</ele>
        <time>2007-08-19T08:01:11Z</time>
      </trkpt>
      <trkpt lat="47.58032999932766" lon="14.849439589306712">
        <ele>1161.890625</ele>
        <time>2007-08-19T08:01:47Z</time>
      </trkpt>
      <trkpt lat="47.580337459221482" lon="14.849434141069651">
        <ele>1164.2939452999999</ele>
        <time>2007-08-19T08:02:11Z</time>
      </trkpt>
      <trkpt lat="47.580333268269897" lon="14.849438667297363">
        <ele>1165.7360839999999</ele>
        <time>2007-08-19T08:02:17Z</time>
      </trkpt>
      <trkpt lat="47.580313738435507" lon="14.849482420831919">
        <ele>1166.6972656</ele>
        <time>2007-08-19T08:02:28Z</time>
      </trkpt>
      <trkpt lat="47.580318599939346" lon="14.849479487165809">
        <ele>1167.6584473</ele>
        <time>2007-08-19T08:02:35Z</time>
      </trkpt>
      <trkpt lat="47.58034416474402" lon="14.849460795521736">
        <ele>1169.1005858999999</ele>
        <time>2007-08-19T08:04:26Z</time>
      </trkpt>
      <trkpt lat="47.58039747364819" lon="14.849445037543774">
        <ele>1171.0231934000001</ele>
        <time>2007-08-19T08:05:15Z</time>
      </trkpt>
      <trkpt lat="47.580385068431497" lon="14.849363481625915">
        <ele>1172.9458007999999</ele>
        <time>2007-08-19T08:06:20Z</time>
      </trkpt>
      <trkpt lat="47.580406358465552" lon="14.849301120266318">
        <ele>1178.2329102000001</ele>
        <time>2007-08-19T08:06:51Z</time>
      </trkpt>
      <trkpt lat="47.580403760075569" lon="14.849282763898373">
        <ele>1178.7136230000001</ele>
        <time>2007-08-19T08:07:03Z</time>
      </trkpt>
      <trkpt lat="47.580383140593767" lon="14.849289385601878">
        <ele>1180.1557617000001</ele>
        <time>2007-08-19T08:07:10Z</time>
      </trkpt>
      <trkpt lat="47.580364029854536" lon="14.849296929314733">
        <ele>1180.1557617000001</ele>
        <time>2007-08-19T08:07:27Z</time>
      </trkpt>
      <trkpt lat="47.580373585224152" lon="14.849260635674">
        <ele>1181.5976562999999</ele>
        <time>2007-08-19T08:07:40Z</time>
      </trkpt>
      <trkpt lat="47.580346763134003" lon="14.849286284297705">
        <ele>1182.0783690999999</ele>
        <time>2007-08-19T08:07:52Z</time>
      </trkpt>
      <trkpt lat="47.58035103790462" lon="14.849269771948457">
        <ele>1182.0783690999999</ele>
        <time>2007-08-19T08:08:42Z</time>
      </trkpt>
      <trkpt lat="47.580347433686256" lon="14.849239429458976">
        <ele>1184.4816894999999</ele>
        <time>2007-08-19T08:10:18Z</time>
      </trkpt>
      <trkpt lat="47.580348439514637" lon="14.849233226850629">
        <ele>1185.9235839999999</ele>
        <time>2007-08-19T08:10:27Z</time>
      </trkpt>
      <trkpt lat="47.580345841124654" lon="14.849247895181179">
        <ele>1186.4042969</ele>
        <time>2007-08-19T08:11:17Z</time>
      </trkpt>
      <trkpt lat="47.580347517505288" lon="14.849247140809894">
        <ele>1187.3654785000001</ele>
        <time>2007-08-19T08:11:30Z</time>
      </trkpt>
      <trkpt lat="47.580358497798443" lon="14.849239261820912">
        <ele>1187.8461914</ele>
        <time>2007-08-19T08:11:39Z</time>
      </trkpt>
      <trkpt lat="47.580363862216473" lon="14.849226688966155">
        <ele>1188.3269043</ele>
        <time>2007-08-19T08:11:48Z</time>
      </trkpt>
      <trkpt lat="47.580369478091598" lon="14.849225599318743">
        <ele>1188.8076172000001</ele>
        <time>2007-08-19T08:11:57Z</time>
      </trkpt>
      <trkpt lat="47.580382134765387" lon="14.849237333983183">
        <ele>1190.2495117000001</ele>
        <time>2007-08-19T08:12:03Z</time>
      </trkpt>
      <trkpt lat="47.580389175564051" lon="14.849241524934769">
        <ele>1190.2495117000001</ele>
        <time>2007-08-19T08:12:33Z</time>
      </trkpt>
      <trkpt lat="47.58039596490562" lon="14.849236663430929">
        <ele>1191.2106934000001</ele>
        <time>2007-08-19T08:12:42Z</time>
      </trkpt>
      <trkpt lat="47.580389175564051" lon="14.849220737814903">
        <ele>1192.1721190999999</ele>
        <time>2007-08-19T08:12:52Z</time>
      </trkpt>
      <trkpt lat="47.58038816973567" lon="14.849210679531097">
        <ele>1193.1333007999999</ele>
        <time>2007-08-19T08:13:26Z</time>
      </trkpt>
      <trkpt lat="47.580387499183416" lon="14.849193580448627">
        <ele>1194.5751952999999</ele>
        <time>2007-08-19T08:13:35Z</time>
      </trkpt>
      <trkpt lat="47.580402083694935" lon="14.849143959581852">
        <ele>1195.5366211</ele>
        <time>2007-08-19T08:13:43Z</time>
      </trkpt>
      <trkpt lat="47.580425469204783" lon="14.849102636799216">
        <ele>1197.4594727000001</ele>
        <time>2007-08-19T08:13:51Z</time>
      </trkpt>
      <trkpt lat="47.580445585772395" lon="14.849064163863659">
        <ele>1198.4206543</ele>
        <time>2007-08-19T08:13:59Z</time>
      </trkpt>
      <trkpt lat="47.580447429791093" lon="14.849046561866999">
        <ele>1199.3820800999999</ele>
        <time>2007-08-19T08:14:02Z</time>
      </trkpt>
      <trkpt lat="47.580451285466552" lon="14.849042035639286">
        <ele>1198.9013672000001</ele>
        <time>2007-08-19T08:14:14Z</time>
      </trkpt>
      <trkpt lat="47.580477772280574" lon="14.849052596837282">
        <ele>1201.3046875</ele>
        <time>2007-08-19T08:14:58Z</time>
      </trkpt>
      <trkpt lat="47.580484729260206" lon="14.849060140550137">
        <ele>1201.3046875</ele>
        <time>2007-08-19T08:15:05Z</time>
      </trkpt>
      <trkpt lat="47.58050593547523" lon="14.849037928506732">
        <ele>1203.2272949000001</ele>
        <time>2007-08-19T08:15:11Z</time>
      </trkpt>
      <trkpt lat="47.580524878576398" lon="14.84901487827301">
        <ele>1204.6691894999999</ele>
        <time>2007-08-19T08:15:17Z</time>
      </trkpt>
      <trkpt lat="47.580552874132991" lon="14.848978333175182">
        <ele>1206.5917969</ele>
        <time>2007-08-19T08:15:25Z</time>
      </trkpt>
      <trkpt lat="47.580527393147349" lon="14.848951259627938">
        <ele>1210.4370117000001</ele>
        <time>2007-08-19T08:44:14Z</time>
      </trkpt>
      <trkpt lat="47.580545917153358" lon="14.848962491378188">
        <ele>1211.8791504000001</ele>
        <time>2007-08-19T08:44:21Z</time>
      </trkpt>
      <trkpt lat="47.580561088398099" lon="14.848951091989875">
        <ele>1212.8405762</ele>
        <time>2007-08-19T08:44:29Z</time>
      </trkpt>
      <trkpt lat="47.58057433180511" lon="14.848935920745134">
        <ele>1213.3212891000001</ele>
        <time>2007-08-19T08:44:36Z</time>
      </trkpt>
      <trkpt lat="47.580590341240168" lon="14.848903818055987">
        <ele>1214.2824707</ele>
        <time>2007-08-19T08:44:44Z</time>
      </trkpt>
      <trkpt lat="47.580616241320968" lon="14.848885629326105">
        <ele>1215.2438964999999</ele>
        <time>2007-08-19T08:44:51Z</time>
      </trkpt>
      <trkpt lat="47.580636776983738" lon="14.848858136683702">
        <ele>1216.2050781</ele>
        <time>2007-08-19T08:44:59Z</time>
      </trkpt>
      <trkpt lat="47.580659491941333" lon="14.848835421726108">
        <ele>1217.6469727000001</ele>
        <time>2007-08-19T08:45:08Z</time>
      </trkpt>
      <trkpt lat="47.580664688721299" lon="14.848791919648647">
        <ele>1219.5698242000001</ele>
        <time>2007-08-19T08:45:17Z</time>
      </trkpt>
      <trkpt lat="47.580672819167376" lon="14.848763840273023">
        <ele>1220.050293</ele>
        <time>2007-08-19T08:45:24Z</time>
      </trkpt>
      <trkpt lat="47.58068572729826" lon="14.848721260204911">
        <ele>1221.4921875</ele>
        <time>2007-08-19T08:45:32Z</time>
      </trkpt>
      <trkpt lat="47.580693690106273" lon="14.848680859431624">
        <ele>1223.4150391000001</ele>
        <time>2007-08-19T08:45:42Z</time>
      </trkpt>
      <trkpt lat="47.580719674006104" lon="14.848638698458672">
        <ele>1223.8955077999999</ele>
        <time>2007-08-19T08:45:52Z</time>
      </trkpt>
      <trkpt lat="47.58073459379375" lon="14.848612630739808">
        <ele>1223.4150391000001</ele>
        <time>2007-08-19T08:46:00Z</time>
      </trkpt>
      <trkpt lat="47.580743059515953" lon="14.848599722608924">
        <ele>1224.3762207</ele>
        <time>2007-08-19T08:46:08Z</time>
      </trkpt>
      <trkpt lat="47.58075512945652" lon="14.848585473373532">
        <ele>1225.8181152</ele>
        <time>2007-08-19T08:46:16Z</time>
      </trkpt>
      <trkpt lat="47.580770635977387" lon="14.848579941317439">
        <ele>1227.2602539</ele>
        <time>2007-08-19T08:46:24Z</time>
      </trkpt>
      <trkpt lat="47.580796619877219" lon="14.848549598827958">
        <ele>1228.2216797000001</ele>
        <time>2007-08-19T08:46:35Z</time>
      </trkpt>
      <trkpt lat="47.580816568806767" lon="14.848528727889061">
        <ele>1229.1828613</ele>
        <time>2007-08-19T08:46:41Z</time>
      </trkpt>
      <trkpt lat="47.580836182460189" lon="14.848519926890731">
        <ele>1229.6635742000001</ele>
        <time>2007-08-19T08:46:48Z</time>
      </trkpt>
      <trkpt lat="47.580851269885898" lon="14.848510036244988">
        <ele>1231.1057129000001</ele>
        <time>2007-08-19T08:46:57Z</time>
      </trkpt>
      <trkpt lat="47.580857137218118" lon="14.848494362086058">
        <ele>1230.625</ele>
        <time>2007-08-19T08:47:08Z</time>
      </trkpt>
      <trkpt lat="47.580869877710938" lon="14.848499894142151">
        <ele>1232.0668945</ele>
        <time>2007-08-19T08:47:15Z</time>
      </trkpt>
      <trkpt lat="47.580885132774711" lon="14.848518585786223">
        <ele>1233.5087891000001</ele>
        <time>2007-08-19T08:47:22Z</time>
      </trkpt>
      <trkpt lat="47.580906171351671" lon="14.848486399278045">
        <ele>1234.9509277</ele>
        <time>2007-08-19T08:47:31Z</time>
      </trkpt>
      <trkpt lat="47.580915559083223" lon="14.84847248531878">
        <ele>1236.3928223</ele>
        <time>2007-08-19T08:47:39Z</time>
      </trkpt>
      <trkpt lat="47.580926036462188" lon="14.848466031253338">
        <ele>1236.8732910000001</ele>
        <time>2007-08-19T08:47:45Z</time>
      </trkpt>
      <trkpt lat="47.580937268212438" lon="14.848459158092737">
        <ele>1237.3540039</ele>
        <time>2007-08-19T08:47:53Z</time>
      </trkpt>
      <trkpt lat="47.580968616530299" lon="14.848436862230301">
        <ele>1236.8732910000001</ele>
        <time>2007-08-19T08:48:05Z</time>
      </trkpt>
      <trkpt lat="47.580985799431801" lon="14.848421439528465">
        <ele>1237.8347168</ele>
        <time>2007-08-19T08:48:14Z</time>
      </trkpt>
      <trkpt lat="47.581007927656174" lon="14.848409034311771">
        <ele>1238.7961425999999</ele>
        <time>2007-08-19T08:48:20Z</time>
      </trkpt>
      <trkpt lat="47.58101949468255" lon="14.848390761762857">
        <ele>1240.2380370999999</ele>
        <time>2007-08-19T08:48:27Z</time>
      </trkpt>
      <trkpt lat="47.581024188548326" lon="14.848374919965863">
        <ele>1240.2380370999999</ele>
        <time>2007-08-19T08:48:32Z</time>
      </trkpt>
      <trkpt lat="47.581029469147325" lon="14.848366873338819">
        <ele>1241.6799315999999</ele>
        <time>2007-08-19T08:48:39Z</time>
      </trkpt>
      <trkpt lat="47.581044137477875" lon="14.848358239978552">
        <ele>1241.1992187999999</ele>
        <time>2007-08-19T08:48:46Z</time>
      </trkpt>
      <trkpt lat="47.581064840778708" lon="14.848350360989571">
        <ele>1243.1218262</ele>
        <time>2007-08-19T08:48:58Z</time>
      </trkpt>
      <trkpt lat="47.581070875748992" lon="14.848331417888403">
        <ele>1244.5639647999999</ele>
        <time>2007-08-19T08:49:01Z</time>
      </trkpt>
      <trkpt lat="47.581098368391395" lon="14.848321191966534">
        <ele>1244.5639647999999</ele>
        <time>2007-08-19T08:49:09Z</time>
      </trkpt>
      <trkpt lat="47.581138936802745" lon="14.848309624940157">
        <ele>1245.5253906</ele>
        <time>2007-08-19T08:49:19Z</time>
      </trkpt>
      <trkpt lat="47.581125190481544" lon="14.848316581919789">
        <ele>1246.0061035000001</ele>
        <time>2007-08-19T08:49:33Z</time>
      </trkpt>
      <trkpt lat="47.581157125532627" lon="14.848308116197586">
        <ele>1246.9672852000001</ele>
        <time>2007-08-19T08:49:40Z</time>
      </trkpt>
      <trkpt lat="47.581180678680539" lon="14.848303338512778">
        <ele>1248.8898925999999</ele>
        <time>2007-08-19T08:49:49Z</time>
      </trkpt>
      <trkpt lat="47.581188473850489" lon="14.848269978538156">
        <ele>1249.3706055</ele>
        <time>2007-08-19T08:49:57Z</time>
      </trkpt>
      <trkpt lat="47.581207165494561" lon="14.848253130912781">
        <ele>1251.2932129000001</ele>
        <time>2007-08-19T08:50:09Z</time>
      </trkpt>
      <trkpt lat="47.581220492720604" lon="14.848231421783566">
        <ele>1252.7351074000001</ele>
        <time>2007-08-19T08:50:16Z</time>
      </trkpt>
      <trkpt lat="47.581221917644143" lon="14.84822572208941">
        <ele>1252.7351074000001</ele>
        <time>2007-08-19T08:50:17Z</time>
      </trkpt>
      <trkpt lat="47.581240776926279" lon="14.848201330751181">
        <ele>1253.6965332</ele>
        <time>2007-08-19T08:50:27Z</time>
      </trkpt>
      <trkpt lat="47.581252595409751" lon="14.848179873079062">
        <ele>1255.6191406</ele>
        <time>2007-08-19T08:50:36Z</time>
      </trkpt>
      <trkpt lat="47.581250835210085" lon="14.848178364336491">
        <ele>1255.1384277</ele>
        <time>2007-08-19T08:50:43Z</time>
      </trkpt>
      <trkpt lat="47.581268437206745" lon="14.848151039332151">
        <ele>1256.5803223</ele>
        <time>2007-08-19T08:50:53Z</time>
      </trkpt>
      <trkpt lat="47.581266090273857" lon="14.848143579438329">
        <ele>1257.0610352000001</ele>
        <time>2007-08-19T08:51:04Z</time>
      </trkpt>
      <trkpt lat="47.581288134679198" lon="14.848160091787577">
        <ele>1258.5029297000001</ele>
        <time>2007-08-19T08:51:13Z</time>
      </trkpt>
      <trkpt lat="47.581309173256159" lon="14.848174424842">
        <ele>1260.4257812999999</ele>
        <time>2007-08-19T08:51:20Z</time>
      </trkpt>
      <trkpt lat="47.581331133842468" lon="14.848211221396923">
        <ele>1260.9064940999999</ele>
        <time>2007-08-19T08:51:31Z</time>
      </trkpt>
      <trkpt lat="47.581336162984371" lon="14.848215160891414">
        <ele>1261.8679199000001</ele>
        <time>2007-08-19T08:51:42Z</time>
      </trkpt>
      <trkpt lat="47.581360135227442" lon="14.848235780373216">
        <ele>1263.3098144999999</ele>
        <time>2007-08-19T08:51:49Z</time>
      </trkpt>
      <trkpt lat="47.581369690597057" lon="14.84824039041996">
        <ele>1263.3098144999999</ele>
        <time>2007-08-19T08:52:00Z</time>
      </trkpt>
      <trkpt lat="47.581374468281865" lon="14.848247598856688">
        <ele>1263.3098144999999</ele>
        <time>2007-08-19T08:52:08Z</time>
      </trkpt>
      <trkpt lat="47.581380335614085" lon="14.848254639655352">
        <ele>1264.7517089999999</ele>
        <time>2007-08-19T08:52:16Z</time>
      </trkpt>
      <trkpt lat="47.58138938806951" lon="14.84823795966804">
        <ele>1265.7131348</ele>
        <time>2007-08-19T08:52:24Z</time>
      </trkpt>
      <trkpt lat="47.581393159925938" lon="14.848249778151512">
        <ele>1266.6743164</ele>
        <time>2007-08-19T08:52:32Z</time>
      </trkpt>
      <trkpt lat="47.581399194896221" lon="14.848243994638324">
        <ele>1267.1550293</ele>
        <time>2007-08-19T08:52:40Z</time>
      </trkpt>
      <trkpt lat="47.581405062228441" lon="14.848231673240662">
        <ele>1267.6354980000001</ele>
        <time>2007-08-19T08:52:56Z</time>
      </trkpt>
      <trkpt lat="47.581411432474852" lon="14.848223039880395">
        <ele>1269.0776367000001</ele>
        <time>2007-08-19T08:53:14Z</time>
      </trkpt>
      <trkpt lat="47.581415539607406" lon="14.848215663805604">
        <ele>1270.0388184000001</ele>
        <time>2007-08-19T08:53:22Z</time>
      </trkpt>
      <trkpt lat="47.581424424424767" lon="14.848210634663701">
        <ele>1271.0002440999999</ele>
        <time>2007-08-19T08:53:43Z</time>
      </trkpt>
      <trkpt lat="47.581433560699224" lon="14.848192362114787">
        <ele>1271.4807129000001</ele>
        <time>2007-08-19T08:53:53Z</time>
      </trkpt>
      <trkpt lat="47.581440433859825" lon="14.848183058202267">
        <ele>1272.9228516000001</ele>
        <time>2007-08-19T08:53:56Z</time>
      </trkpt>
      <trkpt lat="47.581443870440125" lon="14.848172077909112">
        <ele>1273.4035644999999</ele>
        <time>2007-08-19T08:54:03Z</time>
      </trkpt>
      <trkpt lat="47.581455186009407" lon="14.848155481740832">
        <ele>1274.3647461</ele>
        <time>2007-08-19T08:54:10Z</time>
      </trkpt>
      <trkpt lat="47.581463819369674" lon="14.848125139251351">
        <ele>1276.7683105000001</ele>
        <time>2007-08-19T08:54:17Z</time>
      </trkpt>
      <trkpt lat="47.581472368910909" lon="14.848103262484074">
        <ele>1276.7683105000001</ele>
        <time>2007-08-19T08:54:33Z</time>
      </trkpt>
      <trkpt lat="47.581488881260157" lon="14.848055737093091">
        <ele>1277.7294922000001</ele>
        <time>2007-08-19T08:54:44Z</time>
      </trkpt>
      <trkpt lat="47.581495083868504" lon="14.848039979115129">
        <ele>1279.6520995999999</ele>
        <time>2007-08-19T08:55:08Z</time>
      </trkpt>
      <trkpt lat="47.581499526277184" lon="14.848010390996933">
        <ele>1281.574707</ele>
        <time>2007-08-19T08:55:15Z</time>
      </trkpt>
      <trkpt lat="47.581502124667168" lon="14.848007624968886">
        <ele>1281.0942382999999</ele>
        <time>2007-08-19T08:55:52Z</time>
      </trkpt>
      <trkpt lat="47.581497263163328" lon="14.848000416532159">
        <ele>1281.574707</ele>
        <time>2007-08-19T08:56:10Z</time>
      </trkpt>
      <trkpt lat="47.581515535712242" lon="14.847978372126818">
        <ele>1283.4973144999999</ele>
        <time>2007-08-19T08:56:24Z</time>
      </trkpt>
      <trkpt lat="47.581529868766665" lon="14.847979377955198">
        <ele>1283.9780272999999</ele>
        <time>2007-08-19T08:56:31Z</time>
      </trkpt>
      <trkpt lat="47.581545459106565" lon="14.847976276651025">
        <ele>1284.9394531</ele>
        <time>2007-08-19T08:56:39Z</time>
      </trkpt>
      <trkpt lat="47.581557361409068" lon="14.847974935546517">
        <ele>1286.3813477000001</ele>
        <time>2007-08-19T08:56:47Z</time>
      </trkpt>
      <trkpt lat="47.581579824909568" lon="14.847975522279739">
        <ele>1287.8232422000001</ele>
        <time>2007-08-19T08:56:55Z</time>
      </trkpt>
      <trkpt lat="47.581602539867163" lon="14.847986083477736">
        <ele>1289.2651367000001</ele>
        <time>2007-08-19T08:57:02Z</time>
      </trkpt>
      <trkpt lat="47.58160731755197" lon="14.847979126498103">
        <ele>1289.7458495999999</ele>
        <time>2007-08-19T08:57:08Z</time>
      </trkpt>
      <trkpt lat="47.581620896235108" lon="14.847961692139506">
        <ele>1291.1877440999999</ele>
        <time>2007-08-19T08:57:17Z</time>
      </trkpt>
      <trkpt lat="47.581642018631101" lon="14.847959596663713">
        <ele>1292.1494141000001</ele>
        <time>2007-08-19T08:57:26Z</time>
      </trkpt>
      <trkpt lat="47.581652328372002" lon="14.847950292751193">
        <ele>1293.1105957</ele>
        <time>2007-08-19T08:57:33Z</time>
      </trkpt>
      <trkpt lat="47.581664733588696" lon="14.847939983010292">
        <ele>1294.0720214999999</ele>
        <time>2007-08-19T08:57:40Z</time>
      </trkpt>
      <trkpt lat="47.58167177438736" lon="14.847933864220977">
        <ele>1295.0332031</ele>
        <time>2007-08-19T08:58:46Z</time>
      </trkpt>
      <trkpt lat="47.581680826842785" lon="14.84793595969677">
        <ele>1295.5139160000001</ele>
        <time>2007-08-19T08:58:55Z</time>
      </trkpt>
      <trkpt lat="47.58169474080205" lon="14.847941324114799">
        <ele>1296.9558105000001</ele>
        <time>2007-08-19T08:59:02Z</time>
      </trkpt>
      <trkpt lat="47.581717874854803" lon="14.84794526360929">
        <ele>1299.8398437999999</ele>
        <time>2007-08-19T08:59:10Z</time>
      </trkpt>
      <trkpt lat="47.581728268414736" lon="14.847933864220977">
        <ele>1300.3205565999999</ele>
        <time>2007-08-19T08:59:18Z</time>
      </trkpt>
      <trkpt lat="47.581722317263484" lon="14.84790226444602">
        <ele>1301.7624512</ele>
        <time>2007-08-19T08:59:24Z</time>
      </trkpt>
      <trkpt lat="47.581730196252465" lon="14.847884578630328">
        <ele>1302.7236327999999</ele>
        <time>2007-08-19T08:59:33Z</time>
      </trkpt>
      <trkpt lat="47.581739081069827" lon="14.847864462062716">
        <ele>1303.2043457</ele>
        <time>2007-08-19T08:59:41Z</time>
      </trkpt>
      <trkpt lat="47.581747630611062" lon="14.847855493426323">
        <ele>1304.1657714999999</ele>
        <time>2007-08-19T08:59:48Z</time>
      </trkpt>
      <trkpt lat="47.581770932301879" lon="14.847831437364221">
        <ele>1304.6462402</ele>
        <time>2007-08-19T08:59:58Z</time>
      </trkpt>
      <trkpt lat="47.581778895109892" lon="14.847799334675074">
        <ele>1306.5688477000001</ele>
        <time>2007-08-19T09:00:05Z</time>
      </trkpt>
      <trkpt lat="47.581798927858472" lon="14.847765639424324">
        <ele>1308.0112305</ele>
        <time>2007-08-19T09:00:13Z</time>
      </trkpt>
      <trkpt lat="47.581809237599373" lon="14.847758263349533">
        <ele>1309.453125</ele>
        <time>2007-08-19T09:00:23Z</time>
      </trkpt>
      <trkpt lat="47.581813763827085" lon="14.847759185358882">
        <ele>1308.9724120999999</ele>
        <time>2007-08-19T09:00:36Z</time>
      </trkpt>
      <trkpt lat="47.581825498491526" lon="14.847750468179584">
        <ele>1309.9335937999999</ele>
        <time>2007-08-19T09:00:55Z</time>
      </trkpt>
      <trkpt lat="47.581848967820406" lon="14.847710486501455">
        <ele>1312.3369141000001</ele>
        <time>2007-08-19T09:01:04Z</time>
      </trkpt>
      <trkpt lat="47.581868162378669" lon="14.847665559500456">
        <ele>1314.2595214999999</ele>
        <time>2007-08-19T09:01:13Z</time>
      </trkpt>
      <trkpt lat="47.58186673745513" lon="14.847661117091775">
        <ele>1314.2595214999999</ele>
        <time>2007-08-19T09:01:32Z</time>
      </trkpt>
      <trkpt lat="47.581871934235096" lon="14.84762616455555">
        <ele>1314.7402344</ele>
        <time>2007-08-19T09:02:51Z</time>
      </trkpt>
      <trkpt lat="47.581870760768652" lon="14.8475924693048">
        <ele>1315.7016602000001</ele>
        <time>2007-08-19T09:03:00Z</time>
      </trkpt>
      <trkpt lat="47.581873862072825" lon="14.847565228119493">
        <ele>1316.1821289</ele>
        <time>2007-08-19T09:03:07Z</time>
      </trkpt>
      <trkpt lat="47.58186724036932" lon="14.847510997205973">
        <ele>1317.1435547000001</ele>
        <time>2007-08-19T09:03:16Z</time>
      </trkpt>
      <trkpt lat="47.581859864294529" lon="14.847468920052052">
        <ele>1318.1047363</ele>
        <time>2007-08-19T09:03:26Z</time>
      </trkpt>
      <trkpt lat="47.581869922578335" lon="14.847447462379932">
        <ele>1319.0661620999999</ele>
        <time>2007-08-19T09:03:35Z</time>
      </trkpt>
      <trkpt lat="47.581883333623409" lon="14.847426926717162">
        <ele>1320.9887695</ele>
        <time>2007-08-19T09:03:43Z</time>
      </trkpt>
      <trkpt lat="47.581901689991355" lon="14.847403960302472">
        <ele>1322.9113769999999</ele>
        <time>2007-08-19T09:03:50Z</time>
      </trkpt>
      <trkpt lat="47.581904539838433" lon="14.847381664440036">
        <ele>1323.3920897999999</ele>
        <time>2007-08-19T09:03:59Z</time>
      </trkpt>
      <trkpt lat="47.581898337230086" lon="14.847335396334529">
        <ele>1324.8342285000001</ele>
        <time>2007-08-19T09:04:12Z</time>
      </trkpt>
      <trkpt lat="47.581905461847782" lon="14.847291223704815">
        <ele>1326.7568358999999</ele>
        <time>2007-08-19T09:04:21Z</time>
      </trkpt>
      <trkpt lat="47.581924991682172" lon="14.84730513766408">
        <ele>1328.1987305</ele>
        <time>2007-08-19T09:04:30Z</time>
      </trkpt>
      <trkpt lat="47.581949466839433" lon="14.847330534830689">
        <ele>1329.640625</ele>
        <time>2007-08-19T09:04:37Z</time>
      </trkpt>
      <trkpt lat="47.581970421597362" lon="14.847359536215663">
        <ele>1330.1213379000001</ele>
        <time>2007-08-19T09:04:45Z</time>
      </trkpt>
      <trkpt lat="47.582000093534589" lon="14.847403960302472">
        <ele>1331.0827637</ele>
        <time>2007-08-19T09:04:54Z</time>
      </trkpt>
      <trkpt lat="47.582012163475156" lon="14.847421478480101">
        <ele>1331.5632324000001</ele>
        <time>2007-08-19T09:05:06Z</time>
      </trkpt>
      <trkpt lat="47.582017192617059" lon="14.847407564520836">
        <ele>1331.5632324000001</ele>
        <time>2007-08-19T09:05:15Z</time>
      </trkpt>
      <trkpt lat="47.582021718844771" lon="14.847374958917499">
        <ele>1333.4858397999999</ele>
        <time>2007-08-19T09:05:23Z</time>
      </trkpt>
      <trkpt lat="47.582027586176991" lon="14.847333217039704">
        <ele>1334.4472656</ele>
        <time>2007-08-19T09:05:32Z</time>
      </trkpt>
      <trkpt lat="47.582033537328243" lon="14.8472885414958">
        <ele>1335.8891602000001</ele>
        <time>2007-08-19T09:05:41Z</time>
      </trkpt>
      <trkpt lat="47.582042338326573" lon="14.847251493483782">
        <ele>1336.3698730000001</ele>
        <time>2007-08-19T09:05:51Z</time>
      </trkpt>
      <trkpt lat="47.582051977515221" lon="14.847215367481112">
        <ele>1338.7731934000001</ele>
        <time>2007-08-19T09:06:01Z</time>
      </trkpt>
      <trkpt lat="47.582061197608709" lon="14.847174128517509">
        <ele>1340.215332</ele>
        <time>2007-08-19T09:06:10Z</time>
      </trkpt>
      <trkpt lat="47.58207636885345" lon="14.847181839868426">
        <ele>1340.6958007999999</ele>
        <time>2007-08-19T09:06:17Z</time>
      </trkpt>
      <trkpt lat="47.582100760191679" lon="14.847201872617006">
        <ele>1341.6572266000001</ele>
        <time>2007-08-19T09:06:26Z</time>
      </trkpt>
      <trkpt lat="47.582125319167972" lon="14.847226934507489">
        <ele>1342.6186522999999</ele>
        <time>2007-08-19T09:06:35Z</time>
      </trkpt>
      <trkpt lat="47.582150967791677" lon="14.847282422706485">
        <ele>1345.0217285000001</ele>
        <time>2007-08-19T09:06:44Z</time>
      </trkpt>
      <trkpt lat="47.582176364958286" lon="14.847314190119505">
        <ele>1345.9831543</ele>
        <time>2007-08-19T09:06:53Z</time>
      </trkpt>
      <trkpt lat="47.582210227847099" lon="14.847360039129853">
        <ele>1347.4250488</ele>
        <time>2007-08-19T09:07:04Z</time>
      </trkpt>
      <trkpt lat="47.582237888127565" lon="14.847378563135862">
        <ele>1349.3476562999999</ele>
        <time>2007-08-19T09:07:12Z</time>
      </trkpt>
      <trkpt lat="47.582266973331571" lon="14.847410330548882">
        <ele>1350.309082</ele>
        <time>2007-08-19T09:07:22Z</time>
      </trkpt>
      <trkpt lat="47.582283988595009" lon="14.847414437681437">
        <ele>1350.7895507999999</ele>
        <time>2007-08-19T09:07:32Z</time>
      </trkpt>
      <trkpt lat="47.582286838442087" lon="14.847411923110485">
        <ele>1350.7895507999999</ele>
        <time>2007-08-19T09:07:50Z</time>
      </trkpt>
      <trkpt lat="47.582282479852438" lon="14.84737453982234">
        <ele>1351.2702637</ele>
        <time>2007-08-19T09:08:29Z</time>
      </trkpt>
      <trkpt lat="47.582282060757279" lon="14.847319386899471">
        <ele>1351.7509766000001</ele>
        <time>2007-08-19T09:08:39Z</time>
      </trkpt>
      <trkpt lat="47.582281222566962" lon="14.847281165421009">
        <ele>1353.1928711</ele>
        <time>2007-08-19T09:08:46Z</time>
      </trkpt>
      <trkpt lat="47.58228013291955" lon="14.847221821546555">
        <ele>1354.1542969</ele>
        <time>2007-08-19T09:08:55Z</time>
      </trkpt>
      <trkpt lat="47.582284575328231" lon="14.84717614017427">
        <ele>1355.1154785000001</ele>
        <time>2007-08-19T09:09:04Z</time>
      </trkpt>
      <trkpt lat="47.582288263365626" lon="14.847138421609998">
        <ele>1355.5961914</ele>
        <time>2007-08-19T09:09:11Z</time>
      </trkpt>
      <trkpt lat="47.582288682460785" lon="14.847096428275108">
        <ele>1357.9997559000001</ele>
        <time>2007-08-19T09:09:20Z</time>
      </trkpt>
      <trkpt lat="47.582295387983322" lon="14.847054267302155">
        <ele>1358.9609375</ele>
        <time>2007-08-19T09:09:29Z</time>
      </trkpt>
      <trkpt lat="47.582298992201686" lon="14.847008418291807">
        <ele>1359.9221190999999</ele>
        <time>2007-08-19T09:09:37Z</time>
      </trkpt>
      <trkpt lat="47.582310140132904" lon="14.846954941749573">
        <ele>1361.3642577999999</ele>
        <time>2007-08-19T09:09:47Z</time>
      </trkpt>
      <trkpt lat="47.582321036607027" lon="14.846915965899825">
        <ele>1362.8061522999999</ele>
        <time>2007-08-19T09:09:57Z</time>
      </trkpt>
      <trkpt lat="47.582327574491501" lon="14.846860058605671">
        <ele>1363.7673339999999</ele>
        <time>2007-08-19T09:10:06Z</time>
      </trkpt>
      <trkpt lat="47.582340985536575" lon="14.846821082755923">
        <ele>1364.7287598</ele>
        <time>2007-08-19T09:10:13Z</time>
      </trkpt>
      <trkpt lat="47.582348026335239" lon="14.846841534599662">
        <ele>1365.6901855000001</ele>
        <time>2007-08-19T09:10:20Z</time>
      </trkpt>
      <trkpt lat="47.582357162609696" lon="14.846864836290479">
        <ele>1366.6513672000001</ele>
        <time>2007-08-19T09:10:27Z</time>
      </trkpt>
      <trkpt lat="47.582369484007359" lon="14.846886126324534">
        <ele>1368.0932617000001</ele>
        <time>2007-08-19T09:10:33Z</time>
      </trkpt>
      <trkpt lat="47.582376273348927" lon="14.846894592046738">
        <ele>1368.5739745999999</ele>
        <time>2007-08-19T09:10:43Z</time>
      </trkpt>
      <trkpt lat="47.582413321360946" lon="14.84697237610817">
        <ele>1370.496582</ele>
        <time>2007-08-19T09:10:55Z</time>
      </trkpt>
      <trkpt lat="47.582426564767957" lon="14.846949661150575">
        <ele>1371.4577637</ele>
        <time>2007-08-19T09:11:03Z</time>
      </trkpt>
      <trkpt lat="47.58243796415627" lon="14.846910936757922">
        <ele>1372.9001464999999</ele>
        <time>2007-08-19T09:11:13Z</time>
      </trkpt>
      <trkpt lat="47.582452297210693" lon="14.846921665593982">
        <ele>1373.8613281</ele>
        <time>2007-08-19T09:11:20Z</time>
      </trkpt>
      <trkpt lat="47.582466965541244" lon="14.846955696120858">
        <ele>1374.3420410000001</ele>
        <time>2007-08-19T09:11:28Z</time>
      </trkpt>
      <trkpt lat="47.582487165927887" lon="14.846996767446399">
        <ele>1375.3032227000001</ele>
        <time>2007-08-19T09:11:38Z</time>
      </trkpt>
      <trkpt lat="47.582505187019706" lon="14.847031636163592">
        <ele>1376.2646483999999</ele>
        <time>2007-08-19T09:11:46Z</time>
      </trkpt>
      <trkpt lat="47.582523794844747" lon="14.84706818126142">
        <ele>1377.2260742000001</ele>
        <time>2007-08-19T09:11:55Z</time>
      </trkpt>
      <trkpt lat="47.582541983574629" lon="14.847081927582622">
        <ele>1377.706543</ele>
        <time>2007-08-19T09:12:02Z</time>
      </trkpt>
      <trkpt lat="47.582546677440405" lon="14.847087962552905">
        <ele>1378.6679687999999</ele>
        <time>2007-08-19T09:12:15Z</time>
      </trkpt>
      <trkpt lat="47.582557071000338" lon="14.847134985029697">
        <ele>1379.1484375</ele>
        <time>2007-08-19T09:13:54Z</time>
      </trkpt>
      <trkpt lat="47.582578863948584" lon="14.847173625603318">
        <ele>1380.1098632999999</ele>
        <time>2007-08-19T09:14:18Z</time>
      </trkpt>
      <trkpt lat="47.582606440410018" lon="14.847234226763248">
        <ele>1382.0324707</ele>
        <time>2007-08-19T09:14:26Z</time>
      </trkpt>
      <trkpt lat="47.582625970244408" lon="14.847281835973263">
        <ele>1383.4743652</ele>
        <time>2007-08-19T09:14:33Z</time>
      </trkpt>
      <trkpt lat="47.58264516480267" lon="14.847300862893462">
        <ele>1384.4357910000001</ele>
        <time>2007-08-19T09:14:43Z</time>
      </trkpt>
      <trkpt lat="47.582652037963271" lon="14.847329361364245">
        <ele>1385.3969727000001</ele>
        <time>2007-08-19T09:14:51Z</time>
      </trkpt>
      <trkpt lat="47.582653965801001" lon="14.847394488751888">
        <ele>1385.3969727000001</ele>
        <time>2007-08-19T09:14:59Z</time>
      </trkpt>
      <trkpt lat="47.582659581676126" lon="14.847393399104476">
        <ele>1385.8776855000001</ele>
        <time>2007-08-19T09:15:21Z</time>
      </trkpt>
      <trkpt lat="47.582664024084806" lon="14.847413599491119">
        <ele>1386.8388672000001</ele>
        <time>2007-08-19T09:15:34Z</time>
      </trkpt>
      <trkpt lat="47.582683218643069" lon="14.847428519278765">
        <ele>1388.28125</ele>
        <time>2007-08-19T09:16:20Z</time>
      </trkpt>
      <trkpt lat="47.58268715813756" lon="14.847444361075759">
        <ele>1385.3969727000001</ele>
        <time>2007-08-19T09:16:47Z</time>
      </trkpt>
      <trkpt lat="47.582720769569278" lon="14.847486689686775">
        <ele>1387.3195800999999</ele>
        <time>2007-08-19T09:18:31Z</time>
      </trkpt>
      <trkpt lat="47.582718590274453" lon="14.847491886466742">
        <ele>1387.3195800999999</ele>
        <time>2007-08-19T09:18:42Z</time>
      </trkpt>
      <trkpt lat="47.582721775397658" lon="14.847503285855055">
        <ele>1387.800293</ele>
        <time>2007-08-19T09:18:50Z</time>
      </trkpt>
      <trkpt lat="47.582703586667776" lon="14.847496580332518">
        <ele>1388.7619629000001</ele>
        <time>2007-08-19T09:19:28Z</time>
      </trkpt>
      <trkpt lat="47.582716578617692" lon="14.847523234784603">
        <ele>1389.2424315999999</ele>
        <time>2007-08-19T09:19:39Z</time>
      </trkpt>
      <trkpt lat="47.582726217806339" lon="14.847517283633351">
        <ele>1389.7231445</ele>
        <time>2007-08-19T09:19:50Z</time>
      </trkpt>
      <trkpt lat="47.582734264433384" lon="14.84753136523068">
        <ele>1390.6843262</ele>
        <time>2007-08-19T09:19:57Z</time>
      </trkpt>
      <trkpt lat="47.582737784832716" lon="14.84757486730814">
        <ele>1393.0876464999999</ele>
        <time>2007-08-19T09:20:10Z</time>
      </trkpt>
      <trkpt lat="47.582729235291481" lon="14.847624571993947">
        <ele>1395.0102539</ele>
        <time>2007-08-19T09:20:20Z</time>
      </trkpt>
      <trkpt lat="47.582753039896488" lon="14.847597666084766">
        <ele>1398.8554687999999</ele>
        <time>2007-08-19T09:20:43Z</time>
      </trkpt>
      <trkpt lat="47.582753039896488" lon="14.84759833663702">
        <ele>1399.3361815999999</ele>
        <time>2007-08-19T09:20:44Z</time>
      </trkpt>
      <trkpt lat="47.582771563902497" lon="14.847608394920826">
        <ele>1402.7006836</ele>
        <time>2007-08-19T09:21:21Z</time>
      </trkpt>
      <trkpt lat="47.582778017967939" lon="14.84762717038393">
        <ele>1402.7006836</ele>
        <time>2007-08-19T09:21:35Z</time>
      </trkpt>
      <trkpt lat="47.582777263596654" lon="14.847655333578587">
        <ele>1404.1430664</ele>
        <time>2007-08-19T09:21:51Z</time>
      </trkpt>
      <trkpt lat="47.582779861986637" lon="14.847762621939182">
        <ele>1407.5075684000001</ele>
        <time>2007-08-19T09:22:43Z</time>
      </trkpt>
      <trkpt lat="47.58273116312921" lon="14.847830096259713">
        <ele>1415.1979980000001</ele>
        <time>2007-08-19T09:27:57Z</time>
      </trkpt>
      <trkpt lat="47.582727978006005" lon="14.84784409403801">
        <ele>1415.6787108999999</ele>
        <time>2007-08-19T09:28:06Z</time>
      </trkpt>
      <trkpt lat="47.582716662436724" lon="14.847859432920814">
        <ele>1415.6787108999999</ele>
        <time>2007-08-19T09:28:17Z</time>
      </trkpt>
      <trkpt lat="47.582719679921865" lon="14.847880471497774">
        <ele>1415.1979980000001</ele>
        <time>2007-08-19T09:28:29Z</time>
      </trkpt>
      <trkpt lat="47.582719260826707" lon="14.847859684377909">
        <ele>1415.6787108999999</ele>
        <time>2007-08-19T09:28:43Z</time>
      </trkpt>
      <trkpt lat="47.58271649479866" lon="14.847859684377909">
        <ele>1415.1979980000001</ele>
        <time>2007-08-19T09:28:50Z</time>
      </trkpt>
      <trkpt lat="47.582716075703502" lon="14.847854571416974">
        <ele>1416.1591797000001</ele>
        <time>2007-08-19T09:28:59Z</time>
      </trkpt>
      <trkpt lat="47.582715237513185" lon="14.84787636436522">
        <ele>1416.6398925999999</ele>
        <time>2007-08-19T09:29:12Z</time>
      </trkpt>
      <trkpt lat="47.582719763740897" lon="14.847887260839343">
        <ele>1417.6010742000001</ele>
        <time>2007-08-19T09:29:24Z</time>
      </trkpt>
      <trkpt lat="47.582724876701832" lon="14.847894636914134">
        <ele>1418.5625</ele>
        <time>2007-08-19T09:29:31Z</time>
      </trkpt>
      <trkpt lat="47.582728397101164" lon="14.84789933077991">
        <ele>1418.5625</ele>
        <time>2007-08-19T09:29:44Z</time>
      </trkpt>
      <trkpt lat="47.58273258805275" lon="14.84789832495153">
        <ele>1418.0817870999999</ele>
        <time>2007-08-19T09:30:01Z</time>
      </trkpt>
      <trkpt lat="47.582750022411346" lon="14.84789103269577">
        <ele>1420.0046387</ele>
        <time>2007-08-19T09:30:19Z</time>
      </trkpt>
      <trkpt lat="47.582762092351913" lon="14.847878459841013">
        <ele>1421.4465332</ele>
        <time>2007-08-19T09:30:29Z</time>
      </trkpt>
      <trkpt lat="47.582776341587305" lon="14.84786563552916">
        <ele>1426.7338867000001</ele>
        <time>2007-08-19T09:31:52Z</time>
      </trkpt>
      <trkpt lat="47.582786735147238" lon="14.847835628315806">
        <ele>1426.7338867000001</ele>
        <time>2007-08-19T09:32:06Z</time>
      </trkpt>
      <trkpt lat="47.582796961069107" lon="14.84784409403801">
        <ele>1427.6950684000001</ele>
        <time>2007-08-19T09:32:15Z</time>
      </trkpt>
      <trkpt lat="47.582806264981627" lon="14.847845267504454">
        <ele>1427.2145995999999</ele>
        <time>2007-08-19T09:32:27Z</time>
      </trkpt>
      <trkpt lat="47.582816071808338" lon="14.847843758761883">
        <ele>1428.1757812999999</ele>
        <time>2007-08-19T09:32:41Z</time>
      </trkpt>
      <trkpt lat="47.582831494510174" lon="14.847838561981916">
        <ele>1428.1757812999999</ele>
        <time>2007-08-19T09:32:50Z</time>
      </trkpt>
      <trkpt lat="47.582842223346233" lon="14.847827162593603">
        <ele>1428.6564940999999</ele>
        <time>2007-08-19T09:32:59Z</time>
      </trkpt>
      <trkpt lat="47.582846665754914" lon="14.847837891429663">
        <ele>1435.8662108999999</ele>
        <time>2007-08-19T09:35:17Z</time>
      </trkpt>
      <trkpt lat="47.582854460924864" lon="14.84781626611948">
        <ele>1436.347168</ele>
        <time>2007-08-19T09:35:25Z</time>
      </trkpt>
      <trkpt lat="47.582860076799989" lon="14.847821462899446">
        <ele>1438.2697754000001</ele>
        <time>2007-08-19T09:35:45Z</time>
      </trkpt>
      <trkpt lat="47.582857478410006" lon="14.847822636365891">
        <ele>1438.7504882999999</ele>
        <time>2007-08-19T09:36:06Z</time>
      </trkpt>
      <trkpt lat="47.582872230559587" lon="14.847799837589264">
        <ele>1439.230957</ele>
        <time>2007-08-19T09:36:34Z</time>
      </trkpt>
      <trkpt lat="47.582877762615681" lon="14.847803274169564">
        <ele>1439.230957</ele>
        <time>2007-08-19T09:36:54Z</time>
      </trkpt>
      <trkpt lat="47.582882959395647" lon="14.847815427929163">
        <ele>1439.230957</ele>
        <time>2007-08-19T09:37:30Z</time>
      </trkpt>
      <trkpt lat="47.582901567220688" lon="14.847814673557878">
        <ele>1440.6728516000001</ele>
        <time>2007-08-19T09:37:37Z</time>
      </trkpt>
      <trkpt lat="47.582902489230037" lon="14.847813080996275">
        <ele>1442.1149902</ele>
        <time>2007-08-19T09:37:39Z</time>
      </trkpt>
      <trkpt lat="47.58290508762002" lon="14.847806375473738">
        <ele>1443.0761719</ele>
        <time>2007-08-19T09:37:51Z</time>
      </trkpt>
      <trkpt lat="47.58292319253087" lon="14.847780894488096">
        <ele>1443.0761719</ele>
        <time>2007-08-19T09:37:58Z</time>
      </trkpt>
      <trkpt lat="47.582914559170604" lon="14.847783660516143">
        <ele>1449.8054199000001</ele>
        <time>2007-08-19T09:40:01Z</time>
      </trkpt>
      <trkpt lat="47.582920426502824" lon="14.847755329683423">
        <ele>1450.7666016000001</ele>
        <time>2007-08-19T09:40:25Z</time>
      </trkpt>
      <trkpt lat="47.582923695445061" lon="14.847758933901787">
        <ele>1451.7280272999999</ele>
        <time>2007-08-19T09:40:45Z</time>
      </trkpt>
      <trkpt lat="47.582948338240385" lon="14.847729178145528">
        <ele>1453.6508789</ele>
        <time>2007-08-19T09:41:13Z</time>
      </trkpt>
      <trkpt lat="47.582964180037379" lon="14.847721382975578">
        <ele>1455.5734863</ele>
        <time>2007-08-19T09:41:23Z</time>
      </trkpt>
      <trkpt lat="47.582961916923523" lon="14.847706966102123">
        <ele>1457.0153809000001</ele>
        <time>2007-08-19T09:41:45Z</time>
      </trkpt>
      <trkpt lat="47.582953786477447" lon="14.847709061577916">
        <ele>1457.9768065999999</ele>
        <time>2007-08-19T09:41:59Z</time>
      </trkpt>
      <trkpt lat="47.582956133410335" lon="14.847703529521823">
        <ele>1457.0153809000001</ele>
        <time>2007-08-19T09:42:16Z</time>
      </trkpt>
      <trkpt lat="47.582952026277781" lon="14.847699338570237">
        <ele>1456.0539550999999</ele>
        <time>2007-08-19T09:42:28Z</time>
      </trkpt>
      <trkpt lat="47.582945823669434" lon="14.847695399075747">
        <ele>1456.534668</ele>
        <time>2007-08-19T09:42:47Z</time>
      </trkpt>
      <trkpt lat="47.582945572212338" lon="14.847699925303459">
        <ele>1457.9768065999999</ele>
        <time>2007-08-19T09:43:19Z</time>
      </trkpt>
      <trkpt lat="47.582948422059417" lon="14.847698332741857">
        <ele>1459.4187012</ele>
        <time>2007-08-19T09:43:33Z</time>
      </trkpt>
      <trkpt lat="47.582952864468098" lon="14.84769506379962">
        <ele>1460.3798827999999</ele>
        <time>2007-08-19T09:43:42Z</time>
      </trkpt>
      <trkpt lat="47.582955630496144" lon="14.847698332741857">
        <ele>1460.8605957</ele>
        <time>2007-08-19T09:43:53Z</time>
      </trkpt>
      <trkpt lat="47.582965437322855" lon="14.847700260579586">
        <ele>1461.8220214999999</ele>
        <time>2007-08-19T09:44:03Z</time>
      </trkpt>
      <trkpt lat="47.582969879731536" lon="14.847696321085095">
        <ele>1463.2639160000001</ele>
        <time>2007-08-19T09:44:08Z</time>
      </trkpt>
      <trkpt lat="47.582980524748564" lon="14.847691291943192">
        <ele>1467.1091309000001</ele>
        <time>2007-08-19T09:44:25Z</time>
      </trkpt>
      <trkpt lat="47.582981362938881" lon="14.847697578370571">
        <ele>1466.1477050999999</ele>
        <time>2007-08-19T09:44:34Z</time>
      </trkpt>
      <trkpt lat="47.582985134795308" lon="14.847705541178584">
        <ele>1467.1091309000001</ele>
        <time>2007-08-19T09:44:48Z</time>
      </trkpt>
      <trkpt lat="47.582994690164924" lon="14.847681568935513">
        <ele>1464.7058105000001</ele>
        <time>2007-08-19T09:45:12Z</time>
      </trkpt>
      <trkpt lat="47.583002736791968" lon="14.84767553396523">
        <ele>1465.6672363</ele>
        <time>2007-08-19T09:45:30Z</time>
      </trkpt>
      <trkpt lat="47.583013717085123" lon="14.847677377983928">
        <ele>1467.1091309000001</ele>
        <time>2007-08-19T09:45:38Z</time>
      </trkpt>
      <trkpt lat="47.583027966320515" lon="14.847693638876081">
        <ele>1469.0319824000001</ele>
        <time>2007-08-19T09:45:52Z</time>
      </trkpt>
      <trkpt lat="47.583040287718177" lon="14.847707217559218">
        <ele>1469.0319824000001</ele>
        <time>2007-08-19T09:46:07Z</time>
      </trkpt>
      <trkpt lat="47.583053698763251" lon="14.847722137346864">
        <ele>1470.4738769999999</ele>
        <time>2007-08-19T09:46:23Z</time>
      </trkpt>
      <trkpt lat="47.583077335730195" lon="14.847749965265393">
        <ele>1471.4350586</ele>
        <time>2007-08-19T09:46:34Z</time>
      </trkpt>
      <trkpt lat="47.583089740946889" lon="14.847751641646028">
        <ele>1472.3964844</ele>
        <time>2007-08-19T09:46:40Z</time>
      </trkpt>
      <trkpt lat="47.583096027374268" lon="14.847740158438683">
        <ele>1474.3190918</ele>
        <time>2007-08-19T09:46:46Z</time>
      </trkpt>
      <trkpt lat="47.583087561652064" lon="14.847737140953541">
        <ele>1476.7224120999999</ele>
        <time>2007-08-19T09:47:11Z</time>
      </trkpt>
      <trkpt lat="47.583094434812665" lon="14.847736889496446">
        <ele>1478.1643065999999</ele>
        <time>2007-08-19T09:47:20Z</time>
      </trkpt>
      <trkpt lat="47.583101475611329" lon="14.847751474007964">
        <ele>1478.6450195</ele>
        <time>2007-08-19T09:47:30Z</time>
      </trkpt>
      <trkpt lat="47.583118658512831" lon="14.847751138731837">
        <ele>1480.0869141000001</ele>
        <time>2007-08-19T09:47:38Z</time>
      </trkpt>
      <trkpt lat="47.583144558593631" lon="14.847741667181253">
        <ele>1481.0483397999999</ele>
        <time>2007-08-19T09:47:47Z</time>
      </trkpt>
      <trkpt lat="47.583152269944549" lon="14.84772733412683">
        <ele>1482.0095214999999</ele>
        <time>2007-08-19T09:48:05Z</time>
      </trkpt>
      <trkpt lat="47.583163920789957" lon="14.847730938345194">
        <ele>1482.0095214999999</ele>
        <time>2007-08-19T09:48:25Z</time>
      </trkpt>
      <trkpt lat="47.583167189732194" lon="14.847742421552539">
        <ele>1483.4514160000001</ele>
        <time>2007-08-19T09:48:44Z</time>
      </trkpt>
      <trkpt lat="47.583164423704147" lon="14.84772389754653">
        <ele>1488.2583007999999</ele>
        <time>2007-08-19T09:49:49Z</time>
      </trkpt>
      <trkpt lat="47.583170374855399" lon="14.847717192023993">
        <ele>1489.2194824000001</ele>
        <time>2007-08-19T09:50:19Z</time>
      </trkpt>
      <trkpt lat="47.583163920789957" lon="14.84772976487875">
        <ele>1489.2194824000001</ele>
        <time>2007-08-19T09:50:34Z</time>
      </trkpt>
      <trkpt lat="47.583157382905483" lon="14.847737560048699">
        <ele>1489.2194824000001</ele>
        <time>2007-08-19T09:50:41Z</time>
      </trkpt>
      <trkpt lat="47.583155538886786" lon="14.847754826769233">
        <ele>1490.1809082</ele>
        <time>2007-08-19T09:50:51Z</time>
      </trkpt>
      <trkpt lat="47.583166938275099" lon="14.847788019105792">
        <ele>1490.6613769999999</ele>
        <time>2007-08-19T09:51:05Z</time>
      </trkpt>
      <trkpt lat="47.583175487816334" lon="14.847786258906126">
        <ele>1489.7001952999999</ele>
        <time>2007-08-19T09:51:13Z</time>
      </trkpt>
      <trkpt lat="47.583170291036367" lon="14.847805537283421">
        <ele>1490.6613769999999</ele>
        <time>2007-08-19T09:51:23Z</time>
      </trkpt>
      <trkpt lat="47.583178589120507" lon="14.847812494263053">
        <ele>1493.0646973</ele>
        <time>2007-08-19T09:51:31Z</time>
      </trkpt>
      <trkpt lat="47.583193760365248" lon="14.847810817882419">
        <ele>1492.5842285000001</ele>
        <time>2007-08-19T09:51:49Z</time>
      </trkpt>
      <trkpt lat="47.583189317956567" lon="14.847811069339514">
        <ele>1491.6228027</ele>
        <time>2007-08-19T09:52:18Z</time>
      </trkpt>
      <trkpt lat="47.583196777850389" lon="14.847810734063387">
        <ele>1492.1035156</ele>
        <time>2007-08-19T09:52:32Z</time>
      </trkpt>
      <trkpt lat="47.583192670717835" lon="14.8478152602911">
        <ele>1493.5454102000001</ele>
        <time>2007-08-19T09:52:46Z</time>
      </trkpt>
      <trkpt lat="47.583190323784947" lon="14.847823223099113">
        <ele>1493.5454102000001</ele>
        <time>2007-08-19T09:52:54Z</time>
      </trkpt>
      <trkpt lat="47.583185965195298" lon="14.847834873944521">
        <ele>1493.5454102000001</ele>
        <time>2007-08-19T09:53:04Z</time>
      </trkpt>
      <trkpt lat="47.583198035135865" lon="14.847840741276741">
        <ele>1495.4680175999999</ele>
        <time>2007-08-19T09:53:08Z</time>
      </trkpt>
      <trkpt lat="47.583214798942208" lon="14.847835460677743">
        <ele>1494.9873047000001</ele>
        <time>2007-08-19T09:53:19Z</time>
      </trkpt>
      <trkpt lat="47.583212871104479" lon="14.847827078774571">
        <ele>1495.9487305</ele>
        <time>2007-08-19T09:53:27Z</time>
      </trkpt>
      <trkpt lat="47.583220079541206" lon="14.84782749786973">
        <ele>1497.8713379000001</ele>
        <time>2007-08-19T09:53:36Z</time>
      </trkpt>
      <trkpt lat="47.583239860832691" lon="14.847824983298779">
        <ele>1497.8713379000001</ele>
        <time>2007-08-19T09:53:51Z</time>
      </trkpt>
      <trkpt lat="47.583233658224344" lon="14.847823726013303">
        <ele>1496.4294434000001</ele>
        <time>2007-08-19T09:54:06Z</time>
      </trkpt>
      <trkpt lat="47.583234999328852" lon="14.84780453145504">
        <ele>1496.9099120999999</ele>
        <time>2007-08-19T09:55:01Z</time>
      </trkpt>
      <trkpt lat="47.583246985450387" lon="14.847792964428663">
        <ele>1497.8713379000001</ele>
        <time>2007-08-19T09:55:11Z</time>
      </trkpt>
      <trkpt lat="47.583263581618667" lon="14.847793718799949">
        <ele>1498.8325195</ele>
        <time>2007-08-19T09:55:21Z</time>
      </trkpt>
      <trkpt lat="47.583288140594959" lon="14.847803860902786">
        <ele>1499.7939452999999</ele>
        <time>2007-08-19T09:55:28Z</time>
      </trkpt>
      <trkpt lat="47.583271795883775" lon="14.847821798175573">
        <ele>1499.7939452999999</ele>
        <time>2007-08-19T09:56:00Z</time>
      </trkpt>
      <trkpt lat="47.583296438679099" lon="14.847840238362551">
        <ele>1501.2360839999999</ele>
        <time>2007-08-19T09:56:06Z</time>
      </trkpt>
      <trkpt lat="47.583313789218664" lon="14.84785046428442">
        <ele>1500.7553711</ele>
        <time>2007-08-19T09:56:13Z</time>
      </trkpt>
      <trkpt lat="47.583325272426009" lon="14.847831940278411">
        <ele>1500.7553711</ele>
        <time>2007-08-19T09:56:29Z</time>
      </trkpt>
      <trkpt lat="47.5833360850811" lon="14.847832778468728">
        <ele>1500.2749022999999</ele>
        <time>2007-08-19T09:56:37Z</time>
      </trkpt>
      <trkpt lat="47.58332678116858" lon="14.847814589738846">
        <ele>1500.2749022999999</ele>
        <time>2007-08-19T09:56:49Z</time>
      </trkpt>
      <trkpt lat="47.58329258300364" lon="14.847808135673404">
        <ele>1499.7939452999999</ele>
        <time>2007-08-19T09:56:59Z</time>
      </trkpt>
      <trkpt lat="47.583272969350219" lon="14.847810734063387">
        <ele>1499.3132324000001</ele>
        <time>2007-08-19T09:57:02Z</time>
      </trkpt>
      <trkpt lat="47.583280093967915" lon="14.847812075167894">
        <ele>1499.3132324000001</ele>
        <time>2007-08-19T09:57:10Z</time>
      </trkpt>
      <trkpt lat="47.583286296576262" lon="14.847796065732837">
        <ele>1499.7939452999999</ele>
        <time>2007-08-19T09:57:31Z</time>
      </trkpt>
      <trkpt lat="47.583280429244041" lon="14.847817774862051">
        <ele>1500.2749022999999</ele>
        <time>2007-08-19T09:57:54Z</time>
      </trkpt>
      <trkpt lat="47.583273220807314" lon="14.847837220877409">
        <ele>1499.7939452999999</ele>
        <time>2007-08-19T09:58:02Z</time>
      </trkpt>
      <trkpt lat="47.583263162523508" lon="14.847857085987926">
        <ele>1498.3518065999999</ele>
        <time>2007-08-19T09:58:10Z</time>
      </trkpt>
      <trkpt lat="47.583268359303474" lon="14.847864462062716">
        <ele>1497.390625</ele>
        <time>2007-08-19T09:58:38Z</time>
      </trkpt>
      <trkpt lat="47.583268862217665" lon="14.847888266667724">
        <ele>1497.8713379000001</ele>
        <time>2007-08-19T09:58:56Z</time>
      </trkpt>
      <trkpt lat="47.583269784227014" lon="14.847944425418973">
        <ele>1498.3518065999999</ele>
        <time>2007-08-19T09:59:11Z</time>
      </trkpt>
      <trkpt lat="47.583273388445377" lon="14.84797116369009">
        <ele>1497.390625</ele>
        <time>2007-08-19T09:59:19Z</time>
      </trkpt>
      <trkpt lat="47.583268359303474" lon="14.847960770130157">
        <ele>1497.390625</ele>
        <time>2007-08-19T09:59:28Z</time>
      </trkpt>
      <trkpt lat="47.583343628793955" lon="14.84788415953517">
        <ele>1496.4294434000001</ele>
        <time>2007-08-19T10:00:06Z</time>
      </trkpt>
      <trkpt lat="47.583328876644373" lon="14.847898660227656">
        <ele>1495.9487305</ele>
        <time>2007-08-19T10:00:17Z</time>
      </trkpt>
      <trkpt lat="47.583314962685108" lon="14.84784216620028">
        <ele>1497.390625</ele>
        <time>2007-08-19T10:01:03Z</time>
      </trkpt>
      <trkpt lat="47.583326697349548" lon="14.847834790125489">
        <ele>1498.8325195</ele>
        <time>2007-08-19T10:01:19Z</time>
      </trkpt>
      <trkpt lat="47.583323763683438" lon="14.847865216434002">
        <ele>1497.390625</ele>
        <time>2007-08-19T10:01:43Z</time>
      </trkpt>
      <trkpt lat="47.583320830017328" lon="14.847906623035669">
        <ele>1497.8713379000001</ele>
        <time>2007-08-19T10:01:59Z</time>
      </trkpt>
      <trkpt lat="47.583315968513489" lon="14.847924895584583">
        <ele>1497.390625</ele>
        <time>2007-08-19T10:02:15Z</time>
      </trkpt>
      <trkpt lat="47.583337593823671" lon="14.847916178405285">
        <ele>1497.8713379000001</ele>
        <time>2007-08-19T10:02:58Z</time>
      </trkpt>
      <trkpt lat="47.583342958241701" lon="14.84783529303968">
        <ele>1505.0812988</ele>
        <time>2007-08-19T11:00:03Z</time>
      </trkpt>
      <trkpt lat="47.583362236618996" lon="14.847828587517142">
        <ele>1504.1201172000001</ele>
        <time>2007-08-19T11:01:42Z</time>
      </trkpt>
      <trkpt lat="47.583398027345538" lon="14.847849458456039">
        <ele>1505.0812988</ele>
        <time>2007-08-19T11:03:22Z</time>
      </trkpt>
      <trkpt lat="47.583397859707475" lon="14.847880387678742">
        <ele>1505.5620117000001</ele>
        <time>2007-08-19T11:03:45Z</time>
      </trkpt>
      <trkpt lat="47.583395764231682" lon="14.8478670604527">
        <ele>1505.5620117000001</ele>
        <time>2007-08-19T11:04:00Z</time>
      </trkpt>
      <trkpt lat="47.583384281024337" lon="14.847873263061047">
        <ele>1506.5231934000001</ele>
        <time>2007-08-19T11:04:25Z</time>
      </trkpt>
      <trkpt lat="47.583408840000629" lon="14.847890362143517">
        <ele>1507.965332</ele>
        <time>2007-08-19T11:04:33Z</time>
      </trkpt>
      <trkpt lat="47.583423424512148" lon="14.84790226444602">
        <ele>1508.9265137</ele>
        <time>2007-08-19T11:04:38Z</time>
      </trkpt>
      <trkpt lat="47.58346457965672" lon="14.847900336608291">
        <ele>1511.8105469</ele>
        <time>2007-08-19T11:04:46Z</time>
      </trkpt>
      <trkpt lat="47.583498526364565" lon="14.847904359921813">
        <ele>1511.8105469</ele>
        <time>2007-08-19T11:04:54Z</time>
      </trkpt>
      <trkpt lat="47.583526941016316" lon="14.847891367971897">
        <ele>1511.8105469</ele>
        <time>2007-08-19T11:05:02Z</time>
      </trkpt>
      <trkpt lat="47.583539597690105" lon="14.847878124564886">
        <ele>1513.7329102000001</ele>
        <time>2007-08-19T11:05:14Z</time>
      </trkpt>
      <trkpt lat="47.583548063412309" lon="14.847859935835004">
        <ele>1514.2136230000001</ele>
        <time>2007-08-19T11:06:00Z</time>
      </trkpt>
      <trkpt lat="47.583560384809971" lon="14.847842920571566">
        <ele>1512.7717285000001</ele>
        <time>2007-08-19T11:06:09Z</time>
      </trkpt>
      <trkpt lat="47.583588967099786" lon="14.847814338281751">
        <ele>1513.7329102000001</ele>
        <time>2007-08-19T11:06:24Z</time>
      </trkpt>
      <trkpt lat="47.583617297932506" lon="14.847781984135509">
        <ele>1514.2136230000001</ele>
        <time>2007-08-19T11:06:30Z</time>
      </trkpt>
      <trkpt lat="47.583678234368563" lon="14.847765974700451">
        <ele>1514.6943358999999</ele>
        <time>2007-08-19T11:06:39Z</time>
      </trkpt>
      <trkpt lat="47.583707235753536" lon="14.847722975537181">
        <ele>1515.6557617000001</ele>
        <time>2007-08-19T11:06:47Z</time>
      </trkpt>
      <trkpt lat="47.583755599334836" lon="14.84767503105104">
        <ele>1516.1364745999999</ele>
        <time>2007-08-19T11:06:57Z</time>
      </trkpt>
      <trkpt lat="47.58379926905036" lon="14.847649466246367">
        <ele>1515.6557617000001</ele>
        <time>2007-08-19T11:07:28Z</time>
      </trkpt>
      <trkpt lat="47.583799436688423" lon="14.847646784037352">
        <ele>1516.1364745999999</ele>
        <time>2007-08-19T11:07:46Z</time>
      </trkpt>
      <trkpt lat="47.583798766136169" lon="14.847640497609973">
        <ele>1516.6171875</ele>
        <time>2007-08-19T11:08:09Z</time>
      </trkpt>
      <trkpt lat="47.583811925724149" lon="14.847595738247037">
        <ele>1516.1364745999999</ele>
        <time>2007-08-19T11:08:19Z</time>
      </trkpt>
      <trkpt lat="47.583837490528822" lon="14.84754703938961">
        <ele>1515.1750488</ele>
        <time>2007-08-19T11:08:27Z</time>
      </trkpt>
      <trkpt lat="47.583866491913795" lon="14.847498424351215">
        <ele>1515.1750488</ele>
        <time>2007-08-19T11:08:35Z</time>
      </trkpt>
      <trkpt lat="47.583913430571556" lon="14.847459532320499">
        <ele>1514.6943358999999</ele>
        <time>2007-08-19T11:08:43Z</time>
      </trkpt>
      <trkpt lat="47.583940671756864" lon="14.847406558692455">
        <ele>1514.6943358999999</ele>
        <time>2007-08-19T11:08:52Z</time>
      </trkpt>
      <trkpt lat="47.583959866315126" lon="14.847329529002309">
        <ele>1513.7329102000001</ele>
        <time>2007-08-19T11:09:00Z</time>
      </trkpt>
      <trkpt lat="47.58398056961596" lon="14.847308741882443">
        <ele>1512.7717285000001</ele>
        <time>2007-08-19T11:09:08Z</time>
      </trkpt>
      <trkpt lat="47.584001272916794" lon="14.847294073551893">
        <ele>1512.2910156</ele>
        <time>2007-08-19T11:09:14Z</time>
      </trkpt>
      <trkpt lat="47.583976881578565" lon="14.847229365259409">
        <ele>1510.8491211</ele>
        <time>2007-08-19T11:09:22Z</time>
      </trkpt>
      <trkpt lat="47.583958189934492" lon="14.847154682502151">
        <ele>1508.4458007999999</ele>
        <time>2007-08-19T11:09:33Z</time>
      </trkpt>
      <trkpt lat="47.58395517244935" lon="14.847067762166262">
        <ele>1506.5231934000001</ele>
        <time>2007-08-19T11:09:42Z</time>
      </trkpt>
      <trkpt lat="47.58393463678658" lon="14.847047561779618">
        <ele>1504.6005858999999</ele>
        <time>2007-08-19T11:09:50Z</time>
      </trkpt>
      <trkpt lat="47.583899768069386" lon="14.847036162391305">
        <ele>1502.6779785000001</ele>
        <time>2007-08-19T11:09:57Z</time>
      </trkpt>
      <trkpt lat="47.5838662404567" lon="14.84698997810483">
        <ele>1500.7553711</ele>
        <time>2007-08-19T11:10:05Z</time>
      </trkpt>
      <trkpt lat="47.583855260163546" lon="14.846916636452079">
        <ele>1498.8325195</ele>
        <time>2007-08-19T11:10:14Z</time>
      </trkpt>
      <trkpt lat="47.58384226821363" lon="14.846828877925873">
        <ele>1496.9099120999999</ele>
        <time>2007-08-19T11:10:22Z</time>
      </trkpt>
      <trkpt lat="47.583843860775232" lon="14.846732318401337">
        <ele>1495.9487305</ele>
        <time>2007-08-19T11:10:30Z</time>
      </trkpt>
      <trkpt lat="47.583864564076066" lon="14.846649169921875">
        <ele>1494.9873047000001</ele>
        <time>2007-08-19T11:10:38Z</time>
      </trkpt>
      <trkpt lat="47.583909574896097" lon="14.846549592912197">
        <ele>1495.4680175999999</ele>
        <time>2007-08-19T11:10:47Z</time>
      </trkpt>
      <trkpt lat="47.583952741697431" lon="14.846488740295172">
        <ele>1494.0261230000001</ele>
        <time>2007-08-19T11:10:53Z</time>
      </trkpt>
      <trkpt lat="47.583991466090083" lon="14.846429564058781">
        <ele>1494.5065918</ele>
        <time>2007-08-19T11:11:00Z</time>
      </trkpt>
      <trkpt lat="47.584030861034989" lon="14.846356976777315">
        <ele>1494.5065918</ele>
        <time>2007-08-19T11:11:08Z</time>
      </trkpt>
      <trkpt lat="47.584068663418293" lon="14.84628589823842">
        <ele>1494.9873047000001</ele>
        <time>2007-08-19T11:11:15Z</time>
      </trkpt>
      <trkpt lat="47.584112668409944" lon="14.846255974844098">
        <ele>1494.9873047000001</ele>
        <time>2007-08-19T11:11:22Z</time>
      </trkpt>
      <trkpt lat="47.584119290113449" lon="14.846168886870146">
        <ele>1494.9873047000001</ele>
        <time>2007-08-19T11:11:29Z</time>
      </trkpt>
      <trkpt lat="47.584137059748173" lon="14.846071824431419">
        <ele>1493.0646973</ele>
        <time>2007-08-19T11:11:38Z</time>
      </trkpt>
      <trkpt lat="47.584192464128137" lon="14.845984485000372">
        <ele>1491.6228027</ele>
        <time>2007-08-19T11:11:47Z</time>
      </trkpt>
      <trkpt lat="47.584230517968535" lon="14.84591307118535">
        <ele>1491.1420897999999</ele>
        <time>2007-08-19T11:11:56Z</time>
      </trkpt>
      <trkpt lat="47.584249628707767" lon="14.845859929919243">
        <ele>1492.1035156</ele>
        <time>2007-08-19T11:12:05Z</time>
      </trkpt>
      <trkpt lat="47.58426102809608" lon="14.845761861652136">
        <ele>1495.9487305</ele>
        <time>2007-08-19T14:33:42Z</time>
      </trkpt>
      <trkpt lat="47.584285838529468" lon="14.845720874145627">
        <ele>1496.4294434000001</ele>
        <time>2007-08-19T14:34:00Z</time>
      </trkpt>
      <trkpt lat="47.58428156375885" lon="14.845669660717249">
        <ele>1494.9873047000001</ele>
        <time>2007-08-19T14:34:11Z</time>
      </trkpt>
      <trkpt lat="47.584290867671371" lon="14.845576118677855">
        <ele>1493.5454102000001</ele>
        <time>2007-08-19T14:34:16Z</time>
      </trkpt>
      <trkpt lat="47.584277540445328" lon="14.845465561375022">
        <ele>1492.1035156</ele>
        <time>2007-08-19T14:34:24Z</time>
      </trkpt>
      <trkpt lat="47.584224734455347" lon="14.845414264127612">
        <ele>1491.6228027</ele>
        <time>2007-08-19T14:34:33Z</time>
      </trkpt>
      <trkpt lat="47.584191039204597" lon="14.845356764271855">
        <ele>1490.6613769999999</ele>
        <time>2007-08-19T14:34:39Z</time>
      </trkpt>
      <trkpt lat="47.58412029594183" lon="14.845330361276865">
        <ele>1488.7390137</ele>
        <time>2007-08-19T14:34:45Z</time>
      </trkpt>
      <trkpt lat="47.584074698388577" lon="14.845268921926618">
        <ele>1489.2194824000001</ele>
        <time>2007-08-19T14:34:50Z</time>
      </trkpt>
      <trkpt lat="47.583979060873389" lon="14.845238160341978">
        <ele>1489.7001952999999</ele>
        <time>2007-08-19T14:34:59Z</time>
      </trkpt>
      <trkpt lat="47.583945197984576" lon="14.845240758731961">
        <ele>1487.7775879000001</ele>
        <time>2007-08-19T14:35:04Z</time>
      </trkpt>
      <trkpt lat="47.583866575732827" lon="14.845237070694566">
        <ele>1488.2583007999999</ele>
        <time>2007-08-19T14:35:10Z</time>
      </trkpt>
      <trkpt lat="47.583834137767553" lon="14.845223659649491">
        <ele>1488.7390137</ele>
        <time>2007-08-19T14:35:14Z</time>
      </trkpt>
      <trkpt lat="47.583718383684754" lon="14.845217121765018">
        <ele>1489.2194824000001</ele>
        <time>2007-08-19T14:35:25Z</time>
      </trkpt>
      <trkpt lat="47.583697093650699" lon="14.845210332423449">
        <ele>1489.2194824000001</ele>
        <time>2007-08-19T14:35:29Z</time>
      </trkpt>
      <trkpt lat="47.583648227155209" lon="14.845121232792735">
        <ele>1488.7390137</ele>
        <time>2007-08-19T14:35:37Z</time>
      </trkpt>
      <trkpt lat="47.583623835816979" lon="14.845007238909602">
        <ele>1488.7390137</ele>
        <time>2007-08-19T14:35:44Z</time>
      </trkpt>
      <trkpt lat="47.583592738956213" lon="14.844871535897255">
        <ele>1488.7390137</ele>
        <time>2007-08-19T14:35:53Z</time>
      </trkpt>
      <trkpt lat="47.58359014056623" lon="14.844842618331313">
        <ele>1488.7390137</ele>
        <time>2007-08-19T14:35:55Z</time>
      </trkpt>
      <trkpt lat="47.583593660965562" lon="14.84481068328023">
        <ele>1488.7390137</ele>
        <time>2007-08-19T14:35:57Z</time>
      </trkpt>
      <trkpt lat="47.583593325689435" lon="14.844664670526981">
        <ele>1487.7775879000001</ele>
        <time>2007-08-19T14:36:06Z</time>
      </trkpt>
      <trkpt lat="47.583575136959553" lon="14.844550676643848">
        <ele>1488.7390137</ele>
        <time>2007-08-19T14:36:14Z</time>
      </trkpt>
      <trkpt lat="47.583564827218652" lon="14.844437940046191">
        <ele>1490.1809082</ele>
        <time>2007-08-19T14:36:21Z</time>
      </trkpt>
      <trkpt lat="47.5835588760674" lon="14.84438412822783">
        <ele>1491.1420897999999</ele>
        <time>2007-08-19T14:36:24Z</time>
      </trkpt>
      <trkpt lat="47.583506237715483" lon="14.844301817938685">
        <ele>1492.5842285000001</ele>
        <time>2007-08-19T14:36:33Z</time>
      </trkpt>
      <trkpt lat="47.583491234108806" lon="14.844266027212143">
        <ele>1493.0646973</ele>
        <time>2007-08-19T14:36:41Z</time>
      </trkpt>
      <trkpt lat="47.583465836942196" lon="14.844201235100627">
        <ele>1494.0261230000001</ele>
        <time>2007-08-19T14:36:53Z</time>
      </trkpt>
      <trkpt lat="47.583449659869075" lon="14.844142561778426">
        <ele>1494.9873047000001</ele>
        <time>2007-08-19T14:37:00Z</time>
      </trkpt>
      <trkpt lat="47.583408085629344" lon="14.844086486846209">
        <ele>1495.4680175999999</ele>
        <time>2007-08-19T14:37:08Z</time>
      </trkpt>
      <trkpt lat="47.583379335701466" lon="14.844059161841869">
        <ele>1496.4294434000001</ele>
        <time>2007-08-19T14:37:17Z</time>
      </trkpt>
      <trkpt lat="47.583333821967244" lon="14.843978192657232">
        <ele>1496.9099120999999</ele>
        <time>2007-08-19T14:37:25Z</time>
      </trkpt>
      <trkpt lat="47.583292163908482" lon="14.843886578455567">
        <ele>1495.4680175999999</ele>
        <time>2007-08-19T14:37:32Z</time>
      </trkpt>
      <trkpt lat="47.583230640739202" lon="14.843796389177442">
        <ele>1495.9487305</ele>
        <time>2007-08-19T14:37:40Z</time>
      </trkpt>
      <trkpt lat="47.583158891648054" lon="14.84370443969965">
        <ele>1496.4294434000001</ele>
        <time>2007-08-19T14:37:49Z</time>
      </trkpt>
      <trkpt lat="47.583081861957908" lon="14.843584997579455">
        <ele>1497.8713379000001</ele>
        <time>2007-08-19T14:38:00Z</time>
      </trkpt>
      <trkpt lat="47.583028636872768" lon="14.843540322035551">
        <ele>1495.9487305</ele>
        <time>2007-08-19T14:38:09Z</time>
      </trkpt>
      <trkpt lat="47.583016734570265" lon="14.843518529087305">
        <ele>1494.5065918</ele>
        <time>2007-08-19T14:38:17Z</time>
      </trkpt>
      <trkpt lat="47.583024278283119" lon="14.843440158292651">
        <ele>1491.6228027</ele>
        <time>2007-08-19T14:38:25Z</time>
      </trkpt>
      <trkpt lat="47.583006592467427" lon="14.843373270705342">
        <ele>1490.1809082</ele>
        <time>2007-08-19T14:38:31Z</time>
      </trkpt>
      <trkpt lat="47.582999467849731" lon="14.843258941546082">
        <ele>1488.2583007999999</ele>
        <time>2007-08-19T14:38:41Z</time>
      </trkpt>
      <trkpt lat="47.58299209177494" lon="14.843163639307022">
        <ele>1486.3356934000001</ele>
        <time>2007-08-19T14:38:49Z</time>
      </trkpt>
      <trkpt lat="47.582992259413004" lon="14.843150563538074">
        <ele>1485.8549805</ele>
        <time>2007-08-19T14:38:50Z</time>
      </trkpt>
      <trkpt lat="47.583005586639047" lon="14.843037659302354">
        <ele>1484.4130858999999</ele>
        <time>2007-08-19T14:39:00Z</time>
      </trkpt>
      <trkpt lat="47.582996869459748" lon="14.842964233830571">
        <ele>1482.4902344</ele>
        <time>2007-08-19T14:39:09Z</time>
      </trkpt>
      <trkpt lat="47.582981865853071" lon="14.842886365950108">
        <ele>1479.6062012</ele>
        <time>2007-08-19T14:39:17Z</time>
      </trkpt>
      <trkpt lat="47.582967281341553" lon="14.842818221077323">
        <ele>1477.6835937999999</ele>
        <time>2007-08-19T14:39:25Z</time>
      </trkpt>
      <trkpt lat="47.582963760942221" lon="14.842739179730415">
        <ele>1475.7609863</ele>
        <time>2007-08-19T14:39:33Z</time>
      </trkpt>
      <trkpt lat="47.58295638486743" lon="14.842644883319736">
        <ele>1473.8383789</ele>
        <time>2007-08-19T14:39:41Z</time>
      </trkpt>
      <trkpt lat="47.58296032436192" lon="14.842558465898037">
        <ele>1471.9157714999999</ele>
        <time>2007-08-19T14:39:48Z</time>
      </trkpt>
      <trkpt lat="47.582986392080784" lon="14.842483699321747">
        <ele>1471.4350586</ele>
        <time>2007-08-19T14:39:56Z</time>
      </trkpt>
      <trkpt lat="47.583007765933871" lon="14.842397617176175">
        <ele>1470.4738769999999</ele>
        <time>2007-08-19T14:40:03Z</time>
      </trkpt>
      <trkpt lat="47.583012795075774" lon="14.842317570000887">
        <ele>1469.9931641000001</ele>
        <time>2007-08-19T14:40:11Z</time>
      </trkpt>
      <trkpt lat="47.583012459799647" lon="14.842266775667667">
        <ele>1469.0319824000001</ele>
        <time>2007-08-19T14:40:14Z</time>
      </trkpt>
      <trkpt lat="47.583046238869429" lon="14.842190584167838">
        <ele>1468.0705565999999</ele>
        <time>2007-08-19T14:40:22Z</time>
      </trkpt>
      <trkpt lat="47.583044059574604" lon="14.842161163687706">
        <ele>1466.628418</ele>
        <time>2007-08-19T14:40:25Z</time>
      </trkpt>
      <trkpt lat="47.583038778975606" lon="14.842074578627944">
        <ele>1466.1477050999999</ele>
        <time>2007-08-19T14:40:32Z</time>
      </trkpt>
      <trkpt lat="47.583029391244054" lon="14.842021437361836">
        <ele>1464.2250977000001</ele>
        <time>2007-08-19T14:40:37Z</time>
      </trkpt>
      <trkpt lat="47.58303752169013" lon="14.841895876452327">
        <ele>1461.8220214999999</ele>
        <time>2007-08-19T14:40:47Z</time>
      </trkpt>
      <trkpt lat="47.58303358219564" lon="14.841828485950828">
        <ele>1459.8991699000001</ele>
        <time>2007-08-19T14:40:55Z</time>
      </trkpt>
      <trkpt lat="47.583043640479445" lon="14.841790432110429">
        <ele>1459.4187012</ele>
        <time>2007-08-19T14:40:58Z</time>
      </trkpt>
      <trkpt lat="47.583062835037708" lon="14.841669062152505">
        <ele>1458.9379882999999</ele>
        <time>2007-08-19T14:41:04Z</time>
      </trkpt>
      <trkpt lat="47.583055458962917" lon="14.841550458222628">
        <ele>1457.4960937999999</ele>
        <time>2007-08-19T14:41:12Z</time>
      </trkpt>
      <trkpt lat="47.583066523075104" lon="14.841435039415956">
        <ele>1456.534668</ele>
        <time>2007-08-19T14:41:21Z</time>
      </trkpt>
      <trkpt lat="47.583053028210998" lon="14.841353064402938">
        <ele>1454.1315918</ele>
        <time>2007-08-19T14:41:29Z</time>
      </trkpt>
      <trkpt lat="47.58305512368679" lon="14.841271424666047">
        <ele>1452.6894531</ele>
        <time>2007-08-19T14:41:38Z</time>
      </trkpt>
      <trkpt lat="47.58307121694088" lon="14.841135386377573">
        <ele>1452.2087402</ele>
        <time>2007-08-19T14:41:47Z</time>
      </trkpt>
      <trkpt lat="47.58306342177093" lon="14.841075874865055">
        <ele>1450.2861327999999</ele>
        <time>2007-08-19T14:41:54Z</time>
      </trkpt>
      <trkpt lat="47.583070965483785" lon="14.841051232069731">
        <ele>1450.2861327999999</ele>
        <time>2007-08-19T14:41:56Z</time>
      </trkpt>
      <trkpt lat="47.583069037646055" lon="14.840962719172239">
        <ele>1448.8439940999999</ele>
        <time>2007-08-19T14:42:01Z</time>
      </trkpt>
      <trkpt lat="47.583064679056406" lon="14.84090899117291">
        <ele>1447.8828125</ele>
        <time>2007-08-19T14:42:04Z</time>
      </trkpt>
      <trkpt lat="47.583073480054736" lon="14.840804887935519">
        <ele>1445.9602050999999</ele>
        <time>2007-08-19T14:42:10Z</time>
      </trkpt>
      <trkpt lat="47.583074737340212" lon="14.84075996093452">
        <ele>1445.4794922000001</ele>
        <time>2007-08-19T14:42:13Z</time>
      </trkpt>
      <trkpt lat="47.583075826987624" lon="14.840698437765241">
        <ele>1444.5180664</ele>
        <time>2007-08-19T14:42:20Z</time>
      </trkpt>
      <trkpt lat="47.583071384578943" lon="14.840679075568914">
        <ele>1443.5568848</ele>
        <time>2007-08-19T14:42:22Z</time>
      </trkpt>
      <trkpt lat="47.583042718470097" lon="14.840662982314825">
        <ele>1440.6728516000001</ele>
        <time>2007-08-19T14:42:27Z</time>
      </trkpt>
      <trkpt lat="47.583015728741884" lon="14.840572625398636">
        <ele>1440.1923827999999</ele>
        <time>2007-08-19T14:42:33Z</time>
      </trkpt>
      <trkpt lat="47.582982871681452" lon="14.840428372845054">
        <ele>1437.3083495999999</ele>
        <time>2007-08-19T14:42:42Z</time>
      </trkpt>
      <trkpt lat="47.582979938015342" lon="14.840407418087125">
        <ele>1437.7890625</ele>
        <time>2007-08-19T14:42:43Z</time>
      </trkpt>
      <trkpt lat="47.582931658253074" lon="14.840277163311839">
        <ele>1434.9050293</ele>
        <time>2007-08-19T14:42:52Z</time>
      </trkpt>
      <trkpt lat="47.582892263308167" lon="14.840203318744898">
        <ele>1434.4243164</ele>
        <time>2007-08-19T14:42:59Z</time>
      </trkpt>
      <trkpt lat="47.582849683240056" lon="14.840129977092147">
        <ele>1432.0209961</ele>
        <time>2007-08-19T14:43:07Z</time>
      </trkpt>
      <trkpt lat="47.582827722653747" lon="14.840097120031714">
        <ele>1430.0983887</ele>
        <time>2007-08-19T14:43:14Z</time>
      </trkpt>
      <trkpt lat="47.582820765674114" lon="14.840083038434386">
        <ele>1429.1369629000001</ele>
        <time>2007-08-19T14:43:16Z</time>
      </trkpt>
      <trkpt lat="47.582766534760594" lon="14.840033585205674">
        <ele>1425.7724608999999</ele>
        <time>2007-08-19T14:43:25Z</time>
      </trkpt>
      <trkpt lat="47.582710459828377" lon="14.839988825842738">
        <ele>1423.3693848</ele>
        <time>2007-08-19T14:43:32Z</time>
      </trkpt>
      <trkpt lat="47.582663940265775" lon="14.8399424739182">
        <ele>1420.9660644999999</ele>
        <time>2007-08-19T14:43:39Z</time>
      </trkpt>
      <trkpt lat="47.582621779292822" lon="14.83986628241837">
        <ele>1418.0817870999999</ele>
        <time>2007-08-19T14:43:45Z</time>
      </trkpt>
      <trkpt lat="47.582579031586647" lon="14.839786235243082">
        <ele>1417.1206055</ele>
        <time>2007-08-19T14:43:52Z</time>
      </trkpt>
      <trkpt lat="47.582525387406349" lon="14.839742481708527">
        <ele>1415.6787108999999</ele>
        <time>2007-08-19T14:44:00Z</time>
      </trkpt>
      <trkpt lat="47.582490434870124" lon="14.839673917740583">
        <ele>1414.2365723</ele>
        <time>2007-08-19T14:44:07Z</time>
      </trkpt>
      <trkpt lat="47.582468558102846" lon="14.839657237753272">
        <ele>1412.7946777</ele>
        <time>2007-08-19T14:44:10Z</time>
      </trkpt>
      <trkpt lat="47.582447016611695" lon="14.839647263288498">
        <ele>1411.3527832</ele>
        <time>2007-08-19T14:44:17Z</time>
      </trkpt>
      <trkpt lat="47.582417093217373" lon="14.839611975476146">
        <ele>1411.8334961</ele>
        <time>2007-08-19T14:44:32Z</time>
      </trkpt>
      <trkpt lat="47.582411058247089" lon="14.839596636593342">
        <ele>1411.3527832</ele>
        <time>2007-08-19T14:44:53Z</time>
      </trkpt>
      <trkpt lat="47.582377027720213" lon="14.839601162821054">
        <ele>1411.8334961</ele>
        <time>2007-08-19T14:45:22Z</time>
      </trkpt>
      <trkpt lat="47.582377279177308" lon="14.839592361822724">
        <ele>1411.3527832</ele>
        <time>2007-08-19T14:45:28Z</time>
      </trkpt>
      <trkpt lat="47.58238909766078" lon="14.839537460356951">
        <ele>1410.8720702999999</ele>
        <time>2007-08-19T14:45:37Z</time>
      </trkpt>
      <trkpt lat="47.582397563382983" lon="14.839510638266802">
        <ele>1409.9106445</ele>
        <time>2007-08-19T14:45:47Z</time>
      </trkpt>
      <trkpt lat="47.582389432936907" lon="14.839493287727237">
        <ele>1409.4301757999999</ele>
        <time>2007-08-19T14:45:54Z</time>
      </trkpt>
      <trkpt lat="47.582377698272467" lon="14.839433860033751">
        <ele>1407.5075684000001</ele>
        <time>2007-08-19T14:46:02Z</time>
      </trkpt>
      <trkpt lat="47.582369735464454" lon="14.839367140084505">
        <ele>1405.5849608999999</ele>
        <time>2007-08-19T14:46:10Z</time>
      </trkpt>
      <trkpt lat="47.582338973879814" lon="14.839337971061468">
        <ele>1404.6235352000001</ele>
        <time>2007-08-19T14:46:16Z</time>
      </trkpt>
      <trkpt lat="47.5823138281703" lon="14.839292289689183">
        <ele>1401.7395019999999</ele>
        <time>2007-08-19T14:46:22Z</time>
      </trkpt>
      <trkpt lat="47.58230846375227" lon="14.839264461770654">
        <ele>1399.8168945</ele>
        <time>2007-08-19T14:46:25Z</time>
      </trkpt>
      <trkpt lat="47.582282982766628" lon="14.839211823418736">
        <ele>1397.4135742000001</ele>
        <time>2007-08-19T14:46:34Z</time>
      </trkpt>
      <trkpt lat="47.582261860370636" lon="14.839143678545952">
        <ele>1395.9716797000001</ele>
        <time>2007-08-19T14:46:42Z</time>
      </trkpt>
      <trkpt lat="47.582221459597349" lon="14.839072935283184">
        <ele>1394.0490723</ele>
        <time>2007-08-19T14:46:51Z</time>
      </trkpt>
      <trkpt lat="47.582205785438418" lon="14.838999090716243">
        <ele>1392.6071777</ele>
        <time>2007-08-19T14:46:56Z</time>
      </trkpt>
      <trkpt lat="47.582173431292176" lon="14.838882582262158">
        <ele>1390.2038574000001</ele>
        <time>2007-08-19T14:47:05Z</time>
      </trkpt>
      <trkpt lat="47.582156164571643" lon="14.838882917538285">
        <ele>1389.2424315999999</ele>
        <time>2007-08-19T14:47:07Z</time>
      </trkpt>
      <trkpt lat="47.582115260884166" lon="14.838880319148302">
        <ele>1387.800293</ele>
        <time>2007-08-19T14:47:11Z</time>
      </trkpt>
      <trkpt lat="47.582033034414053" lon="14.838835978880525">
        <ele>1384.9165039</ele>
        <time>2007-08-19T14:47:19Z</time>
      </trkpt>
      <trkpt lat="47.581969164311886" lon="14.838828518986702">
        <ele>1383.4743652</ele>
        <time>2007-08-19T14:47:25Z</time>
      </trkpt>
      <trkpt lat="47.581862797960639" lon="14.838827764615417">
        <ele>1381.5517577999999</ele>
        <time>2007-08-19T14:47:33Z</time>
      </trkpt>
      <trkpt lat="47.581792222335935" lon="14.838792225345969">
        <ele>1381.0712891000001</ele>
        <time>2007-08-19T14:47:40Z</time>
      </trkpt>
      <trkpt lat="47.581786438822746" lon="14.838780323043466">
        <ele>1381.0712891000001</ele>
        <time>2007-08-19T14:47:41Z</time>
      </trkpt>
      <trkpt lat="47.581720473244786" lon="14.838667837902904">
        <ele>1380.1098632999999</ele>
        <time>2007-08-19T14:47:50Z</time>
      </trkpt>
      <trkpt lat="47.581703038886189" lon="14.838611595332623">
        <ele>1377.2260742000001</ele>
        <time>2007-08-19T14:47:57Z</time>
      </trkpt>
      <trkpt lat="47.581703374162316" lon="14.838598435744643">
        <ele>1377.2260742000001</ele>
        <time>2007-08-19T14:47:58Z</time>
      </trkpt>
      <trkpt lat="47.581670768558979" lon="14.838560465723276">
        <ele>1374.8227539</ele>
        <time>2007-08-19T14:48:05Z</time>
      </trkpt>
      <trkpt lat="47.581650065258145" lon="14.838515035808086">
        <ele>1372.9001464999999</ele>
        <time>2007-08-19T14:48:12Z</time>
      </trkpt>
      <trkpt lat="47.58165174163878" lon="14.838448483496904">
        <ele>1370.496582</ele>
        <time>2007-08-19T14:48:20Z</time>
      </trkpt>
      <trkpt lat="47.581654340028763" lon="14.838447058573365">
        <ele>1370.496582</ele>
        <time>2007-08-19T14:48:21Z</time>
      </trkpt>
      <trkpt lat="47.581683592870831" lon="14.838409591466188">
        <ele>1369.0546875</ele>
        <time>2007-08-19T14:48:27Z</time>
      </trkpt>
      <trkpt lat="47.581724328920245" lon="14.838338093832135">
        <ele>1367.6125488</ele>
        <time>2007-08-19T14:48:34Z</time>
      </trkpt>
      <trkpt lat="47.581725334748626" lon="14.838310517370701">
        <ele>1366.1706543</ele>
        <time>2007-08-19T14:48:40Z</time>
      </trkpt>
      <trkpt lat="47.581722820177674" lon="14.838253017514944">
        <ele>1365.2094727000001</ele>
        <time>2007-08-19T14:48:47Z</time>
      </trkpt>
      <trkpt lat="47.581710834056139" lon="14.838238935917616">
        <ele>1364.2480469</ele>
        <time>2007-08-19T14:48:49Z</time>
      </trkpt>
      <trkpt lat="47.581667834892869" lon="14.838210521265864">
        <ele>1361.8449707</ele>
        <time>2007-08-19T14:48:57Z</time>
      </trkpt>
      <trkpt lat="47.581637660041451" lon="14.838204234838486">
        <ele>1359.9221190999999</ele>
        <time>2007-08-19T14:49:03Z</time>
      </trkpt>
      <trkpt lat="47.581594241783023" lon="14.838182777166367">
        <ele>1358.4802245999999</ele>
        <time>2007-08-19T14:49:10Z</time>
      </trkpt>
      <trkpt lat="47.581560797989368" lon="14.838171796873212">
        <ele>1356.5576172000001</ele>
        <time>2007-08-19T14:49:17Z</time>
      </trkpt>
      <trkpt lat="47.581514697521925" lon="14.838118739426136">
        <ele>1353.1928711</ele>
        <time>2007-08-19T14:49:24Z</time>
      </trkpt>
      <trkpt lat="47.581499526277184" lon="14.838121170178056">
        <ele>1351.7509766000001</ele>
        <time>2007-08-19T14:49:27Z</time>
      </trkpt>
      <trkpt lat="47.581455940380692" lon="14.838097365573049">
        <ele>1350.309082</ele>
        <time>2007-08-19T14:49:35Z</time>
      </trkpt>
      <trkpt lat="47.581411264836788" lon="14.838058389723301">
        <ele>1348.3862305</ele>
        <time>2007-08-19T14:49:42Z</time>
      </trkpt>
      <trkpt lat="47.581410175189376" lon="14.838040368631482">
        <ele>1347.4250488</ele>
        <time>2007-08-19T14:49:44Z</time>
      </trkpt>
      <trkpt lat="47.581428363919258" lon="14.837975576519966">
        <ele>1346.4638672000001</ele>
        <time>2007-08-19T14:49:51Z</time>
      </trkpt>
      <trkpt lat="47.581393998116255" lon="14.837941965088248">
        <ele>1344.0605469</ele>
        <time>2007-08-19T14:49:58Z</time>
      </trkpt>
      <trkpt lat="47.581363068893552" lon="14.837906174361706">
        <ele>1342.6186522999999</ele>
        <time>2007-08-19T14:50:04Z</time>
      </trkpt>
      <trkpt lat="47.581348065286875" lon="14.837855380028486">
        <ele>1339.734375</ele>
        <time>2007-08-19T14:50:10Z</time>
      </trkpt>
      <trkpt lat="47.581319734454155" lon="14.837816236540675">
        <ele>1337.3310547000001</ele>
        <time>2007-08-19T14:50:15Z</time>
      </trkpt>
      <trkpt lat="47.581311939284205" lon="14.837771980091929">
        <ele>1335.8891602000001</ele>
        <time>2007-08-19T14:50:21Z</time>
      </trkpt>
      <trkpt lat="47.581258630380034" lon="14.837727136909962">
        <ele>1333.9665527</ele>
        <time>2007-08-19T14:50:30Z</time>
      </trkpt>
      <trkpt lat="47.581237759441137" lon="14.837657064199448">
        <ele>1332.0439452999999</ele>
        <time>2007-08-19T14:50:38Z</time>
      </trkpt>
      <trkpt lat="47.581220241263509" lon="14.837640887126327">
        <ele>1330.6020507999999</ele>
        <time>2007-08-19T14:50:41Z</time>
      </trkpt>
      <trkpt lat="47.581219235435128" lon="14.83756092377007">
        <ele>1330.1213379000001</ele>
        <time>2007-08-19T14:50:47Z</time>
      </trkpt>
      <trkpt lat="47.581192664802074" lon="14.837551033124328">
        <ele>1328.1987305</ele>
        <time>2007-08-19T14:50:49Z</time>
      </trkpt>
      <trkpt lat="47.581165758892894" lon="14.837536364793777">
        <ele>1327.2375488</ele>
        <time>2007-08-19T14:50:53Z</time>
      </trkpt>
      <trkpt lat="47.58111965842545" lon="14.837461682036519">
        <ele>1324.8342285000001</ele>
        <time>2007-08-19T14:51:01Z</time>
      </trkpt>
      <trkpt lat="47.581111527979374" lon="14.837456569075584">
        <ele>1324.3535156</ele>
        <time>2007-08-19T14:51:02Z</time>
      </trkpt>
      <trkpt lat="47.581082694232464" lon="14.837457491084933">
        <ele>1321.9499512</ele>
        <time>2007-08-19T14:51:05Z</time>
      </trkpt>
      <trkpt lat="47.581048160791397" lon="14.837422370910645">
        <ele>1320.5080565999999</ele>
        <time>2007-08-19T14:51:11Z</time>
      </trkpt>
      <trkpt lat="47.581005329266191" lon="14.83730829320848">
        <ele>1319.0661620999999</ele>
        <time>2007-08-19T14:51:20Z</time>
      </trkpt>
      <trkpt lat="47.581013040617108" lon="14.837219780310988">
        <ele>1318.1047363</ele>
        <time>2007-08-19T14:51:29Z</time>
      </trkpt>
      <trkpt lat="47.580986134707928" lon="14.83712213113904">
        <ele>1315.7016602000001</ele>
        <time>2007-08-19T14:51:37Z</time>
      </trkpt>
      <trkpt lat="47.580971466377378" lon="14.837117269635201">
        <ele>1314.7402344</ele>
        <time>2007-08-19T14:51:39Z</time>
      </trkpt>
      <trkpt lat="47.58095252327621" lon="14.83704736456275">
        <ele>1313.2983397999999</ele>
        <time>2007-08-19T14:51:47Z</time>
      </trkpt>
      <trkpt lat="47.580946823582053" lon="14.836996737867594">
        <ele>1312.3369141000001</ele>
        <time>2007-08-19T14:51:54Z</time>
      </trkpt>
      <trkpt lat="47.580927880480886" lon="14.836972430348396">
        <ele>1309.9335937999999</ele>
        <time>2007-08-19T14:52:03Z</time>
      </trkpt>
      <trkpt lat="47.580925617367029" lon="14.836965976282954">
        <ele>1309.9335937999999</ele>
        <time>2007-08-19T14:52:04Z</time>
      </trkpt>
      <trkpt lat="47.580910278484225" lon="14.836951894685626">
        <ele>1309.453125</ele>
        <time>2007-08-19T14:52:06Z</time>
      </trkpt>
      <trkpt lat="47.580879935994744" lon="14.83696379698813">
        <ele>1308.4916992000001</ele>
        <time>2007-08-19T14:52:09Z</time>
      </trkpt>
      <trkpt lat="47.580860489979386" lon="14.836977794766426">
        <ele>1307.0495605000001</ele>
        <time>2007-08-19T14:52:11Z</time>
      </trkpt>
      <trkpt lat="47.580780358985066" lon="14.837032360956073">
        <ele>1305.1269531</ele>
        <time>2007-08-19T14:52:20Z</time>
      </trkpt>
      <trkpt lat="47.580718165263534" lon="14.837053064256907">
        <ele>1303.6850586</ele>
        <time>2007-08-19T14:52:28Z</time>
      </trkpt>
      <trkpt lat="47.580691929906607" lon="14.83704543672502">
        <ele>1302.2429199000001</ele>
        <time>2007-08-19T14:52:34Z</time>
      </trkpt>
      <trkpt lat="47.580655384808779" lon="14.837000593543053">
        <ele>1300.3205565999999</ele>
        <time>2007-08-19T14:52:43Z</time>
      </trkpt>
      <trkpt lat="47.580673238262534" lon="14.836949966847897">
        <ele>1299.8398437999999</ele>
        <time>2007-08-19T14:52:50Z</time>
      </trkpt>
      <trkpt lat="47.580663431435823" lon="14.836934041231871">
        <ele>1298.878418</ele>
        <time>2007-08-19T14:52:58Z</time>
      </trkpt>
      <trkpt lat="47.580644488334656" lon="14.836932281032205">
        <ele>1297.9172363</ele>
        <time>2007-08-19T14:53:09Z</time>
      </trkpt>
      <trkpt lat="47.580641135573387" lon="14.836877128109336">
        <ele>1295.9946289</ele>
        <time>2007-08-19T14:53:17Z</time>
      </trkpt>
      <trkpt lat="47.580634597688913" lon="14.836853323504329">
        <ele>1295.5139160000001</ele>
        <time>2007-08-19T14:53:20Z</time>
      </trkpt>
      <trkpt lat="47.5806007348001" lon="14.836853239685297">
        <ele>1294.0720214999999</ele>
        <time>2007-08-19T14:53:24Z</time>
      </trkpt>
      <trkpt lat="47.5805489346385" lon="14.836908727884293">
        <ele>1293.5913086</ele>
        <time>2007-08-19T14:53:32Z</time>
      </trkpt>
      <trkpt lat="47.580526638776064" lon="14.836933789774776">
        <ele>1293.1105957</ele>
        <time>2007-08-19T14:53:42Z</time>
      </trkpt>
      <trkpt lat="47.58050006814301" lon="14.836932783946395">
        <ele>1290.7070312999999</ele>
        <time>2007-08-19T14:53:49Z</time>
      </trkpt>
      <trkpt lat="47.58048053830862" lon="14.836890790611506">
        <ele>1289.7458495999999</ele>
        <time>2007-08-19T14:53:54Z</time>
      </trkpt>
      <trkpt lat="47.580442819744349" lon="14.8368064686656">
        <ele>1287.8232422000001</ele>
        <time>2007-08-19T14:54:02Z</time>
      </trkpt>
      <trkpt lat="47.580366963520646" lon="14.836798338219523">
        <ele>1286.3813477000001</ele>
        <time>2007-08-19T14:54:10Z</time>
      </trkpt>
      <trkpt lat="47.580329161137342" lon="14.836663724854589">
        <ele>1283.9780272999999</ele>
        <time>2007-08-19T14:54:20Z</time>
      </trkpt>
      <trkpt lat="47.580304434522986" lon="14.836632879450917">
        <ele>1282.5361327999999</ele>
        <time>2007-08-19T14:54:27Z</time>
      </trkpt>
      <trkpt lat="47.58029093965888" lon="14.836630364879966">
        <ele>1281.574707</ele>
        <time>2007-08-19T14:54:29Z</time>
      </trkpt>
      <trkpt lat="47.580262273550034" lon="14.836619216948748">
        <ele>1280.6135254000001</ele>
        <time>2007-08-19T14:54:32Z</time>
      </trkpt>
      <trkpt lat="47.580234277993441" lon="14.836590634658933">
        <ele>1278.2102050999999</ele>
        <time>2007-08-19T14:54:38Z</time>
      </trkpt>
      <trkpt lat="47.580177867785096" lon="14.836609661579132">
        <ele>1277.2490233999999</ele>
        <time>2007-08-19T14:54:46Z</time>
      </trkpt>
      <trkpt lat="47.580149117857218" lon="14.836613265797496">
        <ele>1275.8066406</ele>
        <time>2007-08-19T14:54:50Z</time>
      </trkpt>
      <trkpt lat="47.580049876123667" lon="14.836678141728044">
        <ele>1273.4035644999999</ele>
        <time>2007-08-19T14:54:59Z</time>
      </trkpt>
      <trkpt lat="47.579976199194789" lon="14.836748633533716">
        <ele>1271.0002440999999</ele>
        <time>2007-08-19T14:55:08Z</time>
      </trkpt>
      <trkpt lat="47.579929679632187" lon="14.836774785071611">
        <ele>1269.5583495999999</ele>
        <time>2007-08-19T14:55:14Z</time>
      </trkpt>
      <trkpt lat="47.579891290515661" lon="14.836764894425869">
        <ele>1268.1162108999999</ele>
        <time>2007-08-19T14:55:17Z</time>
      </trkpt>
      <trkpt lat="47.579855499789119" lon="14.836839493364096">
        <ele>1267.1550293</ele>
        <time>2007-08-19T14:55:23Z</time>
      </trkpt>
      <trkpt lat="47.579833539202809" lon="14.836945021525025">
        <ele>1265.7131348</ele>
        <time>2007-08-19T14:55:32Z</time>
      </trkpt>
      <trkpt lat="47.579798419028521" lon="14.836974525824189">
        <ele>1263.7902832</ele>
        <time>2007-08-19T14:55:40Z</time>
      </trkpt>
      <trkpt lat="47.579807136207819" lon="14.837037976831198">
        <ele>1262.3483887</ele>
        <time>2007-08-19T14:55:46Z</time>
      </trkpt>
      <trkpt lat="47.579819038510323" lon="14.837132189422846">
        <ele>1258.9836425999999</ele>
        <time>2007-08-19T14:55:53Z</time>
      </trkpt>
      <trkpt lat="47.579819289967418" lon="14.837144678458571">
        <ele>1258.5029297000001</ele>
        <time>2007-08-19T14:55:54Z</time>
      </trkpt>
      <trkpt lat="47.579840831458569" lon="14.837247440591455">
        <ele>1258.0224608999999</ele>
        <time>2007-08-19T14:56:02Z</time>
      </trkpt>
      <trkpt lat="47.579829934984446" lon="14.83729706145823">
        <ele>1256.0996094</ele>
        <time>2007-08-19T14:56:09Z</time>
      </trkpt>
      <trkpt lat="47.579814093187451" lon="14.837333941832185">
        <ele>1254.1772461</ele>
        <time>2007-08-19T14:56:17Z</time>
      </trkpt>
      <trkpt lat="47.579806465655565" lon="14.837332936003804">
        <ele>1253.6965332</ele>
        <time>2007-08-19T14:56:18Z</time>
      </trkpt>
      <trkpt lat="47.579774782061577" lon="14.837368978187442">
        <ele>1252.7351074000001</ele>
        <time>2007-08-19T14:56:24Z</time>
      </trkpt>
      <trkpt lat="47.579749217256904" lon="14.837367637082934">
        <ele>1250.8125</ele>
        <time>2007-08-19T14:56:31Z</time>
      </trkpt>
      <trkpt lat="47.579748379066586" lon="14.837387669831514">
        <ele>1249.3706055</ele>
        <time>2007-08-19T14:56:35Z</time>
      </trkpt>
      <trkpt lat="47.579752737656236" lon="14.837446929886937">
        <ele>1247.9287108999999</ele>
        <time>2007-08-19T14:56:41Z</time>
      </trkpt>
      <trkpt lat="47.579756593331695" lon="14.837527563795447">
        <ele>1246.0061035000001</ele>
        <time>2007-08-19T14:56:48Z</time>
      </trkpt>
      <trkpt lat="47.579724825918674" lon="14.837563438341022">
        <ele>1245.0446777</ele>
        <time>2007-08-19T14:56:54Z</time>
      </trkpt>
      <trkpt lat="47.579655088484287" lon="14.837538124993443">
        <ele>1241.1992187999999</ele>
        <time>2007-08-19T14:57:03Z</time>
      </trkpt>
      <trkpt lat="47.579647293314338" lon="14.837530832737684">
        <ele>1241.1992187999999</ele>
        <time>2007-08-19T14:57:04Z</time>
      </trkpt>
      <trkpt lat="47.579604377970099" lon="14.837510464712977">
        <ele>1239.2766113</ele>
        <time>2007-08-19T14:57:12Z</time>
      </trkpt>
      <trkpt lat="47.579561127349734" lon="14.837546339258552">
        <ele>1237.3540039</ele>
        <time>2007-08-19T14:57:21Z</time>
      </trkpt>
      <trkpt lat="47.579564480111003" lon="14.83756092377007">
        <ele>1236.8732910000001</ele>
        <time>2007-08-19T14:57:22Z</time>
      </trkpt>
      <trkpt lat="47.579568587243557" lon="14.837657064199448">
        <ele>1235.9121094</ele>
        <time>2007-08-19T14:57:30Z</time>
      </trkpt>
      <trkpt lat="47.57956582121551" lon="14.83770752325654">
        <ele>1233.9895019999999</ele>
        <time>2007-08-19T14:57:35Z</time>
      </trkpt>
      <trkpt lat="47.579557690769434" lon="14.837771980091929">
        <ele>1232.5476074000001</ele>
        <time>2007-08-19T14:57:42Z</time>
      </trkpt>
      <trkpt lat="47.579550817608833" lon="14.837787570431828">
        <ele>1231.1057129000001</ele>
        <time>2007-08-19T14:57:45Z</time>
      </trkpt>
      <trkpt lat="47.579541262239218" lon="14.837878094986081">
        <ele>1229.6635742000001</ele>
        <time>2007-08-19T14:57:51Z</time>
      </trkpt>
      <trkpt lat="47.579539082944393" lon="14.837954621762037">
        <ele>1228.7023925999999</ele>
        <time>2007-08-19T14:57:57Z</time>
      </trkpt>
      <trkpt lat="47.57953941822052" lon="14.837965434417129">
        <ele>1228.7023925999999</ele>
        <time>2007-08-19T14:57:58Z</time>
      </trkpt>
      <trkpt lat="47.579547883942723" lon="14.838074734434485">
        <ele>1226.2988281</ele>
        <time>2007-08-19T14:58:06Z</time>
      </trkpt>
      <trkpt lat="47.579545034095645" lon="14.838137095794082">
        <ele>1225.8181152</ele>
        <time>2007-08-19T14:58:12Z</time>
      </trkpt>
      <trkpt lat="47.579526090994477" lon="14.83818537555635">
        <ele>1223.4150391000001</ele>
        <time>2007-08-19T14:58:19Z</time>
      </trkpt>
      <trkpt lat="47.579495077952743" lon="14.838233487680554">
        <ele>1221.4921875</ele>
        <time>2007-08-19T14:58:27Z</time>
      </trkpt>
      <trkpt lat="47.579496586695313" lon="14.838292496278882">
        <ele>1220.5310059000001</ele>
        <time>2007-08-19T14:58:34Z</time>
      </trkpt>
      <trkpt lat="47.579497676342726" lon="14.838312193751335">
        <ele>1219.0891113</ele>
        <time>2007-08-19T14:58:37Z</time>
      </trkpt>
      <trkpt lat="47.579494239762425" lon="14.838342787697911">
        <ele>1217.1665039</ele>
        <time>2007-08-19T14:58:42Z</time>
      </trkpt>
      <trkpt lat="47.579488540068269" lon="14.838425684720278">
        <ele>1214.7631836</ele>
        <time>2007-08-19T14:58:51Z</time>
      </trkpt>
      <trkpt lat="47.579468423500657" lon="14.838475389406085">
        <ele>1213.8017577999999</ele>
        <time>2007-08-19T14:58:56Z</time>
      </trkpt>
      <trkpt lat="47.579450570046902" lon="14.838542360812426">
        <ele>1210.9177245999999</ele>
        <time>2007-08-19T14:59:03Z</time>
      </trkpt>
      <trkpt lat="47.579462891444564" lon="14.83856113627553">
        <ele>1210.9177245999999</ele>
        <time>2007-08-19T14:59:05Z</time>
      </trkpt>
      <trkpt lat="47.579485941678286" lon="14.838649984449148">
        <ele>1208.9951172000001</ele>
        <time>2007-08-19T14:59:12Z</time>
      </trkpt>
      <trkpt lat="47.579495077952743" lon="14.838739084079862">
        <ele>1207.5532227000001</ele>
        <time>2007-08-19T14:59:19Z</time>
      </trkpt>
      <trkpt lat="47.579501364380121" lon="14.838822232559323">
        <ele>1206.5917969</ele>
        <time>2007-08-19T14:59:25Z</time>
      </trkpt>
      <trkpt lat="47.579492060467601" lon="14.838947961106896">
        <ele>1204.1887207</ele>
        <time>2007-08-19T14:59:33Z</time>
      </trkpt>
      <trkpt lat="47.57950128056109" lon="14.839017782360315">
        <ele>1202.746582</ele>
        <time>2007-08-19T14:59:39Z</time>
      </trkpt>
      <trkpt lat="47.579508824273944" lon="14.839087435975671">
        <ele>1200.8239745999999</ele>
        <time>2007-08-19T14:59:46Z</time>
      </trkpt>
      <trkpt lat="47.579513769596815" lon="14.83918416313827">
        <ele>1197.4594727000001</ele>
        <time>2007-08-19T14:59:55Z</time>
      </trkpt>
      <trkpt lat="47.579513434320688" lon="14.839187934994698">
        <ele>1197.4594727000001</ele>
        <time>2007-08-19T14:59:56Z</time>
      </trkpt>
      <trkpt lat="47.57950522005558" lon="14.83924032188952">
        <ele>1195.0559082</ele>
        <time>2007-08-19T15:00:06Z</time>
      </trkpt>
      <trkpt lat="47.579500861465931" lon="14.839281979948282">
        <ele>1194.5751952999999</ele>
        <time>2007-08-19T15:00:12Z</time>
      </trkpt>
      <trkpt lat="47.579505387693644" lon="14.839329840615392">
        <ele>1194.0947266000001</ele>
        <time>2007-08-19T15:00:20Z</time>
      </trkpt>
      <trkpt lat="47.579500526189804" lon="14.839371079578996">
        <ele>1192.1721190999999</ele>
        <time>2007-08-19T15:00:29Z</time>
      </trkpt>
      <trkpt lat="47.579507986083627" lon="14.839435117319226">
        <ele>1190.7299805</ele>
        <time>2007-08-19T15:00:36Z</time>
      </trkpt>
      <trkpt lat="47.579524582251906" lon="14.839523127302527">
        <ele>1189.7687988</ele>
        <time>2007-08-19T15:00:44Z</time>
      </trkpt>
      <trkpt lat="47.579526426270604" lon="14.839601162821054">
        <ele>1189.2880858999999</ele>
        <time>2007-08-19T15:00:52Z</time>
      </trkpt>
      <trkpt lat="47.579534724354744" lon="14.839683137834072">
        <ele>1189.2880858999999</ele>
        <time>2007-08-19T15:01:01Z</time>
      </trkpt>
      <trkpt lat="47.579555595293641" lon="14.839712390676141">
        <ele>1189.7687988</ele>
        <time>2007-08-19T15:01:08Z</time>
      </trkpt>
      <trkpt lat="47.579563893377781" lon="14.839704763144255">
        <ele>1189.2880858999999</ele>
        <time>2007-08-19T15:01:21Z</time>
      </trkpt>
      <trkpt lat="47.579572778195143" lon="14.839741559699178">
        <ele>1188.8076172000001</ele>
        <time>2007-08-19T15:01:28Z</time>
      </trkpt>
      <trkpt lat="47.579561630263925" lon="14.839782882481813">
        <ele>1187.3654785000001</ele>
        <time>2007-08-19T15:01:37Z</time>
      </trkpt>
      <trkpt lat="47.579551571980119" lon="14.839845579117537">
        <ele>1184.0009766000001</ele>
        <time>2007-08-19T15:01:43Z</time>
      </trkpt>
      <trkpt lat="47.579533634707332" lon="14.839902324602008">
        <ele>1183.0395507999999</ele>
        <time>2007-08-19T15:01:51Z</time>
      </trkpt>
      <trkpt lat="47.579503376036882" lon="14.839959489181638">
        <ele>1181.5976562999999</ele>
        <time>2007-08-19T15:02:01Z</time>
      </trkpt>
      <trkpt lat="47.579482588917017" lon="14.840033333748579">
        <ele>1180.6364745999999</ele>
        <time>2007-08-19T15:02:09Z</time>
      </trkpt>
      <trkpt lat="47.579461131244898" lon="14.8400944378227">
        <ele>1175.8295897999999</ele>
        <time>2007-08-19T15:02:16Z</time>
      </trkpt>
      <trkpt lat="47.579460041597486" lon="14.840103993192315">
        <ele>1175.8295897999999</ele>
        <time>2007-08-19T15:02:17Z</time>
      </trkpt>
      <trkpt lat="47.579457024112344" lon="14.840132240206003">
        <ele>1174.8684082</ele>
        <time>2007-08-19T15:02:19Z</time>
      </trkpt>
      <trkpt lat="47.579427435994148" lon="14.840204995125532">
        <ele>1172.9458007999999</ele>
        <time>2007-08-19T15:02:28Z</time>
      </trkpt>
      <trkpt lat="47.57940698415041" lon="14.840242965146899">
        <ele>1171.984375</ele>
        <time>2007-08-19T15:02:35Z</time>
      </trkpt>
      <trkpt lat="47.579393070191145" lon="14.840296441689134">
        <ele>1171.0231934000001</ele>
        <time>2007-08-19T15:02:41Z</time>
      </trkpt>
      <trkpt lat="47.579385191202164" lon="14.840302560478449">
        <ele>1170.5424805</ele>
        <time>2007-08-19T15:02:43Z</time>
      </trkpt>
      <trkpt lat="47.579350490123034" lon="14.840348325669765">
        <ele>1169.1005858999999</ele>
        <time>2007-08-19T15:02:49Z</time>
      </trkpt>
      <trkpt lat="47.579286033287644" lon="14.840432479977608">
        <ele>1166.6972656</ele>
        <time>2007-08-19T15:02:59Z</time>
      </trkpt>
      <trkpt lat="47.579235238954425" lon="14.84049316495657">
        <ele>1164.2939452999999</ele>
        <time>2007-08-19T15:03:07Z</time>
      </trkpt>
      <trkpt lat="47.579248566180468" lon="14.840543959289789">
        <ele>1162.3710937999999</ele>
        <time>2007-08-19T15:03:15Z</time>
      </trkpt>
      <trkpt lat="47.579256277531385" lon="14.840612774714828">
        <ele>1160.4484863</ele>
        <time>2007-08-19T15:03:21Z</time>
      </trkpt>
      <trkpt lat="47.579246638342738" lon="14.840677985921502">
        <ele>1158.0454102000001</ele>
        <time>2007-08-19T15:03:27Z</time>
      </trkpt>
      <trkpt lat="47.579212859272957" lon="14.840725595131516">
        <ele>1156.6032714999999</ele>
        <time>2007-08-19T15:03:34Z</time>
      </trkpt>
      <trkpt lat="47.579196933656931" lon="14.840771863237023">
        <ele>1155.6420897999999</ele>
        <time>2007-08-19T15:03:41Z</time>
      </trkpt>
      <trkpt lat="47.579182097688317" lon="14.840825172141194">
        <ele>1154.6806641000001</ele>
        <time>2007-08-19T15:03:51Z</time>
      </trkpt>
      <trkpt lat="47.579167177900672" lon="14.840860879048705">
        <ele>1153.7194824000001</ele>
        <time>2007-08-19T15:04:01Z</time>
      </trkpt>
      <trkpt lat="47.579166758805513" lon="14.840925838798285">
        <ele>1152.2773437999999</ele>
        <time>2007-08-19T15:04:10Z</time>
      </trkpt>
      <trkpt lat="47.579162819311023" lon="14.840962635353208">
        <ele>1150.8354492000001</ele>
        <time>2007-08-19T15:04:21Z</time>
      </trkpt>
      <trkpt lat="47.579141864553094" lon="14.840958779677749">
        <ele>1148.9128418</ele>
        <time>2007-08-19T15:04:25Z</time>
      </trkpt>
      <trkpt lat="47.579121580347419" lon="14.840944865718484">
        <ele>1147.9514160000001</ele>
        <time>2007-08-19T15:04:33Z</time>
      </trkpt>
      <trkpt lat="47.579118059948087" lon="14.840950565412641">
        <ele>1148.4321289</ele>
        <time>2007-08-19T15:04:56Z</time>
      </trkpt>
      <trkpt lat="47.579106241464615" lon="14.840957438573241">
        <ele>1147.4707031</ele>
        <time>2007-08-19T15:04:59Z</time>
      </trkpt>
      <trkpt lat="47.579085286706686" lon="14.840996162965894">
        <ele>1145.5480957</ele>
        <time>2007-08-19T15:05:07Z</time>
      </trkpt>
      <trkpt lat="47.579069528728724" lon="14.841029522940516">
        <ele>1144.1062012</ele>
        <time>2007-08-19T15:05:15Z</time>
      </trkpt>
      <trkpt lat="47.579091489315033" lon="14.841064140200615">
        <ele>1142.6643065999999</ele>
        <time>2007-08-19T15:05:21Z</time>
      </trkpt>
      <trkpt lat="47.579132141545415" lon="14.841126417741179">
        <ele>1140.7414550999999</ele>
        <time>2007-08-19T15:05:29Z</time>
      </trkpt>
      <trkpt lat="47.579108839854598" lon="14.841190539300442">
        <ele>1138.3383789</ele>
        <time>2007-08-19T15:05:38Z</time>
      </trkpt>
      <trkpt lat="47.579099033027887" lon="14.841230437159538">
        <ele>1136.8962402</ele>
        <time>2007-08-19T15:05:47Z</time>
      </trkpt>
      <trkpt lat="47.579099284484982" lon="14.841249966993928">
        <ele>1134.9738769999999</ele>
        <time>2007-08-19T15:05:57Z</time>
      </trkpt>
      <trkpt lat="47.57908352650702" lon="14.84126279130578">
        <ele>1134.4931641000001</ele>
        <time>2007-08-19T15:06:04Z</time>
      </trkpt>
      <trkpt lat="47.579073887318373" lon="14.841291038319468">
        <ele>1133.0510254000001</ele>
        <time>2007-08-19T15:06:12Z</time>
      </trkpt>
      <trkpt lat="47.579057961702347" lon="14.841312160715461">
        <ele>1132.5705565999999</ele>
        <time>2007-08-19T15:06:21Z</time>
      </trkpt>
      <trkpt lat="47.579037258401513" lon="14.841322218999267">
        <ele>1130.6477050999999</ele>
        <time>2007-08-19T15:06:30Z</time>
      </trkpt>
      <trkpt lat="47.579025272279978" lon="14.84136588871479">
        <ele>1129.2055664</ele>
        <time>2007-08-19T15:06:40Z</time>
      </trkpt>
      <trkpt lat="47.579026697203517" lon="14.841395728290081">
        <ele>1127.7636719</ele>
        <time>2007-08-19T15:06:51Z</time>
      </trkpt>
      <trkpt lat="47.579024937003851" lon="14.841399416327477">
        <ele>1127.7636719</ele>
        <time>2007-08-19T15:07:01Z</time>
      </trkpt>
      <trkpt lat="47.579040694981813" lon="14.841374438256025">
        <ele>1126.8024902</ele>
        <time>2007-08-19T15:07:28Z</time>
      </trkpt>
      <trkpt lat="47.579014291986823" lon="14.841434536501765">
        <ele>1123.918457</ele>
        <time>2007-08-19T15:07:40Z</time>
      </trkpt>
      <trkpt lat="47.579004568979144" lon="14.8414689861238">
        <ele>1121.5151367000001</ele>
        <time>2007-08-19T15:07:49Z</time>
      </trkpt>
      <trkpt lat="47.578994426876307" lon="14.841482816264033">
        <ele>1120.0732422000001</ele>
        <time>2007-08-19T15:07:55Z</time>
      </trkpt>
      <trkpt lat="47.578977076336741" lon="14.841549536213279">
        <ele>1117.6699219</ele>
        <time>2007-08-19T15:08:03Z</time>
      </trkpt>
      <trkpt lat="47.578939022496343" lon="14.841600582003593">
        <ele>1117.6699219</ele>
        <time>2007-08-19T15:08:40Z</time>
      </trkpt>
      <trkpt lat="47.57890515960753" lon="14.841653639450669">
        <ele>1115.7473144999999</ele>
        <time>2007-08-19T15:08:49Z</time>
      </trkpt>
      <trkpt lat="47.578896023333073" lon="14.841645173728466">
        <ele>1114.3051757999999</ele>
        <time>2007-08-19T15:08:56Z</time>
      </trkpt>
      <trkpt lat="47.578869285061955" lon="14.841698231175542">
        <ele>1112.3825684000001</ele>
        <time>2007-08-19T15:09:05Z</time>
      </trkpt>
      <trkpt lat="47.578863082453609" lon="14.841723963618279">
        <ele>1110.4599608999999</ele>
        <time>2007-08-19T15:09:12Z</time>
      </trkpt>
      <trkpt lat="47.57883676327765" lon="14.841762017458677">
        <ele>1108.5373535000001</ele>
        <time>2007-08-19T15:09:22Z</time>
      </trkpt>
      <trkpt lat="47.578823519870639" lon="14.841723795980215">
        <ele>1107.5761719</ele>
        <time>2007-08-19T15:09:34Z</time>
      </trkpt>
      <trkpt lat="47.578829722478986" lon="14.841755479574203">
        <ele>1107.0954589999999</ele>
        <time>2007-08-19T15:10:01Z</time>
      </trkpt>
      <trkpt lat="47.578849336132407" lon="14.841806022450328">
        <ele>1105.6535644999999</ele>
        <time>2007-08-19T15:10:13Z</time>
      </trkpt>
      <trkpt lat="47.578844977542758" lon="14.841828821226954">
        <ele>1104.6921387</ele>
        <time>2007-08-19T15:10:21Z</time>
      </trkpt>
      <trkpt lat="47.578852688893676" lon="14.841842819005251">
        <ele>1104.2116699000001</ele>
        <time>2007-08-19T15:10:31Z</time>
      </trkpt>
      <trkpt lat="47.578829135745764" lon="14.84184617176652">
        <ele>1104.2116699000001</ele>
        <time>2007-08-19T15:10:40Z</time>
      </trkpt>
      <trkpt lat="47.578825280070305" lon="14.841863019391894">
        <ele>1103.2502440999999</ele>
        <time>2007-08-19T15:10:47Z</time>
      </trkpt>
      <trkpt lat="47.578826537355781" lon="14.841880537569523">
        <ele>1102.2888184000001</ele>
        <time>2007-08-19T15:10:55Z</time>
      </trkpt>
      <trkpt lat="47.578816562891006" lon="14.841909287497401">
        <ele>1101.3276367000001</ele>
        <time>2007-08-19T15:11:02Z</time>
      </trkpt>
      <trkpt lat="47.57879912853241" lon="14.841894786804914">
        <ele>1100.3664550999999</ele>
        <time>2007-08-19T15:11:08Z</time>
      </trkpt>
      <trkpt lat="47.578772641718388" lon="14.841900989413261">
        <ele>1098.4433594</ele>
        <time>2007-08-19T15:11:16Z</time>
      </trkpt>
      <trkpt lat="47.578786639496684" lon="14.841934768483043">
        <ele>1097.0014647999999</ele>
        <time>2007-08-19T15:11:36Z</time>
      </trkpt>
      <trkpt lat="47.578790578991175" lon="14.841944826766849">
        <ele>1096.5209961</ele>
        <time>2007-08-19T15:11:50Z</time>
      </trkpt>
      <trkpt lat="47.578792339190841" lon="14.841952538117766">
        <ele>1096.5209961</ele>
        <time>2007-08-19T15:11:57Z</time>
      </trkpt>
      <trkpt lat="47.578780520707369" lon="14.841963518410921">
        <ele>1096.0402832</ele>
        <time>2007-08-19T15:12:12Z</time>
      </trkpt>
      <trkpt lat="47.578768618404865" lon="14.841983299702406">
        <ele>1095.5595702999999</ele>
        <time>2007-08-19T15:12:20Z</time>
      </trkpt>
      <trkpt lat="47.578755123540759" lon="14.842018419876695">
        <ele>1093.6369629000001</ele>
        <time>2007-08-19T15:12:28Z</time>
      </trkpt>
      <trkpt lat="47.578721763566136" lon="14.842080362141132">
        <ele>1090.7529297000001</ele>
        <time>2007-08-19T15:12:37Z</time>
      </trkpt>
      <trkpt lat="47.578697539865971" lon="14.842091929167509">
        <ele>1088.3498535000001</ele>
        <time>2007-08-19T15:12:44Z</time>
      </trkpt>
      <trkpt lat="47.578679686412215" lon="14.842102993279696">
        <ele>1086.9077147999999</ele>
        <time>2007-08-19T15:12:50Z</time>
      </trkpt>
      <trkpt lat="47.578666526824236" lon="14.842109782621264">
        <ele>1085.4658202999999</ele>
        <time>2007-08-19T15:12:57Z</time>
      </trkpt>
      <trkpt lat="47.578625539317727" lon="14.842128893360496">
        <ele>1084.5046387</ele>
        <time>2007-08-19T15:13:05Z</time>
      </trkpt>
      <trkpt lat="47.578611960634589" lon="14.842185638844967">
        <ele>1083.0622559000001</ele>
        <time>2007-08-19T15:13:13Z</time>
      </trkpt>
      <trkpt lat="47.578589664772153" lon="14.842210281640291">
        <ele>1081.1398925999999</ele>
        <time>2007-08-19T15:13:22Z</time>
      </trkpt>
      <trkpt lat="47.578590670600533" lon="14.84225713647902">
        <ele>1080.1784668</ele>
        <time>2007-08-19T15:13:28Z</time>
      </trkpt>
      <trkpt lat="47.578591089695692" lon="14.842311535030603">
        <ele>1076.8139647999999</ele>
        <time>2007-08-19T15:13:38Z</time>
      </trkpt>
      <trkpt lat="47.578578181564808" lon="14.842301979660988">
        <ele>1075.3718262</ele>
        <time>2007-08-19T15:13:45Z</time>
      </trkpt>
      <trkpt lat="47.578587820753455" lon="14.842359898611903">
        <ele>1073.9299315999999</ele>
        <time>2007-08-19T15:13:55Z</time>
      </trkpt>
      <trkpt lat="47.578580277040601" lon="14.84237096272409">
        <ele>1073.4494629000001</ele>
        <time>2007-08-19T15:14:03Z</time>
      </trkpt>
      <trkpt lat="47.578568458557129" lon="14.842348080128431">
        <ele>1072.96875</ele>
        <time>2007-08-19T15:14:09Z</time>
      </trkpt>
      <trkpt lat="47.578565189614892" lon="14.84236316755414">
        <ele>1071.5266113</ele>
        <time>2007-08-19T15:14:18Z</time>
      </trkpt>
      <trkpt lat="47.578537864610553" lon="14.842367861419916">
        <ele>1070.5654297000001</ele>
        <time>2007-08-19T15:14:27Z</time>
      </trkpt>
      <trkpt lat="47.578523196280003" lon="14.84236266463995">
        <ele>1069.6042480000001</ele>
        <time>2007-08-19T15:14:34Z</time>
      </trkpt>
      <trkpt lat="47.578484639525414" lon="14.84234849922359">
        <ele>1069.1235352000001</ele>
        <time>2007-08-19T15:14:47Z</time>
      </trkpt>
      <trkpt lat="47.578470725566149" lon="14.842370040714741">
        <ele>1067.6811522999999</ele>
        <time>2007-08-19T15:14:55Z</time>
      </trkpt>
      <trkpt lat="47.578462092205882" lon="14.842411195859313">
        <ele>1066.2392577999999</ele>
        <time>2007-08-19T15:15:01Z</time>
      </trkpt>
      <trkpt lat="47.578473659232259" lon="14.842457296326756">
        <ele>1064.7973632999999</ele>
        <time>2007-08-19T15:15:10Z</time>
      </trkpt>
      <trkpt lat="47.578464522957802" lon="14.84248973429203">
        <ele>1062.394043</ele>
        <time>2007-08-19T15:15:17Z</time>
      </trkpt>
      <trkpt lat="47.578434683382511" lon="14.842490237206221">
        <ele>1060.9521483999999</ele>
        <time>2007-08-19T15:15:25Z</time>
      </trkpt>
      <trkpt lat="47.578451866284013" lon="14.842497697100043">
        <ele>1060.4714355000001</ele>
        <time>2007-08-19T15:15:33Z</time>
      </trkpt>
      <trkpt lat="47.57844633422792" lon="14.842519490048289">
        <ele>1059.0295410000001</ele>
        <time>2007-08-19T15:15:41Z</time>
      </trkpt>
      <trkpt lat="47.578422361984849" lon="14.842536840587854">
        <ele>1057.1069336</ele>
        <time>2007-08-19T15:15:47Z</time>
      </trkpt>
      <trkpt lat="47.578428061679006" lon="14.842550838366151">
        <ele>1056.6262207</ele>
        <time>2007-08-19T15:15:58Z</time>
      </trkpt>
      <trkpt lat="47.578434180468321" lon="14.842568272724748">
        <ele>1055.6650391000001</ele>
        <time>2007-08-19T15:16:09Z</time>
      </trkpt>
      <trkpt lat="47.578432587906718" lon="14.842591239139438">
        <ele>1054.7036132999999</ele>
        <time>2007-08-19T15:16:16Z</time>
      </trkpt>
      <trkpt lat="47.578439293429255" lon="14.842614373192191">
        <ele>1054.7036132999999</ele>
        <time>2007-08-19T15:16:25Z</time>
      </trkpt>
      <trkpt lat="47.578419931232929" lon="14.8426294606179">
        <ele>1053.2617187999999</ele>
        <time>2007-08-19T15:16:33Z</time>
      </trkpt>
      <trkpt lat="47.578420685604215" lon="14.842641027644277">
        <ele>1052.7810059000001</ele>
        <time>2007-08-19T15:16:41Z</time>
      </trkpt>
      <trkpt lat="47.578419260680676" lon="14.842660641297698">
        <ele>1050.8581543</ele>
        <time>2007-08-19T15:17:02Z</time>
      </trkpt>
      <trkpt lat="47.578383721411228" lon="14.842676818370819">
        <ele>1049.4162598</ele>
        <time>2007-08-19T15:17:11Z</time>
      </trkpt>
      <trkpt lat="47.578354636207223" lon="14.842658378183842">
        <ele>1048.9355469</ele>
        <time>2007-08-19T15:17:19Z</time>
      </trkpt>
      <trkpt lat="47.578342063352466" lon="14.842679165303707">
        <ele>1046.5324707</ele>
        <time>2007-08-19T15:17:27Z</time>
      </trkpt>
      <trkpt lat="47.57833443582058" lon="14.842683775350451">
        <ele>1046.0517577999999</ele>
        <time>2007-08-19T15:17:35Z</time>
      </trkpt>
      <trkpt lat="47.578345919027925" lon="14.842714788392186">
        <ele>1044.1291504000001</ele>
        <time>2007-08-19T15:17:45Z</time>
      </trkpt>
      <trkpt lat="47.578299064189196" lon="14.842705819755793">
        <ele>1042.6872559000001</ele>
        <time>2007-08-19T15:17:53Z</time>
      </trkpt>
      <trkpt lat="47.578305685892701" lon="14.842742197215557">
        <ele>1041.7258300999999</ele>
        <time>2007-08-19T15:17:58Z</time>
      </trkpt>
      <trkpt lat="47.578323958441615" lon="14.842770863324404">
        <ele>1040.7644043</ele>
        <time>2007-08-19T15:18:06Z</time>
      </trkpt>
      <trkpt lat="47.578347763046622" lon="14.842797433957458">
        <ele>1039.3225098</ele>
        <time>2007-08-19T15:18:14Z</time>
      </trkpt>
      <trkpt lat="47.578348098322749" lon="14.842805564403534">
        <ele>1038.3613281</ele>
        <time>2007-08-19T15:18:24Z</time>
      </trkpt>
      <trkpt lat="47.578299399465322" lon="14.842792237177491">
        <ele>1037.8806152</ele>
        <time>2007-08-19T15:18:57Z</time>
      </trkpt>
      <trkpt lat="47.578285234048963" lon="14.84279659576714">
        <ele>1035.4770507999999</ele>
        <time>2007-08-19T15:19:14Z</time>
      </trkpt>
      <trkpt lat="47.578271236270666" lon="14.842822076752782">
        <ele>1034.5158690999999</ele>
        <time>2007-08-19T15:19:19Z</time>
      </trkpt>
      <trkpt lat="47.578311637043953" lon="14.842898268252611">
        <ele>1032.1125488</ele>
        <time>2007-08-19T15:19:28Z</time>
      </trkpt>
      <trkpt lat="47.57830954156816" lon="14.842942776158452">
        <ele>1030.1899414</ele>
        <time>2007-08-19T15:19:36Z</time>
      </trkpt>
      <trkpt lat="47.578298477455974" lon="14.842960126698017">
        <ele>1029.7092285000001</ele>
        <time>2007-08-19T15:19:46Z</time>
      </trkpt>
      <trkpt lat="47.578270062804222" lon="14.842961132526398">
        <ele>1028.7480469</ele>
        <time>2007-08-19T15:19:58Z</time>
      </trkpt>
      <trkpt lat="47.578262435272336" lon="14.842985523864627">
        <ele>1026.3447266000001</ele>
        <time>2007-08-19T15:20:06Z</time>
      </trkpt>
      <trkpt lat="47.578280624002218" lon="14.843010166659951">
        <ele>1025.3833007999999</ele>
        <time>2007-08-19T15:20:14Z</time>
      </trkpt>
      <trkpt lat="47.578280791640282" lon="14.843040173873305">
        <ele>1023.4609375</ele>
        <time>2007-08-19T15:20:20Z</time>
      </trkpt>
      <trkpt lat="47.578289341181517" lon="14.843029528856277">
        <ele>1022.4995117</ele>
        <time>2007-08-19T15:20:46Z</time>
      </trkpt>
      <trkpt lat="47.578277438879013" lon="14.843040341511369">
        <ele>1021.5380859000001</ele>
        <time>2007-08-19T15:20:53Z</time>
      </trkpt>
      <trkpt lat="47.578270481899381" lon="14.84303891658783">
        <ele>1019.6154785</ele>
        <time>2007-08-19T15:21:00Z</time>
      </trkpt>
      <trkpt lat="47.578275259584188" lon="14.843043023720384">
        <ele>1019.6154785</ele>
        <time>2007-08-19T15:21:09Z</time>
      </trkpt>
      <trkpt lat="47.578248186036944" lon="14.843048891052604">
        <ele>1018.6540527</ele>
        <time>2007-08-19T15:21:20Z</time>
      </trkpt>
      <trkpt lat="47.578228237107396" lon="14.843060793355107">
        <ele>1017.692627</ele>
        <time>2007-08-19T15:21:26Z</time>
      </trkpt>
      <trkpt lat="47.578212060034275" lon="14.843083340674639">
        <ele>1016.2507323999999</ele>
        <time>2007-08-19T15:21:33Z</time>
      </trkpt>
      <trkpt lat="47.578227398917079" lon="14.843104965984821">
        <ele>1015.7702637</ele>
        <time>2007-08-19T15:21:41Z</time>
      </trkpt>
      <trkpt lat="47.578235361725092" lon="14.843127261847258">
        <ele>1015.7702637</ele>
        <time>2007-08-19T15:21:52Z</time>
      </trkpt>
      <trkpt lat="47.578224968165159" lon="14.843132793903351">
        <ele>1015.2895508</ele>
        <time>2007-08-19T15:21:58Z</time>
      </trkpt>
      <trkpt lat="47.578243324533105" lon="14.843214266002178">
        <ele>1012.4055176000001</ele>
        <time>2007-08-19T15:22:08Z</time>
      </trkpt>
      <trkpt lat="47.578255562111735" lon="14.843247625976801">
        <ele>1009.5217285</ele>
        <time>2007-08-19T15:23:50Z</time>
      </trkpt>
      <trkpt lat="47.578255394473672" lon="14.843260534107685">
        <ele>1008.079834</ele>
        <time>2007-08-19T15:23:57Z</time>
      </trkpt>
      <trkpt lat="47.578275259584188" lon="14.843286434188485">
        <ele>1007.1184082</ele>
        <time>2007-08-19T15:24:08Z</time>
      </trkpt>
      <trkpt lat="47.578284731134772" lon="14.843289367854595">
        <ele>1004.7150879</ele>
        <time>2007-08-19T15:24:20Z</time>
      </trkpt>
      <trkpt lat="47.57825723849237" lon="14.843303533270955">
        <ele>1003.2729492</ele>
        <time>2007-08-19T15:24:28Z</time>
      </trkpt>
      <trkpt lat="47.578246761113405" lon="14.843300431966782">
        <ele>1001.8310547</ele>
        <time>2007-08-19T15:24:32Z</time>
      </trkpt>
      <trkpt lat="47.578242737799883" lon="14.843319123610854">
        <ele>1001.8310547</ele>
        <time>2007-08-19T15:24:39Z</time>
      </trkpt>
      <trkpt lat="47.578236283734441" lon="14.843328092247248">
        <ele>999.90844730000003</ele>
        <time>2007-08-19T15:24:47Z</time>
      </trkpt>
      <trkpt lat="47.578219184651971" lon="14.843345358967781">
        <ele>999.42773439999996</ele>
        <time>2007-08-19T15:25:00Z</time>
      </trkpt>
      <trkpt lat="47.578208036720753" lon="14.843358434736729">
        <ele>998.46630860000005</ele>
        <time>2007-08-19T15:25:07Z</time>
      </trkpt>
      <trkpt lat="47.578175263479352" lon="14.843368995934725">
        <ele>996.54394530000002</ele>
        <time>2007-08-19T15:25:14Z</time>
      </trkpt>
      <trkpt lat="47.578131258487701" lon="14.843386262655258">
        <ele>995.58251949999999</ele>
        <time>2007-08-19T15:25:20Z</time>
      </trkpt>
      <trkpt lat="47.578090773895383" lon="14.843400763347745">
        <ele>994.140625</ele>
        <time>2007-08-19T15:25:28Z</time>
      </trkpt>
      <trkpt lat="47.578059090301394" lon="14.843423394486308">
        <ele>992.21801760000005</ele>
        <time>2007-08-19T15:25:36Z</time>
      </trkpt>
      <trkpt lat="47.578038135543466" lon="14.843423729762435">
        <ele>991.73730469999998</ele>
        <time>2007-08-19T15:25:44Z</time>
      </trkpt>
      <trkpt lat="47.578050959855318" lon="14.843444097787142">
        <ele>990.77587889999995</ele>
        <time>2007-08-19T15:25:55Z</time>
      </trkpt>
      <trkpt lat="47.578072166070342" lon="14.843461196869612">
        <ele>987.89184569999998</ele>
        <time>2007-08-19T15:26:07Z</time>
      </trkpt>
      <trkpt lat="47.578111980110407" lon="14.84348357655108">
        <ele>986.44995119999999</ele>
        <time>2007-08-19T15:26:14Z</time>
      </trkpt>
      <trkpt lat="47.578157493844628" lon="14.843556666746736">
        <ele>985.96923830000003</ele>
        <time>2007-08-19T15:26:38Z</time>
      </trkpt>
      <trkpt lat="47.578175431117415" lon="14.843587595969439">
        <ele>985.00805660000003</ele>
        <time>2007-08-19T15:26:46Z</time>
      </trkpt>
      <trkpt lat="47.578134862706065" lon="14.843583572655916">
        <ele>982.12402340000006</ele>
        <time>2007-08-19T15:27:00Z</time>
      </trkpt>
      <trkpt lat="47.578112231567502" lon="14.843595139682293">
        <ele>982.12402340000006</ele>
        <time>2007-08-19T15:27:08Z</time>
      </trkpt>
      <trkpt lat="47.578108962625265" lon="14.843654232099652">
        <ele>980.68212889999995</ele>
        <time>2007-08-19T15:27:18Z</time>
      </trkpt>
      <trkpt lat="47.578067723661661" lon="14.843671163544059">
        <ele>979.23999019999997</ele>
        <time>2007-08-19T15:27:25Z</time>
      </trkpt>
      <trkpt lat="47.578099239617586" lon="14.843725897371769">
        <ele>977.79809569999998</ele>
        <time>2007-08-19T15:27:40Z</time>
      </trkpt>
      <trkpt lat="47.578167468309402" lon="14.843753138557076">
        <ele>977.31762700000002</ele>
        <time>2007-08-19T15:27:49Z</time>
      </trkpt>
      <trkpt lat="47.578252125531435" lon="14.843793790787458">
        <ele>976.35620119999999</ele>
        <time>2007-08-19T15:28:01Z</time>
      </trkpt>
      <trkpt lat="47.578250030055642" lon="14.84385447576642">
        <ele>974.91430660000003</ele>
        <time>2007-08-19T15:28:18Z</time>
      </trkpt>
      <trkpt lat="47.578228237107396" lon="14.843872161582112">
        <ele>973.47241210000004</ele>
        <time>2007-08-19T15:28:29Z</time>
      </trkpt>
      <trkpt lat="47.578194877132773" lon="14.84389454126358">
        <ele>972.03027340000006</ele>
        <time>2007-08-19T15:28:36Z</time>
      </trkpt>
      <trkpt lat="47.578174928203225" lon="14.843916585668921">
        <ele>970.10742189999996</ele>
        <time>2007-08-19T15:28:43Z</time>
      </trkpt>
      <trkpt lat="47.578174090012908" lon="14.843941563740373">
        <ele>968.66552730000001</ele>
        <time>2007-08-19T15:28:52Z</time>
      </trkpt>
      <trkpt lat="47.578159170225263" lon="14.843958076089621">
        <ele>968.18481450000002</ele>
        <time>2007-08-19T15:29:04Z</time>
      </trkpt>
      <trkpt lat="47.57816688157618" lon="14.844002164900303">
        <ele>967.22363280000002</ele>
        <time>2007-08-19T15:29:14Z</time>
      </trkpt>
      <trkpt lat="47.578156571835279" lon="14.844021862372756">
        <ele>964.8203125</ele>
        <time>2007-08-19T15:29:25Z</time>
      </trkpt>
      <trkpt lat="47.578137880191207" lon="14.844067376106977">
        <ele>962.89770510000005</ele>
        <time>2007-08-19T15:29:32Z</time>
      </trkpt>
      <trkpt lat="47.578161936253309" lon="14.844079362228513">
        <ele>962.41699219999998</ele>
        <time>2007-08-19T15:50:08Z</time>
      </trkpt>
      <trkpt lat="47.578165289014578" lon="14.844092773273587">
        <ele>962.89770510000005</ele>
        <time>2007-08-19T15:50:15Z</time>
      </trkpt>
      <trkpt lat="47.57817417383194" lon="14.844146082177758">
        <ele>961.45581049999998</ele>
        <time>2007-08-19T15:50:23Z</time>
      </trkpt>
      <trkpt lat="47.578185740858316" lon="14.844177179038525">
        <ele>961.45581049999998</ele>
        <time>2007-08-19T15:50:32Z</time>
      </trkpt>
      <trkpt lat="47.578204264864326" lon="14.844202660024166">
        <ele>960.01367189999996</ele>
        <time>2007-08-19T15:50:36Z</time>
      </trkpt>
      <trkpt lat="47.578242067247629" lon="14.844228476285934">
        <ele>959.05249019999997</ele>
        <time>2007-08-19T15:50:44Z</time>
      </trkpt>
      <trkpt lat="47.578249359503388" lon="14.844249431043863">
        <ele>959.53320310000004</ele>
        <time>2007-08-19T15:50:52Z</time>
      </trkpt>
      <trkpt lat="47.578243659809232" lon="14.844280863180757">
        <ele>957.12988280000002</ele>
        <time>2007-08-19T15:51:10Z</time>
      </trkpt>
      <trkpt lat="47.578251622617245" lon="14.844323359429836">
        <ele>957.61059569999998</ele>
        <time>2007-08-19T15:51:19Z</time>
      </trkpt>
      <trkpt lat="47.578253634274006" lon="14.844354623928666">
        <ele>957.12988280000002</ele>
        <time>2007-08-19T15:51:27Z</time>
      </trkpt>
      <trkpt lat="47.578245084732771" lon="14.844383960589767">
        <ele>956.16845699999999</ele>
        <time>2007-08-19T15:51:35Z</time>
      </trkpt>
      <trkpt lat="47.578254221007228" lon="14.844469036906958">
        <ele>956.16845699999999</ele>
        <time>2007-08-19T15:51:44Z</time>
      </trkpt>
      <trkpt lat="47.578260758891702" lon="14.844483537599444">
        <ele>955.68774410000003</ele>
        <time>2007-08-19T15:51:56Z</time>
      </trkpt>
      <trkpt lat="47.578263441100717" lon="14.84451119787991">
        <ele>953.76513669999997</ele>
        <time>2007-08-19T15:52:05Z</time>
      </trkpt>
      <trkpt lat="47.578265117481351" lon="14.844556376338005">
        <ele>952.32299799999998</ele>
        <time>2007-08-19T15:52:14Z</time>
      </trkpt>
      <trkpt lat="47.578261597082019" lon="14.844566518440843">
        <ele>950.88110349999999</ele>
        <time>2007-08-19T15:52:24Z</time>
      </trkpt>
      <trkpt lat="47.578250030055642" lon="14.844550676643848">
        <ele>948.47778319999998</ele>
        <time>2007-08-19T15:52:42Z</time>
      </trkpt>
      <trkpt lat="47.578235361725092" lon="14.84462502412498">
        <ele>948.47778319999998</ele>
        <time>2007-08-19T15:52:46Z</time>
      </trkpt>
      <trkpt lat="47.57822304032743" lon="14.844624437391758">
        <ele>948.47778319999998</ele>
        <time>2007-08-19T15:52:51Z</time>
      </trkpt>
      <trkpt lat="47.578230584040284" lon="14.84464849345386">
        <ele>947.51660159999994</ele>
        <time>2007-08-19T15:53:01Z</time>
      </trkpt>
      <trkpt lat="47.578244833275676" lon="14.844661317765713">
        <ele>946.55541989999995</ele>
        <time>2007-08-19T15:53:09Z</time>
      </trkpt>
      <trkpt lat="47.578259082511067" lon="14.844689061865211">
        <ele>945.59399410000003</ele>
        <time>2007-08-19T15:53:16Z</time>
      </trkpt>
      <trkpt lat="47.57827484048903" lon="14.844729797914624">
        <ele>944.15209960000004</ele>
        <time>2007-08-19T15:53:26Z</time>
      </trkpt>
      <trkpt lat="47.57828657515347" lon="14.844730636104941">
        <ele>943.19067380000001</ele>
        <time>2007-08-19T15:53:43Z</time>
      </trkpt>
      <trkpt lat="47.578311637043953" lon="14.844761984422803">
        <ele>941.74877930000002</ele>
        <time>2007-08-19T15:53:55Z</time>
      </trkpt>
      <trkpt lat="47.578344494104385" lon="14.844788638874888">
        <ele>939.82592769999997</ele>
        <time>2007-08-19T15:54:04Z</time>
      </trkpt>
      <trkpt lat="47.578328065574169" lon="14.844809761270881">
        <ele>938.38403319999998</ele>
        <time>2007-08-19T15:54:16Z</time>
      </trkpt>
      <trkpt lat="47.578345919027925" lon="14.844800960272551">
        <ele>936.46142580000003</ele>
        <time>2007-08-19T15:54:27Z</time>
      </trkpt>
      <trkpt lat="47.578345164656639" lon="14.844812527298927">
        <ele>935.01953130000004</ele>
        <time>2007-08-19T15:54:34Z</time>
      </trkpt>
      <trkpt lat="47.578363437205553" lon="14.844816634431481">
        <ele>934.53881839999997</ele>
        <time>2007-08-19T15:54:43Z</time>
      </trkpt>
      <trkpt lat="47.578344158828259" lon="14.844829458743334">
        <ele>934.05810550000001</ele>
        <time>2007-08-19T15:54:52Z</time>
      </trkpt>
      <trkpt lat="47.578305434435606" lon="14.844842534512281">
        <ele>933.57739260000005</ele>
        <time>2007-08-19T15:55:43Z</time>
      </trkpt>
      <trkpt lat="47.578308368101716" lon="14.84488352201879">
        <ele>932.61621090000006</ele>
        <time>2007-08-19T15:55:51Z</time>
      </trkpt>
      <trkpt lat="47.578284898772836" lon="14.844895172864199">
        <ele>932.13549799999998</ele>
        <time>2007-08-19T15:55:58Z</time>
      </trkpt>
      <trkpt lat="47.578245839104056" lon="14.844915037974715">
        <ele>930.69360349999999</ele>
        <time>2007-08-19T15:56:07Z</time>
      </trkpt>
      <trkpt lat="47.578237960115075" lon="14.844944039359689">
        <ele>929.73217769999997</ele>
        <time>2007-08-19T15:56:15Z</time>
      </trkpt>
      <trkpt lat="47.578229159116745" lon="14.844947727397084">
        <ele>929.73217769999997</ele>
        <time>2007-08-19T15:56:16Z</time>
      </trkpt>
      <trkpt lat="47.578218262642622" lon="14.844988379627466">
        <ele>929.25146480000001</ele>
        <time>2007-08-19T15:56:24Z</time>
      </trkpt>
      <trkpt lat="47.578183896839619" lon="14.844990223646164">
        <ele>928.77099610000005</ele>
        <time>2007-08-19T15:56:32Z</time>
      </trkpt>
      <trkpt lat="47.578161684796214" lon="14.844983937218785">
        <ele>928.29028319999998</ele>
        <time>2007-08-19T15:56:40Z</time>
      </trkpt>
      <trkpt lat="47.578165959566832" lon="14.845004640519619">
        <ele>927.32910159999994</ele>
        <time>2007-08-19T15:56:47Z</time>
      </trkpt>
      <trkpt lat="47.578126983717084" lon="14.845068259164691">
        <ele>925.88696289999996</ele>
        <time>2007-08-19T15:56:57Z</time>
      </trkpt>
      <trkpt lat="47.578110136091709" lon="14.845108073204756">
        <ele>924.92578130000004</ele>
        <time>2007-08-19T15:57:05Z</time>
      </trkpt>
      <trkpt lat="47.578150536864996" lon="14.845144031569362">
        <ele>923.48364260000005</ele>
        <time>2007-08-19T15:57:14Z</time>
      </trkpt>
      <trkpt lat="47.578144837170839" lon="14.845184599980712">
        <ele>923.48364260000005</ele>
        <time>2007-08-19T15:57:23Z</time>
      </trkpt>
      <trkpt lat="47.578151877969503" lon="14.845236735418439">
        <ele>923.96411130000001</ele>
        <time>2007-08-19T15:57:32Z</time>
      </trkpt>
      <trkpt lat="47.578145591542125" lon="14.845258360728621">
        <ele>923.00292969999998</ele>
        <time>2007-08-19T15:57:39Z</time>
      </trkpt>
      <trkpt lat="47.57812824100256" lon="14.845269089564681">
        <ele>921.08032230000003</ele>
        <time>2007-08-19T15:57:48Z</time>
      </trkpt>
      <trkpt lat="47.578079123049974" lon="14.845280572772026">
        <ele>921.08032230000003</ele>
        <time>2007-08-19T15:57:58Z</time>
      </trkpt>
      <trkpt lat="47.578039225190878" lon="14.845350896939635">
        <ele>921.08032230000003</ele>
        <time>2007-08-19T15:58:05Z</time>
      </trkpt>
      <trkpt lat="47.578045595437288" lon="14.845434129238129">
        <ele>920.59960939999996</ele>
        <time>2007-08-19T15:58:14Z</time>
      </trkpt>
      <trkpt lat="47.578030927106738" lon="14.845507219433784">
        <ele>920.59960939999996</ele>
        <time>2007-08-19T15:58:22Z</time>
      </trkpt>
      <trkpt lat="47.578026736155152" lon="14.845535382628441">
        <ele>920.59960939999996</ele>
        <time>2007-08-19T15:58:35Z</time>
      </trkpt>
      <trkpt lat="47.578012738376856" lon="14.845557762309909">
        <ele>920.59960939999996</ele>
        <time>2007-08-19T15:58:46Z</time>
      </trkpt>
      <trkpt lat="47.577993627637625" lon="14.845585590228438">
        <ele>920.11889650000001</ele>
        <time>2007-08-19T15:58:53Z</time>
      </trkpt>
      <trkpt lat="47.577968817204237" lon="14.845663290470839">
        <ele>918.19628909999994</ele>
        <time>2007-08-19T15:59:01Z</time>
      </trkpt>
      <trkpt lat="47.577971834689379" lon="14.845693884417415">
        <ele>917.23510739999995</ele>
        <time>2007-08-19T15:59:08Z</time>
      </trkpt>
      <trkpt lat="47.577967895194888" lon="14.845786923542619">
        <ele>915.79321289999996</ele>
        <time>2007-08-19T15:59:17Z</time>
      </trkpt>
      <trkpt lat="47.577983736991882" lon="14.845874262973666">
        <ele>914.35107419999997</ele>
        <time>2007-08-19T15:59:27Z</time>
      </trkpt>
      <trkpt lat="47.578000081703067" lon="14.845890188589692">
        <ele>913.87036130000001</ele>
        <time>2007-08-19T15:59:38Z</time>
      </trkpt>
      <trkpt lat="47.578006787225604" lon="14.845939893275499">
        <ele>911.94799799999998</ele>
        <time>2007-08-19T15:59:48Z</time>
      </trkpt>
      <trkpt lat="47.577995387837291" lon="14.845958165824413">
        <ele>910.50585939999996</ele>
        <time>2007-08-19T15:59:56Z</time>
      </trkpt>
      <trkpt lat="47.577974097803235" lon="14.8459985665977">
        <ele>908.58325200000002</ele>
        <time>2007-08-19T16:00:05Z</time>
      </trkpt>
      <trkpt lat="47.577958758920431" lon="14.846063274890184">
        <ele>906.1796875</ele>
        <time>2007-08-19T16:00:13Z</time>
      </trkpt>
      <trkpt lat="47.577952640131116" lon="14.846111889928579">
        <ele>905.21850589999997</ele>
        <time>2007-08-19T16:00:21Z</time>
      </trkpt>
      <trkpt lat="47.577960938215256" lon="14.846140723675489">
        <ele>903.77661130000001</ele>
        <time>2007-08-19T16:00:28Z</time>
      </trkpt>
      <trkpt lat="47.577933361753821" lon="14.84612169675529">
        <ele>902.33447269999999</ele>
        <time>2007-08-19T16:00:35Z</time>
      </trkpt>
      <trkpt lat="47.577914334833622" lon="14.846091773360968">
        <ele>901.85400389999995</ele>
        <time>2007-08-19T16:00:44Z</time>
      </trkpt>
      <trkpt lat="47.577880891039968" lon="14.84611339867115">
        <ele>900.89257810000004</ele>
        <time>2007-08-19T16:00:52Z</time>
      </trkpt>
      <trkpt lat="47.577865468338132" lon="14.846117421984673">
        <ele>900.41210939999996</ele>
        <time>2007-08-19T16:01:01Z</time>
      </trkpt>
      <trkpt lat="47.577860690653324" lon="14.846111470833421">
        <ele>898.96997069999998</ele>
        <time>2007-08-19T16:01:08Z</time>
      </trkpt>
      <trkpt lat="47.577863624319434" lon="14.84613929875195">
        <ele>897.52807619999999</ele>
        <time>2007-08-19T16:01:18Z</time>
      </trkpt>
      <trkpt lat="47.577863791957498" lon="14.84614416025579">
        <ele>897.52807619999999</ele>
        <time>2007-08-19T16:01:19Z</time>
      </trkpt>
      <trkpt lat="47.577854990959167" lon="14.846155140548944">
        <ele>896.56689449999999</ele>
        <time>2007-08-19T16:01:27Z</time>
      </trkpt>
      <trkpt lat="47.577846860513091" lon="14.846202079206705">
        <ele>894.16357419999997</ele>
        <time>2007-08-19T16:01:35Z</time>
      </trkpt>
      <trkpt lat="47.577853566035628" lon="14.846231834962964">
        <ele>892.72167969999998</ele>
        <time>2007-08-19T16:01:42Z</time>
      </trkpt>
      <trkpt lat="47.577841160818934" lon="14.846257232129574">
        <ele>891.27929689999996</ele>
        <time>2007-08-19T16:01:50Z</time>
      </trkpt>
      <trkpt lat="47.577853063121438" lon="14.846278438344598">
        <ele>890.79858400000001</ele>
        <time>2007-08-19T16:01:58Z</time>
      </trkpt>
      <trkpt lat="47.577858259901404" lon="14.846303164958954">
        <ele>889.35668950000002</ele>
        <time>2007-08-19T16:02:07Z</time>
      </trkpt>
      <trkpt lat="47.577836718410254" lon="14.846335519105196">
        <ele>887.91479489999995</ele>
        <time>2007-08-19T16:02:16Z</time>
      </trkpt>
      <trkpt lat="47.577867396175861" lon="14.84635136090219">
        <ele>886.47290039999996</ele>
        <time>2007-08-19T16:02:25Z</time>
      </trkpt>
      <trkpt lat="47.577887931838632" lon="14.846360664814711">
        <ele>885.51147460000004</ele>
        <time>2007-08-19T16:02:33Z</time>
      </trkpt>
      <trkpt lat="47.577894134446979" lon="14.84636845998466">
        <ele>883.58886719999998</ele>
        <time>2007-08-19T16:02:39Z</time>
      </trkpt>
      <trkpt lat="47.577901259064674" lon="14.846402993425727">
        <ele>882.14697269999999</ele>
        <time>2007-08-19T16:02:54Z</time>
      </trkpt>
      <trkpt lat="47.577896062284708" lon="14.846414728090167">
        <ele>880.70507810000004</ele>
        <time>2007-08-19T16:03:03Z</time>
      </trkpt>
      <trkpt lat="47.577895727008581" lon="14.84643341973424">
        <ele>880.22436519999997</ele>
        <time>2007-08-19T16:03:10Z</time>
      </trkpt>
      <trkpt lat="47.577876197174191" lon="14.846458816900849">
        <ele>879.74365230000001</ele>
        <time>2007-08-19T16:03:17Z</time>
      </trkpt>
      <trkpt lat="47.577860690653324" lon="14.846503240987659">
        <ele>878.30175780000002</ele>
        <time>2007-08-19T16:03:26Z</time>
      </trkpt>
      <trkpt lat="47.577852141112089" lon="14.846514137461782">
        <ele>875.89819339999997</ele>
        <time>2007-08-19T16:03:37Z</time>
      </trkpt>
      <trkpt lat="47.577822636812925" lon="14.846545066684484">
        <ele>874.93701169999997</ele>
        <time>2007-08-19T16:03:45Z</time>
      </trkpt>
      <trkpt lat="47.577830767259002" lon="14.846547581255436">
        <ele>874.45629880000001</ele>
        <time>2007-08-19T16:03:52Z</time>
      </trkpt>
      <trkpt lat="47.577826492488384" lon="14.846550095826387">
        <ele>873.97558590000006</ele>
        <time>2007-08-19T16:04:05Z</time>
      </trkpt>
      <trkpt lat="47.577856667339802" lon="14.846554873511195">
        <ele>873.01440430000002</ele>
        <time>2007-08-19T16:04:19Z</time>
      </trkpt>
      <trkpt lat="47.577885584905744" lon="14.846564680337906">
        <ele>871.09179689999996</ele>
        <time>2007-08-19T16:04:33Z</time>
      </trkpt>
      <trkpt lat="47.577893631532788" lon="14.846593765541911">
        <ele>869.16918950000002</ele>
        <time>2007-08-19T16:04:53Z</time>
      </trkpt>
      <trkpt lat="47.577922465279698" lon="14.846606170758605">
        <ele>867.72705080000003</ele>
        <time>2007-08-19T16:05:09Z</time>
      </trkpt>
      <trkpt lat="47.577920285984874" lon="14.846636261790991">
        <ele>867.24658199999999</ele>
        <time>2007-08-19T16:05:17Z</time>
      </trkpt>
      <trkpt lat="47.577920034527779" lon="14.846651265397668">
        <ele>865.32397460000004</ele>
        <time>2007-08-19T16:05:26Z</time>
      </trkpt>
      <trkpt lat="47.577902264893055" lon="14.846677165478468">
        <ele>864.84326169999997</ele>
        <time>2007-08-19T16:05:33Z</time>
      </trkpt>
      <trkpt lat="47.577870665118098" lon="14.846702981740236">
        <ele>862.43994139999995</ele>
        <time>2007-08-19T16:05:42Z</time>
      </trkpt>
      <trkpt lat="47.577873934060335" lon="14.846742879599333">
        <ele>860.99804689999996</ele>
        <time>2007-08-19T16:05:51Z</time>
      </trkpt>
      <trkpt lat="47.577854571864009" lon="14.846770958974957">
        <ele>859.55590819999998</ele>
        <time>2007-08-19T16:06:03Z</time>
      </trkpt>
      <trkpt lat="47.577829929068685" lon="14.846819238737226">
        <ele>859.55590819999998</ele>
        <time>2007-08-19T16:06:13Z</time>
      </trkpt>
      <trkpt lat="47.577837975695729" lon="14.846852431073785">
        <ele>859.07519530000002</ele>
        <time>2007-08-19T16:06:23Z</time>
      </trkpt>
      <trkpt lat="47.577839568257332" lon="14.846874894574285">
        <ele>858.59448239999995</ele>
        <time>2007-08-19T16:06:33Z</time>
      </trkpt>
      <trkpt lat="47.577844262123108" lon="14.846880761906505">
        <ele>857.15258789999996</ele>
        <time>2007-08-19T16:06:41Z</time>
      </trkpt>
      <trkpt lat="47.577815596014261" lon="14.846886461600661">
        <ele>856.19116210000004</ele>
        <time>2007-08-19T16:06:50Z</time>
      </trkpt>
      <trkpt lat="47.577811237424612" lon="14.846897441893816">
        <ele>855.22998050000001</ele>
        <time>2007-08-19T16:06:58Z</time>
      </trkpt>
      <trkpt lat="47.577801765874028" lon="14.846909930929542">
        <ele>854.26879880000001</ele>
        <time>2007-08-19T16:07:06Z</time>
      </trkpt>
      <trkpt lat="47.577797239646316" lon="14.846933735534549">
        <ele>852.82666019999999</ele>
        <time>2007-08-19T16:07:16Z</time>
      </trkpt>
      <trkpt lat="47.577790785580873" lon="14.846957959234715">
        <ele>850.90405269999997</ele>
        <time>2007-08-19T16:07:35Z</time>
      </trkpt>
      <trkpt lat="47.577780978754163" lon="14.847015794366598">
        <ele>848.98144530000002</ele>
        <time>2007-08-19T16:07:47Z</time>
      </trkpt>
      <trkpt lat="47.577776368707418" lon="14.847039598971605">
        <ele>847.05883789999996</ele>
        <time>2007-08-19T16:07:56Z</time>
      </trkpt>
      <trkpt lat="47.577793886885047" lon="14.847055021673441">
        <ele>846.57836910000003</ele>
        <time>2007-08-19T16:08:06Z</time>
      </trkpt>
      <trkpt lat="47.577781062573195" lon="14.847065079957247">
        <ele>846.57836910000003</ele>
        <time>2007-08-19T16:08:14Z</time>
      </trkpt>
      <trkpt lat="47.577781481668353" lon="14.847082765772939">
        <ele>845.61694339999997</ele>
        <time>2007-08-19T16:08:21Z</time>
      </trkpt>
      <trkpt lat="47.577796569094062" lon="14.847107995301485">
        <ele>844.65551760000005</ele>
        <time>2007-08-19T16:08:27Z</time>
      </trkpt>
      <trkpt lat="47.577839316800237" lon="14.847136493772268">
        <ele>842.25219730000003</ele>
        <time>2007-08-19T16:08:36Z</time>
      </trkpt>
      <trkpt lat="47.577902935445309" lon="14.847121993079782">
        <ele>840.81005860000005</ele>
        <time>2007-08-19T16:08:45Z</time>
      </trkpt>
      <trkpt lat="47.577952891588211" lon="14.847092321142554">
        <ele>839.36816409999994</ele>
        <time>2007-08-19T16:08:52Z</time>
      </trkpt>
      <trkpt lat="47.577977199107409" lon="14.847089136019349">
        <ele>837.92626949999999</ele>
        <time>2007-08-19T16:08:59Z</time>
      </trkpt>
      <trkpt lat="47.578000668436289" lon="14.847091063857079">
        <ele>837.44555660000003</ele>
        <time>2007-08-19T16:09:07Z</time>
      </trkpt>
      <trkpt lat="47.577969320118427" lon="14.84712727367878">
        <ele>836.00366210000004</ele>
        <time>2007-08-19T16:09:15Z</time>
      </trkpt>
      <trkpt lat="47.577945683151484" lon="14.847149318084121">
        <ele>834.56176760000005</ele>
        <time>2007-08-19T16:09:23Z</time>
      </trkpt>
      <trkpt lat="47.577948784455657" lon="14.847181839868426">
        <ele>832.63916019999999</ele>
        <time>2007-08-19T16:09:31Z</time>
      </trkpt>
      <trkpt lat="47.577905869111419" lon="14.847230790182948">
        <ele>831.19726560000004</ele>
        <time>2007-08-19T16:09:42Z</time>
      </trkpt>
      <trkpt lat="47.577915424481034" lon="14.847264066338539">
        <ele>829.75512700000002</ele>
        <time>2007-08-19T16:09:54Z</time>
      </trkpt>
      <trkpt lat="47.577940570190549" lon="14.847268676385283">
        <ele>829.27441409999994</ele>
        <time>2007-08-19T16:10:01Z</time>
      </trkpt>
      <trkpt lat="47.578000165522099" lon="14.84723087400198">
        <ele>828.79394530000002</ele>
        <time>2007-08-19T16:10:08Z</time>
      </trkpt>
      <trkpt lat="47.578024137765169" lon="14.847231628373265">
        <ele>828.79394530000002</ele>
        <time>2007-08-19T16:10:18Z</time>
      </trkpt>
      <trkpt lat="47.578133270144463" lon="14.847194328904152">
        <ele>826.87109380000004</ele>
        <time>2007-08-19T16:11:06Z</time>
      </trkpt>
      <trkpt lat="47.578152883797884" lon="14.847206734120846">
        <ele>825.90966800000001</ele>
        <time>2007-08-19T16:11:18Z</time>
      </trkpt>
      <trkpt lat="47.578158499673009" lon="14.847211092710495">
        <ele>826.39038089999997</ele>
        <time>2007-08-19T16:11:25Z</time>
      </trkpt>
      <trkpt lat="47.578134778887033" lon="14.847258785739541">
        <ele>827.83227539999996</ele>
        <time>2007-08-19T16:11:41Z</time>
      </trkpt>
      <trkpt lat="47.578020030632615" lon="14.847269682213664">
        <ele>828.79394530000002</ele>
        <time>2007-08-19T16:11:51Z</time>
      </trkpt>
      <trkpt lat="47.577992537990212" lon="14.847258869558573">
        <ele>828.79394530000002</ele>
        <time>2007-08-19T16:11:57Z</time>
      </trkpt>
      <trkpt lat="47.577953226864338" lon="14.847264233976603">
        <ele>828.79394530000002</ele>
        <time>2007-08-19T16:11:59Z</time>
      </trkpt>
      <trkpt lat="47.577937468886375" lon="14.847291139885783">
        <ele>828.31323239999995</ele>
        <time>2007-08-19T16:12:05Z</time>
      </trkpt>
      <trkpt lat="47.577877789735794" lon="14.84735107049346">
        <ele>826.87109380000004</ele>
        <time>2007-08-19T16:12:12Z</time>
      </trkpt>
      <trkpt lat="47.577877370640635" lon="14.847390130162239">
        <ele>826.39038089999997</ele>
        <time>2007-08-19T16:12:22Z</time>
      </trkpt>
      <trkpt lat="47.5778429210186" lon="14.847408486530185">
        <ele>825.90966800000001</ele>
        <time>2007-08-19T16:12:32Z</time>
      </trkpt>
      <trkpt lat="47.577841496095061" lon="14.847444277256727">
        <ele>823.98706049999998</ele>
        <time>2007-08-19T16:12:41Z</time>
      </trkpt>
      <trkpt lat="47.577820373699069" lon="14.847470596432686">
        <ele>823.50659180000002</ele>
        <time>2007-08-19T16:12:49Z</time>
      </trkpt>
      <trkpt lat="47.577761532738805" lon="14.847485097125173">
        <ele>823.02587889999995</ele>
        <time>2007-08-19T16:12:55Z</time>
      </trkpt>
      <trkpt lat="47.577761616557837" lon="14.847529018297791">
        <ele>822.54516599999999</ele>
        <time>2007-08-19T16:13:04Z</time>
      </trkpt>
      <trkpt lat="47.577763125300407" lon="14.847567575052381">
        <ele>820.62255860000005</ele>
        <time>2007-08-19T16:13:11Z</time>
      </trkpt>
      <trkpt lat="47.57777402177453" lon="14.84756707213819">
        <ele>819.66137700000002</ele>
        <time>2007-08-19T16:13:19Z</time>
      </trkpt>
      <trkpt lat="47.577796066179872" lon="14.847558187320828">
        <ele>820.62255860000005</ele>
        <time>2007-08-19T16:13:29Z</time>
      </trkpt>
      <trkpt lat="47.577909473329782" lon="14.847535472363234">
        <ele>820.62255860000005</ele>
        <time>2007-08-19T16:13:45Z</time>
      </trkpt>
      <trkpt lat="47.577943587675691" lon="14.847553661093116">
        <ele>821.10327150000001</ele>
        <time>2007-08-19T16:14:03Z</time>
      </trkpt>
      <trkpt lat="47.577924393117428" lon="14.84758366830647">
        <ele>821.10327150000001</ele>
        <time>2007-08-19T16:14:11Z</time>
      </trkpt>
      <trkpt lat="47.577947862446308" lon="14.847691794857383">
        <ele>819.18066409999994</ele>
        <time>2007-08-19T16:14:20Z</time>
      </trkpt>
      <trkpt lat="47.577930931001902" lon="14.847707636654377">
        <ele>818.69995119999999</ele>
        <time>2007-08-19T16:14:28Z</time>
      </trkpt>
      <trkpt lat="47.57795037701726" lon="14.84771903604269">
        <ele>818.21923830000003</ele>
        <time>2007-08-19T16:14:37Z</time>
      </trkpt>
      <trkpt lat="47.577955992892385" lon="14.847728675231338">
        <ele>817.73852539999996</ele>
        <time>2007-08-19T16:14:46Z</time>
      </trkpt>
      <trkpt lat="47.577955992892385" lon="14.847750468179584">
        <ele>816.29663089999997</ele>
        <time>2007-08-19T16:14:54Z</time>
      </trkpt>
      <trkpt lat="47.577969739213586" lon="14.847726998850703">
        <ele>815.81616210000004</ele>
        <time>2007-08-19T16:15:03Z</time>
      </trkpt>
      <trkpt lat="47.577965632081032" lon="14.847720880061388">
        <ele>814.85473630000001</ele>
        <time>2007-08-19T16:15:11Z</time>
      </trkpt>
      <trkpt lat="47.577962782233953" lon="14.847733536735177">
        <ele>813.89331049999998</ele>
        <time>2007-08-19T16:15:17Z</time>
      </trkpt>
      <trkpt lat="47.577939983457327" lon="14.847735464572906">
        <ele>813.41284180000002</ele>
        <time>2007-08-19T16:15:26Z</time>
      </trkpt>
      <trkpt lat="47.577922465279698" lon="14.84775566495955">
        <ele>811.97070310000004</ele>
        <time>2007-08-19T16:15:38Z</time>
      </trkpt>
      <trkpt lat="47.577914083376527" lon="14.847773937508464">
        <ele>810.52856450000002</ele>
        <time>2007-08-19T16:15:47Z</time>
      </trkpt>
      <trkpt lat="47.577908467501402" lon="14.84780503436923">
        <ele>809.08666989999995</ele>
        <time>2007-08-19T16:15:56Z</time>
      </trkpt>
      <trkpt lat="47.577900420874357" lon="14.847808638587594">
        <ele>808.12548830000003</ele>
        <time>2007-08-19T16:16:05Z</time>
      </trkpt>
      <trkpt lat="47.577893128618598" lon="14.847814422100782">
        <ele>807.64477539999996</ele>
        <time>2007-08-19T16:16:18Z</time>
      </trkpt>
      <trkpt lat="47.577892038971186" lon="14.847837723791599">
        <ele>806.68334960000004</ele>
        <time>2007-08-19T16:16:25Z</time>
      </trkpt>
      <trkpt lat="47.577887680381536" lon="14.847860941663384">
        <ele>806.20263669999997</ele>
        <time>2007-08-19T16:16:32Z</time>
      </trkpt>
      <trkpt lat="47.577881561592221" lon="14.847879884764552">
        <ele>805.24145510000005</ele>
        <time>2007-08-19T16:16:39Z</time>
      </trkpt>
      <trkpt lat="47.577891368418932" lon="14.847899163141847">
        <ele>803.79956049999998</ele>
        <time>2007-08-19T16:16:47Z</time>
      </trkpt>
      <trkpt lat="47.577906958758831" lon="14.84793889336288">
        <ele>801.87695310000004</ele>
        <time>2007-08-19T16:16:58Z</time>
      </trkpt>
      <trkpt lat="47.577885668724775" lon="14.84797946177423">
        <ele>799.47363280000002</ele>
        <time>2007-08-19T16:17:05Z</time>
      </trkpt>
      <trkpt lat="47.577856918796897" lon="14.847988095134497">
        <ele>799.47363280000002</ele>
        <time>2007-08-19T16:17:14Z</time>
      </trkpt>
      <trkpt lat="47.577821128070354" lon="14.848041823133826">
        <ele>798.51220699999999</ele>
        <time>2007-08-19T16:17:20Z</time>
      </trkpt>
      <trkpt lat="47.577809477224946" lon="14.848082391545177">
        <ele>796.10913089999997</ele>
        <time>2007-08-19T16:17:28Z</time>
      </trkpt>
      <trkpt lat="47.577806292101741" lon="14.848088761791587">
        <ele>796.10913089999997</ele>
        <time>2007-08-19T16:17:29Z</time>
      </trkpt>
      <trkpt lat="47.577810399234295" lon="14.848112231120467">
        <ele>794.66674799999998</ele>
        <time>2007-08-19T16:17:37Z</time>
      </trkpt>
      <trkpt lat="47.577806375920773" lon="14.848116841167212">
        <ele>793.70556639999995</ele>
        <time>2007-08-19T16:17:45Z</time>
      </trkpt>
      <trkpt lat="47.577800760045648" lon="14.84814902767539">
        <ele>791.78295900000001</ele>
        <time>2007-08-19T16:17:52Z</time>
      </trkpt>
      <trkpt lat="47.577799838036299" lon="14.848153134807944">
        <ele>791.78295900000001</ele>
        <time>2007-08-19T16:17:53Z</time>
      </trkpt>
      <trkpt lat="47.577771674841642" lon="14.848101837560534">
        <ele>790.34106450000002</ele>
        <time>2007-08-19T16:18:02Z</time>
      </trkpt>
      <trkpt lat="47.5777617841959" lon="14.848066298291087">
        <ele>788.89916989999995</ele>
        <time>2007-08-19T16:18:11Z</time>
      </trkpt>
      <trkpt lat="47.577769076451659" lon="14.848033022135496">
        <ele>787.45703130000004</ele>
        <time>2007-08-19T16:18:18Z</time>
      </trkpt>
      <trkpt lat="47.577768992632627" lon="14.847999662160873">
        <ele>787.45703130000004</ele>
        <time>2007-08-19T16:18:27Z</time>
      </trkpt>
      <trkpt lat="47.57774812169373" lon="14.847937468439341">
        <ele>785.53442380000001</ele>
        <time>2007-08-19T16:18:35Z</time>
      </trkpt>
      <trkpt lat="47.577746864408255" lon="14.847877034917474">
        <ele>784.57324219999998</ele>
        <time>2007-08-19T16:18:43Z</time>
      </trkpt>
      <trkpt lat="47.577743092551827" lon="14.847847865894437">
        <ele>784.09252930000002</ele>
        <time>2007-08-19T16:18:50Z</time>
      </trkpt>
      <trkpt lat="47.577720796689391" lon="14.84780503436923">
        <ele>783.13110349999999</ele>
        <time>2007-08-19T16:19:00Z</time>
      </trkpt>
      <trkpt lat="47.577688861638308" lon="14.847757592797279">
        <ele>781.68920900000001</ele>
        <time>2007-08-19T16:19:10Z</time>
      </trkpt>
      <trkpt lat="47.577677881345153" lon="14.847725825384259">
        <ele>781.68920900000001</ele>
        <time>2007-08-19T16:19:18Z</time>
      </trkpt>
      <trkpt lat="47.577657932415605" lon="14.847690537571907">
        <ele>780.72802730000001</ele>
        <time>2007-08-19T16:19:24Z</time>
      </trkpt>
      <trkpt lat="47.57765332236886" lon="14.847679641097784">
        <ele>780.24731450000002</ele>
        <time>2007-08-19T16:19:32Z</time>
      </trkpt>
      <trkpt lat="47.577651729807258" lon="14.847651729360223">
        <ele>779.76635739999995</ele>
        <time>2007-08-19T16:19:38Z</time>
      </trkpt>
      <trkpt lat="47.577641336247325" lon="14.847677294164896">
        <ele>778.80517580000003</ele>
        <time>2007-08-19T16:19:45Z</time>
      </trkpt>
      <trkpt lat="47.57764158770442" lon="14.847694141790271">
        <ele>778.32446289999996</ele>
        <time>2007-08-19T16:19:51Z</time>
      </trkpt>
      <trkpt lat="47.5776322837919" lon="14.847720377147198">
        <ele>776.88256839999997</ele>
        <time>2007-08-19T16:20:00Z</time>
      </trkpt>
      <trkpt lat="47.57763622328639" lon="14.847742673009634">
        <ele>776.88256839999997</ele>
        <time>2007-08-19T16:20:10Z</time>
      </trkpt>
      <trkpt lat="47.577655082568526" lon="14.847757592797279">
        <ele>775.92114260000005</ele>
        <time>2007-08-19T16:20:20Z</time>
      </trkpt>
      <trkpt lat="47.577638989314437" lon="14.847763292491436">
        <ele>775.44042969999998</ele>
        <time>2007-08-19T16:20:32Z</time>
      </trkpt>
      <trkpt lat="47.577629433944821" lon="14.847780894488096">
        <ele>774.95996090000006</ele>
        <time>2007-08-19T16:20:49Z</time>
      </trkpt>
      <trkpt lat="47.577617196366191" lon="14.847802938893437">
        <ele>772.55664060000004</ele>
        <time>2007-08-19T16:20:56Z</time>
      </trkpt>
      <trkpt lat="47.577615268528461" lon="14.847810482606292">
        <ele>772.07592769999997</ele>
        <time>2007-08-19T16:20:57Z</time>
      </trkpt>
      <trkpt lat="47.577600767835975" lon="14.847847865894437">
        <ele>770.63403319999998</ele>
        <time>2007-08-19T16:21:06Z</time>
      </trkpt>
      <trkpt lat="47.577597834169865" lon="14.847845770418644">
        <ele>770.15332030000002</ele>
        <time>2007-08-19T16:21:15Z</time>
      </trkpt>
      <trkpt lat="47.577592134475708" lon="14.847883824259043">
        <ele>768.71142580000003</ele>
        <time>2007-08-19T16:21:21Z</time>
      </trkpt>
      <trkpt lat="47.577569838613272" lon="14.847911735996604">
        <ele>767.26953130000004</ele>
        <time>2007-08-19T16:21:33Z</time>
      </trkpt>
      <trkpt lat="47.577576041221619" lon="14.84790125861764">
        <ele>767.75</ele>
        <time>2007-08-19T16:21:55Z</time>
      </trkpt>
      <trkpt lat="47.577584339305758" lon="14.847885333001614">
        <ele>766.78881839999997</ele>
        <time>2007-08-19T16:22:08Z</time>
      </trkpt>
      <trkpt lat="47.577572939917445" lon="14.847870664671063">
        <ele>765.82763669999997</ele>
        <time>2007-08-19T16:22:19Z</time>
      </trkpt>
      <trkpt lat="47.577558439224958" lon="14.847871335223317">
        <ele>764.86621090000006</ele>
        <time>2007-08-19T16:22:26Z</time>
      </trkpt>
      <trkpt lat="47.577549638226628" lon="14.847860438749194">
        <ele>763.90454099999999</ele>
        <time>2007-08-19T16:22:33Z</time>
      </trkpt>
      <trkpt lat="47.577543435618281" lon="14.847848368808627">
        <ele>762.94335939999996</ele>
        <time>2007-08-19T16:22:42Z</time>
      </trkpt>
      <trkpt lat="47.577536562457681" lon="14.84784166328609">
        <ele>762.46264650000001</ele>
        <time>2007-08-19T16:22:48Z</time>
      </trkpt>
      <trkpt lat="47.577520720660686" lon="14.847826072946191">
        <ele>761.02075200000002</ele>
        <time>2007-08-19T16:22:59Z</time>
      </trkpt>
      <trkpt lat="47.577491467818618" lon="14.847819535061717">
        <ele>759.57885739999995</ele>
        <time>2007-08-19T16:23:08Z</time>
      </trkpt>
      <trkpt lat="47.577461963519454" lon="14.847851134836674">
        <ele>756.69482419999997</ele>
        <time>2007-08-19T16:23:16Z</time>
      </trkpt>
      <trkpt lat="47.577428687363863" lon="14.847871586680412">
        <ele>755.25292969999998</ele>
        <time>2007-08-19T16:23:24Z</time>
      </trkpt>
      <trkpt lat="47.577410163357854" lon="14.847945179790258">
        <ele>752.36889650000001</ele>
        <time>2007-08-19T16:23:33Z</time>
      </trkpt>
      <trkpt lat="47.577407481148839" lon="14.847999075427651">
        <ele>750.44653319999998</ele>
        <time>2007-08-19T16:23:42Z</time>
      </trkpt>
      <trkpt lat="47.57736062631011" lon="14.847995722666383">
        <ele>748.04321289999996</ele>
        <time>2007-08-19T16:23:52Z</time>
      </trkpt>
      <trkpt lat="47.57736842148006" lon="14.848079541698098">
        <ele>746.60107419999997</ele>
        <time>2007-08-19T16:24:01Z</time>
      </trkpt>
      <trkpt lat="47.57734252139926" lon="14.848078535869718">
        <ele>745.63964840000006</ele>
        <time>2007-08-19T16:24:07Z</time>
      </trkpt>
      <trkpt lat="47.57733229547739" lon="14.848120864480734">
        <ele>744.67822269999999</ele>
        <time>2007-08-19T16:24:15Z</time>
      </trkpt>
      <trkpt lat="47.57729466073215" lon="14.848127570003271">
        <ele>743.23632810000004</ele>
        <time>2007-08-19T16:24:23Z</time>
      </trkpt>
      <trkpt lat="47.577267922461033" lon="14.848167384043336">
        <ele>741.79443360000005</ele>
        <time>2007-08-19T16:24:30Z</time>
      </trkpt>
      <trkpt lat="47.577265994623303" lon="14.848222620785236">
        <ele>738.91064449999999</ele>
        <time>2007-08-19T16:24:38Z</time>
      </trkpt>
      <trkpt lat="47.577220564708114" lon="14.848211472854018">
        <ele>737.46850589999997</ele>
        <time>2007-08-19T16:24:47Z</time>
      </trkpt>
      <trkpt lat="47.577219139784575" lon="14.848259082064033">
        <ele>735.06542969999998</ele>
        <time>2007-08-19T16:24:54Z</time>
      </trkpt>
      <trkpt lat="47.577184522524476" lon="14.848240725696087">
        <ele>733.62329099999999</ele>
        <time>2007-08-19T16:25:01Z</time>
      </trkpt>
      <trkpt lat="47.577173039317131" lon="14.848279282450676">
        <ele>732.18139650000001</ele>
        <time>2007-08-19T16:25:07Z</time>
      </trkpt>
      <trkpt lat="47.577134063467383" lon="14.848289340734482">
        <ele>730.25854489999995</ele>
        <time>2007-08-19T16:25:15Z</time>
      </trkpt>
      <trkpt lat="47.577136661857367" lon="14.848339129239321">
        <ele>729.29711910000003</ele>
        <time>2007-08-19T16:25:23Z</time>
      </trkpt>
      <trkpt lat="47.57712216116488" lon="14.848380284383893">
        <ele>726.89404300000001</ele>
        <time>2007-08-19T16:25:30Z</time>
      </trkpt>
      <trkpt lat="47.577122077345848" lon="14.848387995734811">
        <ele>726.41333010000005</ele>
        <time>2007-08-19T16:25:31Z</time>
      </trkpt>
      <trkpt lat="47.577081173658371" lon="14.848395120352507">
        <ele>724.49072269999999</ele>
        <time>2007-08-19T16:25:41Z</time>
      </trkpt>
      <trkpt lat="47.577041275799274" lon="14.848381960764527">
        <ele>722.56811519999997</ele>
        <time>2007-08-19T16:25:51Z</time>
      </trkpt>
      <trkpt lat="47.57701956667006" lon="14.848401574417949">
        <ele>723.04882810000004</ele>
        <time>2007-08-19T16:26:03Z</time>
      </trkpt>
      <trkpt lat="47.577008670195937" lon="14.848448596894741">
        <ele>721.60668950000002</ele>
        <time>2007-08-19T16:26:18Z</time>
      </trkpt>
      <trkpt lat="47.577010933309793" lon="14.848513389006257">
        <ele>720.16479489999995</ele>
        <time>2007-08-19T16:26:27Z</time>
      </trkpt>
      <trkpt lat="47.576985033228993" lon="14.848498636856675">
        <ele>719.20361330000003</ele>
        <time>2007-08-19T16:26:37Z</time>
      </trkpt>
      <trkpt lat="47.576938765123487" lon="14.848468964919448">
        <ele>717.28100589999997</ele>
        <time>2007-08-19T16:26:45Z</time>
      </trkpt>
      <trkpt lat="47.5769311375916" lon="14.848502492532134">
        <ele>716.31958010000005</ele>
        <time>2007-08-19T16:26:51Z</time>
      </trkpt>
      <trkpt lat="47.576906327158213" lon="14.848501235246658">
        <ele>714.87744139999995</ele>
        <time>2007-08-19T16:26:58Z</time>
      </trkpt>
      <trkpt lat="47.576899034902453" lon="14.848540797829628">
        <ele>712.95483400000001</ele>
        <time>2007-08-19T16:27:05Z</time>
      </trkpt>
      <trkpt lat="47.576879085972905" lon="14.848577762022614">
        <ele>711.03222659999994</ele>
        <time>2007-08-19T16:27:13Z</time>
      </trkpt>
      <trkpt lat="47.57683239877224" lon="14.848546162247658">
        <ele>709.10961910000003</ele>
        <time>2007-08-19T16:27:22Z</time>
      </trkpt>
      <trkpt lat="47.576805660501122" lon="14.84855311922729">
        <ele>707.66772460000004</ele>
        <time>2007-08-19T16:27:29Z</time>
      </trkpt>
      <trkpt lat="47.576787387952209" lon="14.848624030128121">
        <ele>706.22558590000006</ele>
        <time>2007-08-19T16:27:39Z</time>
      </trkpt>
      <trkpt lat="47.576783783733845" lon="14.848666023463011">
        <ele>705.26440430000002</ele>
        <time>2007-08-19T16:27:46Z</time>
      </trkpt>
      <trkpt lat="47.576798535883427" lon="14.848736431449652">
        <ele>702.86108400000001</ele>
        <time>2007-08-19T16:27:54Z</time>
      </trkpt>
      <trkpt lat="47.576800296083093" lon="14.848798289895058">
        <ele>701.41918950000002</ele>
        <time>2007-08-19T16:28:01Z</time>
      </trkpt>
      <trkpt lat="47.576828626915812" lon="14.848873727023602">
        <ele>699.49633789999996</ele>
        <time>2007-08-19T16:28:10Z</time>
      </trkpt>
      <trkpt lat="47.576793758198619" lon="14.848880767822266">
        <ele>698.53491210000004</ele>
        <time>2007-08-19T16:28:17Z</time>
      </trkpt>
      <trkpt lat="47.576794764026999" lon="14.848954360932112">
        <ele>695.65112299999998</ele>
        <time>2007-08-19T16:28:24Z</time>
      </trkpt>
      <trkpt lat="47.576810270547867" lon="14.849047316238284">
        <ele>692.76733400000001</ele>
        <time>2007-08-19T16:28:34Z</time>
      </trkpt>
      <trkpt lat="47.576790824532509" lon="14.849079418927431">
        <ele>691.80590819999998</ele>
        <time>2007-08-19T16:28:41Z</time>
      </trkpt>
      <trkpt lat="47.576787639409304" lon="14.849133063107729">
        <ele>690.84448239999995</ele>
        <time>2007-08-19T16:28:49Z</time>
      </trkpt>
      <trkpt lat="47.57674447260797" lon="14.849118394777179">
        <ele>688.92211910000003</ele>
        <time>2007-08-19T16:28:57Z</time>
      </trkpt>
      <trkpt lat="47.57674103602767" lon="14.849171368405223">
        <ele>686.99926760000005</ele>
        <time>2007-08-19T16:29:04Z</time>
      </trkpt>
      <trkpt lat="47.576719494536519" lon="14.849230628460646">
        <ele>684.59619139999995</ele>
        <time>2007-08-19T16:29:13Z</time>
      </trkpt>
      <trkpt lat="47.576693929731846" lon="14.849258121103048">
        <ele>683.63452150000001</ele>
        <time>2007-08-19T16:29:21Z</time>
      </trkpt>
      <trkpt lat="47.57666434161365" lon="14.849314363673329">
        <ele>682.19262700000002</ele>
        <time>2007-08-19T16:29:27Z</time>
      </trkpt>
      <trkpt lat="47.576634418219328" lon="14.849346466362476">
        <ele>681.23144530000002</ele>
        <time>2007-08-19T16:29:34Z</time>
      </trkpt>
      <trkpt lat="47.576582618057728" lon="14.849367840215564">
        <ele>680.75073239999995</ele>
        <time>2007-08-19T16:29:42Z</time>
      </trkpt>
      <trkpt lat="47.576562166213989" lon="14.84938133507967">
        <ele>678.828125</ele>
        <time>2007-08-19T16:29:47Z</time>
      </trkpt>
      <trkpt lat="47.576506258919835" lon="14.849402541294694">
        <ele>677.38623050000001</ele>
        <time>2007-08-19T16:29:57Z</time>
      </trkpt>
      <trkpt lat="47.576474072411656" lon="14.8494125995785">
        <ele>676.90551760000005</ele>
        <time>2007-08-19T16:30:04Z</time>
      </trkpt>
      <trkpt lat="47.576437527313828" lon="14.849387537688017">
        <ele>675.46337889999995</ele>
        <time>2007-08-19T16:30:12Z</time>
      </trkpt>
      <trkpt lat="47.576413387432694" lon="14.849378569051623">
        <ele>674.02148439999996</ele>
        <time>2007-08-19T16:30:14Z</time>
      </trkpt>
      <trkpt lat="47.576381536200643" lon="14.849351327866316">
        <ele>672.57958980000001</ele>
        <time>2007-08-19T16:30:17Z</time>
      </trkpt>
      <trkpt lat="47.576326299458742" lon="14.84928754158318">
        <ele>672.09887700000002</ele>
        <time>2007-08-19T16:30:25Z</time>
      </trkpt>
      <trkpt lat="47.576299980282784" lon="14.849266838282347">
        <ele>669.69580080000003</ele>
        <time>2007-08-19T16:30:29Z</time>
      </trkpt>
      <trkpt lat="47.576221777126193" lon="14.849342359229922">
        <ele>669.21508789999996</ele>
        <time>2007-08-19T16:30:37Z</time>
      </trkpt>
      <trkpt lat="47.576159834861755" lon="14.849425088614225">
        <ele>668.25366210000004</ele>
        <time>2007-08-19T16:30:47Z</time>
      </trkpt>
      <trkpt lat="47.576097892597318" lon="14.849497424438596">
        <ele>667.29223630000001</ele>
        <time>2007-08-19T16:30:55Z</time>
      </trkpt>
      <trkpt lat="47.576020527631044" lon="14.84966573305428">
        <ele>666.33081049999998</ele>
        <time>2007-08-19T16:31:06Z</time>
      </trkpt>
      <trkpt lat="47.575931092724204" lon="14.849767237901688">
        <ele>664.40820310000004</ele>
        <time>2007-08-19T16:31:16Z</time>
      </trkpt>
      <trkpt lat="47.575922291725874" lon="14.849772434681654">
        <ele>663.92749019999997</ele>
        <time>2007-08-19T16:31:17Z</time>
      </trkpt>
      <trkpt lat="47.575828162953258" lon="14.849862791597843">
        <ele>662.96630860000005</ele>
        <time>2007-08-19T16:31:27Z</time>
      </trkpt>
      <trkpt lat="47.575709139928222" lon="14.8500273283571">
        <ele>662.00512700000002</ele>
        <time>2007-08-19T16:31:40Z</time>
      </trkpt>
      <trkpt lat="47.575613334774971" lon="14.850108381360769">
        <ele>660.56298830000003</ele>
        <time>2007-08-19T16:31:49Z</time>
      </trkpt>
      <trkpt lat="47.575503531843424" lon="14.850174095481634">
        <ele>659.12109380000004</ele>
        <time>2007-08-19T16:31:59Z</time>
      </trkpt>
      <trkpt lat="47.575384424999356" lon="14.850240061059594">
        <ele>658.15991210000004</ele>
        <time>2007-08-19T16:32:10Z</time>
      </trkpt>
      <trkpt lat="47.575284680351615" lon="14.850309966132045">
        <ele>656.71777340000006</ele>
        <time>2007-08-19T16:32:19Z</time>
      </trkpt>
      <trkpt lat="47.575192730873823" lon="14.850420691072941">
        <ele>657.19848630000001</ele>
        <time>2007-08-19T16:32:30Z</time>
      </trkpt>
      <trkpt lat="47.57518962956965" lon="14.850427731871605">
        <ele>656.71777340000006</ele>
        <time>2007-08-19T16:32:31Z</time>
      </trkpt>
      <trkpt lat="47.5751524977386" lon="14.850633759051561">
        <ele>656.23706049999998</ele>
        <time>2007-08-19T16:32:42Z</time>
      </trkpt>
      <trkpt lat="47.575127435848117" lon="14.850779939442873">
        <ele>655.27587889999995</ele>
        <time>2007-08-19T16:32:50Z</time>
      </trkpt>
      <trkpt lat="47.575097093358636" lon="14.850973477587104">
        <ele>654.79516599999999</ele>
        <time>2007-08-19T16:33:00Z</time>
      </trkpt>
      <trkpt lat="47.575064990669489" lon="14.851097529754043">
        <ele>653.35327150000001</ele>
        <time>2007-08-19T16:33:08Z</time>
      </trkpt>
      <trkpt lat="47.575049567967653" lon="14.851176738739014">
        <ele>651.91113280000002</ele>
        <time>2007-08-19T16:33:14Z</time>
      </trkpt>
      <trkpt lat="47.57500983774662" lon="14.851302718743682">
        <ele>651.43041989999995</ele>
        <time>2007-08-19T16:33:22Z</time>
      </trkpt>
      <trkpt lat="47.574966419488192" lon="14.851338928565383">
        <ele>651.43041989999995</ele>
        <time>2007-08-19T16:33:29Z</time>
      </trkpt>
      <trkpt lat="47.574975471943617" lon="14.851355021819472">
        <ele>651.43041989999995</ele>
        <time>2007-08-19T16:33:31Z</time>
      </trkpt>
      <trkpt lat="47.575007239356637" lon="14.851381424814463">
        <ele>651.43041989999995</ele>
        <time>2007-08-19T16:33:34Z</time>
      </trkpt>
      <trkpt lat="47.575004389509559" lon="14.851512433961034">
        <ele>650.46923830000003</ele>
        <time>2007-08-19T16:33:43Z</time>
      </trkpt>
      <trkpt lat="47.574983183294535" lon="14.85152936540544">
        <ele>648.54638669999997</ele>
        <time>2007-08-19T16:33:50Z</time>
      </trkpt>
      <trkpt lat="47.57490623742342" lon="14.851574460044503">
        <ele>649.02709960000004</ele>
        <time>2007-08-19T16:34:08Z</time>
      </trkpt>
      <trkpt lat="47.57488863542676" lon="14.8515918944031">
        <ele>650.46923830000003</ele>
        <time>2007-08-19T16:34:30Z</time>
      </trkpt>
      <trkpt lat="47.574929539114237" lon="14.851467087864876">
        <ele>650.46923830000003</ele>
        <time>2007-08-19T16:34:37Z</time>
      </trkpt>
      <trkpt lat="47.574937334284186" lon="14.851420233026147">
        <ele>650.46923830000003</ele>
        <time>2007-08-19T16:34:40Z</time>
      </trkpt>
      <trkpt lat="47.574913026764989" lon="14.851384861394763">
        <ele>651.43041989999995</ele>
        <time>2007-08-19T16:34:44Z</time>
      </trkpt>
      <trkpt lat="47.57483197376132" lon="14.851355524733663">
        <ele>651.43041989999995</ele>
        <time>2007-08-19T16:34:52Z</time>
      </trkpt>
      <trkpt lat="47.574723931029439" lon="14.851365499198437">
        <ele>650.94970699999999</ele>
        <time>2007-08-19T16:35:01Z</time>
      </trkpt>
      <trkpt lat="47.574705239385366" lon="14.851389974355698">
        <ele>649.5078125</ele>
        <time>2007-08-19T16:35:09Z</time>
      </trkpt>
      <trkpt lat="47.574696689844131" lon="14.851370360702276">
        <ele>650.46923830000003</ele>
        <time>2007-08-19T16:35:18Z</time>
      </trkpt>
      <trkpt lat="47.574666263535619" lon="14.851347226649523">
        <ele>649.98852539999996</ele>
        <time>2007-08-19T16:35:25Z</time>
      </trkpt>
      <trkpt lat="47.574657965451479" lon="14.851342029869556">
        <ele>651.43041989999995</ele>
        <time>2007-08-19T16:35:26Z</time>
      </trkpt>
      <trkpt lat="47.574641788378358" lon="14.85135342925787">
        <ele>650.94970699999999</ele>
        <time>2007-08-19T16:35:28Z</time>
      </trkpt>
      <trkpt lat="47.574501559138298" lon="14.85139743424952">
        <ele>650.94970699999999</ele>
        <time>2007-08-19T16:35:39Z</time>
      </trkpt>
      <trkpt lat="47.574470462277532" lon="14.851405983790755">
        <ele>650.46923830000003</ele>
        <time>2007-08-19T16:35:47Z</time>
      </trkpt>
      <trkpt lat="47.574399635195732" lon="14.851451078429818">
        <ele>650.94970699999999</ele>
        <time>2007-08-19T16:35:55Z</time>
      </trkpt>
      <trkpt lat="47.574261166155338" lon="14.85155962407589">
        <ele>651.43041989999995</ele>
        <time>2007-08-19T16:36:07Z</time>
      </trkpt>
      <trkpt lat="47.57416158914566" lon="14.851656937971711">
        <ele>651.91113280000002</ele>
        <time>2007-08-19T16:36:16Z</time>
      </trkpt>
      <trkpt lat="47.574082380160689" lon="14.851749474182725">
        <ele>652.39184569999998</ele>
        <time>2007-08-19T16:36:24Z</time>
      </trkpt>
      <trkpt lat="47.573982216417789" lon="14.851841339841485">
        <ele>653.35327150000001</ele>
        <time>2007-08-19T16:36:35Z</time>
      </trkpt>
      <trkpt lat="47.573887333273888" lon="14.851897498592734">
        <ele>654.79516599999999</ele>
        <time>2007-08-19T16:36:45Z</time>
      </trkpt>
      <trkpt lat="47.5737882591784" lon="14.851952735334635">
        <ele>655.27587889999995</ele>
        <time>2007-08-19T16:36:55Z</time>
      </trkpt>
      <trkpt lat="47.573722628876567" lon="14.851975282654166">
        <ele>656.23706049999998</ele>
        <time>2007-08-19T16:37:02Z</time>
      </trkpt>
      <trkpt lat="47.573647694662213" lon="14.852001685649157">
        <ele>657.19848630000001</ele>
        <time>2007-08-19T16:37:09Z</time>
      </trkpt>
      <trkpt lat="47.573562618345022" lon="14.85205658711493">
        <ele>657.19848630000001</ele>
        <time>2007-08-19T16:37:19Z</time>
      </trkpt>
      <trkpt lat="47.573479721322656" lon="14.852094138041139">
        <ele>657.67919919999997</ele>
        <time>2007-08-19T16:37:28Z</time>
      </trkpt>
      <trkpt lat="47.573428424075246" lon="14.852053737267852">
        <ele>657.67919919999997</ele>
        <time>2007-08-19T16:37:36Z</time>
      </trkpt>
      <trkpt lat="47.573427837342024" lon="14.852061532437801">
        <ele>657.67919919999997</ele>
        <time>2007-08-19T16:37:50Z</time>
      </trkpt>
      <trkpt lat="47.57339883595705" lon="14.852087935432792">
        <ele>657.67919919999997</ele>
        <time>2007-08-19T16:38:14Z</time>
      </trkpt>
      <trkpt lat="47.573400596156716" lon="14.852065471932292">
        <ele>657.67919919999997</ele>
        <time>2007-08-19T16:38:30Z</time>
      </trkpt>
      <trkpt lat="47.573355585336685" lon="14.85208248719573">
        <ele>657.19848630000001</ele>
        <time>2007-08-19T16:39:18Z</time>
      </trkpt>
      <trkpt lat="47.573346281424165" lon="14.852082990109921">
        <ele>657.19848630000001</ele>
        <time>2007-08-19T16:39:35Z</time>
      </trkpt>
      <trkpt lat="47.573359021916986" lon="14.852099837735295">
        <ele>657.19848630000001</ele>
        <time>2007-08-19T16:39:47Z</time>
      </trkpt>
      <trkpt lat="47.573333792388439" lon="14.852125486359">
        <ele>655.75659180000002</ele>
        <time>2007-08-19T16:41:45Z</time>
      </trkpt>
      <trkpt lat="47.573321470990777" lon="14.852109476923943">
        <ele>655.75659180000002</ele>
        <time>2007-08-19T16:42:00Z</time>
      </trkpt>
      <trkpt lat="47.573274364694953" lon="14.852115763351321">
        <ele>655.75659180000002</ele>
        <time>2007-08-19T16:42:30Z</time>
      </trkpt>
      <trkpt lat="47.573208482936025" lon="14.852140489965677">
        <ele>655.27587889999995</ele>
        <time>2007-08-19T16:43:00Z</time>
      </trkpt>
      <trkpt lat="47.573179733008146" lon="14.852161025628448">
        <ele>655.75659180000002</ele>
        <time>2007-08-19T16:43:20Z</time>
      </trkpt>
      <trkpt lat="47.57321267388761" lon="14.852309636771679">
        <ele>656.23706049999998</ele>
        <time>2007-08-19T16:43:31Z</time>
      </trkpt>
      <trkpt lat="47.573236059397459" lon="14.852474760264158">
        <ele>655.75659180000002</ele>
        <time>2007-08-19T16:43:41Z</time>
      </trkpt>
      <trkpt lat="47.573265563696623" lon="14.852660922333598">
        <ele>656.23706049999998</ele>
        <time>2007-08-19T16:43:52Z</time>
      </trkpt>
      <trkpt lat="47.573283836245537" lon="14.852685565128922">
        <ele>655.27587889999995</ele>
        <time>2007-08-19T16:43:59Z</time>
      </trkpt>
    </trkseg>
  </trk>

</gpx>
