<?xml version="1.0" encoding="UTF-8" standalone="no" ?>
<gpx xmlns="http://www.topografix.com/GPX/1/1" creator="MapSource 6.13.4" version="1.1" xmlns:xsi="http://www.w3.org/2001/XMLSchema-instance" xsi:schemaLocation="http://www.garmin.com/xmlschemas/GpxExtensions/v3 http://www.garmin.com/xmlschemas/GpxExtensions/v3/GpxExtensionsv3.xsd http://www.topografix.com/GPX/1/1 http://www.topografix.com/GPX/1/1/gpx.xsd">

  <metadata>
    <link href="http://www.garmin.com">
      <text>Garmin International</text>
    </link>
    <time>2008-08-02T05:30:52Z</time>
    <bounds maxlat="46.5445970" maxlon="12.0715110" minlat="46.5321650" minlon="12.0421040"/>
  </metadata>

  <trk>
    <name>20080719_-_Tofana_di_Rozes</name>
    <extensions>
      <gpxx:TrackExtension xmlns:gpxx="http://www.garmin.com/xmlschemas/GpxExtensions/v3">
        <gpxx:DisplayColor>White</gpxx:DisplayColor>
      </gpxx:TrackExtension>
    </extensions>
    <trkseg>
      <trkpt lat="46.5329620" lon="12.0715110">
        <ele>2050.2680000</ele>
        <time>2008-07-19T06:46:45Z</time>
      </trkpt>
      <trkpt lat="46.5329610" lon="12.0715010">
        <ele>2050.0060000</ele>
        <time>2008-07-19T06:47:01Z</time>
      </trkpt>
      <trkpt lat="46.5329600" lon="12.0714890">
        <ele>2049.8110000</ele>
        <time>2008-07-19T06:47:22Z</time>
      </trkpt>
      <trkpt lat="46.5329490" lon="12.0714780">
        <ele>2049.7410000</ele>
        <time>2008-07-19T06:47:39Z</time>
      </trkpt>
      <trkpt lat="46.5329240" lon="12.0714590">
        <ele>2050.4320000</ele>
        <time>2008-07-19T06:48:03Z</time>
      </trkpt>
      <trkpt lat="46.5329140" lon="12.0714390">
        <ele>2050.0990000</ele>
        <time>2008-07-19T06:48:08Z</time>
      </trkpt>
      <trkpt lat="46.5328820" lon="12.0713500">
        <ele>2049.1620000</ele>
        <time>2008-07-19T06:48:13Z</time>
      </trkpt>
      <trkpt lat="46.5328470" lon="12.0711840">
        <ele>2048.1270000</ele>
        <time>2008-07-19T06:48:23Z</time>
      </trkpt>
      <trkpt lat="46.5328510" lon="12.0711410">
        <ele>2048.5630000</ele>
        <time>2008-07-19T06:48:29Z</time>
      </trkpt>
      <trkpt lat="46.5328460" lon="12.0710630">
        <ele>2049.1150000</ele>
        <time>2008-07-19T06:48:39Z</time>
      </trkpt>
      <trkpt lat="46.5328510" lon="12.0710620">
        <ele>2049.1560000</ele>
        <time>2008-07-19T06:48:51Z</time>
      </trkpt>
      <trkpt lat="46.5328450" lon="12.0710460">
        <ele>2049.0010000</ele>
        <time>2008-07-19T06:48:57Z</time>
      </trkpt>
      <trkpt lat="46.5327910" lon="12.0708740">
        <ele>2048.7250000</ele>
        <time>2008-07-19T06:49:08Z</time>
      </trkpt>
      <trkpt lat="46.5327840" lon="12.0708470">
        <ele>2048.9250000</ele>
        <time>2008-07-19T06:49:15Z</time>
      </trkpt>
      <trkpt lat="46.5327640" lon="12.0707720">
        <ele>2048.5010000</ele>
        <time>2008-07-19T06:49:24Z</time>
      </trkpt>
      <trkpt lat="46.5327190" lon="12.0706490">
        <ele>2048.0140000</ele>
        <time>2008-07-19T06:49:32Z</time>
      </trkpt>
      <trkpt lat="46.5326830" lon="12.0704700">
        <ele>2048.0500000</ele>
        <time>2008-07-19T06:49:43Z</time>
      </trkpt>
      <trkpt lat="46.5326480" lon="12.0703170">
        <ele>2047.1020000</ele>
        <time>2008-07-19T06:49:54Z</time>
      </trkpt>
      <trkpt lat="46.5326320" lon="12.0702160">
        <ele>2045.3520000</ele>
        <time>2008-07-19T06:50:01Z</time>
      </trkpt>
      <trkpt lat="46.5325890" lon="12.0701690">
        <ele>2046.1750000</ele>
        <time>2008-07-19T06:50:07Z</time>
      </trkpt>
      <trkpt lat="46.5325650" lon="12.0701440">
        <ele>2045.9050000</ele>
        <time>2008-07-19T06:50:11Z</time>
      </trkpt>
      <trkpt lat="46.5325520" lon="12.0701220">
        <ele>2046.2530000</ele>
        <time>2008-07-19T06:50:14Z</time>
      </trkpt>
      <trkpt lat="46.5325820" lon="12.0701010">
        <ele>2046.0180000</ele>
        <time>2008-07-19T06:50:21Z</time>
      </trkpt>
      <trkpt lat="46.5325660" lon="12.0701300">
        <ele>2046.5620000</ele>
        <time>2008-07-19T06:50:30Z</time>
      </trkpt>
      <trkpt lat="46.5325490" lon="12.0701080">
        <ele>2046.3980000</ele>
        <time>2008-07-19T06:50:33Z</time>
      </trkpt>
      <trkpt lat="46.5325220" lon="12.0700500">
        <ele>2046.6740000</ele>
        <time>2008-07-19T06:50:37Z</time>
      </trkpt>
      <trkpt lat="46.5325220" lon="12.0700050">
        <ele>2047.0520000</ele>
        <time>2008-07-19T06:50:45Z</time>
      </trkpt>
      <trkpt lat="46.5325370" lon="12.0700030">
        <ele>2047.2400000</ele>
        <time>2008-07-19T06:51:07Z</time>
      </trkpt>
      <trkpt lat="46.5325440" lon="12.0700560">
        <ele>2046.8200000</ele>
        <time>2008-07-19T06:51:32Z</time>
      </trkpt>
      <trkpt lat="46.5325420" lon="12.0700740">
        <ele>2046.9450000</ele>
        <time>2008-07-19T06:51:34Z</time>
      </trkpt>
      <trkpt lat="46.5325210" lon="12.0701100">
        <ele>2046.1300000</ele>
        <time>2008-07-19T06:51:37Z</time>
      </trkpt>
      <trkpt lat="46.5325500" lon="12.0701220">
        <ele>2046.5440000</ele>
        <time>2008-07-19T06:51:41Z</time>
      </trkpt>
      <trkpt lat="46.5324280" lon="12.0701840">
        <ele>2044.4840000</ele>
        <time>2008-07-19T06:51:51Z</time>
      </trkpt>
      <trkpt lat="46.5323820" lon="12.0701540">
        <ele>2043.9070000</ele>
        <time>2008-07-19T06:51:59Z</time>
      </trkpt>
      <trkpt lat="46.5323700" lon="12.0701630">
        <ele>2043.8130000</ele>
        <time>2008-07-19T06:52:18Z</time>
      </trkpt>
      <trkpt lat="46.5323800" lon="12.0701560">
        <ele>2043.0720000</ele>
        <time>2008-07-19T06:52:22Z</time>
      </trkpt>
      <trkpt lat="46.5324270" lon="12.0701800">
        <ele>2043.6340000</ele>
        <time>2008-07-19T06:52:27Z</time>
      </trkpt>
      <trkpt lat="46.5324640" lon="12.0701330">
        <ele>2045.0520000</ele>
        <time>2008-07-19T06:52:34Z</time>
      </trkpt>
      <trkpt lat="46.5325340" lon="12.0700900">
        <ele>2045.4210000</ele>
        <time>2008-07-19T06:52:44Z</time>
      </trkpt>
      <trkpt lat="46.5325470" lon="12.0700800">
        <ele>2045.8480000</ele>
        <time>2008-07-19T06:53:11Z</time>
      </trkpt>
      <trkpt lat="46.5325780" lon="12.0700660">
        <ele>2046.3530000</ele>
        <time>2008-07-19T06:53:30Z</time>
      </trkpt>
      <trkpt lat="46.5325940" lon="12.0700710">
        <ele>2046.1950000</ele>
        <time>2008-07-19T06:53:44Z</time>
      </trkpt>
      <trkpt lat="46.5326090" lon="12.0700510">
        <ele>2046.1110000</ele>
        <time>2008-07-19T06:53:53Z</time>
      </trkpt>
      <trkpt lat="46.5326490" lon="12.0700090">
        <ele>2046.2750000</ele>
        <time>2008-07-19T06:54:00Z</time>
      </trkpt>
      <trkpt lat="46.5326560" lon="12.0700020">
        <ele>2046.1260000</ele>
        <time>2008-07-19T06:54:23Z</time>
      </trkpt>
      <trkpt lat="46.5326550" lon="12.0700000">
        <ele>2044.5060000</ele>
        <time>2008-07-19T06:54:45Z</time>
      </trkpt>
      <trkpt lat="46.5326970" lon="12.0699500">
        <ele>2043.8130000</ele>
        <time>2008-07-19T06:54:55Z</time>
      </trkpt>
      <trkpt lat="46.5327650" lon="12.0698510">
        <ele>2044.0240000</ele>
        <time>2008-07-19T06:55:03Z</time>
      </trkpt>
      <trkpt lat="46.5328410" lon="12.0697480">
        <ele>2044.5210000</ele>
        <time>2008-07-19T06:55:11Z</time>
      </trkpt>
      <trkpt lat="46.5329360" lon="12.0697070">
        <ele>2045.7120000</ele>
        <time>2008-07-19T06:55:19Z</time>
      </trkpt>
      <trkpt lat="46.5329880" lon="12.0697250">
        <ele>2047.6030000</ele>
        <time>2008-07-19T06:55:25Z</time>
      </trkpt>
      <trkpt lat="46.5330490" lon="12.0697400">
        <ele>2048.9970000</ele>
        <time>2008-07-19T06:55:32Z</time>
      </trkpt>
      <trkpt lat="46.5330700" lon="12.0697570">
        <ele>2048.6350000</ele>
        <time>2008-07-19T06:55:39Z</time>
      </trkpt>
      <trkpt lat="46.5330950" lon="12.0697550">
        <ele>2050.6750000</ele>
        <time>2008-07-19T06:56:19Z</time>
      </trkpt>
      <trkpt lat="46.5331680" lon="12.0697720">
        <ele>2052.7460000</ele>
        <time>2008-07-19T06:56:30Z</time>
      </trkpt>
      <trkpt lat="46.5332300" lon="12.0697730">
        <ele>2054.4480000</ele>
        <time>2008-07-19T06:56:40Z</time>
      </trkpt>
      <trkpt lat="46.5332870" lon="12.0697840">
        <ele>2056.7990000</ele>
        <time>2008-07-19T06:56:50Z</time>
      </trkpt>
      <trkpt lat="46.5333320" lon="12.0698030">
        <ele>2057.9240000</ele>
        <time>2008-07-19T06:57:00Z</time>
      </trkpt>
      <trkpt lat="46.5333480" lon="12.0697740">
        <ele>2058.9110000</ele>
        <time>2008-07-19T06:57:06Z</time>
      </trkpt>
      <trkpt lat="46.5333230" lon="12.0697110">
        <ele>2059.8840000</ele>
        <time>2008-07-19T06:57:13Z</time>
      </trkpt>
      <trkpt lat="46.5333010" lon="12.0695540">
        <ele>2061.5480000</ele>
        <time>2008-07-19T06:57:25Z</time>
      </trkpt>
      <trkpt lat="46.5332990" lon="12.0694570">
        <ele>2063.2140000</ele>
        <time>2008-07-19T06:57:32Z</time>
      </trkpt>
      <trkpt lat="46.5332850" lon="12.0693360">
        <ele>2063.5300000</ele>
        <time>2008-07-19T06:57:42Z</time>
      </trkpt>
      <trkpt lat="46.5332650" lon="12.0692810">
        <ele>2065.0190000</ele>
        <time>2008-07-19T06:57:51Z</time>
      </trkpt>
      <trkpt lat="46.5332320" lon="12.0691930">
        <ele>2066.8810000</ele>
        <time>2008-07-19T06:58:00Z</time>
      </trkpt>
      <trkpt lat="46.5331970" lon="12.0690990">
        <ele>2067.7600000</ele>
        <time>2008-07-19T06:58:09Z</time>
      </trkpt>
      <trkpt lat="46.5331960" lon="12.0690120">
        <ele>2068.7660000</ele>
        <time>2008-07-19T06:58:18Z</time>
      </trkpt>
      <trkpt lat="46.5332120" lon="12.0689430">
        <ele>2070.3830000</ele>
        <time>2008-07-19T06:58:28Z</time>
      </trkpt>
      <trkpt lat="46.5332160" lon="12.0688810">
        <ele>2071.1000000</ele>
        <time>2008-07-19T06:58:36Z</time>
      </trkpt>
      <trkpt lat="46.5332140" lon="12.0687740">
        <ele>2073.1360000</ele>
        <time>2008-07-19T06:58:47Z</time>
      </trkpt>
      <trkpt lat="46.5332090" lon="12.0687030">
        <ele>2073.9000000</ele>
        <time>2008-07-19T06:58:55Z</time>
      </trkpt>
      <trkpt lat="46.5332200" lon="12.0686660">
        <ele>2075.3170000</ele>
        <time>2008-07-19T06:58:59Z</time>
      </trkpt>
      <trkpt lat="46.5332370" lon="12.0685930">
        <ele>2076.9990000</ele>
        <time>2008-07-19T06:59:08Z</time>
      </trkpt>
      <trkpt lat="46.5332680" lon="12.0685100">
        <ele>2077.7400000</ele>
        <time>2008-07-19T06:59:17Z</time>
      </trkpt>
      <trkpt lat="46.5333220" lon="12.0684160">
        <ele>2078.4650000</ele>
        <time>2008-07-19T06:59:27Z</time>
      </trkpt>
      <trkpt lat="46.5333300" lon="12.0683340">
        <ele>2078.3030000</ele>
        <time>2008-07-19T06:59:34Z</time>
      </trkpt>
      <trkpt lat="46.5333220" lon="12.0683090">
        <ele>2078.4780000</ele>
        <time>2008-07-19T06:59:36Z</time>
      </trkpt>
      <trkpt lat="46.5332860" lon="12.0682300">
        <ele>2079.7200000</ele>
        <time>2008-07-19T06:59:45Z</time>
      </trkpt>
      <trkpt lat="46.5332110" lon="12.0681430">
        <ele>2079.9980000</ele>
        <time>2008-07-19T06:59:54Z</time>
      </trkpt>
      <trkpt lat="46.5331410" lon="12.0680760">
        <ele>2081.2180000</ele>
        <time>2008-07-19T07:00:01Z</time>
      </trkpt>
      <trkpt lat="46.5330340" lon="12.0679850">
        <ele>2081.6830000</ele>
        <time>2008-07-19T07:00:12Z</time>
      </trkpt>
      <trkpt lat="46.5329320" lon="12.0679020">
        <ele>2081.5530000</ele>
        <time>2008-07-19T07:00:22Z</time>
      </trkpt>
      <trkpt lat="46.5328280" lon="12.0678100">
        <ele>2081.1680000</ele>
        <time>2008-07-19T07:00:32Z</time>
      </trkpt>
      <trkpt lat="46.5327550" lon="12.0676810">
        <ele>2082.8420000</ele>
        <time>2008-07-19T07:00:43Z</time>
      </trkpt>
      <trkpt lat="46.5327790" lon="12.0675640">
        <ele>2084.5690000</ele>
        <time>2008-07-19T07:00:52Z</time>
      </trkpt>
      <trkpt lat="46.5327830" lon="12.0675520">
        <ele>2084.7150000</ele>
        <time>2008-07-19T07:00:53Z</time>
      </trkpt>
      <trkpt lat="46.5328550" lon="12.0673650">
        <ele>2086.8320000</ele>
        <time>2008-07-19T07:01:09Z</time>
      </trkpt>
      <trkpt lat="46.5328980" lon="12.0672780">
        <ele>2088.1180000</ele>
        <time>2008-07-19T07:01:17Z</time>
      </trkpt>
      <trkpt lat="46.5329790" lon="12.0671970">
        <ele>2089.9440000</ele>
        <time>2008-07-19T07:01:28Z</time>
      </trkpt>
      <trkpt lat="46.5330730" lon="12.0671340">
        <ele>2090.8940000</ele>
        <time>2008-07-19T07:01:40Z</time>
      </trkpt>
      <trkpt lat="46.5331670" lon="12.0670450">
        <ele>2092.1490000</ele>
        <time>2008-07-19T07:01:53Z</time>
      </trkpt>
      <trkpt lat="46.5332350" lon="12.0669380">
        <ele>2092.9710000</ele>
        <time>2008-07-19T07:02:04Z</time>
      </trkpt>
      <trkpt lat="46.5332520" lon="12.0669060">
        <ele>2093.4470000</ele>
        <time>2008-07-19T07:02:07Z</time>
      </trkpt>
      <trkpt lat="46.5333080" lon="12.0667720">
        <ele>2095.1960000</ele>
        <time>2008-07-19T07:02:19Z</time>
      </trkpt>
      <trkpt lat="46.5333550" lon="12.0666500">
        <ele>2096.3580000</ele>
        <time>2008-07-19T07:02:29Z</time>
      </trkpt>
      <trkpt lat="46.5334140" lon="12.0665240">
        <ele>2097.8960000</ele>
        <time>2008-07-19T07:02:40Z</time>
      </trkpt>
      <trkpt lat="46.5334830" lon="12.0664150">
        <ele>2098.6060000</ele>
        <time>2008-07-19T07:02:51Z</time>
      </trkpt>
      <trkpt lat="46.5335480" lon="12.0663380">
        <ele>2100.6740000</ele>
        <time>2008-07-19T07:03:01Z</time>
      </trkpt>
      <trkpt lat="46.5336200" lon="12.0662430">
        <ele>2101.3030000</ele>
        <time>2008-07-19T07:03:12Z</time>
      </trkpt>
      <trkpt lat="46.5336970" lon="12.0661360">
        <ele>2102.6130000</ele>
        <time>2008-07-19T07:03:23Z</time>
      </trkpt>
      <trkpt lat="46.5337760" lon="12.0660160">
        <ele>2103.7700000</ele>
        <time>2008-07-19T07:03:35Z</time>
      </trkpt>
      <trkpt lat="46.5338450" lon="12.0659020">
        <ele>2104.7050000</ele>
        <time>2008-07-19T07:03:47Z</time>
      </trkpt>
      <trkpt lat="46.5338580" lon="12.0658810">
        <ele>2105.2500000</ele>
        <time>2008-07-19T07:03:55Z</time>
      </trkpt>
      <trkpt lat="46.5338550" lon="12.0658960">
        <ele>2104.9480000</ele>
        <time>2008-07-19T07:04:03Z</time>
      </trkpt>
      <trkpt lat="46.5338780" lon="12.0658700">
        <ele>2104.7820000</ele>
        <time>2008-07-19T07:04:15Z</time>
      </trkpt>
      <trkpt lat="46.5339290" lon="12.0657820">
        <ele>2105.2230000</ele>
        <time>2008-07-19T07:04:23Z</time>
      </trkpt>
      <trkpt lat="46.5339930" lon="12.0656750">
        <ele>2106.4490000</ele>
        <time>2008-07-19T07:04:33Z</time>
      </trkpt>
      <trkpt lat="46.5340590" lon="12.0655600">
        <ele>2108.4050000</ele>
        <time>2008-07-19T07:04:45Z</time>
      </trkpt>
      <trkpt lat="46.5340970" lon="12.0654550">
        <ele>2110.4620000</ele>
        <time>2008-07-19T07:04:57Z</time>
      </trkpt>
      <trkpt lat="46.5340850" lon="12.0653950">
        <ele>2109.1650000</ele>
        <time>2008-07-19T07:05:05Z</time>
      </trkpt>
      <trkpt lat="46.5340680" lon="12.0653400">
        <ele>2107.0570000</ele>
        <time>2008-07-19T07:05:12Z</time>
      </trkpt>
      <trkpt lat="46.5340640" lon="12.0653310">
        <ele>2106.9650000</ele>
        <time>2008-07-19T07:05:13Z</time>
      </trkpt>
      <trkpt lat="46.5340570" lon="12.0653230">
        <ele>2106.8000000</ele>
        <time>2008-07-19T07:05:14Z</time>
      </trkpt>
      <trkpt lat="46.5340440" lon="12.0653000">
        <ele>2105.8690000</ele>
        <time>2008-07-19T07:05:16Z</time>
      </trkpt>
      <trkpt lat="46.5340810" lon="12.0651820">
        <ele>2107.2830000</ele>
        <time>2008-07-19T07:05:25Z</time>
      </trkpt>
      <trkpt lat="46.5340940" lon="12.0651700">
        <ele>2107.2280000</ele>
        <time>2008-07-19T07:05:35Z</time>
      </trkpt>
      <trkpt lat="46.5341230" lon="12.0651510">
        <ele>2107.2240000</ele>
        <time>2008-07-19T07:05:42Z</time>
      </trkpt>
      <trkpt lat="46.5342010" lon="12.0650720">
        <ele>2110.3500000</ele>
        <time>2008-07-19T07:05:53Z</time>
      </trkpt>
      <trkpt lat="46.5342700" lon="12.0650060">
        <ele>2111.6780000</ele>
        <time>2008-07-19T07:06:03Z</time>
      </trkpt>
      <trkpt lat="46.5343460" lon="12.0649290">
        <ele>2112.3620000</ele>
        <time>2008-07-19T07:06:14Z</time>
      </trkpt>
      <trkpt lat="46.5343900" lon="12.0648360">
        <ele>2114.0520000</ele>
        <time>2008-07-19T07:06:24Z</time>
      </trkpt>
      <trkpt lat="46.5344430" lon="12.0647690">
        <ele>2114.7660000</ele>
        <time>2008-07-19T07:06:33Z</time>
      </trkpt>
      <trkpt lat="46.5344830" lon="12.0647220">
        <ele>2116.8810000</ele>
        <time>2008-07-19T07:06:41Z</time>
      </trkpt>
      <trkpt lat="46.5345190" lon="12.0646470">
        <ele>2118.5970000</ele>
        <time>2008-07-19T07:06:51Z</time>
      </trkpt>
      <trkpt lat="46.5345530" lon="12.0645610">
        <ele>2118.6720000</ele>
        <time>2008-07-19T07:07:00Z</time>
      </trkpt>
      <trkpt lat="46.5345960" lon="12.0644570">
        <ele>2119.1970000</ele>
        <time>2008-07-19T07:07:10Z</time>
      </trkpt>
      <trkpt lat="46.5345840" lon="12.0643330">
        <ele>2119.9520000</ele>
        <time>2008-07-19T07:07:19Z</time>
      </trkpt>
      <trkpt lat="46.5345800" lon="12.0642130">
        <ele>2120.6330000</ele>
        <time>2008-07-19T07:07:29Z</time>
      </trkpt>
      <trkpt lat="46.5345240" lon="12.0641110">
        <ele>2122.4720000</ele>
        <time>2008-07-19T07:07:41Z</time>
      </trkpt>
      <trkpt lat="46.5344850" lon="12.0640360">
        <ele>2124.0240000</ele>
        <time>2008-07-19T07:07:50Z</time>
      </trkpt>
      <trkpt lat="46.5344740" lon="12.0639190">
        <ele>2124.3420000</ele>
        <time>2008-07-19T07:07:59Z</time>
      </trkpt>
      <trkpt lat="46.5344690" lon="12.0637460">
        <ele>2125.9790000</ele>
        <time>2008-07-19T07:08:12Z</time>
      </trkpt>
      <trkpt lat="46.5344720" lon="12.0635910">
        <ele>2127.9690000</ele>
        <time>2008-07-19T07:08:25Z</time>
      </trkpt>
      <trkpt lat="46.5344490" lon="12.0634470">
        <ele>2128.6830000</ele>
        <time>2008-07-19T07:08:37Z</time>
      </trkpt>
      <trkpt lat="46.5344000" lon="12.0633640">
        <ele>2128.8670000</ele>
        <time>2008-07-19T07:08:46Z</time>
      </trkpt>
      <trkpt lat="46.5343740" lon="12.0632320">
        <ele>2129.2760000</ele>
        <time>2008-07-19T07:08:56Z</time>
      </trkpt>
      <trkpt lat="46.5343530" lon="12.0630660">
        <ele>2129.3000000</ele>
        <time>2008-07-19T07:09:08Z</time>
      </trkpt>
      <trkpt lat="46.5343530" lon="12.0630280">
        <ele>2129.5660000</ele>
        <time>2008-07-19T07:09:11Z</time>
      </trkpt>
      <trkpt lat="46.5343590" lon="12.0628930">
        <ele>2131.0400000</ele>
        <time>2008-07-19T07:09:22Z</time>
      </trkpt>
      <trkpt lat="46.5343390" lon="12.0628040">
        <ele>2132.3070000</ele>
        <time>2008-07-19T07:09:31Z</time>
      </trkpt>
      <trkpt lat="46.5343320" lon="12.0627190">
        <ele>2133.4600000</ele>
        <time>2008-07-19T07:09:41Z</time>
      </trkpt>
      <trkpt lat="46.5343770" lon="12.0626720">
        <ele>2134.9630000</ele>
        <time>2008-07-19T07:09:51Z</time>
      </trkpt>
      <trkpt lat="46.5344040" lon="12.0626140">
        <ele>2137.1970000</ele>
        <time>2008-07-19T07:10:01Z</time>
      </trkpt>
      <trkpt lat="46.5344350" lon="12.0625310">
        <ele>2139.9320000</ele>
        <time>2008-07-19T07:10:13Z</time>
      </trkpt>
      <trkpt lat="46.5344710" lon="12.0624650">
        <ele>2140.4660000</ele>
        <time>2008-07-19T07:10:24Z</time>
      </trkpt>
      <trkpt lat="46.5344800" lon="12.0623820">
        <ele>2141.8020000</ele>
        <time>2008-07-19T07:10:35Z</time>
      </trkpt>
      <trkpt lat="46.5345050" lon="12.0623220">
        <ele>2143.8880000</ele>
        <time>2008-07-19T07:10:45Z</time>
      </trkpt>
      <trkpt lat="46.5345370" lon="12.0622630">
        <ele>2144.1880000</ele>
        <time>2008-07-19T07:10:55Z</time>
      </trkpt>
      <trkpt lat="46.5345750" lon="12.0622030">
        <ele>2146.9550000</ele>
        <time>2008-07-19T07:11:07Z</time>
      </trkpt>
      <trkpt lat="46.5346050" lon="12.0621580">
        <ele>2147.9550000</ele>
        <time>2008-07-19T07:11:16Z</time>
      </trkpt>
      <trkpt lat="46.5346140" lon="12.0620950">
        <ele>2149.3830000</ele>
        <time>2008-07-19T07:11:24Z</time>
      </trkpt>
      <trkpt lat="46.5346320" lon="12.0620380">
        <ele>2151.6770000</ele>
        <time>2008-07-19T07:11:34Z</time>
      </trkpt>
      <trkpt lat="46.5346120" lon="12.0619790">
        <ele>2151.7450000</ele>
        <time>2008-07-19T07:11:44Z</time>
      </trkpt>
      <trkpt lat="46.5346190" lon="12.0619130">
        <ele>2153.1840000</ele>
        <time>2008-07-19T07:11:53Z</time>
      </trkpt>
      <trkpt lat="46.5345820" lon="12.0618530">
        <ele>2154.3830000</ele>
        <time>2008-07-19T07:12:03Z</time>
      </trkpt>
      <trkpt lat="46.5345580" lon="12.0617580">
        <ele>2156.7730000</ele>
        <time>2008-07-19T07:12:14Z</time>
      </trkpt>
      <trkpt lat="46.5345280" lon="12.0616860">
        <ele>2158.5660000</ele>
        <time>2008-07-19T07:12:26Z</time>
      </trkpt>
      <trkpt lat="46.5345100" lon="12.0616180">
        <ele>2160.0670000</ele>
        <time>2008-07-19T07:12:38Z</time>
      </trkpt>
      <trkpt lat="46.5344990" lon="12.0615680">
        <ele>2160.8670000</ele>
        <time>2008-07-19T07:12:48Z</time>
      </trkpt>
      <trkpt lat="46.5344850" lon="12.0615210">
        <ele>2162.8130000</ele>
        <time>2008-07-19T07:12:56Z</time>
      </trkpt>
      <trkpt lat="46.5345000" lon="12.0614910">
        <ele>2163.6750000</ele>
        <time>2008-07-19T07:13:06Z</time>
      </trkpt>
      <trkpt lat="46.5344890" lon="12.0614330">
        <ele>2164.7760000</ele>
        <time>2008-07-19T07:13:15Z</time>
      </trkpt>
      <trkpt lat="46.5344970" lon="12.0614050">
        <ele>2166.7080000</ele>
        <time>2008-07-19T07:13:24Z</time>
      </trkpt>
      <trkpt lat="46.5345200" lon="12.0613910">
        <ele>2167.2550000</ele>
        <time>2008-07-19T07:13:33Z</time>
      </trkpt>
      <trkpt lat="46.5345050" lon="12.0613410">
        <ele>2168.4480000</ele>
        <time>2008-07-19T07:13:43Z</time>
      </trkpt>
      <trkpt lat="46.5345110" lon="12.0613100">
        <ele>2169.4590000</ele>
        <time>2008-07-19T07:13:50Z</time>
      </trkpt>
      <trkpt lat="46.5344850" lon="12.0612670">
        <ele>2170.2900000</ele>
        <time>2008-07-19T07:13:59Z</time>
      </trkpt>
      <trkpt lat="46.5344710" lon="12.0612280">
        <ele>2171.7890000</ele>
        <time>2008-07-19T07:14:08Z</time>
      </trkpt>
      <trkpt lat="46.5344730" lon="12.0611700">
        <ele>2173.2310000</ele>
        <time>2008-07-19T07:14:17Z</time>
      </trkpt>
      <trkpt lat="46.5344660" lon="12.0611210">
        <ele>2174.8650000</ele>
        <time>2008-07-19T07:14:25Z</time>
      </trkpt>
      <trkpt lat="46.5344650" lon="12.0610710">
        <ele>2175.3240000</ele>
        <time>2008-07-19T07:14:34Z</time>
      </trkpt>
      <trkpt lat="46.5344670" lon="12.0610240">
        <ele>2176.9020000</ele>
        <time>2008-07-19T07:14:42Z</time>
      </trkpt>
      <trkpt lat="46.5344550" lon="12.0609770">
        <ele>2179.0060000</ele>
        <time>2008-07-19T07:14:52Z</time>
      </trkpt>
      <trkpt lat="46.5344600" lon="12.0609300">
        <ele>2179.8640000</ele>
        <time>2008-07-19T07:15:00Z</time>
      </trkpt>
      <trkpt lat="46.5344470" lon="12.0608760">
        <ele>2181.6660000</ele>
        <time>2008-07-19T07:15:09Z</time>
      </trkpt>
      <trkpt lat="46.5344560" lon="12.0608190">
        <ele>2182.9220000</ele>
        <time>2008-07-19T07:15:19Z</time>
      </trkpt>
      <trkpt lat="46.5344480" lon="12.0607540">
        <ele>2184.5520000</ele>
        <time>2008-07-19T07:15:30Z</time>
      </trkpt>
      <trkpt lat="46.5344350" lon="12.0607030">
        <ele>2185.8430000</ele>
        <time>2008-07-19T07:15:39Z</time>
      </trkpt>
      <trkpt lat="46.5344210" lon="12.0606470">
        <ele>2186.7280000</ele>
        <time>2008-07-19T07:15:49Z</time>
      </trkpt>
      <trkpt lat="46.5344230" lon="12.0605770">
        <ele>2188.3160000</ele>
        <time>2008-07-19T07:16:00Z</time>
      </trkpt>
      <trkpt lat="46.5344170" lon="12.0605160">
        <ele>2190.0520000</ele>
        <time>2008-07-19T07:16:10Z</time>
      </trkpt>
      <trkpt lat="46.5344180" lon="12.0605020">
        <ele>2190.9970000</ele>
        <time>2008-07-19T07:16:12Z</time>
      </trkpt>
      <trkpt lat="46.5344330" lon="12.0604460">
        <ele>2191.4080000</ele>
        <time>2008-07-19T07:16:22Z</time>
      </trkpt>
      <trkpt lat="46.5344130" lon="12.0603840">
        <ele>2192.7790000</ele>
        <time>2008-07-19T07:16:32Z</time>
      </trkpt>
      <trkpt lat="46.5344020" lon="12.0603330">
        <ele>2194.2610000</ele>
        <time>2008-07-19T07:16:41Z</time>
      </trkpt>
      <trkpt lat="46.5343950" lon="12.0602710">
        <ele>2196.3930000</ele>
        <time>2008-07-19T07:16:50Z</time>
      </trkpt>
      <trkpt lat="46.5343980" lon="12.0602050">
        <ele>2197.7420000</ele>
        <time>2008-07-19T07:16:59Z</time>
      </trkpt>
      <trkpt lat="46.5343680" lon="12.0601530">
        <ele>2199.0980000</ele>
        <time>2008-07-19T07:17:08Z</time>
      </trkpt>
      <trkpt lat="46.5343740" lon="12.0601290">
        <ele>2199.3630000</ele>
        <time>2008-07-19T07:17:16Z</time>
      </trkpt>
      <trkpt lat="46.5343600" lon="12.0600640">
        <ele>2201.1700000</ele>
        <time>2008-07-19T07:17:25Z</time>
      </trkpt>
      <trkpt lat="46.5343440" lon="12.0600020">
        <ele>2203.1720000</ele>
        <time>2008-07-19T07:17:35Z</time>
      </trkpt>
      <trkpt lat="46.5343470" lon="12.0599510">
        <ele>2204.2120000</ele>
        <time>2008-07-19T07:17:47Z</time>
      </trkpt>
      <trkpt lat="46.5343830" lon="12.0599300">
        <ele>2206.1810000</ele>
        <time>2008-07-19T07:17:58Z</time>
      </trkpt>
      <trkpt lat="46.5343540" lon="12.0598720">
        <ele>2207.0260000</ele>
        <time>2008-07-19T07:18:08Z</time>
      </trkpt>
      <trkpt lat="46.5343410" lon="12.0598190">
        <ele>2208.4450000</ele>
        <time>2008-07-19T07:18:17Z</time>
      </trkpt>
      <trkpt lat="46.5343480" lon="12.0597870">
        <ele>2209.6970000</ele>
        <time>2008-07-19T07:18:25Z</time>
      </trkpt>
      <trkpt lat="46.5343960" lon="12.0598150">
        <ele>2210.9570000</ele>
        <time>2008-07-19T07:18:35Z</time>
      </trkpt>
      <trkpt lat="46.5344130" lon="12.0597890">
        <ele>2211.4450000</ele>
        <time>2008-07-19T07:18:42Z</time>
      </trkpt>
      <trkpt lat="46.5343830" lon="12.0597180">
        <ele>2213.2300000</ele>
        <time>2008-07-19T07:18:53Z</time>
      </trkpt>
      <trkpt lat="46.5344030" lon="12.0597060">
        <ele>2214.2850000</ele>
        <time>2008-07-19T07:19:01Z</time>
      </trkpt>
      <trkpt lat="46.5343810" lon="12.0596400">
        <ele>2215.6420000</ele>
        <time>2008-07-19T07:19:11Z</time>
      </trkpt>
      <trkpt lat="46.5343680" lon="12.0595670">
        <ele>2217.4280000</ele>
        <time>2008-07-19T07:19:22Z</time>
      </trkpt>
      <trkpt lat="46.5343410" lon="12.0595220">
        <ele>2218.2100000</ele>
        <time>2008-07-19T07:19:32Z</time>
      </trkpt>
      <trkpt lat="46.5342990" lon="12.0594550">
        <ele>2219.4100000</ele>
        <time>2008-07-19T07:19:41Z</time>
      </trkpt>
      <trkpt lat="46.5342670" lon="12.0594160">
        <ele>2221.0720000</ele>
        <time>2008-07-19T07:19:50Z</time>
      </trkpt>
      <trkpt lat="46.5342410" lon="12.0593800">
        <ele>2222.9040000</ele>
        <time>2008-07-19T07:20:00Z</time>
      </trkpt>
      <trkpt lat="46.5342160" lon="12.0593350">
        <ele>2223.9250000</ele>
        <time>2008-07-19T07:20:10Z</time>
      </trkpt>
      <trkpt lat="46.5341850" lon="12.0592850">
        <ele>2225.9250000</ele>
        <time>2008-07-19T07:20:21Z</time>
      </trkpt>
      <trkpt lat="46.5341650" lon="12.0592290">
        <ele>2227.3070000</ele>
        <time>2008-07-19T07:20:30Z</time>
      </trkpt>
      <trkpt lat="46.5341870" lon="12.0592220">
        <ele>2227.5310000</ele>
        <time>2008-07-19T07:20:38Z</time>
      </trkpt>
      <trkpt lat="46.5342320" lon="12.0592330">
        <ele>2229.3380000</ele>
        <time>2008-07-19T07:20:47Z</time>
      </trkpt>
      <trkpt lat="46.5342850" lon="12.0592210">
        <ele>2231.0180000</ele>
        <time>2008-07-19T07:20:57Z</time>
      </trkpt>
      <trkpt lat="46.5343170" lon="12.0592080">
        <ele>2231.6200000</ele>
        <time>2008-07-19T07:21:03Z</time>
      </trkpt>
      <trkpt lat="46.5343510" lon="12.0591770">
        <ele>2232.3850000</ele>
        <time>2008-07-19T07:21:12Z</time>
      </trkpt>
      <trkpt lat="46.5343900" lon="12.0591510">
        <ele>2234.1180000</ele>
        <time>2008-07-19T07:21:21Z</time>
      </trkpt>
      <trkpt lat="46.5344200" lon="12.0591410">
        <ele>2235.4910000</ele>
        <time>2008-07-19T07:21:30Z</time>
      </trkpt>
      <trkpt lat="46.5344020" lon="12.0591130">
        <ele>2236.4480000</ele>
        <time>2008-07-19T07:21:38Z</time>
      </trkpt>
      <trkpt lat="46.5343590" lon="12.0590700">
        <ele>2237.5700000</ele>
        <time>2008-07-19T07:21:47Z</time>
      </trkpt>
      <trkpt lat="46.5343230" lon="12.0590260">
        <ele>2239.4510000</ele>
        <time>2008-07-19T07:21:55Z</time>
      </trkpt>
      <trkpt lat="46.5343050" lon="12.0589730">
        <ele>2240.9490000</ele>
        <time>2008-07-19T07:22:04Z</time>
      </trkpt>
      <trkpt lat="46.5342840" lon="12.0589350">
        <ele>2241.3660000</ele>
        <time>2008-07-19T07:22:13Z</time>
      </trkpt>
      <trkpt lat="46.5342960" lon="12.0589290">
        <ele>2241.8000000</ele>
        <time>2008-07-19T07:22:25Z</time>
      </trkpt>
      <trkpt lat="46.5343130" lon="12.0589380">
        <ele>2241.8080000</ele>
        <time>2008-07-19T07:22:37Z</time>
      </trkpt>
      <trkpt lat="46.5343290" lon="12.0589440">
        <ele>2242.3850000</ele>
        <time>2008-07-19T07:22:46Z</time>
      </trkpt>
      <trkpt lat="46.5343780" lon="12.0589490">
        <ele>2243.2660000</ele>
        <time>2008-07-19T07:23:12Z</time>
      </trkpt>
      <trkpt lat="46.5344230" lon="12.0589340">
        <ele>2244.7210000</ele>
        <time>2008-07-19T07:23:21Z</time>
      </trkpt>
      <trkpt lat="46.5344810" lon="12.0589130">
        <ele>2246.7930000</ele>
        <time>2008-07-19T07:23:33Z</time>
      </trkpt>
      <trkpt lat="46.5345180" lon="12.0588970">
        <ele>2247.4500000</ele>
        <time>2008-07-19T07:23:43Z</time>
      </trkpt>
      <trkpt lat="46.5345690" lon="12.0588960">
        <ele>2249.6890000</ele>
        <time>2008-07-19T07:23:54Z</time>
      </trkpt>
      <trkpt lat="46.5346020" lon="12.0588680">
        <ele>2250.5770000</ele>
        <time>2008-07-19T07:24:02Z</time>
      </trkpt>
      <trkpt lat="46.5346400" lon="12.0588490">
        <ele>2251.5720000</ele>
        <time>2008-07-19T07:24:11Z</time>
      </trkpt>
      <trkpt lat="46.5346890" lon="12.0588490">
        <ele>2253.0050000</ele>
        <time>2008-07-19T07:24:21Z</time>
      </trkpt>
      <trkpt lat="46.5347450" lon="12.0588520">
        <ele>2254.4360000</ele>
        <time>2008-07-19T07:24:32Z</time>
      </trkpt>
      <trkpt lat="46.5347880" lon="12.0588480">
        <ele>2255.2630000</ele>
        <time>2008-07-19T07:24:41Z</time>
      </trkpt>
      <trkpt lat="46.5348300" lon="12.0588510">
        <ele>2257.1790000</ele>
        <time>2008-07-19T07:24:51Z</time>
      </trkpt>
      <trkpt lat="46.5348300" lon="12.0587980">
        <ele>2258.2130000</ele>
        <time>2008-07-19T07:24:59Z</time>
      </trkpt>
      <trkpt lat="46.5347750" lon="12.0587220">
        <ele>2259.1840000</ele>
        <time>2008-07-19T07:25:09Z</time>
      </trkpt>
      <trkpt lat="46.5347700" lon="12.0586900">
        <ele>2260.0350000</ele>
        <time>2008-07-19T07:25:17Z</time>
      </trkpt>
      <trkpt lat="46.5348170" lon="12.0586810">
        <ele>2261.6960000</ele>
        <time>2008-07-19T07:25:28Z</time>
      </trkpt>
      <trkpt lat="46.5348160" lon="12.0586390">
        <ele>2262.5420000</ele>
        <time>2008-07-19T07:25:35Z</time>
      </trkpt>
      <trkpt lat="46.5347910" lon="12.0585770">
        <ele>2264.3690000</ele>
        <time>2008-07-19T07:25:46Z</time>
      </trkpt>
      <trkpt lat="46.5347900" lon="12.0585400">
        <ele>2265.7960000</ele>
        <time>2008-07-19T07:25:56Z</time>
      </trkpt>
      <trkpt lat="46.5348390" lon="12.0585300">
        <ele>2267.0260000</ele>
        <time>2008-07-19T07:26:06Z</time>
      </trkpt>
      <trkpt lat="46.5348490" lon="12.0585350">
        <ele>2267.6950000</ele>
        <time>2008-07-19T07:26:20Z</time>
      </trkpt>
      <trkpt lat="46.5348710" lon="12.0585030">
        <ele>2268.5770000</ele>
        <time>2008-07-19T07:26:38Z</time>
      </trkpt>
      <trkpt lat="46.5348110" lon="12.0584390">
        <ele>2269.9120000</ele>
        <time>2008-07-19T07:26:48Z</time>
      </trkpt>
      <trkpt lat="46.5347990" lon="12.0584090">
        <ele>2271.4390000</ele>
        <time>2008-07-19T07:26:57Z</time>
      </trkpt>
      <trkpt lat="46.5348280" lon="12.0584160">
        <ele>2272.0650000</ele>
        <time>2008-07-19T07:27:12Z</time>
      </trkpt>
      <trkpt lat="46.5348750" lon="12.0583820">
        <ele>2273.1560000</ele>
        <time>2008-07-19T07:27:21Z</time>
      </trkpt>
      <trkpt lat="46.5349160" lon="12.0583670">
        <ele>2273.9530000</ele>
        <time>2008-07-19T07:27:29Z</time>
      </trkpt>
      <trkpt lat="46.5349550" lon="12.0583530">
        <ele>2275.7580000</ele>
        <time>2008-07-19T07:27:37Z</time>
      </trkpt>
      <trkpt lat="46.5349810" lon="12.0583250">
        <ele>2276.0890000</ele>
        <time>2008-07-19T07:27:45Z</time>
      </trkpt>
      <trkpt lat="46.5349310" lon="12.0582600">
        <ele>2277.9410000</ele>
        <time>2008-07-19T07:27:56Z</time>
      </trkpt>
      <trkpt lat="46.5348990" lon="12.0581970">
        <ele>2278.8430000</ele>
        <time>2008-07-19T07:28:08Z</time>
      </trkpt>
      <trkpt lat="46.5349550" lon="12.0581680">
        <ele>2281.1420000</ele>
        <time>2008-07-19T07:28:19Z</time>
      </trkpt>
      <trkpt lat="46.5349930" lon="12.0581360">
        <ele>2282.6120000</ele>
        <time>2008-07-19T07:28:28Z</time>
      </trkpt>
      <trkpt lat="46.5350180" lon="12.0581030">
        <ele>2283.5920000</ele>
        <time>2008-07-19T07:28:35Z</time>
      </trkpt>
      <trkpt lat="46.5349700" lon="12.0580800">
        <ele>2284.0310000</ele>
        <time>2008-07-19T07:28:44Z</time>
      </trkpt>
      <trkpt lat="46.5349180" lon="12.0580450">
        <ele>2286.0120000</ele>
        <time>2008-07-19T07:28:55Z</time>
      </trkpt>
      <trkpt lat="46.5349430" lon="12.0580320">
        <ele>2287.6420000</ele>
        <time>2008-07-19T07:29:03Z</time>
      </trkpt>
      <trkpt lat="46.5349830" lon="12.0580000">
        <ele>2289.1210000</ele>
        <time>2008-07-19T07:29:13Z</time>
      </trkpt>
      <trkpt lat="46.5349320" lon="12.0579520">
        <ele>2290.5430000</ele>
        <time>2008-07-19T07:29:25Z</time>
      </trkpt>
      <trkpt lat="46.5348780" lon="12.0579030">
        <ele>2292.4510000</ele>
        <time>2008-07-19T07:29:37Z</time>
      </trkpt>
      <trkpt lat="46.5349040" lon="12.0578950">
        <ele>2293.3370000</ele>
        <time>2008-07-19T07:29:46Z</time>
      </trkpt>
      <trkpt lat="46.5349480" lon="12.0578720">
        <ele>2294.8300000</ele>
        <time>2008-07-19T07:29:56Z</time>
      </trkpt>
      <trkpt lat="46.5349810" lon="12.0578380">
        <ele>2296.3640000</ele>
        <time>2008-07-19T07:30:04Z</time>
      </trkpt>
      <trkpt lat="46.5350220" lon="12.0577910">
        <ele>2297.5500000</ele>
        <time>2008-07-19T07:30:15Z</time>
      </trkpt>
      <trkpt lat="46.5350560" lon="12.0577620">
        <ele>2298.8130000</ele>
        <time>2008-07-19T07:30:24Z</time>
      </trkpt>
      <trkpt lat="46.5350960" lon="12.0577320">
        <ele>2300.2430000</ele>
        <time>2008-07-19T07:30:34Z</time>
      </trkpt>
      <trkpt lat="46.5350930" lon="12.0577280">
        <ele>2300.7300000</ele>
        <time>2008-07-19T07:30:40Z</time>
      </trkpt>
      <trkpt lat="46.5350380" lon="12.0577120">
        <ele>2301.5170000</ele>
        <time>2008-07-19T07:31:11Z</time>
      </trkpt>
      <trkpt lat="46.5349650" lon="12.0577090">
        <ele>2302.9450000</ele>
        <time>2008-07-19T07:31:22Z</time>
      </trkpt>
      <trkpt lat="46.5348950" lon="12.0576610">
        <ele>2304.1470000</ele>
        <time>2008-07-19T07:31:34Z</time>
      </trkpt>
      <trkpt lat="46.5348550" lon="12.0576070">
        <ele>2305.6600000</ele>
        <time>2008-07-19T07:31:45Z</time>
      </trkpt>
      <trkpt lat="46.5348240" lon="12.0575670">
        <ele>2306.5390000</ele>
        <time>2008-07-19T07:31:53Z</time>
      </trkpt>
      <trkpt lat="46.5347840" lon="12.0575140">
        <ele>2307.8740000</ele>
        <time>2008-07-19T07:32:04Z</time>
      </trkpt>
      <trkpt lat="46.5347530" lon="12.0574710">
        <ele>2309.8840000</ele>
        <time>2008-07-19T07:32:13Z</time>
      </trkpt>
      <trkpt lat="46.5347350" lon="12.0574380">
        <ele>2311.0640000</ele>
        <time>2008-07-19T07:32:22Z</time>
      </trkpt>
      <trkpt lat="46.5347110" lon="12.0574080">
        <ele>2311.4220000</ele>
        <time>2008-07-19T07:32:33Z</time>
      </trkpt>
      <trkpt lat="46.5347130" lon="12.0573790">
        <ele>2311.4750000</ele>
        <time>2008-07-19T07:32:56Z</time>
      </trkpt>
      <trkpt lat="46.5346410" lon="12.0573420">
        <ele>2312.5440000</ele>
        <time>2008-07-19T07:33:05Z</time>
      </trkpt>
      <trkpt lat="46.5345720" lon="12.0572560">
        <ele>2313.7520000</ele>
        <time>2008-07-19T07:33:15Z</time>
      </trkpt>
      <trkpt lat="46.5345650" lon="12.0572040">
        <ele>2313.5750000</ele>
        <time>2008-07-19T07:33:23Z</time>
      </trkpt>
      <trkpt lat="46.5345800" lon="12.0571920">
        <ele>2313.3500000</ele>
        <time>2008-07-19T07:33:32Z</time>
      </trkpt>
      <trkpt lat="46.5345750" lon="12.0571060">
        <ele>2312.8350000</ele>
        <time>2008-07-19T07:33:38Z</time>
      </trkpt>
      <trkpt lat="46.5345840" lon="12.0570700">
        <ele>2313.2170000</ele>
        <time>2008-07-19T07:33:40Z</time>
      </trkpt>
      <trkpt lat="46.5345730" lon="12.0570460">
        <ele>2313.9010000</ele>
        <time>2008-07-19T07:33:42Z</time>
      </trkpt>
      <trkpt lat="46.5345130" lon="12.0569580">
        <ele>2314.3110000</ele>
        <time>2008-07-19T07:33:49Z</time>
      </trkpt>
      <trkpt lat="46.5345270" lon="12.0568780">
        <ele>2315.3780000</ele>
        <time>2008-07-19T07:33:59Z</time>
      </trkpt>
      <trkpt lat="46.5345010" lon="12.0567990">
        <ele>2315.9770000</ele>
        <time>2008-07-19T07:34:07Z</time>
      </trkpt>
      <trkpt lat="46.5344780" lon="12.0567520">
        <ele>2315.4720000</ele>
        <time>2008-07-19T07:34:11Z</time>
      </trkpt>
      <trkpt lat="46.5344180" lon="12.0566150">
        <ele>2314.7600000</ele>
        <time>2008-07-19T07:34:22Z</time>
      </trkpt>
      <trkpt lat="46.5343700" lon="12.0565280">
        <ele>2316.1880000</ele>
        <time>2008-07-19T07:34:33Z</time>
      </trkpt>
      <trkpt lat="46.5343250" lon="12.0564520">
        <ele>2316.7160000</ele>
        <time>2008-07-19T07:34:43Z</time>
      </trkpt>
      <trkpt lat="46.5342730" lon="12.0563840">
        <ele>2317.9630000</ele>
        <time>2008-07-19T07:34:53Z</time>
      </trkpt>
      <trkpt lat="46.5342070" lon="12.0562940">
        <ele>2319.1540000</ele>
        <time>2008-07-19T07:35:04Z</time>
      </trkpt>
      <trkpt lat="46.5341800" lon="12.0562280">
        <ele>2319.4430000</ele>
        <time>2008-07-19T07:35:13Z</time>
      </trkpt>
      <trkpt lat="46.5341490" lon="12.0561660">
        <ele>2319.6190000</ele>
        <time>2008-07-19T07:35:21Z</time>
      </trkpt>
      <trkpt lat="46.5341030" lon="12.0560900">
        <ele>2321.0700000</ele>
        <time>2008-07-19T07:35:29Z</time>
      </trkpt>
      <trkpt lat="46.5340790" lon="12.0560710">
        <ele>2321.4530000</ele>
        <time>2008-07-19T07:35:32Z</time>
      </trkpt>
      <trkpt lat="46.5339960" lon="12.0560310">
        <ele>2323.1070000</ele>
        <time>2008-07-19T07:35:43Z</time>
      </trkpt>
      <trkpt lat="46.5339470" lon="12.0559400">
        <ele>2324.3870000</ele>
        <time>2008-07-19T07:35:54Z</time>
      </trkpt>
      <trkpt lat="46.5338880" lon="12.0558330">
        <ele>2325.7300000</ele>
        <time>2008-07-19T07:36:06Z</time>
      </trkpt>
      <trkpt lat="46.5338350" lon="12.0557230">
        <ele>2327.4890000</ele>
        <time>2008-07-19T07:36:18Z</time>
      </trkpt>
      <trkpt lat="46.5337880" lon="12.0556380">
        <ele>2328.5070000</ele>
        <time>2008-07-19T07:36:28Z</time>
      </trkpt>
      <trkpt lat="46.5337300" lon="12.0555450">
        <ele>2329.4690000</ele>
        <time>2008-07-19T07:36:38Z</time>
      </trkpt>
      <trkpt lat="46.5336590" lon="12.0554260">
        <ele>2330.2250000</ele>
        <time>2008-07-19T07:36:50Z</time>
      </trkpt>
      <trkpt lat="46.5336320" lon="12.0553180">
        <ele>2331.6120000</ele>
        <time>2008-07-19T07:36:59Z</time>
      </trkpt>
      <trkpt lat="46.5336200" lon="12.0552580">
        <ele>2331.8400000</ele>
        <time>2008-07-19T07:37:03Z</time>
      </trkpt>
      <trkpt lat="46.5335810" lon="12.0551220">
        <ele>2332.4000000</ele>
        <time>2008-07-19T07:37:14Z</time>
      </trkpt>
      <trkpt lat="46.5335440" lon="12.0550460">
        <ele>2332.8180000</ele>
        <time>2008-07-19T07:37:22Z</time>
      </trkpt>
      <trkpt lat="46.5335190" lon="12.0549520">
        <ele>2331.9660000</ele>
        <time>2008-07-19T07:37:32Z</time>
      </trkpt>
      <trkpt lat="46.5334660" lon="12.0548150">
        <ele>2331.0410000</ele>
        <time>2008-07-19T07:37:43Z</time>
      </trkpt>
      <trkpt lat="46.5334070" lon="12.0546900">
        <ele>2329.9900000</ele>
        <time>2008-07-19T07:37:53Z</time>
      </trkpt>
      <trkpt lat="46.5333700" lon="12.0545660">
        <ele>2329.7730000</ele>
        <time>2008-07-19T07:38:02Z</time>
      </trkpt>
      <trkpt lat="46.5333510" lon="12.0544860">
        <ele>2328.5590000</ele>
        <time>2008-07-19T07:38:09Z</time>
      </trkpt>
      <trkpt lat="46.5333500" lon="12.0544080">
        <ele>2327.9210000</ele>
        <time>2008-07-19T07:38:14Z</time>
      </trkpt>
      <trkpt lat="46.5333180" lon="12.0542440">
        <ele>2328.5380000</ele>
        <time>2008-07-19T07:38:26Z</time>
      </trkpt>
      <trkpt lat="46.5333120" lon="12.0542010">
        <ele>2328.5510000</ele>
        <time>2008-07-19T07:38:34Z</time>
      </trkpt>
      <trkpt lat="46.5333130" lon="12.0541300">
        <ele>2329.5730000</ele>
        <time>2008-07-19T07:38:45Z</time>
      </trkpt>
      <trkpt lat="46.5333110" lon="12.0540410">
        <ele>2331.0220000</ele>
        <time>2008-07-19T07:38:54Z</time>
      </trkpt>
      <trkpt lat="46.5332780" lon="12.0539290">
        <ele>2332.0950000</ele>
        <time>2008-07-19T07:39:04Z</time>
      </trkpt>
      <trkpt lat="46.5332730" lon="12.0538580">
        <ele>2332.8770000</ele>
        <time>2008-07-19T07:39:12Z</time>
      </trkpt>
      <trkpt lat="46.5332540" lon="12.0537950">
        <ele>2333.7870000</ele>
        <time>2008-07-19T07:39:21Z</time>
      </trkpt>
      <trkpt lat="46.5332090" lon="12.0537270">
        <ele>2335.9710000</ele>
        <time>2008-07-19T07:39:33Z</time>
      </trkpt>
      <trkpt lat="46.5331740" lon="12.0536770">
        <ele>2336.2390000</ele>
        <time>2008-07-19T07:39:41Z</time>
      </trkpt>
      <trkpt lat="46.5331390" lon="12.0536060">
        <ele>2338.0060000</ele>
        <time>2008-07-19T07:39:51Z</time>
      </trkpt>
      <trkpt lat="46.5330970" lon="12.0534880">
        <ele>2339.5200000</ele>
        <time>2008-07-19T07:40:05Z</time>
      </trkpt>
      <trkpt lat="46.5330660" lon="12.0534190">
        <ele>2340.6130000</ele>
        <time>2008-07-19T07:40:15Z</time>
      </trkpt>
      <trkpt lat="46.5330510" lon="12.0533380">
        <ele>2342.4930000</ele>
        <time>2008-07-19T07:40:25Z</time>
      </trkpt>
      <trkpt lat="46.5330190" lon="12.0532460">
        <ele>2343.5260000</ele>
        <time>2008-07-19T07:40:36Z</time>
      </trkpt>
      <trkpt lat="46.5329760" lon="12.0531240">
        <ele>2344.2890000</ele>
        <time>2008-07-19T07:40:48Z</time>
      </trkpt>
      <trkpt lat="46.5329610" lon="12.0530150">
        <ele>2346.1360000</ele>
        <time>2008-07-19T07:40:58Z</time>
      </trkpt>
      <trkpt lat="46.5329540" lon="12.0529700">
        <ele>2347.0760000</ele>
        <time>2008-07-19T07:41:03Z</time>
      </trkpt>
      <trkpt lat="46.5329540" lon="12.0529030">
        <ele>2347.8930000</ele>
        <time>2008-07-19T07:41:12Z</time>
      </trkpt>
      <trkpt lat="46.5329290" lon="12.0528390">
        <ele>2349.6100000</ele>
        <time>2008-07-19T07:41:22Z</time>
      </trkpt>
      <trkpt lat="46.5329120" lon="12.0527800">
        <ele>2349.7080000</ele>
        <time>2008-07-19T07:41:29Z</time>
      </trkpt>
      <trkpt lat="46.5329050" lon="12.0527460">
        <ele>2349.4690000</ele>
        <time>2008-07-19T07:41:32Z</time>
      </trkpt>
      <trkpt lat="46.5328770" lon="12.0526310">
        <ele>2349.5590000</ele>
        <time>2008-07-19T07:41:42Z</time>
      </trkpt>
      <trkpt lat="46.5328700" lon="12.0525700">
        <ele>2349.9080000</ele>
        <time>2008-07-19T07:41:50Z</time>
      </trkpt>
      <trkpt lat="46.5328550" lon="12.0524640">
        <ele>2350.3410000</ele>
        <time>2008-07-19T07:42:00Z</time>
      </trkpt>
      <trkpt lat="46.5328430" lon="12.0523830">
        <ele>2351.1450000</ele>
        <time>2008-07-19T07:42:08Z</time>
      </trkpt>
      <trkpt lat="46.5328320" lon="12.0523180">
        <ele>2352.1530000</ele>
        <time>2008-07-19T07:42:16Z</time>
      </trkpt>
      <trkpt lat="46.5328030" lon="12.0522480">
        <ele>2353.3490000</ele>
        <time>2008-07-19T07:42:25Z</time>
      </trkpt>
      <trkpt lat="46.5327580" lon="12.0521970">
        <ele>2352.7800000</ele>
        <time>2008-07-19T07:42:33Z</time>
      </trkpt>
      <trkpt lat="46.5326850" lon="12.0522250">
        <ele>2354.5190000</ele>
        <time>2008-07-19T07:42:42Z</time>
      </trkpt>
      <trkpt lat="46.5326170" lon="12.0522180">
        <ele>2355.4560000</ele>
        <time>2008-07-19T07:42:50Z</time>
      </trkpt>
      <trkpt lat="46.5325440" lon="12.0521740">
        <ele>2355.5110000</ele>
        <time>2008-07-19T07:42:59Z</time>
      </trkpt>
      <trkpt lat="46.5324970" lon="12.0520800">
        <ele>2355.9840000</ele>
        <time>2008-07-19T07:43:09Z</time>
      </trkpt>
      <trkpt lat="46.5324620" lon="12.0519610">
        <ele>2357.4030000</ele>
        <time>2008-07-19T07:43:21Z</time>
      </trkpt>
      <trkpt lat="46.5324460" lon="12.0518740">
        <ele>2357.8050000</ele>
        <time>2008-07-19T07:43:32Z</time>
      </trkpt>
      <trkpt lat="46.5324640" lon="12.0518240">
        <ele>2359.9680000</ele>
        <time>2008-07-19T07:43:39Z</time>
      </trkpt>
      <trkpt lat="46.5324790" lon="12.0517510">
        <ele>2361.4860000</ele>
        <time>2008-07-19T07:43:48Z</time>
      </trkpt>
      <trkpt lat="46.5325060" lon="12.0516780">
        <ele>2362.9510000</ele>
        <time>2008-07-19T07:43:56Z</time>
      </trkpt>
      <trkpt lat="46.5325260" lon="12.0516070">
        <ele>2364.1790000</ele>
        <time>2008-07-19T07:44:04Z</time>
      </trkpt>
      <trkpt lat="46.5325370" lon="12.0515270">
        <ele>2366.0310000</ele>
        <time>2008-07-19T07:44:14Z</time>
      </trkpt>
      <trkpt lat="46.5325490" lon="12.0514530">
        <ele>2366.6670000</ele>
        <time>2008-07-19T07:44:24Z</time>
      </trkpt>
      <trkpt lat="46.5325500" lon="12.0513890">
        <ele>2367.6670000</ele>
        <time>2008-07-19T07:44:33Z</time>
      </trkpt>
      <trkpt lat="46.5325590" lon="12.0513260">
        <ele>2369.7560000</ele>
        <time>2008-07-19T07:44:44Z</time>
      </trkpt>
      <trkpt lat="46.5325550" lon="12.0512780">
        <ele>2371.4210000</ele>
        <time>2008-07-19T07:44:56Z</time>
      </trkpt>
      <trkpt lat="46.5325340" lon="12.0512400">
        <ele>2373.4080000</ele>
        <time>2008-07-19T07:45:05Z</time>
      </trkpt>
      <trkpt lat="46.5325390" lon="12.0511670">
        <ele>2374.7540000</ele>
        <time>2008-07-19T07:45:15Z</time>
      </trkpt>
      <trkpt lat="46.5325600" lon="12.0510730">
        <ele>2376.2200000</ele>
        <time>2008-07-19T07:45:28Z</time>
      </trkpt>
      <trkpt lat="46.5325740" lon="12.0509910">
        <ele>2377.7300000</ele>
        <time>2008-07-19T07:45:39Z</time>
      </trkpt>
      <trkpt lat="46.5325910" lon="12.0508970">
        <ele>2379.0760000</ele>
        <time>2008-07-19T07:45:50Z</time>
      </trkpt>
      <trkpt lat="46.5325960" lon="12.0508740">
        <ele>2379.4380000</ele>
        <time>2008-07-19T07:45:52Z</time>
      </trkpt>
      <trkpt lat="46.5326130" lon="12.0507600">
        <ele>2380.2250000</ele>
        <time>2008-07-19T07:46:03Z</time>
      </trkpt>
      <trkpt lat="46.5326230" lon="12.0507060">
        <ele>2380.9080000</ele>
        <time>2008-07-19T07:46:10Z</time>
      </trkpt>
      <trkpt lat="46.5326360" lon="12.0506010">
        <ele>2381.8120000</ele>
        <time>2008-07-19T07:46:21Z</time>
      </trkpt>
      <trkpt lat="46.5326570" lon="12.0504900">
        <ele>2383.7220000</ele>
        <time>2008-07-19T07:46:31Z</time>
      </trkpt>
      <trkpt lat="46.5326720" lon="12.0503890">
        <ele>2384.6850000</ele>
        <time>2008-07-19T07:46:42Z</time>
      </trkpt>
      <trkpt lat="46.5326920" lon="12.0502920">
        <ele>2385.7180000</ele>
        <time>2008-07-19T07:46:53Z</time>
      </trkpt>
      <trkpt lat="46.5327130" lon="12.0502080">
        <ele>2387.7720000</ele>
        <time>2008-07-19T07:47:03Z</time>
      </trkpt>
      <trkpt lat="46.5327150" lon="12.0501120">
        <ele>2388.5540000</ele>
        <time>2008-07-19T07:47:12Z</time>
      </trkpt>
      <trkpt lat="46.5327240" lon="12.0499830">
        <ele>2389.9270000</ele>
        <time>2008-07-19T07:47:23Z</time>
      </trkpt>
      <trkpt lat="46.5327190" lon="12.0498820">
        <ele>2390.9090000</ele>
        <time>2008-07-19T07:47:32Z</time>
      </trkpt>
      <trkpt lat="46.5327110" lon="12.0498070">
        <ele>2391.6350000</ele>
        <time>2008-07-19T07:47:42Z</time>
      </trkpt>
      <trkpt lat="46.5327180" lon="12.0497460">
        <ele>2392.0210000</ele>
        <time>2008-07-19T07:47:52Z</time>
      </trkpt>
      <trkpt lat="46.5327220" lon="12.0497110">
        <ele>2392.8520000</ele>
        <time>2008-07-19T07:47:59Z</time>
      </trkpt>
      <trkpt lat="46.5327130" lon="12.0496770">
        <ele>2393.2540000</ele>
        <time>2008-07-19T07:48:05Z</time>
      </trkpt>
      <trkpt lat="46.5327000" lon="12.0496510">
        <ele>2394.0210000</ele>
        <time>2008-07-19T07:48:11Z</time>
      </trkpt>
      <trkpt lat="46.5326750" lon="12.0495480">
        <ele>2395.4070000</ele>
        <time>2008-07-19T07:48:22Z</time>
      </trkpt>
      <trkpt lat="46.5326760" lon="12.0494990">
        <ele>2396.7940000</ele>
        <time>2008-07-19T07:48:31Z</time>
      </trkpt>
      <trkpt lat="46.5326730" lon="12.0494360">
        <ele>2397.8280000</ele>
        <time>2008-07-19T07:48:40Z</time>
      </trkpt>
      <trkpt lat="46.5326700" lon="12.0493730">
        <ele>2400.1830000</ele>
        <time>2008-07-19T07:48:50Z</time>
      </trkpt>
      <trkpt lat="46.5326690" lon="12.0493300">
        <ele>2402.0980000</ele>
        <time>2008-07-19T07:48:58Z</time>
      </trkpt>
      <trkpt lat="46.5326720" lon="12.0492980">
        <ele>2403.4260000</ele>
        <time>2008-07-19T07:49:05Z</time>
      </trkpt>
      <trkpt lat="46.5326830" lon="12.0492500">
        <ele>2403.6770000</ele>
        <time>2008-07-19T07:49:13Z</time>
      </trkpt>
      <trkpt lat="46.5326850" lon="12.0491920">
        <ele>2405.0000000</ele>
        <time>2008-07-19T07:49:22Z</time>
      </trkpt>
      <trkpt lat="46.5326840" lon="12.0491570">
        <ele>2405.6910000</ele>
        <time>2008-07-19T07:49:29Z</time>
      </trkpt>
      <trkpt lat="46.5326920" lon="12.0491250">
        <ele>2406.0780000</ele>
        <time>2008-07-19T07:49:37Z</time>
      </trkpt>
      <trkpt lat="46.5326870" lon="12.0490720">
        <ele>2407.1260000</ele>
        <time>2008-07-19T07:49:46Z</time>
      </trkpt>
      <trkpt lat="46.5326880" lon="12.0490260">
        <ele>2407.9850000</ele>
        <time>2008-07-19T07:49:54Z</time>
      </trkpt>
      <trkpt lat="46.5326830" lon="12.0489860">
        <ele>2409.7570000</ele>
        <time>2008-07-19T07:50:03Z</time>
      </trkpt>
      <trkpt lat="46.5326630" lon="12.0489280">
        <ele>2411.6830000</ele>
        <time>2008-07-19T07:50:15Z</time>
      </trkpt>
      <trkpt lat="46.5326460" lon="12.0488790">
        <ele>2412.7810000</ele>
        <time>2008-07-19T07:50:21Z</time>
      </trkpt>
      <trkpt lat="46.5326090" lon="12.0487630">
        <ele>2412.5900000</ele>
        <time>2008-07-19T07:50:32Z</time>
      </trkpt>
      <trkpt lat="46.5326280" lon="12.0487280">
        <ele>2413.2620000</ele>
        <time>2008-07-19T07:50:38Z</time>
      </trkpt>
      <trkpt lat="46.5326330" lon="12.0486610">
        <ele>2414.2960000</ele>
        <time>2008-07-19T07:50:47Z</time>
      </trkpt>
      <trkpt lat="46.5326080" lon="12.0486140">
        <ele>2416.2590000</ele>
        <time>2008-07-19T07:50:56Z</time>
      </trkpt>
      <trkpt lat="46.5325650" lon="12.0485830">
        <ele>2417.2190000</ele>
        <time>2008-07-19T07:51:05Z</time>
      </trkpt>
      <trkpt lat="46.5325300" lon="12.0485170">
        <ele>2417.3430000</ele>
        <time>2008-07-19T07:51:14Z</time>
      </trkpt>
      <trkpt lat="46.5325290" lon="12.0484340">
        <ele>2419.3470000</ele>
        <time>2008-07-19T07:51:25Z</time>
      </trkpt>
      <trkpt lat="46.5325290" lon="12.0483790">
        <ele>2419.6270000</ele>
        <time>2008-07-19T07:51:31Z</time>
      </trkpt>
      <trkpt lat="46.5325110" lon="12.0482760">
        <ele>2419.9670000</ele>
        <time>2008-07-19T07:51:42Z</time>
      </trkpt>
      <trkpt lat="46.5325030" lon="12.0482290">
        <ele>2422.1540000</ele>
        <time>2008-07-19T07:51:48Z</time>
      </trkpt>
      <trkpt lat="46.5324570" lon="12.0481350">
        <ele>2422.8510000</ele>
        <time>2008-07-19T07:51:58Z</time>
      </trkpt>
      <trkpt lat="46.5324440" lon="12.0480960">
        <ele>2423.4730000</ele>
        <time>2008-07-19T07:52:06Z</time>
      </trkpt>
      <trkpt lat="46.5324410" lon="12.0480190">
        <ele>2425.9060000</ele>
        <time>2008-07-19T07:53:21Z</time>
      </trkpt>
      <trkpt lat="46.5324560" lon="12.0479920">
        <ele>2426.8300000</ele>
        <time>2008-07-19T07:53:29Z</time>
      </trkpt>
      <trkpt lat="46.5324570" lon="12.0479540">
        <ele>2427.8530000</ele>
        <time>2008-07-19T07:53:34Z</time>
      </trkpt>
      <trkpt lat="46.5324290" lon="12.0478960">
        <ele>2427.7380000</ele>
        <time>2008-07-19T07:53:42Z</time>
      </trkpt>
      <trkpt lat="46.5323910" lon="12.0478320">
        <ele>2428.2140000</ele>
        <time>2008-07-19T07:53:50Z</time>
      </trkpt>
      <trkpt lat="46.5323430" lon="12.0477760">
        <ele>2429.6880000</ele>
        <time>2008-07-19T07:54:00Z</time>
      </trkpt>
      <trkpt lat="46.5323000" lon="12.0477470">
        <ele>2428.8290000</ele>
        <time>2008-07-19T07:54:06Z</time>
      </trkpt>
      <trkpt lat="46.5322380" lon="12.0476600">
        <ele>2429.7310000</ele>
        <time>2008-07-19T07:54:17Z</time>
      </trkpt>
      <trkpt lat="46.5322340" lon="12.0476170">
        <ele>2431.6530000</ele>
        <time>2008-07-19T07:54:26Z</time>
      </trkpt>
      <trkpt lat="46.5322210" lon="12.0475570">
        <ele>2432.9670000</ele>
        <time>2008-07-19T07:54:35Z</time>
      </trkpt>
      <trkpt lat="46.5322040" lon="12.0474840">
        <ele>2435.1800000</ele>
        <time>2008-07-19T07:54:47Z</time>
      </trkpt>
      <trkpt lat="46.5321990" lon="12.0474370">
        <ele>2437.0590000</ele>
        <time>2008-07-19T07:54:54Z</time>
      </trkpt>
      <trkpt lat="46.5321870" lon="12.0473740">
        <ele>2437.8210000</ele>
        <time>2008-07-19T07:55:04Z</time>
      </trkpt>
      <trkpt lat="46.5321790" lon="12.0473040">
        <ele>2438.7240000</ele>
        <time>2008-07-19T07:55:14Z</time>
      </trkpt>
      <trkpt lat="46.5321750" lon="12.0472480">
        <ele>2440.9090000</ele>
        <time>2008-07-19T07:55:23Z</time>
      </trkpt>
      <trkpt lat="46.5321680" lon="12.0471680">
        <ele>2442.6240000</ele>
        <time>2008-07-19T07:55:33Z</time>
      </trkpt>
      <trkpt lat="46.5321650" lon="12.0470560">
        <ele>2443.5840000</ele>
        <time>2008-07-19T07:55:45Z</time>
      </trkpt>
      <trkpt lat="46.5321770" lon="12.0470030">
        <ele>2444.2080000</ele>
        <time>2008-07-19T07:55:55Z</time>
      </trkpt>
      <trkpt lat="46.5321930" lon="12.0469930">
        <ele>2444.7910000</ele>
        <time>2008-07-19T07:56:26Z</time>
      </trkpt>
      <trkpt lat="46.5322020" lon="12.0469780">
        <ele>2444.4160000</ele>
        <time>2008-07-19T07:56:53Z</time>
      </trkpt>
      <trkpt lat="46.5322470" lon="12.0468890">
        <ele>2445.7020000</ele>
        <time>2008-07-19T07:57:02Z</time>
      </trkpt>
      <trkpt lat="46.5322940" lon="12.0468310">
        <ele>2444.8920000</ele>
        <time>2008-07-19T07:57:10Z</time>
      </trkpt>
      <trkpt lat="46.5323290" lon="12.0467720">
        <ele>2446.6880000</ele>
        <time>2008-07-19T07:57:19Z</time>
      </trkpt>
      <trkpt lat="46.5323580" lon="12.0467390">
        <ele>2446.4970000</ele>
        <time>2008-07-19T07:57:27Z</time>
      </trkpt>
      <trkpt lat="46.5323710" lon="12.0466710">
        <ele>2446.7870000</ele>
        <time>2008-07-19T07:57:36Z</time>
      </trkpt>
      <trkpt lat="46.5323760" lon="12.0465850">
        <ele>2446.6000000</ele>
        <time>2008-07-19T07:57:44Z</time>
      </trkpt>
      <trkpt lat="46.5323840" lon="12.0464960">
        <ele>2447.1650000</ele>
        <time>2008-07-19T07:57:52Z</time>
      </trkpt>
      <trkpt lat="46.5323870" lon="12.0464740">
        <ele>2447.3360000</ele>
        <time>2008-07-19T07:57:54Z</time>
      </trkpt>
      <trkpt lat="46.5323880" lon="12.0463610">
        <ele>2447.3300000</ele>
        <time>2008-07-19T07:58:04Z</time>
      </trkpt>
      <trkpt lat="46.5323990" lon="12.0462610">
        <ele>2447.6020000</ele>
        <time>2008-07-19T07:58:14Z</time>
      </trkpt>
      <trkpt lat="46.5324210" lon="12.0461540">
        <ele>2448.0700000</ele>
        <time>2008-07-19T07:58:24Z</time>
      </trkpt>
      <trkpt lat="46.5324110" lon="12.0460780">
        <ele>2448.5330000</ele>
        <time>2008-07-19T07:58:31Z</time>
      </trkpt>
      <trkpt lat="46.5324460" lon="12.0459910">
        <ele>2448.3020000</ele>
        <time>2008-07-19T07:58:39Z</time>
      </trkpt>
      <trkpt lat="46.5324720" lon="12.0459010">
        <ele>2448.5300000</ele>
        <time>2008-07-19T07:58:48Z</time>
      </trkpt>
      <trkpt lat="46.5324730" lon="12.0458160">
        <ele>2447.7100000</ele>
        <time>2008-07-19T07:58:55Z</time>
      </trkpt>
      <trkpt lat="46.5324830" lon="12.0457480">
        <ele>2448.2040000</ele>
        <time>2008-07-19T07:59:01Z</time>
      </trkpt>
      <trkpt lat="46.5324860" lon="12.0456670">
        <ele>2448.4280000</ele>
        <time>2008-07-19T07:59:09Z</time>
      </trkpt>
      <trkpt lat="46.5324810" lon="12.0455620">
        <ele>2451.1330000</ele>
        <time>2008-07-19T07:59:19Z</time>
      </trkpt>
      <trkpt lat="46.5324870" lon="12.0454550">
        <ele>2452.6030000</ele>
        <time>2008-07-19T07:59:29Z</time>
      </trkpt>
      <trkpt lat="46.5324660" lon="12.0453150">
        <ele>2453.7410000</ele>
        <time>2008-07-19T07:59:39Z</time>
      </trkpt>
      <trkpt lat="46.5324490" lon="12.0452010">
        <ele>2453.8250000</ele>
        <time>2008-07-19T07:59:48Z</time>
      </trkpt>
      <trkpt lat="46.5324140" lon="12.0450340">
        <ele>2455.4490000</ele>
        <time>2008-07-19T07:59:58Z</time>
      </trkpt>
      <trkpt lat="46.5324040" lon="12.0449680">
        <ele>2457.3300000</ele>
        <time>2008-07-19T08:00:05Z</time>
      </trkpt>
      <trkpt lat="46.5323950" lon="12.0449010">
        <ele>2458.4850000</ele>
        <time>2008-07-19T08:00:11Z</time>
      </trkpt>
      <trkpt lat="46.5323270" lon="12.0447880">
        <ele>2459.1330000</ele>
        <time>2008-07-19T08:00:16Z</time>
      </trkpt>
      <trkpt lat="46.5322900" lon="12.0447000">
        <ele>2459.9660000</ele>
        <time>2008-07-19T08:00:21Z</time>
      </trkpt>
      <trkpt lat="46.5323000" lon="12.0446310">
        <ele>2461.1170000</ele>
        <time>2008-07-19T08:00:28Z</time>
      </trkpt>
      <trkpt lat="46.5323810" lon="12.0445950">
        <ele>2462.5460000</ele>
        <time>2008-07-19T08:00:42Z</time>
      </trkpt>
      <trkpt lat="46.5324450" lon="12.0446270">
        <ele>2463.6200000</ele>
        <time>2008-07-19T08:00:52Z</time>
      </trkpt>
      <trkpt lat="46.5325110" lon="12.0446400">
        <ele>2464.0050000</ele>
        <time>2008-07-19T08:01:02Z</time>
      </trkpt>
      <trkpt lat="46.5325660" lon="12.0446520">
        <ele>2465.4070000</ele>
        <time>2008-07-19T08:01:09Z</time>
      </trkpt>
      <trkpt lat="46.5325780" lon="12.0446580">
        <ele>2465.1940000</ele>
        <time>2008-07-19T08:01:11Z</time>
      </trkpt>
      <trkpt lat="46.5326150" lon="12.0446990">
        <ele>2467.5510000</ele>
        <time>2008-07-19T08:01:19Z</time>
      </trkpt>
      <trkpt lat="46.5325950" lon="12.0446510">
        <ele>2468.7950000</ele>
        <time>2008-07-19T08:01:36Z</time>
      </trkpt>
      <trkpt lat="46.5325870" lon="12.0446050">
        <ele>2468.3680000</ele>
        <time>2008-07-19T08:01:43Z</time>
      </trkpt>
      <trkpt lat="46.5325820" lon="12.0446080">
        <ele>2467.9190000</ele>
        <time>2008-07-19T08:01:53Z</time>
      </trkpt>
      <trkpt lat="46.5325590" lon="12.0445850">
        <ele>2466.4450000</ele>
        <time>2008-07-19T08:02:00Z</time>
      </trkpt>
      <trkpt lat="46.5325030" lon="12.0445630">
        <ele>2463.3520000</ele>
        <time>2008-07-19T08:02:08Z</time>
      </trkpt>
      <trkpt lat="46.5325050" lon="12.0445140">
        <ele>2465.4560000</ele>
        <time>2008-07-19T08:02:13Z</time>
      </trkpt>
      <trkpt lat="46.5325070" lon="12.0444840">
        <ele>2466.1700000</ele>
        <time>2008-07-19T08:02:22Z</time>
      </trkpt>
      <trkpt lat="46.5325370" lon="12.0445060">
        <ele>2466.9740000</ele>
        <time>2008-07-19T08:02:40Z</time>
      </trkpt>
      <trkpt lat="46.5325350" lon="12.0445000">
        <ele>2466.3530000</ele>
        <time>2008-07-19T08:02:53Z</time>
      </trkpt>
      <trkpt lat="46.5327420" lon="12.0444830">
        <ele>2466.4220000</ele>
        <time>2008-07-19T08:18:51Z</time>
      </trkpt>
      <trkpt lat="46.5327360" lon="12.0443490">
        <ele>2465.2610000</ele>
        <time>2008-07-19T08:18:58Z</time>
      </trkpt>
      <trkpt lat="46.5327510" lon="12.0442660">
        <ele>2464.2640000</ele>
        <time>2008-07-19T08:19:03Z</time>
      </trkpt>
      <trkpt lat="46.5327520" lon="12.0442220">
        <ele>2463.2900000</ele>
        <time>2008-07-19T08:19:08Z</time>
      </trkpt>
      <trkpt lat="46.5327600" lon="12.0441860">
        <ele>2462.7120000</ele>
        <time>2008-07-19T08:19:15Z</time>
      </trkpt>
      <trkpt lat="46.5327600" lon="12.0441560">
        <ele>2461.9150000</ele>
        <time>2008-07-19T08:19:24Z</time>
      </trkpt>
      <trkpt lat="46.5328240" lon="12.0441180">
        <ele>2461.8920000</ele>
        <time>2008-07-19T08:22:25Z</time>
      </trkpt>
      <trkpt lat="46.5328010" lon="12.0441600">
        <ele>2462.4740000</ele>
        <time>2008-07-19T08:22:48Z</time>
      </trkpt>
      <trkpt lat="46.5327970" lon="12.0442000">
        <ele>2463.2440000</ele>
        <time>2008-07-19T08:23:09Z</time>
      </trkpt>
      <trkpt lat="46.5328140" lon="12.0442120">
        <ele>2463.0290000</ele>
        <time>2008-07-19T08:23:15Z</time>
      </trkpt>
      <trkpt lat="46.5328270" lon="12.0442940">
        <ele>2463.1570000</ele>
        <time>2008-07-19T08:23:21Z</time>
      </trkpt>
      <trkpt lat="46.5328280" lon="12.0443560">
        <ele>2464.4440000</ele>
        <time>2008-07-19T08:23:26Z</time>
      </trkpt>
      <trkpt lat="46.5328350" lon="12.0443880">
        <ele>2470.4170000</ele>
        <time>2008-07-19T08:24:18Z</time>
      </trkpt>
      <trkpt lat="46.5328480" lon="12.0444380">
        <ele>2473.6680000</ele>
        <time>2008-07-19T08:24:32Z</time>
      </trkpt>
      <trkpt lat="46.5328400" lon="12.0444420">
        <ele>2474.2190000</ele>
        <time>2008-07-19T08:24:53Z</time>
      </trkpt>
      <trkpt lat="46.5328600" lon="12.0444290">
        <ele>2476.4430000</ele>
        <time>2008-07-19T08:25:01Z</time>
      </trkpt>
      <trkpt lat="46.5336840" lon="12.0438980">
        <ele>2597.4470000</ele>
        <time>2008-07-19T08:52:46Z</time>
      </trkpt>
      <trkpt lat="46.5337040" lon="12.0439650">
        <ele>2597.6160000</ele>
        <time>2008-07-19T08:52:51Z</time>
      </trkpt>
      <trkpt lat="46.5337190" lon="12.0440020">
        <ele>2597.6730000</ele>
        <time>2008-07-19T08:53:01Z</time>
      </trkpt>
      <trkpt lat="46.5337280" lon="12.0439850">
        <ele>2597.7600000</ele>
        <time>2008-07-19T08:53:08Z</time>
      </trkpt>
      <trkpt lat="46.5337400" lon="12.0440020">
        <ele>2599.6220000</ele>
        <time>2008-07-19T08:53:27Z</time>
      </trkpt>
      <trkpt lat="46.5337500" lon="12.0440020">
        <ele>2600.3540000</ele>
        <time>2008-07-19T08:53:34Z</time>
      </trkpt>
      <trkpt lat="46.5337580" lon="12.0440240">
        <ele>2600.9180000</ele>
        <time>2008-07-19T08:53:43Z</time>
      </trkpt>
      <trkpt lat="46.5337840" lon="12.0440270">
        <ele>2601.2080000</ele>
        <time>2008-07-19T08:53:55Z</time>
      </trkpt>
      <trkpt lat="46.5338060" lon="12.0440160">
        <ele>2600.4630000</ele>
        <time>2008-07-19T08:54:03Z</time>
      </trkpt>
      <trkpt lat="46.5338360" lon="12.0440090">
        <ele>2599.3890000</ele>
        <time>2008-07-19T08:54:11Z</time>
      </trkpt>
      <trkpt lat="46.5338580" lon="12.0439970">
        <ele>2598.4670000</ele>
        <time>2008-07-19T08:54:19Z</time>
      </trkpt>
      <trkpt lat="46.5338940" lon="12.0439700">
        <ele>2598.2290000</ele>
        <time>2008-07-19T08:54:27Z</time>
      </trkpt>
      <trkpt lat="46.5339150" lon="12.0439580">
        <ele>2597.6700000</ele>
        <time>2008-07-19T08:54:35Z</time>
      </trkpt>
      <trkpt lat="46.5339300" lon="12.0439360">
        <ele>2597.7770000</ele>
        <time>2008-07-19T08:54:41Z</time>
      </trkpt>
      <trkpt lat="46.5339460" lon="12.0439260">
        <ele>2597.3850000</ele>
        <time>2008-07-19T08:54:54Z</time>
      </trkpt>
      <trkpt lat="46.5339620" lon="12.0439170">
        <ele>2598.0970000</ele>
        <time>2008-07-19T08:55:09Z</time>
      </trkpt>
      <trkpt lat="46.5339750" lon="12.0439130">
        <ele>2597.8840000</ele>
        <time>2008-07-19T08:55:18Z</time>
      </trkpt>
      <trkpt lat="46.5339830" lon="12.0439080">
        <ele>2598.0850000</ele>
        <time>2008-07-19T08:55:25Z</time>
      </trkpt>
      <trkpt lat="46.5340040" lon="12.0439100">
        <ele>2597.9070000</ele>
        <time>2008-07-19T08:55:37Z</time>
      </trkpt>
      <trkpt lat="46.5340190" lon="12.0439000">
        <ele>2597.9830000</ele>
        <time>2008-07-19T08:55:45Z</time>
      </trkpt>
      <trkpt lat="46.5340360" lon="12.0438930">
        <ele>2597.3730000</ele>
        <time>2008-07-19T08:55:51Z</time>
      </trkpt>
      <trkpt lat="46.5340640" lon="12.0439170">
        <ele>2597.2510000</ele>
        <time>2008-07-19T08:56:00Z</time>
      </trkpt>
      <trkpt lat="46.5340720" lon="12.0439210">
        <ele>2597.6280000</ele>
        <time>2008-07-19T08:56:12Z</time>
      </trkpt>
      <trkpt lat="46.5340810" lon="12.0439260">
        <ele>2598.0440000</ele>
        <time>2008-07-19T08:56:23Z</time>
      </trkpt>
      <trkpt lat="46.5340790" lon="12.0439400">
        <ele>2598.4630000</ele>
        <time>2008-07-19T08:56:30Z</time>
      </trkpt>
      <trkpt lat="46.5340850" lon="12.0439460">
        <ele>2599.3450000</ele>
        <time>2008-07-19T08:56:37Z</time>
      </trkpt>
      <trkpt lat="46.5340900" lon="12.0439540">
        <ele>2599.9960000</ele>
        <time>2008-07-19T08:56:49Z</time>
      </trkpt>
      <trkpt lat="46.5340970" lon="12.0439540">
        <ele>2599.8230000</ele>
        <time>2008-07-19T08:57:09Z</time>
      </trkpt>
      <trkpt lat="46.5340960" lon="12.0439630">
        <ele>2599.9940000</ele>
        <time>2008-07-19T08:57:39Z</time>
      </trkpt>
      <trkpt lat="46.5340860" lon="12.0439690">
        <ele>2600.0510000</ele>
        <time>2008-07-19T08:58:09Z</time>
      </trkpt>
      <trkpt lat="46.5340590" lon="12.0440560">
        <ele>2599.7400000</ele>
        <time>2008-07-19T08:58:42Z</time>
      </trkpt>
      <trkpt lat="46.5340670" lon="12.0440820">
        <ele>2598.6360000</ele>
        <time>2008-07-19T08:58:59Z</time>
      </trkpt>
      <trkpt lat="46.5340770" lon="12.0440760">
        <ele>2597.2070000</ele>
        <time>2008-07-19T08:59:06Z</time>
      </trkpt>
      <trkpt lat="46.5340960" lon="12.0440640">
        <ele>2597.1280000</ele>
        <time>2008-07-19T08:59:15Z</time>
      </trkpt>
      <trkpt lat="46.5341450" lon="12.0440490">
        <ele>2597.3230000</ele>
        <time>2008-07-19T08:59:29Z</time>
      </trkpt>
      <trkpt lat="46.5341530" lon="12.0440360">
        <ele>2596.4190000</ele>
        <time>2008-07-19T08:59:36Z</time>
      </trkpt>
      <trkpt lat="46.5341490" lon="12.0439990">
        <ele>2595.7470000</ele>
        <time>2008-07-19T08:59:47Z</time>
      </trkpt>
      <trkpt lat="46.5341440" lon="12.0439880">
        <ele>2594.2050000</ele>
        <time>2008-07-19T08:59:51Z</time>
      </trkpt>
      <trkpt lat="46.5341340" lon="12.0439630">
        <ele>2594.3530000</ele>
        <time>2008-07-19T09:00:00Z</time>
      </trkpt>
      <trkpt lat="46.5341270" lon="12.0439440">
        <ele>2593.5030000</ele>
        <time>2008-07-19T09:00:10Z</time>
      </trkpt>
      <trkpt lat="46.5341280" lon="12.0439240">
        <ele>2593.2960000</ele>
        <time>2008-07-19T09:00:22Z</time>
      </trkpt>
      <trkpt lat="46.5341260" lon="12.0439120">
        <ele>2593.3720000</ele>
        <time>2008-07-19T09:00:35Z</time>
      </trkpt>
      <trkpt lat="46.5341320" lon="12.0438970">
        <ele>2592.0000000</ele>
        <time>2008-07-19T09:00:43Z</time>
      </trkpt>
      <trkpt lat="46.5341400" lon="12.0438890">
        <ele>2591.8710000</ele>
        <time>2008-07-19T09:01:02Z</time>
      </trkpt>
      <trkpt lat="46.5341420" lon="12.0438890">
        <ele>2588.4610000</ele>
        <time>2008-07-19T09:02:45Z</time>
      </trkpt>
      <trkpt lat="46.5341580" lon="12.0438590">
        <ele>2588.0960000</ele>
        <time>2008-07-19T09:02:58Z</time>
      </trkpt>
      <trkpt lat="46.5341530" lon="12.0438450">
        <ele>2588.0680000</ele>
        <time>2008-07-19T09:03:10Z</time>
      </trkpt>
      <trkpt lat="46.5341630" lon="12.0438200">
        <ele>2587.4550000</ele>
        <time>2008-07-19T09:03:19Z</time>
      </trkpt>
      <trkpt lat="46.5342150" lon="12.0438300">
        <ele>2584.8130000</ele>
        <time>2008-07-19T09:03:39Z</time>
      </trkpt>
      <trkpt lat="46.5342580" lon="12.0438160">
        <ele>2582.5240000</ele>
        <time>2008-07-19T09:03:47Z</time>
      </trkpt>
      <trkpt lat="46.5342970" lon="12.0438450">
        <ele>2580.4900000</ele>
        <time>2008-07-19T09:03:55Z</time>
      </trkpt>
      <trkpt lat="46.5343150" lon="12.0438520">
        <ele>2579.1030000</ele>
        <time>2008-07-19T09:03:58Z</time>
      </trkpt>
      <trkpt lat="46.5343570" lon="12.0438470">
        <ele>2577.9020000</ele>
        <time>2008-07-19T09:04:07Z</time>
      </trkpt>
      <trkpt lat="46.5343880" lon="12.0438690">
        <ele>2577.9120000</ele>
        <time>2008-07-19T09:04:13Z</time>
      </trkpt>
      <trkpt lat="46.5344230" lon="12.0438640">
        <ele>2576.1390000</ele>
        <time>2008-07-19T09:04:19Z</time>
      </trkpt>
      <trkpt lat="46.5344600" lon="12.0438540">
        <ele>2574.8460000</ele>
        <time>2008-07-19T09:04:26Z</time>
      </trkpt>
      <trkpt lat="46.5345230" lon="12.0438420">
        <ele>2573.3570000</ele>
        <time>2008-07-19T09:04:35Z</time>
      </trkpt>
      <trkpt lat="46.5345400" lon="12.0438230">
        <ele>2572.7790000</ele>
        <time>2008-07-19T09:04:43Z</time>
      </trkpt>
      <trkpt lat="46.5345600" lon="12.0438190">
        <ele>2573.0150000</ele>
        <time>2008-07-19T09:05:02Z</time>
      </trkpt>
      <trkpt lat="46.5346450" lon="12.0438270">
        <ele>2571.7550000</ele>
        <time>2008-07-19T09:05:11Z</time>
      </trkpt>
      <trkpt lat="46.5347180" lon="12.0437890">
        <ele>2571.1770000</ele>
        <time>2008-07-19T09:05:19Z</time>
      </trkpt>
      <trkpt lat="46.5347860" lon="12.0437700">
        <ele>2568.5620000</ele>
        <time>2008-07-19T09:05:26Z</time>
      </trkpt>
      <trkpt lat="46.5348380" lon="12.0437610">
        <ele>2567.9420000</ele>
        <time>2008-07-19T09:05:32Z</time>
      </trkpt>
      <trkpt lat="46.5348840" lon="12.0437350">
        <ele>2566.7950000</ele>
        <time>2008-07-19T09:05:39Z</time>
      </trkpt>
      <trkpt lat="46.5349480" lon="12.0437110">
        <ele>2564.9480000</ele>
        <time>2008-07-19T09:05:47Z</time>
      </trkpt>
      <trkpt lat="46.5349730" lon="12.0437160">
        <ele>2564.3660000</ele>
        <time>2008-07-19T09:05:50Z</time>
      </trkpt>
      <trkpt lat="46.5350640" lon="12.0437360">
        <ele>2563.5440000</ele>
        <time>2008-07-19T09:05:59Z</time>
      </trkpt>
      <trkpt lat="46.5351090" lon="12.0437190">
        <ele>2562.7480000</ele>
        <time>2008-07-19T09:06:04Z</time>
      </trkpt>
      <trkpt lat="46.5351610" lon="12.0437280">
        <ele>2561.6250000</ele>
        <time>2008-07-19T09:06:09Z</time>
      </trkpt>
      <trkpt lat="46.5352360" lon="12.0437620">
        <ele>2561.3110000</ele>
        <time>2008-07-19T09:06:18Z</time>
      </trkpt>
      <trkpt lat="46.5353260" lon="12.0437850">
        <ele>2560.6560000</ele>
        <time>2008-07-19T09:06:26Z</time>
      </trkpt>
      <trkpt lat="46.5354040" lon="12.0437140">
        <ele>2558.7920000</ele>
        <time>2008-07-19T09:06:35Z</time>
      </trkpt>
      <trkpt lat="46.5354520" lon="12.0436870">
        <ele>2557.8700000</ele>
        <time>2008-07-19T09:06:41Z</time>
      </trkpt>
      <trkpt lat="46.5354770" lon="12.0436900">
        <ele>2558.4560000</ele>
        <time>2008-07-19T09:06:48Z</time>
      </trkpt>
      <trkpt lat="46.5355350" lon="12.0436920">
        <ele>2559.4720000</ele>
        <time>2008-07-19T09:06:57Z</time>
      </trkpt>
      <trkpt lat="46.5356060" lon="12.0436440">
        <ele>2559.2630000</ele>
        <time>2008-07-19T09:07:06Z</time>
      </trkpt>
      <trkpt lat="46.5356520" lon="12.0435850">
        <ele>2558.2540000</ele>
        <time>2008-07-19T09:07:14Z</time>
      </trkpt>
      <trkpt lat="46.5357140" lon="12.0435140">
        <ele>2556.2540000</ele>
        <time>2008-07-19T09:07:24Z</time>
      </trkpt>
      <trkpt lat="46.5357790" lon="12.0434830">
        <ele>2553.6370000</ele>
        <time>2008-07-19T09:07:31Z</time>
      </trkpt>
      <trkpt lat="46.5357990" lon="12.0434720">
        <ele>2552.4090000</ele>
        <time>2008-07-19T09:07:33Z</time>
      </trkpt>
      <trkpt lat="46.5358640" lon="12.0434940">
        <ele>2549.8430000</ele>
        <time>2008-07-19T09:07:40Z</time>
      </trkpt>
      <trkpt lat="46.5359170" lon="12.0434850">
        <ele>2547.7440000</ele>
        <time>2008-07-19T09:07:47Z</time>
      </trkpt>
      <trkpt lat="46.5359730" lon="12.0434420">
        <ele>2544.7430000</ele>
        <time>2008-07-19T09:08:01Z</time>
      </trkpt>
      <trkpt lat="46.5359940" lon="12.0434560">
        <ele>2542.7140000</ele>
        <time>2008-07-19T09:08:08Z</time>
      </trkpt>
      <trkpt lat="46.5360420" lon="12.0435030">
        <ele>2540.9850000</ele>
        <time>2008-07-19T09:08:16Z</time>
      </trkpt>
      <trkpt lat="46.5360520" lon="12.0435150">
        <ele>2540.8860000</ele>
        <time>2008-07-19T09:08:17Z</time>
      </trkpt>
      <trkpt lat="46.5360940" lon="12.0435390">
        <ele>2539.3850000</ele>
        <time>2008-07-19T09:08:21Z</time>
      </trkpt>
      <trkpt lat="46.5361290" lon="12.0435100">
        <ele>2537.3810000</ele>
        <time>2008-07-19T09:08:25Z</time>
      </trkpt>
      <trkpt lat="46.5361370" lon="12.0434910">
        <ele>2537.0970000</ele>
        <time>2008-07-19T09:08:26Z</time>
      </trkpt>
      <trkpt lat="46.5362170" lon="12.0434000">
        <ele>2538.0760000</ele>
        <time>2008-07-19T09:08:35Z</time>
      </trkpt>
      <trkpt lat="46.5362630" lon="12.0433550">
        <ele>2538.3790000</ele>
        <time>2008-07-19T09:08:42Z</time>
      </trkpt>
      <trkpt lat="46.5362850" lon="12.0433370">
        <ele>2537.9150000</ele>
        <time>2008-07-19T09:08:46Z</time>
      </trkpt>
      <trkpt lat="46.5363330" lon="12.0432500">
        <ele>2535.9950000</ele>
        <time>2008-07-19T09:08:54Z</time>
      </trkpt>
      <trkpt lat="46.5363490" lon="12.0432050">
        <ele>2534.4740000</ele>
        <time>2008-07-19T09:08:58Z</time>
      </trkpt>
      <trkpt lat="46.5363860" lon="12.0431370">
        <ele>2533.3950000</ele>
        <time>2008-07-19T09:09:06Z</time>
      </trkpt>
      <trkpt lat="46.5364710" lon="12.0430540">
        <ele>2531.8150000</ele>
        <time>2008-07-19T09:09:15Z</time>
      </trkpt>
      <trkpt lat="46.5365220" lon="12.0430280">
        <ele>2531.5610000</ele>
        <time>2008-07-19T09:09:20Z</time>
      </trkpt>
      <trkpt lat="46.5365740" lon="12.0430220">
        <ele>2531.9890000</ele>
        <time>2008-07-19T09:09:28Z</time>
      </trkpt>
      <trkpt lat="46.5366320" lon="12.0430140">
        <ele>2532.4920000</ele>
        <time>2008-07-19T09:09:35Z</time>
      </trkpt>
      <trkpt lat="46.5366890" lon="12.0429620">
        <ele>2532.3350000</ele>
        <time>2008-07-19T09:09:42Z</time>
      </trkpt>
      <trkpt lat="46.5367410" lon="12.0429040">
        <ele>2531.0600000</ele>
        <time>2008-07-19T09:09:48Z</time>
      </trkpt>
      <trkpt lat="46.5368290" lon="12.0427990">
        <ele>2531.5440000</ele>
        <time>2008-07-19T09:09:59Z</time>
      </trkpt>
      <trkpt lat="46.5368480" lon="12.0427900">
        <ele>2530.9870000</ele>
        <time>2008-07-19T09:10:01Z</time>
      </trkpt>
      <trkpt lat="46.5369710" lon="12.0428360">
        <ele>2528.1500000</ele>
        <time>2008-07-19T09:10:12Z</time>
      </trkpt>
      <trkpt lat="46.5370170" lon="12.0428540">
        <ele>2527.9720000</ele>
        <time>2008-07-19T09:10:16Z</time>
      </trkpt>
      <trkpt lat="46.5370600" lon="12.0428580">
        <ele>2527.7600000</ele>
        <time>2008-07-19T09:10:22Z</time>
      </trkpt>
      <trkpt lat="46.5370940" lon="12.0428010">
        <ele>2525.5980000</ele>
        <time>2008-07-19T09:10:31Z</time>
      </trkpt>
      <trkpt lat="46.5371180" lon="12.0428050">
        <ele>2525.8180000</ele>
        <time>2008-07-19T09:10:37Z</time>
      </trkpt>
      <trkpt lat="46.5371360" lon="12.0427820">
        <ele>2524.6820000</ele>
        <time>2008-07-19T09:10:51Z</time>
      </trkpt>
      <trkpt lat="46.5371530" lon="12.0427550">
        <ele>2525.0060000</ele>
        <time>2008-07-19T09:11:05Z</time>
      </trkpt>
      <trkpt lat="46.5371590" lon="12.0427410">
        <ele>2525.0620000</ele>
        <time>2008-07-19T09:11:22Z</time>
      </trkpt>
      <trkpt lat="46.5372410" lon="12.0426590">
        <ele>2525.5120000</ele>
        <time>2008-07-19T09:11:31Z</time>
      </trkpt>
      <trkpt lat="46.5373230" lon="12.0425640">
        <ele>2524.0190000</ele>
        <time>2008-07-19T09:11:42Z</time>
      </trkpt>
      <trkpt lat="46.5373570" lon="12.0425380">
        <ele>2524.0830000</ele>
        <time>2008-07-19T09:11:57Z</time>
      </trkpt>
      <trkpt lat="46.5373710" lon="12.0425300">
        <ele>2524.1780000</ele>
        <time>2008-07-19T09:12:06Z</time>
      </trkpt>
      <trkpt lat="46.5374110" lon="12.0425000">
        <ele>2523.7340000</ele>
        <time>2008-07-19T09:12:13Z</time>
      </trkpt>
      <trkpt lat="46.5374500" lon="12.0424790">
        <ele>2523.4210000</ele>
        <time>2008-07-19T09:12:19Z</time>
      </trkpt>
      <trkpt lat="46.5375060" lon="12.0424330">
        <ele>2522.5190000</ele>
        <time>2008-07-19T09:12:27Z</time>
      </trkpt>
      <trkpt lat="46.5375960" lon="12.0423850">
        <ele>2521.0450000</ele>
        <time>2008-07-19T09:12:38Z</time>
      </trkpt>
      <trkpt lat="46.5376610" lon="12.0423500">
        <ele>2519.9610000</ele>
        <time>2008-07-19T09:12:46Z</time>
      </trkpt>
      <trkpt lat="46.5377100" lon="12.0423290">
        <ele>2518.5810000</ele>
        <time>2008-07-19T09:12:52Z</time>
      </trkpt>
      <trkpt lat="46.5377500" lon="12.0422700">
        <ele>2516.9680000</ele>
        <time>2008-07-19T09:13:01Z</time>
      </trkpt>
      <trkpt lat="46.5378140" lon="12.0422400">
        <ele>2514.3410000</ele>
        <time>2008-07-19T09:13:09Z</time>
      </trkpt>
      <trkpt lat="46.5378480" lon="12.0421940">
        <ele>2513.1860000</ele>
        <time>2008-07-19T09:13:15Z</time>
      </trkpt>
      <trkpt lat="46.5378870" lon="12.0421600">
        <ele>2514.0810000</ele>
        <time>2008-07-19T09:13:20Z</time>
      </trkpt>
      <trkpt lat="46.5379880" lon="12.0421400">
        <ele>2514.1870000</ele>
        <time>2008-07-19T09:13:30Z</time>
      </trkpt>
      <trkpt lat="46.5380240" lon="12.0421280">
        <ele>2513.1690000</ele>
        <time>2008-07-19T09:13:37Z</time>
      </trkpt>
      <trkpt lat="46.5380250" lon="12.0421200">
        <ele>2513.9490000</ele>
        <time>2008-07-19T09:13:48Z</time>
      </trkpt>
      <trkpt lat="46.5380250" lon="12.0421230">
        <ele>2513.5550000</ele>
        <time>2008-07-19T09:14:05Z</time>
      </trkpt>
      <trkpt lat="46.5380320" lon="12.0421220">
        <ele>2514.5640000</ele>
        <time>2008-07-19T09:15:04Z</time>
      </trkpt>
      <trkpt lat="46.5381050" lon="12.0421070">
        <ele>2513.3570000</ele>
        <time>2008-07-19T09:15:16Z</time>
      </trkpt>
      <trkpt lat="46.5382190" lon="12.0421040">
        <ele>2512.2050000</ele>
        <time>2008-07-19T09:15:26Z</time>
      </trkpt>
      <trkpt lat="46.5382950" lon="12.0421110">
        <ele>2510.8140000</ele>
        <time>2008-07-19T09:15:33Z</time>
      </trkpt>
      <trkpt lat="46.5383700" lon="12.0421340">
        <ele>2509.5500000</ele>
        <time>2008-07-19T09:15:42Z</time>
      </trkpt>
      <trkpt lat="46.5384360" lon="12.0421640">
        <ele>2507.3380000</ele>
        <time>2008-07-19T09:15:49Z</time>
      </trkpt>
      <trkpt lat="46.5384580" lon="12.0421590">
        <ele>2507.0790000</ele>
        <time>2008-07-19T09:15:51Z</time>
      </trkpt>
      <trkpt lat="46.5385380" lon="12.0421230">
        <ele>2507.5070000</ele>
        <time>2008-07-19T09:16:00Z</time>
      </trkpt>
      <trkpt lat="46.5385840" lon="12.0421230">
        <ele>2507.9050000</ele>
        <time>2008-07-19T09:16:09Z</time>
      </trkpt>
      <trkpt lat="46.5386020" lon="12.0421420">
        <ele>2508.8780000</ele>
        <time>2008-07-19T09:16:15Z</time>
      </trkpt>
      <trkpt lat="46.5385980" lon="12.0421610">
        <ele>2509.6460000</ele>
        <time>2008-07-19T09:16:22Z</time>
      </trkpt>
      <trkpt lat="46.5385970" lon="12.0421720">
        <ele>2510.3630000</ele>
        <time>2008-07-19T09:16:32Z</time>
      </trkpt>
      <trkpt lat="46.5385970" lon="12.0421950">
        <ele>2511.3200000</ele>
        <time>2008-07-19T09:16:48Z</time>
      </trkpt>
      <trkpt lat="46.5386000" lon="12.0421770">
        <ele>2511.3890000</ele>
        <time>2008-07-19T09:18:06Z</time>
      </trkpt>
      <trkpt lat="46.5386030" lon="12.0421940">
        <ele>2512.2830000</ele>
        <time>2008-07-19T09:18:13Z</time>
      </trkpt>
      <trkpt lat="46.5385920" lon="12.0422010">
        <ele>2512.4520000</ele>
        <time>2008-07-19T09:18:23Z</time>
      </trkpt>
      <trkpt lat="46.5385920" lon="12.0422120">
        <ele>2513.7910000</ele>
        <time>2008-07-19T09:18:34Z</time>
      </trkpt>
      <trkpt lat="46.5386150" lon="12.0422380">
        <ele>2516.5670000</ele>
        <time>2008-07-19T09:18:42Z</time>
      </trkpt>
      <trkpt lat="46.5386330" lon="12.0422410">
        <ele>2518.4100000</ele>
        <time>2008-07-19T09:18:49Z</time>
      </trkpt>
      <trkpt lat="46.5386300" lon="12.0422530">
        <ele>2519.8450000</ele>
        <time>2008-07-19T09:18:56Z</time>
      </trkpt>
      <trkpt lat="46.5386290" lon="12.0422670">
        <ele>2520.8260000</ele>
        <time>2008-07-19T09:19:03Z</time>
      </trkpt>
      <trkpt lat="46.5386250" lon="12.0422850">
        <ele>2522.6530000</ele>
        <time>2008-07-19T09:19:13Z</time>
      </trkpt>
      <trkpt lat="46.5386290" lon="12.0423420">
        <ele>2523.9250000</ele>
        <time>2008-07-19T09:19:22Z</time>
      </trkpt>
      <trkpt lat="46.5386360" lon="12.0423740">
        <ele>2524.6020000</ele>
        <time>2008-07-19T09:19:30Z</time>
      </trkpt>
      <trkpt lat="46.5386370" lon="12.0423830">
        <ele>2525.7360000</ele>
        <time>2008-07-19T09:19:39Z</time>
      </trkpt>
      <trkpt lat="46.5386510" lon="12.0423870">
        <ele>2528.1250000</ele>
        <time>2008-07-19T09:19:45Z</time>
      </trkpt>
      <trkpt lat="46.5386680" lon="12.0423680">
        <ele>2528.1420000</ele>
        <time>2008-07-19T09:19:52Z</time>
      </trkpt>
      <trkpt lat="46.5386750" lon="12.0423510">
        <ele>2528.5220000</ele>
        <time>2008-07-19T09:20:00Z</time>
      </trkpt>
      <trkpt lat="46.5386790" lon="12.0423460">
        <ele>2528.4540000</ele>
        <time>2008-07-19T09:20:12Z</time>
      </trkpt>
      <trkpt lat="46.5386970" lon="12.0423600">
        <ele>2529.7760000</ele>
        <time>2008-07-19T09:20:29Z</time>
      </trkpt>
      <trkpt lat="46.5387200" lon="12.0423590">
        <ele>2531.0140000</ele>
        <time>2008-07-19T09:20:41Z</time>
      </trkpt>
      <trkpt lat="46.5387290" lon="12.0423600">
        <ele>2531.1190000</ele>
        <time>2008-07-19T09:20:55Z</time>
      </trkpt>
      <trkpt lat="46.5387360" lon="12.0423730">
        <ele>2533.2840000</ele>
        <time>2008-07-19T09:21:03Z</time>
      </trkpt>
      <trkpt lat="46.5387410" lon="12.0423790">
        <ele>2533.5430000</ele>
        <time>2008-07-19T09:21:14Z</time>
      </trkpt>
      <trkpt lat="46.5387580" lon="12.0423970">
        <ele>2535.0250000</ele>
        <time>2008-07-19T09:21:20Z</time>
      </trkpt>
      <trkpt lat="46.5387670" lon="12.0424000">
        <ele>2536.0890000</ele>
        <time>2008-07-19T09:21:28Z</time>
      </trkpt>
      <trkpt lat="46.5387870" lon="12.0424080">
        <ele>2536.8140000</ele>
        <time>2008-07-19T09:21:43Z</time>
      </trkpt>
      <trkpt lat="46.5388090" lon="12.0424220">
        <ele>2537.8620000</ele>
        <time>2008-07-19T09:21:51Z</time>
      </trkpt>
      <trkpt lat="46.5388220" lon="12.0424260">
        <ele>2538.7520000</ele>
        <time>2008-07-19T09:21:57Z</time>
      </trkpt>
      <trkpt lat="46.5388420" lon="12.0424520">
        <ele>2539.6840000</ele>
        <time>2008-07-19T09:22:04Z</time>
      </trkpt>
      <trkpt lat="46.5388720" lon="12.0424520">
        <ele>2541.5170000</ele>
        <time>2008-07-19T09:22:14Z</time>
      </trkpt>
      <trkpt lat="46.5389000" lon="12.0424230">
        <ele>2543.2500000</ele>
        <time>2008-07-19T09:23:16Z</time>
      </trkpt>
      <trkpt lat="46.5389200" lon="12.0424440">
        <ele>2542.3550000</ele>
        <time>2008-07-19T09:23:28Z</time>
      </trkpt>
      <trkpt lat="46.5389360" lon="12.0424460">
        <ele>2542.9670000</ele>
        <time>2008-07-19T09:23:36Z</time>
      </trkpt>
      <trkpt lat="46.5389940" lon="12.0424340">
        <ele>2542.1800000</ele>
        <time>2008-07-19T09:23:45Z</time>
      </trkpt>
      <trkpt lat="46.5390270" lon="12.0424080">
        <ele>2540.7560000</ele>
        <time>2008-07-19T09:23:52Z</time>
      </trkpt>
      <trkpt lat="46.5390550" lon="12.0424920">
        <ele>2540.6130000</ele>
        <time>2008-07-19T09:25:25Z</time>
      </trkpt>
      <trkpt lat="46.5390520" lon="12.0424890">
        <ele>2540.4430000</ele>
        <time>2008-07-19T09:26:08Z</time>
      </trkpt>
      <trkpt lat="46.5390990" lon="12.0424560">
        <ele>2539.6060000</ele>
        <time>2008-07-19T09:26:18Z</time>
      </trkpt>
      <trkpt lat="46.5391260" lon="12.0424040">
        <ele>2539.9400000</ele>
        <time>2008-07-19T09:26:25Z</time>
      </trkpt>
      <trkpt lat="46.5391300" lon="12.0424080">
        <ele>2541.1350000</ele>
        <time>2008-07-19T09:26:35Z</time>
      </trkpt>
      <trkpt lat="46.5391330" lon="12.0424110">
        <ele>2541.6140000</ele>
        <time>2008-07-19T09:26:42Z</time>
      </trkpt>
      <trkpt lat="46.5391490" lon="12.0424270">
        <ele>2543.3340000</ele>
        <time>2008-07-19T09:26:52Z</time>
      </trkpt>
      <trkpt lat="46.5391800" lon="12.0424310">
        <ele>2546.1540000</ele>
        <time>2008-07-19T09:27:00Z</time>
      </trkpt>
      <trkpt lat="46.5391880" lon="12.0424350">
        <ele>2547.1400000</ele>
        <time>2008-07-19T09:27:02Z</time>
      </trkpt>
      <trkpt lat="46.5391830" lon="12.0424270">
        <ele>2548.0440000</ele>
        <time>2008-07-19T09:27:09Z</time>
      </trkpt>
      <trkpt lat="46.5391850" lon="12.0424460">
        <ele>2547.6530000</ele>
        <time>2008-07-19T09:27:45Z</time>
      </trkpt>
      <trkpt lat="46.5392200" lon="12.0424530">
        <ele>2549.3330000</ele>
        <time>2008-07-19T09:27:54Z</time>
      </trkpt>
      <trkpt lat="46.5392310" lon="12.0424500">
        <ele>2548.8510000</ele>
        <time>2008-07-19T09:28:01Z</time>
      </trkpt>
      <trkpt lat="46.5392380" lon="12.0424620">
        <ele>2549.7750000</ele>
        <time>2008-07-19T09:28:15Z</time>
      </trkpt>
      <trkpt lat="46.5392430" lon="12.0424630">
        <ele>2550.4170000</ele>
        <time>2008-07-19T09:28:23Z</time>
      </trkpt>
      <trkpt lat="46.5392450" lon="12.0424760">
        <ele>2551.4980000</ele>
        <time>2008-07-19T09:28:32Z</time>
      </trkpt>
      <trkpt lat="46.5392520" lon="12.0424810">
        <ele>2553.0160000</ele>
        <time>2008-07-19T09:28:44Z</time>
      </trkpt>
      <trkpt lat="46.5392700" lon="12.0424970">
        <ele>2554.5150000</ele>
        <time>2008-07-19T09:28:52Z</time>
      </trkpt>
      <trkpt lat="46.5392690" lon="12.0425060">
        <ele>2554.7660000</ele>
        <time>2008-07-19T09:29:08Z</time>
      </trkpt>
      <trkpt lat="46.5392930" lon="12.0425260">
        <ele>2555.1070000</ele>
        <time>2008-07-19T09:29:24Z</time>
      </trkpt>
      <trkpt lat="46.5393080" lon="12.0425440">
        <ele>2554.9210000</ele>
        <time>2008-07-19T09:30:02Z</time>
      </trkpt>
      <trkpt lat="46.5393520" lon="12.0425660">
        <ele>2555.4170000</ele>
        <time>2008-07-19T09:30:11Z</time>
      </trkpt>
      <trkpt lat="46.5393770" lon="12.0425830">
        <ele>2554.9610000</ele>
        <time>2008-07-19T09:30:17Z</time>
      </trkpt>
      <trkpt lat="46.5394130" lon="12.0425370">
        <ele>2554.5010000</ele>
        <time>2008-07-19T09:30:24Z</time>
      </trkpt>
      <trkpt lat="46.5394200" lon="12.0425400">
        <ele>2555.6340000</ele>
        <time>2008-07-19T09:30:33Z</time>
      </trkpt>
      <trkpt lat="46.5394280" lon="12.0425480">
        <ele>2556.9750000</ele>
        <time>2008-07-19T09:30:38Z</time>
      </trkpt>
      <trkpt lat="46.5394550" lon="12.0425980">
        <ele>2558.2480000</ele>
        <time>2008-07-19T09:30:46Z</time>
      </trkpt>
      <trkpt lat="46.5394620" lon="12.0426300">
        <ele>2558.8030000</ele>
        <time>2008-07-19T09:30:53Z</time>
      </trkpt>
      <trkpt lat="46.5394750" lon="12.0426730">
        <ele>2558.9220000</ele>
        <time>2008-07-19T09:31:01Z</time>
      </trkpt>
      <trkpt lat="46.5395000" lon="12.0426860">
        <ele>2558.1350000</ele>
        <time>2008-07-19T09:31:06Z</time>
      </trkpt>
      <trkpt lat="46.5396800" lon="12.0426030">
        <ele>2559.3920000</ele>
        <time>2008-07-19T09:33:11Z</time>
      </trkpt>
      <trkpt lat="46.5396940" lon="12.0426070">
        <ele>2558.5820000</ele>
        <time>2008-07-19T09:33:17Z</time>
      </trkpt>
      <trkpt lat="46.5397200" lon="12.0425600">
        <ele>2557.9460000</ele>
        <time>2008-07-19T09:33:34Z</time>
      </trkpt>
      <trkpt lat="46.5397370" lon="12.0425500">
        <ele>2557.4650000</ele>
        <time>2008-07-19T09:33:43Z</time>
      </trkpt>
      <trkpt lat="46.5397370" lon="12.0425400">
        <ele>2557.3600000</ele>
        <time>2008-07-19T09:33:54Z</time>
      </trkpt>
      <trkpt lat="46.5397310" lon="12.0425310">
        <ele>2557.1700000</ele>
        <time>2008-07-19T09:34:18Z</time>
      </trkpt>
      <trkpt lat="46.5397410" lon="12.0425210">
        <ele>2559.4550000</ele>
        <time>2008-07-19T09:35:19Z</time>
      </trkpt>
      <trkpt lat="46.5397490" lon="12.0425230">
        <ele>2559.9380000</ele>
        <time>2008-07-19T09:35:27Z</time>
      </trkpt>
      <trkpt lat="46.5397470" lon="12.0425190">
        <ele>2560.5970000</ele>
        <time>2008-07-19T09:35:34Z</time>
      </trkpt>
      <trkpt lat="46.5397630" lon="12.0425060">
        <ele>2560.0660000</ele>
        <time>2008-07-19T09:35:53Z</time>
      </trkpt>
      <trkpt lat="46.5397750" lon="12.0425130">
        <ele>2560.4420000</ele>
        <time>2008-07-19T09:36:33Z</time>
      </trkpt>
      <trkpt lat="46.5398090" lon="12.0424980">
        <ele>2558.9090000</ele>
        <time>2008-07-19T09:37:02Z</time>
      </trkpt>
      <trkpt lat="46.5398250" lon="12.0425030">
        <ele>2558.4790000</ele>
        <time>2008-07-19T09:37:10Z</time>
      </trkpt>
      <trkpt lat="46.5398570" lon="12.0424970">
        <ele>2559.0390000</ele>
        <time>2008-07-19T09:39:28Z</time>
      </trkpt>
      <trkpt lat="46.5398730" lon="12.0425210">
        <ele>2560.0950000</ele>
        <time>2008-07-19T09:40:00Z</time>
      </trkpt>
      <trkpt lat="46.5398780" lon="12.0425290">
        <ele>2560.2420000</ele>
        <time>2008-07-19T09:40:12Z</time>
      </trkpt>
      <trkpt lat="46.5398790" lon="12.0425260">
        <ele>2561.7060000</ele>
        <time>2008-07-19T09:40:28Z</time>
      </trkpt>
      <trkpt lat="46.5398810" lon="12.0425330">
        <ele>2562.9460000</ele>
        <time>2008-07-19T09:40:41Z</time>
      </trkpt>
      <trkpt lat="46.5398930" lon="12.0425440">
        <ele>2563.6090000</ele>
        <time>2008-07-19T09:40:52Z</time>
      </trkpt>
      <trkpt lat="46.5399060" lon="12.0425450">
        <ele>2564.3300000</ele>
        <time>2008-07-19T09:40:58Z</time>
      </trkpt>
      <trkpt lat="46.5399340" lon="12.0425310">
        <ele>2565.7030000</ele>
        <time>2008-07-19T09:42:08Z</time>
      </trkpt>
      <trkpt lat="46.5399420" lon="12.0425340">
        <ele>2565.9110000</ele>
        <time>2008-07-19T09:42:24Z</time>
      </trkpt>
      <trkpt lat="46.5399620" lon="12.0425460">
        <ele>2592.3110000</ele>
        <time>2008-07-19T09:48:32Z</time>
      </trkpt>
      <trkpt lat="46.5399810" lon="12.0425900">
        <ele>2593.0460000</ele>
        <time>2008-07-19T09:48:45Z</time>
      </trkpt>
      <trkpt lat="46.5399880" lon="12.0426360">
        <ele>2595.9690000</ele>
        <time>2008-07-19T09:48:55Z</time>
      </trkpt>
      <trkpt lat="46.5399930" lon="12.0426720">
        <ele>2597.2950000</ele>
        <time>2008-07-19T09:49:13Z</time>
      </trkpt>
      <trkpt lat="46.5399990" lon="12.0427040">
        <ele>2598.5940000</ele>
        <time>2008-07-19T09:49:16Z</time>
      </trkpt>
      <trkpt lat="46.5400010" lon="12.0427170">
        <ele>2599.2870000</ele>
        <time>2008-07-19T09:49:23Z</time>
      </trkpt>
      <trkpt lat="46.5400020" lon="12.0427280">
        <ele>2600.9620000</ele>
        <time>2008-07-19T09:49:29Z</time>
      </trkpt>
      <trkpt lat="46.5400470" lon="12.0427000">
        <ele>2612.7810000</ele>
        <time>2008-07-19T09:51:21Z</time>
      </trkpt>
      <trkpt lat="46.5400670" lon="12.0426920">
        <ele>2613.1670000</ele>
        <time>2008-07-19T09:51:28Z</time>
      </trkpt>
      <trkpt lat="46.5400860" lon="12.0426750">
        <ele>2612.9320000</ele>
        <time>2008-07-19T09:51:35Z</time>
      </trkpt>
      <trkpt lat="46.5401230" lon="12.0427020">
        <ele>2611.3460000</ele>
        <time>2008-07-19T09:51:42Z</time>
      </trkpt>
      <trkpt lat="46.5401490" lon="12.0427070">
        <ele>2611.3680000</ele>
        <time>2008-07-19T09:51:49Z</time>
      </trkpt>
      <trkpt lat="46.5401720" lon="12.0427050">
        <ele>2610.1640000</ele>
        <time>2008-07-19T09:51:56Z</time>
      </trkpt>
      <trkpt lat="46.5401940" lon="12.0426730">
        <ele>2609.9910000</ele>
        <time>2008-07-19T09:52:01Z</time>
      </trkpt>
      <trkpt lat="46.5401870" lon="12.0426260">
        <ele>2609.4180000</ele>
        <time>2008-07-19T09:52:24Z</time>
      </trkpt>
      <trkpt lat="46.5401840" lon="12.0425830">
        <ele>2609.4340000</ele>
        <time>2008-07-19T09:52:30Z</time>
      </trkpt>
      <trkpt lat="46.5401350" lon="12.0425310">
        <ele>2609.3880000</ele>
        <time>2008-07-19T09:52:37Z</time>
      </trkpt>
      <trkpt lat="46.5401010" lon="12.0425050">
        <ele>2610.1180000</ele>
        <time>2008-07-19T09:52:40Z</time>
      </trkpt>
      <trkpt lat="46.5401060" lon="12.0425060">
        <ele>2610.2010000</ele>
        <time>2008-07-19T09:52:48Z</time>
      </trkpt>
      <trkpt lat="46.5401320" lon="12.0424930">
        <ele>2610.7180000</ele>
        <time>2008-07-19T09:52:59Z</time>
      </trkpt>
      <trkpt lat="46.5401450" lon="12.0424650">
        <ele>2611.8940000</ele>
        <time>2008-07-19T09:53:08Z</time>
      </trkpt>
      <trkpt lat="46.5401600" lon="12.0424780">
        <ele>2611.7780000</ele>
        <time>2008-07-19T09:53:23Z</time>
      </trkpt>
      <trkpt lat="46.5401590" lon="12.0424760">
        <ele>2612.1150000</ele>
        <time>2008-07-19T09:53:39Z</time>
      </trkpt>
      <trkpt lat="46.5401570" lon="12.0424800">
        <ele>2612.5170000</ele>
        <time>2008-07-19T09:53:59Z</time>
      </trkpt>
      <trkpt lat="46.5401570" lon="12.0424780">
        <ele>2612.4330000</ele>
        <time>2008-07-19T09:54:23Z</time>
      </trkpt>
      <trkpt lat="46.5401710" lon="12.0424710">
        <ele>2612.7820000</ele>
        <time>2008-07-19T09:55:00Z</time>
      </trkpt>
      <trkpt lat="46.5401870" lon="12.0424610">
        <ele>2612.6700000</ele>
        <time>2008-07-19T09:55:22Z</time>
      </trkpt>
      <trkpt lat="46.5401950" lon="12.0424670">
        <ele>2612.9090000</ele>
        <time>2008-07-19T09:55:45Z</time>
      </trkpt>
      <trkpt lat="46.5402090" lon="12.0424900">
        <ele>2612.6570000</ele>
        <time>2008-07-19T09:56:21Z</time>
      </trkpt>
      <trkpt lat="46.5402350" lon="12.0424940">
        <ele>2612.5080000</ele>
        <time>2008-07-19T09:56:46Z</time>
      </trkpt>
      <trkpt lat="46.5402620" lon="12.0424590">
        <ele>2611.7810000</ele>
        <time>2008-07-19T09:56:55Z</time>
      </trkpt>
      <trkpt lat="46.5402770" lon="12.0424490">
        <ele>2611.7230000</ele>
        <time>2008-07-19T09:57:01Z</time>
      </trkpt>
      <trkpt lat="46.5403140" lon="12.0424070">
        <ele>2610.2160000</ele>
        <time>2008-07-19T09:57:08Z</time>
      </trkpt>
      <trkpt lat="46.5403320" lon="12.0423710">
        <ele>2609.5770000</ele>
        <time>2008-07-19T09:57:14Z</time>
      </trkpt>
      <trkpt lat="46.5403630" lon="12.0423400">
        <ele>2608.9200000</ele>
        <time>2008-07-19T09:57:20Z</time>
      </trkpt>
      <trkpt lat="46.5404440" lon="12.0423260">
        <ele>2608.1410000</ele>
        <time>2008-07-19T09:57:31Z</time>
      </trkpt>
      <trkpt lat="46.5405030" lon="12.0423950">
        <ele>2605.7080000</ele>
        <time>2008-07-19T09:57:42Z</time>
      </trkpt>
      <trkpt lat="46.5405380" lon="12.0424350">
        <ele>2603.4340000</ele>
        <time>2008-07-19T09:57:48Z</time>
      </trkpt>
      <trkpt lat="46.5405440" lon="12.0424530">
        <ele>2603.1300000</ele>
        <time>2008-07-19T09:58:24Z</time>
      </trkpt>
      <trkpt lat="46.5405640" lon="12.0424720">
        <ele>2602.8700000</ele>
        <time>2008-07-19T09:58:26Z</time>
      </trkpt>
      <trkpt lat="46.5406510" lon="12.0424440">
        <ele>2601.8130000</ele>
        <time>2008-07-19T09:58:36Z</time>
      </trkpt>
      <trkpt lat="46.5406630" lon="12.0424510">
        <ele>2601.6580000</ele>
        <time>2008-07-19T09:58:37Z</time>
      </trkpt>
      <trkpt lat="46.5407360" lon="12.0423830">
        <ele>2598.6670000</ele>
        <time>2008-07-19T09:58:47Z</time>
      </trkpt>
      <trkpt lat="46.5407980" lon="12.0423960">
        <ele>2596.3510000</ele>
        <time>2008-07-19T09:58:56Z</time>
      </trkpt>
      <trkpt lat="46.5408610" lon="12.0424660">
        <ele>2593.1550000</ele>
        <time>2008-07-19T09:59:05Z</time>
      </trkpt>
      <trkpt lat="46.5408670" lon="12.0424730">
        <ele>2593.3310000</ele>
        <time>2008-07-19T09:59:06Z</time>
      </trkpt>
      <trkpt lat="46.5409260" lon="12.0425380">
        <ele>2591.6000000</ele>
        <time>2008-07-19T09:59:16Z</time>
      </trkpt>
      <trkpt lat="46.5409390" lon="12.0425800">
        <ele>2591.8650000</ele>
        <time>2008-07-19T09:59:24Z</time>
      </trkpt>
      <trkpt lat="46.5410010" lon="12.0426600">
        <ele>2591.6860000</ele>
        <time>2008-07-19T09:59:37Z</time>
      </trkpt>
      <trkpt lat="46.5410550" lon="12.0426920">
        <ele>2588.9570000</ele>
        <time>2008-07-19T09:59:44Z</time>
      </trkpt>
      <trkpt lat="46.5410630" lon="12.0426970">
        <ele>2588.7990000</ele>
        <time>2008-07-19T09:59:45Z</time>
      </trkpt>
      <trkpt lat="46.5410700" lon="12.0427030">
        <ele>2588.4680000</ele>
        <time>2008-07-19T10:00:06Z</time>
      </trkpt>
      <trkpt lat="46.5410900" lon="12.0427160">
        <ele>2588.2650000</ele>
        <time>2008-07-19T10:00:11Z</time>
      </trkpt>
      <trkpt lat="46.5411260" lon="12.0427510">
        <ele>2586.9600000</ele>
        <time>2008-07-19T10:00:16Z</time>
      </trkpt>
      <trkpt lat="46.5411700" lon="12.0428000">
        <ele>2585.4970000</ele>
        <time>2008-07-19T10:00:22Z</time>
      </trkpt>
      <trkpt lat="46.5412870" lon="12.0429520">
        <ele>2579.2940000</ele>
        <time>2008-07-19T10:01:06Z</time>
      </trkpt>
      <trkpt lat="46.5413210" lon="12.0430470">
        <ele>2579.3110000</ele>
        <time>2008-07-19T10:01:12Z</time>
      </trkpt>
      <trkpt lat="46.5413880" lon="12.0430950">
        <ele>2579.1450000</ele>
        <time>2008-07-19T10:01:18Z</time>
      </trkpt>
      <trkpt lat="46.5415030" lon="12.0431600">
        <ele>2578.7900000</ele>
        <time>2008-07-19T10:01:27Z</time>
      </trkpt>
      <trkpt lat="46.5414880" lon="12.0432990">
        <ele>2578.6280000</ele>
        <time>2008-07-19T10:05:17Z</time>
      </trkpt>
      <trkpt lat="46.5414630" lon="12.0433480">
        <ele>2577.4600000</ele>
        <time>2008-07-19T10:05:37Z</time>
      </trkpt>
      <trkpt lat="46.5414870" lon="12.0433920">
        <ele>2576.7780000</ele>
        <time>2008-07-19T10:05:43Z</time>
      </trkpt>
      <trkpt lat="46.5415040" lon="12.0434100">
        <ele>2576.9730000</ele>
        <time>2008-07-19T10:05:58Z</time>
      </trkpt>
      <trkpt lat="46.5415110" lon="12.0434090">
        <ele>2575.8340000</ele>
        <time>2008-07-19T10:06:08Z</time>
      </trkpt>
      <trkpt lat="46.5415330" lon="12.0433160">
        <ele>2575.8420000</ele>
        <time>2008-07-19T10:06:23Z</time>
      </trkpt>
      <trkpt lat="46.5415680" lon="12.0432050">
        <ele>2576.0220000</ele>
        <time>2008-07-19T10:06:31Z</time>
      </trkpt>
      <trkpt lat="46.5416080" lon="12.0431450">
        <ele>2575.1680000</ele>
        <time>2008-07-19T10:06:39Z</time>
      </trkpt>
      <trkpt lat="46.5416150" lon="12.0431360">
        <ele>2575.1710000</ele>
        <time>2008-07-19T10:06:40Z</time>
      </trkpt>
      <trkpt lat="46.5416610" lon="12.0430360">
        <ele>2574.6360000</ele>
        <time>2008-07-19T10:06:52Z</time>
      </trkpt>
      <trkpt lat="46.5416890" lon="12.0429500">
        <ele>2574.3690000</ele>
        <time>2008-07-19T10:07:03Z</time>
      </trkpt>
      <trkpt lat="46.5417080" lon="12.0429170">
        <ele>2573.5390000</ele>
        <time>2008-07-19T10:07:10Z</time>
      </trkpt>
      <trkpt lat="46.5417030" lon="12.0429220">
        <ele>2573.8310000</ele>
        <time>2008-07-19T10:07:22Z</time>
      </trkpt>
      <trkpt lat="46.5417110" lon="12.0428710">
        <ele>2572.8520000</ele>
        <time>2008-07-19T10:07:31Z</time>
      </trkpt>
      <trkpt lat="46.5417130" lon="12.0428940">
        <ele>2573.3000000</ele>
        <time>2008-07-19T10:07:43Z</time>
      </trkpt>
      <trkpt lat="46.5417170" lon="12.0429300">
        <ele>2572.7710000</ele>
        <time>2008-07-19T10:07:52Z</time>
      </trkpt>
      <trkpt lat="46.5417660" lon="12.0429730">
        <ele>2572.2410000</ele>
        <time>2008-07-19T10:07:59Z</time>
      </trkpt>
      <trkpt lat="46.5418110" lon="12.0430700">
        <ele>2572.3880000</ele>
        <time>2008-07-19T10:08:09Z</time>
      </trkpt>
      <trkpt lat="46.5418160" lon="12.0430930">
        <ele>2572.5560000</ele>
        <time>2008-07-19T10:08:21Z</time>
      </trkpt>
      <trkpt lat="46.5417860" lon="12.0431000">
        <ele>2572.6390000</ele>
        <time>2008-07-19T10:08:33Z</time>
      </trkpt>
      <trkpt lat="46.5418040" lon="12.0431160">
        <ele>2573.4750000</ele>
        <time>2008-07-19T10:08:42Z</time>
      </trkpt>
      <trkpt lat="46.5418240" lon="12.0431660">
        <ele>2575.0630000</ele>
        <time>2008-07-19T10:08:49Z</time>
      </trkpt>
      <trkpt lat="46.5418170" lon="12.0431730">
        <ele>2575.8700000</ele>
        <time>2008-07-19T10:08:55Z</time>
      </trkpt>
      <trkpt lat="46.5418120" lon="12.0431720">
        <ele>2577.1240000</ele>
        <time>2008-07-19T10:08:58Z</time>
      </trkpt>
      <trkpt lat="46.5418070" lon="12.0432010">
        <ele>2582.6190000</ele>
        <time>2008-07-19T10:10:03Z</time>
      </trkpt>
      <trkpt lat="46.5417980" lon="12.0431900">
        <ele>2588.8060000</ele>
        <time>2008-07-19T10:11:07Z</time>
      </trkpt>
      <trkpt lat="46.5417900" lon="12.0432080">
        <ele>2590.9520000</ele>
        <time>2008-07-19T10:11:34Z</time>
      </trkpt>
      <trkpt lat="46.5417650" lon="12.0432120">
        <ele>2591.7960000</ele>
        <time>2008-07-19T10:11:45Z</time>
      </trkpt>
      <trkpt lat="46.5417600" lon="12.0432150">
        <ele>2592.5470000</ele>
        <time>2008-07-19T10:11:47Z</time>
      </trkpt>
      <trkpt lat="46.5416990" lon="12.0432390">
        <ele>2593.5960000</ele>
        <time>2008-07-19T10:12:05Z</time>
      </trkpt>
      <trkpt lat="46.5416880" lon="12.0432410">
        <ele>2593.4750000</ele>
        <time>2008-07-19T10:12:18Z</time>
      </trkpt>
      <trkpt lat="46.5416790" lon="12.0432260">
        <ele>2594.2420000</ele>
        <time>2008-07-19T10:12:49Z</time>
      </trkpt>
      <trkpt lat="46.5416700" lon="12.0432340">
        <ele>2596.1840000</ele>
        <time>2008-07-19T10:12:54Z</time>
      </trkpt>
      <trkpt lat="46.5416580" lon="12.0432520">
        <ele>2597.0580000</ele>
        <time>2008-07-19T10:13:00Z</time>
      </trkpt>
      <trkpt lat="46.5416380" lon="12.0432830">
        <ele>2599.0100000</ele>
        <time>2008-07-19T10:13:10Z</time>
      </trkpt>
      <trkpt lat="46.5416400" lon="12.0432920">
        <ele>2598.9370000</ele>
        <time>2008-07-19T10:13:19Z</time>
      </trkpt>
      <trkpt lat="46.5416380" lon="12.0433470">
        <ele>2602.1040000</ele>
        <time>2008-07-19T10:13:50Z</time>
      </trkpt>
      <trkpt lat="46.5416370" lon="12.0433520">
        <ele>2602.1520000</ele>
        <time>2008-07-19T10:13:51Z</time>
      </trkpt>
      <trkpt lat="46.5416440" lon="12.0433820">
        <ele>2602.6360000</ele>
        <time>2008-07-19T10:14:04Z</time>
      </trkpt>
      <trkpt lat="46.5416520" lon="12.0434010">
        <ele>2603.0790000</ele>
        <time>2008-07-19T10:14:14Z</time>
      </trkpt>
      <trkpt lat="46.5416530" lon="12.0434250">
        <ele>2603.1390000</ele>
        <time>2008-07-19T10:14:21Z</time>
      </trkpt>
      <trkpt lat="46.5416840" lon="12.0435130">
        <ele>2619.2990000</ele>
        <time>2008-07-19T10:18:55Z</time>
      </trkpt>
      <trkpt lat="46.5416670" lon="12.0435440">
        <ele>2621.3220000</ele>
        <time>2008-07-19T10:19:03Z</time>
      </trkpt>
      <trkpt lat="46.5416600" lon="12.0435680">
        <ele>2620.6770000</ele>
        <time>2008-07-19T10:19:11Z</time>
      </trkpt>
      <trkpt lat="46.5416500" lon="12.0435790">
        <ele>2625.3640000</ele>
        <time>2008-07-19T10:20:54Z</time>
      </trkpt>
      <trkpt lat="46.5416380" lon="12.0436190">
        <ele>2626.7140000</ele>
        <time>2008-07-19T10:21:11Z</time>
      </trkpt>
      <trkpt lat="46.5416340" lon="12.0436330">
        <ele>2626.5970000</ele>
        <time>2008-07-19T10:21:18Z</time>
      </trkpt>
      <trkpt lat="46.5416230" lon="12.0436420">
        <ele>2626.7150000</ele>
        <time>2008-07-19T10:21:26Z</time>
      </trkpt>
      <trkpt lat="46.5416070" lon="12.0436620">
        <ele>2626.7080000</ele>
        <time>2008-07-19T10:21:51Z</time>
      </trkpt>
      <trkpt lat="46.5415900" lon="12.0436940">
        <ele>2629.0760000</ele>
        <time>2008-07-19T10:22:25Z</time>
      </trkpt>
      <trkpt lat="46.5415940" lon="12.0437220">
        <ele>2630.2120000</ele>
        <time>2008-07-19T10:22:35Z</time>
      </trkpt>
      <trkpt lat="46.5415910" lon="12.0437450">
        <ele>2631.1870000</ele>
        <time>2008-07-19T10:22:42Z</time>
      </trkpt>
      <trkpt lat="46.5415950" lon="12.0437520">
        <ele>2632.1730000</ele>
        <time>2008-07-19T10:24:40Z</time>
      </trkpt>
      <trkpt lat="46.5415980" lon="12.0437590">
        <ele>2633.1450000</ele>
        <time>2008-07-19T10:24:46Z</time>
      </trkpt>
      <trkpt lat="46.5415980" lon="12.0437770">
        <ele>2633.5880000</ele>
        <time>2008-07-19T10:24:52Z</time>
      </trkpt>
      <trkpt lat="46.5416090" lon="12.0438200">
        <ele>2635.1980000</ele>
        <time>2008-07-19T10:25:20Z</time>
      </trkpt>
      <trkpt lat="46.5416040" lon="12.0438380">
        <ele>2636.3700000</ele>
        <time>2008-07-19T10:25:26Z</time>
      </trkpt>
      <trkpt lat="46.5416060" lon="12.0438440">
        <ele>2637.2910000</ele>
        <time>2008-07-19T10:25:32Z</time>
      </trkpt>
      <trkpt lat="46.5415860" lon="12.0439280">
        <ele>2649.1960000</ele>
        <time>2008-07-19T10:27:43Z</time>
      </trkpt>
      <trkpt lat="46.5415850" lon="12.0439500">
        <ele>2651.7950000</ele>
        <time>2008-07-19T10:27:57Z</time>
      </trkpt>
      <trkpt lat="46.5415820" lon="12.0439600">
        <ele>2652.7750000</ele>
        <time>2008-07-19T10:28:07Z</time>
      </trkpt>
      <trkpt lat="46.5415740" lon="12.0439680">
        <ele>2652.9380000</ele>
        <time>2008-07-19T10:28:17Z</time>
      </trkpt>
      <trkpt lat="46.5415680" lon="12.0439850">
        <ele>2654.6540000</ele>
        <time>2008-07-19T10:28:24Z</time>
      </trkpt>
      <trkpt lat="46.5415550" lon="12.0440060">
        <ele>2655.6150000</ele>
        <time>2008-07-19T10:28:31Z</time>
      </trkpt>
      <trkpt lat="46.5415480" lon="12.0440130">
        <ele>2655.7710000</ele>
        <time>2008-07-19T10:28:41Z</time>
      </trkpt>
      <trkpt lat="46.5415360" lon="12.0440750">
        <ele>2655.0560000</ele>
        <time>2008-07-19T10:29:36Z</time>
      </trkpt>
      <trkpt lat="46.5415390" lon="12.0441160">
        <ele>2656.5750000</ele>
        <time>2008-07-19T10:29:45Z</time>
      </trkpt>
      <trkpt lat="46.5415550" lon="12.0441460">
        <ele>2656.6380000</ele>
        <time>2008-07-19T10:29:52Z</time>
      </trkpt>
      <trkpt lat="46.5415610" lon="12.0441730">
        <ele>2657.5880000</ele>
        <time>2008-07-19T10:29:59Z</time>
      </trkpt>
      <trkpt lat="46.5415440" lon="12.0442230">
        <ele>2657.8530000</ele>
        <time>2008-07-19T10:30:07Z</time>
      </trkpt>
      <trkpt lat="46.5415590" lon="12.0442630">
        <ele>2657.2640000</ele>
        <time>2008-07-19T10:30:15Z</time>
      </trkpt>
      <trkpt lat="46.5415780" lon="12.0443050">
        <ele>2656.7270000</ele>
        <time>2008-07-19T10:30:24Z</time>
      </trkpt>
      <trkpt lat="46.5416000" lon="12.0443630">
        <ele>2655.4230000</ele>
        <time>2008-07-19T10:30:33Z</time>
      </trkpt>
      <trkpt lat="46.5416210" lon="12.0444310">
        <ele>2654.7450000</ele>
        <time>2008-07-19T10:30:41Z</time>
      </trkpt>
      <trkpt lat="46.5416370" lon="12.0444520">
        <ele>2654.2770000</ele>
        <time>2008-07-19T10:30:48Z</time>
      </trkpt>
      <trkpt lat="46.5416580" lon="12.0444970">
        <ele>2653.8050000</ele>
        <time>2008-07-19T10:30:56Z</time>
      </trkpt>
      <trkpt lat="46.5416800" lon="12.0445100">
        <ele>2653.2030000</ele>
        <time>2008-07-19T10:31:05Z</time>
      </trkpt>
      <trkpt lat="46.5417020" lon="12.0445250">
        <ele>2652.8200000</ele>
        <time>2008-07-19T10:31:26Z</time>
      </trkpt>
      <trkpt lat="46.5417870" lon="12.0445560">
        <ele>2652.7620000</ele>
        <time>2008-07-19T10:31:35Z</time>
      </trkpt>
      <trkpt lat="46.5418310" lon="12.0445690">
        <ele>2651.6620000</ele>
        <time>2008-07-19T10:31:44Z</time>
      </trkpt>
      <trkpt lat="46.5418660" lon="12.0445940">
        <ele>2650.7590000</ele>
        <time>2008-07-19T10:31:53Z</time>
      </trkpt>
      <trkpt lat="46.5418790" lon="12.0446160">
        <ele>2649.6510000</ele>
        <time>2008-07-19T10:32:03Z</time>
      </trkpt>
      <trkpt lat="46.5419090" lon="12.0446870">
        <ele>2648.1850000</ele>
        <time>2008-07-19T10:32:11Z</time>
      </trkpt>
      <trkpt lat="46.5419100" lon="12.0447200">
        <ele>2647.8300000</ele>
        <time>2008-07-19T10:32:18Z</time>
      </trkpt>
      <trkpt lat="46.5419070" lon="12.0447550">
        <ele>2646.4300000</ele>
        <time>2008-07-19T10:32:26Z</time>
      </trkpt>
      <trkpt lat="46.5419190" lon="12.0447630">
        <ele>2646.6860000</ele>
        <time>2008-07-19T10:32:42Z</time>
      </trkpt>
      <trkpt lat="46.5419250" lon="12.0447740">
        <ele>2646.0100000</ele>
        <time>2008-07-19T10:32:51Z</time>
      </trkpt>
      <trkpt lat="46.5419230" lon="12.0447760">
        <ele>2644.3660000</ele>
        <time>2008-07-19T10:33:03Z</time>
      </trkpt>
      <trkpt lat="46.5419240" lon="12.0447860">
        <ele>2644.6570000</ele>
        <time>2008-07-19T10:33:16Z</time>
      </trkpt>
      <trkpt lat="46.5419280" lon="12.0447830">
        <ele>2644.3570000</ele>
        <time>2008-07-19T10:33:22Z</time>
      </trkpt>
      <trkpt lat="46.5419450" lon="12.0447840">
        <ele>2644.3140000</ele>
        <time>2008-07-19T10:33:40Z</time>
      </trkpt>
      <trkpt lat="46.5419670" lon="12.0447750">
        <ele>2643.5120000</ele>
        <time>2008-07-19T10:33:54Z</time>
      </trkpt>
      <trkpt lat="46.5419690" lon="12.0447700">
        <ele>2642.8320000</ele>
        <time>2008-07-19T10:34:03Z</time>
      </trkpt>
      <trkpt lat="46.5419740" lon="12.0447780">
        <ele>2642.3610000</ele>
        <time>2008-07-19T10:34:12Z</time>
      </trkpt>
      <trkpt lat="46.5419740" lon="12.0447760">
        <ele>2640.6080000</ele>
        <time>2008-07-19T10:34:19Z</time>
      </trkpt>
      <trkpt lat="46.5419840" lon="12.0447800">
        <ele>2639.1180000</ele>
        <time>2008-07-19T10:34:26Z</time>
      </trkpt>
      <trkpt lat="46.5419870" lon="12.0448230">
        <ele>2640.1360000</ele>
        <time>2008-07-19T10:34:34Z</time>
      </trkpt>
      <trkpt lat="46.5419920" lon="12.0448280">
        <ele>2640.1960000</ele>
        <time>2008-07-19T10:34:44Z</time>
      </trkpt>
      <trkpt lat="46.5419900" lon="12.0448440">
        <ele>2639.6870000</ele>
        <time>2008-07-19T10:34:56Z</time>
      </trkpt>
      <trkpt lat="46.5419890" lon="12.0448660">
        <ele>2639.9110000</ele>
        <time>2008-07-19T10:35:03Z</time>
      </trkpt>
      <trkpt lat="46.5419950" lon="12.0448950">
        <ele>2640.2590000</ele>
        <time>2008-07-19T10:35:15Z</time>
      </trkpt>
      <trkpt lat="46.5419880" lon="12.0449260">
        <ele>2640.5990000</ele>
        <time>2008-07-19T10:35:25Z</time>
      </trkpt>
      <trkpt lat="46.5419950" lon="12.0449500">
        <ele>2639.4790000</ele>
        <time>2008-07-19T10:35:32Z</time>
      </trkpt>
      <trkpt lat="46.5420020" lon="12.0449710">
        <ele>2639.5960000</ele>
        <time>2008-07-19T10:35:38Z</time>
      </trkpt>
      <trkpt lat="46.5420160" lon="12.0449980">
        <ele>2639.8600000</ele>
        <time>2008-07-19T10:35:46Z</time>
      </trkpt>
      <trkpt lat="46.5420180" lon="12.0450190">
        <ele>2638.8710000</ele>
        <time>2008-07-19T10:35:56Z</time>
      </trkpt>
      <trkpt lat="46.5420400" lon="12.0450350">
        <ele>2637.7560000</ele>
        <time>2008-07-19T10:36:12Z</time>
      </trkpt>
      <trkpt lat="46.5420510" lon="12.0450420">
        <ele>2636.9780000</ele>
        <time>2008-07-19T10:36:20Z</time>
      </trkpt>
      <trkpt lat="46.5420860" lon="12.0450370">
        <ele>2635.3190000</ele>
        <time>2008-07-19T10:36:37Z</time>
      </trkpt>
      <trkpt lat="46.5421270" lon="12.0450220">
        <ele>2632.2970000</ele>
        <time>2008-07-19T10:36:59Z</time>
      </trkpt>
      <trkpt lat="46.5421450" lon="12.0450280">
        <ele>2632.2050000</ele>
        <time>2008-07-19T10:37:07Z</time>
      </trkpt>
      <trkpt lat="46.5421490" lon="12.0450180">
        <ele>2632.5790000</ele>
        <time>2008-07-19T10:37:15Z</time>
      </trkpt>
      <trkpt lat="46.5421580" lon="12.0450250">
        <ele>2631.9400000</ele>
        <time>2008-07-19T10:37:28Z</time>
      </trkpt>
      <trkpt lat="46.5421820" lon="12.0450400">
        <ele>2631.4770000</ele>
        <time>2008-07-19T10:37:38Z</time>
      </trkpt>
      <trkpt lat="46.5421960" lon="12.0450400">
        <ele>2631.2070000</ele>
        <time>2008-07-19T10:37:47Z</time>
      </trkpt>
      <trkpt lat="46.5422050" lon="12.0450520">
        <ele>2630.3530000</ele>
        <time>2008-07-19T10:38:00Z</time>
      </trkpt>
      <trkpt lat="46.5422200" lon="12.0450690">
        <ele>2631.0870000</ele>
        <time>2008-07-19T10:38:07Z</time>
      </trkpt>
      <trkpt lat="46.5422460" lon="12.0450880">
        <ele>2629.4190000</ele>
        <time>2008-07-19T10:38:23Z</time>
      </trkpt>
      <trkpt lat="46.5422750" lon="12.0450650">
        <ele>2629.6090000</ele>
        <time>2008-07-19T10:38:47Z</time>
      </trkpt>
      <trkpt lat="46.5422970" lon="12.0450370">
        <ele>2629.6680000</ele>
        <time>2008-07-19T10:39:01Z</time>
      </trkpt>
      <trkpt lat="46.5423140" lon="12.0450430">
        <ele>2629.2330000</ele>
        <time>2008-07-19T10:39:07Z</time>
      </trkpt>
      <trkpt lat="46.5423260" lon="12.0450450">
        <ele>2629.2370000</ele>
        <time>2008-07-19T10:39:19Z</time>
      </trkpt>
      <trkpt lat="46.5423450" lon="12.0450510">
        <ele>2629.1410000</ele>
        <time>2008-07-19T10:39:26Z</time>
      </trkpt>
      <trkpt lat="46.5423580" lon="12.0450510">
        <ele>2629.2260000</ele>
        <time>2008-07-19T10:39:36Z</time>
      </trkpt>
      <trkpt lat="46.5423650" lon="12.0450550">
        <ele>2629.1140000</ele>
        <time>2008-07-19T10:39:47Z</time>
      </trkpt>
      <trkpt lat="46.5423900" lon="12.0450420">
        <ele>2631.0420000</ele>
        <time>2008-07-19T10:40:00Z</time>
      </trkpt>
      <trkpt lat="46.5423960" lon="12.0450500">
        <ele>2631.1070000</ele>
        <time>2008-07-19T10:40:13Z</time>
      </trkpt>
      <trkpt lat="46.5424020" lon="12.0450350">
        <ele>2631.1770000</ele>
        <time>2008-07-19T10:40:20Z</time>
      </trkpt>
      <trkpt lat="46.5424250" lon="12.0450120">
        <ele>2629.8900000</ele>
        <time>2008-07-19T10:40:26Z</time>
      </trkpt>
      <trkpt lat="46.5424590" lon="12.0449810">
        <ele>2629.9630000</ele>
        <time>2008-07-19T10:40:38Z</time>
      </trkpt>
      <trkpt lat="46.5424830" lon="12.0449480">
        <ele>2630.0060000</ele>
        <time>2008-07-19T10:41:01Z</time>
      </trkpt>
      <trkpt lat="46.5425180" lon="12.0449190">
        <ele>2629.8340000</ele>
        <time>2008-07-19T10:41:07Z</time>
      </trkpt>
      <trkpt lat="46.5425480" lon="12.0449140">
        <ele>2629.3300000</ele>
        <time>2008-07-19T10:41:16Z</time>
      </trkpt>
      <trkpt lat="46.5425660" lon="12.0448770">
        <ele>2629.1490000</ele>
        <time>2008-07-19T10:41:21Z</time>
      </trkpt>
      <trkpt lat="46.5426340" lon="12.0448540">
        <ele>2628.9590000</ele>
        <time>2008-07-19T10:41:29Z</time>
      </trkpt>
      <trkpt lat="46.5426700" lon="12.0448870">
        <ele>2628.4190000</ele>
        <time>2008-07-19T10:41:37Z</time>
      </trkpt>
      <trkpt lat="46.5427330" lon="12.0449130">
        <ele>2626.3870000</ele>
        <time>2008-07-19T10:41:47Z</time>
      </trkpt>
      <trkpt lat="46.5427680" lon="12.0449060">
        <ele>2625.2930000</ele>
        <time>2008-07-19T10:41:52Z</time>
      </trkpt>
      <trkpt lat="46.5427880" lon="12.0449140">
        <ele>2625.3720000</ele>
        <time>2008-07-19T10:41:58Z</time>
      </trkpt>
      <trkpt lat="46.5428220" lon="12.0449240">
        <ele>2623.8120000</ele>
        <time>2008-07-19T10:42:08Z</time>
      </trkpt>
      <trkpt lat="46.5428350" lon="12.0449280">
        <ele>2624.0410000</ele>
        <time>2008-07-19T10:42:10Z</time>
      </trkpt>
      <trkpt lat="46.5428860" lon="12.0449380">
        <ele>2622.7430000</ele>
        <time>2008-07-19T10:42:15Z</time>
      </trkpt>
      <trkpt lat="46.5429380" lon="12.0448780">
        <ele>2621.8800000</ele>
        <time>2008-07-19T10:42:22Z</time>
      </trkpt>
      <trkpt lat="46.5430240" lon="12.0448460">
        <ele>2622.9970000</ele>
        <time>2008-07-19T10:42:32Z</time>
      </trkpt>
      <trkpt lat="46.5430570" lon="12.0448540">
        <ele>2624.1760000</ele>
        <time>2008-07-19T10:42:41Z</time>
      </trkpt>
      <trkpt lat="46.5430670" lon="12.0448720">
        <ele>2625.8180000</ele>
        <time>2008-07-19T10:42:52Z</time>
      </trkpt>
      <trkpt lat="46.5430820" lon="12.0449060">
        <ele>2625.1880000</ele>
        <time>2008-07-19T10:42:58Z</time>
      </trkpt>
      <trkpt lat="46.5430790" lon="12.0449110">
        <ele>2625.3870000</ele>
        <time>2008-07-19T10:43:18Z</time>
      </trkpt>
      <trkpt lat="46.5430800" lon="12.0449170">
        <ele>2625.6340000</ele>
        <time>2008-07-19T10:43:26Z</time>
      </trkpt>
      <trkpt lat="46.5430940" lon="12.0449150">
        <ele>2625.1140000</ele>
        <time>2008-07-19T10:43:43Z</time>
      </trkpt>
      <trkpt lat="46.5430950" lon="12.0449240">
        <ele>2625.9620000</ele>
        <time>2008-07-19T10:43:55Z</time>
      </trkpt>
      <trkpt lat="46.5430890" lon="12.0449360">
        <ele>2626.7530000</ele>
        <time>2008-07-19T10:44:04Z</time>
      </trkpt>
      <trkpt lat="46.5430800" lon="12.0449440">
        <ele>2627.1200000</ele>
        <time>2008-07-19T10:44:09Z</time>
      </trkpt>
      <trkpt lat="46.5430700" lon="12.0449520">
        <ele>2628.5120000</ele>
        <time>2008-07-19T10:44:21Z</time>
      </trkpt>
      <trkpt lat="46.5430570" lon="12.0449490">
        <ele>2629.3610000</ele>
        <time>2008-07-19T10:44:30Z</time>
      </trkpt>
      <trkpt lat="46.5430580" lon="12.0449540">
        <ele>2630.5880000</ele>
        <time>2008-07-19T10:44:36Z</time>
      </trkpt>
      <trkpt lat="46.5430510" lon="12.0449610">
        <ele>2630.9020000</ele>
        <time>2008-07-19T10:44:49Z</time>
      </trkpt>
      <trkpt lat="46.5430450" lon="12.0449680">
        <ele>2631.1790000</ele>
        <time>2008-07-19T10:45:01Z</time>
      </trkpt>
      <trkpt lat="46.5430300" lon="12.0449760">
        <ele>2631.6320000</ele>
        <time>2008-07-19T10:45:45Z</time>
      </trkpt>
      <trkpt lat="46.5430300" lon="12.0449910">
        <ele>2633.0090000</ele>
        <time>2008-07-19T10:47:11Z</time>
      </trkpt>
      <trkpt lat="46.5430260" lon="12.0449930">
        <ele>2634.5940000</ele>
        <time>2008-07-19T10:47:21Z</time>
      </trkpt>
      <trkpt lat="46.5430320" lon="12.0450060">
        <ele>2635.6600000</ele>
        <time>2008-07-19T10:47:29Z</time>
      </trkpt>
      <trkpt lat="46.5430500" lon="12.0450190">
        <ele>2635.1900000</ele>
        <time>2008-07-19T10:47:41Z</time>
      </trkpt>
      <trkpt lat="46.5430630" lon="12.0450270">
        <ele>2636.0150000</ele>
        <time>2008-07-19T10:47:54Z</time>
      </trkpt>
      <trkpt lat="46.5430670" lon="12.0450340">
        <ele>2635.4180000</ele>
        <time>2008-07-19T10:48:06Z</time>
      </trkpt>
      <trkpt lat="46.5430640" lon="12.0450370">
        <ele>2635.5490000</ele>
        <time>2008-07-19T10:48:17Z</time>
      </trkpt>
      <trkpt lat="46.5430490" lon="12.0450440">
        <ele>2636.4950000</ele>
        <time>2008-07-19T10:50:33Z</time>
      </trkpt>
      <trkpt lat="46.5430460" lon="12.0450510">
        <ele>2638.0420000</ele>
        <time>2008-07-19T10:50:40Z</time>
      </trkpt>
      <trkpt lat="46.5430400" lon="12.0450590">
        <ele>2638.8710000</ele>
        <time>2008-07-19T10:50:51Z</time>
      </trkpt>
      <trkpt lat="46.5430300" lon="12.0450750">
        <ele>2640.8820000</ele>
        <time>2008-07-19T10:51:03Z</time>
      </trkpt>
      <trkpt lat="46.5430280" lon="12.0450790">
        <ele>2641.6750000</ele>
        <time>2008-07-19T10:51:10Z</time>
      </trkpt>
      <trkpt lat="46.5430170" lon="12.0450830">
        <ele>2642.4030000</ele>
        <time>2008-07-19T10:51:18Z</time>
      </trkpt>
      <trkpt lat="46.5430070" lon="12.0450770">
        <ele>2643.4360000</ele>
        <time>2008-07-19T10:51:25Z</time>
      </trkpt>
      <trkpt lat="46.5429950" lon="12.0450810">
        <ele>2643.9740000</ele>
        <time>2008-07-19T10:51:35Z</time>
      </trkpt>
      <trkpt lat="46.5429850" lon="12.0450930">
        <ele>2644.8290000</ele>
        <time>2008-07-19T10:52:19Z</time>
      </trkpt>
      <trkpt lat="46.5429760" lon="12.0450750">
        <ele>2644.3860000</ele>
        <time>2008-07-19T10:52:38Z</time>
      </trkpt>
      <trkpt lat="46.5429720" lon="12.0450770">
        <ele>2644.7710000</ele>
        <time>2008-07-19T10:53:09Z</time>
      </trkpt>
      <trkpt lat="46.5429570" lon="12.0450770">
        <ele>2645.1390000</ele>
        <time>2008-07-19T10:53:17Z</time>
      </trkpt>
      <trkpt lat="46.5429480" lon="12.0450760">
        <ele>2645.9740000</ele>
        <time>2008-07-19T10:53:26Z</time>
      </trkpt>
      <trkpt lat="46.5429520" lon="12.0450720">
        <ele>2646.7670000</ele>
        <time>2008-07-19T10:53:37Z</time>
      </trkpt>
      <trkpt lat="46.5429550" lon="12.0450760">
        <ele>2647.2450000</ele>
        <time>2008-07-19T10:53:46Z</time>
      </trkpt>
      <trkpt lat="46.5429540" lon="12.0450840">
        <ele>2647.8900000</ele>
        <time>2008-07-19T10:53:54Z</time>
      </trkpt>
      <trkpt lat="46.5429540" lon="12.0450910">
        <ele>2649.3860000</ele>
        <time>2008-07-19T10:54:06Z</time>
      </trkpt>
      <trkpt lat="46.5429470" lon="12.0451070">
        <ele>2650.9730000</ele>
        <time>2008-07-19T10:54:17Z</time>
      </trkpt>
      <trkpt lat="46.5429420" lon="12.0451230">
        <ele>2652.0370000</ele>
        <time>2008-07-19T10:54:24Z</time>
      </trkpt>
      <trkpt lat="46.5429510" lon="12.0451310">
        <ele>2652.4690000</ele>
        <time>2008-07-19T10:54:35Z</time>
      </trkpt>
      <trkpt lat="46.5429580" lon="12.0451450">
        <ele>2653.7090000</ele>
        <time>2008-07-19T10:54:46Z</time>
      </trkpt>
      <trkpt lat="46.5429570" lon="12.0451470">
        <ele>2654.5280000</ele>
        <time>2008-07-19T10:54:48Z</time>
      </trkpt>
      <trkpt lat="46.5429580" lon="12.0451560">
        <ele>2656.0720000</ele>
        <time>2008-07-19T10:54:53Z</time>
      </trkpt>
      <trkpt lat="46.5429590" lon="12.0451590">
        <ele>2656.2590000</ele>
        <time>2008-07-19T10:54:54Z</time>
      </trkpt>
      <trkpt lat="46.5429620" lon="12.0451840">
        <ele>2658.2030000</ele>
        <time>2008-07-19T10:55:14Z</time>
      </trkpt>
      <trkpt lat="46.5429590" lon="12.0452080">
        <ele>2661.3440000</ele>
        <time>2008-07-19T10:55:42Z</time>
      </trkpt>
      <trkpt lat="46.5429750" lon="12.0452180">
        <ele>2664.8070000</ele>
        <time>2008-07-19T10:57:05Z</time>
      </trkpt>
      <trkpt lat="46.5429750" lon="12.0452220">
        <ele>2665.5170000</ele>
        <time>2008-07-19T10:57:18Z</time>
      </trkpt>
      <trkpt lat="46.5429790" lon="12.0452240">
        <ele>2666.5960000</ele>
        <time>2008-07-19T10:57:31Z</time>
      </trkpt>
      <trkpt lat="46.5429700" lon="12.0452440">
        <ele>2667.3640000</ele>
        <time>2008-07-19T10:57:57Z</time>
      </trkpt>
      <trkpt lat="46.5429730" lon="12.0452570">
        <ele>2667.7680000</ele>
        <time>2008-07-19T10:58:05Z</time>
      </trkpt>
      <trkpt lat="46.5429760" lon="12.0452600">
        <ele>2668.0770000</ele>
        <time>2008-07-19T10:58:13Z</time>
      </trkpt>
      <trkpt lat="46.5430000" lon="12.0452630">
        <ele>2668.0990000</ele>
        <time>2008-07-19T10:58:24Z</time>
      </trkpt>
      <trkpt lat="46.5430240" lon="12.0452740">
        <ele>2668.0070000</ele>
        <time>2008-07-19T10:58:45Z</time>
      </trkpt>
      <trkpt lat="46.5430470" lon="12.0452840">
        <ele>2667.3620000</ele>
        <time>2008-07-19T10:58:58Z</time>
      </trkpt>
      <trkpt lat="46.5430830" lon="12.0452910">
        <ele>2666.9880000</ele>
        <time>2008-07-19T10:59:08Z</time>
      </trkpt>
      <trkpt lat="46.5431030" lon="12.0453120">
        <ele>2666.5920000</ele>
        <time>2008-07-19T10:59:15Z</time>
      </trkpt>
      <trkpt lat="46.5431410" lon="12.0453380">
        <ele>2666.4940000</ele>
        <time>2008-07-19T10:59:22Z</time>
      </trkpt>
      <trkpt lat="46.5431750" lon="12.0453580">
        <ele>2666.7640000</ele>
        <time>2008-07-19T10:59:30Z</time>
      </trkpt>
      <trkpt lat="46.5431980" lon="12.0453890">
        <ele>2667.4380000</ele>
        <time>2008-07-19T10:59:38Z</time>
      </trkpt>
      <trkpt lat="46.5432170" lon="12.0454110">
        <ele>2667.5010000</ele>
        <time>2008-07-19T10:59:47Z</time>
      </trkpt>
      <trkpt lat="46.5432360" lon="12.0454370">
        <ele>2667.2070000</ele>
        <time>2008-07-19T10:59:53Z</time>
      </trkpt>
      <trkpt lat="46.5432310" lon="12.0454610">
        <ele>2667.0190000</ele>
        <time>2008-07-19T10:59:58Z</time>
      </trkpt>
      <trkpt lat="46.5432660" lon="12.0454750">
        <ele>2666.5350000</ele>
        <time>2008-07-19T11:00:05Z</time>
      </trkpt>
      <trkpt lat="46.5432910" lon="12.0454950">
        <ele>2666.6170000</ele>
        <time>2008-07-19T11:00:12Z</time>
      </trkpt>
      <trkpt lat="46.5433320" lon="12.0455140">
        <ele>2666.2630000</ele>
        <time>2008-07-19T11:00:19Z</time>
      </trkpt>
      <trkpt lat="46.5433670" lon="12.0455350">
        <ele>2666.4320000</ele>
        <time>2008-07-19T11:00:27Z</time>
      </trkpt>
      <trkpt lat="46.5433730" lon="12.0455410">
        <ele>2666.5130000</ele>
        <time>2008-07-19T11:00:34Z</time>
      </trkpt>
      <trkpt lat="46.5434080" lon="12.0455380">
        <ele>2665.5720000</ele>
        <time>2008-07-19T11:00:43Z</time>
      </trkpt>
      <trkpt lat="46.5434210" lon="12.0455400">
        <ele>2666.2490000</ele>
        <time>2008-07-19T11:00:54Z</time>
      </trkpt>
      <trkpt lat="46.5434280" lon="12.0455530">
        <ele>2666.8580000</ele>
        <time>2008-07-19T11:01:01Z</time>
      </trkpt>
      <trkpt lat="46.5434520" lon="12.0455740">
        <ele>2667.2220000</ele>
        <time>2008-07-19T11:01:13Z</time>
      </trkpt>
      <trkpt lat="46.5434550" lon="12.0455720">
        <ele>2668.3770000</ele>
        <time>2008-07-19T11:01:22Z</time>
      </trkpt>
      <trkpt lat="46.5434470" lon="12.0455910">
        <ele>2668.4450000</ele>
        <time>2008-07-19T11:01:39Z</time>
      </trkpt>
      <trkpt lat="46.5434590" lon="12.0456050">
        <ele>2670.7290000</ele>
        <time>2008-07-19T11:01:53Z</time>
      </trkpt>
      <trkpt lat="46.5434680" lon="12.0456130">
        <ele>2670.8360000</ele>
        <time>2008-07-19T11:01:59Z</time>
      </trkpt>
      <trkpt lat="46.5434750" lon="12.0456070">
        <ele>2671.1810000</ele>
        <time>2008-07-19T11:02:11Z</time>
      </trkpt>
      <trkpt lat="46.5434850" lon="12.0456110">
        <ele>2671.4660000</ele>
        <time>2008-07-19T11:02:19Z</time>
      </trkpt>
      <trkpt lat="46.5434870" lon="12.0456250">
        <ele>2671.4920000</ele>
        <time>2008-07-19T11:02:27Z</time>
      </trkpt>
      <trkpt lat="46.5434860" lon="12.0456430">
        <ele>2673.5280000</ele>
        <time>2008-07-19T11:02:38Z</time>
      </trkpt>
      <trkpt lat="46.5435180" lon="12.0456900">
        <ele>2676.1320000</ele>
        <time>2008-07-19T11:03:25Z</time>
      </trkpt>
      <trkpt lat="46.5435310" lon="12.0456250">
        <ele>2676.5990000</ele>
        <time>2008-07-19T11:03:33Z</time>
      </trkpt>
      <trkpt lat="46.5435590" lon="12.0456290">
        <ele>2676.1060000</ele>
        <time>2008-07-19T11:03:44Z</time>
      </trkpt>
      <trkpt lat="46.5435860" lon="12.0456190">
        <ele>2675.4280000</ele>
        <time>2008-07-19T11:16:52Z</time>
      </trkpt>
      <trkpt lat="46.5435860" lon="12.0456190">
        <ele>2676.5420000</ele>
        <time>2008-07-19T11:17:01Z</time>
      </trkpt>
      <trkpt lat="46.5435840" lon="12.0456470">
        <ele>2678.0310000</ele>
        <time>2008-07-19T11:17:09Z</time>
      </trkpt>
      <trkpt lat="46.5435770" lon="12.0456500">
        <ele>2678.2940000</ele>
        <time>2008-07-19T11:17:25Z</time>
      </trkpt>
      <trkpt lat="46.5435770" lon="12.0456600">
        <ele>2678.8790000</ele>
        <time>2008-07-19T11:17:32Z</time>
      </trkpt>
      <trkpt lat="46.5435690" lon="12.0456680">
        <ele>2678.8750000</ele>
        <time>2008-07-19T11:17:40Z</time>
      </trkpt>
      <trkpt lat="46.5435610" lon="12.0456840">
        <ele>2679.7990000</ele>
        <time>2008-07-19T11:17:51Z</time>
      </trkpt>
      <trkpt lat="46.5435740" lon="12.0457050">
        <ele>2679.3850000</ele>
        <time>2008-07-19T11:17:58Z</time>
      </trkpt>
      <trkpt lat="46.5435820" lon="12.0457280">
        <ele>2678.7020000</ele>
        <time>2008-07-19T11:18:06Z</time>
      </trkpt>
      <trkpt lat="46.5435950" lon="12.0457540">
        <ele>2679.6460000</ele>
        <time>2008-07-19T11:18:14Z</time>
      </trkpt>
      <trkpt lat="46.5436010" lon="12.0457550">
        <ele>2681.0020000</ele>
        <time>2008-07-19T11:18:23Z</time>
      </trkpt>
      <trkpt lat="46.5436010" lon="12.0457540">
        <ele>2682.1470000</ele>
        <time>2008-07-19T11:18:46Z</time>
      </trkpt>
      <trkpt lat="46.5435990" lon="12.0457640">
        <ele>2683.5520000</ele>
        <time>2008-07-19T11:18:54Z</time>
      </trkpt>
      <trkpt lat="46.5436000" lon="12.0457650">
        <ele>2683.4630000</ele>
        <time>2008-07-19T11:19:06Z</time>
      </trkpt>
      <trkpt lat="46.5436010" lon="12.0457850">
        <ele>2684.4060000</ele>
        <time>2008-07-19T11:19:12Z</time>
      </trkpt>
      <trkpt lat="46.5436000" lon="12.0458030">
        <ele>2684.5110000</ele>
        <time>2008-07-19T11:19:23Z</time>
      </trkpt>
      <trkpt lat="46.5435950" lon="12.0458180">
        <ele>2685.9540000</ele>
        <time>2008-07-19T11:19:29Z</time>
      </trkpt>
      <trkpt lat="46.5435940" lon="12.0458410">
        <ele>2687.0940000</ele>
        <time>2008-07-19T11:19:43Z</time>
      </trkpt>
      <trkpt lat="46.5435910" lon="12.0458370">
        <ele>2687.0200000</ele>
        <time>2008-07-19T11:19:51Z</time>
      </trkpt>
      <trkpt lat="46.5435890" lon="12.0458350">
        <ele>2687.2730000</ele>
        <time>2008-07-19T11:20:08Z</time>
      </trkpt>
      <trkpt lat="46.5435890" lon="12.0458450">
        <ele>2689.5740000</ele>
        <time>2008-07-19T11:20:15Z</time>
      </trkpt>
      <trkpt lat="46.5435960" lon="12.0458660">
        <ele>2690.2110000</ele>
        <time>2008-07-19T11:20:23Z</time>
      </trkpt>
      <trkpt lat="46.5436000" lon="12.0458930">
        <ele>2690.2070000</ele>
        <time>2008-07-19T11:20:33Z</time>
      </trkpt>
      <trkpt lat="46.5436090" lon="12.0459270">
        <ele>2689.9310000</ele>
        <time>2008-07-19T11:20:40Z</time>
      </trkpt>
      <trkpt lat="46.5436250" lon="12.0459540">
        <ele>2690.0580000</ele>
        <time>2008-07-19T11:20:48Z</time>
      </trkpt>
      <trkpt lat="46.5436540" lon="12.0459590">
        <ele>2689.3770000</ele>
        <time>2008-07-19T11:20:59Z</time>
      </trkpt>
      <trkpt lat="46.5436800" lon="12.0459980">
        <ele>2689.4180000</ele>
        <time>2008-07-19T11:21:07Z</time>
      </trkpt>
      <trkpt lat="46.5436980" lon="12.0460310">
        <ele>2689.4820000</ele>
        <time>2008-07-19T11:21:15Z</time>
      </trkpt>
      <trkpt lat="46.5437050" lon="12.0460260">
        <ele>2689.1220000</ele>
        <time>2008-07-19T11:21:22Z</time>
      </trkpt>
      <trkpt lat="46.5437170" lon="12.0460200">
        <ele>2688.1070000</ele>
        <time>2008-07-19T11:21:29Z</time>
      </trkpt>
      <trkpt lat="46.5437400" lon="12.0460740">
        <ele>2689.3550000</ele>
        <time>2008-07-19T11:21:41Z</time>
      </trkpt>
      <trkpt lat="46.5437550" lon="12.0461150">
        <ele>2690.1380000</ele>
        <time>2008-07-19T11:21:49Z</time>
      </trkpt>
      <trkpt lat="46.5437720" lon="12.0461330">
        <ele>2691.3140000</ele>
        <time>2008-07-19T11:21:54Z</time>
      </trkpt>
      <trkpt lat="46.5437750" lon="12.0461440">
        <ele>2692.8310000</ele>
        <time>2008-07-19T11:22:00Z</time>
      </trkpt>
      <trkpt lat="46.5437830" lon="12.0461560">
        <ele>2693.4460000</ele>
        <time>2008-07-19T11:22:10Z</time>
      </trkpt>
      <trkpt lat="46.5437940" lon="12.0461710">
        <ele>2693.2310000</ele>
        <time>2008-07-19T11:22:16Z</time>
      </trkpt>
      <trkpt lat="46.5437910" lon="12.0461950">
        <ele>2695.0770000</ele>
        <time>2008-07-19T11:22:30Z</time>
      </trkpt>
      <trkpt lat="46.5437930" lon="12.0462260">
        <ele>2696.1500000</ele>
        <time>2008-07-19T11:22:37Z</time>
      </trkpt>
      <trkpt lat="46.5438050" lon="12.0462530">
        <ele>2696.1670000</ele>
        <time>2008-07-19T11:22:49Z</time>
      </trkpt>
      <trkpt lat="46.5438140" lon="12.0462680">
        <ele>2697.0910000</ele>
        <time>2008-07-19T11:23:00Z</time>
      </trkpt>
      <trkpt lat="46.5438340" lon="12.0462820">
        <ele>2697.8620000</ele>
        <time>2008-07-19T11:23:10Z</time>
      </trkpt>
      <trkpt lat="46.5438620" lon="12.0463100">
        <ele>2698.1620000</ele>
        <time>2008-07-19T11:23:17Z</time>
      </trkpt>
      <trkpt lat="46.5438710" lon="12.0463060">
        <ele>2698.4480000</ele>
        <time>2008-07-19T11:23:25Z</time>
      </trkpt>
      <trkpt lat="46.5438870" lon="12.0463360">
        <ele>2697.1810000</ele>
        <time>2008-07-19T11:23:33Z</time>
      </trkpt>
      <trkpt lat="46.5439250" lon="12.0463960">
        <ele>2704.2640000</ele>
        <time>2008-07-19T11:25:51Z</time>
      </trkpt>
      <trkpt lat="46.5439340" lon="12.0464050">
        <ele>2706.8110000</ele>
        <time>2008-07-19T11:26:05Z</time>
      </trkpt>
      <trkpt lat="46.5439470" lon="12.0464590">
        <ele>2708.6860000</ele>
        <time>2008-07-19T11:26:32Z</time>
      </trkpt>
      <trkpt lat="46.5439430" lon="12.0464590">
        <ele>2710.3200000</ele>
        <time>2008-07-19T11:26:42Z</time>
      </trkpt>
      <trkpt lat="46.5439500" lon="12.0465050">
        <ele>2712.6630000</ele>
        <time>2008-07-19T11:26:50Z</time>
      </trkpt>
      <trkpt lat="46.5439520" lon="12.0465350">
        <ele>2712.1090000</ele>
        <time>2008-07-19T11:26:59Z</time>
      </trkpt>
      <trkpt lat="46.5440270" lon="12.0466500">
        <ele>2711.8660000</ele>
        <time>2008-07-19T11:27:42Z</time>
      </trkpt>
      <trkpt lat="46.5440540" lon="12.0466580">
        <ele>2712.0760000</ele>
        <time>2008-07-19T11:27:50Z</time>
      </trkpt>
      <trkpt lat="46.5440550" lon="12.0466590">
        <ele>2712.0780000</ele>
        <time>2008-07-19T11:27:51Z</time>
      </trkpt>
      <trkpt lat="46.5441440" lon="12.0467090">
        <ele>2711.9890000</ele>
        <time>2008-07-19T11:28:06Z</time>
      </trkpt>
      <trkpt lat="46.5442820" lon="12.0467030">
        <ele>2711.5690000</ele>
        <time>2008-07-19T11:28:33Z</time>
      </trkpt>
      <trkpt lat="46.5443280" lon="12.0467060">
        <ele>2711.5840000</ele>
        <time>2008-07-19T11:28:39Z</time>
      </trkpt>
      <trkpt lat="46.5444340" lon="12.0465610">
        <ele>2717.2490000</ele>
        <time>2008-07-19T11:30:16Z</time>
      </trkpt>
      <trkpt lat="46.5445260" lon="12.0465370">
        <ele>2717.8160000</ele>
        <time>2008-07-19T11:30:33Z</time>
      </trkpt>
      <trkpt lat="46.5445370" lon="12.0465460">
        <ele>2717.8120000</ele>
        <time>2008-07-19T11:30:42Z</time>
      </trkpt>
      <trkpt lat="46.5445430" lon="12.0465530">
        <ele>2717.8290000</ele>
        <time>2008-07-19T11:30:52Z</time>
      </trkpt>
      <trkpt lat="46.5445550" lon="12.0465650">
        <ele>2718.7210000</ele>
        <time>2008-07-19T11:31:00Z</time>
      </trkpt>
      <trkpt lat="46.5445550" lon="12.0465640">
        <ele>2718.2440000</ele>
        <time>2008-07-19T11:31:12Z</time>
      </trkpt>
      <trkpt lat="46.5445740" lon="12.0465660">
        <ele>2719.6170000</ele>
        <time>2008-07-19T11:37:33Z</time>
      </trkpt>
      <trkpt lat="46.5445700" lon="12.0465570">
        <ele>2719.8440000</ele>
        <time>2008-07-19T11:37:43Z</time>
      </trkpt>
      <trkpt lat="46.5445700" lon="12.0465600">
        <ele>2719.5860000</ele>
        <time>2008-07-19T11:37:51Z</time>
      </trkpt>
      <trkpt lat="46.5445710" lon="12.0465600">
        <ele>2719.8900000</ele>
        <time>2008-07-19T11:38:02Z</time>
      </trkpt>
      <trkpt lat="46.5445730" lon="12.0465640">
        <ele>2719.4000000</ele>
        <time>2008-07-19T11:38:13Z</time>
      </trkpt>
      <trkpt lat="46.5445690" lon="12.0465860">
        <ele>2719.8080000</ele>
        <time>2008-07-19T11:38:20Z</time>
      </trkpt>
      <trkpt lat="46.5444950" lon="12.0467370">
        <ele>2717.8120000</ele>
        <time>2008-07-19T11:38:31Z</time>
      </trkpt>
      <trkpt lat="46.5444360" lon="12.0468040">
        <ele>2719.6410000</ele>
        <time>2008-07-19T11:38:39Z</time>
      </trkpt>
      <trkpt lat="46.5443720" lon="12.0468490">
        <ele>2719.7700000</ele>
        <time>2008-07-19T11:38:49Z</time>
      </trkpt>
      <trkpt lat="46.5442890" lon="12.0468280">
        <ele>2722.3980000</ele>
        <time>2008-07-19T11:39:06Z</time>
      </trkpt>
      <trkpt lat="46.5441840" lon="12.0468020">
        <ele>2724.3200000</ele>
        <time>2008-07-19T11:39:25Z</time>
      </trkpt>
      <trkpt lat="46.5436780" lon="12.0466160">
        <ele>2737.6660000</ele>
        <time>2008-07-19T11:41:26Z</time>
      </trkpt>
      <trkpt lat="46.5436180" lon="12.0465680">
        <ele>2740.8790000</ele>
        <time>2008-07-19T11:41:46Z</time>
      </trkpt>
      <trkpt lat="46.5436130" lon="12.0464720">
        <ele>2742.8930000</ele>
        <time>2008-07-19T11:41:59Z</time>
      </trkpt>
      <trkpt lat="46.5435970" lon="12.0464530">
        <ele>2743.9080000</ele>
        <time>2008-07-19T11:42:07Z</time>
      </trkpt>
      <trkpt lat="46.5435310" lon="12.0463200">
        <ele>2747.0370000</ele>
        <time>2008-07-19T11:42:41Z</time>
      </trkpt>
      <trkpt lat="46.5435140" lon="12.0462410">
        <ele>2750.4890000</ele>
        <time>2008-07-19T11:43:03Z</time>
      </trkpt>
      <trkpt lat="46.5434540" lon="12.0462120">
        <ele>2750.1180000</ele>
        <time>2008-07-19T11:43:10Z</time>
      </trkpt>
      <trkpt lat="46.5433780" lon="12.0461420">
        <ele>2750.4000000</ele>
        <time>2008-07-19T11:43:19Z</time>
      </trkpt>
      <trkpt lat="46.5433280" lon="12.0461110">
        <ele>2751.1430000</ele>
        <time>2008-07-19T11:43:27Z</time>
      </trkpt>
      <trkpt lat="46.5432830" lon="12.0461380">
        <ele>2751.9690000</ele>
        <time>2008-07-19T11:43:35Z</time>
      </trkpt>
      <trkpt lat="46.5432330" lon="12.0461540">
        <ele>2752.0540000</ele>
        <time>2008-07-19T11:43:43Z</time>
      </trkpt>
      <trkpt lat="46.5431900" lon="12.0461370">
        <ele>2752.4420000</ele>
        <time>2008-07-19T11:43:50Z</time>
      </trkpt>
      <trkpt lat="46.5431360" lon="12.0461030">
        <ele>2753.7050000</ele>
        <time>2008-07-19T11:43:59Z</time>
      </trkpt>
      <trkpt lat="46.5430960" lon="12.0460070">
        <ele>2756.8490000</ele>
        <time>2008-07-19T11:44:14Z</time>
      </trkpt>
      <trkpt lat="46.5429920" lon="12.0459900">
        <ele>2760.0900000</ele>
        <time>2008-07-19T11:44:39Z</time>
      </trkpt>
      <trkpt lat="46.5429560" lon="12.0459830">
        <ele>2761.1260000</ele>
        <time>2008-07-19T11:44:44Z</time>
      </trkpt>
      <trkpt lat="46.5429210" lon="12.0459600">
        <ele>2761.9770000</ele>
        <time>2008-07-19T11:44:50Z</time>
      </trkpt>
      <trkpt lat="46.5428820" lon="12.0459540">
        <ele>2762.6330000</ele>
        <time>2008-07-19T11:44:57Z</time>
      </trkpt>
      <trkpt lat="46.5428130" lon="12.0459790">
        <ele>2763.0810000</ele>
        <time>2008-07-19T11:45:08Z</time>
      </trkpt>
      <trkpt lat="46.5427900" lon="12.0459580">
        <ele>2764.2400000</ele>
        <time>2008-07-19T11:45:16Z</time>
      </trkpt>
      <trkpt lat="46.5427330" lon="12.0459100">
        <ele>2768.0120000</ele>
        <time>2008-07-19T11:45:44Z</time>
      </trkpt>
      <trkpt lat="46.5426980" lon="12.0459050">
        <ele>2769.2060000</ele>
        <time>2008-07-19T11:45:53Z</time>
      </trkpt>
      <trkpt lat="46.5426480" lon="12.0458310">
        <ele>2768.9490000</ele>
        <time>2008-07-19T11:46:07Z</time>
      </trkpt>
      <trkpt lat="46.5426370" lon="12.0458030">
        <ele>2768.2430000</ele>
        <time>2008-07-19T11:46:10Z</time>
      </trkpt>
      <trkpt lat="46.5425820" lon="12.0457540">
        <ele>2768.6150000</ele>
        <time>2008-07-19T11:46:18Z</time>
      </trkpt>
      <trkpt lat="46.5425440" lon="12.0457160">
        <ele>2769.2960000</ele>
        <time>2008-07-19T11:46:25Z</time>
      </trkpt>
      <trkpt lat="46.5425110" lon="12.0457130">
        <ele>2769.7900000</ele>
        <time>2008-07-19T11:46:32Z</time>
      </trkpt>
      <trkpt lat="46.5424640" lon="12.0457210">
        <ele>2770.2540000</ele>
        <time>2008-07-19T11:46:40Z</time>
      </trkpt>
      <trkpt lat="46.5424150" lon="12.0457690">
        <ele>2771.2400000</ele>
        <time>2008-07-19T11:46:49Z</time>
      </trkpt>
      <trkpt lat="46.5423950" lon="12.0457950">
        <ele>2771.2270000</ele>
        <time>2008-07-19T11:46:54Z</time>
      </trkpt>
      <trkpt lat="46.5422630" lon="12.0458200">
        <ele>2771.4840000</ele>
        <time>2008-07-19T11:47:43Z</time>
      </trkpt>
      <trkpt lat="46.5422070" lon="12.0458990">
        <ele>2771.7860000</ele>
        <time>2008-07-19T11:47:50Z</time>
      </trkpt>
      <trkpt lat="46.5421780" lon="12.0459990">
        <ele>2772.0530000</ele>
        <time>2008-07-19T11:47:59Z</time>
      </trkpt>
      <trkpt lat="46.5421750" lon="12.0460460">
        <ele>2772.4220000</ele>
        <time>2008-07-19T11:48:03Z</time>
      </trkpt>
      <trkpt lat="46.5421500" lon="12.0461350">
        <ele>2773.5940000</ele>
        <time>2008-07-19T11:48:10Z</time>
      </trkpt>
      <trkpt lat="46.5421520" lon="12.0461720">
        <ele>2774.2490000</ele>
        <time>2008-07-19T11:48:17Z</time>
      </trkpt>
      <trkpt lat="46.5421510" lon="12.0462220">
        <ele>2774.8120000</ele>
        <time>2008-07-19T11:48:27Z</time>
      </trkpt>
      <trkpt lat="46.5418320" lon="12.0461920">
        <ele>2796.1260000</ele>
        <time>2008-07-19T11:53:21Z</time>
      </trkpt>
      <trkpt lat="46.5418240" lon="12.0461780">
        <ele>2795.8770000</ele>
        <time>2008-07-19T11:53:28Z</time>
      </trkpt>
      <trkpt lat="46.5418000" lon="12.0461810">
        <ele>2797.6820000</ele>
        <time>2008-07-19T11:53:38Z</time>
      </trkpt>
      <trkpt lat="46.5417570" lon="12.0461820">
        <ele>2801.0490000</ele>
        <time>2008-07-19T11:54:50Z</time>
      </trkpt>
      <trkpt lat="46.5417420" lon="12.0462100">
        <ele>2802.5390000</ele>
        <time>2008-07-19T11:55:16Z</time>
      </trkpt>
      <trkpt lat="46.5417270" lon="12.0462850">
        <ele>2818.0130000</ele>
        <time>2008-07-19T12:00:13Z</time>
      </trkpt>
      <trkpt lat="46.5417320" lon="12.0462920">
        <ele>2818.8870000</ele>
        <time>2008-07-19T12:00:25Z</time>
      </trkpt>
      <trkpt lat="46.5417270" lon="12.0462980">
        <ele>2819.3600000</ele>
        <time>2008-07-19T12:00:45Z</time>
      </trkpt>
      <trkpt lat="46.5417190" lon="12.0463390">
        <ele>2821.3720000</ele>
        <time>2008-07-19T12:00:58Z</time>
      </trkpt>
      <trkpt lat="46.5417080" lon="12.0463870">
        <ele>2821.7810000</ele>
        <time>2008-07-19T12:01:12Z</time>
      </trkpt>
      <trkpt lat="46.5416970" lon="12.0464010">
        <ele>2821.1230000</ele>
        <time>2008-07-19T12:01:24Z</time>
      </trkpt>
      <trkpt lat="46.5416930" lon="12.0464450">
        <ele>2824.6400000</ele>
        <time>2008-07-19T12:01:48Z</time>
      </trkpt>
      <trkpt lat="46.5416900" lon="12.0465070">
        <ele>2825.6530000</ele>
        <time>2008-07-19T12:01:54Z</time>
      </trkpt>
      <trkpt lat="46.5416820" lon="12.0465470">
        <ele>2831.9090000</ele>
        <time>2008-07-19T12:02:58Z</time>
      </trkpt>
      <trkpt lat="46.5416840" lon="12.0465670">
        <ele>2833.7950000</ele>
        <time>2008-07-19T12:03:17Z</time>
      </trkpt>
      <trkpt lat="46.5416860" lon="12.0465660">
        <ele>2834.9980000</ele>
        <time>2008-07-19T12:03:25Z</time>
      </trkpt>
      <trkpt lat="46.5417020" lon="12.0465720">
        <ele>2837.6530000</ele>
        <time>2008-07-19T12:05:05Z</time>
      </trkpt>
      <trkpt lat="46.5417310" lon="12.0465730">
        <ele>2841.0770000</ele>
        <time>2008-07-19T12:05:40Z</time>
      </trkpt>
      <trkpt lat="46.5417410" lon="12.0465880">
        <ele>2844.2280000</ele>
        <time>2008-07-19T12:05:58Z</time>
      </trkpt>
      <trkpt lat="46.5417390" lon="12.0465850">
        <ele>2844.1800000</ele>
        <time>2008-07-19T12:06:02Z</time>
      </trkpt>
      <trkpt lat="46.5417420" lon="12.0466420">
        <ele>2845.5980000</ele>
        <time>2008-07-19T12:06:10Z</time>
      </trkpt>
      <trkpt lat="46.5417210" lon="12.0466980">
        <ele>2847.2100000</ele>
        <time>2008-07-19T12:06:32Z</time>
      </trkpt>
      <trkpt lat="46.5416720" lon="12.0467410">
        <ele>2853.3230000</ele>
        <time>2008-07-19T12:07:54Z</time>
      </trkpt>
      <trkpt lat="46.5417030" lon="12.0468940">
        <ele>2856.6290000</ele>
        <time>2008-07-19T12:08:26Z</time>
      </trkpt>
      <trkpt lat="46.5417010" lon="12.0469120">
        <ele>2857.3210000</ele>
        <time>2008-07-19T12:08:28Z</time>
      </trkpt>
      <trkpt lat="46.5416800" lon="12.0470520">
        <ele>2857.8280000</ele>
        <time>2008-07-19T12:08:43Z</time>
      </trkpt>
      <trkpt lat="46.5416780" lon="12.0471070">
        <ele>2859.3870000</ele>
        <time>2008-07-19T12:08:50Z</time>
      </trkpt>
      <trkpt lat="46.5416450" lon="12.0471220">
        <ele>2861.2250000</ele>
        <time>2008-07-19T12:09:16Z</time>
      </trkpt>
      <trkpt lat="46.5416330" lon="12.0472050">
        <ele>2863.9570000</ele>
        <time>2008-07-19T12:09:44Z</time>
      </trkpt>
      <trkpt lat="46.5415970" lon="12.0471820">
        <ele>2886.5850000</ele>
        <time>2008-07-19T12:15:05Z</time>
      </trkpt>
      <trkpt lat="46.5415510" lon="12.0472100">
        <ele>2889.7040000</ele>
        <time>2008-07-19T12:15:43Z</time>
      </trkpt>
      <trkpt lat="46.5414400" lon="12.0471900">
        <ele>2892.8310000</ele>
        <time>2008-07-19T12:16:48Z</time>
      </trkpt>
      <trkpt lat="46.5414460" lon="12.0471950">
        <ele>2893.8170000</ele>
        <time>2008-07-19T12:16:50Z</time>
      </trkpt>
      <trkpt lat="46.5414390" lon="12.0472190">
        <ele>2895.0170000</ele>
        <time>2008-07-19T12:16:58Z</time>
      </trkpt>
      <trkpt lat="46.5414320" lon="12.0472430">
        <ele>2898.1710000</ele>
        <time>2008-07-19T12:17:25Z</time>
      </trkpt>
      <trkpt lat="46.5414680" lon="12.0472780">
        <ele>2901.0500000</ele>
        <time>2008-07-19T12:17:47Z</time>
      </trkpt>
      <trkpt lat="46.5414610" lon="12.0473020">
        <ele>2904.1960000</ele>
        <time>2008-07-19T12:18:10Z</time>
      </trkpt>
      <trkpt lat="46.5414020" lon="12.0473090">
        <ele>2907.9440000</ele>
        <time>2008-07-19T12:19:09Z</time>
      </trkpt>
      <trkpt lat="46.5413990" lon="12.0473100">
        <ele>2907.9450000</ele>
        <time>2008-07-19T12:19:10Z</time>
      </trkpt>
      <trkpt lat="46.5412290" lon="12.0472800">
        <ele>2918.8090000</ele>
        <time>2008-07-19T12:22:18Z</time>
      </trkpt>
      <trkpt lat="46.5411120" lon="12.0473460">
        <ele>2923.9630000</ele>
        <time>2008-07-19T12:23:06Z</time>
      </trkpt>
      <trkpt lat="46.5411000" lon="12.0473880">
        <ele>2924.6460000</ele>
        <time>2008-07-19T12:23:13Z</time>
      </trkpt>
      <trkpt lat="46.5410980" lon="12.0473980">
        <ele>2931.2760000</ele>
        <time>2008-07-19T12:24:08Z</time>
      </trkpt>
      <trkpt lat="46.5410610" lon="12.0473950">
        <ele>2931.3660000</ele>
        <time>2008-07-19T12:24:15Z</time>
      </trkpt>
      <trkpt lat="46.5410320" lon="12.0473210">
        <ele>2930.8670000</ele>
        <time>2008-07-19T12:24:22Z</time>
      </trkpt>
      <trkpt lat="46.5409490" lon="12.0472680">
        <ele>2931.6760000</ele>
        <time>2008-07-19T12:24:46Z</time>
      </trkpt>
      <trkpt lat="46.5409280" lon="12.0472050">
        <ele>2931.9980000</ele>
        <time>2008-07-19T12:24:52Z</time>
      </trkpt>
      <trkpt lat="46.5408870" lon="12.0471610">
        <ele>2933.4350000</ele>
        <time>2008-07-19T12:24:58Z</time>
      </trkpt>
      <trkpt lat="46.5408170" lon="12.0471550">
        <ele>2934.8840000</ele>
        <time>2008-07-19T12:25:02Z</time>
      </trkpt>
      <trkpt lat="46.5406700" lon="12.0471090">
        <ele>2939.2630000</ele>
        <time>2008-07-19T12:32:12Z</time>
      </trkpt>
      <trkpt lat="46.5405760" lon="12.0470380">
        <ele>2942.2810000</ele>
        <time>2008-07-19T12:33:19Z</time>
      </trkpt>
      <trkpt lat="46.5405500" lon="12.0470470">
        <ele>2942.5030000</ele>
        <time>2008-07-19T12:33:24Z</time>
      </trkpt>
      <trkpt lat="46.5405130" lon="12.0470360">
        <ele>2950.2300000</ele>
        <time>2008-07-19T12:37:03Z</time>
      </trkpt>
      <trkpt lat="46.5404800" lon="12.0470100">
        <ele>2953.4810000</ele>
        <time>2008-07-19T12:37:12Z</time>
      </trkpt>
      <trkpt lat="46.5404760" lon="12.0470120">
        <ele>2953.7730000</ele>
        <time>2008-07-19T12:37:13Z</time>
      </trkpt>
      <trkpt lat="46.5404760" lon="12.0470350">
        <ele>2953.1790000</ele>
        <time>2008-07-19T12:37:29Z</time>
      </trkpt>
      <trkpt lat="46.5404740" lon="12.0470620">
        <ele>2956.3020000</ele>
        <time>2008-07-19T12:37:45Z</time>
      </trkpt>
      <trkpt lat="46.5404290" lon="12.0470730">
        <ele>2957.7300000</ele>
        <time>2008-07-19T12:38:18Z</time>
      </trkpt>
      <trkpt lat="46.5404070" lon="12.0470740">
        <ele>2967.6190000</ele>
        <time>2008-07-19T12:39:52Z</time>
      </trkpt>
      <trkpt lat="46.5404020" lon="12.0470760">
        <ele>2967.4160000</ele>
        <time>2008-07-19T12:39:53Z</time>
      </trkpt>
      <trkpt lat="46.5403790" lon="12.0470880">
        <ele>2968.1240000</ele>
        <time>2008-07-19T12:40:05Z</time>
      </trkpt>
      <trkpt lat="46.5403450" lon="12.0470760">
        <ele>2968.7350000</ele>
        <time>2008-07-19T12:40:15Z</time>
      </trkpt>
      <trkpt lat="46.5403430" lon="12.0470600">
        <ele>2970.6560000</ele>
        <time>2008-07-19T12:40:38Z</time>
      </trkpt>
      <trkpt lat="46.5403300" lon="12.0470330">
        <ele>2971.3070000</ele>
        <time>2008-07-19T12:40:55Z</time>
      </trkpt>
      <trkpt lat="46.5403130" lon="12.0470240">
        <ele>2973.0100000</ele>
        <time>2008-07-19T12:42:03Z</time>
      </trkpt>
      <trkpt lat="46.5402890" lon="12.0470290">
        <ele>2976.5750000</ele>
        <time>2008-07-19T12:42:39Z</time>
      </trkpt>
      <trkpt lat="46.5402790" lon="12.0470280">
        <ele>2978.0750000</ele>
        <time>2008-07-19T12:42:45Z</time>
      </trkpt>
      <trkpt lat="46.5402710" lon="12.0470110">
        <ele>2980.6700000</ele>
        <time>2008-07-19T12:45:12Z</time>
      </trkpt>
      <trkpt lat="46.5402700" lon="12.0470220">
        <ele>2983.6950000</ele>
        <time>2008-07-19T12:46:08Z</time>
      </trkpt>
      <trkpt lat="46.5402610" lon="12.0470600">
        <ele>2986.7990000</ele>
        <time>2008-07-19T12:47:02Z</time>
      </trkpt>
      <trkpt lat="46.5402470" lon="12.0470680">
        <ele>2989.3620000</ele>
        <time>2008-07-19T12:47:51Z</time>
      </trkpt>
      <trkpt lat="46.5402270" lon="12.0470990">
        <ele>2991.7160000</ele>
        <time>2008-07-19T12:50:05Z</time>
      </trkpt>
      <trkpt lat="46.5402200" lon="12.0470910">
        <ele>2992.8780000</ele>
        <time>2008-07-19T12:50:15Z</time>
      </trkpt>
      <trkpt lat="46.5402230" lon="12.0470830">
        <ele>2992.7480000</ele>
        <time>2008-07-19T12:50:23Z</time>
      </trkpt>
      <trkpt lat="46.5402100" lon="12.0470790">
        <ele>2995.4990000</ele>
        <time>2008-07-19T12:51:05Z</time>
      </trkpt>
      <trkpt lat="46.5402100" lon="12.0470750">
        <ele>2997.1800000</ele>
        <time>2008-07-19T12:51:29Z</time>
      </trkpt>
      <trkpt lat="46.5402060" lon="12.0470820">
        <ele>2998.1460000</ele>
        <time>2008-07-19T12:51:31Z</time>
      </trkpt>
      <trkpt lat="46.5402020" lon="12.0470910">
        <ele>2998.3550000</ele>
        <time>2008-07-19T12:51:42Z</time>
      </trkpt>
      <trkpt lat="46.5401900" lon="12.0471140">
        <ele>2999.2970000</ele>
        <time>2008-07-19T12:51:49Z</time>
      </trkpt>
      <trkpt lat="46.5401730" lon="12.0471250">
        <ele>3000.5900000</ele>
        <time>2008-07-19T12:51:54Z</time>
      </trkpt>
      <trkpt lat="46.5401740" lon="12.0471290">
        <ele>3003.8050000</ele>
        <time>2008-07-19T12:52:45Z</time>
      </trkpt>
      <trkpt lat="46.5401460" lon="12.0471620">
        <ele>3006.6700000</ele>
        <time>2008-07-19T12:53:08Z</time>
      </trkpt>
      <trkpt lat="46.5401410" lon="12.0471760">
        <ele>3009.8630000</ele>
        <time>2008-07-19T12:53:38Z</time>
      </trkpt>
      <trkpt lat="46.5401240" lon="12.0471960">
        <ele>3010.0680000</ele>
        <time>2008-07-19T12:53:45Z</time>
      </trkpt>
      <trkpt lat="46.5401120" lon="12.0471890">
        <ele>3010.8470000</ele>
        <time>2008-07-19T12:53:54Z</time>
      </trkpt>
      <trkpt lat="46.5400960" lon="12.0471640">
        <ele>3013.7880000</ele>
        <time>2008-07-19T12:54:26Z</time>
      </trkpt>
      <trkpt lat="46.5400650" lon="12.0471720">
        <ele>3014.1410000</ele>
        <time>2008-07-19T12:54:34Z</time>
      </trkpt>
      <trkpt lat="46.5400420" lon="12.0471850">
        <ele>3014.9000000</ele>
        <time>2008-07-19T12:54:41Z</time>
      </trkpt>
      <trkpt lat="46.5400430" lon="12.0471950">
        <ele>3015.8720000</ele>
        <time>2008-07-19T12:56:07Z</time>
      </trkpt>
      <trkpt lat="46.5400160" lon="12.0472340">
        <ele>3017.6640000</ele>
        <time>2008-07-19T12:56:23Z</time>
      </trkpt>
      <trkpt lat="46.5400360" lon="12.0472570">
        <ele>3018.0260000</ele>
        <time>2008-07-19T12:56:30Z</time>
      </trkpt>
      <trkpt lat="46.5400370" lon="12.0473000">
        <ele>3019.2350000</ele>
        <time>2008-07-19T12:56:39Z</time>
      </trkpt>
      <trkpt lat="46.5400270" lon="12.0473070">
        <ele>3020.7140000</ele>
        <time>2008-07-19T12:56:42Z</time>
      </trkpt>
      <trkpt lat="46.5400090" lon="12.0473270">
        <ele>3021.1570000</ele>
        <time>2008-07-19T12:56:51Z</time>
      </trkpt>
      <trkpt lat="46.5400000" lon="12.0473450">
        <ele>3022.4600000</ele>
        <time>2008-07-19T12:56:58Z</time>
      </trkpt>
      <trkpt lat="46.5399840" lon="12.0473730">
        <ele>3021.9010000</ele>
        <time>2008-07-19T12:58:07Z</time>
      </trkpt>
      <trkpt lat="46.5399740" lon="12.0474080">
        <ele>3023.7940000</ele>
        <time>2008-07-19T12:58:14Z</time>
      </trkpt>
      <trkpt lat="46.5399680" lon="12.0474160">
        <ele>3024.9980000</ele>
        <time>2008-07-19T12:58:16Z</time>
      </trkpt>
      <trkpt lat="46.5399580" lon="12.0474510">
        <ele>3026.4640000</ele>
        <time>2008-07-19T12:58:24Z</time>
      </trkpt>
      <trkpt lat="46.5399390" lon="12.0474860">
        <ele>3027.7360000</ele>
        <time>2008-07-19T12:58:34Z</time>
      </trkpt>
      <trkpt lat="46.5399260" lon="12.0475260">
        <ele>3028.7720000</ele>
        <time>2008-07-19T12:58:43Z</time>
      </trkpt>
      <trkpt lat="46.5398950" lon="12.0475660">
        <ele>3029.6630000</ele>
        <time>2008-07-19T12:58:52Z</time>
      </trkpt>
      <trkpt lat="46.5398620" lon="12.0476200">
        <ele>3030.4980000</ele>
        <time>2008-07-19T12:59:04Z</time>
      </trkpt>
      <trkpt lat="46.5398300" lon="12.0476610">
        <ele>3032.1670000</ele>
        <time>2008-07-19T12:59:12Z</time>
      </trkpt>
      <trkpt lat="46.5397890" lon="12.0477010">
        <ele>3032.1510000</ele>
        <time>2008-07-19T12:59:20Z</time>
      </trkpt>
      <trkpt lat="46.5397690" lon="12.0477360">
        <ele>3033.3870000</ele>
        <time>2008-07-19T12:59:28Z</time>
      </trkpt>
      <trkpt lat="46.5397440" lon="12.0477720">
        <ele>3035.4860000</ele>
        <time>2008-07-19T12:59:38Z</time>
      </trkpt>
      <trkpt lat="46.5397290" lon="12.0477950">
        <ele>3036.2540000</ele>
        <time>2008-07-19T12:59:46Z</time>
      </trkpt>
      <trkpt lat="46.5397060" lon="12.0478210">
        <ele>3036.8510000</ele>
        <time>2008-07-19T12:59:54Z</time>
      </trkpt>
      <trkpt lat="46.5397170" lon="12.0478420">
        <ele>3038.0450000</ele>
        <time>2008-07-19T13:00:02Z</time>
      </trkpt>
      <trkpt lat="46.5397560" lon="12.0478320">
        <ele>3038.5860000</ele>
        <time>2008-07-19T13:00:10Z</time>
      </trkpt>
      <trkpt lat="46.5398190" lon="12.0478250">
        <ele>3039.8640000</ele>
        <time>2008-07-19T13:00:24Z</time>
      </trkpt>
      <trkpt lat="46.5398920" lon="12.0478100">
        <ele>3041.5000000</ele>
        <time>2008-07-19T13:00:36Z</time>
      </trkpt>
      <trkpt lat="46.5399590" lon="12.0477820">
        <ele>3042.6490000</ele>
        <time>2008-07-19T13:00:47Z</time>
      </trkpt>
      <trkpt lat="46.5400080" lon="12.0477700">
        <ele>3043.2010000</ele>
        <time>2008-07-19T13:00:56Z</time>
      </trkpt>
      <trkpt lat="46.5400550" lon="12.0477590">
        <ele>3044.2870000</ele>
        <time>2008-07-19T13:01:05Z</time>
      </trkpt>
      <trkpt lat="46.5400750" lon="12.0477460">
        <ele>3043.9820000</ele>
        <time>2008-07-19T13:01:14Z</time>
      </trkpt>
      <trkpt lat="46.5400610" lon="12.0477950">
        <ele>3045.2120000</ele>
        <time>2008-07-19T13:01:22Z</time>
      </trkpt>
      <trkpt lat="46.5400490" lon="12.0478340">
        <ele>3044.8660000</ele>
        <time>2008-07-19T13:01:31Z</time>
      </trkpt>
      <trkpt lat="46.5400190" lon="12.0478700">
        <ele>3045.7650000</ele>
        <time>2008-07-19T13:01:39Z</time>
      </trkpt>
      <trkpt lat="46.5399850" lon="12.0479050">
        <ele>3047.3420000</ele>
        <time>2008-07-19T13:01:48Z</time>
      </trkpt>
      <trkpt lat="46.5399640" lon="12.0479110">
        <ele>3049.4120000</ele>
        <time>2008-07-19T13:01:55Z</time>
      </trkpt>
      <trkpt lat="46.5399350" lon="12.0479620">
        <ele>3050.4280000</ele>
        <time>2008-07-19T13:02:04Z</time>
      </trkpt>
      <trkpt lat="46.5399150" lon="12.0479950">
        <ele>3052.2200000</ele>
        <time>2008-07-19T13:02:12Z</time>
      </trkpt>
      <trkpt lat="46.5398870" lon="12.0480280">
        <ele>3053.2870000</ele>
        <time>2008-07-19T13:02:21Z</time>
      </trkpt>
      <trkpt lat="46.5398650" lon="12.0480700">
        <ele>3054.1340000</ele>
        <time>2008-07-19T13:02:31Z</time>
      </trkpt>
      <trkpt lat="46.5398520" lon="12.0480970">
        <ele>3055.2960000</ele>
        <time>2008-07-19T13:02:38Z</time>
      </trkpt>
      <trkpt lat="46.5398250" lon="12.0481090">
        <ele>3055.8500000</ele>
        <time>2008-07-19T13:02:45Z</time>
      </trkpt>
      <trkpt lat="46.5398000" lon="12.0481300">
        <ele>3056.4650000</ele>
        <time>2008-07-19T13:02:52Z</time>
      </trkpt>
      <trkpt lat="46.5397620" lon="12.0481810">
        <ele>3057.3300000</ele>
        <time>2008-07-19T13:03:02Z</time>
      </trkpt>
      <trkpt lat="46.5397240" lon="12.0482370">
        <ele>3059.1320000</ele>
        <time>2008-07-19T13:03:10Z</time>
      </trkpt>
      <trkpt lat="46.5397150" lon="12.0482400">
        <ele>3059.8930000</ele>
        <time>2008-07-19T13:03:27Z</time>
      </trkpt>
      <trkpt lat="46.5396760" lon="12.0482810">
        <ele>3060.5450000</ele>
        <time>2008-07-19T13:03:37Z</time>
      </trkpt>
      <trkpt lat="46.5396660" lon="12.0482990">
        <ele>3060.8320000</ele>
        <time>2008-07-19T13:03:46Z</time>
      </trkpt>
      <trkpt lat="46.5396350" lon="12.0483120">
        <ele>3061.6790000</ele>
        <time>2008-07-19T13:03:54Z</time>
      </trkpt>
      <trkpt lat="46.5396000" lon="12.0483510">
        <ele>3062.1810000</ele>
        <time>2008-07-19T13:04:04Z</time>
      </trkpt>
      <trkpt lat="46.5395610" lon="12.0483180">
        <ele>3061.9910000</ele>
        <time>2008-07-19T13:04:19Z</time>
      </trkpt>
      <trkpt lat="46.5395490" lon="12.0483230">
        <ele>3062.5850000</ele>
        <time>2008-07-19T13:04:47Z</time>
      </trkpt>
      <trkpt lat="46.5395350" lon="12.0483480">
        <ele>3062.7610000</ele>
        <time>2008-07-19T13:04:54Z</time>
      </trkpt>
      <trkpt lat="46.5395300" lon="12.0483910">
        <ele>3064.6870000</ele>
        <time>2008-07-19T13:05:03Z</time>
      </trkpt>
      <trkpt lat="46.5395150" lon="12.0484000">
        <ele>3064.4840000</ele>
        <time>2008-07-19T13:05:12Z</time>
      </trkpt>
      <trkpt lat="46.5395060" lon="12.0484310">
        <ele>3065.5260000</ele>
        <time>2008-07-19T13:05:23Z</time>
      </trkpt>
      <trkpt lat="46.5394940" lon="12.0484560">
        <ele>3066.2900000</ele>
        <time>2008-07-19T13:05:32Z</time>
      </trkpt>
      <trkpt lat="46.5394780" lon="12.0484860">
        <ele>3067.3500000</ele>
        <time>2008-07-19T13:05:39Z</time>
      </trkpt>
      <trkpt lat="46.5394460" lon="12.0484810">
        <ele>3068.5410000</ele>
        <time>2008-07-19T13:05:47Z</time>
      </trkpt>
      <trkpt lat="46.5394410" lon="12.0485240">
        <ele>3069.4400000</ele>
        <time>2008-07-19T13:05:58Z</time>
      </trkpt>
      <trkpt lat="46.5394200" lon="12.0485350">
        <ele>3070.7960000</ele>
        <time>2008-07-19T13:06:05Z</time>
      </trkpt>
      <trkpt lat="46.5394190" lon="12.0485690">
        <ele>3071.8330000</ele>
        <time>2008-07-19T13:06:10Z</time>
      </trkpt>
      <trkpt lat="46.5393790" lon="12.0485640">
        <ele>3073.3680000</ele>
        <time>2008-07-19T13:06:20Z</time>
      </trkpt>
      <trkpt lat="46.5393590" lon="12.0485860">
        <ele>3073.4640000</ele>
        <time>2008-07-19T13:06:29Z</time>
      </trkpt>
      <trkpt lat="46.5393710" lon="12.0486220">
        <ele>3074.3330000</ele>
        <time>2008-07-19T13:06:38Z</time>
      </trkpt>
      <trkpt lat="46.5393460" lon="12.0486390">
        <ele>3075.7090000</ele>
        <time>2008-07-19T13:06:46Z</time>
      </trkpt>
      <trkpt lat="46.5393140" lon="12.0486490">
        <ele>3077.0150000</ele>
        <time>2008-07-19T13:06:56Z</time>
      </trkpt>
      <trkpt lat="46.5393180" lon="12.0486910">
        <ele>3077.6610000</ele>
        <time>2008-07-19T13:07:05Z</time>
      </trkpt>
      <trkpt lat="46.5392980" lon="12.0487010">
        <ele>3078.4460000</ele>
        <time>2008-07-19T13:07:13Z</time>
      </trkpt>
      <trkpt lat="46.5392870" lon="12.0487250">
        <ele>3079.1460000</ele>
        <time>2008-07-19T13:07:21Z</time>
      </trkpt>
      <trkpt lat="46.5392720" lon="12.0487620">
        <ele>3080.2590000</ele>
        <time>2008-07-19T13:07:30Z</time>
      </trkpt>
      <trkpt lat="46.5392410" lon="12.0487950">
        <ele>3080.9980000</ele>
        <time>2008-07-19T13:07:40Z</time>
      </trkpt>
      <trkpt lat="46.5392300" lon="12.0488350">
        <ele>3082.0220000</ele>
        <time>2008-07-19T13:07:49Z</time>
      </trkpt>
      <trkpt lat="46.5391950" lon="12.0488410">
        <ele>3082.7140000</ele>
        <time>2008-07-19T13:07:59Z</time>
      </trkpt>
      <trkpt lat="46.5391540" lon="12.0488530">
        <ele>3085.3630000</ele>
        <time>2008-07-19T13:08:09Z</time>
      </trkpt>
      <trkpt lat="46.5391120" lon="12.0488510">
        <ele>3086.4980000</ele>
        <time>2008-07-19T13:08:19Z</time>
      </trkpt>
      <trkpt lat="46.5390830" lon="12.0488500">
        <ele>3087.3740000</ele>
        <time>2008-07-19T13:08:26Z</time>
      </trkpt>
      <trkpt lat="46.5390670" lon="12.0488530">
        <ele>3088.3250000</ele>
        <time>2008-07-19T13:08:35Z</time>
      </trkpt>
      <trkpt lat="46.5390350" lon="12.0488470">
        <ele>3088.3320000</ele>
        <time>2008-07-19T13:08:50Z</time>
      </trkpt>
      <trkpt lat="46.5390180" lon="12.0488670">
        <ele>3088.1530000</ele>
        <time>2008-07-19T13:09:00Z</time>
      </trkpt>
      <trkpt lat="46.5390360" lon="12.0489080">
        <ele>3088.4410000</ele>
        <time>2008-07-19T13:09:10Z</time>
      </trkpt>
      <trkpt lat="46.5390420" lon="12.0489450">
        <ele>3089.3780000</ele>
        <time>2008-07-19T13:09:18Z</time>
      </trkpt>
      <trkpt lat="46.5390450" lon="12.0489600">
        <ele>3090.2520000</ele>
        <time>2008-07-19T13:09:25Z</time>
      </trkpt>
      <trkpt lat="46.5390470" lon="12.0490040">
        <ele>3091.4190000</ele>
        <time>2008-07-19T13:09:31Z</time>
      </trkpt>
      <trkpt lat="46.5390140" lon="12.0489870">
        <ele>3092.2930000</ele>
        <time>2008-07-19T13:09:39Z</time>
      </trkpt>
      <trkpt lat="46.5389810" lon="12.0489860">
        <ele>3093.6640000</ele>
        <time>2008-07-19T13:09:53Z</time>
      </trkpt>
      <trkpt lat="46.5389550" lon="12.0489870">
        <ele>3094.8880000</ele>
        <time>2008-07-19T13:10:00Z</time>
      </trkpt>
      <trkpt lat="46.5389280" lon="12.0489870">
        <ele>3096.5100000</ele>
        <time>2008-07-19T13:10:07Z</time>
      </trkpt>
      <trkpt lat="46.5389110" lon="12.0489850">
        <ele>3096.6050000</ele>
        <time>2008-07-19T13:10:16Z</time>
      </trkpt>
      <trkpt lat="46.5388910" lon="12.0489840">
        <ele>3099.0170000</ele>
        <time>2008-07-19T13:10:47Z</time>
      </trkpt>
      <trkpt lat="46.5388540" lon="12.0489840">
        <ele>3098.9220000</ele>
        <time>2008-07-19T13:10:56Z</time>
      </trkpt>
      <trkpt lat="46.5388190" lon="12.0489650">
        <ele>3099.2080000</ele>
        <time>2008-07-19T13:11:03Z</time>
      </trkpt>
      <trkpt lat="46.5387800" lon="12.0489540">
        <ele>3101.2250000</ele>
        <time>2008-07-19T13:11:13Z</time>
      </trkpt>
      <trkpt lat="46.5387630" lon="12.0489490">
        <ele>3101.8750000</ele>
        <time>2008-07-19T13:11:20Z</time>
      </trkpt>
      <trkpt lat="46.5387330" lon="12.0489370">
        <ele>3102.7330000</ele>
        <time>2008-07-19T13:11:27Z</time>
      </trkpt>
      <trkpt lat="46.5387030" lon="12.0489270">
        <ele>3104.1770000</ele>
        <time>2008-07-19T13:11:36Z</time>
      </trkpt>
      <trkpt lat="46.5386800" lon="12.0489260">
        <ele>3104.9270000</ele>
        <time>2008-07-19T13:11:45Z</time>
      </trkpt>
      <trkpt lat="46.5386610" lon="12.0489290">
        <ele>3105.2950000</ele>
        <time>2008-07-19T13:11:52Z</time>
      </trkpt>
      <trkpt lat="46.5386510" lon="12.0489410">
        <ele>3105.5730000</ele>
        <time>2008-07-19T13:11:59Z</time>
      </trkpt>
      <trkpt lat="46.5386220" lon="12.0489320">
        <ele>3106.0350000</ele>
        <time>2008-07-19T13:12:06Z</time>
      </trkpt>
      <trkpt lat="46.5385810" lon="12.0489260">
        <ele>3107.7730000</ele>
        <time>2008-07-19T13:12:15Z</time>
      </trkpt>
      <trkpt lat="46.5385370" lon="12.0488980">
        <ele>3108.3810000</ele>
        <time>2008-07-19T13:12:24Z</time>
      </trkpt>
      <trkpt lat="46.5384970" lon="12.0488840">
        <ele>3109.3690000</ele>
        <time>2008-07-19T13:12:33Z</time>
      </trkpt>
      <trkpt lat="46.5384730" lon="12.0488830">
        <ele>3109.2760000</ele>
        <time>2008-07-19T13:12:40Z</time>
      </trkpt>
      <trkpt lat="46.5384600" lon="12.0488830">
        <ele>3109.6670000</ele>
        <time>2008-07-19T13:12:50Z</time>
      </trkpt>
      <trkpt lat="46.5384360" lon="12.0488720">
        <ele>3110.6760000</ele>
        <time>2008-07-19T13:12:58Z</time>
      </trkpt>
      <trkpt lat="46.5383970" lon="12.0488760">
        <ele>3111.5130000</ele>
        <time>2008-07-19T13:13:07Z</time>
      </trkpt>
      <trkpt lat="46.5383560" lon="12.0488750">
        <ele>3112.3930000</ele>
        <time>2008-07-19T13:13:17Z</time>
      </trkpt>
      <trkpt lat="46.5383430" lon="12.0488860">
        <ele>3113.8960000</ele>
        <time>2008-07-19T13:13:25Z</time>
      </trkpt>
      <trkpt lat="46.5383610" lon="12.0489080">
        <ele>3114.4820000</ele>
        <time>2008-07-19T13:13:33Z</time>
      </trkpt>
      <trkpt lat="46.5383880" lon="12.0489350">
        <ele>3116.0220000</ele>
        <time>2008-07-19T13:13:42Z</time>
      </trkpt>
      <trkpt lat="46.5384040" lon="12.0489510">
        <ele>3116.9460000</ele>
        <time>2008-07-19T13:13:49Z</time>
      </trkpt>
      <trkpt lat="46.5384140" lon="12.0489730">
        <ele>3117.1920000</ele>
        <time>2008-07-19T13:13:56Z</time>
      </trkpt>
      <trkpt lat="46.5384340" lon="12.0490130">
        <ele>3118.6610000</ele>
        <time>2008-07-19T13:14:06Z</time>
      </trkpt>
      <trkpt lat="46.5384110" lon="12.0490170">
        <ele>3118.9510000</ele>
        <time>2008-07-19T13:14:14Z</time>
      </trkpt>
      <trkpt lat="46.5383790" lon="12.0490340">
        <ele>3120.5000000</ele>
        <time>2008-07-19T13:14:24Z</time>
      </trkpt>
      <trkpt lat="46.5383560" lon="12.0490330">
        <ele>3121.0860000</ele>
        <time>2008-07-19T13:14:31Z</time>
      </trkpt>
      <trkpt lat="46.5383280" lon="12.0490410">
        <ele>3122.2680000</ele>
        <time>2008-07-19T13:14:39Z</time>
      </trkpt>
      <trkpt lat="46.5383250" lon="12.0490420">
        <ele>3122.2830000</ele>
        <time>2008-07-19T13:14:54Z</time>
      </trkpt>
      <trkpt lat="46.5383020" lon="12.0490480">
        <ele>3123.1390000</ele>
        <time>2008-07-19T13:15:07Z</time>
      </trkpt>
      <trkpt lat="46.5382780" lon="12.0490570">
        <ele>3123.7380000</ele>
        <time>2008-07-19T13:15:15Z</time>
      </trkpt>
      <trkpt lat="46.5382590" lon="12.0490650">
        <ele>3125.9040000</ele>
        <time>2008-07-19T13:15:25Z</time>
      </trkpt>
      <trkpt lat="46.5382490" lon="12.0490860">
        <ele>3126.2050000</ele>
        <time>2008-07-19T13:15:33Z</time>
      </trkpt>
      <trkpt lat="46.5382300" lon="12.0490850">
        <ele>3127.0950000</ele>
        <time>2008-07-19T13:15:40Z</time>
      </trkpt>
      <trkpt lat="46.5382320" lon="12.0490870">
        <ele>3126.9540000</ele>
        <time>2008-07-19T13:15:51Z</time>
      </trkpt>
      <trkpt lat="46.5382320" lon="12.0490880">
        <ele>3127.1090000</ele>
        <time>2008-07-19T13:16:17Z</time>
      </trkpt>
      <trkpt lat="46.5382390" lon="12.0491000">
        <ele>3127.8160000</ele>
        <time>2008-07-19T13:16:24Z</time>
      </trkpt>
      <trkpt lat="46.5382350" lon="12.0490990">
        <ele>3127.4560000</ele>
        <time>2008-07-19T13:16:35Z</time>
      </trkpt>
      <trkpt lat="46.5382070" lon="12.0491040">
        <ele>3127.7930000</ele>
        <time>2008-07-19T13:16:51Z</time>
      </trkpt>
      <trkpt lat="46.5381870" lon="12.0491160">
        <ele>3129.1200000</ele>
        <time>2008-07-19T13:16:58Z</time>
      </trkpt>
      <trkpt lat="46.5382030" lon="12.0491450">
        <ele>3130.3920000</ele>
        <time>2008-07-19T13:17:07Z</time>
      </trkpt>
      <trkpt lat="46.5382110" lon="12.0491680">
        <ele>3130.9480000</ele>
        <time>2008-07-19T13:17:15Z</time>
      </trkpt>
      <trkpt lat="46.5382240" lon="12.0491900">
        <ele>3132.0950000</ele>
        <time>2008-07-19T13:17:23Z</time>
      </trkpt>
      <trkpt lat="46.5382410" lon="12.0492150">
        <ele>3133.4870000</ele>
        <time>2008-07-19T13:17:32Z</time>
      </trkpt>
      <trkpt lat="46.5382380" lon="12.0492340">
        <ele>3133.8880000</ele>
        <time>2008-07-19T13:17:39Z</time>
      </trkpt>
      <trkpt lat="46.5382150" lon="12.0492490">
        <ele>3134.9300000</ele>
        <time>2008-07-19T13:17:47Z</time>
      </trkpt>
      <trkpt lat="46.5381600" lon="12.0492440">
        <ele>3135.4370000</ele>
        <time>2008-07-19T13:17:57Z</time>
      </trkpt>
      <trkpt lat="46.5381200" lon="12.0492440">
        <ele>3135.9280000</ele>
        <time>2008-07-19T13:18:06Z</time>
      </trkpt>
      <trkpt lat="46.5380710" lon="12.0492590">
        <ele>3137.3740000</ele>
        <time>2008-07-19T13:18:17Z</time>
      </trkpt>
      <trkpt lat="46.5380340" lon="12.0492700">
        <ele>3138.0340000</ele>
        <time>2008-07-19T13:18:26Z</time>
      </trkpt>
      <trkpt lat="46.5379880" lon="12.0492810">
        <ele>3139.3060000</ele>
        <time>2008-07-19T13:18:34Z</time>
      </trkpt>
      <trkpt lat="46.5379530" lon="12.0492800">
        <ele>3139.6280000</ele>
        <time>2008-07-19T13:18:41Z</time>
      </trkpt>
      <trkpt lat="46.5379150" lon="12.0492930">
        <ele>3141.0460000</ele>
        <time>2008-07-19T13:18:51Z</time>
      </trkpt>
      <trkpt lat="46.5378840" lon="12.0492950">
        <ele>3140.7970000</ele>
        <time>2008-07-19T13:18:58Z</time>
      </trkpt>
      <trkpt lat="46.5378550" lon="12.0493140">
        <ele>3142.9780000</ele>
        <time>2008-07-19T13:19:06Z</time>
      </trkpt>
      <trkpt lat="46.5378150" lon="12.0493310">
        <ele>3143.7890000</ele>
        <time>2008-07-19T13:19:15Z</time>
      </trkpt>
      <trkpt lat="46.5378090" lon="12.0493330">
        <ele>3143.6930000</ele>
        <time>2008-07-19T13:19:26Z</time>
      </trkpt>
      <trkpt lat="46.5378000" lon="12.0493450">
        <ele>3144.5750000</ele>
        <time>2008-07-19T13:19:34Z</time>
      </trkpt>
      <trkpt lat="46.5377980" lon="12.0493630">
        <ele>3145.9990000</ele>
        <time>2008-07-19T13:19:42Z</time>
      </trkpt>
      <trkpt lat="46.5377840" lon="12.0493900">
        <ele>3148.3760000</ele>
        <time>2008-07-19T13:19:51Z</time>
      </trkpt>
      <trkpt lat="46.5377770" lon="12.0494180">
        <ele>3149.2550000</ele>
        <time>2008-07-19T13:19:58Z</time>
      </trkpt>
      <trkpt lat="46.5377580" lon="12.0494390">
        <ele>3149.5400000</ele>
        <time>2008-07-19T13:20:07Z</time>
      </trkpt>
      <trkpt lat="46.5377440" lon="12.0494610">
        <ele>3149.2120000</ele>
        <time>2008-07-19T13:20:15Z</time>
      </trkpt>
      <trkpt lat="46.5377200" lon="12.0494670">
        <ele>3149.2950000</ele>
        <time>2008-07-19T13:20:40Z</time>
      </trkpt>
      <trkpt lat="46.5376940" lon="12.0494910">
        <ele>3149.4580000</ele>
        <time>2008-07-19T13:20:50Z</time>
      </trkpt>
      <trkpt lat="46.5376640" lon="12.0495060">
        <ele>3151.4300000</ele>
        <time>2008-07-19T13:21:00Z</time>
      </trkpt>
      <trkpt lat="46.5376510" lon="12.0495310">
        <ele>3152.9930000</ele>
        <time>2008-07-19T13:21:09Z</time>
      </trkpt>
      <trkpt lat="46.5376670" lon="12.0495370">
        <ele>3153.2770000</ele>
        <time>2008-07-19T13:21:16Z</time>
      </trkpt>
      <trkpt lat="46.5376840" lon="12.0495470">
        <ele>3155.2100000</ele>
        <time>2008-07-19T13:21:23Z</time>
      </trkpt>
      <trkpt lat="46.5376900" lon="12.0495500">
        <ele>3152.9550000</ele>
        <time>2008-07-19T13:21:26Z</time>
      </trkpt>
      <trkpt lat="46.5376860" lon="12.0495740">
        <ele>3155.8800000</ele>
        <time>2008-07-19T13:21:43Z</time>
      </trkpt>
      <trkpt lat="46.5376710" lon="12.0495840">
        <ele>3156.2550000</ele>
        <time>2008-07-19T13:21:50Z</time>
      </trkpt>
      <trkpt lat="46.5376560" lon="12.0496160">
        <ele>3158.1310000</ele>
        <time>2008-07-19T13:22:00Z</time>
      </trkpt>
      <trkpt lat="46.5376420" lon="12.0496190">
        <ele>3160.0930000</ele>
        <time>2008-07-19T13:22:15Z</time>
      </trkpt>
      <trkpt lat="46.5376410" lon="12.0496410">
        <ele>3159.9100000</ele>
        <time>2008-07-19T13:22:23Z</time>
      </trkpt>
      <trkpt lat="46.5376200" lon="12.0496620">
        <ele>3163.0920000</ele>
        <time>2008-07-19T13:22:29Z</time>
      </trkpt>
      <trkpt lat="46.5376090" lon="12.0496770">
        <ele>3163.6260000</ele>
        <time>2008-07-19T13:22:36Z</time>
      </trkpt>
      <trkpt lat="46.5376050" lon="12.0497020">
        <ele>3165.1310000</ele>
        <time>2008-07-19T13:22:42Z</time>
      </trkpt>
      <trkpt lat="46.5375690" lon="12.0497270">
        <ele>3165.4410000</ele>
        <time>2008-07-19T13:22:51Z</time>
      </trkpt>
      <trkpt lat="46.5375420" lon="12.0497400">
        <ele>3165.3140000</ele>
        <time>2008-07-19T13:22:59Z</time>
      </trkpt>
      <trkpt lat="46.5375210" lon="12.0497550">
        <ele>3166.1370000</ele>
        <time>2008-07-19T13:23:06Z</time>
      </trkpt>
      <trkpt lat="46.5375070" lon="12.0497630">
        <ele>3166.0020000</ele>
        <time>2008-07-19T13:23:25Z</time>
      </trkpt>
      <trkpt lat="46.5374720" lon="12.0497900">
        <ele>3166.6100000</ele>
        <time>2008-07-19T13:23:33Z</time>
      </trkpt>
      <trkpt lat="46.5374300" lon="12.0498080">
        <ele>3166.1110000</ele>
        <time>2008-07-19T13:23:43Z</time>
      </trkpt>
      <trkpt lat="46.5373980" lon="12.0498180">
        <ele>3167.7810000</ele>
        <time>2008-07-19T13:23:50Z</time>
      </trkpt>
      <trkpt lat="46.5373720" lon="12.0498410">
        <ele>3169.5310000</ele>
        <time>2008-07-19T13:24:02Z</time>
      </trkpt>
      <trkpt lat="46.5373730" lon="12.0498630">
        <ele>3170.5150000</ele>
        <time>2008-07-19T13:24:11Z</time>
      </trkpt>
      <trkpt lat="46.5373620" lon="12.0498820">
        <ele>3172.2470000</ele>
        <time>2008-07-19T13:24:19Z</time>
      </trkpt>
      <trkpt lat="46.5373530" lon="12.0498960">
        <ele>3173.3670000</ele>
        <time>2008-07-19T13:24:28Z</time>
      </trkpt>
      <trkpt lat="46.5373400" lon="12.0499300">
        <ele>3173.6050000</ele>
        <time>2008-07-19T13:24:35Z</time>
      </trkpt>
      <trkpt lat="46.5373190" lon="12.0499520">
        <ele>3174.7570000</ele>
        <time>2008-07-19T13:24:44Z</time>
      </trkpt>
      <trkpt lat="46.5373000" lon="12.0499800">
        <ele>3176.3380000</ele>
        <time>2008-07-19T13:24:53Z</time>
      </trkpt>
      <trkpt lat="46.5372780" lon="12.0500000">
        <ele>3177.5350000</ele>
        <time>2008-07-19T13:25:00Z</time>
      </trkpt>
      <trkpt lat="46.5372740" lon="12.0500020">
        <ele>3176.9980000</ele>
        <time>2008-07-19T13:25:14Z</time>
      </trkpt>
      <trkpt lat="46.5372580" lon="12.0500220">
        <ele>3176.4390000</ele>
        <time>2008-07-19T13:25:53Z</time>
      </trkpt>
      <trkpt lat="46.5372310" lon="12.0500480">
        <ele>3177.9270000</ele>
        <time>2008-07-19T13:26:03Z</time>
      </trkpt>
      <trkpt lat="46.5372260" lon="12.0500650">
        <ele>3178.4210000</ele>
        <time>2008-07-19T13:26:12Z</time>
      </trkpt>
      <trkpt lat="46.5372230" lon="12.0500680">
        <ele>3179.2890000</ele>
        <time>2008-07-19T13:26:29Z</time>
      </trkpt>
      <trkpt lat="46.5371980" lon="12.0500880">
        <ele>3179.8290000</ele>
        <time>2008-07-19T13:26:36Z</time>
      </trkpt>
      <trkpt lat="46.5371870" lon="12.0501100">
        <ele>3181.6500000</ele>
        <time>2008-07-19T13:26:43Z</time>
      </trkpt>
      <trkpt lat="46.5371780" lon="12.0501240">
        <ele>3181.8610000</ele>
        <time>2008-07-19T13:27:00Z</time>
      </trkpt>
      <trkpt lat="46.5371920" lon="12.0501370">
        <ele>3183.0120000</ele>
        <time>2008-07-19T13:27:07Z</time>
      </trkpt>
      <trkpt lat="46.5372140" lon="12.0501520">
        <ele>3183.3810000</ele>
        <time>2008-07-19T13:27:16Z</time>
      </trkpt>
      <trkpt lat="46.5372080" lon="12.0501730">
        <ele>3184.0350000</ele>
        <time>2008-07-19T13:27:24Z</time>
      </trkpt>
      <trkpt lat="46.5372040" lon="12.0502000">
        <ele>3186.1670000</ele>
        <time>2008-07-19T13:27:31Z</time>
      </trkpt>
      <trkpt lat="46.5371880" lon="12.0502230">
        <ele>3186.5510000</ele>
        <time>2008-07-19T13:27:38Z</time>
      </trkpt>
      <trkpt lat="46.5371880" lon="12.0502380">
        <ele>3187.1230000</ele>
        <time>2008-07-19T13:27:46Z</time>
      </trkpt>
      <trkpt lat="46.5371880" lon="12.0502480">
        <ele>3186.9810000</ele>
        <time>2008-07-19T13:27:56Z</time>
      </trkpt>
      <trkpt lat="46.5372050" lon="12.0502540">
        <ele>3187.4600000</ele>
        <time>2008-07-19T13:28:09Z</time>
      </trkpt>
      <trkpt lat="46.5372140" lon="12.0502640">
        <ele>3189.1750000</ele>
        <time>2008-07-19T13:28:16Z</time>
      </trkpt>
      <trkpt lat="46.5371980" lon="12.0502900">
        <ele>3191.1510000</ele>
        <time>2008-07-19T13:28:22Z</time>
      </trkpt>
      <trkpt lat="46.5371750" lon="12.0503010">
        <ele>3192.1500000</ele>
        <time>2008-07-19T13:28:30Z</time>
      </trkpt>
      <trkpt lat="46.5371820" lon="12.0503260">
        <ele>3193.5560000</ele>
        <time>2008-07-19T13:28:38Z</time>
      </trkpt>
      <trkpt lat="46.5371510" lon="12.0503410">
        <ele>3194.4050000</ele>
        <time>2008-07-19T13:28:46Z</time>
      </trkpt>
      <trkpt lat="46.5371430" lon="12.0503510">
        <ele>3194.2980000</ele>
        <time>2008-07-19T13:28:57Z</time>
      </trkpt>
      <trkpt lat="46.5371470" lon="12.0503670">
        <ele>3195.5100000</ele>
        <time>2008-07-19T13:29:02Z</time>
      </trkpt>
      <trkpt lat="46.5371030" lon="12.0503900">
        <ele>3196.8540000</ele>
        <time>2008-07-19T13:29:12Z</time>
      </trkpt>
      <trkpt lat="46.5370760" lon="12.0504040">
        <ele>3198.6620000</ele>
        <time>2008-07-19T13:29:20Z</time>
      </trkpt>
      <trkpt lat="46.5370650" lon="12.0504190">
        <ele>3198.8470000</ele>
        <time>2008-07-19T13:29:28Z</time>
      </trkpt>
      <trkpt lat="46.5370710" lon="12.0504340">
        <ele>3199.3190000</ele>
        <time>2008-07-19T13:29:46Z</time>
      </trkpt>
      <trkpt lat="46.5370900" lon="12.0504510">
        <ele>3199.7980000</ele>
        <time>2008-07-19T13:29:54Z</time>
      </trkpt>
      <trkpt lat="46.5370940" lon="12.0504700">
        <ele>3201.3680000</ele>
        <time>2008-07-19T13:30:03Z</time>
      </trkpt>
      <trkpt lat="46.5371210" lon="12.0504780">
        <ele>3201.4580000</ele>
        <time>2008-07-19T13:30:09Z</time>
      </trkpt>
      <trkpt lat="46.5371390" lon="12.0504840">
        <ele>3201.7330000</ele>
        <time>2008-07-19T13:30:19Z</time>
      </trkpt>
      <trkpt lat="46.5371490" lon="12.0505020">
        <ele>3202.6570000</ele>
        <time>2008-07-19T13:30:28Z</time>
      </trkpt>
      <trkpt lat="46.5371040" lon="12.0505280">
        <ele>3203.5420000</ele>
        <time>2008-07-19T13:30:36Z</time>
      </trkpt>
      <trkpt lat="46.5370840" lon="12.0505500">
        <ele>3204.3170000</ele>
        <time>2008-07-19T13:30:45Z</time>
      </trkpt>
      <trkpt lat="46.5370760" lon="12.0505690">
        <ele>3204.6930000</ele>
        <time>2008-07-19T13:30:52Z</time>
      </trkpt>
      <trkpt lat="46.5370700" lon="12.0505950">
        <ele>3205.5930000</ele>
        <time>2008-07-19T13:30:58Z</time>
      </trkpt>
      <trkpt lat="46.5370620" lon="12.0506160">
        <ele>3206.3650000</ele>
        <time>2008-07-19T13:31:06Z</time>
      </trkpt>
      <trkpt lat="46.5370580" lon="12.0506280">
        <ele>3207.9830000</ele>
        <time>2008-07-19T13:31:09Z</time>
      </trkpt>
      <trkpt lat="46.5370640" lon="12.0506460">
        <ele>3208.9750000</ele>
        <time>2008-07-19T13:31:17Z</time>
      </trkpt>
      <trkpt lat="46.5370620" lon="12.0506480">
        <ele>3208.6780000</ele>
        <time>2008-07-19T13:31:32Z</time>
      </trkpt>
      <trkpt lat="46.5370510" lon="12.0506690">
        <ele>3210.0060000</ele>
        <time>2008-07-19T13:31:40Z</time>
      </trkpt>
      <trkpt lat="46.5370380" lon="12.0506890">
        <ele>3210.6260000</ele>
        <time>2008-07-19T13:31:48Z</time>
      </trkpt>
      <trkpt lat="46.5370460" lon="12.0507040">
        <ele>3211.4050000</ele>
        <time>2008-07-19T13:31:55Z</time>
      </trkpt>
      <trkpt lat="46.5370150" lon="12.0507300">
        <ele>3212.7820000</ele>
        <time>2008-07-19T13:32:05Z</time>
      </trkpt>
      <trkpt lat="46.5370010" lon="12.0507380">
        <ele>3213.7370000</ele>
        <time>2008-07-19T13:32:15Z</time>
      </trkpt>
      <trkpt lat="46.5369830" lon="12.0507640">
        <ele>3214.4270000</ele>
        <time>2008-07-19T13:32:23Z</time>
      </trkpt>
      <trkpt lat="46.5369860" lon="12.0507850">
        <ele>3215.5690000</ele>
        <time>2008-07-19T13:32:31Z</time>
      </trkpt>
      <trkpt lat="46.5370040" lon="12.0507930">
        <ele>3216.3000000</ele>
        <time>2008-07-19T13:32:38Z</time>
      </trkpt>
      <trkpt lat="46.5370270" lon="12.0507980">
        <ele>3217.6050000</ele>
        <time>2008-07-19T13:32:46Z</time>
      </trkpt>
      <trkpt lat="46.5370440" lon="12.0508060">
        <ele>3218.8020000</ele>
        <time>2008-07-19T13:32:54Z</time>
      </trkpt>
      <trkpt lat="46.5370580" lon="12.0508110">
        <ele>3218.4250000</ele>
        <time>2008-07-19T13:33:03Z</time>
      </trkpt>
      <trkpt lat="46.5370480" lon="12.0508450">
        <ele>3220.7010000</ele>
        <time>2008-07-19T13:33:14Z</time>
      </trkpt>
      <trkpt lat="46.5370260" lon="12.0508870">
        <ele>3221.6310000</ele>
        <time>2008-07-19T13:33:22Z</time>
      </trkpt>
      <trkpt lat="46.5370100" lon="12.0509350">
        <ele>3223.6720000</ele>
        <time>2008-07-19T13:33:29Z</time>
      </trkpt>
      <trkpt lat="46.5370140" lon="12.0509610">
        <ele>3225.9810000</ele>
        <time>2008-07-19T13:33:35Z</time>
      </trkpt>
      <trkpt lat="46.5370090" lon="12.0509650">
        <ele>3226.0530000</ele>
        <time>2008-07-19T13:33:36Z</time>
      </trkpt>
      <trkpt lat="46.5370130" lon="12.0509910">
        <ele>3227.7720000</ele>
        <time>2008-07-19T13:33:43Z</time>
      </trkpt>
      <trkpt lat="46.5370190" lon="12.0509910">
        <ele>3227.8730000</ele>
        <time>2008-07-19T13:33:44Z</time>
      </trkpt>
      <trkpt lat="46.5370240" lon="12.0509920">
        <ele>3227.6590000</ele>
        <time>2008-07-19T13:33:51Z</time>
      </trkpt>
      <trkpt lat="46.5370260" lon="12.0509970">
        <ele>3228.4180000</ele>
        <time>2008-07-19T13:33:55Z</time>
      </trkpt>
      <trkpt lat="46.5370240" lon="12.0509970">
        <ele>3226.8770000</ele>
        <time>2008-07-19T13:34:05Z</time>
      </trkpt>
      <trkpt lat="46.5370550" lon="12.0510010">
        <ele>3228.7630000</ele>
        <time>2008-07-19T13:34:34Z</time>
      </trkpt>
      <trkpt lat="46.5370750" lon="12.0510370">
        <ele>3230.0200000</ele>
        <time>2008-07-19T13:34:43Z</time>
      </trkpt>
      <trkpt lat="46.5370680" lon="12.0510540">
        <ele>3230.4870000</ele>
        <time>2008-07-19T13:34:50Z</time>
      </trkpt>
      <trkpt lat="46.5370450" lon="12.0510770">
        <ele>3230.4290000</ele>
        <time>2008-07-19T13:34:57Z</time>
      </trkpt>
      <trkpt lat="46.5370480" lon="12.0510700">
        <ele>3227.6310000</ele>
        <time>2008-07-19T14:15:09Z</time>
      </trkpt>
      <trkpt lat="46.5370520" lon="12.0510730">
        <ele>3227.2640000</ele>
        <time>2008-07-19T14:15:17Z</time>
      </trkpt>
      <trkpt lat="46.5370680" lon="12.0510400">
        <ele>3227.6780000</ele>
        <time>2008-07-19T14:15:24Z</time>
      </trkpt>
      <trkpt lat="46.5370360" lon="12.0510020">
        <ele>3226.8860000</ele>
        <time>2008-07-19T14:15:33Z</time>
      </trkpt>
      <trkpt lat="46.5369970" lon="12.0509910">
        <ele>3225.6460000</ele>
        <time>2008-07-19T14:15:42Z</time>
      </trkpt>
      <trkpt lat="46.5370210" lon="12.0509470">
        <ele>3224.2110000</ele>
        <time>2008-07-19T14:15:51Z</time>
      </trkpt>
      <trkpt lat="46.5370110" lon="12.0509180">
        <ele>3221.7340000</ele>
        <time>2008-07-19T14:15:57Z</time>
      </trkpt>
      <trkpt lat="46.5370260" lon="12.0508900">
        <ele>3220.6830000</ele>
        <time>2008-07-19T14:16:07Z</time>
      </trkpt>
      <trkpt lat="46.5370460" lon="12.0508450">
        <ele>3218.9110000</ele>
        <time>2008-07-19T14:16:15Z</time>
      </trkpt>
      <trkpt lat="46.5370600" lon="12.0508290">
        <ele>3218.1790000</ele>
        <time>2008-07-19T14:16:24Z</time>
      </trkpt>
      <trkpt lat="46.5370530" lon="12.0508080">
        <ele>3217.5250000</ele>
        <time>2008-07-19T14:16:30Z</time>
      </trkpt>
      <trkpt lat="46.5370140" lon="12.0507920">
        <ele>3215.3380000</ele>
        <time>2008-07-19T14:16:39Z</time>
      </trkpt>
      <trkpt lat="46.5370010" lon="12.0507860">
        <ele>3213.7230000</ele>
        <time>2008-07-19T14:16:42Z</time>
      </trkpt>
      <trkpt lat="46.5370060" lon="12.0507530">
        <ele>3211.9860000</ele>
        <time>2008-07-19T14:16:50Z</time>
      </trkpt>
      <trkpt lat="46.5370190" lon="12.0507450">
        <ele>3211.5290000</ele>
        <time>2008-07-19T14:16:57Z</time>
      </trkpt>
      <trkpt lat="46.5370260" lon="12.0507320">
        <ele>3210.8390000</ele>
        <time>2008-07-19T14:17:05Z</time>
      </trkpt>
      <trkpt lat="46.5370510" lon="12.0507110">
        <ele>3210.0330000</ele>
        <time>2008-07-19T14:17:15Z</time>
      </trkpt>
      <trkpt lat="46.5370670" lon="12.0506890">
        <ele>3209.1850000</ele>
        <time>2008-07-19T14:17:23Z</time>
      </trkpt>
      <trkpt lat="46.5370550" lon="12.0506790">
        <ele>3208.1410000</ele>
        <time>2008-07-19T14:17:30Z</time>
      </trkpt>
      <trkpt lat="46.5370680" lon="12.0506500">
        <ele>3207.9320000</ele>
        <time>2008-07-19T14:17:37Z</time>
      </trkpt>
      <trkpt lat="46.5370590" lon="12.0506430">
        <ele>3207.6990000</ele>
        <time>2008-07-19T14:17:47Z</time>
      </trkpt>
      <trkpt lat="46.5370720" lon="12.0506150">
        <ele>3205.2120000</ele>
        <time>2008-07-19T14:17:54Z</time>
      </trkpt>
      <trkpt lat="46.5370860" lon="12.0505720">
        <ele>3203.9210000</ele>
        <time>2008-07-19T14:18:01Z</time>
      </trkpt>
      <trkpt lat="46.5371080" lon="12.0505250">
        <ele>3201.7770000</ele>
        <time>2008-07-19T14:18:11Z</time>
      </trkpt>
      <trkpt lat="46.5371440" lon="12.0505050">
        <ele>3201.6870000</ele>
        <time>2008-07-19T14:18:19Z</time>
      </trkpt>
      <trkpt lat="46.5371530" lon="12.0504890">
        <ele>3201.5010000</ele>
        <time>2008-07-19T14:18:26Z</time>
      </trkpt>
      <trkpt lat="46.5371140" lon="12.0504690">
        <ele>3199.2280000</ele>
        <time>2008-07-19T14:18:34Z</time>
      </trkpt>
      <trkpt lat="46.5370960" lon="12.0504590">
        <ele>3197.5830000</ele>
        <time>2008-07-19T14:18:44Z</time>
      </trkpt>
      <trkpt lat="46.5370900" lon="12.0504360">
        <ele>3196.9780000</ele>
        <time>2008-07-19T14:18:50Z</time>
      </trkpt>
      <trkpt lat="46.5370940" lon="12.0503960">
        <ele>3195.1590000</ele>
        <time>2008-07-19T14:18:58Z</time>
      </trkpt>
      <trkpt lat="46.5371360" lon="12.0503830">
        <ele>3192.9010000</ele>
        <time>2008-07-19T14:19:08Z</time>
      </trkpt>
      <trkpt lat="46.5371450" lon="12.0503640">
        <ele>3192.3980000</ele>
        <time>2008-07-19T14:19:18Z</time>
      </trkpt>
      <trkpt lat="46.5371640" lon="12.0503370">
        <ele>3189.5250000</ele>
        <time>2008-07-19T14:19:25Z</time>
      </trkpt>
      <trkpt lat="46.5371770" lon="12.0503060">
        <ele>3189.0250000</ele>
        <time>2008-07-19T14:19:33Z</time>
      </trkpt>
      <trkpt lat="46.5372000" lon="12.0502840">
        <ele>3188.3080000</ele>
        <time>2008-07-19T14:19:41Z</time>
      </trkpt>
      <trkpt lat="46.5372140" lon="12.0502760">
        <ele>3188.3070000</ele>
        <time>2008-07-19T14:19:49Z</time>
      </trkpt>
      <trkpt lat="46.5372070" lon="12.0502700">
        <ele>3188.4510000</ele>
        <time>2008-07-19T14:20:16Z</time>
      </trkpt>
      <trkpt lat="46.5372110" lon="12.0502360">
        <ele>3186.1400000</ele>
        <time>2008-07-19T14:20:28Z</time>
      </trkpt>
      <trkpt lat="46.5371960" lon="12.0502330">
        <ele>3185.0950000</ele>
        <time>2008-07-19T14:20:35Z</time>
      </trkpt>
      <trkpt lat="46.5372010" lon="12.0502050">
        <ele>3183.3850000</ele>
        <time>2008-07-19T14:20:41Z</time>
      </trkpt>
      <trkpt lat="46.5372180" lon="12.0501830">
        <ele>3181.2590000</ele>
        <time>2008-07-19T14:20:49Z</time>
      </trkpt>
      <trkpt lat="46.5372130" lon="12.0501580">
        <ele>3180.3760000</ele>
        <time>2008-07-19T14:20:56Z</time>
      </trkpt>
      <trkpt lat="46.5372180" lon="12.0501420">
        <ele>3179.7510000</ele>
        <time>2008-07-19T14:21:04Z</time>
      </trkpt>
      <trkpt lat="46.5372020" lon="12.0501310">
        <ele>3178.6520000</ele>
        <time>2008-07-19T14:21:10Z</time>
      </trkpt>
      <trkpt lat="46.5371970" lon="12.0501080">
        <ele>3178.2020000</ele>
        <time>2008-07-19T14:21:18Z</time>
      </trkpt>
      <trkpt lat="46.5372420" lon="12.0500590">
        <ele>3177.2520000</ele>
        <time>2008-07-19T14:21:27Z</time>
      </trkpt>
      <trkpt lat="46.5372770" lon="12.0500190">
        <ele>3174.5000000</ele>
        <time>2008-07-19T14:21:37Z</time>
      </trkpt>
      <trkpt lat="46.5372950" lon="12.0500000">
        <ele>3174.4030000</ele>
        <time>2008-07-19T14:21:45Z</time>
      </trkpt>
      <trkpt lat="46.5373270" lon="12.0499710">
        <ele>3172.9230000</ele>
        <time>2008-07-19T14:21:54Z</time>
      </trkpt>
      <trkpt lat="46.5373450" lon="12.0499440">
        <ele>3170.9470000</ele>
        <time>2008-07-19T14:21:59Z</time>
      </trkpt>
      <trkpt lat="46.5373670" lon="12.0499120">
        <ele>3169.7760000</ele>
        <time>2008-07-19T14:22:07Z</time>
      </trkpt>
      <trkpt lat="46.5373830" lon="12.0498830">
        <ele>3169.3720000</ele>
        <time>2008-07-19T14:22:15Z</time>
      </trkpt>
      <trkpt lat="46.5373940" lon="12.0498460">
        <ele>3167.9930000</ele>
        <time>2008-07-19T14:22:23Z</time>
      </trkpt>
      <trkpt lat="46.5374010" lon="12.0498290">
        <ele>3167.6170000</ele>
        <time>2008-07-19T14:22:29Z</time>
      </trkpt>
      <trkpt lat="46.5374240" lon="12.0498110">
        <ele>3165.3080000</ele>
        <time>2008-07-19T14:22:38Z</time>
      </trkpt>
      <trkpt lat="46.5374490" lon="12.0498090">
        <ele>3165.5180000</ele>
        <time>2008-07-19T14:22:43Z</time>
      </trkpt>
      <trkpt lat="46.5375100" lon="12.0497820">
        <ele>3165.3180000</ele>
        <time>2008-07-19T14:22:51Z</time>
      </trkpt>
      <trkpt lat="46.5375840" lon="12.0497320">
        <ele>3163.6590000</ele>
        <time>2008-07-19T14:23:01Z</time>
      </trkpt>
      <trkpt lat="46.5376210" lon="12.0497060">
        <ele>3161.6190000</ele>
        <time>2008-07-19T14:23:09Z</time>
      </trkpt>
      <trkpt lat="46.5376410" lon="12.0496590">
        <ele>3160.4680000</ele>
        <time>2008-07-19T14:23:17Z</time>
      </trkpt>
      <trkpt lat="46.5376710" lon="12.0496510">
        <ele>3158.3010000</ele>
        <time>2008-07-19T14:23:27Z</time>
      </trkpt>
      <trkpt lat="46.5376760" lon="12.0496390">
        <ele>3157.6830000</ele>
        <time>2008-07-19T14:23:40Z</time>
      </trkpt>
      <trkpt lat="46.5376870" lon="12.0496390">
        <ele>3158.7350000</ele>
        <time>2008-07-19T14:23:49Z</time>
      </trkpt>
      <trkpt lat="46.5376870" lon="12.0496340">
        <ele>3157.8480000</ele>
        <time>2008-07-19T14:23:51Z</time>
      </trkpt>
      <trkpt lat="46.5376860" lon="12.0496210">
        <ele>3157.9800000</ele>
        <time>2008-07-19T14:24:01Z</time>
      </trkpt>
      <trkpt lat="46.5376840" lon="12.0496120">
        <ele>3156.1600000</ele>
        <time>2008-07-19T14:24:04Z</time>
      </trkpt>
      <trkpt lat="46.5376860" lon="12.0495950">
        <ele>3156.3700000</ele>
        <time>2008-07-19T14:24:15Z</time>
      </trkpt>
      <trkpt lat="46.5376740" lon="12.0495910">
        <ele>3155.4190000</ele>
        <time>2008-07-19T14:24:21Z</time>
      </trkpt>
      <trkpt lat="46.5376950" lon="12.0495720">
        <ele>3154.7230000</ele>
        <time>2008-07-19T14:24:28Z</time>
      </trkpt>
      <trkpt lat="46.5376800" lon="12.0495470">
        <ele>3153.9520000</ele>
        <time>2008-07-19T14:24:35Z</time>
      </trkpt>
      <trkpt lat="46.5376650" lon="12.0495110">
        <ele>3151.3430000</ele>
        <time>2008-07-19T14:24:43Z</time>
      </trkpt>
      <trkpt lat="46.5377040" lon="12.0494910">
        <ele>3150.3000000</ele>
        <time>2008-07-19T14:24:53Z</time>
      </trkpt>
      <trkpt lat="46.5377160" lon="12.0494750">
        <ele>3149.4270000</ele>
        <time>2008-07-19T14:25:03Z</time>
      </trkpt>
      <trkpt lat="46.5377570" lon="12.0494550">
        <ele>3148.4520000</ele>
        <time>2008-07-19T14:25:12Z</time>
      </trkpt>
      <trkpt lat="46.5377740" lon="12.0494220">
        <ele>3147.3510000</ele>
        <time>2008-07-19T14:25:20Z</time>
      </trkpt>
      <trkpt lat="46.5377940" lon="12.0493880">
        <ele>3146.7000000</ele>
        <time>2008-07-19T14:25:30Z</time>
      </trkpt>
      <trkpt lat="46.5377700" lon="12.0493760">
        <ele>3144.6620000</ele>
        <time>2008-07-19T14:25:37Z</time>
      </trkpt>
      <trkpt lat="46.5377810" lon="12.0493540">
        <ele>3143.1300000</ele>
        <time>2008-07-19T14:25:42Z</time>
      </trkpt>
      <trkpt lat="46.5377860" lon="12.0493550">
        <ele>3143.6400000</ele>
        <time>2008-07-19T14:26:07Z</time>
      </trkpt>
      <trkpt lat="46.5377870" lon="12.0493520">
        <ele>3143.1610000</ele>
        <time>2008-07-19T14:26:20Z</time>
      </trkpt>
      <trkpt lat="46.5377940" lon="12.0493390">
        <ele>3142.4970000</ele>
        <time>2008-07-19T14:26:28Z</time>
      </trkpt>
      <trkpt lat="46.5378030" lon="12.0493300">
        <ele>3142.6970000</ele>
        <time>2008-07-19T14:26:38Z</time>
      </trkpt>
      <trkpt lat="46.5378940" lon="12.0492860">
        <ele>3139.7590000</ele>
        <time>2008-07-19T14:26:47Z</time>
      </trkpt>
      <trkpt lat="46.5379550" lon="12.0492750">
        <ele>3139.4670000</ele>
        <time>2008-07-19T14:26:55Z</time>
      </trkpt>
      <trkpt lat="46.5379750" lon="12.0492710">
        <ele>3138.7550000</ele>
        <time>2008-07-19T14:27:03Z</time>
      </trkpt>
      <trkpt lat="46.5380580" lon="12.0492640">
        <ele>3138.8220000</ele>
        <time>2008-07-19T14:27:13Z</time>
      </trkpt>
      <trkpt lat="46.5380780" lon="12.0492580">
        <ele>3137.3600000</ele>
        <time>2008-07-19T14:27:16Z</time>
      </trkpt>
      <trkpt lat="46.5381600" lon="12.0492460">
        <ele>3135.6170000</ele>
        <time>2008-07-19T14:27:27Z</time>
      </trkpt>
      <trkpt lat="46.5382270" lon="12.0492580">
        <ele>3134.2450000</ele>
        <time>2008-07-19T14:27:37Z</time>
      </trkpt>
      <trkpt lat="46.5382500" lon="12.0492280">
        <ele>3133.6820000</ele>
        <time>2008-07-19T14:27:44Z</time>
      </trkpt>
      <trkpt lat="46.5382290" lon="12.0492030">
        <ele>3131.6650000</ele>
        <time>2008-07-19T14:27:53Z</time>
      </trkpt>
      <trkpt lat="46.5382190" lon="12.0491620">
        <ele>3130.2620000</ele>
        <time>2008-07-19T14:28:00Z</time>
      </trkpt>
      <trkpt lat="46.5381910" lon="12.0491320">
        <ele>3129.4120000</ele>
        <time>2008-07-19T14:28:07Z</time>
      </trkpt>
      <trkpt lat="46.5382200" lon="12.0491090">
        <ele>3127.0810000</ele>
        <time>2008-07-19T14:28:15Z</time>
      </trkpt>
      <trkpt lat="46.5382410" lon="12.0490880">
        <ele>3125.5850000</ele>
        <time>2008-07-19T14:28:23Z</time>
      </trkpt>
      <trkpt lat="46.5382630" lon="12.0490650">
        <ele>3125.0300000</ele>
        <time>2008-07-19T14:28:30Z</time>
      </trkpt>
      <trkpt lat="46.5382930" lon="12.0490520">
        <ele>3124.1440000</ele>
        <time>2008-07-19T14:28:37Z</time>
      </trkpt>
      <trkpt lat="46.5383480" lon="12.0490380">
        <ele>3122.7230000</ele>
        <time>2008-07-19T14:28:47Z</time>
      </trkpt>
      <trkpt lat="46.5383920" lon="12.0490370">
        <ele>3120.3470000</ele>
        <time>2008-07-19T14:28:55Z</time>
      </trkpt>
      <trkpt lat="46.5384260" lon="12.0490170">
        <ele>3118.8920000</ele>
        <time>2008-07-19T14:29:03Z</time>
      </trkpt>
      <trkpt lat="46.5384520" lon="12.0490090">
        <ele>3117.8450000</ele>
        <time>2008-07-19T14:29:11Z</time>
      </trkpt>
      <trkpt lat="46.5384440" lon="12.0490040">
        <ele>3118.2210000</ele>
        <time>2008-07-19T14:29:21Z</time>
      </trkpt>
      <trkpt lat="46.5384290" lon="12.0489890">
        <ele>3118.3100000</ele>
        <time>2008-07-19T14:29:29Z</time>
      </trkpt>
      <trkpt lat="46.5384240" lon="12.0489680">
        <ele>3116.1560000</ele>
        <time>2008-07-19T14:29:34Z</time>
      </trkpt>
      <trkpt lat="46.5383910" lon="12.0489260">
        <ele>3115.1780000</ele>
        <time>2008-07-19T14:29:42Z</time>
      </trkpt>
      <trkpt lat="46.5383860" lon="12.0489210">
        <ele>3115.1080000</ele>
        <time>2008-07-19T14:29:43Z</time>
      </trkpt>
      <trkpt lat="46.5383650" lon="12.0488970">
        <ele>3112.4230000</ele>
        <time>2008-07-19T14:29:49Z</time>
      </trkpt>
      <trkpt lat="46.5383620" lon="12.0488680">
        <ele>3110.5160000</ele>
        <time>2008-07-19T14:29:56Z</time>
      </trkpt>
      <trkpt lat="46.5384200" lon="12.0488730">
        <ele>3109.3670000</ele>
        <time>2008-07-19T14:30:06Z</time>
      </trkpt>
      <trkpt lat="46.5384830" lon="12.0488800">
        <ele>3107.6510000</ele>
        <time>2008-07-19T14:30:16Z</time>
      </trkpt>
      <trkpt lat="46.5385560" lon="12.0489000">
        <ele>3107.6600000</ele>
        <time>2008-07-19T14:30:27Z</time>
      </trkpt>
      <trkpt lat="46.5385890" lon="12.0489190">
        <ele>3107.4650000</ele>
        <time>2008-07-19T14:30:31Z</time>
      </trkpt>
      <trkpt lat="46.5386630" lon="12.0489420">
        <ele>3104.5440000</ele>
        <time>2008-07-19T14:30:42Z</time>
      </trkpt>
      <trkpt lat="46.5386960" lon="12.0489280">
        <ele>3102.4000000</ele>
        <time>2008-07-19T14:30:51Z</time>
      </trkpt>
      <trkpt lat="46.5387270" lon="12.0489310">
        <ele>3101.7060000</ele>
        <time>2008-07-19T14:31:00Z</time>
      </trkpt>
      <trkpt lat="46.5387620" lon="12.0489440">
        <ele>3100.9040000</ele>
        <time>2008-07-19T14:31:09Z</time>
      </trkpt>
      <trkpt lat="46.5388050" lon="12.0489590">
        <ele>3099.0770000</ele>
        <time>2008-07-19T14:31:18Z</time>
      </trkpt>
      <trkpt lat="46.5388520" lon="12.0489750">
        <ele>3097.8940000</ele>
        <time>2008-07-19T14:31:27Z</time>
      </trkpt>
      <trkpt lat="46.5389070" lon="12.0489950">
        <ele>3097.4680000</ele>
        <time>2008-07-19T14:31:36Z</time>
      </trkpt>
      <trkpt lat="46.5389190" lon="12.0489940">
        <ele>3096.8580000</ele>
        <time>2008-07-19T14:31:39Z</time>
      </trkpt>
      <trkpt lat="46.5389870" lon="12.0489920">
        <ele>3094.6040000</ele>
        <time>2008-07-19T14:31:49Z</time>
      </trkpt>
      <trkpt lat="46.5390440" lon="12.0490020">
        <ele>3093.2180000</ele>
        <time>2008-07-19T14:31:58Z</time>
      </trkpt>
      <trkpt lat="46.5390690" lon="12.0490130">
        <ele>3091.7630000</ele>
        <time>2008-07-19T14:32:06Z</time>
      </trkpt>
      <trkpt lat="46.5390760" lon="12.0490040">
        <ele>3091.5740000</ele>
        <time>2008-07-19T14:32:15Z</time>
      </trkpt>
      <trkpt lat="46.5391060" lon="12.0490040">
        <ele>3089.3450000</ele>
        <time>2008-07-19T14:32:22Z</time>
      </trkpt>
      <trkpt lat="46.5391190" lon="12.0489620">
        <ele>3088.6440000</ele>
        <time>2008-07-19T14:32:29Z</time>
      </trkpt>
      <trkpt lat="46.5391360" lon="12.0489510">
        <ele>3087.6060000</ele>
        <time>2008-07-19T14:32:36Z</time>
      </trkpt>
      <trkpt lat="46.5391560" lon="12.0489200">
        <ele>3087.0240000</ele>
        <time>2008-07-19T14:32:45Z</time>
      </trkpt>
      <trkpt lat="46.5391430" lon="12.0488850">
        <ele>3086.1160000</ele>
        <time>2008-07-19T14:32:52Z</time>
      </trkpt>
      <trkpt lat="46.5391620" lon="12.0488540">
        <ele>3083.5730000</ele>
        <time>2008-07-19T14:32:59Z</time>
      </trkpt>
      <trkpt lat="46.5392370" lon="12.0488350">
        <ele>3081.5810000</ele>
        <time>2008-07-19T14:33:10Z</time>
      </trkpt>
      <trkpt lat="46.5392590" lon="12.0487800">
        <ele>3079.6170000</ele>
        <time>2008-07-19T14:33:17Z</time>
      </trkpt>
      <trkpt lat="46.5392680" lon="12.0487750">
        <ele>3078.7830000</ele>
        <time>2008-07-19T14:33:19Z</time>
      </trkpt>
      <trkpt lat="46.5392970" lon="12.0487190">
        <ele>3077.9700000</ele>
        <time>2008-07-19T14:33:27Z</time>
      </trkpt>
      <trkpt lat="46.5393320" lon="12.0486890">
        <ele>3077.0420000</ele>
        <time>2008-07-19T14:33:34Z</time>
      </trkpt>
      <trkpt lat="46.5393300" lon="12.0486480">
        <ele>3077.3210000</ele>
        <time>2008-07-19T14:33:39Z</time>
      </trkpt>
      <trkpt lat="46.5393620" lon="12.0486360">
        <ele>3075.6920000</ele>
        <time>2008-07-19T14:33:47Z</time>
      </trkpt>
      <trkpt lat="46.5393700" lon="12.0485880">
        <ele>3073.2740000</ele>
        <time>2008-07-19T14:33:55Z</time>
      </trkpt>
      <trkpt lat="46.5393820" lon="12.0485600">
        <ele>3070.9060000</ele>
        <time>2008-07-19T14:33:59Z</time>
      </trkpt>
      <trkpt lat="46.5394330" lon="12.0485580">
        <ele>3069.1250000</ele>
        <time>2008-07-19T14:34:07Z</time>
      </trkpt>
      <trkpt lat="46.5394570" lon="12.0485170">
        <ele>3068.6100000</ele>
        <time>2008-07-19T14:34:13Z</time>
      </trkpt>
      <trkpt lat="46.5394740" lon="12.0484770">
        <ele>3066.9730000</ele>
        <time>2008-07-19T14:34:20Z</time>
      </trkpt>
      <trkpt lat="46.5395130" lon="12.0484570">
        <ele>3066.1800000</ele>
        <time>2008-07-19T14:34:28Z</time>
      </trkpt>
      <trkpt lat="46.5395430" lon="12.0484130">
        <ele>3065.4210000</ele>
        <time>2008-07-19T14:34:36Z</time>
      </trkpt>
      <trkpt lat="46.5395820" lon="12.0483660">
        <ele>3063.1310000</ele>
        <time>2008-07-19T14:34:44Z</time>
      </trkpt>
      <trkpt lat="46.5396310" lon="12.0483420">
        <ele>3062.5420000</ele>
        <time>2008-07-19T14:34:52Z</time>
      </trkpt>
      <trkpt lat="46.5396830" lon="12.0482830">
        <ele>3061.3420000</ele>
        <time>2008-07-19T14:35:01Z</time>
      </trkpt>
      <trkpt lat="46.5397370" lon="12.0482130">
        <ele>3060.5960000</ele>
        <time>2008-07-19T14:35:11Z</time>
      </trkpt>
      <trkpt lat="46.5397840" lon="12.0481630">
        <ele>3058.0110000</ele>
        <time>2008-07-19T14:35:20Z</time>
      </trkpt>
      <trkpt lat="46.5398200" lon="12.0481050">
        <ele>3057.5820000</ele>
        <time>2008-07-19T14:35:30Z</time>
      </trkpt>
      <trkpt lat="46.5398440" lon="12.0481030">
        <ele>3055.1930000</ele>
        <time>2008-07-19T14:35:34Z</time>
      </trkpt>
      <trkpt lat="46.5398660" lon="12.0480400">
        <ele>3053.0400000</ele>
        <time>2008-07-19T14:35:43Z</time>
      </trkpt>
      <trkpt lat="46.5399020" lon="12.0480100">
        <ele>3051.1760000</ele>
        <time>2008-07-19T14:35:49Z</time>
      </trkpt>
      <trkpt lat="46.5399240" lon="12.0479600">
        <ele>3049.2190000</ele>
        <time>2008-07-19T14:35:57Z</time>
      </trkpt>
      <trkpt lat="46.5399670" lon="12.0478930">
        <ele>3047.5780000</ele>
        <time>2008-07-19T14:36:07Z</time>
      </trkpt>
      <trkpt lat="46.5399910" lon="12.0478570">
        <ele>3047.1340000</ele>
        <time>2008-07-19T14:36:13Z</time>
      </trkpt>
      <trkpt lat="46.5400510" lon="12.0478150">
        <ele>3045.2550000</ele>
        <time>2008-07-19T14:36:24Z</time>
      </trkpt>
      <trkpt lat="46.5400670" lon="12.0477980">
        <ele>3043.9230000</ele>
        <time>2008-07-19T14:36:27Z</time>
      </trkpt>
      <trkpt lat="46.5400720" lon="12.0477590">
        <ele>3045.0160000</ele>
        <time>2008-07-19T14:36:35Z</time>
      </trkpt>
      <trkpt lat="46.5400860" lon="12.0477500">
        <ele>3042.9290000</ele>
        <time>2008-07-19T14:36:42Z</time>
      </trkpt>
      <trkpt lat="46.5400890" lon="12.0477800">
        <ele>3042.3120000</ele>
        <time>2008-07-19T14:36:50Z</time>
      </trkpt>
      <trkpt lat="46.5401030" lon="12.0477920">
        <ele>3041.5130000</ele>
        <time>2008-07-19T14:36:57Z</time>
      </trkpt>
      <trkpt lat="46.5401040" lon="12.0478290">
        <ele>3040.0590000</ele>
        <time>2008-07-19T14:37:05Z</time>
      </trkpt>
      <trkpt lat="46.5401090" lon="12.0478520">
        <ele>3039.1950000</ele>
        <time>2008-07-19T14:37:12Z</time>
      </trkpt>
      <trkpt lat="46.5400880" lon="12.0479250">
        <ele>3039.1350000</ele>
        <time>2008-07-19T14:37:20Z</time>
      </trkpt>
      <trkpt lat="46.5400890" lon="12.0479280">
        <ele>3039.7860000</ele>
        <time>2008-07-19T14:40:57Z</time>
      </trkpt>
      <trkpt lat="46.5400760" lon="12.0479650">
        <ele>3039.1900000</ele>
        <time>2008-07-19T14:41:08Z</time>
      </trkpt>
      <trkpt lat="46.5400870" lon="12.0480390">
        <ele>3038.6430000</ele>
        <time>2008-07-19T14:41:18Z</time>
      </trkpt>
      <trkpt lat="46.5400900" lon="12.0480720">
        <ele>3037.9730000</ele>
        <time>2008-07-19T14:41:26Z</time>
      </trkpt>
      <trkpt lat="46.5401230" lon="12.0480380">
        <ele>3037.2420000</ele>
        <time>2008-07-19T14:41:39Z</time>
      </trkpt>
      <trkpt lat="46.5401570" lon="12.0479820">
        <ele>3035.3120000</ele>
        <time>2008-07-19T14:41:48Z</time>
      </trkpt>
      <trkpt lat="46.5401690" lon="12.0479590">
        <ele>3034.6650000</ele>
        <time>2008-07-19T14:41:50Z</time>
      </trkpt>
      <trkpt lat="46.5401930" lon="12.0479280">
        <ele>3033.6160000</ele>
        <time>2008-07-19T14:41:59Z</time>
      </trkpt>
      <trkpt lat="46.5402020" lon="12.0479360">
        <ele>3032.9790000</ele>
        <time>2008-07-19T14:42:10Z</time>
      </trkpt>
      <trkpt lat="46.5402240" lon="12.0479230">
        <ele>3032.8300000</ele>
        <time>2008-07-19T14:42:17Z</time>
      </trkpt>
      <trkpt lat="46.5402430" lon="12.0478850">
        <ele>3032.5180000</ele>
        <time>2008-07-19T14:42:22Z</time>
      </trkpt>
      <trkpt lat="46.5402750" lon="12.0478650">
        <ele>3029.7000000</ele>
        <time>2008-07-19T14:42:30Z</time>
      </trkpt>
      <trkpt lat="46.5402700" lon="12.0479380">
        <ele>3029.0500000</ele>
        <time>2008-07-19T14:42:39Z</time>
      </trkpt>
      <trkpt lat="46.5402730" lon="12.0479570">
        <ele>3027.9900000</ele>
        <time>2008-07-19T14:42:51Z</time>
      </trkpt>
      <trkpt lat="46.5402760" lon="12.0479840">
        <ele>3026.5590000</ele>
        <time>2008-07-19T14:43:00Z</time>
      </trkpt>
      <trkpt lat="46.5402830" lon="12.0480130">
        <ele>3026.3170000</ele>
        <time>2008-07-19T14:43:08Z</time>
      </trkpt>
      <trkpt lat="46.5402570" lon="12.0480720">
        <ele>3025.5560000</ele>
        <time>2008-07-19T14:43:16Z</time>
      </trkpt>
      <trkpt lat="46.5402510" lon="12.0480950">
        <ele>3025.6800000</ele>
        <time>2008-07-19T14:43:26Z</time>
      </trkpt>
      <trkpt lat="46.5402460" lon="12.0481390">
        <ele>3024.9820000</ele>
        <time>2008-07-19T14:43:35Z</time>
      </trkpt>
      <trkpt lat="46.5402290" lon="12.0481640">
        <ele>3024.4590000</ele>
        <time>2008-07-19T14:43:44Z</time>
      </trkpt>
      <trkpt lat="46.5402240" lon="12.0481750">
        <ele>3023.6720000</ele>
        <time>2008-07-19T14:43:55Z</time>
      </trkpt>
      <trkpt lat="46.5402370" lon="12.0482060">
        <ele>3022.9900000</ele>
        <time>2008-07-19T14:44:03Z</time>
      </trkpt>
      <trkpt lat="46.5402430" lon="12.0482170">
        <ele>3021.0050000</ele>
        <time>2008-07-19T14:44:06Z</time>
      </trkpt>
      <trkpt lat="46.5402490" lon="12.0482760">
        <ele>3018.1080000</ele>
        <time>2008-07-19T14:44:14Z</time>
      </trkpt>
      <trkpt lat="46.5402840" lon="12.0482900">
        <ele>3017.3110000</ele>
        <time>2008-07-19T14:44:21Z</time>
      </trkpt>
      <trkpt lat="46.5403310" lon="12.0482460">
        <ele>3015.4870000</ele>
        <time>2008-07-19T14:44:29Z</time>
      </trkpt>
      <trkpt lat="46.5403390" lon="12.0482400">
        <ele>3015.4840000</ele>
        <time>2008-07-19T14:44:30Z</time>
      </trkpt>
      <trkpt lat="46.5403890" lon="12.0481710">
        <ele>3014.3020000</ele>
        <time>2008-07-19T14:44:40Z</time>
      </trkpt>
      <trkpt lat="46.5403950" lon="12.0481530">
        <ele>3012.7820000</ele>
        <time>2008-07-19T14:44:43Z</time>
      </trkpt>
      <trkpt lat="46.5404020" lon="12.0481410">
        <ele>3012.5840000</ele>
        <time>2008-07-19T14:44:51Z</time>
      </trkpt>
      <trkpt lat="46.5404330" lon="12.0481070">
        <ele>3011.6290000</ele>
        <time>2008-07-19T14:44:58Z</time>
      </trkpt>
      <trkpt lat="46.5404580" lon="12.0480830">
        <ele>3009.2730000</ele>
        <time>2008-07-19T14:45:02Z</time>
      </trkpt>
      <trkpt lat="46.5404840" lon="12.0480350">
        <ele>3007.9570000</ele>
        <time>2008-07-19T14:45:10Z</time>
      </trkpt>
      <trkpt lat="46.5405050" lon="12.0479910">
        <ele>3007.0710000</ele>
        <time>2008-07-19T14:45:19Z</time>
      </trkpt>
      <trkpt lat="46.5405030" lon="12.0479560">
        <ele>3007.3180000</ele>
        <time>2008-07-19T14:45:29Z</time>
      </trkpt>
      <trkpt lat="46.5405090" lon="12.0479350">
        <ele>3007.9380000</ele>
        <time>2008-07-19T14:45:40Z</time>
      </trkpt>
      <trkpt lat="46.5405140" lon="12.0479240">
        <ele>3007.2430000</ele>
        <time>2008-07-19T14:45:43Z</time>
      </trkpt>
      <trkpt lat="46.5405290" lon="12.0478240">
        <ele>3007.2120000</ele>
        <time>2008-07-19T14:45:52Z</time>
      </trkpt>
      <trkpt lat="46.5405580" lon="12.0478090">
        <ele>3005.2960000</ele>
        <time>2008-07-19T14:45:58Z</time>
      </trkpt>
      <trkpt lat="46.5405710" lon="12.0477940">
        <ele>3004.6950000</ele>
        <time>2008-07-19T14:46:00Z</time>
      </trkpt>
      <trkpt lat="46.5406230" lon="12.0477410">
        <ele>3003.5440000</ele>
        <time>2008-07-19T14:46:07Z</time>
      </trkpt>
      <trkpt lat="46.5406580" lon="12.0477030">
        <ele>3002.3490000</ele>
        <time>2008-07-19T14:46:13Z</time>
      </trkpt>
      <trkpt lat="46.5406780" lon="12.0477090">
        <ele>3002.3650000</ele>
        <time>2008-07-19T14:46:31Z</time>
      </trkpt>
      <trkpt lat="46.5406730" lon="12.0477200">
        <ele>3002.7810000</ele>
        <time>2008-07-19T14:46:38Z</time>
      </trkpt>
      <trkpt lat="46.5406770" lon="12.0477420">
        <ele>3002.5500000</ele>
        <time>2008-07-19T14:46:45Z</time>
      </trkpt>
      <trkpt lat="46.5406740" lon="12.0477670">
        <ele>3001.8090000</ele>
        <time>2008-07-19T14:46:56Z</time>
      </trkpt>
      <trkpt lat="46.5406670" lon="12.0478000">
        <ele>3000.3850000</ele>
        <time>2008-07-19T14:47:05Z</time>
      </trkpt>
      <trkpt lat="46.5406810" lon="12.0478200">
        <ele>2997.8500000</ele>
        <time>2008-07-19T14:47:10Z</time>
      </trkpt>
      <trkpt lat="46.5406950" lon="12.0478350">
        <ele>2997.2760000</ele>
        <time>2008-07-19T14:47:17Z</time>
      </trkpt>
      <trkpt lat="46.5407280" lon="12.0478080">
        <ele>2995.5150000</ele>
        <time>2008-07-19T14:47:23Z</time>
      </trkpt>
      <trkpt lat="46.5407510" lon="12.0478360">
        <ele>2994.2690000</ele>
        <time>2008-07-19T14:47:29Z</time>
      </trkpt>
      <trkpt lat="46.5407480" lon="12.0478540">
        <ele>2994.2240000</ele>
        <time>2008-07-19T14:47:36Z</time>
      </trkpt>
      <trkpt lat="46.5407490" lon="12.0479050">
        <ele>2992.1490000</ele>
        <time>2008-07-19T14:47:43Z</time>
      </trkpt>
      <trkpt lat="46.5407790" lon="12.0478980">
        <ele>2990.9770000</ele>
        <time>2008-07-19T14:47:49Z</time>
      </trkpt>
      <trkpt lat="46.5408060" lon="12.0479110">
        <ele>2990.1810000</ele>
        <time>2008-07-19T14:47:57Z</time>
      </trkpt>
      <trkpt lat="46.5408220" lon="12.0479570">
        <ele>2988.1980000</ele>
        <time>2008-07-19T14:48:04Z</time>
      </trkpt>
      <trkpt lat="46.5408250" lon="12.0480120">
        <ele>2985.3600000</ele>
        <time>2008-07-19T14:48:12Z</time>
      </trkpt>
      <trkpt lat="46.5408230" lon="12.0480260">
        <ele>2984.4610000</ele>
        <time>2008-07-19T14:48:14Z</time>
      </trkpt>
      <trkpt lat="46.5408250" lon="12.0480530">
        <ele>2982.9870000</ele>
        <time>2008-07-19T14:48:29Z</time>
      </trkpt>
      <trkpt lat="46.5408380" lon="12.0480520">
        <ele>2982.1040000</ele>
        <time>2008-07-19T14:48:37Z</time>
      </trkpt>
      <trkpt lat="46.5408540" lon="12.0480350">
        <ele>2982.1680000</ele>
        <time>2008-07-19T14:48:47Z</time>
      </trkpt>
      <trkpt lat="46.5408630" lon="12.0480350">
        <ele>2981.2970000</ele>
        <time>2008-07-19T14:48:49Z</time>
      </trkpt>
      <trkpt lat="46.5408660" lon="12.0480460">
        <ele>2980.9010000</ele>
        <time>2008-07-19T14:48:58Z</time>
      </trkpt>
      <trkpt lat="46.5408760" lon="12.0480700">
        <ele>2979.5260000</ele>
        <time>2008-07-19T14:49:09Z</time>
      </trkpt>
      <trkpt lat="46.5408730" lon="12.0481110">
        <ele>2978.1120000</ele>
        <time>2008-07-19T14:49:16Z</time>
      </trkpt>
      <trkpt lat="46.5408750" lon="12.0481220">
        <ele>2977.7970000</ele>
        <time>2008-07-19T14:49:29Z</time>
      </trkpt>
      <trkpt lat="46.5408780" lon="12.0481320">
        <ele>2976.5560000</ele>
        <time>2008-07-19T14:49:40Z</time>
      </trkpt>
      <trkpt lat="46.5408730" lon="12.0481450">
        <ele>2975.8940000</ele>
        <time>2008-07-19T14:49:49Z</time>
      </trkpt>
      <trkpt lat="46.5408710" lon="12.0481430">
        <ele>2975.8020000</ele>
        <time>2008-07-19T14:50:03Z</time>
      </trkpt>
      <trkpt lat="46.5408800" lon="12.0481560">
        <ele>2976.0490000</ele>
        <time>2008-07-19T14:50:13Z</time>
      </trkpt>
      <trkpt lat="46.5408850" lon="12.0481930">
        <ele>2974.5400000</ele>
        <time>2008-07-19T14:50:21Z</time>
      </trkpt>
      <trkpt lat="46.5408860" lon="12.0482070">
        <ele>2973.7920000</ele>
        <time>2008-07-19T14:50:23Z</time>
      </trkpt>
      <trkpt lat="46.5408800" lon="12.0482550">
        <ele>2972.1590000</ele>
        <time>2008-07-19T14:50:31Z</time>
      </trkpt>
      <trkpt lat="46.5408780" lon="12.0482590">
        <ele>2971.7680000</ele>
        <time>2008-07-19T14:50:40Z</time>
      </trkpt>
      <trkpt lat="46.5408520" lon="12.0483030">
        <ele>2971.9440000</ele>
        <time>2008-07-19T14:50:47Z</time>
      </trkpt>
      <trkpt lat="46.5408450" lon="12.0483360">
        <ele>2971.2360000</ele>
        <time>2008-07-19T14:50:56Z</time>
      </trkpt>
      <trkpt lat="46.5408460" lon="12.0483500">
        <ele>2971.0350000</ele>
        <time>2008-07-19T14:51:02Z</time>
      </trkpt>
      <trkpt lat="46.5408450" lon="12.0483410">
        <ele>2970.9360000</ele>
        <time>2008-07-19T14:51:07Z</time>
      </trkpt>
      <trkpt lat="46.5408530" lon="12.0483570">
        <ele>2969.6770000</ele>
        <time>2008-07-19T14:51:14Z</time>
      </trkpt>
      <trkpt lat="46.5408550" lon="12.0483680">
        <ele>2969.2390000</ele>
        <time>2008-07-19T14:51:23Z</time>
      </trkpt>
      <trkpt lat="46.5408550" lon="12.0483540">
        <ele>2969.5190000</ele>
        <time>2008-07-19T14:51:35Z</time>
      </trkpt>
      <trkpt lat="46.5408560" lon="12.0483560">
        <ele>2969.2330000</ele>
        <time>2008-07-19T14:51:44Z</time>
      </trkpt>
      <trkpt lat="46.5408500" lon="12.0483760">
        <ele>2969.1480000</ele>
        <time>2008-07-19T14:51:57Z</time>
      </trkpt>
      <trkpt lat="46.5408470" lon="12.0483990">
        <ele>2968.5510000</ele>
        <time>2008-07-19T14:52:06Z</time>
      </trkpt>
      <trkpt lat="46.5408520" lon="12.0484130">
        <ele>2967.0240000</ele>
        <time>2008-07-19T14:52:12Z</time>
      </trkpt>
      <trkpt lat="46.5408580" lon="12.0484400">
        <ele>2966.3560000</ele>
        <time>2008-07-19T14:52:19Z</time>
      </trkpt>
      <trkpt lat="46.5408520" lon="12.0484560">
        <ele>2965.8750000</ele>
        <time>2008-07-19T14:52:27Z</time>
      </trkpt>
      <trkpt lat="46.5408460" lon="12.0484770">
        <ele>2964.7940000</ele>
        <time>2008-07-19T14:52:34Z</time>
      </trkpt>
      <trkpt lat="46.5408430" lon="12.0485010">
        <ele>2963.5070000</ele>
        <time>2008-07-19T14:52:38Z</time>
      </trkpt>
      <trkpt lat="46.5408400" lon="12.0485060">
        <ele>2963.7520000</ele>
        <time>2008-07-19T14:52:47Z</time>
      </trkpt>
      <trkpt lat="46.5408620" lon="12.0485210">
        <ele>2963.1240000</ele>
        <time>2008-07-19T14:52:54Z</time>
      </trkpt>
      <trkpt lat="46.5409090" lon="12.0485600">
        <ele>2959.0640000</ele>
        <time>2008-07-19T14:53:01Z</time>
      </trkpt>
      <trkpt lat="46.5409150" lon="12.0485650">
        <ele>2958.7930000</ele>
        <time>2008-07-19T14:53:02Z</time>
      </trkpt>
      <trkpt lat="46.5409600" lon="12.0486200">
        <ele>2955.4250000</ele>
        <time>2008-07-19T14:53:10Z</time>
      </trkpt>
      <trkpt lat="46.5410170" lon="12.0486380">
        <ele>2951.7700000</ele>
        <time>2008-07-19T14:53:19Z</time>
      </trkpt>
      <trkpt lat="46.5410220" lon="12.0486400">
        <ele>2951.6670000</ele>
        <time>2008-07-19T14:53:20Z</time>
      </trkpt>
      <trkpt lat="46.5410390" lon="12.0486130">
        <ele>2949.8430000</ele>
        <time>2008-07-19T14:53:26Z</time>
      </trkpt>
      <trkpt lat="46.5410500" lon="12.0486070">
        <ele>2948.3410000</ele>
        <time>2008-07-19T14:53:33Z</time>
      </trkpt>
      <trkpt lat="46.5410760" lon="12.0485820">
        <ele>2947.8660000</ele>
        <time>2008-07-19T14:53:40Z</time>
      </trkpt>
      <trkpt lat="46.5410780" lon="12.0485850">
        <ele>2948.0430000</ele>
        <time>2008-07-19T14:53:42Z</time>
      </trkpt>
      <trkpt lat="46.5411130" lon="12.0485780">
        <ele>2946.2620000</ele>
        <time>2008-07-19T14:53:49Z</time>
      </trkpt>
      <trkpt lat="46.5411360" lon="12.0485690">
        <ele>2945.8650000</ele>
        <time>2008-07-19T14:53:55Z</time>
      </trkpt>
      <trkpt lat="46.5411480" lon="12.0486200">
        <ele>2944.8150000</ele>
        <time>2008-07-19T14:54:01Z</time>
      </trkpt>
      <trkpt lat="46.5411480" lon="12.0486760">
        <ele>2943.4260000</ele>
        <time>2008-07-19T14:54:05Z</time>
      </trkpt>
      <trkpt lat="46.5411510" lon="12.0487350">
        <ele>2941.0090000</ele>
        <time>2008-07-19T14:54:14Z</time>
      </trkpt>
      <trkpt lat="46.5411570" lon="12.0487440">
        <ele>2940.5310000</ele>
        <time>2008-07-19T14:54:21Z</time>
      </trkpt>
      <trkpt lat="46.5411580" lon="12.0487520">
        <ele>2940.6260000</ele>
        <time>2008-07-19T14:54:23Z</time>
      </trkpt>
      <trkpt lat="46.5411560" lon="12.0487990">
        <ele>2940.2240000</ele>
        <time>2008-07-19T14:54:30Z</time>
      </trkpt>
      <trkpt lat="46.5412090" lon="12.0487700">
        <ele>2935.4940000</ele>
        <time>2008-07-19T14:55:09Z</time>
      </trkpt>
      <trkpt lat="46.5412080" lon="12.0488080">
        <ele>2934.4150000</ele>
        <time>2008-07-19T14:55:21Z</time>
      </trkpt>
      <trkpt lat="46.5412040" lon="12.0488450">
        <ele>2933.1860000</ele>
        <time>2008-07-19T14:55:31Z</time>
      </trkpt>
      <trkpt lat="46.5412240" lon="12.0488330">
        <ele>2931.5130000</ele>
        <time>2008-07-19T14:55:39Z</time>
      </trkpt>
      <trkpt lat="46.5412570" lon="12.0488040">
        <ele>2930.7580000</ele>
        <time>2008-07-19T14:55:48Z</time>
      </trkpt>
      <trkpt lat="46.5412640" lon="12.0488080">
        <ele>2930.3840000</ele>
        <time>2008-07-19T14:55:56Z</time>
      </trkpt>
      <trkpt lat="46.5412590" lon="12.0488300">
        <ele>2929.8510000</ele>
        <time>2008-07-19T14:56:03Z</time>
      </trkpt>
      <trkpt lat="46.5412690" lon="12.0488480">
        <ele>2928.9180000</ele>
        <time>2008-07-19T14:56:12Z</time>
      </trkpt>
      <trkpt lat="46.5413140" lon="12.0488410">
        <ele>2926.7460000</ele>
        <time>2008-07-19T14:56:21Z</time>
      </trkpt>
      <trkpt lat="46.5413140" lon="12.0488690">
        <ele>2925.9740000</ele>
        <time>2008-07-19T14:56:24Z</time>
      </trkpt>
      <trkpt lat="46.5413090" lon="12.0488990">
        <ele>2925.3210000</ele>
        <time>2008-07-19T14:56:27Z</time>
      </trkpt>
      <trkpt lat="46.5413610" lon="12.0488850">
        <ele>2923.4060000</ele>
        <time>2008-07-19T14:56:34Z</time>
      </trkpt>
      <trkpt lat="46.5413870" lon="12.0488660">
        <ele>2923.1270000</ele>
        <time>2008-07-19T14:56:43Z</time>
      </trkpt>
      <trkpt lat="46.5414200" lon="12.0488570">
        <ele>2921.9520000</ele>
        <time>2008-07-19T14:56:50Z</time>
      </trkpt>
      <trkpt lat="46.5414430" lon="12.0488560">
        <ele>2920.8650000</ele>
        <time>2008-07-19T14:56:58Z</time>
      </trkpt>
      <trkpt lat="46.5414110" lon="12.0488950">
        <ele>2920.9520000</ele>
        <time>2008-07-19T14:57:08Z</time>
      </trkpt>
      <trkpt lat="46.5414100" lon="12.0489050">
        <ele>2920.1890000</ele>
        <time>2008-07-19T14:57:16Z</time>
      </trkpt>
      <trkpt lat="46.5414430" lon="12.0489080">
        <ele>2918.8110000</ele>
        <time>2008-07-19T14:57:25Z</time>
      </trkpt>
      <trkpt lat="46.5414790" lon="12.0489060">
        <ele>2918.1210000</ele>
        <time>2008-07-19T14:57:32Z</time>
      </trkpt>
      <trkpt lat="46.5415100" lon="12.0488910">
        <ele>2917.6240000</ele>
        <time>2008-07-19T14:57:40Z</time>
      </trkpt>
      <trkpt lat="46.5415250" lon="12.0488970">
        <ele>2916.0820000</ele>
        <time>2008-07-19T14:57:47Z</time>
      </trkpt>
      <trkpt lat="46.5415070" lon="12.0489410">
        <ele>2914.2800000</ele>
        <time>2008-07-19T14:57:55Z</time>
      </trkpt>
      <trkpt lat="46.5414930" lon="12.0489410">
        <ele>2914.7900000</ele>
        <time>2008-07-19T14:58:03Z</time>
      </trkpt>
      <trkpt lat="46.5414930" lon="12.0489380">
        <ele>2916.1950000</ele>
        <time>2008-07-19T14:58:28Z</time>
      </trkpt>
      <trkpt lat="46.5414570" lon="12.0489650">
        <ele>2915.5930000</ele>
        <time>2008-07-19T14:58:36Z</time>
      </trkpt>
      <trkpt lat="46.5414650" lon="12.0489790">
        <ele>2914.3740000</ele>
        <time>2008-07-19T14:58:43Z</time>
      </trkpt>
      <trkpt lat="46.5414680" lon="12.0490170">
        <ele>2911.5190000</ele>
        <time>2008-07-19T14:58:51Z</time>
      </trkpt>
      <trkpt lat="46.5414610" lon="12.0490400">
        <ele>2912.2490000</ele>
        <time>2008-07-19T14:58:54Z</time>
      </trkpt>
      <trkpt lat="46.5414400" lon="12.0491110">
        <ele>2910.1020000</ele>
        <time>2008-07-19T14:58:58Z</time>
      </trkpt>
      <trkpt lat="46.5414280" lon="12.0491480">
        <ele>2909.6980000</ele>
        <time>2008-07-19T14:59:00Z</time>
      </trkpt>
      <trkpt lat="46.5413870" lon="12.0492480">
        <ele>2907.0060000</ele>
        <time>2008-07-19T14:59:09Z</time>
      </trkpt>
      <trkpt lat="46.5413920" lon="12.0492510">
        <ele>2908.1310000</ele>
        <time>2008-07-19T14:59:33Z</time>
      </trkpt>
      <trkpt lat="46.5413930" lon="12.0492790">
        <ele>2906.6330000</ele>
        <time>2008-07-19T14:59:43Z</time>
      </trkpt>
      <trkpt lat="46.5413910" lon="12.0492930">
        <ele>2905.4100000</ele>
        <time>2008-07-19T15:01:05Z</time>
      </trkpt>
      <trkpt lat="46.5414030" lon="12.0493030">
        <ele>2905.4610000</ele>
        <time>2008-07-19T15:01:55Z</time>
      </trkpt>
      <trkpt lat="46.5413930" lon="12.0493250">
        <ele>2904.6630000</ele>
        <time>2008-07-19T15:02:02Z</time>
      </trkpt>
      <trkpt lat="46.5413940" lon="12.0493420">
        <ele>2903.2900000</ele>
        <time>2008-07-19T15:02:19Z</time>
      </trkpt>
      <trkpt lat="46.5413970" lon="12.0493400">
        <ele>2904.6160000</ele>
        <time>2008-07-19T15:02:56Z</time>
      </trkpt>
      <trkpt lat="46.5413920" lon="12.0494140">
        <ele>2902.7800000</ele>
        <time>2008-07-19T15:03:23Z</time>
      </trkpt>
      <trkpt lat="46.5413920" lon="12.0494580">
        <ele>2901.9540000</ele>
        <time>2008-07-19T15:03:27Z</time>
      </trkpt>
      <trkpt lat="46.5414040" lon="12.0495340">
        <ele>2899.1320000</ele>
        <time>2008-07-19T15:03:32Z</time>
      </trkpt>
      <trkpt lat="46.5414140" lon="12.0496460">
        <ele>2895.5170000</ele>
        <time>2008-07-19T15:03:38Z</time>
      </trkpt>
      <trkpt lat="46.5414210" lon="12.0497160">
        <ele>2893.5060000</ele>
        <time>2008-07-19T15:03:42Z</time>
      </trkpt>
      <trkpt lat="46.5414470" lon="12.0498360">
        <ele>2890.2590000</ele>
        <time>2008-07-19T15:03:49Z</time>
      </trkpt>
      <trkpt lat="46.5414700" lon="12.0498540">
        <ele>2887.6270000</ele>
        <time>2008-07-19T15:03:58Z</time>
      </trkpt>
      <trkpt lat="46.5415100" lon="12.0498230">
        <ele>2886.0620000</ele>
        <time>2008-07-19T15:04:03Z</time>
      </trkpt>
      <trkpt lat="46.5415250" lon="12.0499130">
        <ele>2884.6980000</ele>
        <time>2008-07-19T15:04:08Z</time>
      </trkpt>
      <trkpt lat="46.5415440" lon="12.0499850">
        <ele>2883.3090000</ele>
        <time>2008-07-19T15:04:11Z</time>
      </trkpt>
      <trkpt lat="46.5415330" lon="12.0501940">
        <ele>2881.1300000</ele>
        <time>2008-07-19T15:04:21Z</time>
      </trkpt>
      <trkpt lat="46.5415110" lon="12.0503540">
        <ele>2881.6700000</ele>
        <time>2008-07-19T15:04:30Z</time>
      </trkpt>
      <trkpt lat="46.5415010" lon="12.0504120">
        <ele>2881.8390000</ele>
        <time>2008-07-19T15:04:39Z</time>
      </trkpt>
      <trkpt lat="46.5414890" lon="12.0505020">
        <ele>2882.6880000</ele>
        <time>2008-07-19T15:04:47Z</time>
      </trkpt>
      <trkpt lat="46.5414790" lon="12.0505260">
        <ele>2882.0060000</ele>
        <time>2008-07-19T15:04:49Z</time>
      </trkpt>
      <trkpt lat="46.5414610" lon="12.0505700">
        <ele>2881.0520000</ele>
        <time>2008-07-19T15:04:58Z</time>
      </trkpt>
      <trkpt lat="46.5414520" lon="12.0506000">
        <ele>2880.5790000</ele>
        <time>2008-07-19T15:05:06Z</time>
      </trkpt>
      <trkpt lat="46.5414750" lon="12.0505950">
        <ele>2880.1200000</ele>
        <time>2008-07-19T15:05:13Z</time>
      </trkpt>
      <trkpt lat="46.5414910" lon="12.0506240">
        <ele>2877.9400000</ele>
        <time>2008-07-19T15:05:22Z</time>
      </trkpt>
      <trkpt lat="46.5415120" lon="12.0506160">
        <ele>2875.4800000</ele>
        <time>2008-07-19T15:05:30Z</time>
      </trkpt>
      <trkpt lat="46.5415260" lon="12.0506760">
        <ele>2875.1080000</ele>
        <time>2008-07-19T15:05:39Z</time>
      </trkpt>
      <trkpt lat="46.5415350" lon="12.0507180">
        <ele>2873.9860000</ele>
        <time>2008-07-19T15:05:48Z</time>
      </trkpt>
      <trkpt lat="46.5415370" lon="12.0507630">
        <ele>2872.3720000</ele>
        <time>2008-07-19T15:05:56Z</time>
      </trkpt>
      <trkpt lat="46.5415530" lon="12.0508070">
        <ele>2871.4620000</ele>
        <time>2008-07-19T15:06:04Z</time>
      </trkpt>
      <trkpt lat="46.5415540" lon="12.0508460">
        <ele>2870.3650000</ele>
        <time>2008-07-19T15:06:21Z</time>
      </trkpt>
      <trkpt lat="46.5415560" lon="12.0509130">
        <ele>2867.1090000</ele>
        <time>2008-07-19T15:06:29Z</time>
      </trkpt>
      <trkpt lat="46.5415440" lon="12.0509590">
        <ele>2865.5390000</ele>
        <time>2008-07-19T15:06:37Z</time>
      </trkpt>
      <trkpt lat="46.5415520" lon="12.0510240">
        <ele>2863.8300000</ele>
        <time>2008-07-19T15:06:47Z</time>
      </trkpt>
      <trkpt lat="46.5415590" lon="12.0510800">
        <ele>2862.3540000</ele>
        <time>2008-07-19T15:06:57Z</time>
      </trkpt>
      <trkpt lat="46.5415620" lon="12.0511390">
        <ele>2861.1420000</ele>
        <time>2008-07-19T15:07:05Z</time>
      </trkpt>
      <trkpt lat="46.5416030" lon="12.0511140">
        <ele>2859.1940000</ele>
        <time>2008-07-19T15:07:12Z</time>
      </trkpt>
      <trkpt lat="46.5416410" lon="12.0510710">
        <ele>2858.2490000</ele>
        <time>2008-07-19T15:07:20Z</time>
      </trkpt>
      <trkpt lat="46.5416620" lon="12.0510460">
        <ele>2857.9710000</ele>
        <time>2008-07-19T15:07:26Z</time>
      </trkpt>
      <trkpt lat="46.5416830" lon="12.0510450">
        <ele>2857.6480000</ele>
        <time>2008-07-19T15:07:34Z</time>
      </trkpt>
      <trkpt lat="46.5416750" lon="12.0510690">
        <ele>2857.7420000</ele>
        <time>2008-07-19T15:07:42Z</time>
      </trkpt>
      <trkpt lat="46.5416800" lon="12.0510950">
        <ele>2857.0970000</ele>
        <time>2008-07-19T15:07:50Z</time>
      </trkpt>
      <trkpt lat="46.5416990" lon="12.0510570">
        <ele>2856.2170000</ele>
        <time>2008-07-19T15:07:57Z</time>
      </trkpt>
      <trkpt lat="46.5416840" lon="12.0510870">
        <ele>2856.3340000</ele>
        <time>2008-07-19T15:08:05Z</time>
      </trkpt>
      <trkpt lat="46.5416580" lon="12.0510990">
        <ele>2856.7450000</ele>
        <time>2008-07-19T15:08:12Z</time>
      </trkpt>
      <trkpt lat="46.5416550" lon="12.0511300">
        <ele>2856.6670000</ele>
        <time>2008-07-19T15:08:20Z</time>
      </trkpt>
      <trkpt lat="46.5416400" lon="12.0511490">
        <ele>2856.3190000</ele>
        <time>2008-07-19T15:08:30Z</time>
      </trkpt>
      <trkpt lat="46.5416600" lon="12.0511450">
        <ele>2856.0310000</ele>
        <time>2008-07-19T15:08:39Z</time>
      </trkpt>
      <trkpt lat="46.5416820" lon="12.0511420">
        <ele>2853.9100000</ele>
        <time>2008-07-19T15:08:47Z</time>
      </trkpt>
      <trkpt lat="46.5416910" lon="12.0511160">
        <ele>2854.4600000</ele>
        <time>2008-07-19T15:08:54Z</time>
      </trkpt>
      <trkpt lat="46.5417030" lon="12.0510980">
        <ele>2855.1300000</ele>
        <time>2008-07-19T15:09:03Z</time>
      </trkpt>
      <trkpt lat="46.5417310" lon="12.0510410">
        <ele>2853.9790000</ele>
        <time>2008-07-19T15:09:11Z</time>
      </trkpt>
      <trkpt lat="46.5417530" lon="12.0510540">
        <ele>2852.5830000</ele>
        <time>2008-07-19T15:09:18Z</time>
      </trkpt>
      <trkpt lat="46.5417410" lon="12.0510890">
        <ele>2850.9550000</ele>
        <time>2008-07-19T15:09:26Z</time>
      </trkpt>
      <trkpt lat="46.5417350" lon="12.0511090">
        <ele>2850.8870000</ele>
        <time>2008-07-19T15:09:33Z</time>
      </trkpt>
      <trkpt lat="46.5417380" lon="12.0511120">
        <ele>2850.6560000</ele>
        <time>2008-07-19T15:09:45Z</time>
      </trkpt>
      <trkpt lat="46.5417510" lon="12.0511350">
        <ele>2848.6360000</ele>
        <time>2008-07-19T15:09:52Z</time>
      </trkpt>
      <trkpt lat="46.5417850" lon="12.0511510">
        <ele>2848.0650000</ele>
        <time>2008-07-19T15:09:59Z</time>
      </trkpt>
      <trkpt lat="46.5417830" lon="12.0511880">
        <ele>2847.4260000</ele>
        <time>2008-07-19T15:10:05Z</time>
      </trkpt>
      <trkpt lat="46.5417810" lon="12.0512120">
        <ele>2846.4180000</ele>
        <time>2008-07-19T15:10:12Z</time>
      </trkpt>
      <trkpt lat="46.5417600" lon="12.0512550">
        <ele>2845.7260000</ele>
        <time>2008-07-19T15:10:20Z</time>
      </trkpt>
      <trkpt lat="46.5417810" lon="12.0512500">
        <ele>2845.2810000</ele>
        <time>2008-07-19T15:10:28Z</time>
      </trkpt>
      <trkpt lat="46.5417970" lon="12.0512490">
        <ele>2844.2780000</ele>
        <time>2008-07-19T15:10:34Z</time>
      </trkpt>
      <trkpt lat="46.5418010" lon="12.0512600">
        <ele>2843.5920000</ele>
        <time>2008-07-19T15:10:36Z</time>
      </trkpt>
      <trkpt lat="46.5418360" lon="12.0511930">
        <ele>2842.9920000</ele>
        <time>2008-07-19T15:10:43Z</time>
      </trkpt>
      <trkpt lat="46.5418400" lon="12.0512340">
        <ele>2841.9650000</ele>
        <time>2008-07-19T15:10:52Z</time>
      </trkpt>
      <trkpt lat="46.5418290" lon="12.0512460">
        <ele>2841.7640000</ele>
        <time>2008-07-19T15:11:02Z</time>
      </trkpt>
      <trkpt lat="46.5418460" lon="12.0512690">
        <ele>2841.0560000</ele>
        <time>2008-07-19T15:11:13Z</time>
      </trkpt>
      <trkpt lat="46.5418550" lon="12.0512510">
        <ele>2839.4120000</ele>
        <time>2008-07-19T15:11:21Z</time>
      </trkpt>
      <trkpt lat="46.5418780" lon="12.0512060">
        <ele>2839.7790000</ele>
        <time>2008-07-19T15:11:36Z</time>
      </trkpt>
      <trkpt lat="46.5419050" lon="12.0511490">
        <ele>2837.6420000</ele>
        <time>2008-07-19T15:11:43Z</time>
      </trkpt>
      <trkpt lat="46.5419260" lon="12.0511260">
        <ele>2836.4620000</ele>
        <time>2008-07-19T15:11:51Z</time>
      </trkpt>
      <trkpt lat="46.5419360" lon="12.0511040">
        <ele>2836.1800000</ele>
        <time>2008-07-19T15:11:58Z</time>
      </trkpt>
      <trkpt lat="46.5419400" lon="12.0510850">
        <ele>2836.1640000</ele>
        <time>2008-07-19T15:12:06Z</time>
      </trkpt>
      <trkpt lat="46.5419570" lon="12.0510700">
        <ele>2836.1520000</ele>
        <time>2008-07-19T15:12:13Z</time>
      </trkpt>
      <trkpt lat="46.5419710" lon="12.0510960">
        <ele>2835.4570000</ele>
        <time>2008-07-19T15:12:18Z</time>
      </trkpt>
      <trkpt lat="46.5420110" lon="12.0510760">
        <ele>2833.7680000</ele>
        <time>2008-07-19T15:12:22Z</time>
      </trkpt>
      <trkpt lat="46.5420240" lon="12.0510410">
        <ele>2831.7440000</ele>
        <time>2008-07-19T15:12:29Z</time>
      </trkpt>
      <trkpt lat="46.5420260" lon="12.0510330">
        <ele>2830.2480000</ele>
        <time>2008-07-19T15:12:35Z</time>
      </trkpt>
      <trkpt lat="46.5420440" lon="12.0510280">
        <ele>2829.9270000</ele>
        <time>2008-07-19T15:12:46Z</time>
      </trkpt>
      <trkpt lat="46.5420630" lon="12.0510180">
        <ele>2829.5440000</ele>
        <time>2008-07-19T15:12:52Z</time>
      </trkpt>
      <trkpt lat="46.5420670" lon="12.0510230">
        <ele>2829.8510000</ele>
        <time>2008-07-19T15:13:01Z</time>
      </trkpt>
      <trkpt lat="46.5420860" lon="12.0510470">
        <ele>2828.6700000</ele>
        <time>2008-07-19T15:13:11Z</time>
      </trkpt>
      <trkpt lat="46.5421120" lon="12.0510440">
        <ele>2828.1560000</ele>
        <time>2008-07-19T15:13:18Z</time>
      </trkpt>
      <trkpt lat="46.5421290" lon="12.0510550">
        <ele>2827.9680000</ele>
        <time>2008-07-19T15:13:24Z</time>
      </trkpt>
      <trkpt lat="46.5421110" lon="12.0510660">
        <ele>2828.0020000</ele>
        <time>2008-07-19T15:13:37Z</time>
      </trkpt>
      <trkpt lat="46.5421080" lon="12.0511300">
        <ele>2826.7120000</ele>
        <time>2008-07-19T15:13:44Z</time>
      </trkpt>
      <trkpt lat="46.5420780" lon="12.0511770">
        <ele>2825.8360000</ele>
        <time>2008-07-19T15:13:52Z</time>
      </trkpt>
      <trkpt lat="46.5420860" lon="12.0512060">
        <ele>2824.8020000</ele>
        <time>2008-07-19T15:13:56Z</time>
      </trkpt>
      <trkpt lat="46.5420810" lon="12.0512680">
        <ele>2823.9360000</ele>
        <time>2008-07-19T15:14:05Z</time>
      </trkpt>
      <trkpt lat="46.5420910" lon="12.0513270">
        <ele>2821.7460000</ele>
        <time>2008-07-19T15:14:15Z</time>
      </trkpt>
      <trkpt lat="46.5420810" lon="12.0513530">
        <ele>2820.9230000</ele>
        <time>2008-07-19T15:14:22Z</time>
      </trkpt>
      <trkpt lat="46.5420960" lon="12.0513900">
        <ele>2820.3270000</ele>
        <time>2008-07-19T15:14:29Z</time>
      </trkpt>
      <trkpt lat="46.5421100" lon="12.0514280">
        <ele>2818.7020000</ele>
        <time>2008-07-19T15:14:37Z</time>
      </trkpt>
      <trkpt lat="46.5421150" lon="12.0515020">
        <ele>2817.2610000</ele>
        <time>2008-07-19T15:14:46Z</time>
      </trkpt>
      <trkpt lat="46.5420780" lon="12.0515540">
        <ele>2815.7150000</ele>
        <time>2008-07-19T15:14:55Z</time>
      </trkpt>
      <trkpt lat="46.5420860" lon="12.0515730">
        <ele>2815.4660000</ele>
        <time>2008-07-19T15:15:03Z</time>
      </trkpt>
      <trkpt lat="46.5420830" lon="12.0516250">
        <ele>2813.6250000</ele>
        <time>2008-07-19T15:15:10Z</time>
      </trkpt>
      <trkpt lat="46.5421030" lon="12.0516250">
        <ele>2813.1720000</ele>
        <time>2008-07-19T15:15:19Z</time>
      </trkpt>
      <trkpt lat="46.5421310" lon="12.0516070">
        <ele>2813.3070000</ele>
        <time>2008-07-19T15:15:27Z</time>
      </trkpt>
      <trkpt lat="46.5421530" lon="12.0515830">
        <ele>2813.3090000</ele>
        <time>2008-07-19T15:15:30Z</time>
      </trkpt>
      <trkpt lat="46.5421550" lon="12.0516270">
        <ele>2811.4170000</ele>
        <time>2008-07-19T15:15:37Z</time>
      </trkpt>
      <trkpt lat="46.5421630" lon="12.0516740">
        <ele>2809.5860000</ele>
        <time>2008-07-19T15:15:43Z</time>
      </trkpt>
      <trkpt lat="46.5421610" lon="12.0516990">
        <ele>2806.9460000</ele>
        <time>2008-07-19T15:15:51Z</time>
      </trkpt>
      <trkpt lat="46.5421660" lon="12.0517260">
        <ele>2806.1010000</ele>
        <time>2008-07-19T15:15:57Z</time>
      </trkpt>
      <trkpt lat="46.5421990" lon="12.0517190">
        <ele>2806.0620000</ele>
        <time>2008-07-19T15:16:05Z</time>
      </trkpt>
      <trkpt lat="46.5422370" lon="12.0516900">
        <ele>2805.5130000</ele>
        <time>2008-07-19T15:16:13Z</time>
      </trkpt>
      <trkpt lat="46.5422420" lon="12.0517040">
        <ele>2804.4330000</ele>
        <time>2008-07-19T15:16:20Z</time>
      </trkpt>
      <trkpt lat="46.5422430" lon="12.0517110">
        <ele>2804.5280000</ele>
        <time>2008-07-19T15:16:21Z</time>
      </trkpt>
      <trkpt lat="46.5422180" lon="12.0517460">
        <ele>2804.3280000</ele>
        <time>2008-07-19T15:16:28Z</time>
      </trkpt>
      <trkpt lat="46.5422080" lon="12.0517590">
        <ele>2803.4450000</ele>
        <time>2008-07-19T15:16:50Z</time>
      </trkpt>
      <trkpt lat="46.5422050" lon="12.0517700">
        <ele>2803.7430000</ele>
        <time>2008-07-19T15:17:00Z</time>
      </trkpt>
      <trkpt lat="46.5422090" lon="12.0517770">
        <ele>2802.8370000</ele>
        <time>2008-07-19T15:17:09Z</time>
      </trkpt>
      <trkpt lat="46.5422090" lon="12.0517900">
        <ele>2801.6210000</ele>
        <time>2008-07-19T15:17:16Z</time>
      </trkpt>
      <trkpt lat="46.5422100" lon="12.0518030">
        <ele>2800.7210000</ele>
        <time>2008-07-19T15:17:26Z</time>
      </trkpt>
      <trkpt lat="46.5421960" lon="12.0518080">
        <ele>2800.8250000</ele>
        <time>2008-07-19T15:17:36Z</time>
      </trkpt>
      <trkpt lat="46.5421960" lon="12.0518180">
        <ele>2799.9470000</ele>
        <time>2008-07-19T15:17:45Z</time>
      </trkpt>
      <trkpt lat="46.5422050" lon="12.0518350">
        <ele>2799.7580000</ele>
        <time>2008-07-19T15:17:50Z</time>
      </trkpt>
      <trkpt lat="46.5422040" lon="12.0518440">
        <ele>2799.9380000</ele>
        <time>2008-07-19T15:18:16Z</time>
      </trkpt>
      <trkpt lat="46.5422070" lon="12.0518770">
        <ele>2799.5510000</ele>
        <time>2008-07-19T15:18:33Z</time>
      </trkpt>
      <trkpt lat="46.5421990" lon="12.0519140">
        <ele>2798.7280000</ele>
        <time>2008-07-19T15:18:40Z</time>
      </trkpt>
      <trkpt lat="46.5422040" lon="12.0519250">
        <ele>2798.3420000</ele>
        <time>2008-07-19T15:18:45Z</time>
      </trkpt>
      <trkpt lat="46.5422190" lon="12.0519770">
        <ele>2797.1710000</ele>
        <time>2008-07-19T15:18:49Z</time>
      </trkpt>
      <trkpt lat="46.5422090" lon="12.0520030">
        <ele>2796.5230000</ele>
        <time>2008-07-19T15:18:58Z</time>
      </trkpt>
      <trkpt lat="46.5421780" lon="12.0520390">
        <ele>2794.8550000</ele>
        <time>2008-07-19T15:19:17Z</time>
      </trkpt>
      <trkpt lat="46.5421760" lon="12.0520510">
        <ele>2794.2180000</ele>
        <time>2008-07-19T15:19:19Z</time>
      </trkpt>
      <trkpt lat="46.5421990" lon="12.0520770">
        <ele>2792.8910000</ele>
        <time>2008-07-19T15:19:27Z</time>
      </trkpt>
      <trkpt lat="46.5421860" lon="12.0521590">
        <ele>2789.8600000</ele>
        <time>2008-07-19T15:19:33Z</time>
      </trkpt>
      <trkpt lat="46.5421620" lon="12.0522710">
        <ele>2787.9400000</ele>
        <time>2008-07-19T15:19:39Z</time>
      </trkpt>
      <trkpt lat="46.5421710" lon="12.0523310">
        <ele>2787.3490000</ele>
        <time>2008-07-19T15:19:43Z</time>
      </trkpt>
      <trkpt lat="46.5421430" lon="12.0524310">
        <ele>2786.3240000</ele>
        <time>2008-07-19T15:19:51Z</time>
      </trkpt>
      <trkpt lat="46.5421460" lon="12.0524880">
        <ele>2784.4720000</ele>
        <time>2008-07-19T15:19:58Z</time>
      </trkpt>
      <trkpt lat="46.5421390" lon="12.0525050">
        <ele>2784.4520000</ele>
        <time>2008-07-19T15:20:07Z</time>
      </trkpt>
      <trkpt lat="46.5421390" lon="12.0525240">
        <ele>2782.4820000</ele>
        <time>2008-07-19T15:20:18Z</time>
      </trkpt>
      <trkpt lat="46.5421500" lon="12.0525430">
        <ele>2782.5580000</ele>
        <time>2008-07-19T15:20:29Z</time>
      </trkpt>
      <trkpt lat="46.5421450" lon="12.0525800">
        <ele>2781.8720000</ele>
        <time>2008-07-19T15:20:36Z</time>
      </trkpt>
      <trkpt lat="46.5421630" lon="12.0526090">
        <ele>2780.7740000</ele>
        <time>2008-07-19T15:20:43Z</time>
      </trkpt>
      <trkpt lat="46.5421660" lon="12.0526210">
        <ele>2780.2520000</ele>
        <time>2008-07-19T15:20:52Z</time>
      </trkpt>
      <trkpt lat="46.5421990" lon="12.0525980">
        <ele>2779.1280000</ele>
        <time>2008-07-19T15:21:01Z</time>
      </trkpt>
      <trkpt lat="46.5422710" lon="12.0525760">
        <ele>2776.2040000</ele>
        <time>2008-07-19T15:21:09Z</time>
      </trkpt>
      <trkpt lat="46.5423070" lon="12.0525720">
        <ele>2774.9270000</ele>
        <time>2008-07-19T15:21:16Z</time>
      </trkpt>
      <trkpt lat="46.5423370" lon="12.0525130">
        <ele>2774.2730000</ele>
        <time>2008-07-19T15:21:23Z</time>
      </trkpt>
      <trkpt lat="46.5423480" lon="12.0525060">
        <ele>2773.6560000</ele>
        <time>2008-07-19T15:21:25Z</time>
      </trkpt>
      <trkpt lat="46.5423620" lon="12.0525230">
        <ele>2772.8380000</ele>
        <time>2008-07-19T15:21:41Z</time>
      </trkpt>
      <trkpt lat="46.5423580" lon="12.0525620">
        <ele>2772.6710000</ele>
        <time>2008-07-19T15:21:50Z</time>
      </trkpt>
      <trkpt lat="46.5423720" lon="12.0525330">
        <ele>2771.7950000</ele>
        <time>2008-07-19T15:21:58Z</time>
      </trkpt>
      <trkpt lat="46.5423880" lon="12.0525100">
        <ele>2770.3750000</ele>
        <time>2008-07-19T15:22:05Z</time>
      </trkpt>
      <trkpt lat="46.5423970" lon="12.0524920">
        <ele>2769.4410000</ele>
        <time>2008-07-19T15:22:11Z</time>
      </trkpt>
      <trkpt lat="46.5424040" lon="12.0524810">
        <ele>2769.2950000</ele>
        <time>2008-07-19T15:22:14Z</time>
      </trkpt>
      <trkpt lat="46.5424180" lon="12.0525050">
        <ele>2766.9480000</ele>
        <time>2008-07-19T15:22:18Z</time>
      </trkpt>
      <trkpt lat="46.5424120" lon="12.0525200">
        <ele>2766.8040000</ele>
        <time>2008-07-19T15:22:29Z</time>
      </trkpt>
      <trkpt lat="46.5424100" lon="12.0525230">
        <ele>2766.7170000</ele>
        <time>2008-07-19T15:22:44Z</time>
      </trkpt>
      <trkpt lat="46.5423840" lon="12.0526130">
        <ele>2766.3010000</ele>
        <time>2008-07-19T15:22:54Z</time>
      </trkpt>
      <trkpt lat="46.5423730" lon="12.0526680">
        <ele>2764.6840000</ele>
        <time>2008-07-19T15:23:01Z</time>
      </trkpt>
      <trkpt lat="46.5423860" lon="12.0527040">
        <ele>2764.5900000</ele>
        <time>2008-07-19T15:23:07Z</time>
      </trkpt>
      <trkpt lat="46.5423770" lon="12.0527660">
        <ele>2763.6760000</ele>
        <time>2008-07-19T15:23:13Z</time>
      </trkpt>
      <trkpt lat="46.5424090" lon="12.0527600">
        <ele>2762.3230000</ele>
        <time>2008-07-19T15:23:27Z</time>
      </trkpt>
      <trkpt lat="46.5424410" lon="12.0527290">
        <ele>2760.6280000</ele>
        <time>2008-07-19T15:23:35Z</time>
      </trkpt>
      <trkpt lat="46.5424490" lon="12.0527400">
        <ele>2759.3830000</ele>
        <time>2008-07-19T15:23:37Z</time>
      </trkpt>
      <trkpt lat="46.5424500" lon="12.0527450">
        <ele>2759.1780000</ele>
        <time>2008-07-19T15:23:45Z</time>
      </trkpt>
      <trkpt lat="46.5424320" lon="12.0527770">
        <ele>2758.7890000</ele>
        <time>2008-07-19T15:23:58Z</time>
      </trkpt>
      <trkpt lat="46.5423940" lon="12.0528900">
        <ele>2758.6510000</ele>
        <time>2008-07-19T15:24:08Z</time>
      </trkpt>
      <trkpt lat="46.5423910" lon="12.0529430">
        <ele>2756.8570000</ele>
        <time>2008-07-19T15:24:15Z</time>
      </trkpt>
      <trkpt lat="46.5423840" lon="12.0529940">
        <ele>2756.3020000</ele>
        <time>2008-07-19T15:24:22Z</time>
      </trkpt>
      <trkpt lat="46.5424130" lon="12.0529920">
        <ele>2755.4900000</ele>
        <time>2008-07-19T15:24:29Z</time>
      </trkpt>
      <trkpt lat="46.5424190" lon="12.0530070">
        <ele>2754.4380000</ele>
        <time>2008-07-19T15:24:38Z</time>
      </trkpt>
      <trkpt lat="46.5424100" lon="12.0530260">
        <ele>2753.6370000</ele>
        <time>2008-07-19T15:24:44Z</time>
      </trkpt>
      <trkpt lat="46.5423920" lon="12.0530760">
        <ele>2753.1010000</ele>
        <time>2008-07-19T15:24:48Z</time>
      </trkpt>
      <trkpt lat="46.5423780" lon="12.0531680">
        <ele>2752.6580000</ele>
        <time>2008-07-19T15:24:57Z</time>
      </trkpt>
      <trkpt lat="46.5423560" lon="12.0532020">
        <ele>2752.5450000</ele>
        <time>2008-07-19T15:25:04Z</time>
      </trkpt>
      <trkpt lat="46.5423150" lon="12.0532840">
        <ele>2752.1420000</ele>
        <time>2008-07-19T15:25:13Z</time>
      </trkpt>
      <trkpt lat="46.5422910" lon="12.0533280">
        <ele>2752.4200000</ele>
        <time>2008-07-19T15:25:20Z</time>
      </trkpt>
      <trkpt lat="46.5422820" lon="12.0533720">
        <ele>2750.5770000</ele>
        <time>2008-07-19T15:25:28Z</time>
      </trkpt>
      <trkpt lat="46.5422720" lon="12.0533780">
        <ele>2750.9010000</ele>
        <time>2008-07-19T15:25:34Z</time>
      </trkpt>
      <trkpt lat="46.5422730" lon="12.0534470">
        <ele>2748.9210000</ele>
        <time>2008-07-19T15:25:42Z</time>
      </trkpt>
      <trkpt lat="46.5422630" lon="12.0534680">
        <ele>2748.3650000</ele>
        <time>2008-07-19T15:25:52Z</time>
      </trkpt>
      <trkpt lat="46.5422360" lon="12.0535550">
        <ele>2747.4960000</ele>
        <time>2008-07-19T15:26:01Z</time>
      </trkpt>
      <trkpt lat="46.5422370" lon="12.0535930">
        <ele>2745.8420000</ele>
        <time>2008-07-19T15:26:09Z</time>
      </trkpt>
      <trkpt lat="46.5422290" lon="12.0536960">
        <ele>2743.1760000</ele>
        <time>2008-07-19T15:26:20Z</time>
      </trkpt>
      <trkpt lat="46.5422500" lon="12.0537430">
        <ele>2742.2190000</ele>
        <time>2008-07-19T15:26:27Z</time>
      </trkpt>
      <trkpt lat="46.5422620" lon="12.0538340">
        <ele>2739.3760000</ele>
        <time>2008-07-19T15:26:35Z</time>
      </trkpt>
      <trkpt lat="46.5422670" lon="12.0538550">
        <ele>2738.1070000</ele>
        <time>2008-07-19T15:26:37Z</time>
      </trkpt>
      <trkpt lat="46.5422830" lon="12.0539310">
        <ele>2736.2780000</ele>
        <time>2008-07-19T15:26:45Z</time>
      </trkpt>
      <trkpt lat="46.5422870" lon="12.0539790">
        <ele>2735.1420000</ele>
        <time>2008-07-19T15:26:53Z</time>
      </trkpt>
      <trkpt lat="46.5423050" lon="12.0540090">
        <ele>2732.7680000</ele>
        <time>2008-07-19T15:27:03Z</time>
      </trkpt>
      <trkpt lat="46.5423110" lon="12.0540100">
        <ele>2732.6290000</ele>
        <time>2008-07-19T15:27:04Z</time>
      </trkpt>
      <trkpt lat="46.5423250" lon="12.0540440">
        <ele>2731.0110000</ele>
        <time>2008-07-19T15:27:10Z</time>
      </trkpt>
      <trkpt lat="46.5423250" lon="12.0540650">
        <ele>2729.7050000</ele>
        <time>2008-07-19T15:27:12Z</time>
      </trkpt>
      <trkpt lat="46.5423340" lon="12.0541220">
        <ele>2728.0560000</ele>
        <time>2008-07-19T15:27:16Z</time>
      </trkpt>
      <trkpt lat="46.5423330" lon="12.0542160">
        <ele>2726.1220000</ele>
        <time>2008-07-19T15:27:25Z</time>
      </trkpt>
      <trkpt lat="46.5423300" lon="12.0542760">
        <ele>2724.9320000</ele>
        <time>2008-07-19T15:27:32Z</time>
      </trkpt>
      <trkpt lat="46.5423180" lon="12.0543360">
        <ele>2723.6900000</ele>
        <time>2008-07-19T15:27:40Z</time>
      </trkpt>
      <trkpt lat="46.5422980" lon="12.0544160">
        <ele>2721.7560000</ele>
        <time>2008-07-19T15:27:50Z</time>
      </trkpt>
      <trkpt lat="46.5422980" lon="12.0544230">
        <ele>2721.5660000</ele>
        <time>2008-07-19T15:27:51Z</time>
      </trkpt>
      <trkpt lat="46.5423100" lon="12.0544410">
        <ele>2720.8940000</ele>
        <time>2008-07-19T15:27:58Z</time>
      </trkpt>
      <trkpt lat="46.5423400" lon="12.0544300">
        <ele>2719.5920000</ele>
        <time>2008-07-19T15:28:06Z</time>
      </trkpt>
      <trkpt lat="46.5423890" lon="12.0544200">
        <ele>2718.1590000</ele>
        <time>2008-07-19T15:28:15Z</time>
      </trkpt>
      <trkpt lat="46.5424240" lon="12.0544090">
        <ele>2717.1430000</ele>
        <time>2008-07-19T15:28:27Z</time>
      </trkpt>
      <trkpt lat="46.5424770" lon="12.0543590">
        <ele>2715.6350000</ele>
        <time>2008-07-19T15:28:35Z</time>
      </trkpt>
      <trkpt lat="46.5424930" lon="12.0543690">
        <ele>2715.0800000</ele>
        <time>2008-07-19T15:28:37Z</time>
      </trkpt>
      <trkpt lat="46.5425470" lon="12.0543150">
        <ele>2713.9440000</ele>
        <time>2008-07-19T15:28:46Z</time>
      </trkpt>
      <trkpt lat="46.5425990" lon="12.0543000">
        <ele>2711.7100000</ele>
        <time>2008-07-19T15:28:55Z</time>
      </trkpt>
      <trkpt lat="46.5426270" lon="12.0542940">
        <ele>2709.5900000</ele>
        <time>2008-07-19T15:29:01Z</time>
      </trkpt>
      <trkpt lat="46.5426330" lon="12.0543270">
        <ele>2708.8600000</ele>
        <time>2008-07-19T15:29:10Z</time>
      </trkpt>
      <trkpt lat="46.5426040" lon="12.0544030">
        <ele>2707.8020000</ele>
        <time>2008-07-19T15:29:26Z</time>
      </trkpt>
      <trkpt lat="46.5425700" lon="12.0544690">
        <ele>2705.3390000</ele>
        <time>2008-07-19T15:29:36Z</time>
      </trkpt>
      <trkpt lat="46.5425520" lon="12.0545310">
        <ele>2703.6220000</ele>
        <time>2008-07-19T15:29:45Z</time>
      </trkpt>
      <trkpt lat="46.5425650" lon="12.0545290">
        <ele>2703.3390000</ele>
        <time>2008-07-19T15:29:51Z</time>
      </trkpt>
      <trkpt lat="46.5425730" lon="12.0545650">
        <ele>2702.2900000</ele>
        <time>2008-07-19T15:29:58Z</time>
      </trkpt>
      <trkpt lat="46.5425640" lon="12.0546310">
        <ele>2699.7100000</ele>
        <time>2008-07-19T15:30:07Z</time>
      </trkpt>
      <trkpt lat="46.5426050" lon="12.0546030">
        <ele>2699.0740000</ele>
        <time>2008-07-19T15:30:14Z</time>
      </trkpt>
      <trkpt lat="46.5426680" lon="12.0545590">
        <ele>2695.8540000</ele>
        <time>2008-07-19T15:30:23Z</time>
      </trkpt>
      <trkpt lat="46.5426990" lon="12.0545420">
        <ele>2695.6250000</ele>
        <time>2008-07-19T15:30:31Z</time>
      </trkpt>
      <trkpt lat="46.5427130" lon="12.0545640">
        <ele>2694.7200000</ele>
        <time>2008-07-19T15:30:39Z</time>
      </trkpt>
      <trkpt lat="46.5427930" lon="12.0545020">
        <ele>2694.1270000</ele>
        <time>2008-07-19T15:30:49Z</time>
      </trkpt>
      <trkpt lat="46.5428160" lon="12.0545090">
        <ele>2693.0390000</ele>
        <time>2008-07-19T15:31:04Z</time>
      </trkpt>
      <trkpt lat="46.5428160" lon="12.0545260">
        <ele>2691.8310000</ele>
        <time>2008-07-19T15:31:12Z</time>
      </trkpt>
      <trkpt lat="46.5428090" lon="12.0545470">
        <ele>2691.2880000</ele>
        <time>2008-07-19T15:31:19Z</time>
      </trkpt>
      <trkpt lat="46.5428040" lon="12.0545570">
        <ele>2690.4880000</ele>
        <time>2008-07-19T15:31:22Z</time>
      </trkpt>
      <trkpt lat="46.5427530" lon="12.0546210">
        <ele>2690.1090000</ele>
        <time>2008-07-19T15:31:30Z</time>
      </trkpt>
      <trkpt lat="46.5427260" lon="12.0546560">
        <ele>2690.4050000</ele>
        <time>2008-07-19T15:31:38Z</time>
      </trkpt>
      <trkpt lat="46.5427170" lon="12.0546620">
        <ele>2689.2350000</ele>
        <time>2008-07-19T15:31:50Z</time>
      </trkpt>
      <trkpt lat="46.5426750" lon="12.0546960">
        <ele>2688.4860000</ele>
        <time>2008-07-19T15:31:58Z</time>
      </trkpt>
      <trkpt lat="46.5426470" lon="12.0547400">
        <ele>2686.8180000</ele>
        <time>2008-07-19T15:32:03Z</time>
      </trkpt>
      <trkpt lat="46.5426380" lon="12.0547620">
        <ele>2686.5840000</ele>
        <time>2008-07-19T15:32:05Z</time>
      </trkpt>
      <trkpt lat="46.5425910" lon="12.0548060">
        <ele>2685.2680000</ele>
        <time>2008-07-19T15:32:15Z</time>
      </trkpt>
      <trkpt lat="46.5425820" lon="12.0548810">
        <ele>2683.0930000</ele>
        <time>2008-07-19T15:32:24Z</time>
      </trkpt>
      <trkpt lat="46.5425810" lon="12.0549400">
        <ele>2681.3850000</ele>
        <time>2008-07-19T15:32:32Z</time>
      </trkpt>
      <trkpt lat="46.5425670" lon="12.0549820">
        <ele>2681.0290000</ele>
        <time>2008-07-19T15:32:39Z</time>
      </trkpt>
      <trkpt lat="46.5425710" lon="12.0549960">
        <ele>2680.8010000</ele>
        <time>2008-07-19T15:32:55Z</time>
      </trkpt>
      <trkpt lat="46.5425390" lon="12.0550610">
        <ele>2679.8870000</ele>
        <time>2008-07-19T15:33:02Z</time>
      </trkpt>
      <trkpt lat="46.5425030" lon="12.0550940">
        <ele>2679.5910000</ele>
        <time>2008-07-19T15:33:12Z</time>
      </trkpt>
      <trkpt lat="46.5424930" lon="12.0551130">
        <ele>2679.1600000</ele>
        <time>2008-07-19T15:33:25Z</time>
      </trkpt>
      <trkpt lat="46.5424990" lon="12.0551230">
        <ele>2678.0030000</ele>
        <time>2008-07-19T15:33:36Z</time>
      </trkpt>
      <trkpt lat="46.5424960" lon="12.0551300">
        <ele>2678.1330000</ele>
        <time>2008-07-19T15:33:52Z</time>
      </trkpt>
      <trkpt lat="46.5424930" lon="12.0551530">
        <ele>2675.6490000</ele>
        <time>2008-07-19T15:34:18Z</time>
      </trkpt>
      <trkpt lat="46.5424840" lon="12.0551740">
        <ele>2675.1600000</ele>
        <time>2008-07-19T15:34:27Z</time>
      </trkpt>
      <trkpt lat="46.5424850" lon="12.0552210">
        <ele>2674.7020000</ele>
        <time>2008-07-19T15:34:38Z</time>
      </trkpt>
      <trkpt lat="46.5424730" lon="12.0552530">
        <ele>2674.1000000</ele>
        <time>2008-07-19T15:34:45Z</time>
      </trkpt>
      <trkpt lat="46.5424650" lon="12.0553160">
        <ele>2673.2770000</ele>
        <time>2008-07-19T15:34:54Z</time>
      </trkpt>
      <trkpt lat="46.5424620" lon="12.0553370">
        <ele>2672.6740000</ele>
        <time>2008-07-19T15:34:56Z</time>
      </trkpt>
      <trkpt lat="46.5424610" lon="12.0553840">
        <ele>2672.0650000</ele>
        <time>2008-07-19T15:35:04Z</time>
      </trkpt>
      <trkpt lat="46.5424610" lon="12.0554020">
        <ele>2671.8950000</ele>
        <time>2008-07-19T15:35:14Z</time>
      </trkpt>
      <trkpt lat="46.5424450" lon="12.0554720">
        <ele>2668.6830000</ele>
        <time>2008-07-19T15:35:36Z</time>
      </trkpt>
      <trkpt lat="46.5424200" lon="12.0555850">
        <ele>2667.7580000</ele>
        <time>2008-07-19T15:35:46Z</time>
      </trkpt>
      <trkpt lat="46.5423890" lon="12.0557170">
        <ele>2666.4200000</ele>
        <time>2008-07-19T15:35:55Z</time>
      </trkpt>
      <trkpt lat="46.5423760" lon="12.0557720">
        <ele>2666.0270000</ele>
        <time>2008-07-19T15:35:59Z</time>
      </trkpt>
      <trkpt lat="46.5423780" lon="12.0559630">
        <ele>2665.1260000</ele>
        <time>2008-07-19T15:36:12Z</time>
      </trkpt>
      <trkpt lat="46.5423740" lon="12.0560260">
        <ele>2665.2890000</ele>
        <time>2008-07-19T15:36:16Z</time>
      </trkpt>
      <trkpt lat="46.5423730" lon="12.0561000">
        <ele>2665.3440000</ele>
        <time>2008-07-19T15:36:37Z</time>
      </trkpt>
      <trkpt lat="46.5423650" lon="12.0561200">
        <ele>2665.4930000</ele>
        <time>2008-07-19T15:36:52Z</time>
      </trkpt>
      <trkpt lat="46.5423650" lon="12.0562590">
        <ele>2664.5740000</ele>
        <time>2008-07-19T15:37:02Z</time>
      </trkpt>
      <trkpt lat="46.5423670" lon="12.0564280">
        <ele>2663.3460000</ele>
        <time>2008-07-19T15:37:15Z</time>
      </trkpt>
      <trkpt lat="46.5423720" lon="12.0565750">
        <ele>2662.0430000</ele>
        <time>2008-07-19T15:37:27Z</time>
      </trkpt>
      <trkpt lat="46.5423720" lon="12.0567120">
        <ele>2660.9240000</ele>
        <time>2008-07-19T15:37:39Z</time>
      </trkpt>
      <trkpt lat="46.5423850" lon="12.0568160">
        <ele>2659.5260000</ele>
        <time>2008-07-19T15:37:50Z</time>
      </trkpt>
      <trkpt lat="46.5423800" lon="12.0569340">
        <ele>2658.4840000</ele>
        <time>2008-07-19T15:38:01Z</time>
      </trkpt>
      <trkpt lat="46.5423610" lon="12.0570290">
        <ele>2656.6770000</ele>
        <time>2008-07-19T15:38:10Z</time>
      </trkpt>
      <trkpt lat="46.5423430" lon="12.0571200">
        <ele>2656.2250000</ele>
        <time>2008-07-19T15:38:18Z</time>
      </trkpt>
      <trkpt lat="46.5423190" lon="12.0572110">
        <ele>2655.9930000</ele>
        <time>2008-07-19T15:38:27Z</time>
      </trkpt>
      <trkpt lat="46.5423290" lon="12.0572600">
        <ele>2653.4460000</ele>
        <time>2008-07-19T15:38:36Z</time>
      </trkpt>
      <trkpt lat="46.5423380" lon="12.0573090">
        <ele>2652.6920000</ele>
        <time>2008-07-19T15:38:45Z</time>
      </trkpt>
      <trkpt lat="46.5423210" lon="12.0573520">
        <ele>2652.8670000</ele>
        <time>2008-07-19T15:38:51Z</time>
      </trkpt>
      <trkpt lat="46.5423270" lon="12.0574120">
        <ele>2652.3650000</ele>
        <time>2008-07-19T15:38:59Z</time>
      </trkpt>
      <trkpt lat="46.5423040" lon="12.0574600">
        <ele>2651.1720000</ele>
        <time>2008-07-19T15:39:09Z</time>
      </trkpt>
      <trkpt lat="46.5422910" lon="12.0574830">
        <ele>2650.0060000</ele>
        <time>2008-07-19T15:39:22Z</time>
      </trkpt>
      <trkpt lat="46.5422920" lon="12.0575630">
        <ele>2647.9110000</ele>
        <time>2008-07-19T15:39:31Z</time>
      </trkpt>
      <trkpt lat="46.5422920" lon="12.0576690">
        <ele>2647.5070000</ele>
        <time>2008-07-19T15:39:41Z</time>
      </trkpt>
      <trkpt lat="46.5422690" lon="12.0577450">
        <ele>2646.3780000</ele>
        <time>2008-07-19T15:39:49Z</time>
      </trkpt>
      <trkpt lat="46.5422680" lon="12.0578080">
        <ele>2646.2060000</ele>
        <time>2008-07-19T15:39:57Z</time>
      </trkpt>
      <trkpt lat="46.5422770" lon="12.0578840">
        <ele>2645.4700000</ele>
        <time>2008-07-19T15:40:05Z</time>
      </trkpt>
      <trkpt lat="46.5422760" lon="12.0579490">
        <ele>2644.0560000</ele>
        <time>2008-07-19T15:40:15Z</time>
      </trkpt>
      <trkpt lat="46.5422820" lon="12.0579810">
        <ele>2642.7070000</ele>
        <time>2008-07-19T15:40:23Z</time>
      </trkpt>
      <trkpt lat="46.5422880" lon="12.0579900">
        <ele>2641.5410000</ele>
        <time>2008-07-19T15:40:32Z</time>
      </trkpt>
      <trkpt lat="46.5423040" lon="12.0580290">
        <ele>2640.5410000</ele>
        <time>2008-07-19T15:40:53Z</time>
      </trkpt>
      <trkpt lat="46.5423110" lon="12.0581470">
        <ele>2638.8020000</ele>
        <time>2008-07-19T15:41:01Z</time>
      </trkpt>
      <trkpt lat="46.5423130" lon="12.0581920">
        <ele>2638.4960000</ele>
        <time>2008-07-19T15:41:04Z</time>
      </trkpt>
      <trkpt lat="46.5422830" lon="12.0583040">
        <ele>2638.9670000</ele>
        <time>2008-07-19T15:41:12Z</time>
      </trkpt>
      <trkpt lat="46.5422880" lon="12.0583800">
        <ele>2638.3530000</ele>
        <time>2008-07-19T15:41:21Z</time>
      </trkpt>
      <trkpt lat="46.5422880" lon="12.0584090">
        <ele>2638.5140000</ele>
        <time>2008-07-19T15:41:28Z</time>
      </trkpt>
      <trkpt lat="46.5422880" lon="12.0584620">
        <ele>2638.3290000</ele>
        <time>2008-07-19T15:41:35Z</time>
      </trkpt>
      <trkpt lat="46.5422920" lon="12.0585050">
        <ele>2637.8520000</ele>
        <time>2008-07-19T15:41:43Z</time>
      </trkpt>
      <trkpt lat="46.5422780" lon="12.0585450">
        <ele>2637.9660000</ele>
        <time>2008-07-19T15:41:50Z</time>
      </trkpt>
      <trkpt lat="46.5422720" lon="12.0585820">
        <ele>2637.9910000</ele>
        <time>2008-07-19T15:41:58Z</time>
      </trkpt>
      <trkpt lat="46.5422730" lon="12.0586390">
        <ele>2637.3990000</ele>
        <time>2008-07-19T15:42:05Z</time>
      </trkpt>
      <trkpt lat="46.5422780" lon="12.0586710">
        <ele>2637.6430000</ele>
        <time>2008-07-19T15:42:10Z</time>
      </trkpt>
      <trkpt lat="46.5422830" lon="12.0587540">
        <ele>2635.8240000</ele>
        <time>2008-07-19T15:42:17Z</time>
      </trkpt>
      <trkpt lat="46.5422850" lon="12.0588150">
        <ele>2633.1180000</ele>
        <time>2008-07-19T15:42:25Z</time>
      </trkpt>
      <trkpt lat="46.5422890" lon="12.0588260">
        <ele>2633.1040000</ele>
        <time>2008-07-19T15:42:26Z</time>
      </trkpt>
      <trkpt lat="46.5422980" lon="12.0588840">
        <ele>2632.9130000</ele>
        <time>2008-07-19T15:42:32Z</time>
      </trkpt>
      <trkpt lat="46.5423010" lon="12.0589770">
        <ele>2631.7890000</ele>
        <time>2008-07-19T15:42:41Z</time>
      </trkpt>
      <trkpt lat="46.5423140" lon="12.0590720">
        <ele>2630.6780000</ele>
        <time>2008-07-19T15:42:49Z</time>
      </trkpt>
      <trkpt lat="46.5423410" lon="12.0591990">
        <ele>2629.0150000</ele>
        <time>2008-07-19T15:43:00Z</time>
      </trkpt>
      <trkpt lat="46.5423450" lon="12.0592300">
        <ele>2627.8570000</ele>
        <time>2008-07-19T15:43:07Z</time>
      </trkpt>
      <trkpt lat="46.5423640" lon="12.0592890">
        <ele>2627.7400000</ele>
        <time>2008-07-19T15:43:15Z</time>
      </trkpt>
      <trkpt lat="46.5424000" lon="12.0592910">
        <ele>2626.7170000</ele>
        <time>2008-07-19T15:43:23Z</time>
      </trkpt>
      <trkpt lat="46.5424330" lon="12.0593340">
        <ele>2625.8140000</ele>
        <time>2008-07-19T15:43:32Z</time>
      </trkpt>
      <trkpt lat="46.5424460" lon="12.0594080">
        <ele>2625.3320000</ele>
        <time>2008-07-19T15:43:40Z</time>
      </trkpt>
      <trkpt lat="46.5424520" lon="12.0594510">
        <ele>2624.4870000</ele>
        <time>2008-07-19T15:43:50Z</time>
      </trkpt>
      <trkpt lat="46.5424530" lon="12.0594640">
        <ele>2624.6550000</ele>
        <time>2008-07-19T15:43:59Z</time>
      </trkpt>
      <trkpt lat="46.5424420" lon="12.0594970">
        <ele>2624.3980000</ele>
        <time>2008-07-19T15:44:08Z</time>
      </trkpt>
      <trkpt lat="46.5424510" lon="12.0594980">
        <ele>2624.3100000</ele>
        <time>2008-07-19T15:44:10Z</time>
      </trkpt>
      <trkpt lat="46.5425470" lon="12.0594880">
        <ele>2623.4100000</ele>
        <time>2008-07-19T15:44:19Z</time>
      </trkpt>
      <trkpt lat="46.5425540" lon="12.0594740">
        <ele>2623.2220000</ele>
        <time>2008-07-19T15:44:29Z</time>
      </trkpt>
      <trkpt lat="46.5425600" lon="12.0594570">
        <ele>2622.2830000</ele>
        <time>2008-07-19T15:44:37Z</time>
      </trkpt>
      <trkpt lat="46.5425630" lon="12.0594290">
        <ele>2621.5520000</ele>
        <time>2008-07-19T15:44:39Z</time>
      </trkpt>
      <trkpt lat="46.5425870" lon="12.0594700">
        <ele>2620.6350000</ele>
        <time>2008-07-19T15:44:47Z</time>
      </trkpt>
      <trkpt lat="46.5426040" lon="12.0595280">
        <ele>2620.5060000</ele>
        <time>2008-07-19T15:44:53Z</time>
      </trkpt>
      <trkpt lat="46.5426100" lon="12.0595710">
        <ele>2617.2890000</ele>
        <time>2008-07-19T15:45:01Z</time>
      </trkpt>
      <trkpt lat="46.5426220" lon="12.0596060">
        <ele>2615.9920000</ele>
        <time>2008-07-19T15:45:05Z</time>
      </trkpt>
      <trkpt lat="46.5426300" lon="12.0596490">
        <ele>2614.9300000</ele>
        <time>2008-07-19T15:45:11Z</time>
      </trkpt>
      <trkpt lat="46.5426320" lon="12.0596780">
        <ele>2614.4600000</ele>
        <time>2008-07-19T15:45:18Z</time>
      </trkpt>
      <trkpt lat="46.5426370" lon="12.0596670">
        <ele>2614.6810000</ele>
        <time>2008-07-19T15:45:34Z</time>
      </trkpt>
      <trkpt lat="46.5426500" lon="12.0596850">
        <ele>2614.8300000</ele>
        <time>2008-07-19T15:46:03Z</time>
      </trkpt>
      <trkpt lat="46.5426540" lon="12.0596940">
        <ele>2614.3380000</ele>
        <time>2008-07-19T15:46:19Z</time>
      </trkpt>
      <trkpt lat="46.5427270" lon="12.0597170">
        <ele>2614.6730000</ele>
        <time>2008-07-19T15:46:26Z</time>
      </trkpt>
      <trkpt lat="46.5428250" lon="12.0596860">
        <ele>2614.8900000</ele>
        <time>2008-07-19T15:46:35Z</time>
      </trkpt>
      <trkpt lat="46.5428740" lon="12.0596340">
        <ele>2614.4160000</ele>
        <time>2008-07-19T15:46:42Z</time>
      </trkpt>
      <trkpt lat="46.5428820" lon="12.0596190">
        <ele>2614.1990000</ele>
        <time>2008-07-19T15:46:49Z</time>
      </trkpt>
      <trkpt lat="46.5429280" lon="12.0595930">
        <ele>2613.5870000</ele>
        <time>2008-07-19T15:47:12Z</time>
      </trkpt>
      <trkpt lat="46.5430100" lon="12.0595920">
        <ele>2611.5140000</ele>
        <time>2008-07-19T15:47:19Z</time>
      </trkpt>
      <trkpt lat="46.5431250" lon="12.0596220">
        <ele>2609.9200000</ele>
        <time>2008-07-19T15:47:30Z</time>
      </trkpt>
      <trkpt lat="46.5431380" lon="12.0596420">
        <ele>2609.9920000</ele>
        <time>2008-07-19T15:47:40Z</time>
      </trkpt>
      <trkpt lat="46.5431500" lon="12.0596580">
        <ele>2609.6260000</ele>
        <time>2008-07-19T15:47:43Z</time>
      </trkpt>
      <trkpt lat="46.5431500" lon="12.0596750">
        <ele>2609.0950000</ele>
        <time>2008-07-19T15:47:51Z</time>
      </trkpt>
      <trkpt lat="46.5431490" lon="12.0596990">
        <ele>2610.2430000</ele>
        <time>2008-07-19T15:48:05Z</time>
      </trkpt>
      <trkpt lat="46.5431940" lon="12.0597650">
        <ele>2610.4980000</ele>
        <time>2008-07-19T15:48:12Z</time>
      </trkpt>
      <trkpt lat="46.5432540" lon="12.0597840">
        <ele>2609.9280000</ele>
        <time>2008-07-19T15:48:18Z</time>
      </trkpt>
      <trkpt lat="46.5432700" lon="12.0597960">
        <ele>2609.7430000</ele>
        <time>2008-07-19T15:48:20Z</time>
      </trkpt>
      <trkpt lat="46.5433220" lon="12.0598800">
        <ele>2609.0120000</ele>
        <time>2008-07-19T15:48:29Z</time>
      </trkpt>
      <trkpt lat="46.5433650" lon="12.0599190">
        <ele>2609.1300000</ele>
        <time>2008-07-19T15:48:44Z</time>
      </trkpt>
      <trkpt lat="46.5433760" lon="12.0599300">
        <ele>2609.3590000</ele>
        <time>2008-07-19T15:48:45Z</time>
      </trkpt>
      <trkpt lat="46.5434200" lon="12.0599670">
        <ele>2609.0700000</ele>
        <time>2008-07-19T15:48:53Z</time>
      </trkpt>
      <trkpt lat="46.5434960" lon="12.0600340">
        <ele>2608.5100000</ele>
        <time>2008-07-19T15:49:01Z</time>
      </trkpt>
      <trkpt lat="46.5435760" lon="12.0601370">
        <ele>2608.2920000</ele>
        <time>2008-07-19T15:49:11Z</time>
      </trkpt>
      <trkpt lat="46.5436640" lon="12.0602180">
        <ele>2607.8460000</ele>
        <time>2008-07-19T15:49:21Z</time>
      </trkpt>
      <trkpt lat="46.5437140" lon="12.0602510">
        <ele>2607.2820000</ele>
        <time>2008-07-19T15:49:28Z</time>
      </trkpt>
      <trkpt lat="46.5437720" lon="12.0602960">
        <ele>2605.7920000</ele>
        <time>2008-07-19T15:49:36Z</time>
      </trkpt>
      <trkpt lat="46.5437900" lon="12.0603190">
        <ele>2605.1220000</ele>
        <time>2008-07-19T15:49:47Z</time>
      </trkpt>
      <trkpt lat="46.5438220" lon="12.0603270">
        <ele>2605.1010000</ele>
        <time>2008-07-19T15:49:51Z</time>
      </trkpt>
      <trkpt lat="46.5438750" lon="12.0603530">
        <ele>2604.2850000</ele>
        <time>2008-07-19T15:49:59Z</time>
      </trkpt>
      <trkpt lat="46.5438980" lon="12.0603740">
        <ele>2602.6760000</ele>
        <time>2008-07-19T15:50:04Z</time>
      </trkpt>
      <trkpt lat="46.5439580" lon="12.0603760">
        <ele>2601.6440000</ele>
        <time>2008-07-19T15:50:12Z</time>
      </trkpt>
      <trkpt lat="46.5440550" lon="12.0604250">
        <ele>2601.0210000</ele>
        <time>2008-07-19T15:50:21Z</time>
      </trkpt>
      <trkpt lat="46.5440900" lon="12.0604720">
        <ele>2601.6430000</ele>
        <time>2008-07-19T15:50:26Z</time>
      </trkpt>
      <trkpt lat="46.5441550" lon="12.0605130">
        <ele>2600.9600000</ele>
        <time>2008-07-19T15:50:32Z</time>
      </trkpt>
      <trkpt lat="46.5441750" lon="12.0605240">
        <ele>2600.4020000</ele>
        <time>2008-07-19T15:50:34Z</time>
      </trkpt>
      <trkpt lat="46.5442450" lon="12.0604750">
        <ele>2599.2410000</ele>
        <time>2008-07-19T15:50:43Z</time>
      </trkpt>
      <trkpt lat="46.5442800" lon="12.0605170">
        <ele>2597.8070000</ele>
        <time>2008-07-19T15:50:50Z</time>
      </trkpt>
      <trkpt lat="46.5443420" lon="12.0606230">
        <ele>2598.5150000</ele>
        <time>2008-07-19T15:50:59Z</time>
      </trkpt>
      <trkpt lat="46.5443970" lon="12.0606870">
        <ele>2597.9820000</ele>
        <time>2008-07-19T15:51:07Z</time>
      </trkpt>
      <trkpt lat="46.5444110" lon="12.0606960">
        <ele>2596.4500000</ele>
        <time>2008-07-19T15:51:09Z</time>
      </trkpt>
      <trkpt lat="46.5444170" lon="12.0607520">
        <ele>2597.6710000</ele>
        <time>2008-07-19T15:51:17Z</time>
      </trkpt>
      <trkpt lat="46.5444200" lon="12.0607500">
        <ele>2596.7350000</ele>
        <time>2008-07-19T15:51:25Z</time>
      </trkpt>
      <trkpt lat="46.5444650" lon="12.0607310">
        <ele>2595.4650000</ele>
        <time>2008-07-19T15:51:29Z</time>
      </trkpt>
      <trkpt lat="46.5445060" lon="12.0607530">
        <ele>2595.5270000</ele>
        <time>2008-07-19T15:51:33Z</time>
      </trkpt>
      <trkpt lat="46.5445270" lon="12.0607720">
        <ele>2594.2590000</ele>
        <time>2008-07-19T15:51:36Z</time>
      </trkpt>
      <trkpt lat="46.5445500" lon="12.0607990">
        <ele>2593.9940000</ele>
        <time>2008-07-19T15:51:43Z</time>
      </trkpt>
      <trkpt lat="46.5445660" lon="12.0608070">
        <ele>2593.7860000</ele>
        <time>2008-07-19T15:51:51Z</time>
      </trkpt>
      <trkpt lat="46.5445970" lon="12.0608060">
        <ele>2593.6810000</ele>
        <time>2008-07-19T15:52:07Z</time>
      </trkpt>
      <trkpt lat="46.5445630" lon="12.0608040">
        <ele>2594.3340000</ele>
        <time>2008-07-19T15:52:16Z</time>
      </trkpt>
      <trkpt lat="46.5445400" lon="12.0607960">
        <ele>2594.4850000</ele>
        <time>2008-07-19T15:52:28Z</time>
      </trkpt>
      <trkpt lat="46.5445270" lon="12.0607920">
        <ele>2594.2890000</ele>
        <time>2008-07-19T15:52:35Z</time>
      </trkpt>
      <trkpt lat="46.5445260" lon="12.0607950">
        <ele>2594.4520000</ele>
        <time>2008-07-19T15:52:45Z</time>
      </trkpt>
      <trkpt lat="46.5445280" lon="12.0607960">
        <ele>2594.1460000</ele>
        <time>2008-07-19T15:53:02Z</time>
      </trkpt>
      <trkpt lat="46.5445270" lon="12.0607730">
        <ele>2594.4130000</ele>
        <time>2008-07-19T15:53:29Z</time>
      </trkpt>
      <trkpt lat="46.5445140" lon="12.0607900">
        <ele>2594.3700000</ele>
        <time>2008-07-19T15:53:44Z</time>
      </trkpt>
      <trkpt lat="46.5444890" lon="12.0608090">
        <ele>2594.7130000</ele>
        <time>2008-07-19T15:53:59Z</time>
      </trkpt>
      <trkpt lat="46.5444410" lon="12.0607970">
        <ele>2594.0160000</ele>
        <time>2008-07-19T15:54:07Z</time>
      </trkpt>
      <trkpt lat="46.5443940" lon="12.0608210">
        <ele>2594.1820000</ele>
        <time>2008-07-19T15:54:15Z</time>
      </trkpt>
      <trkpt lat="46.5443310" lon="12.0609200">
        <ele>2594.3540000</ele>
        <time>2008-07-19T15:54:24Z</time>
      </trkpt>
      <trkpt lat="46.5443160" lon="12.0609690">
        <ele>2594.3630000</ele>
        <time>2008-07-19T15:54:32Z</time>
      </trkpt>
      <trkpt lat="46.5443100" lon="12.0609950">
        <ele>2594.1040000</ele>
        <time>2008-07-19T15:55:03Z</time>
      </trkpt>
      <trkpt lat="46.5442900" lon="12.0610340">
        <ele>2592.2400000</ele>
        <time>2008-07-19T15:55:10Z</time>
      </trkpt>
      <trkpt lat="46.5442580" lon="12.0610540">
        <ele>2591.1040000</ele>
        <time>2008-07-19T15:55:17Z</time>
      </trkpt>
      <trkpt lat="46.5442530" lon="12.0610720">
        <ele>2590.1730000</ele>
        <time>2008-07-19T15:55:20Z</time>
      </trkpt>
      <trkpt lat="46.5442310" lon="12.0611370">
        <ele>2589.1590000</ele>
        <time>2008-07-19T15:55:28Z</time>
      </trkpt>
      <trkpt lat="46.5442680" lon="12.0611810">
        <ele>2588.7970000</ele>
        <time>2008-07-19T15:55:38Z</time>
      </trkpt>
      <trkpt lat="46.5442710" lon="12.0611920">
        <ele>2588.4190000</ele>
        <time>2008-07-19T15:55:45Z</time>
      </trkpt>
      <trkpt lat="46.5443910" lon="12.0612360">
        <ele>2587.0970000</ele>
        <time>2008-07-19T15:55:54Z</time>
      </trkpt>
      <trkpt lat="46.5444000" lon="12.0612480">
        <ele>2586.9210000</ele>
        <time>2008-07-19T15:55:55Z</time>
      </trkpt>
      <trkpt lat="46.5443950" lon="12.0613160">
        <ele>2587.4440000</ele>
        <time>2008-07-19T15:55:59Z</time>
      </trkpt>
      <trkpt lat="46.5443650" lon="12.0613530">
        <ele>2586.6450000</ele>
        <time>2008-07-19T15:56:02Z</time>
      </trkpt>
      <trkpt lat="46.5442640" lon="12.0613990">
        <ele>2583.3710000</ele>
        <time>2008-07-19T15:56:11Z</time>
      </trkpt>
      <trkpt lat="46.5442600" lon="12.0614170">
        <ele>2582.6460000</ele>
        <time>2008-07-19T15:56:19Z</time>
      </trkpt>
      <trkpt lat="46.5442100" lon="12.0613820">
        <ele>2581.9140000</ele>
        <time>2008-07-19T15:56:37Z</time>
      </trkpt>
      <trkpt lat="46.5441270" lon="12.0614020">
        <ele>2581.9640000</ele>
        <time>2008-07-19T15:56:47Z</time>
      </trkpt>
      <trkpt lat="46.5440910" lon="12.0614050">
        <ele>2581.7480000</ele>
        <time>2008-07-19T15:56:50Z</time>
      </trkpt>
      <trkpt lat="46.5439830" lon="12.0614600">
        <ele>2581.2290000</ele>
        <time>2008-07-19T15:57:01Z</time>
      </trkpt>
      <trkpt lat="46.5438830" lon="12.0615510">
        <ele>2581.6390000</ele>
        <time>2008-07-19T15:57:12Z</time>
      </trkpt>
      <trkpt lat="46.5438570" lon="12.0615550">
        <ele>2580.4730000</ele>
        <time>2008-07-19T15:57:23Z</time>
      </trkpt>
      <trkpt lat="46.5438030" lon="12.0615690">
        <ele>2579.2700000</ele>
        <time>2008-07-19T15:57:30Z</time>
      </trkpt>
      <trkpt lat="46.5437890" lon="12.0615800">
        <ele>2578.4540000</ele>
        <time>2008-07-19T15:57:37Z</time>
      </trkpt>
      <trkpt lat="46.5437820" lon="12.0615860">
        <ele>2577.6690000</ele>
        <time>2008-07-19T15:57:47Z</time>
      </trkpt>
      <trkpt lat="46.5437940" lon="12.0616480">
        <ele>2576.2800000</ele>
        <time>2008-07-19T15:57:54Z</time>
      </trkpt>
      <trkpt lat="46.5437780" lon="12.0616380">
        <ele>2575.9690000</ele>
        <time>2008-07-19T15:58:04Z</time>
      </trkpt>
      <trkpt lat="46.5437460" lon="12.0617320">
        <ele>2573.9440000</ele>
        <time>2008-07-19T15:58:15Z</time>
      </trkpt>
      <trkpt lat="46.5437540" lon="12.0618140">
        <ele>2571.4120000</ele>
        <time>2008-07-19T15:58:22Z</time>
      </trkpt>
      <trkpt lat="46.5437500" lon="12.0618660">
        <ele>2570.8910000</ele>
        <time>2008-07-19T15:58:26Z</time>
      </trkpt>
      <trkpt lat="46.5437400" lon="12.0619050">
        <ele>2570.4180000</ele>
        <time>2008-07-19T15:58:29Z</time>
      </trkpt>
      <trkpt lat="46.5436810" lon="12.0619340">
        <ele>2569.8460000</ele>
        <time>2008-07-19T15:58:37Z</time>
      </trkpt>
      <trkpt lat="46.5436540" lon="12.0619220">
        <ele>2569.8980000</ele>
        <time>2008-07-19T15:58:41Z</time>
      </trkpt>
      <trkpt lat="46.5436020" lon="12.0619730">
        <ele>2567.4270000</ele>
        <time>2008-07-19T15:58:49Z</time>
      </trkpt>
      <trkpt lat="46.5435870" lon="12.0620020">
        <ele>2566.2260000</ele>
        <time>2008-07-19T15:58:53Z</time>
      </trkpt>
      <trkpt lat="46.5435370" lon="12.0620130">
        <ele>2565.7400000</ele>
        <time>2008-07-19T15:59:00Z</time>
      </trkpt>
      <trkpt lat="46.5435020" lon="12.0620360">
        <ele>2564.7170000</ele>
        <time>2008-07-19T15:59:06Z</time>
      </trkpt>
      <trkpt lat="46.5434790" lon="12.0620890">
        <ele>2563.1900000</ele>
        <time>2008-07-19T15:59:14Z</time>
      </trkpt>
      <trkpt lat="46.5434500" lon="12.0621100">
        <ele>2562.7270000</ele>
        <time>2008-07-19T15:59:21Z</time>
      </trkpt>
      <trkpt lat="46.5434450" lon="12.0621140">
        <ele>2562.3340000</ele>
        <time>2008-07-19T16:00:00Z</time>
      </trkpt>
      <trkpt lat="46.5434170" lon="12.0621390">
        <ele>2561.9200000</ele>
        <time>2008-07-19T16:00:04Z</time>
      </trkpt>
      <trkpt lat="46.5434250" lon="12.0620680">
        <ele>2560.8580000</ele>
        <time>2008-07-19T16:00:11Z</time>
      </trkpt>
      <trkpt lat="46.5434040" lon="12.0620440">
        <ele>2560.3700000</ele>
        <time>2008-07-19T16:00:19Z</time>
      </trkpt>
      <trkpt lat="46.5433950" lon="12.0620400">
        <ele>2560.5400000</ele>
        <time>2008-07-19T16:00:26Z</time>
      </trkpt>
      <trkpt lat="46.5433960" lon="12.0620330">
        <ele>2560.9860000</ele>
        <time>2008-07-19T16:00:35Z</time>
      </trkpt>
      <trkpt lat="46.5434040" lon="12.0620430">
        <ele>2560.9020000</ele>
        <time>2008-07-19T16:00:51Z</time>
      </trkpt>
      <trkpt lat="46.5433930" lon="12.0620390">
        <ele>2559.7810000</ele>
        <time>2008-07-19T16:04:05Z</time>
      </trkpt>
      <trkpt lat="46.5433970" lon="12.0620440">
        <ele>2559.8510000</ele>
        <time>2008-07-19T16:05:02Z</time>
      </trkpt>
      <trkpt lat="46.5433880" lon="12.0620570">
        <ele>2558.6600000</ele>
        <time>2008-07-19T16:05:24Z</time>
      </trkpt>
      <trkpt lat="46.5433540" lon="12.0621100">
        <ele>2557.0870000</ele>
        <time>2008-07-19T16:05:30Z</time>
      </trkpt>
      <trkpt lat="46.5433410" lon="12.0621110">
        <ele>2556.9200000</ele>
        <time>2008-07-19T16:05:31Z</time>
      </trkpt>
      <trkpt lat="46.5432980" lon="12.0621270">
        <ele>2554.4240000</ele>
        <time>2008-07-19T16:09:52Z</time>
      </trkpt>
      <trkpt lat="46.5432770" lon="12.0621360">
        <ele>2554.3920000</ele>
        <time>2008-07-19T16:09:58Z</time>
      </trkpt>
      <trkpt lat="46.5432770" lon="12.0621490">
        <ele>2553.8300000</ele>
        <time>2008-07-19T16:10:03Z</time>
      </trkpt>
      <trkpt lat="46.5432540" lon="12.0622530">
        <ele>2552.2240000</ele>
        <time>2008-07-19T16:10:11Z</time>
      </trkpt>
      <trkpt lat="46.5431910" lon="12.0623220">
        <ele>2551.7990000</ele>
        <time>2008-07-19T16:10:20Z</time>
      </trkpt>
      <trkpt lat="46.5431560" lon="12.0623790">
        <ele>2549.5880000</ele>
        <time>2008-07-19T16:10:29Z</time>
      </trkpt>
      <trkpt lat="46.5431220" lon="12.0624030">
        <ele>2548.9270000</ele>
        <time>2008-07-19T16:10:36Z</time>
      </trkpt>
      <trkpt lat="46.5431030" lon="12.0624610">
        <ele>2546.8950000</ele>
        <time>2008-07-19T16:10:44Z</time>
      </trkpt>
      <trkpt lat="46.5430590" lon="12.0625750">
        <ele>2544.2130000</ele>
        <time>2008-07-19T16:10:53Z</time>
      </trkpt>
      <trkpt lat="46.5430490" lon="12.0625940">
        <ele>2543.6630000</ele>
        <time>2008-07-19T16:11:00Z</time>
      </trkpt>
      <trkpt lat="46.5430390" lon="12.0626000">
        <ele>2543.1790000</ele>
        <time>2008-07-19T16:11:10Z</time>
      </trkpt>
      <trkpt lat="46.5430210" lon="12.0626020">
        <ele>2542.9880000</ele>
        <time>2008-07-19T16:11:16Z</time>
      </trkpt>
      <trkpt lat="46.5429850" lon="12.0626230">
        <ele>2542.2560000</ele>
        <time>2008-07-19T16:11:30Z</time>
      </trkpt>
      <trkpt lat="46.5429810" lon="12.0626400">
        <ele>2541.8990000</ele>
        <time>2008-07-19T16:11:37Z</time>
      </trkpt>
      <trkpt lat="46.5429920" lon="12.0626520">
        <ele>2541.9880000</ele>
        <time>2008-07-19T16:11:43Z</time>
      </trkpt>
      <trkpt lat="46.5429420" lon="12.0627800">
        <ele>2541.2130000</ele>
        <time>2008-07-19T16:11:53Z</time>
      </trkpt>
      <trkpt lat="46.5429010" lon="12.0628320">
        <ele>2539.9320000</ele>
        <time>2008-07-19T16:12:01Z</time>
      </trkpt>
      <trkpt lat="46.5428670" lon="12.0629160">
        <ele>2537.9250000</ele>
        <time>2008-07-19T16:12:10Z</time>
      </trkpt>
      <trkpt lat="46.5428200" lon="12.0629930">
        <ele>2536.0320000</ele>
        <time>2008-07-19T16:12:19Z</time>
      </trkpt>
      <trkpt lat="46.5427730" lon="12.0630710">
        <ele>2535.6110000</ele>
        <time>2008-07-19T16:12:28Z</time>
      </trkpt>
      <trkpt lat="46.5427240" lon="12.0631670">
        <ele>2533.3860000</ele>
        <time>2008-07-19T16:12:38Z</time>
      </trkpt>
      <trkpt lat="46.5426920" lon="12.0632310">
        <ele>2531.9530000</ele>
        <time>2008-07-19T16:12:46Z</time>
      </trkpt>
      <trkpt lat="46.5426540" lon="12.0632890">
        <ele>2530.9730000</ele>
        <time>2008-07-19T16:12:54Z</time>
      </trkpt>
      <trkpt lat="46.5426180" lon="12.0633660">
        <ele>2529.4040000</ele>
        <time>2008-07-19T16:13:03Z</time>
      </trkpt>
      <trkpt lat="46.5425830" lon="12.0634550">
        <ele>2528.3650000</ele>
        <time>2008-07-19T16:13:12Z</time>
      </trkpt>
      <trkpt lat="46.5425530" lon="12.0635550">
        <ele>2526.2030000</ele>
        <time>2008-07-19T16:13:21Z</time>
      </trkpt>
      <trkpt lat="46.5425500" lon="12.0636420">
        <ele>2524.8710000</ele>
        <time>2008-07-19T16:13:29Z</time>
      </trkpt>
      <trkpt lat="46.5425000" lon="12.0637440">
        <ele>2523.1350000</ele>
        <time>2008-07-19T16:13:38Z</time>
      </trkpt>
      <trkpt lat="46.5424650" lon="12.0638070">
        <ele>2522.2200000</ele>
        <time>2008-07-19T16:13:44Z</time>
      </trkpt>
      <trkpt lat="46.5423680" lon="12.0639280">
        <ele>2520.2450000</ele>
        <time>2008-07-19T16:13:56Z</time>
      </trkpt>
      <trkpt lat="46.5423160" lon="12.0639900">
        <ele>2519.3400000</ele>
        <time>2008-07-19T16:14:06Z</time>
      </trkpt>
      <trkpt lat="46.5422680" lon="12.0640590">
        <ele>2517.5420000</ele>
        <time>2008-07-19T16:14:14Z</time>
      </trkpt>
      <trkpt lat="46.5422090" lon="12.0640890">
        <ele>2516.6800000</ele>
        <time>2008-07-19T16:14:23Z</time>
      </trkpt>
      <trkpt lat="46.5422240" lon="12.0640100">
        <ele>2515.3650000</ele>
        <time>2008-07-19T16:14:32Z</time>
      </trkpt>
      <trkpt lat="46.5422270" lon="12.0638960">
        <ele>2513.5250000</ele>
        <time>2008-07-19T16:14:42Z</time>
      </trkpt>
      <trkpt lat="46.5421990" lon="12.0638280">
        <ele>2511.0040000</ele>
        <time>2008-07-19T16:14:51Z</time>
      </trkpt>
      <trkpt lat="46.5421520" lon="12.0637890">
        <ele>2509.5400000</ele>
        <time>2008-07-19T16:14:59Z</time>
      </trkpt>
      <trkpt lat="46.5421030" lon="12.0637840">
        <ele>2508.3960000</ele>
        <time>2008-07-19T16:15:06Z</time>
      </trkpt>
      <trkpt lat="46.5420950" lon="12.0637790">
        <ele>2508.3190000</ele>
        <time>2008-07-19T16:15:07Z</time>
      </trkpt>
      <trkpt lat="46.5420600" lon="12.0637840">
        <ele>2507.4870000</ele>
        <time>2008-07-19T16:15:14Z</time>
      </trkpt>
      <trkpt lat="46.5420640" lon="12.0638240">
        <ele>2506.0140000</ele>
        <time>2008-07-19T16:15:20Z</time>
      </trkpt>
      <trkpt lat="46.5420450" lon="12.0638750">
        <ele>2504.5310000</ele>
        <time>2008-07-19T16:15:27Z</time>
      </trkpt>
      <trkpt lat="46.5420420" lon="12.0639050">
        <ele>2504.1020000</ele>
        <time>2008-07-19T16:15:30Z</time>
      </trkpt>
      <trkpt lat="46.5420340" lon="12.0639940">
        <ele>2503.0360000</ele>
        <time>2008-07-19T16:15:38Z</time>
      </trkpt>
      <trkpt lat="46.5420280" lon="12.0640180">
        <ele>2502.0260000</ele>
        <time>2008-07-19T16:15:40Z</time>
      </trkpt>
      <trkpt lat="46.5420120" lon="12.0640390">
        <ele>2501.5900000</ele>
        <time>2008-07-19T16:15:42Z</time>
      </trkpt>
      <trkpt lat="46.5419880" lon="12.0640990">
        <ele>2500.1560000</ele>
        <time>2008-07-19T16:15:47Z</time>
      </trkpt>
      <trkpt lat="46.5419770" lon="12.0641210">
        <ele>2498.9050000</ele>
        <time>2008-07-19T16:15:49Z</time>
      </trkpt>
      <trkpt lat="46.5419650" lon="12.0640820">
        <ele>2497.6700000</ele>
        <time>2008-07-19T16:15:55Z</time>
      </trkpt>
      <trkpt lat="46.5419680" lon="12.0640120">
        <ele>2495.5700000</ele>
        <time>2008-07-19T16:16:03Z</time>
      </trkpt>
      <trkpt lat="46.5418870" lon="12.0639040">
        <ele>2493.8300000</ele>
        <time>2008-07-19T16:16:13Z</time>
      </trkpt>
      <trkpt lat="46.5418260" lon="12.0638980">
        <ele>2492.9390000</ele>
        <time>2008-07-19T16:16:21Z</time>
      </trkpt>
      <trkpt lat="46.5417910" lon="12.0638840">
        <ele>2492.6010000</ele>
        <time>2008-07-19T16:16:23Z</time>
      </trkpt>
      <trkpt lat="46.5416610" lon="12.0639330">
        <ele>2490.9010000</ele>
        <time>2008-07-19T16:16:32Z</time>
      </trkpt>
      <trkpt lat="46.5415900" lon="12.0639330">
        <ele>2482.5750000</ele>
        <time>2008-07-19T16:17:15Z</time>
      </trkpt>
      <trkpt lat="46.5416060" lon="12.0639810">
        <ele>2481.4210000</ele>
        <time>2008-07-19T16:17:23Z</time>
      </trkpt>
      <trkpt lat="46.5416270" lon="12.0640490">
        <ele>2481.0010000</ele>
        <time>2008-07-19T16:17:29Z</time>
      </trkpt>
      <trkpt lat="46.5416230" lon="12.0641660">
        <ele>2478.5880000</ele>
        <time>2008-07-19T16:17:38Z</time>
      </trkpt>
      <trkpt lat="46.5415740" lon="12.0642360">
        <ele>2476.3870000</ele>
        <time>2008-07-19T16:17:57Z</time>
      </trkpt>
      <trkpt lat="46.5415410" lon="12.0642170">
        <ele>2475.7810000</ele>
        <time>2008-07-19T16:18:13Z</time>
      </trkpt>
      <trkpt lat="46.5415230" lon="12.0641730">
        <ele>2476.3100000</ele>
        <time>2008-07-19T16:18:45Z</time>
      </trkpt>
      <trkpt lat="46.5414440" lon="12.0640960">
        <ele>2477.0920000</ele>
        <time>2008-07-19T16:19:11Z</time>
      </trkpt>
      <trkpt lat="46.5413970" lon="12.0640770">
        <ele>2477.3020000</ele>
        <time>2008-07-19T16:19:26Z</time>
      </trkpt>
      <trkpt lat="46.5413960" lon="12.0640370">
        <ele>2480.5530000</ele>
        <time>2008-07-19T16:20:50Z</time>
      </trkpt>
      <trkpt lat="46.5413770" lon="12.0640140">
        <ele>2481.3510000</ele>
        <time>2008-07-19T16:21:11Z</time>
      </trkpt>
      <trkpt lat="46.5413530" lon="12.0640280">
        <ele>2483.1650000</ele>
        <time>2008-07-19T16:21:37Z</time>
      </trkpt>
      <trkpt lat="46.5413830" lon="12.0641230">
        <ele>2482.9270000</ele>
        <time>2008-07-19T16:22:13Z</time>
      </trkpt>
      <trkpt lat="46.5413510" lon="12.0641550">
        <ele>2481.6800000</ele>
        <time>2008-07-19T16:22:18Z</time>
      </trkpt>
      <trkpt lat="46.5413700" lon="12.0642620">
        <ele>2478.9770000</ele>
        <time>2008-07-19T16:22:26Z</time>
      </trkpt>
      <trkpt lat="46.5413960" lon="12.0643050">
        <ele>2478.3960000</ele>
        <time>2008-07-19T16:22:28Z</time>
      </trkpt>
      <trkpt lat="46.5413670" lon="12.0643730">
        <ele>2476.9970000</ele>
        <time>2008-07-19T16:22:36Z</time>
      </trkpt>
      <trkpt lat="46.5413930" lon="12.0644750">
        <ele>2476.1990000</ele>
        <time>2008-07-19T16:22:43Z</time>
      </trkpt>
      <trkpt lat="46.5414100" lon="12.0645450">
        <ele>2474.9610000</ele>
        <time>2008-07-19T16:22:47Z</time>
      </trkpt>
      <trkpt lat="46.5414180" lon="12.0646060">
        <ele>2473.2880000</ele>
        <time>2008-07-19T16:22:50Z</time>
      </trkpt>
      <trkpt lat="46.5414140" lon="12.0647070">
        <ele>2472.6290000</ele>
        <time>2008-07-19T16:22:55Z</time>
      </trkpt>
      <trkpt lat="46.5414200" lon="12.0647230">
        <ele>2471.9790000</ele>
        <time>2008-07-19T16:23:05Z</time>
      </trkpt>
      <trkpt lat="46.5414290" lon="12.0647770">
        <ele>2472.3200000</ele>
        <time>2008-07-19T16:23:11Z</time>
      </trkpt>
      <trkpt lat="46.5414020" lon="12.0648550">
        <ele>2471.6510000</ele>
        <time>2008-07-19T16:23:19Z</time>
      </trkpt>
      <trkpt lat="46.5413980" lon="12.0648600">
        <ele>2471.2780000</ele>
        <time>2008-07-19T16:23:25Z</time>
      </trkpt>
      <trkpt lat="46.5413180" lon="12.0649470">
        <ele>2470.0300000</ele>
        <time>2008-07-19T16:23:36Z</time>
      </trkpt>
      <trkpt lat="46.5412700" lon="12.0649890">
        <ele>2469.9920000</ele>
        <time>2008-07-19T16:23:43Z</time>
      </trkpt>
      <trkpt lat="46.5412250" lon="12.0650370">
        <ele>2469.0520000</ele>
        <time>2008-07-19T16:23:51Z</time>
      </trkpt>
      <trkpt lat="46.5412150" lon="12.0650500">
        <ele>2468.6950000</ele>
        <time>2008-07-19T16:24:12Z</time>
      </trkpt>
      <trkpt lat="46.5411780" lon="12.0650870">
        <ele>2467.4540000</ele>
        <time>2008-07-19T16:24:21Z</time>
      </trkpt>
      <trkpt lat="46.5411600" lon="12.0651170">
        <ele>2466.1560000</ele>
        <time>2008-07-19T16:24:36Z</time>
      </trkpt>
      <trkpt lat="46.5411520" lon="12.0651220">
        <ele>2466.5590000</ele>
        <time>2008-07-19T16:24:37Z</time>
      </trkpt>
      <trkpt lat="46.5410760" lon="12.0652100">
        <ele>2463.7760000</ele>
        <time>2008-07-19T16:24:48Z</time>
      </trkpt>
      <trkpt lat="46.5410290" lon="12.0652530">
        <ele>2460.0350000</ele>
        <time>2008-07-19T16:24:57Z</time>
      </trkpt>
      <trkpt lat="46.5410340" lon="12.0652510">
        <ele>2460.2620000</ele>
        <time>2008-07-19T16:25:08Z</time>
      </trkpt>
      <trkpt lat="46.5410290" lon="12.0652610">
        <ele>2458.8890000</ele>
        <time>2008-07-19T16:25:16Z</time>
      </trkpt>
      <trkpt lat="46.5410380" lon="12.0652680">
        <ele>2459.5650000</ele>
        <time>2008-07-19T16:25:38Z</time>
      </trkpt>
      <trkpt lat="46.5410220" lon="12.0652660">
        <ele>2458.0410000</ele>
        <time>2008-07-19T16:27:10Z</time>
      </trkpt>
      <trkpt lat="46.5409580" lon="12.0653030">
        <ele>2456.5860000</ele>
        <time>2008-07-19T16:27:17Z</time>
      </trkpt>
      <trkpt lat="46.5408450" lon="12.0654150">
        <ele>2453.4630000</ele>
        <time>2008-07-19T16:27:26Z</time>
      </trkpt>
      <trkpt lat="46.5407540" lon="12.0655080">
        <ele>2450.6240000</ele>
        <time>2008-07-19T16:27:34Z</time>
      </trkpt>
      <trkpt lat="46.5407300" lon="12.0655400">
        <ele>2449.9010000</ele>
        <time>2008-07-19T16:27:41Z</time>
      </trkpt>
      <trkpt lat="46.5406620" lon="12.0656310">
        <ele>2446.4760000</ele>
        <time>2008-07-19T16:27:48Z</time>
      </trkpt>
      <trkpt lat="46.5406520" lon="12.0656440">
        <ele>2446.1790000</ele>
        <time>2008-07-19T16:27:49Z</time>
      </trkpt>
      <trkpt lat="46.5405850" lon="12.0657460">
        <ele>2442.8790000</ele>
        <time>2008-07-19T16:27:57Z</time>
      </trkpt>
      <trkpt lat="46.5405790" lon="12.0657630">
        <ele>2442.7810000</ele>
        <time>2008-07-19T16:27:58Z</time>
      </trkpt>
      <trkpt lat="46.5405640" lon="12.0658340">
        <ele>2440.6660000</ele>
        <time>2008-07-19T16:28:02Z</time>
      </trkpt>
      <trkpt lat="46.5404600" lon="12.0659890">
        <ele>2437.7920000</ele>
        <time>2008-07-19T16:28:13Z</time>
      </trkpt>
      <trkpt lat="46.5404120" lon="12.0660590">
        <ele>2434.7540000</ele>
        <time>2008-07-19T16:28:18Z</time>
      </trkpt>
      <trkpt lat="46.5403450" lon="12.0662420">
        <ele>2432.6520000</ele>
        <time>2008-07-19T16:28:28Z</time>
      </trkpt>
      <trkpt lat="46.5403200" lon="12.0662900">
        <ele>2431.3420000</ele>
        <time>2008-07-19T16:28:31Z</time>
      </trkpt>
      <trkpt lat="46.5402160" lon="12.0664680">
        <ele>2428.6460000</ele>
        <time>2008-07-19T16:28:42Z</time>
      </trkpt>
      <trkpt lat="46.5401370" lon="12.0665920">
        <ele>2425.4300000</ele>
        <time>2008-07-19T16:28:50Z</time>
      </trkpt>
      <trkpt lat="46.5400160" lon="12.0667240">
        <ele>2421.4990000</ele>
        <time>2008-07-19T16:29:00Z</time>
      </trkpt>
      <trkpt lat="46.5399830" lon="12.0667590">
        <ele>2419.4210000</ele>
        <time>2008-07-19T16:29:03Z</time>
      </trkpt>
      <trkpt lat="46.5398640" lon="12.0668600">
        <ele>2417.0800000</ele>
        <time>2008-07-19T16:29:14Z</time>
      </trkpt>
      <trkpt lat="46.5397680" lon="12.0669170">
        <ele>2415.0290000</ele>
        <time>2008-07-19T16:29:22Z</time>
      </trkpt>
      <trkpt lat="46.5396330" lon="12.0670160">
        <ele>2412.0030000</ele>
        <time>2008-07-19T16:29:33Z</time>
      </trkpt>
      <trkpt lat="46.5395310" lon="12.0670820">
        <ele>2408.8270000</ele>
        <time>2008-07-19T16:29:41Z</time>
      </trkpt>
      <trkpt lat="46.5394630" lon="12.0671080">
        <ele>2407.1860000</ele>
        <time>2008-07-19T16:29:46Z</time>
      </trkpt>
      <trkpt lat="46.5394410" lon="12.0671130">
        <ele>2406.0380000</ele>
        <time>2008-07-19T16:29:48Z</time>
      </trkpt>
      <trkpt lat="46.5394210" lon="12.0671020">
        <ele>2405.3110000</ele>
        <time>2008-07-19T16:29:50Z</time>
      </trkpt>
      <trkpt lat="46.5393990" lon="12.0669830">
        <ele>2401.4050000</ele>
        <time>2008-07-19T16:29:57Z</time>
      </trkpt>
      <trkpt lat="46.5394080" lon="12.0669470">
        <ele>2400.2110000</ele>
        <time>2008-07-19T16:29:59Z</time>
      </trkpt>
      <trkpt lat="46.5394610" lon="12.0667770">
        <ele>2397.0600000</ele>
        <time>2008-07-19T16:30:08Z</time>
      </trkpt>
      <trkpt lat="46.5395180" lon="12.0665740">
        <ele>2393.9580000</ele>
        <time>2008-07-19T16:30:19Z</time>
      </trkpt>
      <trkpt lat="46.5395640" lon="12.0664200">
        <ele>2390.6850000</ele>
        <time>2008-07-19T16:30:27Z</time>
      </trkpt>
      <trkpt lat="46.5395720" lon="12.0664040">
        <ele>2390.4420000</ele>
        <time>2008-07-19T16:30:28Z</time>
      </trkpt>
      <trkpt lat="46.5396400" lon="12.0662380">
        <ele>2388.3980000</ele>
        <time>2008-07-19T16:30:38Z</time>
      </trkpt>
      <trkpt lat="46.5396400" lon="12.0659600">
        <ele>2386.4280000</ele>
        <time>2008-07-19T16:30:51Z</time>
      </trkpt>
      <trkpt lat="46.5396360" lon="12.0657920">
        <ele>2383.4130000</ele>
        <time>2008-07-19T16:30:59Z</time>
      </trkpt>
      <trkpt lat="46.5396270" lon="12.0655990">
        <ele>2380.4130000</ele>
        <time>2008-07-19T16:31:08Z</time>
      </trkpt>
      <trkpt lat="46.5396080" lon="12.0653880">
        <ele>2378.4900000</ele>
        <time>2008-07-19T16:31:18Z</time>
      </trkpt>
      <trkpt lat="46.5395980" lon="12.0652010">
        <ele>2376.6870000</ele>
        <time>2008-07-19T16:31:27Z</time>
      </trkpt>
      <trkpt lat="46.5395870" lon="12.0651190">
        <ele>2374.9820000</ele>
        <time>2008-07-19T16:31:31Z</time>
      </trkpt>
      <trkpt lat="46.5395770" lon="12.0649400">
        <ele>2371.8000000</ele>
        <time>2008-07-19T16:31:40Z</time>
      </trkpt>
      <trkpt lat="46.5395360" lon="12.0647210">
        <ele>2370.2500000</ele>
        <time>2008-07-19T16:31:51Z</time>
      </trkpt>
      <trkpt lat="46.5395420" lon="12.0647040">
        <ele>2369.4980000</ele>
        <time>2008-07-19T16:31:57Z</time>
      </trkpt>
      <trkpt lat="46.5395290" lon="12.0646950">
        <ele>2369.0400000</ele>
        <time>2008-07-19T16:32:07Z</time>
      </trkpt>
      <trkpt lat="46.5395310" lon="12.0646960">
        <ele>2368.7530000</ele>
        <time>2008-07-19T16:32:26Z</time>
      </trkpt>
      <trkpt lat="46.5395250" lon="12.0646990">
        <ele>2368.0830000</ele>
        <time>2008-07-19T16:32:56Z</time>
      </trkpt>
      <trkpt lat="46.5395270" lon="12.0646990">
        <ele>2368.1020000</ele>
        <time>2008-07-19T16:33:03Z</time>
      </trkpt>
      <trkpt lat="46.5395080" lon="12.0646880">
        <ele>2368.3960000</ele>
        <time>2008-07-19T16:33:38Z</time>
      </trkpt>
      <trkpt lat="46.5395040" lon="12.0646600">
        <ele>2368.2690000</ele>
        <time>2008-07-19T16:33:45Z</time>
      </trkpt>
      <trkpt lat="46.5394930" lon="12.0646510">
        <ele>2367.8850000</ele>
        <time>2008-07-19T16:33:55Z</time>
      </trkpt>
      <trkpt lat="46.5394980" lon="12.0646250">
        <ele>2367.3230000</ele>
        <time>2008-07-19T16:34:05Z</time>
      </trkpt>
      <trkpt lat="46.5394960" lon="12.0645180">
        <ele>2366.6600000</ele>
        <time>2008-07-19T16:34:14Z</time>
      </trkpt>
      <trkpt lat="46.5394860" lon="12.0644050">
        <ele>2365.3970000</ele>
        <time>2008-07-19T16:34:22Z</time>
      </trkpt>
      <trkpt lat="46.5394820" lon="12.0643480">
        <ele>2364.3860000</ele>
        <time>2008-07-19T16:34:29Z</time>
      </trkpt>
      <trkpt lat="46.5394680" lon="12.0642560">
        <ele>2362.7200000</ele>
        <time>2008-07-19T16:34:37Z</time>
      </trkpt>
      <trkpt lat="46.5394540" lon="12.0641950">
        <ele>2361.8760000</ele>
        <time>2008-07-19T16:34:44Z</time>
      </trkpt>
      <trkpt lat="46.5394260" lon="12.0641440">
        <ele>2360.7100000</ele>
        <time>2008-07-19T16:34:51Z</time>
      </trkpt>
      <trkpt lat="46.5394090" lon="12.0640330">
        <ele>2359.1180000</ele>
        <time>2008-07-19T16:34:59Z</time>
      </trkpt>
      <trkpt lat="46.5393680" lon="12.0639000">
        <ele>2356.2230000</ele>
        <time>2008-07-19T16:35:09Z</time>
      </trkpt>
      <trkpt lat="46.5393160" lon="12.0637320">
        <ele>2354.9330000</ele>
        <time>2008-07-19T16:35:20Z</time>
      </trkpt>
      <trkpt lat="46.5392520" lon="12.0636840">
        <ele>2353.2560000</ele>
        <time>2008-07-19T16:35:30Z</time>
      </trkpt>
      <trkpt lat="46.5392490" lon="12.0636930">
        <ele>2353.2230000</ele>
        <time>2008-07-19T16:35:31Z</time>
      </trkpt>
      <trkpt lat="46.5392330" lon="12.0637630">
        <ele>2351.3910000</ele>
        <time>2008-07-19T16:35:36Z</time>
      </trkpt>
      <trkpt lat="46.5392090" lon="12.0638810">
        <ele>2349.9100000</ele>
        <time>2008-07-19T16:35:45Z</time>
      </trkpt>
      <trkpt lat="46.5391620" lon="12.0640030">
        <ele>2348.0670000</ele>
        <time>2008-07-19T16:35:54Z</time>
      </trkpt>
      <trkpt lat="46.5391510" lon="12.0640330">
        <ele>2347.1990000</ele>
        <time>2008-07-19T16:35:56Z</time>
      </trkpt>
      <trkpt lat="46.5391470" lon="12.0640470">
        <ele>2347.0260000</ele>
        <time>2008-07-19T16:35:57Z</time>
      </trkpt>
      <trkpt lat="46.5391210" lon="12.0641160">
        <ele>2345.9690000</ele>
        <time>2008-07-19T16:36:02Z</time>
      </trkpt>
      <trkpt lat="46.5390700" lon="12.0642360">
        <ele>2343.8550000</ele>
        <time>2008-07-19T16:36:12Z</time>
      </trkpt>
      <trkpt lat="46.5390160" lon="12.0643700">
        <ele>2341.5030000</ele>
        <time>2008-07-19T16:36:24Z</time>
      </trkpt>
      <trkpt lat="46.5389920" lon="12.0644410">
        <ele>2340.1990000</ele>
        <time>2008-07-19T16:36:30Z</time>
      </trkpt>
      <trkpt lat="46.5389330" lon="12.0645310">
        <ele>2337.8790000</ele>
        <time>2008-07-19T16:36:40Z</time>
      </trkpt>
      <trkpt lat="46.5388820" lon="12.0646340">
        <ele>2334.9410000</ele>
        <time>2008-07-19T16:36:51Z</time>
      </trkpt>
      <trkpt lat="46.5388300" lon="12.0647100">
        <ele>2333.2320000</ele>
        <time>2008-07-19T16:37:00Z</time>
      </trkpt>
      <trkpt lat="46.5388150" lon="12.0647210">
        <ele>2332.6420000</ele>
        <time>2008-07-19T16:37:07Z</time>
      </trkpt>
      <trkpt lat="46.5388170" lon="12.0647300">
        <ele>2332.1620000</ele>
        <time>2008-07-19T16:37:30Z</time>
      </trkpt>
      <trkpt lat="46.5388280" lon="12.0647370">
        <ele>2332.0740000</ele>
        <time>2008-07-19T16:38:05Z</time>
      </trkpt>
      <trkpt lat="46.5387890" lon="12.0647810">
        <ele>2331.2480000</ele>
        <time>2008-07-19T16:39:23Z</time>
      </trkpt>
      <trkpt lat="46.5386940" lon="12.0648710">
        <ele>2328.2080000</ele>
        <time>2008-07-19T16:39:33Z</time>
      </trkpt>
      <trkpt lat="46.5385920" lon="12.0649290">
        <ele>2325.9340000</ele>
        <time>2008-07-19T16:39:42Z</time>
      </trkpt>
      <trkpt lat="46.5384770" lon="12.0650520">
        <ele>2322.8040000</ele>
        <time>2008-07-19T16:39:54Z</time>
      </trkpt>
      <trkpt lat="46.5384170" lon="12.0651750">
        <ele>2320.8410000</ele>
        <time>2008-07-19T16:40:03Z</time>
      </trkpt>
      <trkpt lat="46.5384020" lon="12.0651950">
        <ele>2320.1370000</ele>
        <time>2008-07-19T16:40:05Z</time>
      </trkpt>
      <trkpt lat="46.5383460" lon="12.0653100">
        <ele>2317.9000000</ele>
        <time>2008-07-19T16:40:14Z</time>
      </trkpt>
      <trkpt lat="46.5383050" lon="12.0654310">
        <ele>2315.8160000</ele>
        <time>2008-07-19T16:40:22Z</time>
      </trkpt>
      <trkpt lat="46.5382360" lon="12.0655890">
        <ele>2314.0060000</ele>
        <time>2008-07-19T16:40:32Z</time>
      </trkpt>
      <trkpt lat="46.5381600" lon="12.0657100">
        <ele>2311.5650000</ele>
        <time>2008-07-19T16:40:40Z</time>
      </trkpt>
      <trkpt lat="46.5381480" lon="12.0657450">
        <ele>2310.9350000</ele>
        <time>2008-07-19T16:40:42Z</time>
      </trkpt>
      <trkpt lat="46.5380920" lon="12.0658950">
        <ele>2309.0350000</ele>
        <time>2008-07-19T16:40:52Z</time>
      </trkpt>
      <trkpt lat="46.5380510" lon="12.0659110">
        <ele>2308.1710000</ele>
        <time>2008-07-19T16:40:58Z</time>
      </trkpt>
      <trkpt lat="46.5380480" lon="12.0658890">
        <ele>2307.4530000</ele>
        <time>2008-07-19T16:41:00Z</time>
      </trkpt>
      <trkpt lat="46.5380740" lon="12.0656510">
        <ele>2305.0940000</ele>
        <time>2008-07-19T16:41:13Z</time>
      </trkpt>
      <trkpt lat="46.5380710" lon="12.0654320">
        <ele>2304.4810000</ele>
        <time>2008-07-19T16:41:25Z</time>
      </trkpt>
      <trkpt lat="46.5380630" lon="12.0652770">
        <ele>2303.3900000</ele>
        <time>2008-07-19T16:41:34Z</time>
      </trkpt>
      <trkpt lat="46.5380190" lon="12.0652110">
        <ele>2302.0460000</ele>
        <time>2008-07-19T16:41:39Z</time>
      </trkpt>
      <trkpt lat="46.5379880" lon="12.0652390">
        <ele>2301.4070000</ele>
        <time>2008-07-19T16:41:42Z</time>
      </trkpt>
      <trkpt lat="46.5379560" lon="12.0653770">
        <ele>2299.1940000</ele>
        <time>2008-07-19T16:41:50Z</time>
      </trkpt>
      <trkpt lat="46.5379030" lon="12.0654840">
        <ele>2296.1380000</ele>
        <time>2008-07-19T16:41:58Z</time>
      </trkpt>
      <trkpt lat="46.5378360" lon="12.0655460">
        <ele>2293.7280000</ele>
        <time>2008-07-19T16:42:06Z</time>
      </trkpt>
      <trkpt lat="46.5377550" lon="12.0656140">
        <ele>2290.7110000</ele>
        <time>2008-07-19T16:42:16Z</time>
      </trkpt>
      <trkpt lat="46.5376880" lon="12.0657150">
        <ele>2288.0100000</ele>
        <time>2008-07-19T16:42:25Z</time>
      </trkpt>
      <trkpt lat="46.5376100" lon="12.0658400">
        <ele>2285.2900000</ele>
        <time>2008-07-19T16:42:34Z</time>
      </trkpt>
      <trkpt lat="46.5375650" lon="12.0659270">
        <ele>2282.8130000</ele>
        <time>2008-07-19T16:42:43Z</time>
      </trkpt>
      <trkpt lat="46.5375440" lon="12.0659540">
        <ele>2282.6290000</ele>
        <time>2008-07-19T16:42:46Z</time>
      </trkpt>
      <trkpt lat="46.5375180" lon="12.0659760">
        <ele>2281.8920000</ele>
        <time>2008-07-19T16:42:49Z</time>
      </trkpt>
      <trkpt lat="46.5374530" lon="12.0660810">
        <ele>2278.2260000</ele>
        <time>2008-07-19T16:42:59Z</time>
      </trkpt>
      <trkpt lat="46.5374000" lon="12.0661800">
        <ele>2275.4710000</ele>
        <time>2008-07-19T16:43:07Z</time>
      </trkpt>
      <trkpt lat="46.5373370" lon="12.0662960">
        <ele>2273.8000000</ele>
        <time>2008-07-19T16:43:18Z</time>
      </trkpt>
      <trkpt lat="46.5372920" lon="12.0663630">
        <ele>2270.1520000</ele>
        <time>2008-07-19T16:43:24Z</time>
      </trkpt>
      <trkpt lat="46.5372820" lon="12.0663740">
        <ele>2270.1520000</ele>
        <time>2008-07-19T16:43:25Z</time>
      </trkpt>
      <trkpt lat="46.5372200" lon="12.0664700">
        <ele>2268.0490000</ele>
        <time>2008-07-19T16:43:35Z</time>
      </trkpt>
      <trkpt lat="46.5371940" lon="12.0665190">
        <ele>2265.9040000</ele>
        <time>2008-07-19T16:43:39Z</time>
      </trkpt>
      <trkpt lat="46.5371230" lon="12.0666540">
        <ele>2264.8200000</ele>
        <time>2008-07-19T16:43:50Z</time>
      </trkpt>
      <trkpt lat="46.5371010" lon="12.0666900">
        <ele>2263.5690000</ele>
        <time>2008-07-19T16:43:53Z</time>
      </trkpt>
      <trkpt lat="46.5370570" lon="12.0667660">
        <ele>2261.5880000</ele>
        <time>2008-07-19T16:44:00Z</time>
      </trkpt>
      <trkpt lat="46.5370310" lon="12.0668380">
        <ele>2260.9150000</ele>
        <time>2008-07-19T16:44:07Z</time>
      </trkpt>
      <trkpt lat="46.5369990" lon="12.0668280">
        <ele>2260.5550000</ele>
        <time>2008-07-19T16:44:17Z</time>
      </trkpt>
      <trkpt lat="46.5369910" lon="12.0667520">
        <ele>2260.6320000</ele>
        <time>2008-07-19T16:44:25Z</time>
      </trkpt>
      <trkpt lat="46.5369990" lon="12.0666960">
        <ele>2259.7400000</ele>
        <time>2008-07-19T16:44:29Z</time>
      </trkpt>
      <trkpt lat="46.5370370" lon="12.0665300">
        <ele>2259.8920000</ele>
        <time>2008-07-19T16:44:41Z</time>
      </trkpt>
      <trkpt lat="46.5370570" lon="12.0663370">
        <ele>2258.4090000</ele>
        <time>2008-07-19T16:44:53Z</time>
      </trkpt>
      <trkpt lat="46.5370550" lon="12.0661870">
        <ele>2256.0430000</ele>
        <time>2008-07-19T16:45:03Z</time>
      </trkpt>
      <trkpt lat="46.5370240" lon="12.0661150">
        <ele>2254.5430000</ele>
        <time>2008-07-19T16:45:12Z</time>
      </trkpt>
      <trkpt lat="46.5369760" lon="12.0661820">
        <ele>2252.9270000</ele>
        <time>2008-07-19T16:45:21Z</time>
      </trkpt>
      <trkpt lat="46.5369730" lon="12.0661930">
        <ele>2253.1550000</ele>
        <time>2008-07-19T16:45:22Z</time>
      </trkpt>
      <trkpt lat="46.5369220" lon="12.0663160">
        <ele>2249.9490000</ele>
        <time>2008-07-19T16:45:34Z</time>
      </trkpt>
      <trkpt lat="46.5368700" lon="12.0664050">
        <ele>2249.9380000</ele>
        <time>2008-07-19T16:45:44Z</time>
      </trkpt>
      <trkpt lat="46.5368610" lon="12.0664220">
        <ele>2249.0470000</ele>
        <time>2008-07-19T16:45:52Z</time>
      </trkpt>
      <trkpt lat="46.5368430" lon="12.0664560">
        <ele>2247.7810000</ele>
        <time>2008-07-19T16:46:05Z</time>
      </trkpt>
      <trkpt lat="46.5368190" lon="12.0665660">
        <ele>2246.5820000</ele>
        <time>2008-07-19T16:46:15Z</time>
      </trkpt>
      <trkpt lat="46.5368010" lon="12.0666360">
        <ele>2244.4150000</ele>
        <time>2008-07-19T16:46:21Z</time>
      </trkpt>
      <trkpt lat="46.5367850" lon="12.0667100">
        <ele>2243.8610000</ele>
        <time>2008-07-19T16:46:28Z</time>
      </trkpt>
      <trkpt lat="46.5367650" lon="12.0667810">
        <ele>2243.1930000</ele>
        <time>2008-07-19T16:46:33Z</time>
      </trkpt>
      <trkpt lat="46.5367010" lon="12.0669060">
        <ele>2241.3410000</ele>
        <time>2008-07-19T16:46:44Z</time>
      </trkpt>
      <trkpt lat="46.5366130" lon="12.0669590">
        <ele>2240.1190000</ele>
        <time>2008-07-19T16:46:53Z</time>
      </trkpt>
      <trkpt lat="46.5365840" lon="12.0669730">
        <ele>2239.6430000</ele>
        <time>2008-07-19T16:47:00Z</time>
      </trkpt>
      <trkpt lat="46.5365870" lon="12.0669720">
        <ele>2239.5660000</ele>
        <time>2008-07-19T16:47:13Z</time>
      </trkpt>
      <trkpt lat="46.5365710" lon="12.0669690">
        <ele>2238.8190000</ele>
        <time>2008-07-19T16:47:22Z</time>
      </trkpt>
      <trkpt lat="46.5365520" lon="12.0669860">
        <ele>2238.8170000</ele>
        <time>2008-07-19T16:47:39Z</time>
      </trkpt>
      <trkpt lat="46.5365560" lon="12.0669850">
        <ele>2238.6790000</ele>
        <time>2008-07-19T16:47:59Z</time>
      </trkpt>
      <trkpt lat="46.5365340" lon="12.0669810">
        <ele>2238.1860000</ele>
        <time>2008-07-19T16:48:09Z</time>
      </trkpt>
      <trkpt lat="46.5365260" lon="12.0669650">
        <ele>2238.0930000</ele>
        <time>2008-07-19T16:48:12Z</time>
      </trkpt>
      <trkpt lat="46.5364830" lon="12.0669080">
        <ele>2234.7620000</ele>
        <time>2008-07-19T16:48:19Z</time>
      </trkpt>
      <trkpt lat="46.5364740" lon="12.0669000">
        <ele>2234.5640000</ele>
        <time>2008-07-19T16:48:20Z</time>
      </trkpt>
      <trkpt lat="46.5364550" lon="12.0668880">
        <ele>2232.9900000</ele>
        <time>2008-07-19T16:48:23Z</time>
      </trkpt>
      <trkpt lat="46.5364420" lon="12.0668590">
        <ele>2231.0700000</ele>
        <time>2008-07-19T16:48:31Z</time>
      </trkpt>
      <trkpt lat="46.5364360" lon="12.0668350">
        <ele>2230.0560000</ele>
        <time>2008-07-19T16:48:39Z</time>
      </trkpt>
      <trkpt lat="46.5363680" lon="12.0668160">
        <ele>2227.6620000</ele>
        <time>2008-07-19T16:48:46Z</time>
      </trkpt>
      <trkpt lat="46.5363100" lon="12.0668010">
        <ele>2227.0320000</ele>
        <time>2008-07-19T16:48:51Z</time>
      </trkpt>
      <trkpt lat="46.5362750" lon="12.0667930">
        <ele>2225.3310000</ele>
        <time>2008-07-19T16:48:54Z</time>
      </trkpt>
      <trkpt lat="46.5362890" lon="12.0667690">
        <ele>2223.5840000</ele>
        <time>2008-07-19T16:49:03Z</time>
      </trkpt>
      <trkpt lat="46.5363020" lon="12.0667170">
        <ele>2222.8370000</ele>
        <time>2008-07-19T16:49:14Z</time>
      </trkpt>
      <trkpt lat="46.5362620" lon="12.0666520">
        <ele>2219.1370000</ele>
        <time>2008-07-19T16:49:21Z</time>
      </trkpt>
      <trkpt lat="46.5362540" lon="12.0666420">
        <ele>2219.1850000</ele>
        <time>2008-07-19T16:49:22Z</time>
      </trkpt>
      <trkpt lat="46.5362520" lon="12.0666280">
        <ele>2218.7410000</ele>
        <time>2008-07-19T16:49:23Z</time>
      </trkpt>
      <trkpt lat="46.5362260" lon="12.0665770">
        <ele>2217.1180000</ele>
        <time>2008-07-19T16:49:27Z</time>
      </trkpt>
      <trkpt lat="46.5362220" lon="12.0665480">
        <ele>2216.4900000</ele>
        <time>2008-07-19T16:49:29Z</time>
      </trkpt>
      <trkpt lat="46.5361870" lon="12.0665050">
        <ele>2214.2740000</ele>
        <time>2008-07-19T16:49:33Z</time>
      </trkpt>
      <trkpt lat="46.5361680" lon="12.0664960">
        <ele>2213.2820000</ele>
        <time>2008-07-19T16:49:35Z</time>
      </trkpt>
      <trkpt lat="46.5361450" lon="12.0664690">
        <ele>2211.8340000</ele>
        <time>2008-07-19T16:49:39Z</time>
      </trkpt>
      <trkpt lat="46.5361400" lon="12.0664580">
        <ele>2211.5190000</ele>
        <time>2008-07-19T16:49:40Z</time>
      </trkpt>
      <trkpt lat="46.5361000" lon="12.0664260">
        <ele>2210.6770000</ele>
        <time>2008-07-19T16:49:44Z</time>
      </trkpt>
      <trkpt lat="46.5360150" lon="12.0664000">
        <ele>2207.8460000</ele>
        <time>2008-07-19T16:49:53Z</time>
      </trkpt>
      <trkpt lat="46.5359830" lon="12.0663890">
        <ele>2206.7280000</ele>
        <time>2008-07-19T16:50:00Z</time>
      </trkpt>
      <trkpt lat="46.5359770" lon="12.0663250">
        <ele>2204.6980000</ele>
        <time>2008-07-19T16:50:04Z</time>
      </trkpt>
      <trkpt lat="46.5359280" lon="12.0662750">
        <ele>2202.2490000</ele>
        <time>2008-07-19T16:50:09Z</time>
      </trkpt>
      <trkpt lat="46.5359060" lon="12.0662520">
        <ele>2200.9230000</ele>
        <time>2008-07-19T16:50:11Z</time>
      </trkpt>
      <trkpt lat="46.5358600" lon="12.0661800">
        <ele>2198.4030000</ele>
        <time>2008-07-19T16:50:17Z</time>
      </trkpt>
      <trkpt lat="46.5357990" lon="12.0661440">
        <ele>2196.6670000</ele>
        <time>2008-07-19T16:50:22Z</time>
      </trkpt>
      <trkpt lat="46.5357170" lon="12.0660860">
        <ele>2192.9450000</ele>
        <time>2008-07-19T16:50:29Z</time>
      </trkpt>
      <trkpt lat="46.5356720" lon="12.0660730">
        <ele>2191.3290000</ele>
        <time>2008-07-19T16:50:36Z</time>
      </trkpt>
      <trkpt lat="46.5356340" lon="12.0660760">
        <ele>2188.2010000</ele>
        <time>2008-07-19T16:50:40Z</time>
      </trkpt>
      <trkpt lat="46.5356160" lon="12.0660480">
        <ele>2187.4070000</ele>
        <time>2008-07-19T16:50:42Z</time>
      </trkpt>
      <trkpt lat="46.5355300" lon="12.0659890">
        <ele>2184.2710000</ele>
        <time>2008-07-19T16:50:49Z</time>
      </trkpt>
      <trkpt lat="46.5355160" lon="12.0659890">
        <ele>2183.7870000</ele>
        <time>2008-07-19T16:50:50Z</time>
      </trkpt>
      <trkpt lat="46.5354290" lon="12.0660230">
        <ele>2182.6590000</ele>
        <time>2008-07-19T16:51:00Z</time>
      </trkpt>
      <trkpt lat="46.5353980" lon="12.0660070">
        <ele>2181.3910000</ele>
        <time>2008-07-19T16:51:04Z</time>
      </trkpt>
      <trkpt lat="46.5353330" lon="12.0659920">
        <ele>2180.0550000</ele>
        <time>2008-07-19T16:51:11Z</time>
      </trkpt>
      <trkpt lat="46.5352900" lon="12.0660600">
        <ele>2177.4900000</ele>
        <time>2008-07-19T16:51:17Z</time>
      </trkpt>
      <trkpt lat="46.5352830" lon="12.0660680">
        <ele>2177.7170000</ele>
        <time>2008-07-19T16:51:28Z</time>
      </trkpt>
      <trkpt lat="46.5352730" lon="12.0660770">
        <ele>2177.2310000</ele>
        <time>2008-07-19T16:51:36Z</time>
      </trkpt>
      <trkpt lat="46.5352550" lon="12.0660900">
        <ele>2176.8460000</ele>
        <time>2008-07-19T16:51:45Z</time>
      </trkpt>
      <trkpt lat="46.5352370" lon="12.0660910">
        <ele>2175.9230000</ele>
        <time>2008-07-19T16:51:51Z</time>
      </trkpt>
      <trkpt lat="46.5352110" lon="12.0660900">
        <ele>2174.8070000</ele>
        <time>2008-07-19T16:51:54Z</time>
      </trkpt>
      <trkpt lat="46.5351940" lon="12.0660860">
        <ele>2173.9750000</ele>
        <time>2008-07-19T16:51:56Z</time>
      </trkpt>
      <trkpt lat="46.5350980" lon="12.0661520">
        <ele>2172.2900000</ele>
        <time>2008-07-19T16:52:07Z</time>
      </trkpt>
      <trkpt lat="46.5350900" lon="12.0661500">
        <ele>2171.3950000</ele>
        <time>2008-07-19T16:52:08Z</time>
      </trkpt>
      <trkpt lat="46.5350160" lon="12.0662070">
        <ele>2169.5360000</ele>
        <time>2008-07-19T16:52:19Z</time>
      </trkpt>
      <trkpt lat="46.5349980" lon="12.0662010">
        <ele>2169.5370000</ele>
        <time>2008-07-19T16:52:25Z</time>
      </trkpt>
      <trkpt lat="46.5349990" lon="12.0661910">
        <ele>2169.1300000</ele>
        <time>2008-07-19T16:52:26Z</time>
      </trkpt>
      <trkpt lat="46.5349790" lon="12.0660440">
        <ele>2167.1930000</ele>
        <time>2008-07-19T16:52:37Z</time>
      </trkpt>
      <trkpt lat="46.5349470" lon="12.0660020">
        <ele>2165.5670000</ele>
        <time>2008-07-19T16:52:42Z</time>
      </trkpt>
      <trkpt lat="46.5348800" lon="12.0660360">
        <ele>2164.2080000</ele>
        <time>2008-07-19T16:52:52Z</time>
      </trkpt>
      <trkpt lat="46.5348380" lon="12.0660810">
        <ele>2162.5480000</ele>
        <time>2008-07-19T16:52:58Z</time>
      </trkpt>
      <trkpt lat="46.5348060" lon="12.0661180">
        <ele>2161.3970000</ele>
        <time>2008-07-19T16:53:02Z</time>
      </trkpt>
      <trkpt lat="46.5347240" lon="12.0662120">
        <ele>2159.2730000</ele>
        <time>2008-07-19T16:53:12Z</time>
      </trkpt>
      <trkpt lat="46.5346710" lon="12.0662400">
        <ele>2158.4940000</ele>
        <time>2008-07-19T16:53:20Z</time>
      </trkpt>
      <trkpt lat="46.5346290" lon="12.0662870">
        <ele>2157.7330000</ele>
        <time>2008-07-19T16:53:26Z</time>
      </trkpt>
      <trkpt lat="46.5346200" lon="12.0662950">
        <ele>2157.7140000</ele>
        <time>2008-07-19T16:53:27Z</time>
      </trkpt>
      <trkpt lat="46.5345420" lon="12.0663910">
        <ele>2154.8100000</ele>
        <time>2008-07-19T16:53:37Z</time>
      </trkpt>
      <trkpt lat="46.5344800" lon="12.0664750">
        <ele>2153.1250000</ele>
        <time>2008-07-19T16:53:46Z</time>
      </trkpt>
      <trkpt lat="46.5344730" lon="12.0664860">
        <ele>2153.2080000</ele>
        <time>2008-07-19T16:53:47Z</time>
      </trkpt>
      <trkpt lat="46.5343810" lon="12.0665810">
        <ele>2151.7300000</ele>
        <time>2008-07-19T16:53:58Z</time>
      </trkpt>
      <trkpt lat="46.5342830" lon="12.0667210">
        <ele>2149.5690000</ele>
        <time>2008-07-19T16:54:11Z</time>
      </trkpt>
      <trkpt lat="46.5342490" lon="12.0667870">
        <ele>2149.2530000</ele>
        <time>2008-07-19T16:54:17Z</time>
      </trkpt>
      <trkpt lat="46.5341910" lon="12.0668730">
        <ele>2149.0060000</ele>
        <time>2008-07-19T16:54:25Z</time>
      </trkpt>
      <trkpt lat="46.5341870" lon="12.0669150">
        <ele>2148.7230000</ele>
        <time>2008-07-19T16:54:28Z</time>
      </trkpt>
      <trkpt lat="46.5341460" lon="12.0670110">
        <ele>2146.9850000</ele>
        <time>2008-07-19T16:54:36Z</time>
      </trkpt>
      <trkpt lat="46.5340970" lon="12.0670990">
        <ele>2146.2920000</ele>
        <time>2008-07-19T16:54:44Z</time>
      </trkpt>
      <trkpt lat="46.5340910" lon="12.0671100">
        <ele>2146.3290000</ele>
        <time>2008-07-19T16:54:45Z</time>
      </trkpt>
      <trkpt lat="46.5340150" lon="12.0671380">
        <ele>2145.3090000</ele>
        <time>2008-07-19T16:54:54Z</time>
      </trkpt>
      <trkpt lat="46.5340080" lon="12.0671430">
        <ele>2144.7330000</ele>
        <time>2008-07-19T16:55:04Z</time>
      </trkpt>
      <trkpt lat="46.5340030" lon="12.0671500">
        <ele>2144.6720000</ele>
        <time>2008-07-19T16:55:13Z</time>
      </trkpt>
      <trkpt lat="46.5340150" lon="12.0671530">
        <ele>2144.5460000</ele>
        <time>2008-07-19T16:55:20Z</time>
      </trkpt>
      <trkpt lat="46.5340130" lon="12.0671700">
        <ele>2144.4430000</ele>
        <time>2008-07-19T16:55:30Z</time>
      </trkpt>
      <trkpt lat="46.5340150" lon="12.0672290">
        <ele>2141.7360000</ele>
        <time>2008-07-19T16:55:38Z</time>
      </trkpt>
      <trkpt lat="46.5340110" lon="12.0672620">
        <ele>2140.2700000</ele>
        <time>2008-07-19T16:55:43Z</time>
      </trkpt>
      <trkpt lat="46.5340260" lon="12.0673100">
        <ele>2137.9980000</ele>
        <time>2008-07-19T16:55:51Z</time>
      </trkpt>
      <trkpt lat="46.5340240" lon="12.0673690">
        <ele>2136.5240000</ele>
        <time>2008-07-19T16:55:59Z</time>
      </trkpt>
      <trkpt lat="46.5340230" lon="12.0674190">
        <ele>2135.0620000</ele>
        <time>2008-07-19T16:56:07Z</time>
      </trkpt>
      <trkpt lat="46.5340270" lon="12.0674560">
        <ele>2133.2110000</ele>
        <time>2008-07-19T16:56:16Z</time>
      </trkpt>
      <trkpt lat="46.5340360" lon="12.0675080">
        <ele>2130.5190000</ele>
        <time>2008-07-19T16:56:24Z</time>
      </trkpt>
      <trkpt lat="46.5340360" lon="12.0675920">
        <ele>2127.9860000</ele>
        <time>2008-07-19T16:56:34Z</time>
      </trkpt>
      <trkpt lat="46.5340420" lon="12.0676340">
        <ele>2127.8160000</ele>
        <time>2008-07-19T16:56:40Z</time>
      </trkpt>
      <trkpt lat="46.5340130" lon="12.0676760">
        <ele>2127.0740000</ele>
        <time>2008-07-19T16:56:48Z</time>
      </trkpt>
      <trkpt lat="46.5339800" lon="12.0677320">
        <ele>2123.6620000</ele>
        <time>2008-07-19T16:56:54Z</time>
      </trkpt>
      <trkpt lat="46.5339700" lon="12.0677830">
        <ele>2122.6150000</ele>
        <time>2008-07-19T16:57:01Z</time>
      </trkpt>
      <trkpt lat="46.5339550" lon="12.0678400">
        <ele>2121.6810000</ele>
        <time>2008-07-19T16:57:08Z</time>
      </trkpt>
      <trkpt lat="46.5339270" lon="12.0678680">
        <ele>2120.4880000</ele>
        <time>2008-07-19T16:57:14Z</time>
      </trkpt>
      <trkpt lat="46.5338980" lon="12.0678780">
        <ele>2119.3050000</ele>
        <time>2008-07-19T16:57:21Z</time>
      </trkpt>
      <trkpt lat="46.5338940" lon="12.0678990">
        <ele>2118.3420000</ele>
        <time>2008-07-19T16:57:23Z</time>
      </trkpt>
      <trkpt lat="46.5338250" lon="12.0679450">
        <ele>2115.5270000</ele>
        <time>2008-07-19T16:57:32Z</time>
      </trkpt>
      <trkpt lat="46.5338190" lon="12.0679490">
        <ele>2115.2590000</ele>
        <time>2008-07-19T16:57:33Z</time>
      </trkpt>
      <trkpt lat="46.5337550" lon="12.0679880">
        <ele>2113.8170000</ele>
        <time>2008-07-19T16:57:44Z</time>
      </trkpt>
      <trkpt lat="46.5337120" lon="12.0680160">
        <ele>2111.2210000</ele>
        <time>2008-07-19T16:57:50Z</time>
      </trkpt>
      <trkpt lat="46.5336560" lon="12.0681160">
        <ele>2106.8010000</ele>
        <time>2008-07-19T16:57:59Z</time>
      </trkpt>
      <trkpt lat="46.5336460" lon="12.0681230">
        <ele>2106.5530000</ele>
        <time>2008-07-19T16:58:00Z</time>
      </trkpt>
      <trkpt lat="46.5335920" lon="12.0681780">
        <ele>2104.1360000</ele>
        <time>2008-07-19T16:58:09Z</time>
      </trkpt>
      <trkpt lat="46.5335270" lon="12.0682370">
        <ele>2101.4380000</ele>
        <time>2008-07-19T16:58:18Z</time>
      </trkpt>
      <trkpt lat="46.5334570" lon="12.0683260">
        <ele>2099.9520000</ele>
        <time>2008-07-19T16:58:27Z</time>
      </trkpt>
      <trkpt lat="46.5333840" lon="12.0684000">
        <ele>2097.8790000</ele>
        <time>2008-07-19T16:58:38Z</time>
      </trkpt>
      <trkpt lat="46.5333470" lon="12.0683980">
        <ele>2097.3450000</ele>
        <time>2008-07-19T16:58:42Z</time>
      </trkpt>
      <trkpt lat="46.5332930" lon="12.0684590">
        <ele>2096.5240000</ele>
        <time>2008-07-19T16:58:51Z</time>
      </trkpt>
      <trkpt lat="46.5332750" lon="12.0685100">
        <ele>2096.0990000</ele>
        <time>2008-07-19T16:58:59Z</time>
      </trkpt>
      <trkpt lat="46.5332180" lon="12.0685720">
        <ele>2095.0560000</ele>
        <time>2008-07-19T16:59:06Z</time>
      </trkpt>
      <trkpt lat="46.5331920" lon="12.0686900">
        <ele>2094.4810000</ele>
        <time>2008-07-19T16:59:16Z</time>
      </trkpt>
      <trkpt lat="46.5331820" lon="12.0687670">
        <ele>2092.8280000</ele>
        <time>2008-07-19T16:59:23Z</time>
      </trkpt>
      <trkpt lat="46.5332000" lon="12.0688130">
        <ele>2091.9610000</ele>
        <time>2008-07-19T16:59:27Z</time>
      </trkpt>
      <trkpt lat="46.5331960" lon="12.0689100">
        <ele>2090.1980000</ele>
        <time>2008-07-19T16:59:36Z</time>
      </trkpt>
      <trkpt lat="46.5332080" lon="12.0689820">
        <ele>2088.6840000</ele>
        <time>2008-07-19T16:59:44Z</time>
      </trkpt>
      <trkpt lat="46.5332060" lon="12.0689980">
        <ele>2087.6090000</ele>
        <time>2008-07-19T16:59:45Z</time>
      </trkpt>
      <trkpt lat="46.5331910" lon="12.0690350">
        <ele>2087.0630000</ele>
        <time>2008-07-19T16:59:47Z</time>
      </trkpt>
      <trkpt lat="46.5331960" lon="12.0691180">
        <ele>2086.7350000</ele>
        <time>2008-07-19T16:59:54Z</time>
      </trkpt>
      <trkpt lat="46.5332330" lon="12.0692170">
        <ele>2085.2280000</ele>
        <time>2008-07-19T17:00:03Z</time>
      </trkpt>
      <trkpt lat="46.5332710" lon="12.0693310">
        <ele>2082.9190000</ele>
        <time>2008-07-19T17:00:13Z</time>
      </trkpt>
      <trkpt lat="46.5332990" lon="12.0693910">
        <ele>2081.6550000</ele>
        <time>2008-07-19T17:00:18Z</time>
      </trkpt>
      <trkpt lat="46.5333040" lon="12.0694570">
        <ele>2081.1130000</ele>
        <time>2008-07-19T17:00:22Z</time>
      </trkpt>
      <trkpt lat="46.5332890" lon="12.0696220">
        <ele>2079.1850000</ele>
        <time>2008-07-19T17:00:34Z</time>
      </trkpt>
      <trkpt lat="46.5333230" lon="12.0697470">
        <ele>2077.6530000</ele>
        <time>2008-07-19T17:00:45Z</time>
      </trkpt>
      <trkpt lat="46.5333290" lon="12.0697550">
        <ele>2077.7260000</ele>
        <time>2008-07-19T17:00:46Z</time>
      </trkpt>
      <trkpt lat="46.5333690" lon="12.0698300">
        <ele>2076.7950000</ele>
        <time>2008-07-19T17:00:54Z</time>
      </trkpt>
      <trkpt lat="46.5334360" lon="12.0699630">
        <ele>2074.3770000</ele>
        <time>2008-07-19T17:01:04Z</time>
      </trkpt>
      <trkpt lat="46.5335110" lon="12.0701100">
        <ele>2072.0340000</ele>
        <time>2008-07-19T17:01:16Z</time>
      </trkpt>
      <trkpt lat="46.5335390" lon="12.0701160">
        <ele>2072.1830000</ele>
        <time>2008-07-19T17:01:20Z</time>
      </trkpt>
      <trkpt lat="46.5335540" lon="12.0702100">
        <ele>2071.0970000</ele>
        <time>2008-07-19T17:01:27Z</time>
      </trkpt>
      <trkpt lat="46.5335630" lon="12.0702570">
        <ele>2070.7730000</ele>
        <time>2008-07-19T17:01:36Z</time>
      </trkpt>
      <trkpt lat="46.5335370" lon="12.0703480">
        <ele>2070.9320000</ele>
        <time>2008-07-19T17:01:43Z</time>
      </trkpt>
      <trkpt lat="46.5334670" lon="12.0704660">
        <ele>2070.4110000</ele>
        <time>2008-07-19T17:01:54Z</time>
      </trkpt>
      <trkpt lat="46.5333900" lon="12.0705560">
        <ele>2069.3440000</ele>
        <time>2008-07-19T17:02:05Z</time>
      </trkpt>
      <trkpt lat="46.5332930" lon="12.0706210">
        <ele>2069.0270000</ele>
        <time>2008-07-19T17:02:18Z</time>
      </trkpt>
      <trkpt lat="46.5332500" lon="12.0706350">
        <ele>2067.9990000</ele>
        <time>2008-07-19T17:02:25Z</time>
      </trkpt>
      <trkpt lat="46.5331490" lon="12.0706770">
        <ele>2066.7220000</ele>
        <time>2008-07-19T17:02:36Z</time>
      </trkpt>
      <trkpt lat="46.5330940" lon="12.0706920">
        <ele>2065.5890000</ele>
        <time>2008-07-19T17:02:43Z</time>
      </trkpt>
      <trkpt lat="46.5330290" lon="12.0706950">
        <ele>2064.6880000</ele>
        <time>2008-07-19T17:02:51Z</time>
      </trkpt>
      <trkpt lat="46.5329650" lon="12.0707190">
        <ele>2064.2670000</ele>
        <time>2008-07-19T17:02:59Z</time>
      </trkpt>
      <trkpt lat="46.5329050" lon="12.0707310">
        <ele>2063.5060000</ele>
        <time>2008-07-19T17:03:07Z</time>
      </trkpt>
      <trkpt lat="46.5328600" lon="12.0707670">
        <ele>2063.9690000</ele>
        <time>2008-07-19T17:03:15Z</time>
      </trkpt>
      <trkpt lat="46.5328440" lon="12.0707720">
        <ele>2063.7950000</ele>
        <time>2008-07-19T17:03:25Z</time>
      </trkpt>
      <trkpt lat="46.5328020" lon="12.0707260">
        <ele>2063.2710000</ele>
        <time>2008-07-19T17:03:32Z</time>
      </trkpt>
      <trkpt lat="46.5327470" lon="12.0706220">
        <ele>2062.8970000</ele>
        <time>2008-07-19T17:03:43Z</time>
      </trkpt>
      <trkpt lat="46.5327070" lon="12.0705270">
        <ele>2062.0930000</ele>
        <time>2008-07-19T17:03:54Z</time>
      </trkpt>
      <trkpt lat="46.5326960" lon="12.0704470">
        <ele>2061.3310000</ele>
        <time>2008-07-19T17:04:03Z</time>
      </trkpt>
      <trkpt lat="46.5326710" lon="12.0703590">
        <ele>2061.1630000</ele>
        <time>2008-07-19T17:04:13Z</time>
      </trkpt>
      <trkpt lat="46.5326370" lon="12.0702590">
        <ele>2060.9470000</ele>
        <time>2008-07-19T17:04:23Z</time>
      </trkpt>
      <trkpt lat="46.5326320" lon="12.0702330">
        <ele>2060.8250000</ele>
        <time>2008-07-19T17:04:26Z</time>
      </trkpt>
      <trkpt lat="46.5325790" lon="12.0701110">
        <ele>2060.3830000</ele>
        <time>2008-07-19T17:04:37Z</time>
      </trkpt>
      <trkpt lat="46.5325530" lon="12.0701120">
        <ele>2059.2810000</ele>
        <time>2008-07-19T17:04:42Z</time>
      </trkpt>
    </trkseg>
  </trk>

</gpx>
