<?xml version="1.0" encoding="UTF-8" standalone="no" ?>
<gpx xmlns="http://www.topografix.com/GPX/1/1" creator="MapSource 6.13.5" version="1.1" xmlns:xsi="http://www.w3.org/2001/XMLSchema-instance" xsi:schemaLocation="http://www.garmin.com/xmlschemas/GpxExtensions/v3 http://www.garmin.com/xmlschemas/GpxExtensions/v3/GpxExtensionsv3.xsd http://www.topografix.com/GPX/1/1 http://www.topografix.com/GPX/1/1/gpx.xsd">

  <metadata>
    <link href="http://www.garmin.com">
      <text>Garmin International</text>
    </link>
    <time>2009-09-17T18:26:30Z</time>
    <bounds maxlat="47.6291582" maxlon="14.3640324" minlat="47.6095467" minlon="14.3376682"/>
  </metadata>

  <wpt lat="47.6258932" lon="14.3539819">
    <ele>1671.0000000</ele>
    <name>Klettersteig</name>
    <cmt>16-SEP-09 9:07:35</cmt>
    <desc>16-SEP-09 9:07:35</desc>
    <sym>Trail Head</sym>
    <extensions>
      <gpxx:WaypointExtension xmlns:gpxx="http://www.garmin.com/xmlschemas/GpxExtensions/v3">
        <gpxx:DisplayMode>SymbolAndName</gpxx:DisplayMode>
      </gpxx:WaypointExtension>
    </extensions>
  </wpt>

  <wpt lat="47.6149171" lon="14.3604253">
    <ele>1030.0000000</ele>
    <name>Parkplatz</name>
    <cmt>16-SEP-09 7:26:31</cmt>
    <desc>16-SEP-09 7:26:31</desc>
    <sym>Parking Area</sym>
    <extensions>
      <gpxx:WaypointExtension xmlns:gpxx="http://www.garmin.com/xmlschemas/GpxExtensions/v3">
        <gpxx:DisplayMode>SymbolAndName</gpxx:DisplayMode>
      </gpxx:WaypointExtension>
    </extensions>
  </wpt>

  <trk>
    <name>wildfrauensteig</name>
    <extensions>
      <gpxx:TrackExtension xmlns:gpxx="http://www.garmin.com/xmlschemas/GpxExtensions/v3">
        <gpxx:DisplayColor>Magenta</gpxx:DisplayColor>
      </gpxx:TrackExtension>
    </extensions>
    <trkseg>
      <trkpt lat="47.6149075" lon="14.3604428">
        <ele>1047.9743652</ele>
        <time>2009-09-16T06:24:59Z</time>
      </trkpt>
      <trkpt lat="47.6150406" lon="14.3603793">
        <ele>1029.7092285</ele>
        <time>2009-09-16T06:30:29Z</time>
      </trkpt>
      <trkpt lat="47.6152965" lon="14.3606215">
        <ele>1030.1899414</ele>
        <time>2009-09-16T06:31:46Z</time>
      </trkpt>
      <trkpt lat="47.6154158" lon="14.3606880">
        <ele>1032.1125488</ele>
        <time>2009-09-16T06:31:57Z</time>
      </trkpt>
      <trkpt lat="47.6155333" lon="14.3609517">
        <ele>1030.6706543</ele>
        <time>2009-09-16T06:32:24Z</time>
      </trkpt>
      <trkpt lat="47.6156875" lon="14.3611004">
        <ele>1031.1513672</ele>
        <time>2009-09-16T06:32:40Z</time>
      </trkpt>
      <trkpt lat="47.6158159" lon="14.3612553">
        <ele>1031.1513672</ele>
        <time>2009-09-16T06:32:58Z</time>
      </trkpt>
      <trkpt lat="47.6159010" lon="14.3613527">
        <ele>1032.1125488</ele>
        <time>2009-09-16T06:33:11Z</time>
      </trkpt>
      <trkpt lat="47.6159864" lon="14.3614531">
        <ele>1034.5158691</ele>
        <time>2009-09-16T06:33:22Z</time>
      </trkpt>
      <trkpt lat="47.6160756" lon="14.3614822">
        <ele>1037.3999023</ele>
        <time>2009-09-16T06:33:34Z</time>
      </trkpt>
      <trkpt lat="47.6163357" lon="14.3614338">
        <ele>1040.2839355</ele>
        <time>2009-09-16T06:34:00Z</time>
      </trkpt>
      <trkpt lat="47.6162780" lon="14.3614638">
        <ele>1041.2451172</ele>
        <time>2009-09-16T06:34:46Z</time>
      </trkpt>
      <trkpt lat="47.6164785" lon="14.3613705">
        <ele>1040.7644043</ele>
        <time>2009-09-16T06:35:24Z</time>
      </trkpt>
      <trkpt lat="47.6166882" lon="14.3612931">
        <ele>1039.8032227</ele>
        <time>2009-09-16T06:35:51Z</time>
      </trkpt>
      <trkpt lat="47.6169723" lon="14.3611185">
        <ele>1040.7644043</ele>
        <time>2009-09-16T06:36:15Z</time>
      </trkpt>
      <trkpt lat="47.6171307" lon="14.3611002">
        <ele>1041.7258301</ele>
        <time>2009-09-16T06:36:31Z</time>
      </trkpt>
      <trkpt lat="47.6173452" lon="14.3610506">
        <ele>1042.6872559</ele>
        <time>2009-09-16T06:36:56Z</time>
      </trkpt>
      <trkpt lat="47.6175203" lon="14.3610401">
        <ele>1045.5710449</ele>
        <time>2009-09-16T06:37:16Z</time>
      </trkpt>
      <trkpt lat="47.6176857" lon="14.3609738">
        <ele>1048.4548340</ele>
        <time>2009-09-16T06:37:37Z</time>
      </trkpt>
      <trkpt lat="47.6178265" lon="14.3609082">
        <ele>1051.3388672</ele>
        <time>2009-09-16T06:37:53Z</time>
      </trkpt>
      <trkpt lat="47.6179212" lon="14.3608783">
        <ele>1053.7424316</ele>
        <time>2009-09-16T06:38:04Z</time>
      </trkpt>
      <trkpt lat="47.6182039" lon="14.3608486">
        <ele>1062.8747559</ele>
        <time>2009-09-16T06:38:40Z</time>
      </trkpt>
      <trkpt lat="47.6183634" lon="14.3608006">
        <ele>1066.7199707</ele>
        <time>2009-09-16T06:39:00Z</time>
      </trkpt>
      <trkpt lat="47.6184646" lon="14.3607328">
        <ele>1067.6811523</ele>
        <time>2009-09-16T06:39:06Z</time>
      </trkpt>
      <trkpt lat="47.6185483" lon="14.3607869">
        <ele>1073.9299316</ele>
        <time>2009-09-16T06:39:19Z</time>
      </trkpt>
      <trkpt lat="47.6186256" lon="14.3607916">
        <ele>1076.3332520</ele>
        <time>2009-09-16T06:39:27Z</time>
      </trkpt>
      <trkpt lat="47.6187644" lon="14.3607560">
        <ele>1078.2558594</ele>
        <time>2009-09-16T06:39:39Z</time>
      </trkpt>
      <trkpt lat="47.6188322" lon="14.3607844">
        <ele>1081.1398926</ele>
        <time>2009-09-16T06:39:47Z</time>
      </trkpt>
      <trkpt lat="47.6189819" lon="14.3607383">
        <ele>1083.5429688</ele>
        <time>2009-09-16T06:39:58Z</time>
      </trkpt>
      <trkpt lat="47.6190567" lon="14.3607279">
        <ele>1082.5817871</ele>
        <time>2009-09-16T06:40:08Z</time>
      </trkpt>
      <trkpt lat="47.6192430" lon="14.3605574">
        <ele>1077.2946777</ele>
        <time>2009-09-16T06:40:32Z</time>
      </trkpt>
      <trkpt lat="47.6194865" lon="14.3597665">
        <ele>1064.7973633</ele>
        <time>2009-09-16T06:41:22Z</time>
      </trkpt>
      <trkpt lat="47.6195032" lon="14.3596518">
        <ele>1063.8359375</ele>
        <time>2009-09-16T06:41:27Z</time>
      </trkpt>
      <trkpt lat="47.6195346" lon="14.3596329">
        <ele>1064.3166504</ele>
        <time>2009-09-16T06:41:38Z</time>
      </trkpt>
      <trkpt lat="47.6195983" lon="14.3596529">
        <ele>1067.6811523</ele>
        <time>2009-09-16T06:41:51Z</time>
      </trkpt>
      <trkpt lat="47.6199745" lon="14.3598133">
        <ele>1070.5654297</ele>
        <time>2009-09-16T06:42:51Z</time>
      </trkpt>
      <trkpt lat="47.6199708" lon="14.3598261">
        <ele>1070.5654297</ele>
        <time>2009-09-16T06:43:11Z</time>
      </trkpt>
      <trkpt lat="47.6199848" lon="14.3598160">
        <ele>1071.0461426</ele>
        <time>2009-09-16T06:43:14Z</time>
      </trkpt>
      <trkpt lat="47.6204147" lon="14.3598321">
        <ele>1072.4880371</ele>
        <time>2009-09-16T06:43:35Z</time>
      </trkpt>
      <trkpt lat="47.6205123" lon="14.3601362">
        <ele>1072.9687500</ele>
        <time>2009-09-16T06:43:52Z</time>
      </trkpt>
      <trkpt lat="47.6205656" lon="14.3603326">
        <ele>1071.5266113</ele>
        <time>2009-09-16T06:44:10Z</time>
      </trkpt>
      <trkpt lat="47.6206915" lon="14.3603331">
        <ele>1070.5654297</ele>
        <time>2009-09-16T06:44:35Z</time>
      </trkpt>
      <trkpt lat="47.6209287" lon="14.3602604">
        <ele>1069.1235352</ele>
        <time>2009-09-16T06:44:55Z</time>
      </trkpt>
      <trkpt lat="47.6210141" lon="14.3602718">
        <ele>1065.7587891</ele>
        <time>2009-09-16T06:45:21Z</time>
      </trkpt>
      <trkpt lat="47.6210645" lon="14.3602029">
        <ele>1079.2170410</ele>
        <time>2009-09-16T06:46:18Z</time>
      </trkpt>
      <trkpt lat="47.6211243" lon="14.3601742">
        <ele>1092.6757813</ele>
        <time>2009-09-16T06:46:32Z</time>
      </trkpt>
      <trkpt lat="47.6211557" lon="14.3601726">
        <ele>1105.1728516</ele>
        <time>2009-09-16T06:46:43Z</time>
      </trkpt>
      <trkpt lat="47.6212592" lon="14.3601891">
        <ele>1120.0732422</ele>
        <time>2009-09-16T06:47:06Z</time>
      </trkpt>
      <trkpt lat="47.6213303" lon="14.3601706">
        <ele>1121.0346680</ele>
        <time>2009-09-16T06:47:14Z</time>
      </trkpt>
      <trkpt lat="47.6213620" lon="14.3601888">
        <ele>1122.4765625</ele>
        <time>2009-09-16T06:47:18Z</time>
      </trkpt>
      <trkpt lat="47.6214680" lon="14.3601234">
        <ele>1125.3603516</ele>
        <time>2009-09-16T06:47:31Z</time>
      </trkpt>
      <trkpt lat="47.6215243" lon="14.3601361">
        <ele>1131.1284180</ele>
        <time>2009-09-16T06:47:40Z</time>
      </trkpt>
      <trkpt lat="47.6215382" lon="14.3601472">
        <ele>1131.6088867</ele>
        <time>2009-09-16T06:47:43Z</time>
      </trkpt>
      <trkpt lat="47.6216892" lon="14.3601427">
        <ele>1134.9738770</ele>
        <time>2009-09-16T06:48:01Z</time>
      </trkpt>
      <trkpt lat="47.6219468" lon="14.3600580">
        <ele>1140.2609863</ele>
        <time>2009-09-16T06:48:29Z</time>
      </trkpt>
      <trkpt lat="47.6220347" lon="14.3599968">
        <ele>1142.1835938</ele>
        <time>2009-09-16T06:48:38Z</time>
      </trkpt>
      <trkpt lat="47.6221198" lon="14.3599714">
        <ele>1144.1062012</ele>
        <time>2009-09-16T06:48:48Z</time>
      </trkpt>
      <trkpt lat="47.6222013" lon="14.3598460">
        <ele>1147.4707031</ele>
        <time>2009-09-16T06:49:00Z</time>
      </trkpt>
      <trkpt lat="47.6223489" lon="14.3597876">
        <ele>1149.8742676</ele>
        <time>2009-09-16T06:49:13Z</time>
      </trkpt>
      <trkpt lat="47.6224083" lon="14.3597551">
        <ele>1150.8354492</ele>
        <time>2009-09-16T06:49:21Z</time>
      </trkpt>
      <trkpt lat="47.6224923" lon="14.3597312">
        <ele>1154.6806641</ele>
        <time>2009-09-16T06:49:32Z</time>
      </trkpt>
      <trkpt lat="47.6225624" lon="14.3597282">
        <ele>1159.4873047</ele>
        <time>2009-09-16T06:49:42Z</time>
      </trkpt>
      <trkpt lat="47.6227208" lon="14.3597442">
        <ele>1163.8129883</ele>
        <time>2009-09-16T06:49:54Z</time>
      </trkpt>
      <trkpt lat="47.6227318" lon="14.3598685">
        <ele>1167.1779785</ele>
        <time>2009-09-16T06:50:08Z</time>
      </trkpt>
      <trkpt lat="47.6227439" lon="14.3598746">
        <ele>1167.6584473</ele>
        <time>2009-09-16T06:50:09Z</time>
      </trkpt>
      <trkpt lat="47.6228155" lon="14.3600203">
        <ele>1173.4265137</ele>
        <time>2009-09-16T06:50:22Z</time>
      </trkpt>
      <trkpt lat="47.6228328" lon="14.3600320">
        <ele>1173.9069824</ele>
        <time>2009-09-16T06:50:24Z</time>
      </trkpt>
      <trkpt lat="47.6229045" lon="14.3601072">
        <ele>1174.8684082</ele>
        <time>2009-09-16T06:50:31Z</time>
      </trkpt>
      <trkpt lat="47.6229826" lon="14.3601607">
        <ele>1177.7521973</ele>
        <time>2009-09-16T06:50:42Z</time>
      </trkpt>
      <trkpt lat="47.6230397" lon="14.3601941">
        <ele>1181.1171875</ele>
        <time>2009-09-16T06:50:52Z</time>
      </trkpt>
      <trkpt lat="47.6231200" lon="14.3602025">
        <ele>1183.5202637</ele>
        <time>2009-09-16T06:51:03Z</time>
      </trkpt>
      <trkpt lat="47.6231767" lon="14.3602915">
        <ele>1184.9624023</ele>
        <time>2009-09-16T06:51:13Z</time>
      </trkpt>
      <trkpt lat="47.6232428" lon="14.3603519">
        <ele>1187.3654785</ele>
        <time>2009-09-16T06:51:24Z</time>
      </trkpt>
      <trkpt lat="47.6233479" lon="14.3604406">
        <ele>1189.7687988</ele>
        <time>2009-09-16T06:51:38Z</time>
      </trkpt>
      <trkpt lat="47.6234184" lon="14.3605447">
        <ele>1190.7299805</ele>
        <time>2009-09-16T06:51:49Z</time>
      </trkpt>
      <trkpt lat="47.6235443" lon="14.3606863">
        <ele>1194.0947266</ele>
        <time>2009-09-16T06:52:02Z</time>
      </trkpt>
      <trkpt lat="47.6235940" lon="14.3607849">
        <ele>1192.1721191</ele>
        <time>2009-09-16T06:52:10Z</time>
      </trkpt>
      <trkpt lat="47.6235964" lon="14.3607755">
        <ele>1192.6528320</ele>
        <time>2009-09-16T06:52:12Z</time>
      </trkpt>
      <trkpt lat="47.6236913" lon="14.3608486">
        <ele>1193.1333008</ele>
        <time>2009-09-16T06:52:25Z</time>
      </trkpt>
      <trkpt lat="47.6237721" lon="14.3608755">
        <ele>1195.0559082</ele>
        <time>2009-09-16T06:52:33Z</time>
      </trkpt>
      <trkpt lat="47.6239262" lon="14.3608649">
        <ele>1192.6528320</ele>
        <time>2009-09-16T06:52:46Z</time>
      </trkpt>
      <trkpt lat="47.6240125" lon="14.3609222">
        <ele>1192.6528320</ele>
        <time>2009-09-16T06:52:57Z</time>
      </trkpt>
      <trkpt lat="47.6240822" lon="14.3610728">
        <ele>1192.6528320</ele>
        <time>2009-09-16T06:53:09Z</time>
      </trkpt>
      <trkpt lat="47.6241311" lon="14.3612302">
        <ele>1193.6140137</ele>
        <time>2009-09-16T06:53:22Z</time>
      </trkpt>
      <trkpt lat="47.6241544" lon="14.3613370">
        <ele>1194.5751953</ele>
        <time>2009-09-16T06:53:32Z</time>
      </trkpt>
      <trkpt lat="47.6242193" lon="14.3615110">
        <ele>1195.5366211</ele>
        <time>2009-09-16T06:53:51Z</time>
      </trkpt>
      <trkpt lat="47.6242277" lon="14.3615754">
        <ele>1196.0175781</ele>
        <time>2009-09-16T06:53:55Z</time>
      </trkpt>
      <trkpt lat="47.6242617" lon="14.3617341">
        <ele>1197.4594727</ele>
        <time>2009-09-16T06:54:08Z</time>
      </trkpt>
      <trkpt lat="47.6242894" lon="14.3618764">
        <ele>1198.9013672</ele>
        <time>2009-09-16T06:54:21Z</time>
      </trkpt>
      <trkpt lat="47.6242840" lon="14.3620628">
        <ele>1200.8239746</ele>
        <time>2009-09-16T06:54:34Z</time>
      </trkpt>
      <trkpt lat="47.6243111" lon="14.3622263">
        <ele>1204.1887207</ele>
        <time>2009-09-16T06:54:48Z</time>
      </trkpt>
      <trkpt lat="47.6243667" lon="14.3623414">
        <ele>1207.5532227</ele>
        <time>2009-09-16T06:54:59Z</time>
      </trkpt>
      <trkpt lat="47.6244314" lon="14.3625086">
        <ele>1211.8791504</ele>
        <time>2009-09-16T06:55:17Z</time>
      </trkpt>
      <trkpt lat="47.6244783" lon="14.3626470">
        <ele>1214.7631836</ele>
        <time>2009-09-16T06:55:29Z</time>
      </trkpt>
      <trkpt lat="47.6245190" lon="14.3627651">
        <ele>1217.6469727</ele>
        <time>2009-09-16T06:55:41Z</time>
      </trkpt>
      <trkpt lat="47.6245642" lon="14.3628672">
        <ele>1219.0891113</ele>
        <time>2009-09-16T06:55:50Z</time>
      </trkpt>
      <trkpt lat="47.6246120" lon="14.3630000">
        <ele>1221.4921875</ele>
        <time>2009-09-16T06:56:05Z</time>
      </trkpt>
      <trkpt lat="47.6246465" lon="14.3632116">
        <ele>1223.8955078</ele>
        <time>2009-09-16T06:56:20Z</time>
      </trkpt>
      <trkpt lat="47.6246695" lon="14.3632801">
        <ele>1223.8955078</ele>
        <time>2009-09-16T06:56:30Z</time>
      </trkpt>
      <trkpt lat="47.6246572" lon="14.3634199">
        <ele>1223.8955078</ele>
        <time>2009-09-16T06:56:40Z</time>
      </trkpt>
      <trkpt lat="47.6246533" lon="14.3634524">
        <ele>1224.3762207</ele>
        <time>2009-09-16T06:56:42Z</time>
      </trkpt>
      <trkpt lat="47.6246460" lon="14.3635609">
        <ele>1225.3374023</ele>
        <time>2009-09-16T06:56:47Z</time>
      </trkpt>
      <trkpt lat="47.6246186" lon="14.3636865">
        <ele>1227.2602539</ele>
        <time>2009-09-16T06:57:00Z</time>
      </trkpt>
      <trkpt lat="47.6246086" lon="14.3638661">
        <ele>1230.1442871</ele>
        <time>2009-09-16T06:57:13Z</time>
      </trkpt>
      <trkpt lat="47.6245849" lon="14.3639515">
        <ele>1233.5087891</ele>
        <time>2009-09-16T06:57:24Z</time>
      </trkpt>
      <trkpt lat="47.6245986" lon="14.3640324">
        <ele>1234.4702148</ele>
        <time>2009-09-16T06:57:35Z</time>
      </trkpt>
      <trkpt lat="47.6249197" lon="14.3638461">
        <ele>1237.3540039</ele>
        <time>2009-09-16T06:58:39Z</time>
      </trkpt>
      <trkpt lat="47.6251252" lon="14.3637797">
        <ele>1241.1992188</ele>
        <time>2009-09-16T06:59:22Z</time>
      </trkpt>
      <trkpt lat="47.6252002" lon="14.3637905">
        <ele>1240.7185059</ele>
        <time>2009-09-16T06:59:44Z</time>
      </trkpt>
      <trkpt lat="47.6252661" lon="14.3637597">
        <ele>1242.1606445</ele>
        <time>2009-09-16T06:59:59Z</time>
      </trkpt>
      <trkpt lat="47.6253583" lon="14.3637723">
        <ele>1245.0446777</ele>
        <time>2009-09-16T07:00:18Z</time>
      </trkpt>
      <trkpt lat="47.6254277" lon="14.3636884">
        <ele>1247.9287109</ele>
        <time>2009-09-16T07:00:39Z</time>
      </trkpt>
      <trkpt lat="47.6254889" lon="14.3635566">
        <ele>1250.3320313</ele>
        <time>2009-09-16T07:00:56Z</time>
      </trkpt>
      <trkpt lat="47.6255596" lon="14.3634514">
        <ele>1253.2158203</ele>
        <time>2009-09-16T07:01:18Z</time>
      </trkpt>
      <trkpt lat="47.6256052" lon="14.3633718">
        <ele>1258.0224609</ele>
        <time>2009-09-16T07:01:33Z</time>
      </trkpt>
      <trkpt lat="47.6256427" lon="14.3633087">
        <ele>1259.4643555</ele>
        <time>2009-09-16T07:01:46Z</time>
      </trkpt>
      <trkpt lat="47.6256698" lon="14.3632402">
        <ele>1260.9064941</ele>
        <time>2009-09-16T07:01:58Z</time>
      </trkpt>
      <trkpt lat="47.6257214" lon="14.3631374">
        <ele>1265.2324219</ele>
        <time>2009-09-16T07:02:16Z</time>
      </trkpt>
      <trkpt lat="47.6257618" lon="14.3630404">
        <ele>1268.5969238</ele>
        <time>2009-09-16T07:02:32Z</time>
      </trkpt>
      <trkpt lat="47.6258032" lon="14.3629601">
        <ele>1271.4807129</ele>
        <time>2009-09-16T07:02:43Z</time>
      </trkpt>
      <trkpt lat="47.6258400" lon="14.3628949">
        <ele>1276.2875977</ele>
        <time>2009-09-16T07:02:54Z</time>
      </trkpt>
      <trkpt lat="47.6259440" lon="14.3628834">
        <ele>1282.0554199</ele>
        <time>2009-09-16T07:03:20Z</time>
      </trkpt>
      <trkpt lat="47.6260505" lon="14.3628472">
        <ele>1284.9394531</ele>
        <time>2009-09-16T07:03:38Z</time>
      </trkpt>
      <trkpt lat="47.6261741" lon="14.3627437">
        <ele>1286.8618164</ele>
        <time>2009-09-16T07:04:03Z</time>
      </trkpt>
      <trkpt lat="47.6262557" lon="14.3626846">
        <ele>1288.7846680</ele>
        <time>2009-09-16T07:04:30Z</time>
      </trkpt>
      <trkpt lat="47.6262861" lon="14.3625782">
        <ele>1289.7458496</ele>
        <time>2009-09-16T07:04:52Z</time>
      </trkpt>
      <trkpt lat="47.6262841" lon="14.3624755">
        <ele>1291.1877441</ele>
        <time>2009-09-16T07:05:02Z</time>
      </trkpt>
      <trkpt lat="47.6263265" lon="14.3623661">
        <ele>1293.5913086</ele>
        <time>2009-09-16T07:05:20Z</time>
      </trkpt>
      <trkpt lat="47.6264014" lon="14.3622669">
        <ele>1295.5139160</ele>
        <time>2009-09-16T07:05:41Z</time>
      </trkpt>
      <trkpt lat="47.6264241" lon="14.3622434">
        <ele>1298.3977051</ele>
        <time>2009-09-16T07:06:00Z</time>
      </trkpt>
      <trkpt lat="47.6264226" lon="14.3623468">
        <ele>1300.8010254</ele>
        <time>2009-09-16T07:06:12Z</time>
      </trkpt>
      <trkpt lat="47.6264788" lon="14.3624072">
        <ele>1305.1269531</ele>
        <time>2009-09-16T07:06:28Z</time>
      </trkpt>
      <trkpt lat="47.6265198" lon="14.3623491">
        <ele>1306.5688477</ele>
        <time>2009-09-16T07:06:41Z</time>
      </trkpt>
      <trkpt lat="47.6265844" lon="14.3622188">
        <ele>1309.4531250</ele>
        <time>2009-09-16T07:07:13Z</time>
      </trkpt>
      <trkpt lat="47.6266450" lon="14.3621979">
        <ele>1309.4531250</ele>
        <time>2009-09-16T07:07:31Z</time>
      </trkpt>
      <trkpt lat="47.6267041" lon="14.3621390">
        <ele>1310.4143066</ele>
        <time>2009-09-16T07:07:42Z</time>
      </trkpt>
      <trkpt lat="47.6267184" lon="14.3620737">
        <ele>1310.8950195</ele>
        <time>2009-09-16T07:07:53Z</time>
      </trkpt>
      <trkpt lat="47.6267804" lon="14.3620472">
        <ele>1311.8564453</ele>
        <time>2009-09-16T07:08:09Z</time>
      </trkpt>
      <trkpt lat="47.6268588" lon="14.3619732">
        <ele>1316.1821289</ele>
        <time>2009-09-16T07:08:38Z</time>
      </trkpt>
      <trkpt lat="47.6269164" lon="14.3619972">
        <ele>1319.5468750</ele>
        <time>2009-09-16T07:08:53Z</time>
      </trkpt>
      <trkpt lat="47.6271077" lon="14.3619758">
        <ele>1328.6794434</ele>
        <time>2009-09-16T07:09:59Z</time>
      </trkpt>
      <trkpt lat="47.6271480" lon="14.3619775">
        <ele>1332.5246582</ele>
        <time>2009-09-16T07:10:15Z</time>
      </trkpt>
      <trkpt lat="47.6271612" lon="14.3619395">
        <ele>1335.4084473</ele>
        <time>2009-09-16T07:10:31Z</time>
      </trkpt>
      <trkpt lat="47.6272627" lon="14.3619347">
        <ele>1339.7343750</ele>
        <time>2009-09-16T07:11:06Z</time>
      </trkpt>
      <trkpt lat="47.6272932" lon="14.3618493">
        <ele>1341.1765137</ele>
        <time>2009-09-16T07:11:20Z</time>
      </trkpt>
      <trkpt lat="47.6273377" lon="14.3619380">
        <ele>1347.9057617</ele>
        <time>2009-09-16T07:11:40Z</time>
      </trkpt>
      <trkpt lat="47.6273535" lon="14.3618562">
        <ele>1351.7509766</ele>
        <time>2009-09-16T07:11:55Z</time>
      </trkpt>
      <trkpt lat="47.6274027" lon="14.3618297">
        <ele>1357.5190430</ele>
        <time>2009-09-16T07:12:24Z</time>
      </trkpt>
      <trkpt lat="47.6274361" lon="14.3618750">
        <ele>1359.4416504</ele>
        <time>2009-09-16T07:12:38Z</time>
      </trkpt>
      <trkpt lat="47.6274818" lon="14.3618611">
        <ele>1359.4416504</ele>
        <time>2009-09-16T07:12:51Z</time>
      </trkpt>
      <trkpt lat="47.6275391" lon="14.3617526">
        <ele>1359.9221191</ele>
        <time>2009-09-16T07:13:06Z</time>
      </trkpt>
      <trkpt lat="47.6275704" lon="14.3616772">
        <ele>1362.3254395</ele>
        <time>2009-09-16T07:13:21Z</time>
      </trkpt>
      <trkpt lat="47.6276589" lon="14.3615863">
        <ele>1363.7673340</ele>
        <time>2009-09-16T07:13:55Z</time>
      </trkpt>
      <trkpt lat="47.6277416" lon="14.3615981">
        <ele>1366.6513672</ele>
        <time>2009-09-16T07:14:14Z</time>
      </trkpt>
      <trkpt lat="47.6278132" lon="14.3616494">
        <ele>1370.9772949</ele>
        <time>2009-09-16T07:14:30Z</time>
      </trkpt>
      <trkpt lat="47.6278552" lon="14.3617366">
        <ele>1373.8613281</ele>
        <time>2009-09-16T07:14:41Z</time>
      </trkpt>
      <trkpt lat="47.6279369" lon="14.3618308">
        <ele>1376.7453613</ele>
        <time>2009-09-16T07:14:58Z</time>
      </trkpt>
      <trkpt lat="47.6279970" lon="14.3618008">
        <ele>1379.1484375</ele>
        <time>2009-09-16T07:15:10Z</time>
      </trkpt>
      <trkpt lat="47.6281189" lon="14.3618825">
        <ele>1382.5131836</ele>
        <time>2009-09-16T07:15:44Z</time>
      </trkpt>
      <trkpt lat="47.6282099" lon="14.3618061">
        <ele>1386.3583984</ele>
        <time>2009-09-16T07:16:05Z</time>
      </trkpt>
      <trkpt lat="47.6282924" lon="14.3618941">
        <ele>1391.6457520</ele>
        <time>2009-09-16T07:16:31Z</time>
      </trkpt>
      <trkpt lat="47.6282959" lon="14.3619209">
        <ele>1392.1264648</ele>
        <time>2009-09-16T07:16:33Z</time>
      </trkpt>
      <trkpt lat="47.6283406" lon="14.3620013">
        <ele>1395.9716797</ele>
        <time>2009-09-16T07:16:48Z</time>
      </trkpt>
      <trkpt lat="47.6283938" lon="14.3620830">
        <ele>1399.3361816</ele>
        <time>2009-09-16T07:17:03Z</time>
      </trkpt>
      <trkpt lat="47.6284613" lon="14.3620780">
        <ele>1402.7006836</ele>
        <time>2009-09-16T07:17:22Z</time>
      </trkpt>
      <trkpt lat="47.6285303" lon="14.3621199">
        <ele>1406.5461426</ele>
        <time>2009-09-16T07:17:38Z</time>
      </trkpt>
      <trkpt lat="47.6285975" lon="14.3621663">
        <ele>1409.4301758</ele>
        <time>2009-09-16T07:17:51Z</time>
      </trkpt>
      <trkpt lat="47.6286155" lon="14.3622460">
        <ele>1413.7558594</ele>
        <time>2009-09-16T07:18:01Z</time>
      </trkpt>
      <trkpt lat="47.6286807" lon="14.3622485">
        <ele>1417.6010742</ele>
        <time>2009-09-16T07:18:15Z</time>
      </trkpt>
      <trkpt lat="47.6287312" lon="14.3623002">
        <ele>1420.0046387</ele>
        <time>2009-09-16T07:18:30Z</time>
      </trkpt>
      <trkpt lat="47.6287919" lon="14.3623648">
        <ele>1424.8112793</ele>
        <time>2009-09-16T07:18:54Z</time>
      </trkpt>
      <trkpt lat="47.6287953" lon="14.3624819">
        <ele>1428.1757813</ele>
        <time>2009-09-16T07:19:06Z</time>
      </trkpt>
      <trkpt lat="47.6288354" lon="14.3625074">
        <ele>1431.0598145</ele>
        <time>2009-09-16T07:19:18Z</time>
      </trkpt>
      <trkpt lat="47.6289061" lon="14.3625458">
        <ele>1434.4243164</ele>
        <time>2009-09-16T07:19:33Z</time>
      </trkpt>
      <trkpt lat="47.6289494" lon="14.3624480">
        <ele>1435.8662109</ele>
        <time>2009-09-16T07:19:47Z</time>
      </trkpt>
      <trkpt lat="47.6289684" lon="14.3624052">
        <ele>1436.3471680</ele>
        <time>2009-09-16T07:19:51Z</time>
      </trkpt>
      <trkpt lat="47.6289873" lon="14.3622142">
        <ele>1436.3471680</ele>
        <time>2009-09-16T07:20:06Z</time>
      </trkpt>
      <trkpt lat="47.6289996" lon="14.3621545">
        <ele>1435.8662109</ele>
        <time>2009-09-16T07:20:16Z</time>
      </trkpt>
      <trkpt lat="47.6290054" lon="14.3620230">
        <ele>1438.2697754</ele>
        <time>2009-09-16T07:21:18Z</time>
      </trkpt>
      <trkpt lat="47.6290648" lon="14.3619696">
        <ele>1441.6342773</ele>
        <time>2009-09-16T07:21:35Z</time>
      </trkpt>
      <trkpt lat="47.6291187" lon="14.3619376">
        <ele>1442.1149902</ele>
        <time>2009-09-16T07:21:47Z</time>
      </trkpt>
      <trkpt lat="47.6290913" lon="14.3618371">
        <ele>1446.4409180</ele>
        <time>2009-09-16T07:22:25Z</time>
      </trkpt>
      <trkpt lat="47.6290719" lon="14.3617285">
        <ele>1447.8828125</ele>
        <time>2009-09-16T07:22:50Z</time>
      </trkpt>
      <trkpt lat="47.6291582" lon="14.3612962">
        <ele>1460.3798828</ele>
        <time>2009-09-16T07:24:57Z</time>
      </trkpt>
      <trkpt lat="47.6291211" lon="14.3611891">
        <ele>1466.6284180</ele>
        <time>2009-09-16T07:25:25Z</time>
      </trkpt>
      <trkpt lat="47.6289608" lon="14.3606979">
        <ele>1482.0095215</ele>
        <time>2009-09-16T07:27:37Z</time>
      </trkpt>
      <trkpt lat="47.6288769" lon="14.3603581">
        <ele>1489.2194824</ele>
        <time>2009-09-16T07:29:02Z</time>
      </trkpt>
      <trkpt lat="47.6288491" lon="14.3601358">
        <ele>1507.9653320</ele>
        <time>2009-09-16T07:30:55Z</time>
      </trkpt>
      <trkpt lat="47.6288216" lon="14.3601074">
        <ele>1514.2136230</ele>
        <time>2009-09-16T07:31:08Z</time>
      </trkpt>
      <trkpt lat="47.6287556" lon="14.3600214">
        <ele>1520.9431152</ele>
        <time>2009-09-16T07:31:23Z</time>
      </trkpt>
      <trkpt lat="47.6287515" lon="14.3600205">
        <ele>1521.4235840</ele>
        <time>2009-09-16T07:31:26Z</time>
      </trkpt>
      <trkpt lat="47.6287416" lon="14.3599976">
        <ele>1521.4235840</ele>
        <time>2009-09-16T07:31:29Z</time>
      </trkpt>
      <trkpt lat="47.6287136" lon="14.3598502">
        <ele>1522.3850098</ele>
        <time>2009-09-16T07:31:42Z</time>
      </trkpt>
      <trkpt lat="47.6286904" lon="14.3597865">
        <ele>1522.3850098</ele>
        <time>2009-09-16T07:31:51Z</time>
      </trkpt>
      <trkpt lat="47.6286743" lon="14.3597625">
        <ele>1521.4235840</ele>
        <time>2009-09-16T07:31:55Z</time>
      </trkpt>
      <trkpt lat="47.6286759" lon="14.3596593">
        <ele>1519.9816895</ele>
        <time>2009-09-16T07:32:09Z</time>
      </trkpt>
      <trkpt lat="47.6286761" lon="14.3596431">
        <ele>1519.9816895</ele>
        <time>2009-09-16T07:32:10Z</time>
      </trkpt>
      <trkpt lat="47.6287382" lon="14.3596545">
        <ele>1519.9816895</ele>
        <time>2009-09-16T07:32:18Z</time>
      </trkpt>
      <trkpt lat="47.6286435" lon="14.3595687">
        <ele>1517.0979004</ele>
        <time>2009-09-16T07:32:30Z</time>
      </trkpt>
      <trkpt lat="47.6286303" lon="14.3594984">
        <ele>1519.9816895</ele>
        <time>2009-09-16T07:32:43Z</time>
      </trkpt>
      <trkpt lat="47.6285290" lon="14.3594262">
        <ele>1520.4624023</ele>
        <time>2009-09-16T07:33:02Z</time>
      </trkpt>
      <trkpt lat="47.6285096" lon="14.3593310">
        <ele>1524.7883301</ele>
        <time>2009-09-16T07:33:18Z</time>
      </trkpt>
      <trkpt lat="47.6284529" lon="14.3592741">
        <ele>1531.9980469</ele>
        <time>2009-09-16T07:33:34Z</time>
      </trkpt>
      <trkpt lat="47.6283942" lon="14.3591674">
        <ele>1544.9758301</ele>
        <time>2009-09-16T07:33:59Z</time>
      </trkpt>
      <trkpt lat="47.6283709" lon="14.3591609">
        <ele>1549.3020020</ele>
        <time>2009-09-16T07:34:12Z</time>
      </trkpt>
      <trkpt lat="47.6283779" lon="14.3590404">
        <ele>1553.1472168</ele>
        <time>2009-09-16T07:34:30Z</time>
      </trkpt>
      <trkpt lat="47.6283695" lon="14.3589983">
        <ele>1557.9538574</ele>
        <time>2009-09-16T07:34:45Z</time>
      </trkpt>
      <trkpt lat="47.6283544" lon="14.3588098">
        <ele>1561.3183594</ele>
        <time>2009-09-16T07:35:15Z</time>
      </trkpt>
      <trkpt lat="47.6282746" lon="14.3587536">
        <ele>1560.3569336</ele>
        <time>2009-09-16T07:35:26Z</time>
      </trkpt>
      <trkpt lat="47.6282451" lon="14.3587254">
        <ele>1559.8762207</ele>
        <time>2009-09-16T07:35:41Z</time>
      </trkpt>
      <trkpt lat="47.6281655" lon="14.3586005">
        <ele>1558.9150391</ele>
        <time>2009-09-16T07:35:58Z</time>
      </trkpt>
      <trkpt lat="47.6280476" lon="14.3585197">
        <ele>1557.9538574</ele>
        <time>2009-09-16T07:36:31Z</time>
      </trkpt>
      <trkpt lat="47.6279922" lon="14.3584091">
        <ele>1557.4731445</ele>
        <time>2009-09-16T07:36:45Z</time>
      </trkpt>
      <trkpt lat="47.6279906" lon="14.3582332">
        <ele>1557.4731445</ele>
        <time>2009-09-16T07:37:01Z</time>
      </trkpt>
      <trkpt lat="47.6279287" lon="14.3581543">
        <ele>1556.5117188</ele>
        <time>2009-09-16T07:37:21Z</time>
      </trkpt>
      <trkpt lat="47.6278421" lon="14.3580539">
        <ele>1557.4731445</ele>
        <time>2009-09-16T07:37:43Z</time>
      </trkpt>
      <trkpt lat="47.6278111" lon="14.3579682">
        <ele>1558.4343262</ele>
        <time>2009-09-16T07:38:01Z</time>
      </trkpt>
      <trkpt lat="47.6277984" lon="14.3578555">
        <ele>1558.4343262</ele>
        <time>2009-09-16T07:38:12Z</time>
      </trkpt>
      <trkpt lat="47.6277893" lon="14.3577020">
        <ele>1558.4343262</ele>
        <time>2009-09-16T07:38:27Z</time>
      </trkpt>
      <trkpt lat="47.6278177" lon="14.3576521">
        <ele>1558.4343262</ele>
        <time>2009-09-16T07:38:36Z</time>
      </trkpt>
      <trkpt lat="47.6278208" lon="14.3576107">
        <ele>1558.4343262</ele>
        <time>2009-09-16T07:38:39Z</time>
      </trkpt>
      <trkpt lat="47.6277981" lon="14.3575147">
        <ele>1560.3569336</ele>
        <time>2009-09-16T07:38:55Z</time>
      </trkpt>
      <trkpt lat="47.6277784" lon="14.3573407">
        <ele>1562.7602539</ele>
        <time>2009-09-16T07:39:14Z</time>
      </trkpt>
      <trkpt lat="47.6277839" lon="14.3572189">
        <ele>1564.6831055</ele>
        <time>2009-09-16T07:39:28Z</time>
      </trkpt>
      <trkpt lat="47.6275484" lon="14.3572301">
        <ele>1569.9702148</ele>
        <time>2009-09-16T07:40:43Z</time>
      </trkpt>
      <trkpt lat="47.6274013" lon="14.3570271">
        <ele>1576.6994629</ele>
        <time>2009-09-16T07:42:16Z</time>
      </trkpt>
      <trkpt lat="47.6273718" lon="14.3569263">
        <ele>1587.2739258</ele>
        <time>2009-09-16T07:43:09Z</time>
      </trkpt>
      <trkpt lat="47.6272025" lon="14.3567644">
        <ele>1594.4836426</ele>
        <time>2009-09-16T07:44:05Z</time>
      </trkpt>
      <trkpt lat="47.6272118" lon="14.3566354">
        <ele>1597.8486328</ele>
        <time>2009-09-16T07:44:29Z</time>
      </trkpt>
      <trkpt lat="47.6271770" lon="14.3565568">
        <ele>1598.8098145</ele>
        <time>2009-09-16T07:44:42Z</time>
      </trkpt>
      <trkpt lat="47.6271670" lon="14.3564685">
        <ele>1600.2519531</ele>
        <time>2009-09-16T07:44:51Z</time>
      </trkpt>
      <trkpt lat="47.6271329" lon="14.3564623">
        <ele>1600.7324219</ele>
        <time>2009-09-16T07:44:54Z</time>
      </trkpt>
      <trkpt lat="47.6270956" lon="14.3564725">
        <ele>1602.6550293</ele>
        <time>2009-09-16T07:45:01Z</time>
      </trkpt>
      <trkpt lat="47.6270953" lon="14.3564372">
        <ele>1603.6164551</ele>
        <time>2009-09-16T07:45:05Z</time>
      </trkpt>
      <trkpt lat="47.6270426" lon="14.3563218">
        <ele>1608.4228516</ele>
        <time>2009-09-16T07:45:18Z</time>
      </trkpt>
      <trkpt lat="47.6270392" lon="14.3562518">
        <ele>1610.8261719</ele>
        <time>2009-09-16T07:45:27Z</time>
      </trkpt>
      <trkpt lat="47.6270684" lon="14.3561031">
        <ele>1616.5942383</ele>
        <time>2009-09-16T07:45:47Z</time>
      </trkpt>
      <trkpt lat="47.6270568" lon="14.3560504">
        <ele>1622.8427734</ele>
        <time>2009-09-16T07:46:16Z</time>
      </trkpt>
      <trkpt lat="47.6269280" lon="14.3559402">
        <ele>1628.1301270</ele>
        <time>2009-09-16T07:47:58Z</time>
      </trkpt>
      <trkpt lat="47.6268252" lon="14.3558524">
        <ele>1632.9365234</ele>
        <time>2009-09-16T07:48:32Z</time>
      </trkpt>
      <trkpt lat="47.6268085" lon="14.3558197">
        <ele>1635.3398438</ele>
        <time>2009-09-16T07:48:46Z</time>
      </trkpt>
      <trkpt lat="47.6267988" lon="14.3556990">
        <ele>1635.8205566</ele>
        <time>2009-09-16T07:49:00Z</time>
      </trkpt>
      <trkpt lat="47.6267775" lon="14.3555352">
        <ele>1635.3398438</ele>
        <time>2009-09-16T07:49:11Z</time>
      </trkpt>
      <trkpt lat="47.6267201" lon="14.3553962">
        <ele>1634.8593750</ele>
        <time>2009-09-16T07:49:30Z</time>
      </trkpt>
      <trkpt lat="47.6266693" lon="14.3552790">
        <ele>1636.7817383</ele>
        <time>2009-09-16T07:49:44Z</time>
      </trkpt>
      <trkpt lat="47.6266476" lon="14.3551672">
        <ele>1638.7045898</ele>
        <time>2009-09-16T07:49:58Z</time>
      </trkpt>
      <trkpt lat="47.6266383" lon="14.3550354">
        <ele>1640.1464844</ele>
        <time>2009-09-16T07:50:11Z</time>
      </trkpt>
      <trkpt lat="47.6266119" lon="14.3549799">
        <ele>1641.1076660</ele>
        <time>2009-09-16T07:50:23Z</time>
      </trkpt>
      <trkpt lat="47.6265880" lon="14.3549411">
        <ele>1644.9531250</ele>
        <time>2009-09-16T07:52:01Z</time>
      </trkpt>
      <trkpt lat="47.6265909" lon="14.3549561">
        <ele>1645.4338379</ele>
        <time>2009-09-16T07:53:33Z</time>
      </trkpt>
      <trkpt lat="47.6266478" lon="14.3550160">
        <ele>1660.3342285</ele>
        <time>2009-09-16T07:54:15Z</time>
      </trkpt>
      <trkpt lat="47.6268631" lon="14.3541793">
        <ele>1658.8920898</ele>
        <time>2009-09-16T07:56:40Z</time>
      </trkpt>
      <trkpt lat="47.6267174" lon="14.3543025">
        <ele>1661.7763672</ele>
        <time>2009-09-16T07:56:58Z</time>
      </trkpt>
      <trkpt lat="47.6259715" lon="14.3540785">
        <ele>1674.7539063</ele>
        <time>2009-09-16T08:01:48Z</time>
      </trkpt>
      <trkpt lat="47.6259570" lon="14.3539954">
        <ele>1674.7539063</ele>
        <time>2009-09-16T08:02:03Z</time>
      </trkpt>
      <trkpt lat="47.6261190" lon="14.3532449">
        <ele>1670.4279785</ele>
        <time>2009-09-16T08:21:42Z</time>
      </trkpt>
      <trkpt lat="47.6260412" lon="14.3537285">
        <ele>1671.8698730</ele>
        <time>2009-09-16T08:22:07Z</time>
      </trkpt>
      <trkpt lat="47.6257619" lon="14.3526815">
        <ele>1718.4938965</ele>
        <time>2009-09-16T08:40:41Z</time>
      </trkpt>
      <trkpt lat="47.6257874" lon="14.3525593">
        <ele>1717.5324707</ele>
        <time>2009-09-16T08:41:05Z</time>
      </trkpt>
      <trkpt lat="47.6257817" lon="14.3525342">
        <ele>1717.5324707</ele>
        <time>2009-09-16T08:41:11Z</time>
      </trkpt>
      <trkpt lat="47.6257998" lon="14.3524543">
        <ele>1718.9746094</ele>
        <time>2009-09-16T08:41:23Z</time>
      </trkpt>
      <trkpt lat="47.6257664" lon="14.3524746">
        <ele>1717.5324707</ele>
        <time>2009-09-16T08:41:36Z</time>
      </trkpt>
      <trkpt lat="47.6257918" lon="14.3524556">
        <ele>1717.0520020</ele>
        <time>2009-09-16T08:41:56Z</time>
      </trkpt>
      <trkpt lat="47.6257730" lon="14.3524108">
        <ele>1715.6101074</ele>
        <time>2009-09-16T08:42:27Z</time>
      </trkpt>
      <trkpt lat="47.6256003" lon="14.3519290">
        <ele>1722.8198242</ele>
        <time>2009-09-16T08:46:19Z</time>
      </trkpt>
      <trkpt lat="47.6253094" lon="14.3522713">
        <ele>1729.5490723</ele>
        <time>2009-09-16T08:51:13Z</time>
      </trkpt>
      <trkpt lat="47.6252760" lon="14.3523035">
        <ele>1727.1459961</ele>
        <time>2009-09-16T08:51:28Z</time>
      </trkpt>
      <trkpt lat="47.6252538" lon="14.3525009">
        <ele>1717.0520020</ele>
        <time>2009-09-16T08:52:12Z</time>
      </trkpt>
      <trkpt lat="47.6252458" lon="14.3526698">
        <ele>1712.2453613</ele>
        <time>2009-09-16T08:52:32Z</time>
      </trkpt>
      <trkpt lat="47.6251898" lon="14.3525253">
        <ele>1715.1293945</ele>
        <time>2009-09-16T08:52:47Z</time>
      </trkpt>
      <trkpt lat="47.6249510" lon="14.3519846">
        <ele>1793.4768066</ele>
        <time>2009-09-16T09:00:00Z</time>
      </trkpt>
      <trkpt lat="47.6248460" lon="14.3518186">
        <ele>1813.6643066</ele>
        <time>2009-09-16T09:01:45Z</time>
      </trkpt>
      <trkpt lat="47.6247707" lon="14.3517358">
        <ele>1817.9902344</ele>
        <time>2009-09-16T09:02:15Z</time>
      </trkpt>
      <trkpt lat="47.6246878" lon="14.3516380">
        <ele>1823.2778320</ele>
        <time>2009-09-16T09:02:47Z</time>
      </trkpt>
      <trkpt lat="47.6246422" lon="14.3515305">
        <ele>1828.0842285</ele>
        <time>2009-09-16T09:03:07Z</time>
      </trkpt>
      <trkpt lat="47.6246139" lon="14.3514644">
        <ele>1831.4487305</ele>
        <time>2009-09-16T09:03:29Z</time>
      </trkpt>
      <trkpt lat="47.6245839" lon="14.3513824">
        <ele>1832.8906250</ele>
        <time>2009-09-16T09:03:51Z</time>
      </trkpt>
      <trkpt lat="47.6245226" lon="14.3513102">
        <ele>1836.2556152</ele>
        <time>2009-09-16T09:04:11Z</time>
      </trkpt>
      <trkpt lat="47.6244984" lon="14.3511805">
        <ele>1840.1008301</ele>
        <time>2009-09-16T09:04:34Z</time>
      </trkpt>
      <trkpt lat="47.6244859" lon="14.3510966">
        <ele>1842.5041504</ele>
        <time>2009-09-16T09:04:54Z</time>
      </trkpt>
      <trkpt lat="47.6244673" lon="14.3508141">
        <ele>1847.7912598</ele>
        <time>2009-09-16T09:14:10Z</time>
      </trkpt>
      <trkpt lat="47.6244605" lon="14.3506554">
        <ele>1847.7912598</ele>
        <time>2009-09-16T09:14:27Z</time>
      </trkpt>
      <trkpt lat="47.6244544" lon="14.3505721">
        <ele>1846.8298340</ele>
        <time>2009-09-16T09:14:38Z</time>
      </trkpt>
      <trkpt lat="47.6244419" lon="14.3504939">
        <ele>1847.3105469</ele>
        <time>2009-09-16T09:14:53Z</time>
      </trkpt>
      <trkpt lat="47.6243850" lon="14.3503589">
        <ele>1845.3879395</ele>
        <time>2009-09-16T09:15:40Z</time>
      </trkpt>
      <trkpt lat="47.6243726" lon="14.3502930">
        <ele>1848.7524414</ele>
        <time>2009-09-16T09:15:57Z</time>
      </trkpt>
      <trkpt lat="47.6243608" lon="14.3502343">
        <ele>1850.1945801</ele>
        <time>2009-09-16T09:16:14Z</time>
      </trkpt>
      <trkpt lat="47.6243402" lon="14.3501253">
        <ele>1850.6750488</ele>
        <time>2009-09-16T09:16:34Z</time>
      </trkpt>
      <trkpt lat="47.6243321" lon="14.3500675">
        <ele>1849.7138672</ele>
        <time>2009-09-16T09:16:49Z</time>
      </trkpt>
      <trkpt lat="47.6243507" lon="14.3499650">
        <ele>1847.3105469</ele>
        <time>2009-09-16T09:17:22Z</time>
      </trkpt>
      <trkpt lat="47.6243316" lon="14.3499000">
        <ele>1845.8686523</ele>
        <time>2009-09-16T09:17:40Z</time>
      </trkpt>
      <trkpt lat="47.6243671" lon="14.3498756">
        <ele>1844.4265137</ele>
        <time>2009-09-16T09:17:54Z</time>
      </trkpt>
      <trkpt lat="47.6243706" lon="14.3498252">
        <ele>1838.6589355</ele>
        <time>2009-09-16T09:18:25Z</time>
      </trkpt>
      <trkpt lat="47.6243598" lon="14.3497946">
        <ele>1836.7360840</ele>
        <time>2009-09-16T09:18:44Z</time>
      </trkpt>
      <trkpt lat="47.6243564" lon="14.3497355">
        <ele>1834.3327637</ele>
        <time>2009-09-16T09:19:10Z</time>
      </trkpt>
      <trkpt lat="47.6243305" lon="14.3496460">
        <ele>1833.8520508</ele>
        <time>2009-09-16T09:19:37Z</time>
      </trkpt>
      <trkpt lat="47.6243613" lon="14.3495539">
        <ele>1830.4875488</ele>
        <time>2009-09-16T09:20:05Z</time>
      </trkpt>
      <trkpt lat="47.6243567" lon="14.3495928">
        <ele>1831.9294434</ele>
        <time>2009-09-16T09:20:29Z</time>
      </trkpt>
      <trkpt lat="47.6244077" lon="14.3495002">
        <ele>1831.4487305</ele>
        <time>2009-09-16T09:21:27Z</time>
      </trkpt>
      <trkpt lat="47.6243595" lon="14.3493331">
        <ele>1827.1230469</ele>
        <time>2009-09-16T09:22:15Z</time>
      </trkpt>
      <trkpt lat="47.6243109" lon="14.3492529">
        <ele>1827.1230469</ele>
        <time>2009-09-16T09:22:47Z</time>
      </trkpt>
      <trkpt lat="47.6242322" lon="14.3491555">
        <ele>1831.4487305</ele>
        <time>2009-09-16T09:23:29Z</time>
      </trkpt>
      <trkpt lat="47.6240299" lon="14.3491559">
        <ele>1840.5812988</ele>
        <time>2009-09-16T09:28:38Z</time>
      </trkpt>
      <trkpt lat="47.6240404" lon="14.3491693">
        <ele>1843.4653320</ele>
        <time>2009-09-16T09:29:10Z</time>
      </trkpt>
      <trkpt lat="47.6239878" lon="14.3491171">
        <ele>1844.9072266</ele>
        <time>2009-09-16T09:30:03Z</time>
      </trkpt>
      <trkpt lat="47.6240099" lon="14.3488006">
        <ele>1857.8852539</ele>
        <time>2009-09-16T09:34:06Z</time>
      </trkpt>
      <trkpt lat="47.6240066" lon="14.3486998">
        <ele>1859.8076172</ele>
        <time>2009-09-16T09:34:18Z</time>
      </trkpt>
      <trkpt lat="47.6239824" lon="14.3486565">
        <ele>1861.7304688</ele>
        <time>2009-09-16T09:34:26Z</time>
      </trkpt>
      <trkpt lat="47.6239647" lon="14.3485327">
        <ele>1866.0561523</ele>
        <time>2009-09-16T09:34:42Z</time>
      </trkpt>
      <trkpt lat="47.6239526" lon="14.3484615">
        <ele>1869.4211426</ele>
        <time>2009-09-16T09:34:55Z</time>
      </trkpt>
      <trkpt lat="47.6239122" lon="14.3484630">
        <ele>1872.7856445</ele>
        <time>2009-09-16T09:35:35Z</time>
      </trkpt>
      <trkpt lat="47.6238455" lon="14.3484161">
        <ele>1875.6694336</ele>
        <time>2009-09-16T09:36:13Z</time>
      </trkpt>
      <trkpt lat="47.6237813" lon="14.3483693">
        <ele>1878.0727539</ele>
        <time>2009-09-16T09:36:45Z</time>
      </trkpt>
      <trkpt lat="47.6236576" lon="14.3481745">
        <ele>1886.7246094</ele>
        <time>2009-09-16T09:38:20Z</time>
      </trkpt>
      <trkpt lat="47.6234234" lon="14.3479344">
        <ele>1905.4704590</ele>
        <time>2009-09-16T09:42:30Z</time>
      </trkpt>
      <trkpt lat="47.6234952" lon="14.3479263">
        <ele>1913.6413574</ele>
        <time>2009-09-16T09:43:09Z</time>
      </trkpt>
      <trkpt lat="47.6233864" lon="14.3477502">
        <ele>1934.7907715</ele>
        <time>2009-09-16T09:46:03Z</time>
      </trkpt>
      <trkpt lat="47.6233554" lon="14.3476852">
        <ele>1936.7131348</ele>
        <time>2009-09-16T09:46:32Z</time>
      </trkpt>
      <trkpt lat="47.6227926" lon="14.3464589">
        <ele>1971.3205566</ele>
        <time>2009-09-16T09:51:29Z</time>
      </trkpt>
      <trkpt lat="47.6228107" lon="14.3463620">
        <ele>1974.2045898</ele>
        <time>2009-09-16T09:51:46Z</time>
      </trkpt>
      <trkpt lat="47.6228305" lon="14.3462043">
        <ele>1977.5690918</ele>
        <time>2009-09-16T09:52:12Z</time>
      </trkpt>
      <trkpt lat="47.6228936" lon="14.3461669">
        <ele>1982.3759766</ele>
        <time>2009-09-16T09:52:40Z</time>
      </trkpt>
      <trkpt lat="47.6229534" lon="14.3461309">
        <ele>1987.1823730</ele>
        <time>2009-09-16T09:53:23Z</time>
      </trkpt>
      <trkpt lat="47.6229366" lon="14.3461164">
        <ele>1990.0664063</ele>
        <time>2009-09-16T09:53:37Z</time>
      </trkpt>
      <trkpt lat="47.6229321" lon="14.3461299">
        <ele>1991.5083008</ele>
        <time>2009-09-16T09:53:56Z</time>
      </trkpt>
      <trkpt lat="47.6229310" lon="14.3461253">
        <ele>1991.9890137</ele>
        <time>2009-09-16T09:54:27Z</time>
      </trkpt>
      <trkpt lat="47.6228141" lon="14.3461884">
        <ele>1986.7016602</ele>
        <time>2009-09-16T10:13:05Z</time>
      </trkpt>
      <trkpt lat="47.6227667" lon="14.3462224">
        <ele>1990.5468750</ele>
        <time>2009-09-16T10:13:18Z</time>
      </trkpt>
      <trkpt lat="47.6227382" lon="14.3462139">
        <ele>1990.0664063</ele>
        <time>2009-09-16T10:13:28Z</time>
      </trkpt>
      <trkpt lat="47.6227600" lon="14.3462208">
        <ele>1992.4697266</ele>
        <time>2009-09-16T10:13:46Z</time>
      </trkpt>
      <trkpt lat="47.6226986" lon="14.3459454">
        <ele>1988.1437988</ele>
        <time>2009-09-16T10:21:37Z</time>
      </trkpt>
      <trkpt lat="47.6226401" lon="14.3457235">
        <ele>1983.3371582</ele>
        <time>2009-09-16T10:22:27Z</time>
      </trkpt>
      <trkpt lat="47.6226148" lon="14.3456330">
        <ele>1982.3759766</ele>
        <time>2009-09-16T10:22:43Z</time>
      </trkpt>
      <trkpt lat="47.6226463" lon="14.3455418">
        <ele>1981.4145508</ele>
        <time>2009-09-16T10:23:03Z</time>
      </trkpt>
      <trkpt lat="47.6227371" lon="14.3452387">
        <ele>1982.8564453</ele>
        <time>2009-09-16T10:23:58Z</time>
      </trkpt>
      <trkpt lat="47.6227290" lon="14.3451562">
        <ele>1983.3371582</ele>
        <time>2009-09-16T10:24:13Z</time>
      </trkpt>
      <trkpt lat="47.6227172" lon="14.3451076">
        <ele>1983.8178711</ele>
        <time>2009-09-16T10:24:16Z</time>
      </trkpt>
      <trkpt lat="47.6226766" lon="14.3450514">
        <ele>1982.8564453</ele>
        <time>2009-09-16T10:24:32Z</time>
      </trkpt>
      <trkpt lat="47.6226405" lon="14.3450517">
        <ele>1979.0109863</ele>
        <time>2009-09-16T10:24:44Z</time>
      </trkpt>
      <trkpt lat="47.6226251" lon="14.3449680">
        <ele>1975.1657715</ele>
        <time>2009-09-16T10:24:59Z</time>
      </trkpt>
      <trkpt lat="47.6226351" lon="14.3448815">
        <ele>1973.2434082</ele>
        <time>2009-09-16T10:25:12Z</time>
      </trkpt>
      <trkpt lat="47.6226566" lon="14.3448131">
        <ele>1972.2819824</ele>
        <time>2009-09-16T10:25:19Z</time>
      </trkpt>
      <trkpt lat="47.6226605" lon="14.3447252">
        <ele>1971.8012695</ele>
        <time>2009-09-16T10:25:30Z</time>
      </trkpt>
      <trkpt lat="47.6226354" lon="14.3445573">
        <ele>1970.3593750</ele>
        <time>2009-09-16T10:25:43Z</time>
      </trkpt>
      <trkpt lat="47.6226071" lon="14.3444624">
        <ele>1967.4753418</ele>
        <time>2009-09-16T10:25:53Z</time>
      </trkpt>
      <trkpt lat="47.6225926" lon="14.3443919">
        <ele>1966.5141602</ele>
        <time>2009-09-16T10:26:03Z</time>
      </trkpt>
      <trkpt lat="47.6224968" lon="14.3443160">
        <ele>1964.5915527</ele>
        <time>2009-09-16T10:26:18Z</time>
      </trkpt>
      <trkpt lat="47.6223963" lon="14.3443271">
        <ele>1965.5529785</ele>
        <time>2009-09-16T10:26:32Z</time>
      </trkpt>
      <trkpt lat="47.6222870" lon="14.3443034">
        <ele>1966.0334473</ele>
        <time>2009-09-16T10:26:41Z</time>
      </trkpt>
      <trkpt lat="47.6218657" lon="14.3441315">
        <ele>1966.9948730</ele>
        <time>2009-09-16T10:27:42Z</time>
      </trkpt>
      <trkpt lat="47.6218408" lon="14.3440928">
        <ele>1965.5529785</ele>
        <time>2009-09-16T10:27:47Z</time>
      </trkpt>
      <trkpt lat="47.6217333" lon="14.3440560">
        <ele>1954.0170898</ele>
        <time>2009-09-16T10:27:59Z</time>
      </trkpt>
      <trkpt lat="47.6216706" lon="14.3439470">
        <ele>1948.2490234</ele>
        <time>2009-09-16T10:28:25Z</time>
      </trkpt>
      <trkpt lat="47.6215250" lon="14.3439199">
        <ele>1945.8457031</ele>
        <time>2009-09-16T10:29:05Z</time>
      </trkpt>
      <trkpt lat="47.6214281" lon="14.3437289">
        <ele>1941.0390625</ele>
        <time>2009-09-16T10:29:28Z</time>
      </trkpt>
      <trkpt lat="47.6214152" lon="14.3436635">
        <ele>1941.0390625</ele>
        <time>2009-09-16T10:29:40Z</time>
      </trkpt>
      <trkpt lat="47.6213632" lon="14.3435822">
        <ele>1939.5971680</ele>
        <time>2009-09-16T10:30:01Z</time>
      </trkpt>
      <trkpt lat="47.6213859" lon="14.3435787">
        <ele>1937.6745605</ele>
        <time>2009-09-16T10:30:20Z</time>
      </trkpt>
      <trkpt lat="47.6213445" lon="14.3435404">
        <ele>1935.7519531</ele>
        <time>2009-09-16T10:30:40Z</time>
      </trkpt>
      <trkpt lat="47.6213152" lon="14.3434445">
        <ele>1934.3100586</ele>
        <time>2009-09-16T10:31:04Z</time>
      </trkpt>
      <trkpt lat="47.6212810" lon="14.3433616">
        <ele>1932.8679199</ele>
        <time>2009-09-16T10:31:26Z</time>
      </trkpt>
      <trkpt lat="47.6212208" lon="14.3430695">
        <ele>1928.0612793</ele>
        <time>2009-09-16T10:33:20Z</time>
      </trkpt>
      <trkpt lat="47.6212352" lon="14.3430089">
        <ele>1927.1000977</ele>
        <time>2009-09-16T10:33:26Z</time>
      </trkpt>
      <trkpt lat="47.6212198" lon="14.3429350">
        <ele>1927.1000977</ele>
        <time>2009-09-16T10:33:31Z</time>
      </trkpt>
      <trkpt lat="47.6212037" lon="14.3428809">
        <ele>1927.1000977</ele>
        <time>2009-09-16T10:33:38Z</time>
      </trkpt>
      <trkpt lat="47.6211888" lon="14.3427707">
        <ele>1927.5805664</ele>
        <time>2009-09-16T10:33:55Z</time>
      </trkpt>
      <trkpt lat="47.6210116" lon="14.3427062">
        <ele>1918.4482422</ele>
        <time>2009-09-16T10:35:27Z</time>
      </trkpt>
      <trkpt lat="47.6206072" lon="14.3426307">
        <ele>1901.1445313</ele>
        <time>2009-09-16T10:37:30Z</time>
      </trkpt>
      <trkpt lat="47.6205470" lon="14.3426919">
        <ele>1900.1833496</ele>
        <time>2009-09-16T10:37:42Z</time>
      </trkpt>
      <trkpt lat="47.6205112" lon="14.3427463">
        <ele>1900.1833496</ele>
        <time>2009-09-16T10:37:58Z</time>
      </trkpt>
      <trkpt lat="47.6204325" lon="14.3426179">
        <ele>1894.4150391</ele>
        <time>2009-09-16T10:38:11Z</time>
      </trkpt>
      <trkpt lat="47.6203957" lon="14.3425720">
        <ele>1893.9345703</ele>
        <time>2009-09-16T10:38:24Z</time>
      </trkpt>
      <trkpt lat="47.6203776" lon="14.3425095">
        <ele>1892.4926758</ele>
        <time>2009-09-16T10:38:51Z</time>
      </trkpt>
      <trkpt lat="47.6203412" lon="14.3424880">
        <ele>1892.0119629</ele>
        <time>2009-09-16T10:39:06Z</time>
      </trkpt>
      <trkpt lat="47.6202932" lon="14.3424628">
        <ele>1889.1279297</ele>
        <time>2009-09-16T10:39:20Z</time>
      </trkpt>
      <trkpt lat="47.6202169" lon="14.3424480">
        <ele>1886.2441406</ele>
        <time>2009-09-16T10:39:35Z</time>
      </trkpt>
      <trkpt lat="47.6201949" lon="14.3423451">
        <ele>1885.7634277</ele>
        <time>2009-09-16T10:39:47Z</time>
      </trkpt>
      <trkpt lat="47.6201583" lon="14.3422574">
        <ele>1883.8405762</ele>
        <time>2009-09-16T10:40:02Z</time>
      </trkpt>
      <trkpt lat="47.6201149" lon="14.3422319">
        <ele>1878.5534668</ele>
        <time>2009-09-16T10:40:16Z</time>
      </trkpt>
      <trkpt lat="47.6200647" lon="14.3418938">
        <ele>1876.6308594</ele>
        <time>2009-09-16T10:41:17Z</time>
      </trkpt>
      <trkpt lat="47.6200497" lon="14.3416805">
        <ele>1873.7468262</ele>
        <time>2009-09-16T10:42:28Z</time>
      </trkpt>
      <trkpt lat="47.6200823" lon="14.3415886">
        <ele>1876.6308594</ele>
        <time>2009-09-16T10:43:25Z</time>
      </trkpt>
      <trkpt lat="47.6201234" lon="14.3415486">
        <ele>1877.5920410</ele>
        <time>2009-09-16T10:43:36Z</time>
      </trkpt>
      <trkpt lat="47.6201710" lon="14.3415171">
        <ele>1880.9567871</ele>
        <time>2009-09-16T10:44:18Z</time>
      </trkpt>
      <trkpt lat="47.6201383" lon="14.3414903">
        <ele>1881.9179688</ele>
        <time>2009-09-16T10:44:30Z</time>
      </trkpt>
      <trkpt lat="47.6201478" lon="14.3414968">
        <ele>1882.8791504</ele>
        <time>2009-09-16T10:44:52Z</time>
      </trkpt>
      <trkpt lat="47.6202883" lon="14.3412026">
        <ele>1889.1279297</ele>
        <time>2009-09-16T10:46:01Z</time>
      </trkpt>
      <trkpt lat="47.6202889" lon="14.3410547">
        <ele>1890.5698242</ele>
        <time>2009-09-16T10:46:17Z</time>
      </trkpt>
      <trkpt lat="47.6202672" lon="14.3402781">
        <ele>1895.3764648</ele>
        <time>2009-09-16T10:49:12Z</time>
      </trkpt>
      <trkpt lat="47.6202403" lon="14.3401856">
        <ele>1894.8957520</ele>
        <time>2009-09-16T10:49:27Z</time>
      </trkpt>
      <trkpt lat="47.6202165" lon="14.3401109">
        <ele>1895.3764648</ele>
        <time>2009-09-16T10:49:42Z</time>
      </trkpt>
      <trkpt lat="47.6202079" lon="14.3400662">
        <ele>1895.8571777</ele>
        <time>2009-09-16T10:49:46Z</time>
      </trkpt>
      <trkpt lat="47.6201970" lon="14.3399270">
        <ele>1897.7797852</ele>
        <time>2009-09-16T10:49:58Z</time>
      </trkpt>
      <trkpt lat="47.6201652" lon="14.3398045">
        <ele>1900.6638184</ele>
        <time>2009-09-16T10:50:11Z</time>
      </trkpt>
      <trkpt lat="47.6201611" lon="14.3396850">
        <ele>1904.5090332</ele>
        <time>2009-09-16T10:50:24Z</time>
      </trkpt>
      <trkpt lat="47.6200873" lon="14.3396181">
        <ele>1899.2216797</ele>
        <time>2009-09-16T10:50:53Z</time>
      </trkpt>
      <trkpt lat="47.6200403" lon="14.3395675">
        <ele>1898.7409668</ele>
        <time>2009-09-16T10:51:14Z</time>
      </trkpt>
      <trkpt lat="47.6199721" lon="14.3395422">
        <ele>1897.2990723</ele>
        <time>2009-09-16T10:51:24Z</time>
      </trkpt>
      <trkpt lat="47.6199119" lon="14.3394579">
        <ele>1896.8183594</ele>
        <time>2009-09-16T10:51:36Z</time>
      </trkpt>
      <trkpt lat="47.6199119" lon="14.3392814">
        <ele>1896.8183594</ele>
        <time>2009-09-16T10:51:52Z</time>
      </trkpt>
      <trkpt lat="47.6198768" lon="14.3391989">
        <ele>1896.8183594</ele>
        <time>2009-09-16T10:52:01Z</time>
      </trkpt>
      <trkpt lat="47.6198409" lon="14.3391191">
        <ele>1896.8183594</ele>
        <time>2009-09-16T10:52:15Z</time>
      </trkpt>
      <trkpt lat="47.6198196" lon="14.3390799">
        <ele>1895.3764648</ele>
        <time>2009-09-16T10:52:25Z</time>
      </trkpt>
      <trkpt lat="47.6197298" lon="14.3389298">
        <ele>1892.9731445</ele>
        <time>2009-09-16T10:53:12Z</time>
      </trkpt>
      <trkpt lat="47.6197206" lon="14.3388524">
        <ele>1892.9731445</ele>
        <time>2009-09-16T10:53:35Z</time>
      </trkpt>
      <trkpt lat="47.6196433" lon="14.3386603">
        <ele>1897.2990723</ele>
        <time>2009-09-16T10:54:43Z</time>
      </trkpt>
      <trkpt lat="47.6195704" lon="14.3385985">
        <ele>1899.2216797</ele>
        <time>2009-09-16T10:55:07Z</time>
      </trkpt>
      <trkpt lat="47.6194940" lon="14.3385346">
        <ele>1899.7023926</ele>
        <time>2009-09-16T10:55:17Z</time>
      </trkpt>
      <trkpt lat="47.6194279" lon="14.3383919">
        <ele>1900.1833496</ele>
        <time>2009-09-16T10:55:31Z</time>
      </trkpt>
      <trkpt lat="47.6193459" lon="14.3382510">
        <ele>1901.6252441</ele>
        <time>2009-09-16T10:55:44Z</time>
      </trkpt>
      <trkpt lat="47.6192805" lon="14.3381546">
        <ele>1904.9897461</ele>
        <time>2009-09-16T10:56:04Z</time>
      </trkpt>
      <trkpt lat="47.6192559" lon="14.3380771">
        <ele>1908.3542480</ele>
        <time>2009-09-16T10:56:20Z</time>
      </trkpt>
      <trkpt lat="47.6191910" lon="14.3379707">
        <ele>1910.2768555</ele>
        <time>2009-09-16T10:56:37Z</time>
      </trkpt>
      <trkpt lat="47.6191284" lon="14.3378320">
        <ele>1915.0834961</ele>
        <time>2009-09-16T10:57:01Z</time>
      </trkpt>
      <trkpt lat="47.6190386" lon="14.3377310">
        <ele>1917.4868164</ele>
        <time>2009-09-16T10:57:20Z</time>
      </trkpt>
      <trkpt lat="47.6190065" lon="14.3376991">
        <ele>1918.9289551</ele>
        <time>2009-09-16T10:57:29Z</time>
      </trkpt>
      <trkpt lat="47.6190058" lon="14.3378013">
        <ele>1917.9675293</ele>
        <time>2009-09-16T11:00:02Z</time>
      </trkpt>
      <trkpt lat="47.6189962" lon="14.3377956">
        <ele>1919.8901367</ele>
        <time>2009-09-16T11:00:25Z</time>
      </trkpt>
      <trkpt lat="47.6190121" lon="14.3376834">
        <ele>1920.8515625</ele>
        <time>2009-09-16T11:01:56Z</time>
      </trkpt>
      <trkpt lat="47.6189900" lon="14.3378143">
        <ele>1924.6967773</ele>
        <time>2009-09-16T11:08:04Z</time>
      </trkpt>
      <trkpt lat="47.6190088" lon="14.3377795">
        <ele>1924.2160645</ele>
        <time>2009-09-16T11:08:41Z</time>
      </trkpt>
      <trkpt lat="47.6189993" lon="14.3376682">
        <ele>1926.6193848</ele>
        <time>2009-09-16T11:09:20Z</time>
      </trkpt>
      <trkpt lat="47.6190069" lon="14.3376997">
        <ele>1926.1386719</ele>
        <time>2009-09-16T11:09:44Z</time>
      </trkpt>
      <trkpt lat="47.6189940" lon="14.3377821">
        <ele>1925.1772461</ele>
        <time>2009-09-16T11:09:57Z</time>
      </trkpt>
      <trkpt lat="47.6189096" lon="14.3377739">
        <ele>1925.1772461</ele>
        <time>2009-09-16T11:10:17Z</time>
      </trkpt>
      <trkpt lat="47.6188749" lon="14.3377886">
        <ele>1924.2160645</ele>
        <time>2009-09-16T11:10:29Z</time>
      </trkpt>
      <trkpt lat="47.6188440" lon="14.3377702">
        <ele>1924.6967773</ele>
        <time>2009-09-16T11:10:42Z</time>
      </trkpt>
      <trkpt lat="47.6188093" lon="14.3378255">
        <ele>1921.8127441</ele>
        <time>2009-09-16T11:10:54Z</time>
      </trkpt>
      <trkpt lat="47.6188141" lon="14.3378518">
        <ele>1921.8127441</ele>
        <time>2009-09-16T11:10:58Z</time>
      </trkpt>
      <trkpt lat="47.6188148" lon="14.3379653">
        <ele>1919.4096680</ele>
        <time>2009-09-16T11:11:11Z</time>
      </trkpt>
      <trkpt lat="47.6187607" lon="14.3380398">
        <ele>1912.6801758</ele>
        <time>2009-09-16T11:11:56Z</time>
      </trkpt>
      <trkpt lat="47.6185714" lon="14.3380657">
        <ele>1900.6638184</ele>
        <time>2009-09-16T11:13:13Z</time>
      </trkpt>
      <trkpt lat="47.6185515" lon="14.3380801">
        <ele>1898.2602539</ele>
        <time>2009-09-16T11:13:26Z</time>
      </trkpt>
      <trkpt lat="47.6185167" lon="14.3380212">
        <ele>1895.8571777</ele>
        <time>2009-09-16T11:13:41Z</time>
      </trkpt>
      <trkpt lat="47.6184566" lon="14.3379583">
        <ele>1893.4538574</ele>
        <time>2009-09-16T11:14:00Z</time>
      </trkpt>
      <trkpt lat="47.6184152" lon="14.3380147">
        <ele>1886.2441406</ele>
        <time>2009-09-16T11:14:37Z</time>
      </trkpt>
      <trkpt lat="47.6183828" lon="14.3380044">
        <ele>1884.3215332</ele>
        <time>2009-09-16T11:14:49Z</time>
      </trkpt>
      <trkpt lat="47.6183532" lon="14.3379846">
        <ele>1881.9179688</ele>
        <time>2009-09-16T11:15:00Z</time>
      </trkpt>
      <trkpt lat="47.6181683" lon="14.3379729">
        <ele>1869.4211426</ele>
        <time>2009-09-16T11:17:28Z</time>
      </trkpt>
      <trkpt lat="47.6180697" lon="14.3379963">
        <ele>1862.2109375</ele>
        <time>2009-09-16T11:18:19Z</time>
      </trkpt>
      <trkpt lat="47.6180017" lon="14.3379633">
        <ele>1857.8852539</ele>
        <time>2009-09-16T11:18:36Z</time>
      </trkpt>
      <trkpt lat="47.6179594" lon="14.3379477">
        <ele>1853.0786133</ele>
        <time>2009-09-16T11:19:00Z</time>
      </trkpt>
      <trkpt lat="47.6178908" lon="14.3379326">
        <ele>1847.3105469</ele>
        <time>2009-09-16T11:19:27Z</time>
      </trkpt>
      <trkpt lat="47.6178183" lon="14.3379057">
        <ele>1842.9846191</ele>
        <time>2009-09-16T11:19:44Z</time>
      </trkpt>
      <trkpt lat="47.6177798" lon="14.3379143">
        <ele>1838.6589355</ele>
        <time>2009-09-16T11:20:12Z</time>
      </trkpt>
      <trkpt lat="47.6177487" lon="14.3378688">
        <ele>1836.2556152</ele>
        <time>2009-09-16T11:20:27Z</time>
      </trkpt>
      <trkpt lat="47.6176825" lon="14.3378628">
        <ele>1833.8520508</ele>
        <time>2009-09-16T11:20:43Z</time>
      </trkpt>
      <trkpt lat="47.6176880" lon="14.3379531">
        <ele>1831.4487305</ele>
        <time>2009-09-16T11:20:58Z</time>
      </trkpt>
      <trkpt lat="47.6176219" lon="14.3380752">
        <ele>1822.3164063</ele>
        <time>2009-09-16T11:21:47Z</time>
      </trkpt>
      <trkpt lat="47.6175705" lon="14.3381079">
        <ele>1815.5871582</ele>
        <time>2009-09-16T11:22:25Z</time>
      </trkpt>
      <trkpt lat="47.6175185" lon="14.3380764">
        <ele>1811.2612305</ele>
        <time>2009-09-16T11:22:40Z</time>
      </trkpt>
      <trkpt lat="47.6174800" lon="14.3380777">
        <ele>1806.4545898</ele>
        <time>2009-09-16T11:23:01Z</time>
      </trkpt>
      <trkpt lat="47.6174344" lon="14.3381147">
        <ele>1801.1672363</ele>
        <time>2009-09-16T11:23:28Z</time>
      </trkpt>
      <trkpt lat="47.6173875" lon="14.3380865">
        <ele>1797.8027344</ele>
        <time>2009-09-16T11:23:43Z</time>
      </trkpt>
      <trkpt lat="47.6173532" lon="14.3382579">
        <ele>1795.3994141</ele>
        <time>2009-09-16T11:24:16Z</time>
      </trkpt>
      <trkpt lat="47.6173226" lon="14.3382234">
        <ele>1791.5541992</ele>
        <time>2009-09-16T11:24:52Z</time>
      </trkpt>
      <trkpt lat="47.6173108" lon="14.3382644">
        <ele>1788.6704102</ele>
        <time>2009-09-16T11:25:22Z</time>
      </trkpt>
      <trkpt lat="47.6172648" lon="14.3381601">
        <ele>1785.7861328</ele>
        <time>2009-09-16T11:25:44Z</time>
      </trkpt>
      <trkpt lat="47.6172408" lon="14.3381888">
        <ele>1784.3442383</ele>
        <time>2009-09-16T11:26:00Z</time>
      </trkpt>
      <trkpt lat="47.6171230" lon="14.3380166">
        <ele>1780.0183105</ele>
        <time>2009-09-16T11:26:58Z</time>
      </trkpt>
      <trkpt lat="47.6171248" lon="14.3379432">
        <ele>1772.3278809</ele>
        <time>2009-09-16T11:28:32Z</time>
      </trkpt>
      <trkpt lat="47.6171067" lon="14.3379494">
        <ele>1769.9243164</ele>
        <time>2009-09-16T11:28:51Z</time>
      </trkpt>
      <trkpt lat="47.6169856" lon="14.3380214">
        <ele>1762.2338867</ele>
        <time>2009-09-16T11:29:53Z</time>
      </trkpt>
      <trkpt lat="47.6169335" lon="14.3380460">
        <ele>1758.8693848</ele>
        <time>2009-09-16T11:30:09Z</time>
      </trkpt>
      <trkpt lat="47.6168678" lon="14.3380255">
        <ele>1755.5046387</ele>
        <time>2009-09-16T11:30:51Z</time>
      </trkpt>
      <trkpt lat="47.6168096" lon="14.3380132">
        <ele>1747.3334961</ele>
        <time>2009-09-16T11:31:33Z</time>
      </trkpt>
      <trkpt lat="47.6167717" lon="14.3378976">
        <ele>1744.9301758</ele>
        <time>2009-09-16T11:32:27Z</time>
      </trkpt>
      <trkpt lat="47.6167496" lon="14.3377735">
        <ele>1743.9689941</ele>
        <time>2009-09-16T11:32:46Z</time>
      </trkpt>
      <trkpt lat="47.6167689" lon="14.3377499">
        <ele>1742.0463867</ele>
        <time>2009-09-16T11:33:02Z</time>
      </trkpt>
      <trkpt lat="47.6167697" lon="14.3377309">
        <ele>1740.1237793</ele>
        <time>2009-09-16T11:33:19Z</time>
      </trkpt>
      <trkpt lat="47.6167656" lon="14.3376867">
        <ele>1738.2009277</ele>
        <time>2009-09-16T11:33:50Z</time>
      </trkpt>
      <trkpt lat="47.6167171" lon="14.3376730">
        <ele>1736.2783203</ele>
        <time>2009-09-16T11:34:18Z</time>
      </trkpt>
      <trkpt lat="47.6166912" lon="14.3376761">
        <ele>1734.8364258</ele>
        <time>2009-09-16T11:34:29Z</time>
      </trkpt>
      <trkpt lat="47.6166695" lon="14.3377624">
        <ele>1733.8750000</ele>
        <time>2009-09-16T11:34:39Z</time>
      </trkpt>
      <trkpt lat="47.6166236" lon="14.3378169">
        <ele>1731.4716797</ele>
        <time>2009-09-16T11:34:52Z</time>
      </trkpt>
      <trkpt lat="47.6166256" lon="14.3379652">
        <ele>1728.1071777</ele>
        <time>2009-09-16T11:35:06Z</time>
      </trkpt>
      <trkpt lat="47.6165697" lon="14.3380667">
        <ele>1724.7426758</ele>
        <time>2009-09-16T11:35:20Z</time>
      </trkpt>
      <trkpt lat="47.6165076" lon="14.3381534">
        <ele>1719.9357910</ele>
        <time>2009-09-16T11:35:42Z</time>
      </trkpt>
      <trkpt lat="47.6164298" lon="14.3382483">
        <ele>1713.2067871</ele>
        <time>2009-09-16T11:36:43Z</time>
      </trkpt>
      <trkpt lat="47.6164094" lon="14.3382512">
        <ele>1709.8420410</ele>
        <time>2009-09-16T11:36:58Z</time>
      </trkpt>
      <trkpt lat="47.6163806" lon="14.3383006">
        <ele>1706.4772949</ele>
        <time>2009-09-16T11:37:23Z</time>
      </trkpt>
      <trkpt lat="47.6162981" lon="14.3383406">
        <ele>1704.0742188</ele>
        <time>2009-09-16T11:38:00Z</time>
      </trkpt>
      <trkpt lat="47.6162381" lon="14.3384015">
        <ele>1700.2290039</ele>
        <time>2009-09-16T11:38:15Z</time>
      </trkpt>
      <trkpt lat="47.6162004" lon="14.3384205">
        <ele>1696.8642578</ele>
        <time>2009-09-16T11:38:48Z</time>
      </trkpt>
      <trkpt lat="47.6159758" lon="14.3387871">
        <ele>1685.8090820</ele>
        <time>2009-09-16T11:41:16Z</time>
      </trkpt>
      <trkpt lat="47.6157523" lon="14.3389685">
        <ele>1672.8312988</ele>
        <time>2009-09-16T11:43:09Z</time>
      </trkpt>
      <trkpt lat="47.6157360" lon="14.3390348">
        <ele>1665.1408691</ele>
        <time>2009-09-16T11:43:47Z</time>
      </trkpt>
      <trkpt lat="47.6156384" lon="14.3391133">
        <ele>1660.8149414</ele>
        <time>2009-09-16T11:44:14Z</time>
      </trkpt>
      <trkpt lat="47.6156219" lon="14.3391177">
        <ele>1660.3342285</ele>
        <time>2009-09-16T11:44:16Z</time>
      </trkpt>
      <trkpt lat="47.6155513" lon="14.3391144">
        <ele>1656.4887695</ele>
        <time>2009-09-16T11:44:37Z</time>
      </trkpt>
      <trkpt lat="47.6155441" lon="14.3390981">
        <ele>1653.6049805</ele>
        <time>2009-09-16T11:45:01Z</time>
      </trkpt>
      <trkpt lat="47.6152820" lon="14.3391756">
        <ele>1638.7045898</ele>
        <time>2009-09-16T11:47:03Z</time>
      </trkpt>
      <trkpt lat="47.6151957" lon="14.3391763">
        <ele>1633.4172363</ele>
        <time>2009-09-16T11:47:38Z</time>
      </trkpt>
      <trkpt lat="47.6151658" lon="14.3392012">
        <ele>1631.4946289</ele>
        <time>2009-09-16T11:47:50Z</time>
      </trkpt>
      <trkpt lat="47.6150384" lon="14.3391803">
        <ele>1619.9587402</ele>
        <time>2009-09-16T11:49:11Z</time>
      </trkpt>
      <trkpt lat="47.6149801" lon="14.3392288">
        <ele>1616.1135254</ele>
        <time>2009-09-16T11:49:52Z</time>
      </trkpt>
      <trkpt lat="47.6149313" lon="14.3392160">
        <ele>1609.3842773</ele>
        <time>2009-09-16T11:50:32Z</time>
      </trkpt>
      <trkpt lat="47.6148806" lon="14.3392222">
        <ele>1605.0583496</ele>
        <time>2009-09-16T11:50:47Z</time>
      </trkpt>
      <trkpt lat="47.6148392" lon="14.3392526">
        <ele>1599.7712402</ele>
        <time>2009-09-16T11:51:13Z</time>
      </trkpt>
      <trkpt lat="47.6147860" lon="14.3392300">
        <ele>1597.3679199</ele>
        <time>2009-09-16T11:51:27Z</time>
      </trkpt>
      <trkpt lat="47.6147255" lon="14.3392777">
        <ele>1595.4450684</ele>
        <time>2009-09-16T11:51:43Z</time>
      </trkpt>
      <trkpt lat="47.6147101" lon="14.3393414">
        <ele>1591.5998535</ele>
        <time>2009-09-16T11:52:05Z</time>
      </trkpt>
      <trkpt lat="47.6146402" lon="14.3394652">
        <ele>1590.6384277</ele>
        <time>2009-09-16T11:52:14Z</time>
      </trkpt>
      <trkpt lat="47.6145668" lon="14.3395837">
        <ele>1591.1191406</ele>
        <time>2009-09-16T11:52:25Z</time>
      </trkpt>
      <trkpt lat="47.6145256" lon="14.3396462">
        <ele>1591.1191406</ele>
        <time>2009-09-16T11:52:30Z</time>
      </trkpt>
      <trkpt lat="47.6145018" lon="14.3397171">
        <ele>1591.5998535</ele>
        <time>2009-09-16T11:52:36Z</time>
      </trkpt>
      <trkpt lat="47.6144421" lon="14.3398428">
        <ele>1592.0805664</ele>
        <time>2009-09-16T11:52:47Z</time>
      </trkpt>
      <trkpt lat="47.6144052" lon="14.3399657">
        <ele>1589.1965332</ele>
        <time>2009-09-16T11:52:57Z</time>
      </trkpt>
      <trkpt lat="47.6143389" lon="14.3401029">
        <ele>1586.3127441</ele>
        <time>2009-09-16T11:53:08Z</time>
      </trkpt>
      <trkpt lat="47.6142933" lon="14.3401924">
        <ele>1583.9094238</ele>
        <time>2009-09-16T11:53:23Z</time>
      </trkpt>
      <trkpt lat="47.6142054" lon="14.3403329">
        <ele>1583.9094238</ele>
        <time>2009-09-16T11:53:35Z</time>
      </trkpt>
      <trkpt lat="47.6141646" lon="14.3404247">
        <ele>1582.4675293</ele>
        <time>2009-09-16T11:53:41Z</time>
      </trkpt>
      <trkpt lat="47.6141159" lon="14.3406121">
        <ele>1581.0256348</ele>
        <time>2009-09-16T11:53:57Z</time>
      </trkpt>
      <trkpt lat="47.6140890" lon="14.3407140">
        <ele>1580.5449219</ele>
        <time>2009-09-16T11:54:08Z</time>
      </trkpt>
      <trkpt lat="47.6140564" lon="14.3407942">
        <ele>1576.2187500</ele>
        <time>2009-09-16T11:54:13Z</time>
      </trkpt>
      <trkpt lat="47.6140498" lon="14.3409076">
        <ele>1572.8542480</ele>
        <time>2009-09-16T11:54:28Z</time>
      </trkpt>
      <trkpt lat="47.6140175" lon="14.3410354">
        <ele>1561.7990723</ele>
        <time>2009-09-16T11:54:58Z</time>
      </trkpt>
      <trkpt lat="47.6140197" lon="14.3412561">
        <ele>1555.5505371</ele>
        <time>2009-09-16T11:55:13Z</time>
      </trkpt>
      <trkpt lat="47.6140146" lon="14.3413615">
        <ele>1547.8598633</ele>
        <time>2009-09-16T11:55:29Z</time>
      </trkpt>
      <trkpt lat="47.6139723" lon="14.3414374">
        <ele>1545.4565430</ele>
        <time>2009-09-16T11:55:55Z</time>
      </trkpt>
      <trkpt lat="47.6138357" lon="14.3417504">
        <ele>1542.5727539</ele>
        <time>2009-09-16T11:56:50Z</time>
      </trkpt>
      <trkpt lat="47.6137921" lon="14.3418455">
        <ele>1538.2468262</ele>
        <time>2009-09-16T11:57:03Z</time>
      </trkpt>
      <trkpt lat="47.6137419" lon="14.3419968">
        <ele>1530.0754395</ele>
        <time>2009-09-16T11:57:15Z</time>
      </trkpt>
      <trkpt lat="47.6137002" lon="14.3420863">
        <ele>1527.6721191</ele>
        <time>2009-09-16T11:57:21Z</time>
      </trkpt>
      <trkpt lat="47.6136388" lon="14.3421692">
        <ele>1524.7883301</ele>
        <time>2009-09-16T11:57:28Z</time>
      </trkpt>
      <trkpt lat="47.6136038" lon="14.3422334">
        <ele>1523.3464355</ele>
        <time>2009-09-16T11:57:33Z</time>
      </trkpt>
      <trkpt lat="47.6135697" lon="14.3422785">
        <ele>1520.4624023</ele>
        <time>2009-09-16T11:57:42Z</time>
      </trkpt>
      <trkpt lat="47.6135587" lon="14.3423125">
        <ele>1519.5012207</ele>
        <time>2009-09-16T11:57:45Z</time>
      </trkpt>
      <trkpt lat="47.6134446" lon="14.3424550">
        <ele>1516.1364746</ele>
        <time>2009-09-16T11:58:01Z</time>
      </trkpt>
      <trkpt lat="47.6134079" lon="14.3424596">
        <ele>1515.1750488</ele>
        <time>2009-09-16T11:58:04Z</time>
      </trkpt>
      <trkpt lat="47.6133515" lon="14.3424422">
        <ele>1513.7329102</ele>
        <time>2009-09-16T11:58:18Z</time>
      </trkpt>
      <trkpt lat="47.6132420" lon="14.3423738">
        <ele>1514.6943359</ele>
        <time>2009-09-16T11:58:42Z</time>
      </trkpt>
      <trkpt lat="47.6130767" lon="14.3423792">
        <ele>1514.6943359</ele>
        <time>2009-09-16T11:58:56Z</time>
      </trkpt>
      <trkpt lat="47.6129873" lon="14.3424002">
        <ele>1515.6557617</ele>
        <time>2009-09-16T11:59:11Z</time>
      </trkpt>
      <trkpt lat="47.6128696" lon="14.3425340">
        <ele>1513.7329102</ele>
        <time>2009-09-16T12:03:44Z</time>
      </trkpt>
      <trkpt lat="47.6128264" lon="14.3425908">
        <ele>1513.2524414</ele>
        <time>2009-09-16T12:04:04Z</time>
      </trkpt>
      <trkpt lat="47.6127696" lon="14.3425923">
        <ele>1510.8491211</ele>
        <time>2009-09-16T12:04:21Z</time>
      </trkpt>
      <trkpt lat="47.6126620" lon="14.3425902">
        <ele>1505.5620117</ele>
        <time>2009-09-16T12:04:55Z</time>
      </trkpt>
      <trkpt lat="47.6125551" lon="14.3425383">
        <ele>1501.7167969</ele>
        <time>2009-09-16T12:05:24Z</time>
      </trkpt>
      <trkpt lat="47.6125858" lon="14.3427348">
        <ele>1491.6228027</ele>
        <time>2009-09-16T12:14:37Z</time>
      </trkpt>
      <trkpt lat="47.6125070" lon="14.3428340">
        <ele>1486.3356934</ele>
        <time>2009-09-16T12:14:48Z</time>
      </trkpt>
      <trkpt lat="47.6124555" lon="14.3428488">
        <ele>1481.5288086</ele>
        <time>2009-09-16T12:15:03Z</time>
      </trkpt>
      <trkpt lat="47.6124315" lon="14.3429198">
        <ele>1477.6835938</ele>
        <time>2009-09-16T12:15:22Z</time>
      </trkpt>
      <trkpt lat="47.6123764" lon="14.3429861">
        <ele>1476.2416992</ele>
        <time>2009-09-16T12:15:36Z</time>
      </trkpt>
      <trkpt lat="47.6123633" lon="14.3430766">
        <ele>1474.7998047</ele>
        <time>2009-09-16T12:15:51Z</time>
      </trkpt>
      <trkpt lat="47.6123444" lon="14.3431337">
        <ele>1470.9545898</ele>
        <time>2009-09-16T12:16:08Z</time>
      </trkpt>
      <trkpt lat="47.6123413" lon="14.3432067">
        <ele>1469.5126953</ele>
        <time>2009-09-16T12:16:19Z</time>
      </trkpt>
      <trkpt lat="47.6122936" lon="14.3432938">
        <ele>1461.8220215</ele>
        <time>2009-09-16T12:16:33Z</time>
      </trkpt>
      <trkpt lat="47.6122599" lon="14.3433291">
        <ele>1458.4572754</ele>
        <time>2009-09-16T12:16:38Z</time>
      </trkpt>
      <trkpt lat="47.6122116" lon="14.3433725">
        <ele>1453.6508789</ele>
        <time>2009-09-16T12:16:45Z</time>
      </trkpt>
      <trkpt lat="47.6121332" lon="14.3433740">
        <ele>1450.2861328</ele>
        <time>2009-09-16T12:16:54Z</time>
      </trkpt>
      <trkpt lat="47.6121195" lon="14.3433932">
        <ele>1449.8054199</ele>
        <time>2009-09-16T12:16:56Z</time>
      </trkpt>
      <trkpt lat="47.6120821" lon="14.3434399">
        <ele>1447.4020996</ele>
        <time>2009-09-16T12:17:01Z</time>
      </trkpt>
      <trkpt lat="47.6120311" lon="14.3434864">
        <ele>1445.4794922</ele>
        <time>2009-09-16T12:17:07Z</time>
      </trkpt>
      <trkpt lat="47.6119310" lon="14.3435803">
        <ele>1441.6342773</ele>
        <time>2009-09-16T12:17:22Z</time>
      </trkpt>
      <trkpt lat="47.6118197" lon="14.3436441">
        <ele>1437.3083496</ele>
        <time>2009-09-16T12:17:37Z</time>
      </trkpt>
      <trkpt lat="47.6117538" lon="14.3437744">
        <ele>1434.4243164</ele>
        <time>2009-09-16T12:17:54Z</time>
      </trkpt>
      <trkpt lat="47.6117127" lon="14.3438608">
        <ele>1433.4628906</ele>
        <time>2009-09-16T12:18:03Z</time>
      </trkpt>
      <trkpt lat="47.6116969" lon="14.3439019">
        <ele>1432.0209961</ele>
        <time>2009-09-16T12:18:06Z</time>
      </trkpt>
      <trkpt lat="47.6116409" lon="14.3439447">
        <ele>1431.0598145</ele>
        <time>2009-09-16T12:18:13Z</time>
      </trkpt>
      <trkpt lat="47.6115477" lon="14.3440785">
        <ele>1428.6564941</ele>
        <time>2009-09-16T12:18:27Z</time>
      </trkpt>
      <trkpt lat="47.6114484" lon="14.3442079">
        <ele>1426.7338867</ele>
        <time>2009-09-16T12:18:41Z</time>
      </trkpt>
      <trkpt lat="47.6113836" lon="14.3443346">
        <ele>1423.3693848</ele>
        <time>2009-09-16T12:18:55Z</time>
      </trkpt>
      <trkpt lat="47.6113283" lon="14.3444246">
        <ele>1419.0432129</ele>
        <time>2009-09-16T12:19:07Z</time>
      </trkpt>
      <trkpt lat="47.6112557" lon="14.3444927">
        <ele>1417.6010742</ele>
        <time>2009-09-16T12:19:20Z</time>
      </trkpt>
      <trkpt lat="47.6112273" lon="14.3445382">
        <ele>1416.1591797</ele>
        <time>2009-09-16T12:19:24Z</time>
      </trkpt>
      <trkpt lat="47.6111590" lon="14.3446967">
        <ele>1414.2365723</ele>
        <time>2009-09-16T12:19:40Z</time>
      </trkpt>
      <trkpt lat="47.6111041" lon="14.3448275">
        <ele>1412.3139648</ele>
        <time>2009-09-16T12:19:52Z</time>
      </trkpt>
      <trkpt lat="47.6110037" lon="14.3450348">
        <ele>1407.0268555</ele>
        <time>2009-09-16T12:20:12Z</time>
      </trkpt>
      <trkpt lat="47.6109650" lon="14.3451272">
        <ele>1405.5849609</ele>
        <time>2009-09-16T12:20:30Z</time>
      </trkpt>
      <trkpt lat="47.6108697" lon="14.3453055">
        <ele>1401.2587891</ele>
        <time>2009-09-16T12:20:47Z</time>
      </trkpt>
      <trkpt lat="47.6108089" lon="14.3454750">
        <ele>1397.4135742</ele>
        <time>2009-09-16T12:20:59Z</time>
      </trkpt>
      <trkpt lat="47.6107650" lon="14.3455776">
        <ele>1393.5683594</ele>
        <time>2009-09-16T12:21:16Z</time>
      </trkpt>
      <trkpt lat="47.6107343" lon="14.3456753">
        <ele>1392.6071777</ele>
        <time>2009-09-16T12:21:32Z</time>
      </trkpt>
      <trkpt lat="47.6107277" lon="14.3457455">
        <ele>1389.2424316</ele>
        <time>2009-09-16T12:21:47Z</time>
      </trkpt>
      <trkpt lat="47.6107058" lon="14.3458807">
        <ele>1388.2812500</ele>
        <time>2009-09-16T12:22:02Z</time>
      </trkpt>
      <trkpt lat="47.6106825" lon="14.3460962">
        <ele>1382.0324707</ele>
        <time>2009-09-16T12:22:22Z</time>
      </trkpt>
      <trkpt lat="47.6106650" lon="14.3461980">
        <ele>1376.7453613</ele>
        <time>2009-09-16T12:22:35Z</time>
      </trkpt>
      <trkpt lat="47.6106349" lon="14.3462982">
        <ele>1373.3808594</ele>
        <time>2009-09-16T12:22:48Z</time>
      </trkpt>
      <trkpt lat="47.6105611" lon="14.3464243">
        <ele>1366.6513672</ele>
        <time>2009-09-16T12:23:01Z</time>
      </trkpt>
      <trkpt lat="47.6105331" lon="14.3464651">
        <ele>1365.2094727</ele>
        <time>2009-09-16T12:23:15Z</time>
      </trkpt>
      <trkpt lat="47.6105360" lon="14.3465310">
        <ele>1364.2480469</ele>
        <time>2009-09-16T12:23:32Z</time>
      </trkpt>
      <trkpt lat="47.6104789" lon="14.3467020">
        <ele>1361.8449707</ele>
        <time>2009-09-16T12:23:51Z</time>
      </trkpt>
      <trkpt lat="47.6104777" lon="14.3467965">
        <ele>1360.8835449</ele>
        <time>2009-09-16T12:24:00Z</time>
      </trkpt>
      <trkpt lat="47.6104972" lon="14.3469201">
        <ele>1358.4802246</ele>
        <time>2009-09-16T12:24:10Z</time>
      </trkpt>
      <trkpt lat="47.6104732" lon="14.3470334">
        <ele>1351.7509766</ele>
        <time>2009-09-16T12:24:24Z</time>
      </trkpt>
      <trkpt lat="47.6104291" lon="14.3471509">
        <ele>1350.7895508</ele>
        <time>2009-09-16T12:24:44Z</time>
      </trkpt>
      <trkpt lat="47.6104707" lon="14.3472231">
        <ele>1349.3476563</ele>
        <time>2009-09-16T12:24:52Z</time>
      </trkpt>
      <trkpt lat="47.6104687" lon="14.3474001">
        <ele>1345.0217285</ele>
        <time>2009-09-16T12:25:04Z</time>
      </trkpt>
      <trkpt lat="47.6104485" lon="14.3474994">
        <ele>1343.0991211</ele>
        <time>2009-09-16T12:25:12Z</time>
      </trkpt>
      <trkpt lat="47.6104309" lon="14.3475845">
        <ele>1339.7343750</ele>
        <time>2009-09-16T12:25:27Z</time>
      </trkpt>
      <trkpt lat="47.6103789" lon="14.3476003">
        <ele>1338.2924805</ele>
        <time>2009-09-16T12:25:40Z</time>
      </trkpt>
      <trkpt lat="47.6103569" lon="14.3476694">
        <ele>1335.4084473</ele>
        <time>2009-09-16T12:25:52Z</time>
      </trkpt>
      <trkpt lat="47.6103518" lon="14.3476833">
        <ele>1335.4084473</ele>
        <time>2009-09-16T12:25:53Z</time>
      </trkpt>
      <trkpt lat="47.6102972" lon="14.3478209">
        <ele>1331.5632324</ele>
        <time>2009-09-16T12:26:05Z</time>
      </trkpt>
      <trkpt lat="47.6102853" lon="14.3479954">
        <ele>1329.1599121</ele>
        <time>2009-09-16T12:26:30Z</time>
      </trkpt>
      <trkpt lat="47.6102887" lon="14.3480684">
        <ele>1325.7954102</ele>
        <time>2009-09-16T12:26:46Z</time>
      </trkpt>
      <trkpt lat="47.6102585" lon="14.3481824">
        <ele>1318.1047363</ele>
        <time>2009-09-16T12:27:02Z</time>
      </trkpt>
      <trkpt lat="47.6102225" lon="14.3482343">
        <ele>1317.1435547</ele>
        <time>2009-09-16T12:27:14Z</time>
      </trkpt>
      <trkpt lat="47.6101951" lon="14.3483516">
        <ele>1315.7016602</ele>
        <time>2009-09-16T12:27:26Z</time>
      </trkpt>
      <trkpt lat="47.6101732" lon="14.3483773">
        <ele>1314.2595215</ele>
        <time>2009-09-16T12:27:29Z</time>
      </trkpt>
      <trkpt lat="47.6101091" lon="14.3484749">
        <ele>1309.9335938</ele>
        <time>2009-09-16T12:27:42Z</time>
      </trkpt>
      <trkpt lat="47.6100849" lon="14.3485632">
        <ele>1306.0881348</ele>
        <time>2009-09-16T12:27:54Z</time>
      </trkpt>
      <trkpt lat="47.6100147" lon="14.3486200">
        <ele>1304.6462402</ele>
        <time>2009-09-16T12:28:04Z</time>
      </trkpt>
      <trkpt lat="47.6099837" lon="14.3486398">
        <ele>1302.2429199</ele>
        <time>2009-09-16T12:28:09Z</time>
      </trkpt>
      <trkpt lat="47.6098731" lon="14.3486536">
        <ele>1298.8784180</ele>
        <time>2009-09-16T12:28:22Z</time>
      </trkpt>
      <trkpt lat="47.6098553" lon="14.3487280">
        <ele>1298.8784180</ele>
        <time>2009-09-16T12:28:39Z</time>
      </trkpt>
      <trkpt lat="47.6098008" lon="14.3487754">
        <ele>1298.3977051</ele>
        <time>2009-09-16T12:28:44Z</time>
      </trkpt>
      <trkpt lat="47.6097398" lon="14.3488465">
        <ele>1297.4365234</ele>
        <time>2009-09-16T12:28:58Z</time>
      </trkpt>
      <trkpt lat="47.6096800" lon="14.3488878">
        <ele>1295.9946289</ele>
        <time>2009-09-16T12:29:07Z</time>
      </trkpt>
      <trkpt lat="47.6096148" lon="14.3489389">
        <ele>1294.0720215</ele>
        <time>2009-09-16T12:29:17Z</time>
      </trkpt>
      <trkpt lat="47.6096159" lon="14.3489991">
        <ele>1291.6684570</ele>
        <time>2009-09-16T12:29:33Z</time>
      </trkpt>
      <trkpt lat="47.6095880" lon="14.3491111">
        <ele>1289.7458496</ele>
        <time>2009-09-16T12:29:45Z</time>
      </trkpt>
      <trkpt lat="47.6095467" lon="14.3491802">
        <ele>1289.2651367</ele>
        <time>2009-09-16T12:30:04Z</time>
      </trkpt>
      <trkpt lat="47.6095798" lon="14.3491768">
        <ele>1288.3039551</ele>
        <time>2009-09-16T12:30:34Z</time>
      </trkpt>
      <trkpt lat="47.6097025" lon="14.3492881">
        <ele>1290.7070313</ele>
        <time>2009-09-16T12:36:07Z</time>
      </trkpt>
      <trkpt lat="47.6098693" lon="14.3495610">
        <ele>1290.7070313</ele>
        <time>2009-09-16T12:36:29Z</time>
      </trkpt>
      <trkpt lat="47.6100433" lon="14.3498129">
        <ele>1291.1877441</ele>
        <time>2009-09-16T12:36:48Z</time>
      </trkpt>
      <trkpt lat="47.6102700" lon="14.3500053">
        <ele>1290.2265625</ele>
        <time>2009-09-16T12:37:11Z</time>
      </trkpt>
      <trkpt lat="47.6104557" lon="14.3500728">
        <ele>1287.8232422</ele>
        <time>2009-09-16T12:37:33Z</time>
      </trkpt>
      <trkpt lat="47.6106064" lon="14.3498399">
        <ele>1283.0166016</ele>
        <time>2009-09-16T12:38:57Z</time>
      </trkpt>
      <trkpt lat="47.6106628" lon="14.3497278">
        <ele>1282.5361328</ele>
        <time>2009-09-16T12:39:05Z</time>
      </trkpt>
      <trkpt lat="47.6108506" lon="14.3493623">
        <ele>1281.0942383</ele>
        <time>2009-09-16T12:39:28Z</time>
      </trkpt>
      <trkpt lat="47.6109711" lon="14.3491387">
        <ele>1279.6520996</ele>
        <time>2009-09-16T12:39:48Z</time>
      </trkpt>
      <trkpt lat="47.6111422" lon="14.3489509">
        <ele>1279.1713867</ele>
        <time>2009-09-16T12:40:04Z</time>
      </trkpt>
      <trkpt lat="47.6112175" lon="14.3488113">
        <ele>1278.2102051</ele>
        <time>2009-09-16T12:40:15Z</time>
      </trkpt>
      <trkpt lat="47.6114544" lon="14.3485792">
        <ele>1275.8066406</ele>
        <time>2009-09-16T12:40:37Z</time>
      </trkpt>
      <trkpt lat="47.6116295" lon="14.3484986">
        <ele>1274.3647461</ele>
        <time>2009-09-16T12:40:47Z</time>
      </trkpt>
      <trkpt lat="47.6117124" lon="14.3484631">
        <ele>1274.3647461</ele>
        <time>2009-09-16T12:40:59Z</time>
      </trkpt>
      <trkpt lat="47.6118764" lon="14.3484454">
        <ele>1270.0388184</ele>
        <time>2009-09-16T12:41:09Z</time>
      </trkpt>
      <trkpt lat="47.6120048" lon="14.3484069">
        <ele>1266.1936035</ele>
        <time>2009-09-16T12:41:21Z</time>
      </trkpt>
      <trkpt lat="47.6121822" lon="14.3483879">
        <ele>1261.3872070</ele>
        <time>2009-09-16T12:41:34Z</time>
      </trkpt>
      <trkpt lat="47.6121920" lon="14.3483990">
        <ele>1260.9064941</ele>
        <time>2009-09-16T12:41:36Z</time>
      </trkpt>
      <trkpt lat="47.6123140" lon="14.3484514">
        <ele>1258.5029297</ele>
        <time>2009-09-16T12:41:52Z</time>
      </trkpt>
      <trkpt lat="47.6124350" lon="14.3483643">
        <ele>1254.1772461</ele>
        <time>2009-09-16T12:42:11Z</time>
      </trkpt>
      <trkpt lat="47.6126066" lon="14.3485200">
        <ele>1252.2543945</ele>
        <time>2009-09-16T12:42:36Z</time>
      </trkpt>
      <trkpt lat="47.6122948" lon="14.3491866">
        <ele>1252.2543945</ele>
        <time>2009-09-16T12:43:37Z</time>
      </trkpt>
      <trkpt lat="47.6120993" lon="14.3492232">
        <ele>1250.8125000</ele>
        <time>2009-09-16T12:43:49Z</time>
      </trkpt>
      <trkpt lat="47.6121851" lon="14.3495260">
        <ele>1248.4091797</ele>
        <time>2009-09-16T12:44:07Z</time>
      </trkpt>
      <trkpt lat="47.6122390" lon="14.3496560">
        <ele>1246.9672852</ele>
        <time>2009-09-16T12:44:22Z</time>
      </trkpt>
      <trkpt lat="47.6117298" lon="14.3523841">
        <ele>1185.4428711</ele>
        <time>2009-09-16T12:49:09Z</time>
      </trkpt>
      <trkpt lat="47.6117081" lon="14.3525106">
        <ele>1183.0395508</ele>
        <time>2009-09-16T12:49:40Z</time>
      </trkpt>
      <trkpt lat="47.6116512" lon="14.3526057">
        <ele>1181.1171875</ele>
        <time>2009-09-16T12:49:48Z</time>
      </trkpt>
      <trkpt lat="47.6116010" lon="14.3527942">
        <ele>1180.6364746</ele>
        <time>2009-09-16T12:50:01Z</time>
      </trkpt>
      <trkpt lat="47.6115781" lon="14.3529081">
        <ele>1178.2329102</ele>
        <time>2009-09-16T12:50:12Z</time>
      </trkpt>
      <trkpt lat="47.6114838" lon="14.3530714">
        <ele>1176.3103027</ele>
        <time>2009-09-16T12:50:34Z</time>
      </trkpt>
      <trkpt lat="47.6114908" lon="14.3531172">
        <ele>1175.8295898</ele>
        <time>2009-09-16T12:50:37Z</time>
      </trkpt>
      <trkpt lat="47.6115503" lon="14.3532306">
        <ele>1168.1391602</ele>
        <time>2009-09-16T12:50:53Z</time>
      </trkpt>
      <trkpt lat="47.6114611" lon="14.3533970">
        <ele>1166.6972656</ele>
        <time>2009-09-16T12:51:09Z</time>
      </trkpt>
      <trkpt lat="47.6114333" lon="14.3535803">
        <ele>1165.7360840</ele>
        <time>2009-09-16T12:51:22Z</time>
      </trkpt>
      <trkpt lat="47.6113972" lon="14.3537384">
        <ele>1166.2165527</ele>
        <time>2009-09-16T12:51:34Z</time>
      </trkpt>
      <trkpt lat="47.6113895" lon="14.3537913">
        <ele>1165.7360840</ele>
        <time>2009-09-16T12:51:43Z</time>
      </trkpt>
      <trkpt lat="47.6113997" lon="14.3538627">
        <ele>1163.8129883</ele>
        <time>2009-09-16T12:51:57Z</time>
      </trkpt>
      <trkpt lat="47.6114071" lon="14.3537007">
        <ele>1162.3710938</ele>
        <time>2009-09-16T12:52:09Z</time>
      </trkpt>
      <trkpt lat="47.6114953" lon="14.3536384">
        <ele>1162.3710938</ele>
        <time>2009-09-16T12:52:19Z</time>
      </trkpt>
      <trkpt lat="47.6115508" lon="14.3536718">
        <ele>1161.8906250</ele>
        <time>2009-09-16T12:52:24Z</time>
      </trkpt>
      <trkpt lat="47.6116261" lon="14.3537623">
        <ele>1161.4099121</ele>
        <time>2009-09-16T12:52:34Z</time>
      </trkpt>
      <trkpt lat="47.6116394" lon="14.3538032">
        <ele>1161.4099121</ele>
        <time>2009-09-16T12:52:36Z</time>
      </trkpt>
      <trkpt lat="47.6116828" lon="14.3538491">
        <ele>1161.4099121</ele>
        <time>2009-09-16T12:52:41Z</time>
      </trkpt>
      <trkpt lat="47.6117159" lon="14.3539475">
        <ele>1161.4099121</ele>
        <time>2009-09-16T12:52:51Z</time>
      </trkpt>
      <trkpt lat="47.6117538" lon="14.3541353">
        <ele>1163.8129883</ele>
        <time>2009-09-16T12:53:14Z</time>
      </trkpt>
      <trkpt lat="47.6118360" lon="14.3543848">
        <ele>1167.6584473</ele>
        <time>2009-09-16T12:53:44Z</time>
      </trkpt>
      <trkpt lat="47.6118415" lon="14.3544629">
        <ele>1169.1005859</ele>
        <time>2009-09-16T12:53:55Z</time>
      </trkpt>
      <trkpt lat="47.6117896" lon="14.3546313">
        <ele>1170.5424805</ele>
        <time>2009-09-16T12:54:08Z</time>
      </trkpt>
      <trkpt lat="47.6118496" lon="14.3548258">
        <ele>1172.4650879</ele>
        <time>2009-09-16T12:54:27Z</time>
      </trkpt>
      <trkpt lat="47.6118154" lon="14.3555011">
        <ele>1173.4265137</ele>
        <time>2009-09-16T12:55:51Z</time>
      </trkpt>
      <trkpt lat="47.6118349" lon="14.3555204">
        <ele>1172.9458008</ele>
        <time>2009-09-16T12:55:52Z</time>
      </trkpt>
      <trkpt lat="47.6119855" lon="14.3555959">
        <ele>1171.0231934</ele>
        <time>2009-09-16T12:56:09Z</time>
      </trkpt>
      <trkpt lat="47.6120428" lon="14.3555986">
        <ele>1170.5424805</ele>
        <time>2009-09-16T12:56:14Z</time>
      </trkpt>
      <trkpt lat="47.6121042" lon="14.3556673">
        <ele>1168.1391602</ele>
        <time>2009-09-16T12:56:28Z</time>
      </trkpt>
      <trkpt lat="47.6120460" lon="14.3557603">
        <ele>1167.1779785</ele>
        <time>2009-09-16T12:56:35Z</time>
      </trkpt>
      <trkpt lat="47.6117883" lon="14.3560440">
        <ele>1163.8129883</ele>
        <time>2009-09-16T12:56:54Z</time>
      </trkpt>
      <trkpt lat="47.6117578" lon="14.3561337">
        <ele>1162.8518066</ele>
        <time>2009-09-16T12:56:58Z</time>
      </trkpt>
      <trkpt lat="47.6117979" lon="14.3561627">
        <ele>1162.3710938</ele>
        <time>2009-09-16T12:57:01Z</time>
      </trkpt>
      <trkpt lat="47.6119662" lon="14.3561441">
        <ele>1159.9677734</ele>
        <time>2009-09-16T12:57:18Z</time>
      </trkpt>
      <trkpt lat="47.6120752" lon="14.3562469">
        <ele>1156.6032715</ele>
        <time>2009-09-16T12:57:30Z</time>
      </trkpt>
      <trkpt lat="47.6120865" lon="14.3563104">
        <ele>1155.1613770</ele>
        <time>2009-09-16T12:57:33Z</time>
      </trkpt>
      <trkpt lat="47.6120620" lon="14.3565094">
        <ele>1146.9899902</ele>
        <time>2009-09-16T12:57:40Z</time>
      </trkpt>
      <trkpt lat="47.6120914" lon="14.3567122">
        <ele>1143.6254883</ele>
        <time>2009-09-16T12:57:53Z</time>
      </trkpt>
      <trkpt lat="47.6121370" lon="14.3567598">
        <ele>1118.6313477</ele>
        <time>2009-09-16T12:58:04Z</time>
      </trkpt>
      <trkpt lat="47.6121456" lon="14.3568699">
        <ele>1111.9020996</ele>
        <time>2009-09-16T12:58:12Z</time>
      </trkpt>
      <trkpt lat="47.6121473" lon="14.3569055">
        <ele>1110.4599609</ele>
        <time>2009-09-16T12:58:15Z</time>
      </trkpt>
      <trkpt lat="47.6122105" lon="14.3570328">
        <ele>1104.2116699</ele>
        <time>2009-09-16T12:58:27Z</time>
      </trkpt>
      <trkpt lat="47.6122470" lon="14.3570968">
        <ele>1101.8083496</ele>
        <time>2009-09-16T12:58:32Z</time>
      </trkpt>
      <trkpt lat="47.6123068" lon="14.3571809">
        <ele>1098.9240723</ele>
        <time>2009-09-16T12:58:38Z</time>
      </trkpt>
      <trkpt lat="47.6123726" lon="14.3572702">
        <ele>1093.6369629</ele>
        <time>2009-09-16T12:58:44Z</time>
      </trkpt>
      <trkpt lat="47.6123876" lon="14.3573137">
        <ele>1091.7143555</ele>
        <time>2009-09-16T12:58:48Z</time>
      </trkpt>
      <trkpt lat="47.6124249" lon="14.3573464">
        <ele>1090.7529297</ele>
        <time>2009-09-16T12:58:52Z</time>
      </trkpt>
      <trkpt lat="47.6124834" lon="14.3574042">
        <ele>1089.7917480</ele>
        <time>2009-09-16T12:58:56Z</time>
      </trkpt>
      <trkpt lat="47.6125718" lon="14.3575219">
        <ele>1085.9465332</ele>
        <time>2009-09-16T12:59:07Z</time>
      </trkpt>
      <trkpt lat="47.6126434" lon="14.3576024">
        <ele>1085.4658203</ele>
        <time>2009-09-16T12:59:15Z</time>
      </trkpt>
      <trkpt lat="47.6127327" lon="14.3577820">
        <ele>1083.0622559</ele>
        <time>2009-09-16T12:59:27Z</time>
      </trkpt>
      <trkpt lat="47.6127418" lon="14.3578269">
        <ele>1083.0622559</ele>
        <time>2009-09-16T12:59:31Z</time>
      </trkpt>
      <trkpt lat="47.6128326" lon="14.3579928">
        <ele>1084.0239258</ele>
        <time>2009-09-16T12:59:41Z</time>
      </trkpt>
      <trkpt lat="47.6129190" lon="14.3581645">
        <ele>1078.7365723</ele>
        <time>2009-09-16T12:59:54Z</time>
      </trkpt>
      <trkpt lat="47.6130628" lon="14.3583465">
        <ele>1080.1784668</ele>
        <time>2009-09-16T13:00:07Z</time>
      </trkpt>
      <trkpt lat="47.6131787" lon="14.3584501">
        <ele>1083.5429688</ele>
        <time>2009-09-16T13:00:19Z</time>
      </trkpt>
      <trkpt lat="47.6132386" lon="14.3585209">
        <ele>1085.9465332</ele>
        <time>2009-09-16T13:00:25Z</time>
      </trkpt>
      <trkpt lat="47.6133264" lon="14.3586248">
        <ele>1089.7917480</ele>
        <time>2009-09-16T13:00:33Z</time>
      </trkpt>
      <trkpt lat="47.6134741" lon="14.3587518">
        <ele>1097.4821777</ele>
        <time>2009-09-16T13:00:45Z</time>
      </trkpt>
      <trkpt lat="47.6136108" lon="14.3588803">
        <ele>1088.3498535</ele>
        <time>2009-09-16T13:00:58Z</time>
      </trkpt>
      <trkpt lat="47.6137441" lon="14.3589556">
        <ele>1094.5981445</ele>
        <time>2009-09-16T13:01:09Z</time>
      </trkpt>
      <trkpt lat="47.6139177" lon="14.3590709">
        <ele>1101.8083496</ele>
        <time>2009-09-16T13:01:22Z</time>
      </trkpt>
      <trkpt lat="47.6140435" lon="14.3592266">
        <ele>1091.7143555</ele>
        <time>2009-09-16T13:01:35Z</time>
      </trkpt>
      <trkpt lat="47.6140593" lon="14.3592313">
        <ele>1092.1950684</ele>
        <time>2009-09-16T13:01:36Z</time>
      </trkpt>
      <trkpt lat="47.6140594" lon="14.3592981">
        <ele>1093.6369629</ele>
        <time>2009-09-16T13:01:40Z</time>
      </trkpt>
      <trkpt lat="47.6142231" lon="14.3594117">
        <ele>1092.6757813</ele>
        <time>2009-09-16T13:01:53Z</time>
      </trkpt>
      <trkpt lat="47.6143355" lon="14.3595259">
        <ele>1081.6203613</ele>
        <time>2009-09-16T13:02:05Z</time>
      </trkpt>
      <trkpt lat="47.6144444" lon="14.3595733">
        <ele>1088.3498535</ele>
        <time>2009-09-16T13:02:16Z</time>
      </trkpt>
      <trkpt lat="47.6145990" lon="14.3596588">
        <ele>1089.7917480</ele>
        <time>2009-09-16T13:02:29Z</time>
      </trkpt>
      <trkpt lat="47.6146359" lon="14.3597007">
        <ele>1091.2336426</ele>
        <time>2009-09-16T13:02:34Z</time>
      </trkpt>
    </trkseg>
  </trk>

</gpx>
