<?xml version="1.0" encoding="UTF-8" standalone="yes"?>
<gpx xmlns="http://www.topografix.com/GPX/1/1" xmlns:gpxtrx="http://www.garmin.com/xmlschemas/GpxExtensions/v3" xmlns:rcxx="http://www.routeconverter.de/xmlschemas/RouteCatalogExtensions/1.0" xmlns:xsi="http://www.w3.org/2001/XMLSchema-instance" xmlns:gpxtpx="http://www.garmin.com/xmlschemas/TrackPointExtension/v1" xmlns:gpxx="http://www.garmin.com/xmlschemas/WaypointExtension/v1" xmlns:nmea="http://trekbuddy.net/2009/01/gpx/nmea" version="1.1" creator="Generated by Christian Pesch's RouteConverter. See http://www.routeconverter.com">
    <metadata>
        <name>2016-08-20 06:02</name>
        <desc></desc>
        <link href="http://www.oruxmaps.com">
            <text>OruxMaps</text>
        </link>
        <time>2016-08-20T04:02:23Z</time>
        <bounds minlat="47.5693487" minlon="12.8546414" maxlat="47.6061806" maxlon="12.8750412"/>
    </metadata>
    <trk>
        <name>2016-08-20 06:02</name>
        <desc>&lt;p&gt;Startzeit: 08/20/2016 06:02&lt;/p&gt;&lt;p&gt;Zielzeit: 08/20/2016 19:50&lt;/p&gt;&lt;p&gt;Strecke: 16,
8 km (13:48)&lt;/p&gt;&lt;p&gt;Bewegungszeit: 06:29&lt;/p&gt;&lt;p&gt;Ø-Geschwindigkeit: 1,
21 km/h&lt;/p&gt;&lt;p&gt;Netto-Geschwindigkeit: 2,
58 km/h&lt;/p&gt;&lt;p&gt;Max. Geschwindigkeit: 40,
79km/h&lt;/p&gt;&lt;p&gt;Minimale Höhe: 560 m&lt;/p&gt;&lt;p&gt;Maximale Höhe: 2608 m&lt;/p&gt;&lt;p&gt;Steig-Geschw.: 238,
7 m/h&lt;/p&gt;&lt;p&gt;Sink-Geschw.: -486,
7 m/h&lt;/p&gt;&lt;p&gt;Aufstieg: 2275 m&lt;/p&gt;&lt;p&gt;Abstieg: -2042 m&lt;/p&gt;&lt;p&gt;Steigzeit: 09:32&lt;/p&gt;&lt;p&gt;Sinkzeit: 04:11&lt;/p&gt;&lt;hr align="center" width="480" style="height: 2px; width: 517px"/&gt;</desc>
        <type>Unbestimmt</type>
        <extensions>
            <om:oruxmapsextensions xmlns:om="http://www.oruxmaps.com/oruxmapsextensions/1/0">
                <om:ext subtype="0" type="TYPE">0</om:ext>
                <om:ext type="DIFFICULTY">0</om:ext>
</om:oruxmapsextensions>
        </extensions>
        <trkseg>
            <trkpt lat="47.6061193" lon="12.8614579">
                <ele>689.6</ele>
                <time>2016-08-20T04:04:25.000Z</time>
                <name>Position 1</name>
            </trkpt>
            <trkpt lat="47.6059859" lon="12.8616577">
                <ele>713.5</ele>
                <time>2016-08-20T04:05:02.000Z</time>
                <name>Position 2</name>
            </trkpt>
            <trkpt lat="47.6058304" lon="12.8618147">
                <ele>712.9</ele>
                <time>2016-08-20T04:05:16.000Z</time>
                <name>Position 3</name>
            </trkpt>
            <trkpt lat="47.6056676" lon="12.8619419">
                <ele>711.1</ele>
                <time>2016-08-20T04:05:42.000Z</time>
                <name>Position 4</name>
            </trkpt>
            <trkpt lat="47.6055628" lon="12.8621628">
                <ele>708.5</ele>
                <time>2016-08-20T04:05:58.000Z</time>
                <name>Position 5</name>
            </trkpt>
            <trkpt lat="47.6054811" lon="12.8624066">
                <ele>703.2</ele>
                <time>2016-08-20T04:06:26.000Z</time>
                <name>Position 6</name>
            </trkpt>
            <trkpt lat="47.6053605" lon="12.8626048">
                <ele>700.9</ele>
                <time>2016-08-20T04:06:41.000Z</time>
                <name>Position 7</name>
            </trkpt>
            <trkpt lat="47.605253" lon="12.8628444">
                <ele>700.2</ele>
                <time>2016-08-20T04:06:53.000Z</time>
                <name>Position 8</name>
            </trkpt>
            <trkpt lat="47.6051731" lon="12.863087">
                <ele>701.3</ele>
                <time>2016-08-20T04:07:17.000Z</time>
                <name>Position 9</name>
            </trkpt>
            <trkpt lat="47.6050265" lon="12.8632447">
                <ele>688.5</ele>
                <time>2016-08-20T04:07:44.000Z</time>
                <name>Position 10</name>
            </trkpt>
            <trkpt lat="47.6048583" lon="12.8631452">
                <ele>681.2</ele>
                <time>2016-08-20T04:08:11.000Z</time>
                <name>Position 11</name>
            </trkpt>
            <trkpt lat="47.6048185" lon="12.8628722">
                <ele>689.3</ele>
                <time>2016-08-20T04:08:28.000Z</time>
                <name>Position 12</name>
            </trkpt>
            <trkpt lat="47.6047445" lon="12.8626106">
                <ele>698.9</ele>
                <time>2016-08-20T04:08:46.000Z</time>
                <name>Position 13</name>
            </trkpt>
            <trkpt lat="47.6047171" lon="12.8623309">
                <ele>697.2</ele>
                <time>2016-08-20T04:09:06.000Z</time>
                <name>Position 14</name>
            </trkpt>
            <trkpt lat="47.6046601" lon="12.8620703">
                <ele>691.3</ele>
                <time>2016-08-20T04:09:25.000Z</time>
                <name>Position 15</name>
            </trkpt>
            <trkpt lat="47.6045204" lon="12.8618987">
                <ele>689.1</ele>
                <time>2016-08-20T04:09:45.000Z</time>
                <name>Position 16</name>
            </trkpt>
            <trkpt lat="47.604338" lon="12.8618413">
                <ele>694.1</ele>
                <time>2016-08-20T04:10:05.000Z</time>
                <name>Position 17</name>
            </trkpt>
            <trkpt lat="47.6041595" lon="12.8617709">
                <ele>693.1</ele>
                <time>2016-08-20T04:10:31.000Z</time>
                <name>Position 18</name>
            </trkpt>
            <trkpt lat="47.603972" lon="12.8617625">
                <ele>687.5</ele>
                <time>2016-08-20T04:10:52.000Z</time>
                <name>Position 19</name>
            </trkpt>
            <trkpt lat="47.6037918" lon="12.8617224">
                <ele>678.7</ele>
                <time>2016-08-20T04:11:18.000Z</time>
                <name>Position 20</name>
            </trkpt>
            <trkpt lat="47.6036257" lon="12.8616194">
                <ele>695.1</ele>
                <time>2016-08-20T04:11:37.000Z</time>
                <name>Position 21</name>
            </trkpt>
            <trkpt lat="47.6034809" lon="12.861449">
                <ele>753.9</ele>
                <time>2016-08-20T04:11:59.000Z</time>
                <name>Position 22</name>
            </trkpt>
            <trkpt lat="47.6033005" lon="12.8613817">
                <ele>785.7</ele>
                <time>2016-08-20T04:12:13.000Z</time>
                <name>Position 23</name>
            </trkpt>
            <trkpt lat="47.6031514" lon="12.8612208">
                <ele>814.1</ele>
                <time>2016-08-20T04:12:34.000Z</time>
                <name>Position 24</name>
            </trkpt>
            <trkpt lat="47.6030101" lon="12.8610368">
                <ele>830.9</ele>
                <time>2016-08-20T04:12:54.000Z</time>
                <name>Position 25</name>
            </trkpt>
            <trkpt lat="47.6028546" lon="12.8608897">
                <ele>844.9</ele>
                <time>2016-08-20T04:13:15.000Z</time>
                <name>Position 26</name>
            </trkpt>
            <trkpt lat="47.6027116" lon="12.860719">
                <ele>851.1</ele>
                <time>2016-08-20T04:13:40.000Z</time>
                <name>Position 27</name>
            </trkpt>
            <trkpt lat="47.6025682" lon="12.860539">
                <ele>851.1</ele>
                <time>2016-08-20T04:14:03.000Z</time>
                <name>Position 28</name>
            </trkpt>
            <trkpt lat="47.6024106" lon="12.8603892">
                <ele>853.1</ele>
                <time>2016-08-20T04:14:22.000Z</time>
                <name>Position 29</name>
            </trkpt>
            <trkpt lat="47.6022366" lon="12.8602919">
                <ele>861.9</ele>
                <time>2016-08-20T04:14:42.000Z</time>
                <name>Position 30</name>
            </trkpt>
            <trkpt lat="47.6020657" lon="12.8601733">
                <ele>864.2</ele>
                <time>2016-08-20T04:15:03.000Z</time>
                <name>Position 31</name>
            </trkpt>
            <trkpt lat="47.6018877" lon="12.8600724">
                <ele>868.1</ele>
                <time>2016-08-20T04:15:21.000Z</time>
                <name>Position 32</name>
            </trkpt>
            <trkpt lat="47.6017197" lon="12.8599511">
                <ele>871.1</ele>
                <time>2016-08-20T04:15:38.000Z</time>
                <name>Position 33</name>
            </trkpt>
            <trkpt lat="47.6015364" lon="12.8598681">
                <ele>874.1</ele>
                <time>2016-08-20T04:15:55.000Z</time>
                <name>Position 34</name>
            </trkpt>
            <trkpt lat="47.6013481" lon="12.8598415">
                <ele>871.2</ele>
                <time>2016-08-20T04:16:12.000Z</time>
                <name>Position 35</name>
            </trkpt>
            <trkpt lat="47.6011607" lon="12.8598561">
                <ele>873.9</ele>
                <time>2016-08-20T04:16:32.000Z</time>
                <name>Position 36</name>
            </trkpt>
            <trkpt lat="47.6009735" lon="12.8598575">
                <ele>871.3</ele>
                <time>2016-08-20T04:16:49.000Z</time>
                <name>Position 37</name>
            </trkpt>
            <trkpt lat="47.600787" lon="12.85983">
                <ele>872.3</ele>
                <time>2016-08-20T04:17:07.000Z</time>
                <name>Position 38</name>
            </trkpt>
            <trkpt lat="47.600607" lon="12.859792">
                <ele>873.1</ele>
                <time>2016-08-20T04:17:26.000Z</time>
                <name>Position 39</name>
            </trkpt>
            <trkpt lat="47.6004487" lon="12.8596492">
                <ele>879.1</ele>
                <time>2016-08-20T04:17:55.000Z</time>
                <name>Position 40</name>
            </trkpt>
            <trkpt lat="47.6002736" lon="12.8595638">
                <ele>887.9</ele>
                <time>2016-08-20T04:18:10.000Z</time>
                <name>Position 41</name>
            </trkpt>
            <trkpt lat="47.6001023" lon="12.8594628">
                <ele>895.1</ele>
                <time>2016-08-20T04:18:29.000Z</time>
                <name>Position 42</name>
            </trkpt>
            <trkpt lat="47.5999342" lon="12.8593668">
                <ele>894.1</ele>
                <time>2016-08-20T04:18:47.000Z</time>
                <name>Position 43</name>
            </trkpt>
            <trkpt lat="47.5997785" lon="12.8592206">
                <ele>888.0</ele>
                <time>2016-08-20T04:19:07.000Z</time>
                <name>Position 44</name>
            </trkpt>
            <trkpt lat="47.5996404" lon="12.8590481">
                <ele>886.2</ele>
                <time>2016-08-20T04:19:26.000Z</time>
                <name>Position 45</name>
            </trkpt>
            <trkpt lat="47.5995102" lon="12.8588614">
                <ele>888.9</ele>
                <time>2016-08-20T04:19:46.000Z</time>
                <name>Position 46</name>
            </trkpt>
            <trkpt lat="47.5993633" lon="12.8586998">
                <ele>897.3</ele>
                <time>2016-08-20T04:20:08.000Z</time>
                <name>Position 47</name>
            </trkpt>
            <trkpt lat="47.599253" lon="12.8584876">
                <ele>894.3</ele>
                <time>2016-08-20T04:20:27.000Z</time>
                <name>Position 48</name>
            </trkpt>
            <trkpt lat="47.5990681" lon="12.8584886">
                <ele>920.1</ele>
                <time>2016-08-20T04:21:10.000Z</time>
                <name>Position 49</name>
            </trkpt>
            <trkpt lat="47.598922" lon="12.8586564">
                <ele>928.3</ele>
                <time>2016-08-20T04:21:26.000Z</time>
                <name>Position 50</name>
            </trkpt>
            <trkpt lat="47.598737" lon="12.8586829">
                <ele>930.3</ele>
                <time>2016-08-20T04:21:59.000Z</time>
                <name>Position 51</name>
            </trkpt>
            <trkpt lat="47.5985681" lon="12.8585869">
                <ele>930.5</ele>
                <time>2016-08-20T04:22:23.000Z</time>
                <name>Position 52</name>
            </trkpt>
            <trkpt lat="47.5983894" lon="12.8585296">
                <ele>943.8</ele>
                <time>2016-08-20T04:22:52.000Z</time>
                <name>Position 53</name>
            </trkpt>
            <trkpt lat="47.5983087" lon="12.8587697">
                <ele>958.2</ele>
                <time>2016-08-20T04:23:28.000Z</time>
                <name>Position 54</name>
            </trkpt>
            <trkpt lat="47.5982483" lon="12.8590254">
                <ele>953.4</ele>
                <time>2016-08-20T04:23:50.000Z</time>
                <name>Position 55</name>
            </trkpt>
            <trkpt lat="47.5983424" lon="12.8592529">
                <ele>954.1</ele>
                <time>2016-08-20T04:24:17.000Z</time>
                <name>Position 56</name>
            </trkpt>
            <trkpt lat="47.5983895" lon="12.8595133">
                <ele>958.1</ele>
                <time>2016-08-20T04:24:45.000Z</time>
                <name>Position 57</name>
            </trkpt>
            <trkpt lat="47.5984332" lon="12.8597764">
                <ele>957.9</ele>
                <time>2016-08-20T04:25:08.000Z</time>
                <name>Position 58</name>
            </trkpt>
            <trkpt lat="47.5984943" lon="12.8600313">
                <ele>961.1</ele>
                <time>2016-08-20T04:25:28.000Z</time>
                <name>Position 59</name>
            </trkpt>
            <trkpt lat="47.5985888" lon="12.8602627">
                <ele>963.1</ele>
                <time>2016-08-20T04:25:50.000Z</time>
                <name>Position 60</name>
            </trkpt>
            <trkpt lat="47.5986479" lon="12.8605229">
                <ele>963.3</ele>
                <time>2016-08-20T04:26:07.000Z</time>
                <name>Position 61</name>
            </trkpt>
            <trkpt lat="47.5987314" lon="12.8607648">
                <ele>967.2</ele>
                <time>2016-08-20T04:26:33.000Z</time>
                <name>Position 62</name>
            </trkpt>
            <trkpt lat="47.598885" lon="12.8609109">
                <ele>965.0</ele>
                <time>2016-08-20T04:27:00.000Z</time>
                <name>Position 63</name>
            </trkpt>
            <trkpt lat="47.5990708" lon="12.8608936">
                <ele>965.1</ele>
                <time>2016-08-20T04:27:24.000Z</time>
                <name>Position 64</name>
            </trkpt>
            <trkpt lat="47.5992376" lon="12.8607862">
                <ele>970.2</ele>
                <time>2016-08-20T04:27:48.000Z</time>
                <name>Position 65</name>
            </trkpt>
            <trkpt lat="47.5994136" lon="12.8607085">
                <ele>972.2</ele>
                <time>2016-08-20T04:28:18.000Z</time>
                <name>Position 66</name>
            </trkpt>
            <trkpt lat="47.5995382" lon="12.8609081">
                <ele>975.1</ele>
                <time>2016-08-20T04:28:38.000Z</time>
                <name>Position 67</name>
            </trkpt>
            <trkpt lat="47.599625" lon="12.8611471">
                <ele>980.1</ele>
                <time>2016-08-20T04:29:04.000Z</time>
                <name>Position 68</name>
            </trkpt>
            <trkpt lat="47.5996843" lon="12.8614033">
                <ele>987.1</ele>
                <time>2016-08-20T04:29:31.000Z</time>
                <name>Position 69</name>
            </trkpt>
            <trkpt lat="47.5997573" lon="12.8616515">
                <ele>993.9</ele>
                <time>2016-08-20T04:29:59.000Z</time>
                <name>Position 70</name>
            </trkpt>
            <trkpt lat="47.5997483" lon="12.8619286">
                <ele>1000.1</ele>
                <time>2016-08-20T04:30:30.000Z</time>
                <name>Position 71</name>
            </trkpt>
            <trkpt lat="47.5996737" lon="12.8621724">
                <ele>1008.9</ele>
                <time>2016-08-20T04:30:49.000Z</time>
                <name>Position 72</name>
            </trkpt>
            <trkpt lat="47.5996175" lon="12.8624296">
                <ele>1011.1</ele>
                <time>2016-08-20T04:31:11.000Z</time>
                <name>Position 73</name>
            </trkpt>
            <trkpt lat="47.5996876" lon="12.8626802">
                <ele>1013.1</ele>
                <time>2016-08-20T04:31:36.000Z</time>
                <name>Position 74</name>
            </trkpt>
            <trkpt lat="47.5998205" lon="12.8628613">
                <ele>1023.3</ele>
                <time>2016-08-20T04:31:56.000Z</time>
                <name>Position 75</name>
            </trkpt>
            <trkpt lat="47.5998208" lon="12.8631415">
                <ele>1026.3</ele>
                <time>2016-08-20T04:32:18.000Z</time>
                <name>Position 76</name>
            </trkpt>
            <trkpt lat="47.5997829" lon="12.8634025">
                <ele>1027.1</ele>
                <time>2016-08-20T04:32:41.000Z</time>
                <name>Position 77</name>
            </trkpt>
            <trkpt lat="47.5997332" lon="12.8636629">
                <ele>1029.9</ele>
                <time>2016-08-20T04:33:06.000Z</time>
                <name>Position 78</name>
            </trkpt>
            <trkpt lat="47.5997622" lon="12.8639294">
                <ele>1033.1</ele>
                <time>2016-08-20T04:33:29.000Z</time>
                <name>Position 79</name>
            </trkpt>
            <trkpt lat="47.5997958" lon="12.8641938">
                <ele>1040.9</ele>
                <time>2016-08-20T04:33:56.000Z</time>
                <name>Position 80</name>
            </trkpt>
            <trkpt lat="47.5997633" lon="12.8644673">
                <ele>1042.1</ele>
                <time>2016-08-20T04:34:22.000Z</time>
                <name>Position 81</name>
            </trkpt>
            <trkpt lat="47.5996825" lon="12.8647076">
                <ele>1042.1</ele>
                <time>2016-08-20T04:34:46.000Z</time>
                <name>Position 82</name>
            </trkpt>
            <trkpt lat="47.599773" lon="12.8649466">
                <ele>1045.1</ele>
                <time>2016-08-20T04:35:07.000Z</time>
                <name>Position 83</name>
            </trkpt>
            <trkpt lat="47.5997465" lon="12.8652204">
                <ele>1051.1</ele>
                <time>2016-08-20T04:35:32.000Z</time>
                <name>Position 84</name>
            </trkpt>
            <trkpt lat="47.5996809" lon="12.8654738">
                <ele>1060.1</ele>
                <time>2016-08-20T04:36:07.000Z</time>
                <name>Position 85</name>
            </trkpt>
            <trkpt lat="47.599599" lon="12.8657205">
                <ele>1068.9</ele>
                <time>2016-08-20T04:36:33.000Z</time>
                <name>Position 86</name>
            </trkpt>
            <trkpt lat="47.5995125" lon="12.8659581">
                <ele>1071.1</ele>
                <time>2016-08-20T04:37:01.000Z</time>
                <name>Position 87</name>
            </trkpt>
            <trkpt lat="47.5994188" lon="12.866201">
                <ele>1078.7</ele>
                <time>2016-08-20T04:37:20.000Z</time>
                <name>Position 88</name>
            </trkpt>
            <trkpt lat="47.5993203" lon="12.8664406">
                <ele>1086.3</ele>
                <time>2016-08-20T04:37:39.000Z</time>
                <name>Position 89</name>
            </trkpt>
            <trkpt lat="47.5992242" lon="12.8666878">
                <ele>1086.9</ele>
                <time>2016-08-20T04:37:59.000Z</time>
                <name>Position 90</name>
            </trkpt>
            <trkpt lat="47.5991113" lon="12.8669078">
                <ele>1082.3</ele>
                <time>2016-08-20T04:38:19.000Z</time>
                <name>Position 91</name>
            </trkpt>
            <trkpt lat="47.5989903" lon="12.8671236">
                <ele>1086.1</ele>
                <time>2016-08-20T04:38:39.000Z</time>
                <name>Position 92</name>
            </trkpt>
            <trkpt lat="47.5988762" lon="12.8673457">
                <ele>1090.1</ele>
                <time>2016-08-20T04:39:09.000Z</time>
                <name>Position 93</name>
            </trkpt>
            <trkpt lat="47.59874" lon="12.8675203">
                <ele>1094.3</ele>
                <time>2016-08-20T04:39:30.000Z</time>
                <name>Position 94</name>
            </trkpt>
            <trkpt lat="47.5987372" lon="12.8672456">
                <ele>1089.1</ele>
                <time>2016-08-20T04:39:59.000Z</time>
                <name>Position 95</name>
            </trkpt>
            <trkpt lat="47.5988231" lon="12.8670064">
                <ele>1096.1</ele>
                <time>2016-08-20T04:40:22.000Z</time>
                <name>Position 96</name>
            </trkpt>
            <trkpt lat="47.5988449" lon="12.8667396">
                <ele>1094.9</ele>
                <time>2016-08-20T04:40:43.000Z</time>
                <name>Position 97</name>
            </trkpt>
            <trkpt lat="47.5988306" lon="12.8664716">
                <ele>1095.3</ele>
                <time>2016-08-20T04:41:06.000Z</time>
                <name>Position 98</name>
            </trkpt>
            <trkpt lat="47.5987182" lon="12.8662484">
                <ele>1103.1</ele>
                <time>2016-08-20T04:41:38.000Z</time>
                <name>Position 99</name>
            </trkpt>
            <trkpt lat="47.5986046" lon="12.8660226">
                <ele>1116.2</ele>
                <time>2016-08-20T04:42:03.000Z</time>
                <name>Position 100</name>
            </trkpt>
            <trkpt lat="47.5985383" lon="12.8657738">
                <ele>1111.1</ele>
                <time>2016-08-20T04:42:25.000Z</time>
                <name>Position 101</name>
            </trkpt>
            <trkpt lat="47.5985002" lon="12.8655069">
                <ele>1099.5</ele>
                <time>2016-08-20T04:42:46.000Z</time>
                <name>Position 102</name>
            </trkpt>
            <trkpt lat="47.5984988" lon="12.8652385">
                <ele>1109.3</ele>
                <time>2016-08-20T04:43:07.000Z</time>
                <name>Position 103</name>
            </trkpt>
            <trkpt lat="47.5985273" lon="12.8649714">
                <ele>1113.5</ele>
                <time>2016-08-20T04:43:31.000Z</time>
                <name>Position 104</name>
            </trkpt>
            <trkpt lat="47.5984552" lon="12.8647264">
                <ele>1111.1</ele>
                <time>2016-08-20T04:43:52.000Z</time>
                <name>Position 105</name>
            </trkpt>
            <trkpt lat="47.5984156" lon="12.8644625">
                <ele>1115.9</ele>
                <time>2016-08-20T04:44:15.000Z</time>
                <name>Position 106</name>
            </trkpt>
            <trkpt lat="47.5983803" lon="12.8641912">
                <ele>1127.0</ele>
                <time>2016-08-20T04:44:44.000Z</time>
                <name>Position 107</name>
            </trkpt>
            <trkpt lat="47.5983056" lon="12.8639477">
                <ele>1130.1</ele>
                <time>2016-08-20T04:45:12.000Z</time>
                <name>Position 108</name>
            </trkpt>
            <trkpt lat="47.5982437" lon="12.8636932">
                <ele>1134.3</ele>
                <time>2016-08-20T04:45:37.000Z</time>
                <name>Position 109</name>
            </trkpt>
            <trkpt lat="47.5981938" lon="12.8634354">
                <ele>1140.1</ele>
                <time>2016-08-20T04:46:00.000Z</time>
                <name>Position 110</name>
            </trkpt>
            <trkpt lat="47.5980132" lon="12.8634413">
                <ele>1152.9</ele>
                <time>2016-08-20T04:46:57.000Z</time>
                <name>Position 111</name>
            </trkpt>
            <trkpt lat="47.5978751" lon="12.8636266">
                <ele>1154.1</ele>
                <time>2016-08-20T04:47:26.000Z</time>
                <name>Position 112</name>
            </trkpt>
            <trkpt lat="47.597742" lon="12.8638139">
                <ele>1158.3</ele>
                <time>2016-08-20T04:47:46.000Z</time>
                <name>Position 113</name>
            </trkpt>
            <trkpt lat="47.5975649" lon="12.8637371">
                <ele>1164.0</ele>
                <time>2016-08-20T04:48:23.000Z</time>
                <name>Position 114</name>
            </trkpt>
            <trkpt lat="47.5974136" lon="12.8635771">
                <ele>1169.1</ele>
                <time>2016-08-20T04:48:50.000Z</time>
                <name>Position 115</name>
            </trkpt>
            <trkpt lat="47.5972687" lon="12.8637409">
                <ele>1176.1</ele>
                <time>2016-08-20T04:49:21.000Z</time>
                <name>Position 116</name>
            </trkpt>
            <trkpt lat="47.5971827" lon="12.8639756">
                <ele>1182.1</ele>
                <time>2016-08-20T04:49:43.000Z</time>
                <name>Position 117</name>
            </trkpt>
            <trkpt lat="47.5971358" lon="12.8642418">
                <ele>1196.1</ele>
                <time>2016-08-20T04:50:18.000Z</time>
                <name>Position 118</name>
            </trkpt>
            <trkpt lat="47.597025" lon="12.8644673">
                <ele>1196.1</ele>
                <time>2016-08-20T04:50:39.000Z</time>
                <name>Position 119</name>
            </trkpt>
            <trkpt lat="47.5969745" lon="12.8647268">
                <ele>1201.1</ele>
                <time>2016-08-20T04:51:01.000Z</time>
                <name>Position 120</name>
            </trkpt>
            <trkpt lat="47.5969088" lon="12.8649842">
                <ele>1206.9</ele>
                <time>2016-08-20T04:51:28.000Z</time>
                <name>Position 121</name>
            </trkpt>
            <trkpt lat="47.5968589" lon="12.8652493">
                <ele>1212.3</ele>
                <time>2016-08-20T04:51:56.000Z</time>
                <name>Position 122</name>
            </trkpt>
            <trkpt lat="47.5968282" lon="12.8655178">
                <ele>1217.2</ele>
                <time>2016-08-20T04:52:23.000Z</time>
                <name>Position 123</name>
            </trkpt>
            <trkpt lat="47.596789" lon="12.8657877">
                <ele>1220.2</ele>
                <time>2016-08-20T04:52:53.000Z</time>
                <name>Position 124</name>
            </trkpt>
            <trkpt lat="47.596746" lon="12.8660497">
                <ele>1219.1</ele>
                <time>2016-08-20T04:53:13.000Z</time>
                <name>Position 125</name>
            </trkpt>
            <trkpt lat="47.5967459" lon="12.8663176">
                <ele>1219.2</ele>
                <time>2016-08-20T04:53:35.000Z</time>
                <name>Position 126</name>
            </trkpt>
            <trkpt lat="47.5967646" lon="12.8665908">
                <ele>1226.9</ele>
                <time>2016-08-20T04:53:59.000Z</time>
                <name>Position 127</name>
            </trkpt>
            <trkpt lat="47.5967215" lon="12.8668573">
                <ele>1229.9</ele>
                <time>2016-08-20T04:54:22.000Z</time>
                <name>Position 128</name>
            </trkpt>
            <trkpt lat="47.5966728" lon="12.8671176">
                <ele>1229.5</ele>
                <time>2016-08-20T04:54:45.000Z</time>
                <name>Position 129</name>
            </trkpt>
            <trkpt lat="47.596702" lon="12.8673903">
                <ele>1243.9</ele>
                <time>2016-08-20T04:55:10.000Z</time>
                <name>Position 130</name>
            </trkpt>
            <trkpt lat="47.5966728" lon="12.8676549">
                <ele>1245.1</ele>
                <time>2016-08-20T04:55:36.000Z</time>
                <name>Position 131</name>
            </trkpt>
            <trkpt lat="47.5966614" lon="12.8679312">
                <ele>1253.0</ele>
                <time>2016-08-20T04:56:03.000Z</time>
                <name>Position 132</name>
            </trkpt>
            <trkpt lat="47.5966288" lon="12.8682026">
                <ele>1255.1</ele>
                <time>2016-08-20T04:56:30.000Z</time>
                <name>Position 133</name>
            </trkpt>
            <trkpt lat="47.5965729" lon="12.8684643">
                <ele>1255.9</ele>
                <time>2016-08-20T04:56:48.000Z</time>
                <name>Position 134</name>
            </trkpt>
            <trkpt lat="47.5965472" lon="12.8687348">
                <ele>1260.5</ele>
                <time>2016-08-20T04:57:11.000Z</time>
                <name>Position 135</name>
            </trkpt>
            <trkpt lat="47.5965943" lon="12.8689998">
                <ele>1263.0</ele>
                <time>2016-08-20T04:57:30.000Z</time>
                <name>Position 136</name>
            </trkpt>
            <trkpt lat="47.5965517" lon="12.869264">
                <ele>1258.3</ele>
                <time>2016-08-20T04:57:48.000Z</time>
                <name>Position 137</name>
            </trkpt>
            <trkpt lat="47.5964796" lon="12.8695093">
                <ele>1259.1</ele>
                <time>2016-08-20T04:58:12.000Z</time>
                <name>Position 138</name>
            </trkpt>
            <trkpt lat="47.5963337" lon="12.8696663">
                <ele>1267.1</ele>
                <time>2016-08-20T04:58:39.000Z</time>
                <name>Position 139</name>
            </trkpt>
            <trkpt lat="47.5963098" lon="12.8699357">
                <ele>1267.1</ele>
                <time>2016-08-20T04:58:58.000Z</time>
                <name>Position 140</name>
            </trkpt>
            <trkpt lat="47.5963322" lon="12.8702073">
                <ele>1267.1</ele>
                <time>2016-08-20T04:59:19.000Z</time>
                <name>Position 141</name>
            </trkpt>
            <trkpt lat="47.5963737" lon="12.8704778">
                <ele>1266.3</ele>
                <time>2016-08-20T04:59:40.000Z</time>
                <name>Position 142</name>
            </trkpt>
            <trkpt lat="47.5964142" lon="12.8707449">
                <ele>1268.0</ele>
                <time>2016-08-20T05:00:01.000Z</time>
                <name>Position 143</name>
            </trkpt>
            <trkpt lat="47.5965292" lon="12.8709583">
                <ele>1276.1</ele>
                <time>2016-08-20T05:00:33.000Z</time>
                <name>Position 144</name>
            </trkpt>
            <trkpt lat="47.5965873" lon="12.8712184">
                <ele>1274.1</ele>
                <time>2016-08-20T05:01:01.000Z</time>
                <name>Position 145</name>
            </trkpt>
            <trkpt lat="47.5966903" lon="12.8714418">
                <ele>1283.1</ele>
                <time>2016-08-20T05:01:27.000Z</time>
                <name>Position 146</name>
            </trkpt>
            <trkpt lat="47.5967401" lon="12.8716992">
                <ele>1292.1</ele>
                <time>2016-08-20T05:02:00.000Z</time>
                <name>Position 147</name>
            </trkpt>
            <trkpt lat="47.5967397" lon="12.8719669">
                <ele>1295.1</ele>
                <time>2016-08-20T05:02:28.000Z</time>
                <name>Position 148</name>
            </trkpt>
            <trkpt lat="47.5965687" lon="12.8718757">
                <ele>1307.1</ele>
                <time>2016-08-20T05:03:22.000Z</time>
                <name>Position 149</name>
            </trkpt>
            <trkpt lat="47.5964384" lon="12.8716769">
                <ele>1314.1</ele>
                <time>2016-08-20T05:03:51.000Z</time>
                <name>Position 150</name>
            </trkpt>
            <trkpt lat="47.5963476" lon="12.8719139">
                <ele>1313.1</ele>
                <time>2016-08-20T05:04:26.000Z</time>
                <name>Position 151</name>
            </trkpt>
            <trkpt lat="47.5963747" lon="12.8721844">
                <ele>1316.1</ele>
                <time>2016-08-20T05:04:49.000Z</time>
                <name>Position 152</name>
            </trkpt>
            <trkpt lat="47.5964192" lon="12.8724457">
                <ele>1321.9</ele>
                <time>2016-08-20T05:05:11.000Z</time>
                <name>Position 153</name>
            </trkpt>
            <trkpt lat="47.5964438" lon="12.8727203">
                <ele>1324.1</ele>
                <time>2016-08-20T05:05:37.000Z</time>
                <name>Position 154</name>
            </trkpt>
            <trkpt lat="47.5964677" lon="12.8729931">
                <ele>1333.1</ele>
                <time>2016-08-20T05:06:03.000Z</time>
                <name>Position 155</name>
            </trkpt>
            <trkpt lat="47.5964904" lon="12.8732584">
                <ele>1332.1</ele>
                <time>2016-08-20T05:06:21.000Z</time>
                <name>Position 156</name>
            </trkpt>
            <trkpt lat="47.5964489" lon="12.8735323">
                <ele>1335.1</ele>
                <time>2016-08-20T05:06:42.000Z</time>
                <name>Position 157</name>
            </trkpt>
            <trkpt lat="47.5964069" lon="12.8737993">
                <ele>1335.1</ele>
                <time>2016-08-20T05:07:03.000Z</time>
                <name>Position 158</name>
            </trkpt>
            <trkpt lat="47.5963714" lon="12.8740618">
                <ele>1339.1</ele>
                <time>2016-08-20T05:07:25.000Z</time>
                <name>Position 159</name>
            </trkpt>
            <trkpt lat="47.5962672" lon="12.8738395">
                <ele>1353.2</ele>
                <time>2016-08-20T05:08:23.000Z</time>
                <name>Position 160</name>
            </trkpt>
            <trkpt lat="47.5961811" lon="12.8735955">
                <ele>1355.2</ele>
                <time>2016-08-20T05:08:47.000Z</time>
                <name>Position 161</name>
            </trkpt>
            <trkpt lat="47.5960671" lon="12.8733699">
                <ele>1357.1</ele>
                <time>2016-08-20T05:09:05.000Z</time>
                <name>Position 162</name>
            </trkpt>
            <trkpt lat="47.5959603" lon="12.8731429">
                <ele>1363.9</ele>
                <time>2016-08-20T05:09:24.000Z</time>
                <name>Position 163</name>
            </trkpt>
            <trkpt lat="47.5958589" lon="12.8729197">
                <ele>1362.9</ele>
                <time>2016-08-20T05:10:04.000Z</time>
                <name>Position 164</name>
            </trkpt>
            <trkpt lat="47.5957311" lon="12.8727231">
                <ele>1364.9</ele>
                <time>2016-08-20T05:10:25.000Z</time>
                <name>Position 165</name>
            </trkpt>
            <trkpt lat="47.5956498" lon="12.8724809">
                <ele>1371.0</ele>
                <time>2016-08-20T05:10:47.000Z</time>
                <name>Position 166</name>
            </trkpt>
            <trkpt lat="47.5954886" lon="12.8723598">
                <ele>1376.1</ele>
                <time>2016-08-20T05:11:12.000Z</time>
                <name>Position 167</name>
            </trkpt>
            <trkpt lat="47.5953134" lon="12.8722656">
                <ele>1376.8</ele>
                <time>2016-08-20T05:11:32.000Z</time>
                <name>Position 168</name>
            </trkpt>
            <trkpt lat="47.5951567" lon="12.8721117">
                <ele>1375.0</ele>
                <time>2016-08-20T05:11:52.000Z</time>
                <name>Position 169</name>
            </trkpt>
            <trkpt lat="47.5950202" lon="12.8719318">
                <ele>1375.4</ele>
                <time>2016-08-20T05:12:12.000Z</time>
                <name>Position 170</name>
            </trkpt>
            <trkpt lat="47.5949043" lon="12.8717206">
                <ele>1381.9</ele>
                <time>2016-08-20T05:12:31.000Z</time>
                <name>Position 171</name>
            </trkpt>
            <trkpt lat="47.5947609" lon="12.8715506">
                <ele>1382.3</ele>
                <time>2016-08-20T05:12:52.000Z</time>
                <name>Position 172</name>
            </trkpt>
            <trkpt lat="47.5947" lon="12.8712944">
                <ele>1388.1</ele>
                <time>2016-08-20T05:13:19.000Z</time>
                <name>Position 173</name>
            </trkpt>
            <trkpt lat="47.5947169" lon="12.8710178">
                <ele>1396.4</ele>
                <time>2016-08-20T05:13:38.000Z</time>
                <name>Position 174</name>
            </trkpt>
            <trkpt lat="47.594707" lon="12.870737">
                <ele>1395.6</ele>
                <time>2016-08-20T05:13:53.000Z</time>
                <name>Position 175</name>
            </trkpt>
            <trkpt lat="47.594557" lon="12.8705821">
                <ele>1393.1</ele>
                <time>2016-08-20T05:14:05.000Z</time>
                <name>Position 176</name>
            </trkpt>
            <trkpt lat="47.5944641" lon="12.8703471">
                <ele>1400.1</ele>
                <time>2016-08-20T05:14:24.000Z</time>
                <name>Position 177</name>
            </trkpt>
            <trkpt lat="47.594394" lon="12.8700982">
                <ele>1404.2</ele>
                <time>2016-08-20T05:14:43.000Z</time>
                <name>Position 178</name>
            </trkpt>
            <trkpt lat="47.5943904" lon="12.869825">
                <ele>1407.3</ele>
                <time>2016-08-20T05:14:59.000Z</time>
                <name>Position 179</name>
            </trkpt>
            <trkpt lat="47.5943723" lon="12.8695465">
                <ele>1404.5</ele>
                <time>2016-08-20T05:15:15.000Z</time>
                <name>Position 180</name>
            </trkpt>
            <trkpt lat="47.5942348" lon="12.869367">
                <ele>1394.2</ele>
                <time>2016-08-20T05:15:26.000Z</time>
                <name>Position 181</name>
            </trkpt>
            <trkpt lat="47.594148" lon="12.8691176">
                <ele>1394.3</ele>
                <time>2016-08-20T05:15:42.000Z</time>
                <name>Position 182</name>
            </trkpt>
            <trkpt lat="47.5940718" lon="12.8688637">
                <ele>1390.1</ele>
                <time>2016-08-20T05:15:59.000Z</time>
                <name>Position 183</name>
            </trkpt>
            <trkpt lat="47.5939865" lon="12.8686256">
                <ele>1394.0</ele>
                <time>2016-08-20T05:16:16.000Z</time>
                <name>Position 184</name>
            </trkpt>
            <trkpt lat="47.5939659" lon="12.8683516">
                <ele>1399.8</ele>
                <time>2016-08-20T05:16:34.000Z</time>
                <name>Position 185</name>
            </trkpt>
            <trkpt lat="47.5939883" lon="12.8680845">
                <ele>1410.1</ele>
                <time>2016-08-20T05:16:58.000Z</time>
                <name>Position 186</name>
            </trkpt>
            <trkpt lat="47.5938562" lon="12.8678903">
                <ele>1408.0</ele>
                <time>2016-08-20T05:17:20.000Z</time>
                <name>Position 187</name>
            </trkpt>
            <trkpt lat="47.5937938" lon="12.8676326">
                <ele>1408.1</ele>
                <time>2016-08-20T05:17:40.000Z</time>
                <name>Position 188</name>
            </trkpt>
            <trkpt lat="47.5937852" lon="12.8673637">
                <ele>1411.1</ele>
                <time>2016-08-20T05:17:57.000Z</time>
                <name>Position 189</name>
            </trkpt>
            <trkpt lat="47.5937216" lon="12.8671072">
                <ele>1405.9</ele>
                <time>2016-08-20T05:18:13.000Z</time>
                <name>Position 190</name>
            </trkpt>
            <trkpt lat="47.5936742" lon="12.8668367">
                <ele>1405.9</ele>
                <time>2016-08-20T05:18:29.000Z</time>
                <name>Position 191</name>
            </trkpt>
            <trkpt lat="47.5936304" lon="12.8665684">
                <ele>1401.1</ele>
                <time>2016-08-20T05:18:44.000Z</time>
                <name>Position 192</name>
            </trkpt>
            <trkpt lat="47.593524" lon="12.8663472">
                <ele>1392.2</ele>
                <time>2016-08-20T05:18:59.000Z</time>
                <name>Position 193</name>
            </trkpt>
            <trkpt lat="47.593342" lon="12.8663921">
                <ele>1388.9</ele>
                <time>2016-08-20T05:19:11.000Z</time>
                <name>Position 194</name>
            </trkpt>
            <trkpt lat="47.5931645" lon="12.8664805">
                <ele>1389.2</ele>
                <time>2016-08-20T05:19:30.000Z</time>
                <name>Position 195</name>
            </trkpt>
            <trkpt lat="47.5929905" lon="12.8665638">
                <ele>1396.1</ele>
                <time>2016-08-20T05:19:53.000Z</time>
                <name>Position 196</name>
            </trkpt>
            <trkpt lat="47.5928156" lon="12.8666287">
                <ele>1398.9</ele>
                <time>2016-08-20T05:20:14.000Z</time>
                <name>Position 197</name>
            </trkpt>
            <trkpt lat="47.5926348" lon="12.8666962">
                <ele>1394.2</ele>
                <time>2016-08-20T05:20:31.000Z</time>
                <name>Position 198</name>
            </trkpt>
            <trkpt lat="47.5924493" lon="12.8667256">
                <ele>1398.9</ele>
                <time>2016-08-20T05:20:54.000Z</time>
                <name>Position 199</name>
            </trkpt>
            <trkpt lat="47.5922649" lon="12.8666927">
                <ele>1410.7</ele>
                <time>2016-08-20T05:21:22.000Z</time>
                <name>Position 200</name>
            </trkpt>
            <trkpt lat="47.5920878" lon="12.866748">
                <ele>1419.1</ele>
                <time>2016-08-20T05:21:46.000Z</time>
                <name>Position 201</name>
            </trkpt>
            <trkpt lat="47.5919124" lon="12.86683">
                <ele>1421.3</ele>
                <time>2016-08-20T05:22:06.000Z</time>
                <name>Position 202</name>
            </trkpt>
            <trkpt lat="47.5917275" lon="12.8668843">
                <ele>1425.1</ele>
                <time>2016-08-20T05:22:29.000Z</time>
                <name>Position 203</name>
            </trkpt>
            <trkpt lat="47.5915414" lon="12.8668533">
                <ele>1428.1</ele>
                <time>2016-08-20T05:22:45.000Z</time>
                <name>Position 204</name>
            </trkpt>
            <trkpt lat="47.5913543" lon="12.8668365">
                <ele>1427.0</ele>
                <time>2016-08-20T05:23:01.000Z</time>
                <name>Position 205</name>
            </trkpt>
            <trkpt lat="47.5911661" lon="12.8668081">
                <ele>1421.4</ele>
                <time>2016-08-20T05:23:19.000Z</time>
                <name>Position 206</name>
            </trkpt>
            <trkpt lat="47.5909854" lon="12.8667926">
                <ele>1417.1</ele>
                <time>2016-08-20T05:23:35.000Z</time>
                <name>Position 207</name>
            </trkpt>
            <trkpt lat="47.5908161" lon="12.8669082">
                <ele>1440.1</ele>
                <time>2016-08-20T05:24:35.000Z</time>
                <name>Position 208</name>
            </trkpt>
            <trkpt lat="47.5906348" lon="12.8669107">
                <ele>1443.5</ele>
                <time>2016-08-20T05:25:24.000Z</time>
                <name>Position 209</name>
            </trkpt>
            <trkpt lat="47.5904587" lon="12.8668144">
                <ele>1447.0</ele>
                <time>2016-08-20T05:25:51.000Z</time>
                <name>Position 210</name>
            </trkpt>
            <trkpt lat="47.5903516" lon="12.8665872">
                <ele>1458.0</ele>
                <time>2016-08-20T05:26:29.000Z</time>
                <name>Position 211</name>
            </trkpt>
            <trkpt lat="47.5901745" lon="12.8665236">
                <ele>1461.1</ele>
                <time>2016-08-20T05:26:54.000Z</time>
                <name>Position 212</name>
            </trkpt>
            <trkpt lat="47.5901211" lon="12.8667811">
                <ele>1474.0</ele>
                <time>2016-08-20T05:27:39.000Z</time>
                <name>Position 213</name>
            </trkpt>
            <trkpt lat="47.5900817" lon="12.8670444">
                <ele>1482.1</ele>
                <time>2016-08-20T05:28:11.000Z</time>
                <name>Position 214</name>
            </trkpt>
            <trkpt lat="47.5900223" lon="12.8673005">
                <ele>1489.3</ele>
                <time>2016-08-20T05:28:55.000Z</time>
                <name>Position 215</name>
            </trkpt>
            <trkpt lat="47.5900372" lon="12.8675666">
                <ele>1497.3</ele>
                <time>2016-08-20T05:29:32.000Z</time>
                <name>Position 216</name>
            </trkpt>
            <trkpt lat="47.5901039" lon="12.8678257">
                <ele>1497.1</ele>
                <time>2016-08-20T05:29:51.000Z</time>
                <name>Position 217</name>
            </trkpt>
            <trkpt lat="47.5901454" lon="12.8680894">
                <ele>1505.1</ele>
                <time>2016-08-20T05:30:31.000Z</time>
                <name>Position 218</name>
            </trkpt>
            <trkpt lat="47.5899871" lon="12.8682523">
                <ele>1512.0</ele>
                <time>2016-08-20T05:31:22.000Z</time>
                <name>Position 219</name>
            </trkpt>
            <trkpt lat="47.5898103" lon="12.8683326">
                <ele>1517.9</ele>
                <time>2016-08-20T05:31:48.000Z</time>
                <name>Position 220</name>
            </trkpt>
            <trkpt lat="47.5896588" lon="12.8684914">
                <ele>1511.2</ele>
                <time>2016-08-20T05:32:08.000Z</time>
                <name>Position 221</name>
            </trkpt>
            <trkpt lat="47.5895045" lon="12.8686416">
                <ele>1518.1</ele>
                <time>2016-08-20T05:32:56.000Z</time>
                <name>Position 222</name>
            </trkpt>
            <trkpt lat="47.5893211" lon="12.8686631">
                <ele>1525.2</ele>
                <time>2016-08-20T05:33:19.000Z</time>
                <name>Position 223</name>
            </trkpt>
            <trkpt lat="47.5891439" lon="12.8686123">
                <ele>1526.1</ele>
                <time>2016-08-20T05:33:57.000Z</time>
                <name>Position 224</name>
            </trkpt>
            <trkpt lat="47.5889625" lon="12.8686264">
                <ele>1544.1</ele>
                <time>2016-08-20T05:35:02.000Z</time>
                <name>Position 225</name>
            </trkpt>
            <trkpt lat="47.5887827" lon="12.8686535">
                <ele>1549.9</ele>
                <time>2016-08-20T05:35:45.000Z</time>
                <name>Position 226</name>
            </trkpt>
            <trkpt lat="47.5886104" lon="12.86874">
                <ele>1563.1</ele>
                <time>2016-08-20T05:36:54.000Z</time>
                <name>Position 227</name>
            </trkpt>
            <trkpt lat="47.5884297" lon="12.8687171">
                <ele>1558.9</ele>
                <time>2016-08-20T05:37:23.000Z</time>
                <name>Position 228</name>
            </trkpt>
            <trkpt lat="47.5884266" lon="12.8689928">
                <ele>1577.2</ele>
                <time>2016-08-20T05:38:20.000Z</time>
                <name>Position 229</name>
            </trkpt>
            <trkpt lat="47.588244" lon="12.8689848">
                <ele>1585.1</ele>
                <time>2016-08-20T05:39:21.000Z</time>
                <name>Position 230</name>
            </trkpt>
            <trkpt lat="47.5881744" lon="12.8692372">
                <ele>1598.1</ele>
                <time>2016-08-20T05:40:12.000Z</time>
                <name>Position 231</name>
            </trkpt>
            <trkpt lat="47.5880006" lon="12.8693253">
                <ele>1606.1</ele>
                <time>2016-08-20T05:41:08.000Z</time>
                <name>Position 232</name>
            </trkpt>
            <trkpt lat="47.5879484" lon="12.869587">
                <ele>1621.1</ele>
                <time>2016-08-20T05:42:23.000Z</time>
                <name>Position 233</name>
            </trkpt>
            <trkpt lat="47.5877684" lon="12.8696377">
                <ele>1621.1</ele>
                <time>2016-08-20T05:42:53.000Z</time>
                <name>Position 234</name>
            </trkpt>
            <trkpt lat="47.5876032" lon="12.8697458">
                <ele>1634.1</ele>
                <time>2016-08-20T05:43:56.000Z</time>
                <name>Position 235</name>
            </trkpt>
            <trkpt lat="47.5874284" lon="12.8696824">
                <ele>1635.9</ele>
                <time>2016-08-20T05:44:31.000Z</time>
                <name>Position 236</name>
            </trkpt>
            <trkpt lat="47.5872477" lon="12.8696544">
                <ele>1641.1</ele>
                <time>2016-08-20T05:45:11.000Z</time>
                <name>Position 237</name>
            </trkpt>
            <trkpt lat="47.5870718" lon="12.8697362">
                <ele>1641.1</ele>
                <time>2016-08-20T05:45:42.000Z</time>
                <name>Position 238</name>
            </trkpt>
            <trkpt lat="47.5868878" lon="12.869668">
                <ele>1647.1</ele>
                <time>2016-08-20T05:46:22.000Z</time>
                <name>Position 239</name>
            </trkpt>
            <trkpt lat="47.5867036" lon="12.8697004">
                <ele>1653.1</ele>
                <time>2016-08-20T05:53:49.000Z</time>
                <name>Position 240</name>
            </trkpt>
            <trkpt lat="47.5865409" lon="12.8698336">
                <ele>1652.1</ele>
                <time>2016-08-20T05:54:06.000Z</time>
                <name>Position 241</name>
            </trkpt>
            <trkpt lat="47.5863724" lon="12.8699376">
                <ele>1651.1</ele>
                <time>2016-08-20T05:54:23.000Z</time>
                <name>Position 242</name>
            </trkpt>
            <trkpt lat="47.5862208" lon="12.8700881">
                <ele>1652.1</ele>
                <time>2016-08-20T05:54:45.000Z</time>
                <name>Position 243</name>
            </trkpt>
            <trkpt lat="47.5861402" lon="12.8703356">
                <ele>1656.0</ele>
                <time>2016-08-20T05:55:08.000Z</time>
                <name>Position 244</name>
            </trkpt>
            <trkpt lat="47.585956" lon="12.8702876">
                <ele>1654.1</ele>
                <time>2016-08-20T05:55:27.000Z</time>
                <name>Position 245</name>
            </trkpt>
            <trkpt lat="47.5857841" lon="12.8701879">
                <ele>1652.2</ele>
                <time>2016-08-20T05:55:56.000Z</time>
                <name>Position 246</name>
            </trkpt>
            <trkpt lat="47.5856126" lon="12.8700845">
                <ele>1652.1</ele>
                <time>2016-08-20T05:56:17.000Z</time>
                <name>Position 247</name>
            </trkpt>
            <trkpt lat="47.5854396" lon="12.8699726">
                <ele>1653.0</ele>
                <time>2016-08-20T05:56:39.000Z</time>
                <name>Position 248</name>
            </trkpt>
            <trkpt lat="47.5852593" lon="12.8699133">
                <ele>1658.9</ele>
                <time>2016-08-20T05:56:59.000Z</time>
                <name>Position 249</name>
            </trkpt>
            <trkpt lat="47.5850942" lon="12.869792">
                <ele>1658.1</ele>
                <time>2016-08-20T05:57:15.000Z</time>
                <name>Position 250</name>
            </trkpt>
            <trkpt lat="47.5849078" lon="12.8697648">
                <ele>1664.5</ele>
                <time>2016-08-20T05:57:40.000Z</time>
                <name>Position 251</name>
            </trkpt>
            <trkpt lat="47.5847358" lon="12.8696679">
                <ele>1671.1</ele>
                <time>2016-08-20T05:58:07.000Z</time>
                <name>Position 252</name>
            </trkpt>
            <trkpt lat="47.5845562" lon="12.8695922">
                <ele>1672.3</ele>
                <time>2016-08-20T05:58:39.000Z</time>
                <name>Position 253</name>
            </trkpt>
            <trkpt lat="47.584371" lon="12.8695384">
                <ele>1672.3</ele>
                <time>2016-08-20T05:59:03.000Z</time>
                <name>Position 254</name>
            </trkpt>
            <trkpt lat="47.584214" lon="12.8693932">
                <ele>1667.1</ele>
                <time>2016-08-20T05:59:30.000Z</time>
                <name>Position 255</name>
            </trkpt>
            <trkpt lat="47.5840475" lon="12.869275">
                <ele>1677.9</ele>
                <time>2016-08-20T06:00:08.000Z</time>
                <name>Position 256</name>
            </trkpt>
            <trkpt lat="47.5839108" lon="12.8690974">
                <ele>1686.3</ele>
                <time>2016-08-20T06:00:45.000Z</time>
                <name>Position 257</name>
            </trkpt>
            <trkpt lat="47.5837801" lon="12.8689036">
                <ele>1689.3</ele>
                <time>2016-08-20T06:01:15.000Z</time>
                <name>Position 258</name>
            </trkpt>
            <trkpt lat="47.5836019" lon="12.8688587">
                <ele>1712.1</ele>
                <time>2016-08-20T06:02:29.000Z</time>
                <name>Position 259</name>
            </trkpt>
            <trkpt lat="47.5834214" lon="12.8688245">
                <ele>1726.3</ele>
                <time>2016-08-20T06:03:28.000Z</time>
                <name>Position 260</name>
            </trkpt>
            <trkpt lat="47.5832762" lon="12.8686568">
                <ele>1727.1</ele>
                <time>2016-08-20T06:04:09.000Z</time>
                <name>Position 261</name>
            </trkpt>
            <trkpt lat="47.5831564" lon="12.8684547">
                <ele>1729.1</ele>
                <time>2016-08-20T06:04:47.000Z</time>
                <name>Position 262</name>
            </trkpt>
            <trkpt lat="47.5830269" lon="12.8686443">
                <ele>1745.1</ele>
                <time>2016-08-20T06:05:54.000Z</time>
                <name>Position 263</name>
            </trkpt>
            <trkpt lat="47.582989" lon="12.8689134">
                <ele>1750.1</ele>
                <time>2016-08-20T06:06:31.000Z</time>
                <name>Position 264</name>
            </trkpt>
            <trkpt lat="47.5829376" lon="12.8691694">
                <ele>1754.3</ele>
                <time>2016-08-20T06:07:07.000Z</time>
                <name>Position 265</name>
            </trkpt>
            <trkpt lat="47.5829257" lon="12.8694409">
                <ele>1767.0</ele>
                <time>2016-08-20T06:07:59.000Z</time>
                <name>Position 266</name>
            </trkpt>
            <trkpt lat="47.5829929" lon="12.8696894">
                <ele>1771.9</ele>
                <time>2016-08-20T06:08:36.000Z</time>
                <name>Position 267</name>
            </trkpt>
            <trkpt lat="47.5829045" lon="12.8699295">
                <ele>1778.1</ele>
                <time>2016-08-20T06:09:27.000Z</time>
                <name>Position 268</name>
            </trkpt>
            <trkpt lat="47.5828997" lon="12.8701966">
                <ele>1781.1</ele>
                <time>2016-08-20T06:10:00.000Z</time>
                <name>Position 269</name>
            </trkpt>
            <trkpt lat="47.5829518" lon="12.8704584">
                <ele>1785.2</ele>
                <time>2016-08-20T06:10:36.000Z</time>
                <name>Position 270</name>
            </trkpt>
            <trkpt lat="47.58296" lon="12.870729">
                <ele>1791.7</ele>
                <time>2016-08-20T06:11:09.000Z</time>
                <name>Position 271</name>
            </trkpt>
            <trkpt lat="47.5830614" lon="12.87095">
                <ele>1800.1</ele>
                <time>2016-08-20T06:11:34.000Z</time>
                <name>Position 272</name>
            </trkpt>
            <trkpt lat="47.5831577" lon="12.8711763">
                <ele>1809.1</ele>
                <time>2016-08-20T06:12:02.000Z</time>
                <name>Position 273</name>
            </trkpt>
            <trkpt lat="47.5831824" lon="12.8714423">
                <ele>1810.3</ele>
                <time>2016-08-20T06:12:29.000Z</time>
                <name>Position 274</name>
            </trkpt>
            <trkpt lat="47.5831025" lon="12.8716814">
                <ele>1802.0</ele>
                <time>2016-08-20T06:16:26.000Z</time>
                <name>Position 275</name>
            </trkpt>
            <trkpt lat="47.5832162" lon="12.8719055">
                <ele>1810.5</ele>
                <time>2016-08-20T06:17:22.000Z</time>
                <name>Position 276</name>
            </trkpt>
            <trkpt lat="47.5833051" lon="12.8721374">
                <ele>1818.9</ele>
                <time>2016-08-20T06:18:22.000Z</time>
                <name>Position 277</name>
            </trkpt>
            <trkpt lat="47.5834132" lon="12.872356">
                <ele>1827.1</ele>
                <time>2016-08-20T06:19:38.000Z</time>
                <name>Position 278</name>
            </trkpt>
            <trkpt lat="47.5832961" lon="12.8725595">
                <ele>1847.1</ele>
                <time>2016-08-20T06:21:15.000Z</time>
                <name>Position 279</name>
            </trkpt>
            <trkpt lat="47.5832838" lon="12.8728259">
                <ele>1864.9</ele>
                <time>2016-08-20T06:22:54.000Z</time>
                <name>Position 280</name>
            </trkpt>
            <trkpt lat="47.5834534" lon="12.8729269">
                <ele>1860.3</ele>
                <time>2016-08-20T06:23:25.000Z</time>
                <name>Position 281</name>
            </trkpt>
            <trkpt lat="47.5835953" lon="12.8730971">
                <ele>1872.1</ele>
                <time>2016-08-20T06:24:49.000Z</time>
                <name>Position 282</name>
            </trkpt>
            <trkpt lat="47.5837334" lon="12.873277">
                <ele>1876.9</ele>
                <time>2016-08-20T06:25:33.000Z</time>
                <name>Position 283</name>
            </trkpt>
            <trkpt lat="47.5838825" lon="12.8734335">
                <ele>1886.9</ele>
                <time>2016-08-20T06:26:15.000Z</time>
                <name>Position 284</name>
            </trkpt>
            <trkpt lat="47.5840123" lon="12.8736214">
                <ele>1893.3</ele>
                <time>2016-08-20T06:27:01.000Z</time>
                <name>Position 285</name>
            </trkpt>
            <trkpt lat="47.5841283" lon="12.8738266">
                <ele>1900.3</ele>
                <time>2016-08-20T06:27:54.000Z</time>
                <name>Position 286</name>
            </trkpt>
            <trkpt lat="47.5841967" lon="12.874079">
                <ele>1911.1</ele>
                <time>2016-08-20T06:29:09.000Z</time>
                <name>Position 287</name>
            </trkpt>
            <trkpt lat="47.5841164" lon="12.8743183">
                <ele>1922.9</ele>
                <time>2016-08-20T06:30:27.000Z</time>
                <name>Position 288</name>
            </trkpt>
            <trkpt lat="47.5839752" lon="12.874485">
                <ele>1933.9</ele>
                <time>2016-08-20T06:31:40.000Z</time>
                <name>Position 289</name>
            </trkpt>
            <trkpt lat="47.5837938" lon="12.874483">
                <ele>1941.1</ele>
                <time>2016-08-20T06:32:27.000Z</time>
                <name>Position 290</name>
            </trkpt>
            <trkpt lat="47.5836241" lon="12.8743943">
                <ele>1947.9</ele>
                <time>2016-08-20T06:33:07.000Z</time>
                <name>Position 291</name>
            </trkpt>
            <trkpt lat="47.5834651" lon="12.8745234">
                <ele>1961.3</ele>
                <time>2016-08-20T06:34:22.000Z</time>
                <name>Position 292</name>
            </trkpt>
            <trkpt lat="47.5832863" lon="12.8745732">
                <ele>1969.1</ele>
                <time>2016-08-20T06:35:19.000Z</time>
                <name>Position 293</name>
            </trkpt>
            <trkpt lat="47.5831056" lon="12.8745866">
                <ele>1976.3</ele>
                <time>2016-08-20T06:36:09.000Z</time>
                <name>Position 294</name>
            </trkpt>
            <trkpt lat="47.582923" lon="12.8745602">
                <ele>1982.1</ele>
                <time>2016-08-20T06:36:49.000Z</time>
                <name>Position 295</name>
            </trkpt>
            <trkpt lat="47.582743" lon="12.8745534">
                <ele>1990.1</ele>
                <time>2016-08-20T06:37:39.000Z</time>
                <name>Position 296</name>
            </trkpt>
            <trkpt lat="47.5826711" lon="12.8748007">
                <ele>2007.1</ele>
                <time>2016-08-20T06:43:02.000Z</time>
                <name>Position 297</name>
            </trkpt>
            <trkpt lat="47.5825366" lon="12.8749806">
                <ele>2017.1</ele>
                <time>2016-08-20T06:44:53.000Z</time>
                <name>Position 298</name>
            </trkpt>
            <trkpt lat="47.5823599" lon="12.8750412">
                <ele>2037.1</ele>
                <time>2016-08-20T07:14:33.000Z</time>
                <name>Position 299</name>
            </trkpt>
            <trkpt lat="47.5821827" lon="12.8749891">
                <ele>2065.2</ele>
                <time>2016-08-20T07:26:52.000Z</time>
                <name>Position 300</name>
            </trkpt>
            <trkpt lat="47.582024" lon="12.8748626">
                <ele>2105.1</ele>
                <time>2016-08-20T07:50:56.000Z</time>
                <name>Position 301</name>
            </trkpt>
            <trkpt lat="47.5821222" lon="12.8746386">
                <ele>2155.1</ele>
                <time>2016-08-20T08:17:19.000Z</time>
                <name>Position 302</name>
            </trkpt>
            <trkpt lat="47.5819429" lon="12.8745951">
                <ele>2143.1</ele>
                <time>2016-08-20T08:23:31.000Z</time>
                <name>Position 303</name>
            </trkpt>
            <trkpt lat="47.581764" lon="12.8745477">
                <ele>2135.2</ele>
                <time>2016-08-20T08:24:35.000Z</time>
                <name>Position 304</name>
            </trkpt>
            <trkpt lat="47.5815836" lon="12.8745468">
                <ele>2143.1</ele>
                <time>2016-08-20T08:25:12.000Z</time>
                <name>Position 305</name>
            </trkpt>
            <trkpt lat="47.5813996" lon="12.8745617">
                <ele>2141.1</ele>
                <time>2016-08-20T08:27:36.000Z</time>
                <name>Position 306</name>
            </trkpt>
            <trkpt lat="47.5812198" lon="12.8745472">
                <ele>2141.2</ele>
                <time>2016-08-20T08:28:09.000Z</time>
                <name>Position 307</name>
            </trkpt>
            <trkpt lat="47.581037" lon="12.8745136">
                <ele>2136.1</ele>
                <time>2016-08-20T08:28:36.000Z</time>
                <name>Position 308</name>
            </trkpt>
            <trkpt lat="47.5808667" lon="12.8744103">
                <ele>2126.1</ele>
                <time>2016-08-20T08:29:21.000Z</time>
                <name>Position 309</name>
            </trkpt>
            <trkpt lat="47.5806819" lon="12.8743913">
                <ele>2124.2</ele>
                <time>2016-08-20T08:29:50.000Z</time>
                <name>Position 310</name>
            </trkpt>
            <trkpt lat="47.5805046" lon="12.8743436">
                <ele>2124.1</ele>
                <time>2016-08-20T08:30:14.000Z</time>
                <name>Position 311</name>
            </trkpt>
            <trkpt lat="47.5803452" lon="12.8742098">
                <ele>2120.1</ele>
                <time>2016-08-20T08:30:50.000Z</time>
                <name>Position 312</name>
            </trkpt>
            <trkpt lat="47.5801743" lon="12.8741255">
                <ele>2120.3</ele>
                <time>2016-08-20T08:31:12.000Z</time>
                <name>Position 313</name>
            </trkpt>
            <trkpt lat="47.5799919" lon="12.8740879">
                <ele>2114.3</ele>
                <time>2016-08-20T08:31:52.000Z</time>
                <name>Position 314</name>
            </trkpt>
            <trkpt lat="47.5798249" lon="12.8739786">
                <ele>2114.1</ele>
                <time>2016-08-20T08:32:34.000Z</time>
                <name>Position 315</name>
            </trkpt>
            <trkpt lat="47.5796429" lon="12.8739705">
                <ele>2112.1</ele>
                <time>2016-08-20T08:33:15.000Z</time>
                <name>Position 316</name>
            </trkpt>
            <trkpt lat="47.5794851" lon="12.8738382">
                <ele>2104.1</ele>
                <time>2016-08-20T08:34:09.000Z</time>
                <name>Position 317</name>
            </trkpt>
            <trkpt lat="47.5793331" lon="12.8736786">
                <ele>2102.1</ele>
                <time>2016-08-20T08:34:26.000Z</time>
                <name>Position 318</name>
            </trkpt>
            <trkpt lat="47.5791856" lon="12.8735171">
                <ele>2095.1</ele>
                <time>2016-08-20T08:34:53.000Z</time>
                <name>Position 319</name>
            </trkpt>
            <trkpt lat="47.579022" lon="12.873404">
                <ele>2097.1</ele>
                <time>2016-08-20T08:35:35.000Z</time>
                <name>Position 320</name>
            </trkpt>
            <trkpt lat="47.5788588" lon="12.8732822">
                <ele>2094.1</ele>
                <time>2016-08-20T08:36:16.000Z</time>
                <name>Position 321</name>
            </trkpt>
            <trkpt lat="47.5786985" lon="12.8731462">
                <ele>2092.1</ele>
                <time>2016-08-20T08:36:47.000Z</time>
                <name>Position 322</name>
            </trkpt>
            <trkpt lat="47.5785336" lon="12.873016">
                <ele>2090.1</ele>
                <time>2016-08-20T08:37:11.000Z</time>
                <name>Position 323</name>
            </trkpt>
            <trkpt lat="47.5783684" lon="12.8729066">
                <ele>2091.1</ele>
                <time>2016-08-20T08:39:04.000Z</time>
                <name>Position 324</name>
            </trkpt>
            <trkpt lat="47.5782064" lon="12.8727591">
                <ele>2089.2</ele>
                <time>2016-08-20T08:39:48.000Z</time>
                <name>Position 325</name>
            </trkpt>
            <trkpt lat="47.578027" lon="12.8726942">
                <ele>2079.3</ele>
                <time>2016-08-20T08:40:26.000Z</time>
                <name>Position 326</name>
            </trkpt>
            <trkpt lat="47.5778474" lon="12.8726571">
                <ele>2064.7</ele>
                <time>2016-08-20T08:41:04.000Z</time>
                <name>Position 327</name>
            </trkpt>
            <trkpt lat="47.5776767" lon="12.8725651">
                <ele>2060.2</ele>
                <time>2016-08-20T08:41:34.000Z</time>
                <name>Position 328</name>
            </trkpt>
            <trkpt lat="47.5775787" lon="12.8723414">
                <ele>2062.9</ele>
                <time>2016-08-20T08:42:03.000Z</time>
                <name>Position 329</name>
            </trkpt>
            <trkpt lat="47.5776476" lon="12.8720932">
                <ele>2063.2</ele>
                <time>2016-08-20T08:42:59.000Z</time>
                <name>Position 330</name>
            </trkpt>
            <trkpt lat="47.5776696" lon="12.8718285">
                <ele>2073.2</ele>
                <time>2016-08-20T08:44:08.000Z</time>
                <name>Position 331</name>
            </trkpt>
            <trkpt lat="47.5774914" lon="12.8717574">
                <ele>2090.1</ele>
                <time>2016-08-20T08:46:08.000Z</time>
                <name>Position 332</name>
            </trkpt>
            <trkpt lat="47.5773163" lon="12.8716694">
                <ele>2093.3</ele>
                <time>2016-08-20T08:46:43.000Z</time>
                <name>Position 333</name>
            </trkpt>
            <trkpt lat="47.5771859" lon="12.8714805">
                <ele>2097.1</ele>
                <time>2016-08-20T08:47:33.000Z</time>
                <name>Position 334</name>
            </trkpt>
            <trkpt lat="47.5771192" lon="12.8712286">
                <ele>2100.1</ele>
                <time>2016-08-20T08:49:39.000Z</time>
                <name>Position 335</name>
            </trkpt>
            <trkpt lat="47.5771232" lon="12.87096">
                <ele>2112.1</ele>
                <time>2016-08-20T08:51:35.000Z</time>
                <name>Position 336</name>
            </trkpt>
            <trkpt lat="47.5770478" lon="12.870714">
                <ele>2123.1</ele>
                <time>2016-08-20T08:53:44.000Z</time>
                <name>Position 337</name>
            </trkpt>
            <trkpt lat="47.5769" lon="12.870554">
                <ele>2148.1</ele>
                <time>2016-08-20T08:56:34.000Z</time>
                <name>Position 338</name>
            </trkpt>
            <trkpt lat="47.5767726" lon="12.8703612">
                <ele>2167.1</ele>
                <time>2016-08-20T08:59:31.000Z</time>
                <name>Position 339</name>
            </trkpt>
            <trkpt lat="47.5766036" lon="12.8704548">
                <ele>2176.2</ele>
                <time>2016-08-20T09:01:47.000Z</time>
                <name>Position 340</name>
            </trkpt>
            <trkpt lat="47.5764718" lon="12.8706428">
                <ele>2183.1</ele>
                <time>2016-08-20T09:02:44.000Z</time>
                <name>Position 341</name>
            </trkpt>
            <trkpt lat="47.5763537" lon="12.8708491">
                <ele>2194.9</ele>
                <time>2016-08-20T09:03:45.000Z</time>
                <name>Position 342</name>
            </trkpt>
            <trkpt lat="47.5762296" lon="12.8706559">
                <ele>2220.1</ele>
                <time>2016-08-20T09:07:06.000Z</time>
                <name>Position 343</name>
            </trkpt>
            <trkpt lat="47.5761007" lon="12.8704654">
                <ele>2240.1</ele>
                <time>2016-08-20T09:11:18.000Z</time>
                <name>Position 344</name>
            </trkpt>
            <trkpt lat="47.5759314" lon="12.8705666">
                <ele>2247.2</ele>
                <time>2016-08-20T09:14:05.000Z</time>
                <name>Position 345</name>
            </trkpt>
            <trkpt lat="47.575751" lon="12.8705863">
                <ele>2258.1</ele>
                <time>2016-08-20T09:15:56.000Z</time>
                <name>Position 346</name>
            </trkpt>
            <trkpt lat="47.575571" lon="12.8705886">
                <ele>2259.3</ele>
                <time>2016-08-20T09:17:51.000Z</time>
                <name>Position 347</name>
            </trkpt>
            <trkpt lat="47.5754441" lon="12.8703996">
                <ele>2262.1</ele>
                <time>2016-08-20T09:19:33.000Z</time>
                <name>Position 348</name>
            </trkpt>
            <trkpt lat="47.5752683" lon="12.8703394">
                <ele>2268.1</ele>
                <time>2016-08-20T09:22:51.000Z</time>
                <name>Position 349</name>
            </trkpt>
            <trkpt lat="47.5752372" lon="12.8700763">
                <ele>2278.1</ele>
                <time>2016-08-20T09:42:57.000Z</time>
                <name>Position 350</name>
            </trkpt>
            <trkpt lat="47.5750562" lon="12.870085">
                <ele>2293.1</ele>
                <time>2016-08-20T10:03:38.000Z</time>
                <name>Position 351</name>
            </trkpt>
            <trkpt lat="47.5748981" lon="12.8699204">
                <ele>2308.3</ele>
                <time>2016-08-20T10:14:39.000Z</time>
                <name>Position 352</name>
            </trkpt>
            <trkpt lat="47.5747306" lon="12.8700229">
                <ele>2349.1</ele>
                <time>2016-08-20T11:19:51.000Z</time>
                <name>Position 353</name>
            </trkpt>
            <trkpt lat="47.5745494" lon="12.8700291">
                <ele>2348.1</ele>
                <time>2016-08-20T11:23:14.000Z</time>
                <name>Position 354</name>
            </trkpt>
            <trkpt lat="47.5743945" lon="12.8698895">
                <ele>2338.0</ele>
                <time>2016-08-20T11:25:52.000Z</time>
                <name>Position 355</name>
            </trkpt>
            <trkpt lat="47.5742556" lon="12.869717">
                <ele>2348.9</ele>
                <time>2016-08-20T11:30:30.000Z</time>
                <name>Position 356</name>
            </trkpt>
            <trkpt lat="47.574281" lon="12.8694523">
                <ele>2356.0</ele>
                <time>2016-08-20T11:33:20.000Z</time>
                <name>Position 357</name>
            </trkpt>
            <trkpt lat="47.5741308" lon="12.8693051">
                <ele>2355.3</ele>
                <time>2016-08-20T11:35:38.000Z</time>
                <name>Position 358</name>
            </trkpt>
            <trkpt lat="47.5739513" lon="12.8692361">
                <ele>2347.1</ele>
                <time>2016-08-20T11:37:14.000Z</time>
                <name>Position 359</name>
            </trkpt>
            <trkpt lat="47.573793" lon="12.8693682">
                <ele>2335.1</ele>
                <time>2016-08-20T11:38:48.000Z</time>
                <name>Position 360</name>
            </trkpt>
            <trkpt lat="47.5736959" lon="12.8695932">
                <ele>2396.1</ele>
                <time>2016-08-20T11:47:56.000Z</time>
                <name>Position 361</name>
            </trkpt>
            <trkpt lat="47.5735602" lon="12.8697734">
                <ele>2419.1</ele>
                <time>2016-08-20T11:52:15.000Z</time>
                <name>Position 362</name>
            </trkpt>
            <trkpt lat="47.573386" lon="12.8697014">
                <ele>2439.1</ele>
                <time>2016-08-20T11:56:42.000Z</time>
                <name>Position 363</name>
            </trkpt>
            <trkpt lat="47.5732239" lon="12.8695824">
                <ele>2448.1</ele>
                <time>2016-08-20T11:59:41.000Z</time>
                <name>Position 364</name>
            </trkpt>
            <trkpt lat="47.5730538" lon="12.8694906">
                <ele>2451.1</ele>
                <time>2016-08-20T12:01:36.000Z</time>
                <name>Position 365</name>
            </trkpt>
            <trkpt lat="47.5728969" lon="12.8693598">
                <ele>2433.1</ele>
                <time>2016-08-20T12:04:58.000Z</time>
                <name>Position 366</name>
            </trkpt>
            <trkpt lat="47.5727742" lon="12.8695553">
                <ele>2427.3</ele>
                <time>2016-08-20T12:11:00.000Z</time>
                <name>Position 367</name>
            </trkpt>
            <trkpt lat="47.5726066" lon="12.869653">
                <ele>2434.3</ele>
                <time>2016-08-20T12:13:18.000Z</time>
                <name>Position 368</name>
            </trkpt>
            <trkpt lat="47.5724557" lon="12.8695078">
                <ele>2463.2</ele>
                <time>2016-08-20T12:43:57.000Z</time>
                <name>Position 369</name>
            </trkpt>
            <trkpt lat="47.572272" lon="12.8694793">
                <ele>2471.1</ele>
                <time>2016-08-20T12:45:11.000Z</time>
                <name>Position 370</name>
            </trkpt>
            <trkpt lat="47.5720936" lon="12.8694115">
                <ele>2477.1</ele>
                <time>2016-08-20T12:49:53.000Z</time>
                <name>Position 371</name>
            </trkpt>
            <trkpt lat="47.5719168" lon="12.8693358">
                <ele>2480.3</ele>
                <time>2016-08-20T12:51:48.000Z</time>
                <name>Position 372</name>
            </trkpt>
            <trkpt lat="47.5717452" lon="12.8692506">
                <ele>2479.3</ele>
                <time>2016-08-20T12:52:29.000Z</time>
                <name>Position 373</name>
            </trkpt>
            <trkpt lat="47.5715715" lon="12.8691569">
                <ele>2479.1</ele>
                <time>2016-08-20T12:53:11.000Z</time>
                <name>Position 374</name>
            </trkpt>
            <trkpt lat="47.5713881" lon="12.869149">
                <ele>2468.3</ele>
                <time>2016-08-20T12:54:54.000Z</time>
                <name>Position 375</name>
            </trkpt>
            <trkpt lat="47.5712164" lon="12.8690536">
                <ele>2464.1</ele>
                <time>2016-08-20T12:55:42.000Z</time>
                <name>Position 376</name>
            </trkpt>
            <trkpt lat="47.5710612" lon="12.868909">
                <ele>2452.1</ele>
                <time>2016-08-20T12:57:07.000Z</time>
                <name>Position 377</name>
            </trkpt>
            <trkpt lat="47.570883" lon="12.8688517">
                <ele>2448.2</ele>
                <time>2016-08-20T12:58:01.000Z</time>
                <name>Position 378</name>
            </trkpt>
            <trkpt lat="47.5707035" lon="12.8688109">
                <ele>2440.0</ele>
                <time>2016-08-20T12:59:57.000Z</time>
                <name>Position 379</name>
            </trkpt>
            <trkpt lat="47.5705525" lon="12.8686631">
                <ele>2426.1</ele>
                <time>2016-08-20T13:02:14.000Z</time>
                <name>Position 380</name>
            </trkpt>
            <trkpt lat="47.5703773" lon="12.8685809">
                <ele>2418.1</ele>
                <time>2016-08-20T13:03:29.000Z</time>
                <name>Position 381</name>
            </trkpt>
            <trkpt lat="47.5702213" lon="12.8684463">
                <ele>2416.1</ele>
                <time>2016-08-20T13:04:57.000Z</time>
                <name>Position 382</name>
            </trkpt>
            <trkpt lat="47.5700944" lon="12.8682393">
                <ele>2416.4</ele>
                <time>2016-08-20T13:06:12.000Z</time>
                <name>Position 383</name>
            </trkpt>
            <trkpt lat="47.5699475" lon="12.8680786">
                <ele>2418.1</ele>
                <time>2016-08-20T13:06:53.000Z</time>
                <name>Position 384</name>
            </trkpt>
            <trkpt lat="47.5698978" lon="12.8678214">
                <ele>2432.9</ele>
                <time>2016-08-20T13:08:46.000Z</time>
                <name>Position 385</name>
            </trkpt>
            <trkpt lat="47.5698295" lon="12.8675701">
                <ele>2452.3</ele>
                <time>2016-08-20T13:13:00.000Z</time>
                <name>Position 386</name>
            </trkpt>
            <trkpt lat="47.5697513" lon="12.8673979">
                <ele>2487.3</ele>
                <time>2016-08-20T13:25:45.000Z</time>
                <name>Position 387</name>
            </trkpt>
            <trkpt lat="47.5697242" lon="12.8671324">
                <ele>2491.9</ele>
                <time>2016-08-20T13:29:43.000Z</time>
                <name>Position 388</name>
            </trkpt>
            <trkpt lat="47.5697101" lon="12.8668635">
                <ele>2513.1</ele>
                <time>2016-08-20T13:31:39.000Z</time>
                <name>Position 389</name>
            </trkpt>
            <trkpt lat="47.5697131" lon="12.866596">
                <ele>2527.0</ele>
                <time>2016-08-20T13:34:06.000Z</time>
                <name>Position 390</name>
            </trkpt>
            <trkpt lat="47.5696163" lon="12.8663684">
                <ele>2542.1</ele>
                <time>2016-08-20T13:36:28.000Z</time>
                <name>Position 391</name>
            </trkpt>
            <trkpt lat="47.5695822" lon="12.8661059">
                <ele>2573.1</ele>
                <time>2016-08-20T13:40:21.000Z</time>
                <name>Position 392</name>
            </trkpt>
            <trkpt lat="47.5694274" lon="12.8659682">
                <ele>2588.9</ele>
                <time>2016-08-20T13:44:31.000Z</time>
                <name>Position 393</name>
            </trkpt>
            <trkpt lat="47.5693487" lon="12.865728">
                <ele>2608.1</ele>
                <time>2016-08-20T13:58:37.000Z</time>
                <name>Position 394</name>
            </trkpt>
            <trkpt lat="47.5694364" lon="12.8654946">
                <ele>2599.1</ele>
                <time>2016-08-20T14:00:28.000Z</time>
                <name>Position 395</name>
            </trkpt>
            <trkpt lat="47.5694878" lon="12.8652346">
                <ele>2603.1</ele>
                <time>2016-08-20T14:01:36.000Z</time>
                <name>Position 396</name>
            </trkpt>
            <trkpt lat="47.5695953" lon="12.8650174">
                <ele>2603.3</ele>
                <time>2016-08-20T14:02:25.000Z</time>
                <name>Position 397</name>
            </trkpt>
            <trkpt lat="47.5697628" lon="12.8649049">
                <ele>2600.1</ele>
                <time>2016-08-20T14:03:27.000Z</time>
                <name>Position 398</name>
            </trkpt>
            <trkpt lat="47.5699035" lon="12.8647334">
                <ele>2591.2</ele>
                <time>2016-08-20T14:04:22.000Z</time>
                <name>Position 399</name>
            </trkpt>
            <trkpt lat="47.5700472" lon="12.864568">
                <ele>2583.1</ele>
                <time>2016-08-20T14:08:01.000Z</time>
                <name>Position 400</name>
            </trkpt>
            <trkpt lat="47.5702044" lon="12.8644279">
                <ele>2578.1</ele>
                <time>2016-08-20T14:08:41.000Z</time>
                <name>Position 401</name>
            </trkpt>
            <trkpt lat="47.5703333" lon="12.864237">
                <ele>2567.2</ele>
                <time>2016-08-20T14:09:26.000Z</time>
                <name>Position 402</name>
            </trkpt>
            <trkpt lat="47.5704591" lon="12.8640451">
                <ele>2553.3</ele>
                <time>2016-08-20T14:10:32.000Z</time>
                <name>Position 403</name>
            </trkpt>
            <trkpt lat="47.5705283" lon="12.8637987">
                <ele>2539.2</ele>
                <time>2016-08-20T14:12:27.000Z</time>
                <name>Position 404</name>
            </trkpt>
            <trkpt lat="47.5706562" lon="12.8636053">
                <ele>2532.2</ele>
                <time>2016-08-20T14:13:16.000Z</time>
                <name>Position 405</name>
            </trkpt>
            <trkpt lat="47.5707412" lon="12.8633699">
                <ele>2518.1</ele>
                <time>2016-08-20T14:14:46.000Z</time>
                <name>Position 406</name>
            </trkpt>
            <trkpt lat="47.5709293" lon="12.8633639">
                <ele>2509.1</ele>
                <time>2016-08-20T14:15:59.000Z</time>
                <name>Position 407</name>
            </trkpt>
            <trkpt lat="47.5711035" lon="12.8632689">
                <ele>2509.1</ele>
                <time>2016-08-20T14:16:31.000Z</time>
                <name>Position 408</name>
            </trkpt>
            <trkpt lat="47.5712842" lon="12.863254">
                <ele>2514.9</ele>
                <time>2016-08-20T14:17:22.000Z</time>
                <name>Position 409</name>
            </trkpt>
            <trkpt lat="47.5714072" lon="12.8630571">
                <ele>2520.2</ele>
                <time>2016-08-20T14:18:08.000Z</time>
                <name>Position 410</name>
            </trkpt>
            <trkpt lat="47.5715693" lon="12.8629413">
                <ele>2513.3</ele>
                <time>2016-08-20T14:19:39.000Z</time>
                <name>Position 411</name>
            </trkpt>
            <trkpt lat="47.5717391" lon="12.8628318">
                <ele>2500.1</ele>
                <time>2016-08-20T14:20:37.000Z</time>
                <name>Position 412</name>
            </trkpt>
            <trkpt lat="47.5718911" lon="12.8626823">
                <ele>2493.2</ele>
                <time>2016-08-20T14:21:01.000Z</time>
                <name>Position 413</name>
            </trkpt>
            <trkpt lat="47.5720709" lon="12.8626356">
                <ele>2497.1</ele>
                <time>2016-08-20T14:21:25.000Z</time>
                <name>Position 414</name>
            </trkpt>
            <trkpt lat="47.5722506" lon="12.8626115">
                <ele>2506.1</ele>
                <time>2016-08-20T14:22:13.000Z</time>
                <name>Position 415</name>
            </trkpt>
            <trkpt lat="47.5724098" lon="12.8624816">
                <ele>2509.9</ele>
                <time>2016-08-20T14:23:03.000Z</time>
                <name>Position 416</name>
            </trkpt>
            <trkpt lat="47.5725894" lon="12.8625201">
                <ele>2515.9</ele>
                <time>2016-08-20T14:24:06.000Z</time>
                <name>Position 417</name>
            </trkpt>
            <trkpt lat="47.5727524" lon="12.862407">
                <ele>2516.3</ele>
                <time>2016-08-20T14:24:44.000Z</time>
                <name>Position 418</name>
            </trkpt>
            <trkpt lat="47.5729349" lon="12.8623517">
                <ele>2503.1</ele>
                <time>2016-08-20T14:26:25.000Z</time>
                <name>Position 419</name>
            </trkpt>
            <trkpt lat="47.5730342" lon="12.8625774">
                <ele>2501.2</ele>
                <time>2016-08-20T14:27:36.000Z</time>
                <name>Position 420</name>
            </trkpt>
            <trkpt lat="47.5731736" lon="12.8627529">
                <ele>2489.1</ele>
                <time>2016-08-20T14:29:26.000Z</time>
                <name>Position 421</name>
            </trkpt>
            <trkpt lat="47.5733568" lon="12.8627451">
                <ele>2478.1</ele>
                <time>2016-08-20T14:30:16.000Z</time>
                <name>Position 422</name>
            </trkpt>
            <trkpt lat="47.5735358" lon="12.8627842">
                <ele>2476.1</ele>
                <time>2016-08-20T14:30:44.000Z</time>
                <name>Position 423</name>
            </trkpt>
            <trkpt lat="47.5737165" lon="12.8627549">
                <ele>2470.1</ele>
                <time>2016-08-20T14:31:17.000Z</time>
                <name>Position 424</name>
            </trkpt>
            <trkpt lat="47.5738999" lon="12.8627678">
                <ele>2469.3</ele>
                <time>2016-08-20T14:31:44.000Z</time>
                <name>Position 425</name>
            </trkpt>
            <trkpt lat="47.5740764" lon="12.862825">
                <ele>2467.1</ele>
                <time>2016-08-20T14:32:24.000Z</time>
                <name>Position 426</name>
            </trkpt>
            <trkpt lat="47.5742603" lon="12.8628414">
                <ele>2461.3</ele>
                <time>2016-08-20T14:33:04.000Z</time>
                <name>Position 427</name>
            </trkpt>
            <trkpt lat="47.5744401" lon="12.8628706">
                <ele>2457.9</ele>
                <time>2016-08-20T14:33:45.000Z</time>
                <name>Position 428</name>
            </trkpt>
            <trkpt lat="47.5746183" lon="12.8628245">
                <ele>2447.4</ele>
                <time>2016-08-20T14:35:15.000Z</time>
                <name>Position 429</name>
            </trkpt>
            <trkpt lat="47.5747741" lon="12.8626829">
                <ele>2435.8</ele>
                <time>2016-08-20T14:36:14.000Z</time>
                <name>Position 430</name>
            </trkpt>
            <trkpt lat="47.574932" lon="12.8625474">
                <ele>2430.3</ele>
                <time>2016-08-20T14:36:58.000Z</time>
                <name>Position 431</name>
            </trkpt>
            <trkpt lat="47.5751094" lon="12.862499">
                <ele>2421.2</ele>
                <time>2016-08-20T14:37:44.000Z</time>
                <name>Position 432</name>
            </trkpt>
            <trkpt lat="47.5752753" lon="12.8623929">
                <ele>2407.2</ele>
                <time>2016-08-20T14:38:52.000Z</time>
                <name>Position 433</name>
            </trkpt>
            <trkpt lat="47.5754557" lon="12.8623934">
                <ele>2400.2</ele>
                <time>2016-08-20T14:39:17.000Z</time>
                <name>Position 434</name>
            </trkpt>
            <trkpt lat="47.5756344" lon="12.8623348">
                <ele>2395.1</ele>
                <time>2016-08-20T14:40:14.000Z</time>
                <name>Position 435</name>
            </trkpt>
            <trkpt lat="47.5758227" lon="12.8623491">
                <ele>2391.1</ele>
                <time>2016-08-20T14:40:50.000Z</time>
                <name>Position 436</name>
            </trkpt>
            <trkpt lat="47.575975" lon="12.8622034">
                <ele>2385.2</ele>
                <time>2016-08-20T14:41:13.000Z</time>
                <name>Position 437</name>
            </trkpt>
            <trkpt lat="47.5761402" lon="12.8620872">
                <ele>2378.2</ele>
                <time>2016-08-20T14:41:40.000Z</time>
                <name>Position 438</name>
            </trkpt>
            <trkpt lat="47.5763052" lon="12.8619805">
                <ele>2377.3</ele>
                <time>2016-08-20T14:42:02.000Z</time>
                <name>Position 439</name>
            </trkpt>
            <trkpt lat="47.5764498" lon="12.861812">
                <ele>2372.3</ele>
                <time>2016-08-20T14:42:31.000Z</time>
                <name>Position 440</name>
            </trkpt>
            <trkpt lat="47.5766301" lon="12.8617942">
                <ele>2372.1</ele>
                <time>2016-08-20T14:43:02.000Z</time>
                <name>Position 441</name>
            </trkpt>
            <trkpt lat="47.5768126" lon="12.8617542">
                <ele>2370.1</ele>
                <time>2016-08-20T14:43:28.000Z</time>
                <name>Position 442</name>
            </trkpt>
            <trkpt lat="47.5769866" lon="12.8616703">
                <ele>2367.1</ele>
                <time>2016-08-20T14:43:49.000Z</time>
                <name>Position 443</name>
            </trkpt>
            <trkpt lat="47.5771564" lon="12.8615681">
                <ele>2361.2</ele>
                <time>2016-08-20T14:44:15.000Z</time>
                <name>Position 444</name>
            </trkpt>
            <trkpt lat="47.5772923" lon="12.8613846">
                <ele>2357.2</ele>
                <time>2016-08-20T14:44:36.000Z</time>
                <name>Position 445</name>
            </trkpt>
            <trkpt lat="47.5774282" lon="12.8612035">
                <ele>2353.1</ele>
                <time>2016-08-20T14:45:00.000Z</time>
                <name>Position 446</name>
            </trkpt>
            <trkpt lat="47.5775988" lon="12.8611018">
                <ele>2348.2</ele>
                <time>2016-08-20T14:45:23.000Z</time>
                <name>Position 447</name>
            </trkpt>
            <trkpt lat="47.5777675" lon="12.8609926">
                <ele>2347.0</ele>
                <time>2016-08-20T14:45:43.000Z</time>
                <name>Position 448</name>
            </trkpt>
            <trkpt lat="47.5779491" lon="12.8609539">
                <ele>2347.2</ele>
                <time>2016-08-20T14:46:09.000Z</time>
                <name>Position 449</name>
            </trkpt>
            <trkpt lat="47.5781252" lon="12.8610273">
                <ele>2342.2</ele>
                <time>2016-08-20T14:46:38.000Z</time>
                <name>Position 450</name>
            </trkpt>
            <trkpt lat="47.5783054" lon="12.8610347">
                <ele>2335.1</ele>
                <time>2016-08-20T14:47:16.000Z</time>
                <name>Position 451</name>
            </trkpt>
            <trkpt lat="47.5784879" lon="12.861062">
                <ele>2331.1</ele>
                <time>2016-08-20T14:47:43.000Z</time>
                <name>Position 452</name>
            </trkpt>
            <trkpt lat="47.5786654" lon="12.8611237">
                <ele>2326.1</ele>
                <time>2016-08-20T14:48:08.000Z</time>
                <name>Position 453</name>
            </trkpt>
            <trkpt lat="47.5788324" lon="12.8612275">
                <ele>2323.1</ele>
                <time>2016-08-20T14:48:31.000Z</time>
                <name>Position 454</name>
            </trkpt>
            <trkpt lat="47.5790148" lon="12.8612802">
                <ele>2317.9</ele>
                <time>2016-08-20T14:48:58.000Z</time>
                <name>Position 455</name>
            </trkpt>
            <trkpt lat="47.5791878" lon="12.8611931">
                <ele>2309.3</ele>
                <time>2016-08-20T14:49:42.000Z</time>
                <name>Position 456</name>
            </trkpt>
            <trkpt lat="47.5793638" lon="12.8612558">
                <ele>2303.3</ele>
                <time>2016-08-20T14:50:26.000Z</time>
                <name>Position 457</name>
            </trkpt>
            <trkpt lat="47.579541" lon="12.8611762">
                <ele>2294.1</ele>
                <time>2016-08-20T14:51:09.000Z</time>
                <name>Position 458</name>
            </trkpt>
            <trkpt lat="47.5797152" lon="12.8612438">
                <ele>2286.2</ele>
                <time>2016-08-20T14:52:11.000Z</time>
                <name>Position 459</name>
            </trkpt>
            <trkpt lat="47.5798954" lon="12.8612794">
                <ele>2281.1</ele>
                <time>2016-08-20T14:52:49.000Z</time>
                <name>Position 460</name>
            </trkpt>
            <trkpt lat="47.5800745" lon="12.8612158">
                <ele>2270.1</ele>
                <time>2016-08-20T14:53:46.000Z</time>
                <name>Position 461</name>
            </trkpt>
            <trkpt lat="47.5802316" lon="12.8610791">
                <ele>2260.1</ele>
                <time>2016-08-20T14:54:40.000Z</time>
                <name>Position 462</name>
            </trkpt>
            <trkpt lat="47.5803697" lon="12.8609051">
                <ele>2248.2</ele>
                <time>2016-08-20T14:55:35.000Z</time>
                <name>Position 463</name>
            </trkpt>
            <trkpt lat="47.5803571" lon="12.8606375">
                <ele>2244.1</ele>
                <time>2016-08-20T14:56:13.000Z</time>
                <name>Position 464</name>
            </trkpt>
            <trkpt lat="47.5805147" lon="12.8607792">
                <ele>2235.1</ele>
                <time>2016-08-20T14:57:01.000Z</time>
                <name>Position 465</name>
            </trkpt>
            <trkpt lat="47.5806992" lon="12.8608032">
                <ele>2226.3</ele>
                <time>2016-08-20T14:57:42.000Z</time>
                <name>Position 466</name>
            </trkpt>
            <trkpt lat="47.5808579" lon="12.8609316">
                <ele>2206.4</ele>
                <time>2016-08-20T15:04:18.000Z</time>
                <name>Position 467</name>
            </trkpt>
            <trkpt lat="47.5809965" lon="12.8611031">
                <ele>2196.3</ele>
                <time>2016-08-20T15:09:13.000Z</time>
                <name>Position 468</name>
            </trkpt>
            <trkpt lat="47.5811375" lon="12.8612698">
                <ele>2184.1</ele>
                <time>2016-08-20T15:11:09.000Z</time>
                <name>Position 469</name>
            </trkpt>
            <trkpt lat="47.5812686" lon="12.8610837">
                <ele>2173.9</ele>
                <time>2016-08-20T15:13:13.000Z</time>
                <name>Position 470</name>
            </trkpt>
            <trkpt lat="47.5814411" lon="12.8611698">
                <ele>2152.2</ele>
                <time>2016-08-20T15:14:27.000Z</time>
                <name>Position 471</name>
            </trkpt>
            <trkpt lat="47.5815709" lon="12.861356">
                <ele>2144.1</ele>
                <time>2016-08-20T15:15:20.000Z</time>
                <name>Position 472</name>
            </trkpt>
            <trkpt lat="47.5817188" lon="12.8611981">
                <ele>2132.1</ele>
                <time>2016-08-20T15:16:07.000Z</time>
                <name>Position 473</name>
            </trkpt>
            <trkpt lat="47.5819031" lon="12.8612103">
                <ele>2122.2</ele>
                <time>2016-08-20T15:16:47.000Z</time>
                <name>Position 474</name>
            </trkpt>
            <trkpt lat="47.582052" lon="12.8610595">
                <ele>2109.4</ele>
                <time>2016-08-20T15:17:36.000Z</time>
                <name>Position 475</name>
            </trkpt>
            <trkpt lat="47.5822019" lon="12.8609052">
                <ele>2099.2</ele>
                <time>2016-08-20T15:19:28.000Z</time>
                <name>Position 476</name>
            </trkpt>
            <trkpt lat="47.5823501" lon="12.8607475">
                <ele>2091.2</ele>
                <time>2016-08-20T15:20:18.000Z</time>
                <name>Position 477</name>
            </trkpt>
            <trkpt lat="47.5825114" lon="12.8608708">
                <ele>2084.3</ele>
                <time>2016-08-20T15:20:52.000Z</time>
                <name>Position 478</name>
            </trkpt>
            <trkpt lat="47.5826362" lon="12.8606752">
                <ele>2070.3</ele>
                <time>2016-08-20T15:21:52.000Z</time>
                <name>Position 479</name>
            </trkpt>
            <trkpt lat="47.5827684" lon="12.8604928">
                <ele>2054.2</ele>
                <time>2016-08-20T15:22:58.000Z</time>
                <name>Position 480</name>
            </trkpt>
            <trkpt lat="47.5829387" lon="12.8605907">
                <ele>2049.3</ele>
                <time>2016-08-20T15:24:32.000Z</time>
                <name>Position 481</name>
            </trkpt>
            <trkpt lat="47.5831141" lon="12.860662">
                <ele>2036.2</ele>
                <time>2016-08-20T15:25:32.000Z</time>
                <name>Position 482</name>
            </trkpt>
            <trkpt lat="47.5832901" lon="12.860757">
                <ele>2031.1</ele>
                <time>2016-08-20T15:25:56.000Z</time>
                <name>Position 483</name>
            </trkpt>
            <trkpt lat="47.583301" lon="12.8610244">
                <ele>2017.1</ele>
                <time>2016-08-20T15:33:16.000Z</time>
                <name>Position 484</name>
            </trkpt>
            <trkpt lat="47.5831237" lon="12.861073">
                <ele>2000.3</ele>
                <time>2016-08-20T15:36:36.000Z</time>
                <name>Position 485</name>
            </trkpt>
            <trkpt lat="47.5830671" lon="12.8613286">
                <ele>1988.3</ele>
                <time>2016-08-20T15:39:54.000Z</time>
                <name>Position 486</name>
            </trkpt>
            <trkpt lat="47.5829254" lon="12.8614962">
                <ele>1979.2</ele>
                <time>2016-08-20T15:40:53.000Z</time>
                <name>Position 487</name>
            </trkpt>
            <trkpt lat="47.5829001" lon="12.8617626">
                <ele>1960.0</ele>
                <time>2016-08-20T15:42:22.000Z</time>
                <name>Position 488</name>
            </trkpt>
            <trkpt lat="47.5827825" lon="12.8619673">
                <ele>1954.3</ele>
                <time>2016-08-20T15:42:47.000Z</time>
                <name>Position 489</name>
            </trkpt>
            <trkpt lat="47.5827726" lon="12.8622354">
                <ele>1939.1</ele>
                <time>2016-08-20T15:43:33.000Z</time>
                <name>Position 490</name>
            </trkpt>
            <trkpt lat="47.5827117" lon="12.8624905">
                <ele>1919.2</ele>
                <time>2016-08-20T15:44:28.000Z</time>
                <name>Position 491</name>
            </trkpt>
            <trkpt lat="47.5826293" lon="12.8627291">
                <ele>1909.3</ele>
                <time>2016-08-20T15:45:07.000Z</time>
                <name>Position 492</name>
            </trkpt>
            <trkpt lat="47.5826722" lon="12.86299">
                <ele>1893.1</ele>
                <time>2016-08-20T15:45:46.000Z</time>
                <name>Position 493</name>
            </trkpt>
            <trkpt lat="47.582606" lon="12.8632453">
                <ele>1884.2</ele>
                <time>2016-08-20T15:46:19.000Z</time>
                <name>Position 494</name>
            </trkpt>
            <trkpt lat="47.5825368" lon="12.863499">
                <ele>1870.3</ele>
                <time>2016-08-20T15:47:02.000Z</time>
                <name>Position 495</name>
            </trkpt>
            <trkpt lat="47.5825639" lon="12.8637708">
                <ele>1862.3</ele>
                <time>2016-08-20T15:47:51.000Z</time>
                <name>Position 496</name>
            </trkpt>
            <trkpt lat="47.5824629" lon="12.863996">
                <ele>1852.7</ele>
                <time>2016-08-20T15:48:22.000Z</time>
                <name>Position 497</name>
            </trkpt>
            <trkpt lat="47.5825266" lon="12.8642566">
                <ele>1838.1</ele>
                <time>2016-08-20T15:49:27.000Z</time>
                <name>Position 498</name>
            </trkpt>
            <trkpt lat="47.5824596" lon="12.8645044">
                <ele>1823.1</ele>
                <time>2016-08-20T15:50:35.000Z</time>
                <name>Position 499</name>
            </trkpt>
            <trkpt lat="47.5823079" lon="12.8646538">
                <ele>1811.1</ele>
                <time>2016-08-20T15:51:06.000Z</time>
                <name>Position 500</name>
            </trkpt>
            <trkpt lat="47.5822187" lon="12.8648899">
                <ele>1800.2</ele>
                <time>2016-08-20T15:51:33.000Z</time>
                <name>Position 501</name>
            </trkpt>
            <trkpt lat="47.5822666" lon="12.8651471">
                <ele>1789.4</ele>
                <time>2016-08-20T15:52:08.000Z</time>
                <name>Position 502</name>
            </trkpt>
            <trkpt lat="47.5823028" lon="12.8654101">
                <ele>1782.4</ele>
                <time>2016-08-20T15:52:40.000Z</time>
                <name>Position 503</name>
            </trkpt>
            <trkpt lat="47.5823185" lon="12.8656822">
                <ele>1776.2</ele>
                <time>2016-08-20T15:53:22.000Z</time>
                <name>Position 504</name>
            </trkpt>
            <trkpt lat="47.5824441" lon="12.8658843">
                <ele>1768.3</ele>
                <time>2016-08-20T15:53:52.000Z</time>
                <name>Position 505</name>
            </trkpt>
            <trkpt lat="47.582482" lon="12.866149">
                <ele>1764.0</ele>
                <time>2016-08-20T15:54:20.000Z</time>
                <name>Position 506</name>
            </trkpt>
            <trkpt lat="47.5824987" lon="12.8664196">
                <ele>1754.4</ele>
                <time>2016-08-20T15:54:45.000Z</time>
                <name>Position 507</name>
            </trkpt>
            <trkpt lat="47.5825091" lon="12.8666897">
                <ele>1747.3</ele>
                <time>2016-08-20T15:55:23.000Z</time>
                <name>Position 508</name>
            </trkpt>
            <trkpt lat="47.5825682" lon="12.8669446">
                <ele>1745.3</ele>
                <time>2016-08-20T15:55:47.000Z</time>
                <name>Position 509</name>
            </trkpt>
            <trkpt lat="47.5826613" lon="12.8671876">
                <ele>1736.1</ele>
                <time>2016-08-20T15:56:13.000Z</time>
                <name>Position 510</name>
            </trkpt>
            <trkpt lat="47.5826824" lon="12.867456">
                <ele>1738.9</ele>
                <time>2016-08-20T15:56:30.000Z</time>
                <name>Position 511</name>
            </trkpt>
            <trkpt lat="47.5827094" lon="12.8677238">
                <ele>1741.9</ele>
                <time>2016-08-20T15:56:51.000Z</time>
                <name>Position 512</name>
            </trkpt>
            <trkpt lat="47.5827566" lon="12.8679825">
                <ele>1741.3</ele>
                <time>2016-08-20T15:57:19.000Z</time>
                <name>Position 513</name>
            </trkpt>
            <trkpt lat="47.5829351" lon="12.868029">
                <ele>1744.0</ele>
                <time>2016-08-20T15:57:44.000Z</time>
                <name>Position 514</name>
            </trkpt>
            <trkpt lat="47.5830444" lon="12.8682444">
                <ele>1743.9</ele>
                <time>2016-08-20T15:58:16.000Z</time>
                <name>Position 515</name>
            </trkpt>
            <trkpt lat="47.5831502" lon="12.8684694">
                <ele>1743.1</ele>
                <time>2016-08-20T15:59:01.000Z</time>
                <name>Position 516</name>
            </trkpt>
            <trkpt lat="47.5832631" lon="12.8686775">
                <ele>1741.5</ele>
                <time>2016-08-20T15:59:33.000Z</time>
                <name>Position 517</name>
            </trkpt>
            <trkpt lat="47.5833969" lon="12.8688622">
                <ele>1731.1</ele>
                <time>2016-08-20T16:00:02.000Z</time>
                <name>Position 518</name>
            </trkpt>
            <trkpt lat="47.5835794" lon="12.8688978">
                <ele>1723.3</ele>
                <time>2016-08-20T16:00:32.000Z</time>
                <name>Position 519</name>
            </trkpt>
            <trkpt lat="47.5837403" lon="12.8690245">
                <ele>1718.1</ele>
                <time>2016-08-20T16:01:05.000Z</time>
                <name>Position 520</name>
            </trkpt>
            <trkpt lat="47.5839208" lon="12.8690673">
                <ele>1703.3</ele>
                <time>2016-08-20T16:01:46.000Z</time>
                <name>Position 521</name>
            </trkpt>
            <trkpt lat="47.5840436" lon="12.8692668">
                <ele>1699.3</ele>
                <time>2016-08-20T16:02:10.000Z</time>
                <name>Position 522</name>
            </trkpt>
            <trkpt lat="47.5842141" lon="12.8693528">
                <ele>1696.3</ele>
                <time>2016-08-20T16:02:34.000Z</time>
                <name>Position 523</name>
            </trkpt>
            <trkpt lat="47.5843455" lon="12.869541">
                <ele>1689.2</ele>
                <time>2016-08-20T16:03:00.000Z</time>
                <name>Position 524</name>
            </trkpt>
            <trkpt lat="47.5845284" lon="12.8695977">
                <ele>1686.1</ele>
                <time>2016-08-20T16:03:19.000Z</time>
                <name>Position 525</name>
            </trkpt>
            <trkpt lat="47.584707" lon="12.8696525">
                <ele>1681.1</ele>
                <time>2016-08-20T16:03:43.000Z</time>
                <name>Position 526</name>
            </trkpt>
            <trkpt lat="47.5848827" lon="12.8697579">
                <ele>1677.3</ele>
                <time>2016-08-20T16:04:03.000Z</time>
                <name>Position 527</name>
            </trkpt>
            <trkpt lat="47.5850642" lon="12.8698157">
                <ele>1673.2</ele>
                <time>2016-08-20T16:04:22.000Z</time>
                <name>Position 528</name>
            </trkpt>
            <trkpt lat="47.5852317" lon="12.86992">
                <ele>1669.4</ele>
                <time>2016-08-20T16:04:40.000Z</time>
                <name>Position 529</name>
            </trkpt>
            <trkpt lat="47.5854149" lon="12.8699926">
                <ele>1669.0</ele>
                <time>2016-08-20T16:04:59.000Z</time>
                <name>Position 530</name>
            </trkpt>
            <trkpt lat="47.5855951" lon="12.8700278">
                <ele>1668.1</ele>
                <time>2016-08-20T16:05:15.000Z</time>
                <name>Position 531</name>
            </trkpt>
            <trkpt lat="47.5857642" lon="12.8701445">
                <ele>1664.1</ele>
                <time>2016-08-20T16:05:36.000Z</time>
                <name>Position 532</name>
            </trkpt>
            <trkpt lat="47.5859157" lon="12.8702898">
                <ele>1661.9</ele>
                <time>2016-08-20T16:05:55.000Z</time>
                <name>Position 533</name>
            </trkpt>
            <trkpt lat="47.5860917" lon="12.8703471">
                <ele>1660.1</ele>
                <time>2016-08-20T16:06:16.000Z</time>
                <name>Position 534</name>
            </trkpt>
            <trkpt lat="47.5862104" lon="12.8701404">
                <ele>1661.1</ele>
                <time>2016-08-20T16:06:35.000Z</time>
                <name>Position 535</name>
            </trkpt>
            <trkpt lat="47.586311" lon="12.8699064">
                <ele>1660.1</ele>
                <time>2016-08-20T16:06:53.000Z</time>
                <name>Position 536</name>
            </trkpt>
            <trkpt lat="47.5864907" lon="12.8698796">
                <ele>1654.2</ele>
                <time>2016-08-20T16:07:51.000Z</time>
                <name>Position 537</name>
            </trkpt>
            <trkpt lat="47.5866729" lon="12.8698433">
                <ele>1654.1</ele>
                <time>2016-08-20T16:08:08.000Z</time>
                <name>Position 538</name>
            </trkpt>
            <trkpt lat="47.5868058" lon="12.8696534">
                <ele>1653.1</ele>
                <time>2016-08-20T16:08:27.000Z</time>
                <name>Position 539</name>
            </trkpt>
            <trkpt lat="47.5868022" lon="12.8695552">
                <ele>1647.1</ele>
                <time>2016-08-20T16:10:58.000Z</time>
                <name>Position 540</name>
            </trkpt>
            <trkpt lat="47.5869499" lon="12.869712">
                <ele>1651.1</ele>
                <time>2016-08-20T16:36:32.000Z</time>
                <name>Position 541</name>
            </trkpt>
            <trkpt lat="47.5871285" lon="12.8697809">
                <ele>1646.1</ele>
                <time>2016-08-20T16:37:02.000Z</time>
                <name>Position 542</name>
            </trkpt>
            <trkpt lat="47.5873072" lon="12.8697115">
                <ele>1641.1</ele>
                <time>2016-08-20T16:37:32.000Z</time>
                <name>Position 543</name>
            </trkpt>
            <trkpt lat="47.5874954" lon="12.8697258">
                <ele>1631.3</ele>
                <time>2016-08-20T16:38:06.000Z</time>
                <name>Position 544</name>
            </trkpt>
            <trkpt lat="47.5876752" lon="12.8697774">
                <ele>1629.1</ele>
                <time>2016-08-20T16:38:31.000Z</time>
                <name>Position 545</name>
            </trkpt>
            <trkpt lat="47.5878456" lon="12.8696641">
                <ele>1616.1</ele>
                <time>2016-08-20T16:39:15.000Z</time>
                <name>Position 546</name>
            </trkpt>
            <trkpt lat="47.5879478" lon="12.8694415">
                <ele>1605.1</ele>
                <time>2016-08-20T16:39:59.000Z</time>
                <name>Position 547</name>
            </trkpt>
            <trkpt lat="47.5881198" lon="12.8693575">
                <ele>1592.1</ele>
                <time>2016-08-20T16:40:53.000Z</time>
                <name>Position 548</name>
            </trkpt>
            <trkpt lat="47.5881544" lon="12.8690945">
                <ele>1576.2</ele>
                <time>2016-08-20T16:41:23.000Z</time>
                <name>Position 549</name>
            </trkpt>
            <trkpt lat="47.5883414" lon="12.8690896">
                <ele>1575.6</ele>
                <time>2016-08-20T16:41:57.000Z</time>
                <name>Position 550</name>
            </trkpt>
            <trkpt lat="47.5883929" lon="12.8688341">
                <ele>1562.0</ele>
                <time>2016-08-20T16:42:47.000Z</time>
                <name>Position 551</name>
            </trkpt>
            <trkpt lat="47.5885735" lon="12.8687865">
                <ele>1558.9</ele>
                <time>2016-08-20T16:43:32.000Z</time>
                <name>Position 552</name>
            </trkpt>
            <trkpt lat="47.5887578" lon="12.8687457">
                <ele>1552.3</ele>
                <time>2016-08-20T16:43:58.000Z</time>
                <name>Position 553</name>
            </trkpt>
            <trkpt lat="47.5889235" lon="12.8686312">
                <ele>1538.4</ele>
                <time>2016-08-20T16:44:35.000Z</time>
                <name>Position 554</name>
            </trkpt>
            <trkpt lat="47.5891074" lon="12.8686186">
                <ele>1523.3</ele>
                <time>2016-08-20T16:45:21.000Z</time>
                <name>Position 555</name>
            </trkpt>
            <trkpt lat="47.5892905" lon="12.8686486">
                <ele>1525.2</ele>
                <time>2016-08-20T16:45:47.000Z</time>
                <name>Position 556</name>
            </trkpt>
            <trkpt lat="47.5894657" lon="12.8685753">
                <ele>1521.4</ele>
                <time>2016-08-20T16:46:07.000Z</time>
                <name>Position 557</name>
            </trkpt>
            <trkpt lat="47.5896317" lon="12.86846">
                <ele>1516.9</ele>
                <time>2016-08-20T16:46:33.000Z</time>
                <name>Position 558</name>
            </trkpt>
            <trkpt lat="47.5897981" lon="12.8683565">
                <ele>1510.1</ele>
                <time>2016-08-20T16:46:53.000Z</time>
                <name>Position 559</name>
            </trkpt>
            <trkpt lat="47.5899771" lon="12.8683244">
                <ele>1504.1</ele>
                <time>2016-08-20T16:47:10.000Z</time>
                <name>Position 560</name>
            </trkpt>
            <trkpt lat="47.590146" lon="12.8681893">
                <ele>1497.2</ele>
                <time>2016-08-20T16:47:45.000Z</time>
                <name>Position 561</name>
            </trkpt>
            <trkpt lat="47.5900568" lon="12.8679546">
                <ele>1485.1</ele>
                <time>2016-08-20T16:48:09.000Z</time>
                <name>Position 562</name>
            </trkpt>
            <trkpt lat="47.5899761" lon="12.8676988">
                <ele>1479.5</ele>
                <time>2016-08-20T16:48:33.000Z</time>
                <name>Position 563</name>
            </trkpt>
            <trkpt lat="47.5899856" lon="12.8674224">
                <ele>1475.4</ele>
                <time>2016-08-20T16:48:52.000Z</time>
                <name>Position 564</name>
            </trkpt>
            <trkpt lat="47.5900267" lon="12.8671516">
                <ele>1474.1</ele>
                <time>2016-08-20T16:49:11.000Z</time>
                <name>Position 565</name>
            </trkpt>
            <trkpt lat="47.5900202" lon="12.8668819">
                <ele>1468.0</ele>
                <time>2016-08-20T16:49:30.000Z</time>
                <name>Position 566</name>
            </trkpt>
            <trkpt lat="47.5901037" lon="12.8666402">
                <ele>1464.9</ele>
                <time>2016-08-20T16:49:54.000Z</time>
                <name>Position 567</name>
            </trkpt>
            <trkpt lat="47.590273" lon="12.8665455">
                <ele>1457.1</ele>
                <time>2016-08-20T16:50:23.000Z</time>
                <name>Position 568</name>
            </trkpt>
            <trkpt lat="47.5904044" lon="12.8667355">
                <ele>1453.2</ele>
                <time>2016-08-20T16:50:43.000Z</time>
                <name>Position 569</name>
            </trkpt>
            <trkpt lat="47.590565" lon="12.8668563">
                <ele>1451.0</ele>
                <time>2016-08-20T16:51:00.000Z</time>
                <name>Position 570</name>
            </trkpt>
            <trkpt lat="47.5907326" lon="12.8669622">
                <ele>1449.1</ele>
                <time>2016-08-20T16:51:20.000Z</time>
                <name>Position 571</name>
            </trkpt>
            <trkpt lat="47.590914" lon="12.8668946">
                <ele>1434.3</ele>
                <time>2016-08-20T16:51:51.000Z</time>
                <name>Position 572</name>
            </trkpt>
            <trkpt lat="47.591101" lon="12.8668575">
                <ele>1423.9</ele>
                <time>2016-08-20T16:52:20.000Z</time>
                <name>Position 573</name>
            </trkpt>
            <trkpt lat="47.5912886" lon="12.8669042">
                <ele>1425.1</ele>
                <time>2016-08-20T16:52:35.000Z</time>
                <name>Position 574</name>
            </trkpt>
            <trkpt lat="47.5914737" lon="12.8669129">
                <ele>1423.2</ele>
                <time>2016-08-20T16:52:51.000Z</time>
                <name>Position 575</name>
            </trkpt>
            <trkpt lat="47.5916548" lon="12.8669031">
                <ele>1422.1</ele>
                <time>2016-08-20T16:53:07.000Z</time>
                <name>Position 576</name>
            </trkpt>
            <trkpt lat="47.5918307" lon="12.8668205">
                <ele>1420.9</ele>
                <time>2016-08-20T16:53:24.000Z</time>
                <name>Position 577</name>
            </trkpt>
            <trkpt lat="47.5920086" lon="12.8667349">
                <ele>1419.2</ele>
                <time>2016-08-20T16:53:41.000Z</time>
                <name>Position 578</name>
            </trkpt>
            <trkpt lat="47.5921942" lon="12.8667027">
                <ele>1415.1</ele>
                <time>2016-08-20T16:53:55.000Z</time>
                <name>Position 579</name>
            </trkpt>
            <trkpt lat="47.5923841" lon="12.8666737">
                <ele>1408.2</ele>
                <time>2016-08-20T16:54:12.000Z</time>
                <name>Position 580</name>
            </trkpt>
            <trkpt lat="47.5925724" lon="12.8666502">
                <ele>1403.1</ele>
                <time>2016-08-20T16:54:30.000Z</time>
                <name>Position 581</name>
            </trkpt>
            <trkpt lat="47.5927519" lon="12.866603">
                <ele>1404.3</ele>
                <time>2016-08-20T16:54:48.000Z</time>
                <name>Position 582</name>
            </trkpt>
            <trkpt lat="47.592926" lon="12.8665264">
                <ele>1402.4</ele>
                <time>2016-08-20T16:55:05.000Z</time>
                <name>Position 583</name>
            </trkpt>
            <trkpt lat="47.5931045" lon="12.8664678">
                <ele>1396.1</ele>
                <time>2016-08-20T16:55:20.000Z</time>
                <name>Position 584</name>
            </trkpt>
            <trkpt lat="47.5932613" lon="12.8663216">
                <ele>1394.1</ele>
                <time>2016-08-20T16:55:38.000Z</time>
                <name>Position 585</name>
            </trkpt>
            <trkpt lat="47.5934546" lon="12.8663161">
                <ele>1392.2</ele>
                <time>2016-08-20T16:55:53.000Z</time>
                <name>Position 586</name>
            </trkpt>
            <trkpt lat="47.5935497" lon="12.8665584">
                <ele>1395.1</ele>
                <time>2016-08-20T16:56:09.000Z</time>
                <name>Position 587</name>
            </trkpt>
            <trkpt lat="47.5935856" lon="12.8668225">
                <ele>1400.9</ele>
                <time>2016-08-20T16:56:33.000Z</time>
                <name>Position 588</name>
            </trkpt>
            <trkpt lat="47.5936315" lon="12.8670815">
                <ele>1404.3</ele>
                <time>2016-08-20T16:57:24.000Z</time>
                <name>Position 589</name>
            </trkpt>
            <trkpt lat="47.5936755" lon="12.8673537">
                <ele>1404.3</ele>
                <time>2016-08-20T16:57:45.000Z</time>
                <name>Position 590</name>
            </trkpt>
            <trkpt lat="47.5937206" lon="12.8676126">
                <ele>1408.9</ele>
                <time>2016-08-20T16:58:03.000Z</time>
                <name>Position 591</name>
            </trkpt>
            <trkpt lat="47.5938135" lon="12.8678463">
                <ele>1407.3</ele>
                <time>2016-08-20T16:58:20.000Z</time>
                <name>Position 592</name>
            </trkpt>
            <trkpt lat="47.5938876" lon="12.8680917">
                <ele>1400.1</ele>
                <time>2016-08-20T16:58:36.000Z</time>
                <name>Position 593</name>
            </trkpt>
            <trkpt lat="47.5939382" lon="12.8683612">
                <ele>1399.3</ele>
                <time>2016-08-20T16:58:54.000Z</time>
                <name>Position 594</name>
            </trkpt>
            <trkpt lat="47.5939598" lon="12.86864">
                <ele>1399.7</ele>
                <time>2016-08-20T16:59:10.000Z</time>
                <name>Position 595</name>
            </trkpt>
            <trkpt lat="47.5940606" lon="12.8688824">
                <ele>1399.2</ele>
                <time>2016-08-20T16:59:25.000Z</time>
                <name>Position 596</name>
            </trkpt>
            <trkpt lat="47.5941447" lon="12.8691304">
                <ele>1402.1</ele>
                <time>2016-08-20T16:59:41.000Z</time>
                <name>Position 597</name>
            </trkpt>
            <trkpt lat="47.5942493" lon="12.8693661">
                <ele>1402.2</ele>
                <time>2016-08-20T16:59:56.000Z</time>
                <name>Position 598</name>
            </trkpt>
            <trkpt lat="47.5942886" lon="12.8696344">
                <ele>1398.2</ele>
                <time>2016-08-20T17:00:09.000Z</time>
                <name>Position 599</name>
            </trkpt>
            <trkpt lat="47.5942846" lon="12.8699083">
                <ele>1400.1</ele>
                <time>2016-08-20T17:00:23.000Z</time>
                <name>Position 600</name>
            </trkpt>
            <trkpt lat="47.5943169" lon="12.8701804">
                <ele>1400.1</ele>
                <time>2016-08-20T17:00:38.000Z</time>
                <name>Position 601</name>
            </trkpt>
            <trkpt lat="47.594415" lon="12.8704048">
                <ele>1396.1</ele>
                <time>2016-08-20T17:00:52.000Z</time>
                <name>Position 602</name>
            </trkpt>
            <trkpt lat="47.5945225" lon="12.8706259">
                <ele>1392.1</ele>
                <time>2016-08-20T17:01:06.000Z</time>
                <name>Position 603</name>
            </trkpt>
            <trkpt lat="47.5946396" lon="12.8708506">
                <ele>1392.9</ele>
                <time>2016-08-20T17:01:21.000Z</time>
                <name>Position 604</name>
            </trkpt>
            <trkpt lat="47.5946695" lon="12.8711195">
                <ele>1392.6</ele>
                <time>2016-08-20T17:01:38.000Z</time>
                <name>Position 605</name>
            </trkpt>
            <trkpt lat="47.5947005" lon="12.8713843">
                <ele>1388.1</ele>
                <time>2016-08-20T17:01:54.000Z</time>
                <name>Position 606</name>
            </trkpt>
            <trkpt lat="47.5948185" lon="12.8715997">
                <ele>1383.1</ele>
                <time>2016-08-20T17:02:14.000Z</time>
                <name>Position 607</name>
            </trkpt>
            <trkpt lat="47.5949587" lon="12.8717896">
                <ele>1386.9</ele>
                <time>2016-08-20T17:02:30.000Z</time>
                <name>Position 608</name>
            </trkpt>
            <trkpt lat="47.5951107" lon="12.8719709">
                <ele>1384.1</ele>
                <time>2016-08-20T17:02:44.000Z</time>
                <name>Position 609</name>
            </trkpt>
            <trkpt lat="47.5952546" lon="12.8721596">
                <ele>1380.1</ele>
                <time>2016-08-20T17:02:56.000Z</time>
                <name>Position 610</name>
            </trkpt>
            <trkpt lat="47.5953776" lon="12.8723657">
                <ele>1369.2</ele>
                <time>2016-08-20T17:03:10.000Z</time>
                <name>Position 611</name>
            </trkpt>
            <trkpt lat="47.5955493" lon="12.8724484">
                <ele>1367.1</ele>
                <time>2016-08-20T17:03:23.000Z</time>
                <name>Position 612</name>
            </trkpt>
            <trkpt lat="47.5956483" lon="12.8726944">
                <ele>1362.1</ele>
                <time>2016-08-20T17:03:37.000Z</time>
                <name>Position 613</name>
            </trkpt>
            <trkpt lat="47.5957832" lon="12.8728718">
                <ele>1361.1</ele>
                <time>2016-08-20T17:03:51.000Z</time>
                <name>Position 614</name>
            </trkpt>
            <trkpt lat="47.5958762" lon="12.8731002">
                <ele>1360.3</ele>
                <time>2016-08-20T17:04:08.000Z</time>
                <name>Position 615</name>
            </trkpt>
            <trkpt lat="47.5959898" lon="12.8733071">
                <ele>1357.3</ele>
                <time>2016-08-20T17:04:23.000Z</time>
                <name>Position 616</name>
            </trkpt>
            <trkpt lat="47.5960877" lon="12.8735315">
                <ele>1356.1</ele>
                <time>2016-08-20T17:04:38.000Z</time>
                <name>Position 617</name>
            </trkpt>
            <trkpt lat="47.5961905" lon="12.8737573">
                <ele>1354.2</ele>
                <time>2016-08-20T17:04:55.000Z</time>
                <name>Position 618</name>
            </trkpt>
            <trkpt lat="47.5962388" lon="12.8740274">
                <ele>1346.2</ele>
                <time>2016-08-20T17:05:10.000Z</time>
                <name>Position 619</name>
            </trkpt>
            <trkpt lat="47.5963828" lon="12.8738591">
                <ele>1337.2</ele>
                <time>2016-08-20T17:05:39.000Z</time>
                <name>Position 620</name>
            </trkpt>
            <trkpt lat="47.5964457" lon="12.8735911">
                <ele>1388.4</ele>
                <time>2016-08-20T17:05:54.000Z</time>
                <name>Position 621</name>
            </trkpt>
            <trkpt lat="47.5964771" lon="12.8733179">
                <ele>1333.2</ele>
                <time>2016-08-20T17:06:08.000Z</time>
                <name>Position 622</name>
            </trkpt>
            <trkpt lat="47.5964308" lon="12.8730492">
                <ele>1328.9</ele>
                <time>2016-08-20T17:06:23.000Z</time>
                <name>Position 623</name>
            </trkpt>
            <trkpt lat="47.596419" lon="12.8727763">
                <ele>1324.2</ele>
                <time>2016-08-20T17:06:39.000Z</time>
                <name>Position 624</name>
            </trkpt>
            <trkpt lat="47.5964099" lon="12.8724979">
                <ele>1318.3</ele>
                <time>2016-08-20T17:06:55.000Z</time>
                <name>Position 625</name>
            </trkpt>
            <trkpt lat="47.5964109" lon="12.872214">
                <ele>1317.0</ele>
                <time>2016-08-20T17:07:10.000Z</time>
                <name>Position 626</name>
            </trkpt>
            <trkpt lat="47.5963562" lon="12.8719504">
                <ele>1314.1</ele>
                <time>2016-08-20T17:07:24.000Z</time>
                <name>Position 627</name>
            </trkpt>
            <trkpt lat="47.5965434" lon="12.8719551">
                <ele>1295.3</ele>
                <time>2016-08-20T17:08:07.000Z</time>
                <name>Position 628</name>
            </trkpt>
            <trkpt lat="47.5967091" lon="12.8720736">
                <ele>1292.1</ele>
                <time>2016-08-20T17:08:24.000Z</time>
                <name>Position 629</name>
            </trkpt>
            <trkpt lat="47.5966997" lon="12.8718015">
                <ele>1285.4</ele>
                <time>2016-08-20T17:08:43.000Z</time>
                <name>Position 630</name>
            </trkpt>
            <trkpt lat="47.5966916" lon="12.8715316">
                <ele>1281.3</ele>
                <time>2016-08-20T17:08:59.000Z</time>
                <name>Position 631</name>
            </trkpt>
            <trkpt lat="47.5966277" lon="12.8712741">
                <ele>1276.4</ele>
                <time>2016-08-20T17:09:14.000Z</time>
                <name>Position 632</name>
            </trkpt>
            <trkpt lat="47.5965057" lon="12.8710667">
                <ele>1272.2</ele>
                <time>2016-08-20T17:09:30.000Z</time>
                <name>Position 633</name>
            </trkpt>
            <trkpt lat="47.5964015" lon="12.8708437">
                <ele>1266.3</ele>
                <time>2016-08-20T17:09:43.000Z</time>
                <name>Position 634</name>
            </trkpt>
            <trkpt lat="47.5963905" lon="12.8705621">
                <ele>1264.3</ele>
                <time>2016-08-20T17:09:58.000Z</time>
                <name>Position 635</name>
            </trkpt>
            <trkpt lat="47.5963558" lon="12.870284">
                <ele>1265.1</ele>
                <time>2016-08-20T17:10:14.000Z</time>
                <name>Position 636</name>
            </trkpt>
            <trkpt lat="47.5962765" lon="12.8700227">
                <ele>1263.2</ele>
                <time>2016-08-20T17:10:29.000Z</time>
                <name>Position 637</name>
            </trkpt>
            <trkpt lat="47.5962714" lon="12.8697435">
                <ele>1257.1</ele>
                <time>2016-08-20T17:10:44.000Z</time>
                <name>Position 638</name>
            </trkpt>
            <trkpt lat="47.5964202" lon="12.869589">
                <ele>1251.4</ele>
                <time>2016-08-20T17:11:01.000Z</time>
                <name>Position 639</name>
            </trkpt>
            <trkpt lat="47.5965033" lon="12.869337">
                <ele>1249.1</ele>
                <time>2016-08-20T17:11:17.000Z</time>
                <name>Position 640</name>
            </trkpt>
            <trkpt lat="47.5964902" lon="12.8690663">
                <ele>1243.4</ele>
                <time>2016-08-20T17:11:33.000Z</time>
                <name>Position 641</name>
            </trkpt>
            <trkpt lat="47.596488" lon="12.8687958">
                <ele>1240.9</ele>
                <time>2016-08-20T17:11:48.000Z</time>
                <name>Position 642</name>
            </trkpt>
            <trkpt lat="47.5965297" lon="12.8685334">
                <ele>1234.2</ele>
                <time>2016-08-20T17:12:03.000Z</time>
                <name>Position 643</name>
            </trkpt>
            <trkpt lat="47.5966091" lon="12.8682748">
                <ele>1236.9</ele>
                <time>2016-08-20T17:12:17.000Z</time>
                <name>Position 644</name>
            </trkpt>
            <trkpt lat="47.5966943" lon="12.8680309">
                <ele>1239.2</ele>
                <time>2016-08-20T17:12:29.000Z</time>
                <name>Position 645</name>
            </trkpt>
            <trkpt lat="47.596677" lon="12.8677605">
                <ele>1239.6</ele>
                <time>2016-08-20T17:12:41.000Z</time>
                <name>Position 646</name>
            </trkpt>
            <trkpt lat="47.5966717" lon="12.8674894">
                <ele>1228.2</ele>
                <time>2016-08-20T17:12:54.000Z</time>
                <name>Position 647</name>
            </trkpt>
            <trkpt lat="47.5967284" lon="12.867233">
                <ele>1225.0</ele>
                <time>2016-08-20T17:13:08.000Z</time>
                <name>Position 648</name>
            </trkpt>
            <trkpt lat="47.5966967" lon="12.8669609">
                <ele>1220.1</ele>
                <time>2016-08-20T17:13:20.000Z</time>
                <name>Position 649</name>
            </trkpt>
            <trkpt lat="47.596712" lon="12.8666746">
                <ele>1214.2</ele>
                <time>2016-08-20T17:13:33.000Z</time>
                <name>Position 650</name>
            </trkpt>
            <trkpt lat="47.5967117" lon="12.8663896">
                <ele>1211.1</ele>
                <time>2016-08-20T17:13:46.000Z</time>
                <name>Position 651</name>
            </trkpt>
            <trkpt lat="47.5967048" lon="12.866106">
                <ele>1205.4</ele>
                <time>2016-08-20T17:14:00.000Z</time>
                <name>Position 652</name>
            </trkpt>
            <trkpt lat="47.596702" lon="12.8658338">
                <ele>1203.8</ele>
                <time>2016-08-20T17:14:14.000Z</time>
                <name>Position 653</name>
            </trkpt>
            <trkpt lat="47.5967539" lon="12.8655653">
                <ele>1199.1</ele>
                <time>2016-08-20T17:14:30.000Z</time>
                <name>Position 654</name>
            </trkpt>
            <trkpt lat="47.5968275" lon="12.8653142">
                <ele>1201.3</ele>
                <time>2016-08-20T17:14:44.000Z</time>
                <name>Position 655</name>
            </trkpt>
            <trkpt lat="47.5968746" lon="12.8650554">
                <ele>1193.2</ele>
                <time>2016-08-20T17:14:57.000Z</time>
                <name>Position 656</name>
            </trkpt>
            <trkpt lat="47.596933" lon="12.8647818">
                <ele>1190.9</ele>
                <time>2016-08-20T17:15:09.000Z</time>
                <name>Position 657</name>
            </trkpt>
            <trkpt lat="47.5970093" lon="12.8645239">
                <ele>1186.2</ele>
                <time>2016-08-20T17:15:22.000Z</time>
                <name>Position 658</name>
            </trkpt>
            <trkpt lat="47.5970697" lon="12.8642656">
                <ele>1178.2</ele>
                <time>2016-08-20T17:15:33.000Z</time>
                <name>Position 659</name>
            </trkpt>
            <trkpt lat="47.5971517" lon="12.8640009">
                <ele>1172.9</ele>
                <time>2016-08-20T17:15:45.000Z</time>
                <name>Position 660</name>
            </trkpt>
            <trkpt lat="47.5972447" lon="12.8637592">
                <ele>1169.1</ele>
                <time>2016-08-20T17:15:58.000Z</time>
                <name>Position 661</name>
            </trkpt>
            <trkpt lat="47.5974246" lon="12.8636915">
                <ele>1162.2</ele>
                <time>2016-08-20T17:16:18.000Z</time>
                <name>Position 662</name>
            </trkpt>
            <trkpt lat="47.5975777" lon="12.863842">
                <ele>1160.1</ele>
                <time>2016-08-20T17:16:31.000Z</time>
                <name>Position 663</name>
            </trkpt>
            <trkpt lat="47.5977493" lon="12.8637559">
                <ele>1155.3</ele>
                <time>2016-08-20T17:16:48.000Z</time>
                <name>Position 664</name>
            </trkpt>
            <trkpt lat="47.5978713" lon="12.8635432">
                <ele>1151.2</ele>
                <time>2016-08-20T17:17:04.000Z</time>
                <name>Position 665</name>
            </trkpt>
            <trkpt lat="47.5979974" lon="12.8633526">
                <ele>1147.1</ele>
                <time>2016-08-20T17:17:18.000Z</time>
                <name>Position 666</name>
            </trkpt>
            <trkpt lat="47.5981587" lon="12.8634716">
                <ele>1139.1</ele>
                <time>2016-08-20T17:17:42.000Z</time>
                <name>Position 667</name>
            </trkpt>
            <trkpt lat="47.5982484" lon="12.8637268">
                <ele>1139.1</ele>
                <time>2016-08-20T17:18:01.000Z</time>
                <name>Position 668</name>
            </trkpt>
            <trkpt lat="47.5983387" lon="12.8639736">
                <ele>1140.3</ele>
                <time>2016-08-20T17:18:17.000Z</time>
                <name>Position 669</name>
            </trkpt>
            <trkpt lat="47.5983892" lon="12.8642475">
                <ele>1131.5</ele>
                <time>2016-08-20T17:18:34.000Z</time>
                <name>Position 670</name>
            </trkpt>
            <trkpt lat="47.5984763" lon="12.8644958">
                <ele>1130.3</ele>
                <time>2016-08-20T17:18:48.000Z</time>
                <name>Position 671</name>
            </trkpt>
            <trkpt lat="47.5985011" lon="12.8647682">
                <ele>1122.3</ele>
                <time>2016-08-20T17:19:03.000Z</time>
                <name>Position 672</name>
            </trkpt>
            <trkpt lat="47.598541" lon="12.8650468">
                <ele>1124.2</ele>
                <time>2016-08-20T17:19:17.000Z</time>
                <name>Position 673</name>
            </trkpt>
            <trkpt lat="47.5984999" lon="12.8653144">
                <ele>1115.1</ele>
                <time>2016-08-20T17:19:29.000Z</time>
                <name>Position 674</name>
            </trkpt>
            <trkpt lat="47.5985083" lon="12.8655855">
                <ele>1111.6</ele>
                <time>2016-08-20T17:19:45.000Z</time>
                <name>Position 675</name>
            </trkpt>
            <trkpt lat="47.5985166" lon="12.8658584">
                <ele>1111.3</ele>
                <time>2016-08-20T17:19:59.000Z</time>
                <name>Position 676</name>
            </trkpt>
            <trkpt lat="47.5986149" lon="12.866098">
                <ele>1110.9</ele>
                <time>2016-08-20T17:20:14.000Z</time>
                <name>Position 677</name>
            </trkpt>
            <trkpt lat="47.5987432" lon="12.8663084">
                <ele>1104.5</ele>
                <time>2016-08-20T17:20:29.000Z</time>
                <name>Position 678</name>
            </trkpt>
            <trkpt lat="47.5988228" lon="12.8665602">
                <ele>1102.3</ele>
                <time>2016-08-20T17:20:45.000Z</time>
                <name>Position 679</name>
            </trkpt>
            <trkpt lat="47.5988165" lon="12.8668297">
                <ele>1097.2</ele>
                <time>2016-08-20T17:20:57.000Z</time>
                <name>Position 680</name>
            </trkpt>
            <trkpt lat="47.5987855" lon="12.8671062">
                <ele>1090.2</ele>
                <time>2016-08-20T17:21:13.000Z</time>
                <name>Position 681</name>
            </trkpt>
            <trkpt lat="47.5987862" lon="12.867381">
                <ele>1088.3</ele>
                <time>2016-08-20T17:21:29.000Z</time>
                <name>Position 682</name>
            </trkpt>
            <trkpt lat="47.5989286" lon="12.8671996">
                <ele>1082.1</ele>
                <time>2016-08-20T17:22:03.000Z</time>
                <name>Position 683</name>
            </trkpt>
            <trkpt lat="47.5990593" lon="12.867006">
                <ele>1071.4</ele>
                <time>2016-08-20T17:22:18.000Z</time>
                <name>Position 684</name>
            </trkpt>
            <trkpt lat="47.5991619" lon="12.8667804">
                <ele>1068.4</ele>
                <time>2016-08-20T17:22:34.000Z</time>
                <name>Position 685</name>
            </trkpt>
            <trkpt lat="47.599245" lon="12.866522">
                <ele>1061.3</ele>
                <time>2016-08-20T17:22:49.000Z</time>
                <name>Position 686</name>
            </trkpt>
            <trkpt lat="47.5993105" lon="12.8662647">
                <ele>1060.1</ele>
                <time>2016-08-20T17:23:00.000Z</time>
                <name>Position 687</name>
            </trkpt>
            <trkpt lat="47.5994128" lon="12.8660408">
                <ele>1059.2</ele>
                <time>2016-08-20T17:23:12.000Z</time>
                <name>Position 688</name>
            </trkpt>
            <trkpt lat="47.5995066" lon="12.8658066">
                <ele>1053.3</ele>
                <time>2016-08-20T17:23:24.000Z</time>
                <name>Position 689</name>
            </trkpt>
            <trkpt lat="47.5996123" lon="12.8655753">
                <ele>1049.4</ele>
                <time>2016-08-20T17:23:37.000Z</time>
                <name>Position 690</name>
            </trkpt>
            <trkpt lat="47.5997139" lon="12.865354">
                <ele>1047.4</ele>
                <time>2016-08-20T17:23:50.000Z</time>
                <name>Position 691</name>
            </trkpt>
            <trkpt lat="47.5997818" lon="12.8651061">
                <ele>1044.2</ele>
                <time>2016-08-20T17:24:05.000Z</time>
                <name>Position 692</name>
            </trkpt>
            <trkpt lat="47.5997445" lon="12.8648323">
                <ele>1038.7</ele>
                <time>2016-08-20T17:24:19.000Z</time>
                <name>Position 693</name>
            </trkpt>
            <trkpt lat="47.5997468" lon="12.8645508">
                <ele>1032.2</ele>
                <time>2016-08-20T17:24:33.000Z</time>
                <name>Position 694</name>
            </trkpt>
            <trkpt lat="47.5998193" lon="12.8642992">
                <ele>1031.5</ele>
                <time>2016-08-20T17:24:49.000Z</time>
                <name>Position 695</name>
            </trkpt>
            <trkpt lat="47.5997983" lon="12.8640314">
                <ele>1025.4</ele>
                <time>2016-08-20T17:25:02.000Z</time>
                <name>Position 696</name>
            </trkpt>
            <trkpt lat="47.5998234" lon="12.8637652">
                <ele>1023.1</ele>
                <time>2016-08-20T17:25:15.000Z</time>
                <name>Position 697</name>
            </trkpt>
            <trkpt lat="47.5998535" lon="12.8634991">
                <ele>1024.9</ele>
                <time>2016-08-20T17:25:28.000Z</time>
                <name>Position 698</name>
            </trkpt>
            <trkpt lat="47.5998174" lon="12.8632252">
                <ele>1016.7</ele>
                <time>2016-08-20T17:25:40.000Z</time>
                <name>Position 699</name>
            </trkpt>
            <trkpt lat="47.5997613" lon="12.8629591">
                <ele>1016.9</ele>
                <time>2016-08-20T17:25:53.000Z</time>
                <name>Position 700</name>
            </trkpt>
            <trkpt lat="47.5997398" lon="12.8626827">
                <ele>1013.6</ele>
                <time>2016-08-20T17:26:06.000Z</time>
                <name>Position 701</name>
            </trkpt>
            <trkpt lat="47.5996834" lon="12.8624063">
                <ele>1001.4</ele>
                <time>2016-08-20T17:26:22.000Z</time>
                <name>Position 702</name>
            </trkpt>
            <trkpt lat="47.5997406" lon="12.8621366">
                <ele>999.4</ele>
                <time>2016-08-20T17:26:35.000Z</time>
                <name>Position 703</name>
            </trkpt>
            <trkpt lat="47.5997109" lon="12.8618619">
                <ele>994.2</ele>
                <time>2016-08-20T17:26:46.000Z</time>
                <name>Position 704</name>
            </trkpt>
            <trkpt lat="47.5996038" lon="12.861622">
                <ele>988.9</ele>
                <time>2016-08-20T17:26:57.000Z</time>
                <name>Position 705</name>
            </trkpt>
            <trkpt lat="47.5995536" lon="12.8613544">
                <ele>984.1</ele>
                <time>2016-08-20T17:27:09.000Z</time>
                <name>Position 706</name>
            </trkpt>
            <trkpt lat="47.5994858" lon="12.8610976">
                <ele>986.9</ele>
                <time>2016-08-20T17:27:20.000Z</time>
                <name>Position 707</name>
            </trkpt>
            <trkpt lat="47.5993647" lon="12.8608758">
                <ele>979.2</ele>
                <time>2016-08-20T17:27:29.000Z</time>
                <name>Position 708</name>
            </trkpt>
            <trkpt lat="47.5991785" lon="12.86086">
                <ele>972.6</ele>
                <time>2016-08-20T17:27:37.000Z</time>
                <name>Position 709</name>
            </trkpt>
            <trkpt lat="47.5990144" lon="12.8609823">
                <ele>969.2</ele>
                <time>2016-08-20T17:27:45.000Z</time>
                <name>Position 710</name>
            </trkpt>
            <trkpt lat="47.5988339" lon="12.8609693">
                <ele>969.1</ele>
                <time>2016-08-20T17:27:59.000Z</time>
                <name>Position 711</name>
            </trkpt>
            <trkpt lat="47.598671" lon="12.8608437">
                <ele>970.9</ele>
                <time>2016-08-20T17:28:11.000Z</time>
                <name>Position 712</name>
            </trkpt>
            <trkpt lat="47.5985594" lon="12.860612">
                <ele>968.0</ele>
                <time>2016-08-20T17:28:22.000Z</time>
                <name>Position 713</name>
            </trkpt>
            <trkpt lat="47.5984906" lon="12.8603508">
                <ele>965.2</ele>
                <time>2016-08-20T17:28:36.000Z</time>
                <name>Position 714</name>
            </trkpt>
            <trkpt lat="47.5983962" lon="12.8601238">
                <ele>963.3</ele>
                <time>2016-08-20T17:28:48.000Z</time>
                <name>Position 715</name>
            </trkpt>
            <trkpt lat="47.5983423" lon="12.8598598">
                <ele>964.1</ele>
                <time>2016-08-20T17:29:04.000Z</time>
                <name>Position 716</name>
            </trkpt>
            <trkpt lat="47.5983235" lon="12.8595772">
                <ele>958.0</ele>
                <time>2016-08-20T17:29:18.000Z</time>
                <name>Position 717</name>
            </trkpt>
            <trkpt lat="47.5983411" lon="12.8592814">
                <ele>957.1</ele>
                <time>2016-08-20T17:29:30.000Z</time>
                <name>Position 718</name>
            </trkpt>
            <trkpt lat="47.5983592" lon="12.8590109">
                <ele>956.2</ele>
                <time>2016-08-20T17:29:42.000Z</time>
                <name>Position 719</name>
            </trkpt>
            <trkpt lat="47.598406" lon="12.8587325">
                <ele>952.0</ele>
                <time>2016-08-20T17:29:57.000Z</time>
                <name>Position 720</name>
            </trkpt>
            <trkpt lat="47.5985178" lon="12.85852">
                <ele>942.4</ele>
                <time>2016-08-20T17:30:35.000Z</time>
                <name>Position 721</name>
            </trkpt>
            <trkpt lat="47.5986864" lon="12.8586311">
                <ele>931.3</ele>
                <time>2016-08-20T17:30:56.000Z</time>
                <name>Position 722</name>
            </trkpt>
            <trkpt lat="47.5988644" lon="12.8587171">
                <ele>929.1</ele>
                <time>2016-08-20T17:31:10.000Z</time>
                <name>Position 723</name>
            </trkpt>
            <trkpt lat="47.5990395" lon="12.85881">
                <ele>923.3</ele>
                <time>2016-08-20T17:31:27.000Z</time>
                <name>Position 724</name>
            </trkpt>
            <trkpt lat="47.5992231" lon="12.8588943">
                <ele>917.3</ele>
                <time>2016-08-20T17:31:39.000Z</time>
                <name>Position 725</name>
            </trkpt>
            <trkpt lat="47.5993974" lon="12.8590187">
                <ele>913.2</ele>
                <time>2016-08-20T17:31:50.000Z</time>
                <name>Position 726</name>
            </trkpt>
            <trkpt lat="47.5995628" lon="12.8591309">
                <ele>904.4</ele>
                <time>2016-08-20T17:32:07.000Z</time>
                <name>Position 727</name>
            </trkpt>
            <trkpt lat="47.5997212" lon="12.8592586">
                <ele>901.2</ele>
                <time>2016-08-20T17:32:19.000Z</time>
                <name>Position 728</name>
            </trkpt>
            <trkpt lat="47.5998971" lon="12.8593799">
                <ele>898.5</ele>
                <time>2016-08-20T17:32:43.000Z</time>
                <name>Position 729</name>
            </trkpt>
            <trkpt lat="47.6000841" lon="12.8594435">
                <ele>900.3</ele>
                <time>2016-08-20T17:33:03.000Z</time>
                <name>Position 730</name>
            </trkpt>
            <trkpt lat="47.6002642" lon="12.8595411">
                <ele>894.1</ele>
                <time>2016-08-20T17:33:13.000Z</time>
                <name>Position 731</name>
            </trkpt>
            <trkpt lat="47.6004328" lon="12.8596397">
                <ele>891.2</ele>
                <time>2016-08-20T17:33:22.000Z</time>
                <name>Position 732</name>
            </trkpt>
            <trkpt lat="47.6006054" lon="12.8597183">
                <ele>886.2</ele>
                <time>2016-08-20T17:33:33.000Z</time>
                <name>Position 733</name>
            </trkpt>
            <trkpt lat="47.6007959" lon="12.8597624">
                <ele>885.0</ele>
                <time>2016-08-20T17:33:45.000Z</time>
                <name>Position 734</name>
            </trkpt>
            <trkpt lat="47.6009751" lon="12.8597878">
                <ele>882.2</ele>
                <time>2016-08-20T17:33:57.000Z</time>
                <name>Position 735</name>
            </trkpt>
            <trkpt lat="47.6011626" lon="12.8597345">
                <ele>877.2</ele>
                <time>2016-08-20T17:34:11.000Z</time>
                <name>Position 736</name>
            </trkpt>
            <trkpt lat="47.601351" lon="12.8597941">
                <ele>872.3</ele>
                <time>2016-08-20T17:34:23.000Z</time>
                <name>Position 737</name>
            </trkpt>
            <trkpt lat="47.601539" lon="12.8598237">
                <ele>869.3</ele>
                <time>2016-08-20T17:34:34.000Z</time>
                <name>Position 738</name>
            </trkpt>
            <trkpt lat="47.6017149" lon="12.8599127">
                <ele>867.3</ele>
                <time>2016-08-20T17:34:45.000Z</time>
                <name>Position 739</name>
            </trkpt>
            <trkpt lat="47.601888" lon="12.8600226">
                <ele>865.2</ele>
                <time>2016-08-20T17:34:57.000Z</time>
                <name>Position 740</name>
            </trkpt>
            <trkpt lat="47.6020635" lon="12.8601262">
                <ele>864.1</ele>
                <time>2016-08-20T17:35:11.000Z</time>
                <name>Position 741</name>
            </trkpt>
            <trkpt lat="47.6022239" lon="12.8602686">
                <ele>861.0</ele>
                <time>2016-08-20T17:35:24.000Z</time>
                <name>Position 742</name>
            </trkpt>
            <trkpt lat="47.6024004" lon="12.8603603">
                <ele>861.1</ele>
                <time>2016-08-20T17:35:38.000Z</time>
                <name>Position 743</name>
            </trkpt>
            <trkpt lat="47.6025517" lon="12.8605156">
                <ele>855.1</ele>
                <time>2016-08-20T17:35:50.000Z</time>
                <name>Position 744</name>
            </trkpt>
            <trkpt lat="47.602693" lon="12.8606831">
                <ele>850.3</ele>
                <time>2016-08-20T17:36:01.000Z</time>
                <name>Position 745</name>
            </trkpt>
            <trkpt lat="47.6028471" lon="12.8608399">
                <ele>848.3</ele>
                <time>2016-08-20T17:36:12.000Z</time>
                <name>Position 746</name>
            </trkpt>
            <trkpt lat="47.603031" lon="12.8608112">
                <ele>847.4</ele>
                <time>2016-08-20T17:36:24.000Z</time>
                <name>Position 747</name>
            </trkpt>
            <trkpt lat="47.6032142" lon="12.8607343">
                <ele>838.2</ele>
                <time>2016-08-20T17:36:37.000Z</time>
                <name>Position 748</name>
            </trkpt>
            <trkpt lat="47.6033693" lon="12.8605941">
                <ele>839.1</ele>
                <time>2016-08-20T17:36:50.000Z</time>
                <name>Position 749</name>
            </trkpt>
            <trkpt lat="47.6034974" lon="12.8604011">
                <ele>845.3</ele>
                <time>2016-08-20T17:37:06.000Z</time>
                <name>Position 750</name>
            </trkpt>
            <trkpt lat="47.6035663" lon="12.8601452">
                <ele>845.5</ele>
                <time>2016-08-20T17:37:19.000Z</time>
                <name>Position 751</name>
            </trkpt>
            <trkpt lat="47.6035109" lon="12.859866">
                <ele>839.4</ele>
                <time>2016-08-20T17:37:38.000Z</time>
                <name>Position 752</name>
            </trkpt>
            <trkpt lat="47.6034126" lon="12.859641">
                <ele>833.2</ele>
                <time>2016-08-20T17:37:54.000Z</time>
                <name>Position 753</name>
            </trkpt>
            <trkpt lat="47.6032736" lon="12.8594376">
                <ele>836.1</ele>
                <time>2016-08-20T17:38:05.000Z</time>
                <name>Position 754</name>
            </trkpt>
            <trkpt lat="47.6032717" lon="12.8591701">
                <ele>843.2</ele>
                <time>2016-08-20T17:38:20.000Z</time>
                <name>Position 755</name>
            </trkpt>
            <trkpt lat="47.6033334" lon="12.8589132">
                <ele>834.2</ele>
                <time>2016-08-20T17:38:33.000Z</time>
                <name>Position 756</name>
            </trkpt>
            <trkpt lat="47.6034017" lon="12.8586537">
                <ele>831.4</ele>
                <time>2016-08-20T17:38:46.000Z</time>
                <name>Position 757</name>
            </trkpt>
            <trkpt lat="47.6034556" lon="12.8583979">
                <ele>836.3</ele>
                <time>2016-08-20T17:38:57.000Z</time>
                <name>Position 758</name>
            </trkpt>
            <trkpt lat="47.6034229" lon="12.8581222">
                <ele>825.2</ele>
                <time>2016-08-20T17:39:11.000Z</time>
                <name>Position 759</name>
            </trkpt>
            <trkpt lat="47.6033323" lon="12.8578744">
                <ele>822.9</ele>
                <time>2016-08-20T17:39:24.000Z</time>
                <name>Position 760</name>
            </trkpt>
            <trkpt lat="47.6033032" lon="12.857589">
                <ele>812.6</ele>
                <time>2016-08-20T17:39:37.000Z</time>
                <name>Position 761</name>
            </trkpt>
            <trkpt lat="47.6034934" lon="12.8576172">
                <ele>816.9</ele>
                <time>2016-08-20T17:39:59.000Z</time>
                <name>Position 762</name>
            </trkpt>
            <trkpt lat="47.6036413" lon="12.857776">
                <ele>807.4</ele>
                <time>2016-08-20T17:40:20.000Z</time>
                <name>Position 763</name>
            </trkpt>
            <trkpt lat="47.6037933" lon="12.8579494">
                <ele>808.9</ele>
                <time>2016-08-20T17:40:43.000Z</time>
                <name>Position 764</name>
            </trkpt>
            <trkpt lat="47.6039382" lon="12.8581079">
                <ele>804.3</ele>
                <time>2016-08-20T17:40:56.000Z</time>
                <name>Position 765</name>
            </trkpt>
            <trkpt lat="47.6040403" lon="12.8583476">
                <ele>804.1</ele>
                <time>2016-08-20T17:41:07.000Z</time>
                <name>Position 766</name>
            </trkpt>
            <trkpt lat="47.604206" lon="12.8584858">
                <ele>799.1</ele>
                <time>2016-08-20T17:41:19.000Z</time>
                <name>Position 767</name>
            </trkpt>
            <trkpt lat="47.6043813" lon="12.8585801">
                <ele>801.0</ele>
                <time>2016-08-20T17:41:33.000Z</time>
                <name>Position 768</name>
            </trkpt>
            <trkpt lat="47.6044777" lon="12.8588172">
                <ele>797.1</ele>
                <time>2016-08-20T17:41:45.000Z</time>
                <name>Position 769</name>
            </trkpt>
            <trkpt lat="47.60462" lon="12.8590098">
                <ele>801.1</ele>
                <time>2016-08-20T17:42:01.000Z</time>
                <name>Position 770</name>
            </trkpt>
            <trkpt lat="47.6047943" lon="12.8591097">
                <ele>808.1</ele>
                <time>2016-08-20T17:42:17.000Z</time>
                <name>Position 771</name>
            </trkpt>
            <trkpt lat="47.6049808" lon="12.8591772">
                <ele>808.5</ele>
                <time>2016-08-20T17:42:29.000Z</time>
                <name>Position 772</name>
            </trkpt>
            <trkpt lat="47.6051524" lon="12.8592613">
                <ele>805.4</ele>
                <time>2016-08-20T17:42:40.000Z</time>
                <name>Position 773</name>
            </trkpt>
            <trkpt lat="47.6053204" lon="12.8594022">
                <ele>796.2</ele>
                <time>2016-08-20T17:42:50.000Z</time>
                <name>Position 774</name>
            </trkpt>
            <trkpt lat="47.605501" lon="12.8595141">
                <ele>795.1</ele>
                <time>2016-08-20T17:43:02.000Z</time>
                <name>Position 775</name>
            </trkpt>
            <trkpt lat="47.6056898" lon="12.8596321">
                <ele>794.5</ele>
                <time>2016-08-20T17:43:15.000Z</time>
                <name>Position 776</name>
            </trkpt>
            <trkpt lat="47.6058612" lon="12.8597537">
                <ele>794.0</ele>
                <time>2016-08-20T17:43:26.000Z</time>
                <name>Position 777</name>
            </trkpt>
            <trkpt lat="47.6060102" lon="12.8599245">
                <ele>795.1</ele>
                <time>2016-08-20T17:43:38.000Z</time>
                <name>Position 778</name>
            </trkpt>
            <trkpt lat="47.6061117" lon="12.8601512">
                <ele>791.6</ele>
                <time>2016-08-20T17:43:50.000Z</time>
                <name>Position 779</name>
            </trkpt>
            <trkpt lat="47.6061596" lon="12.8604223">
                <ele>789.1</ele>
                <time>2016-08-20T17:44:01.000Z</time>
                <name>Position 780</name>
            </trkpt>
            <trkpt lat="47.60618" lon="12.860689">
                <ele>788.2</ele>
                <time>2016-08-20T17:44:14.000Z</time>
                <name>Position 781</name>
            </trkpt>
            <trkpt lat="47.6061342" lon="12.8609589">
                <ele>788.3</ele>
                <time>2016-08-20T17:44:26.000Z</time>
                <name>Position 782</name>
            </trkpt>
            <trkpt lat="47.606073" lon="12.8612244">
                <ele>794.2</ele>
                <time>2016-08-20T17:44:39.000Z</time>
                <name>Position 783</name>
            </trkpt>
        </trkseg>
    </trk>
</gpx>
