<?xml version="1.0" encoding="utf-8"?><gpx creator="Garmin Desktop App" version="1.1" xsi:schemaLocation="http://www.topografix.com/GPX/1/1 http://www.topografix.com/GPX/1/1/gpx.xsd http://www.garmin.com/xmlschemas/WaypointExtension/v1 http://www8.garmin.com/xmlschemas/WaypointExtensionv1.xsd http://www.garmin.com/xmlschemas/TrackPointExtension/v1 http://www.garmin.com/xmlschemas/TrackPointExtensionv1.xsd http://www.garmin.com/xmlschemas/GpxExtensions/v3 http://www8.garmin.com/xmlschemas/GpxExtensionsv3.xsd http://www.garmin.com/xmlschemas/ActivityExtension/v1 http://www8.garmin.com/xmlschemas/ActivityExtensionv1.xsd http://www.garmin.com/xmlschemas/AdventuresExtensions/v1 http://www8.garmin.com/xmlschemas/AdventuresExtensionv1.xsd http://www.garmin.com/xmlschemas/PressureExtension/v1 http://www.garmin.com/xmlschemas/PressureExtensionv1.xsd http://www.garmin.com/xmlschemas/TripExtensions/v1 http://www.garmin.com/xmlschemas/TripExtensionsv1.xsd http://www.garmin.com/xmlschemas/TripMetaDataExtensions/v1 http://www.garmin.com/xmlschemas/TripMetaDataExtensionsv1.xsd http://www.garmin.com/xmlschemas/ViaPointTransportationModeExtensions/v1 http://www.garmin.com/xmlschemas/ViaPointTransportationModeExtensionsv1.xsd http://www.garmin.com/xmlschemas/CreationTimeExtension/v1 http://www.garmin.com/xmlschemas/CreationTimeExtensionsv1.xsd http://www.garmin.com/xmlschemas/AccelerationExtension/v1 http://www.garmin.com/xmlschemas/AccelerationExtensionv1.xsd http://www.garmin.com/xmlschemas/PowerExtension/v1 http://www.garmin.com/xmlschemas/PowerExtensionv1.xsd http://www.garmin.com/xmlschemas/VideoExtension/v1 http://www.garmin.com/xmlschemas/VideoExtensionv1.xsd" xmlns="http://www.topografix.com/GPX/1/1" xmlns:xsi="http://www.w3.org/2001/XMLSchema-instance" xmlns:wptx1="http://www.garmin.com/xmlschemas/WaypointExtension/v1" xmlns:gpxtrx="http://www.garmin.com/xmlschemas/GpxExtensions/v3" xmlns:gpxtpx="http://www.garmin.com/xmlschemas/TrackPointExtension/v1" xmlns:gpxx="http://www.garmin.com/xmlschemas/GpxExtensions/v3" xmlns:trp="http://www.garmin.com/xmlschemas/TripExtensions/v1" xmlns:adv="http://www.garmin.com/xmlschemas/AdventuresExtensions/v1" xmlns:prs="http://www.garmin.com/xmlschemas/PressureExtension/v1" xmlns:tmd="http://www.garmin.com/xmlschemas/TripMetaDataExtensions/v1" xmlns:vptm="http://www.garmin.com/xmlschemas/ViaPointTransportationModeExtensions/v1" xmlns:ctx="http://www.garmin.com/xmlschemas/CreationTimeExtension/v1" xmlns:gpxacc="http://www.garmin.com/xmlschemas/AccelerationExtension/v1" xmlns:gpxpx="http://www.garmin.com/xmlschemas/PowerExtension/v1" xmlns:vidx1="http://www.garmin.com/xmlschemas/VideoExtension/v1">

  <metadata>
    <link href="http://www.garmin.com">
      <text>Garmin International</text>
    </link>
    <time>2014-09-03T18:47:05Z</time>
    <bounds maxlat="46.445807889103889" maxlon="13.659435985609889" minlat="46.439111502841115" minlon="13.641506591811776" />
  </metadata>

  <trk>
    <name>Ferrata Slovena</name>
    <extensions>
      <gpxx:TrackExtension>
        <gpxx:DisplayColor>Red</gpxx:DisplayColor>
      </gpxx:TrackExtension>
    </extensions>
    <trkseg>
      <trkpt lat="46.443728674203157" lon="13.6416538618505">
        <ele>2051.1100000000001</ele>
        <time>2014-08-17T05:21:55Z</time>
        <extensions>
          <gpxtpx:TrackPointExtension>
            <gpxtpx:atemp>4.5</gpxtpx:atemp>
          </gpxtpx:TrackPointExtension>
          <gpxx:TrackPointExtension>
            <gpxx:Temperature>4.5</gpxx:Temperature>
          </gpxx:TrackPointExtension>
        </extensions>
      </trkpt>
      <trkpt lat="46.443802434951067" lon="13.641604660078883">
        <ele>2051.5900000000001</ele>
        <time>2014-08-17T05:22:05Z</time>
        <extensions>
          <gpxtpx:TrackPointExtension>
            <gpxtpx:atemp>4.5</gpxtpx:atemp>
          </gpxtpx:TrackPointExtension>
          <gpxx:TrackPointExtension>
            <gpxx:Temperature>4.5</gpxx:Temperature>
          </gpxx:TrackPointExtension>
        </extensions>
      </trkpt>
      <trkpt lat="46.44379086792469" lon="13.641648329794407">
        <ele>2052.0700000000002</ele>
        <time>2014-08-17T05:22:12Z</time>
        <extensions>
          <gpxtpx:TrackPointExtension>
            <gpxtpx:atemp>4.5</gpxtpx:atemp>
          </gpxtpx:TrackPointExtension>
          <gpxx:TrackPointExtension>
            <gpxx:Temperature>4.5</gpxx:Temperature>
          </gpxx:TrackPointExtension>
        </extensions>
      </trkpt>
      <trkpt lat="46.443805955350399" lon="13.641686299815774">
        <ele>2053.5100000000002</ele>
        <time>2014-08-17T05:22:19Z</time>
        <extensions>
          <gpxtpx:TrackPointExtension>
            <gpxtpx:atemp>4.5</gpxtpx:atemp>
          </gpxtpx:TrackPointExtension>
          <gpxx:TrackPointExtension>
            <gpxx:Temperature>4.5</gpxx:Temperature>
          </gpxx:TrackPointExtension>
        </extensions>
      </trkpt>
      <trkpt lat="46.443812409415841" lon="13.641722509637475">
        <ele>2053.9899999999998</ele>
        <time>2014-08-17T05:22:25Z</time>
        <extensions>
          <gpxtpx:TrackPointExtension>
            <gpxtpx:atemp>5</gpxtpx:atemp>
          </gpxtpx:TrackPointExtension>
          <gpxx:TrackPointExtension>
            <gpxx:Temperature>5</gpxx:Temperature>
          </gpxx:TrackPointExtension>
        </extensions>
      </trkpt>
      <trkpt lat="46.44382799975574" lon="13.641766514629126">
        <ele>2054.96</ele>
        <time>2014-08-17T05:22:30Z</time>
        <extensions>
          <gpxtpx:TrackPointExtension>
            <gpxtpx:atemp>5</gpxtpx:atemp>
          </gpxtpx:TrackPointExtension>
          <gpxx:TrackPointExtension>
            <gpxx:Temperature>5</gpxx:Temperature>
          </gpxx:TrackPointExtension>
        </extensions>
      </trkpt>
      <trkpt lat="46.443866305053234" lon="13.641826026141644">
        <ele>2054.96</ele>
        <time>2014-08-17T05:22:36Z</time>
        <extensions>
          <gpxtpx:TrackPointExtension>
            <gpxtpx:atemp>5</gpxtpx:atemp>
          </gpxtpx:TrackPointExtension>
          <gpxx:TrackPointExtension>
            <gpxx:Temperature>5</gpxx:Temperature>
          </gpxx:TrackPointExtension>
        </extensions>
      </trkpt>
      <trkpt lat="46.443881811574101" lon="13.641848992556334">
        <ele>2055.9200000000001</ele>
        <time>2014-08-17T05:22:38Z</time>
        <extensions>
          <gpxtpx:TrackPointExtension>
            <gpxtpx:atemp>5</gpxtpx:atemp>
          </gpxtpx:TrackPointExtension>
          <gpxx:TrackPointExtension>
            <gpxx:Temperature>5</gpxx:Temperature>
          </gpxx:TrackPointExtension>
        </extensions>
      </trkpt>
      <trkpt lat="46.443901509046555" lon="13.641888806596398">
        <ele>2055.9200000000001</ele>
        <time>2014-08-17T05:22:41Z</time>
        <extensions>
          <gpxtpx:TrackPointExtension>
            <gpxtpx:atemp>5</gpxtpx:atemp>
          </gpxtpx:TrackPointExtension>
          <gpxx:TrackPointExtension>
            <gpxx:Temperature>5</gpxx:Temperature>
          </gpxx:TrackPointExtension>
        </extensions>
      </trkpt>
      <trkpt lat="46.443954817950726" lon="13.642018223181367">
        <ele>2055.9200000000001</ele>
        <time>2014-08-17T05:22:51Z</time>
        <extensions>
          <gpxtpx:TrackPointExtension>
            <gpxtpx:atemp>5</gpxtpx:atemp>
          </gpxtpx:TrackPointExtension>
          <gpxx:TrackPointExtension>
            <gpxx:Temperature>5</gpxx:Temperature>
          </gpxx:TrackPointExtension>
        </extensions>
      </trkpt>
      <trkpt lat="46.444007875397801" lon="13.642114782705903">
        <ele>2055.9200000000001</ele>
        <time>2014-08-17T05:22:59Z</time>
        <extensions>
          <gpxtpx:TrackPointExtension>
            <gpxtpx:atemp>5</gpxtpx:atemp>
          </gpxtpx:TrackPointExtension>
          <gpxx:TrackPointExtension>
            <gpxx:Temperature>5</gpxx:Temperature>
          </gpxx:TrackPointExtension>
        </extensions>
      </trkpt>
      <trkpt lat="46.444043330848217" lon="13.64219524897635">
        <ele>2056.4000000000001</ele>
        <time>2014-08-17T05:23:07Z</time>
        <extensions>
          <gpxtpx:TrackPointExtension>
            <gpxtpx:atemp>5</gpxtpx:atemp>
          </gpxtpx:TrackPointExtension>
          <gpxx:TrackPointExtension>
            <gpxx:Temperature>5</gpxx:Temperature>
          </gpxx:TrackPointExtension>
        </extensions>
      </trkpt>
      <trkpt lat="46.444107871502638" lon="13.642297759652138">
        <ele>2056.8800000000001</ele>
        <time>2014-08-17T05:23:16Z</time>
        <extensions>
          <gpxtpx:TrackPointExtension>
            <gpxtpx:atemp>5</gpxtpx:atemp>
          </gpxtpx:TrackPointExtension>
          <gpxx:TrackPointExtension>
            <gpxx:Temperature>5</gpxx:Temperature>
          </gpxx:TrackPointExtension>
        </extensions>
      </trkpt>
      <trkpt lat="46.444189930334687" lon="13.642385685816407">
        <ele>2056.8800000000001</ele>
        <time>2014-08-17T05:23:26Z</time>
        <extensions>
          <gpxtpx:TrackPointExtension>
            <gpxtpx:atemp>5</gpxtpx:atemp>
          </gpxtpx:TrackPointExtension>
          <gpxx:TrackPointExtension>
            <gpxx:Temperature>5</gpxx:Temperature>
          </gpxx:TrackPointExtension>
        </extensions>
      </trkpt>
      <trkpt lat="46.444259416311979" lon="13.642416782677174">
        <ele>2057.3600000000001</ele>
        <time>2014-08-17T05:25:25Z</time>
        <extensions>
          <gpxtpx:TrackPointExtension>
            <gpxtpx:atemp>3.7</gpxtpx:atemp>
          </gpxtpx:TrackPointExtension>
          <gpxx:TrackPointExtension>
            <gpxx:Temperature>3.7</gpxx:Temperature>
          </gpxx:TrackPointExtension>
        </extensions>
      </trkpt>
      <trkpt lat="46.444237288087606" lon="13.642415022477508">
        <ele>2057.8400000000001</ele>
        <time>2014-08-17T05:25:32Z</time>
        <extensions>
          <gpxtpx:TrackPointExtension>
            <gpxtpx:atemp>3.7</gpxtpx:atemp>
          </gpxtpx:TrackPointExtension>
          <gpxx:TrackPointExtension>
            <gpxx:Temperature>3.7</gpxx:Temperature>
          </gpxx:TrackPointExtension>
        </extensions>
      </trkpt>
      <trkpt lat="46.44424382597208" lon="13.642440335825086">
        <ele>2056.8800000000001</ele>
        <time>2014-08-17T05:25:59Z</time>
        <extensions>
          <gpxtpx:TrackPointExtension>
            <gpxtpx:atemp>3.7</gpxtpx:atemp>
          </gpxtpx:TrackPointExtension>
          <gpxx:TrackPointExtension>
            <gpxx:Temperature>3.7</gpxx:Temperature>
          </gpxx:TrackPointExtension>
        </extensions>
      </trkpt>
      <trkpt lat="46.444245502352715" lon="13.642473109066486">
        <ele>2057.8400000000001</ele>
        <time>2014-08-17T05:26:06Z</time>
        <extensions>
          <gpxtpx:TrackPointExtension>
            <gpxtpx:atemp>3.7</gpxtpx:atemp>
          </gpxtpx:TrackPointExtension>
          <gpxx:TrackPointExtension>
            <gpxx:Temperature>3.7</gpxx:Temperature>
          </gpxx:TrackPointExtension>
        </extensions>
      </trkpt>
      <trkpt lat="46.444258578121662" lon="13.642589030787349">
        <ele>2058.8000000000002</ele>
        <time>2014-08-17T05:26:16Z</time>
        <extensions>
          <gpxtpx:TrackPointExtension>
            <gpxtpx:atemp>3.7</gpxtpx:atemp>
          </gpxtpx:TrackPointExtension>
          <gpxx:TrackPointExtension>
            <gpxx:Temperature>3.7</gpxx:Temperature>
          </gpxx:TrackPointExtension>
        </extensions>
      </trkpt>
      <trkpt lat="46.444295458495617" lon="13.642701515927911">
        <ele>2057.8400000000001</ele>
        <time>2014-08-17T05:26:24Z</time>
        <extensions>
          <gpxtpx:TrackPointExtension>
            <gpxtpx:atemp>3.4</gpxtpx:atemp>
          </gpxtpx:TrackPointExtension>
          <gpxx:TrackPointExtension>
            <gpxx:Temperature>3.4</gpxx:Temperature>
          </gpxx:TrackPointExtension>
        </extensions>
      </trkpt>
      <trkpt lat="46.444348767399788" lon="13.642802098765969">
        <ele>2058.3200000000002</ele>
        <time>2014-08-17T05:26:33Z</time>
        <extensions>
          <gpxtpx:TrackPointExtension>
            <gpxtpx:atemp>3.4</gpxtpx:atemp>
          </gpxtpx:TrackPointExtension>
          <gpxx:TrackPointExtension>
            <gpxx:Temperature>3.4</gpxx:Temperature>
          </gpxx:TrackPointExtension>
        </extensions>
      </trkpt>
      <trkpt lat="46.444379277527332" lon="13.642905866727233">
        <ele>2059.7600000000002</ele>
        <time>2014-08-17T05:26:41Z</time>
        <extensions>
          <gpxtpx:TrackPointExtension>
            <gpxtpx:atemp>3.4</gpxtpx:atemp>
          </gpxtpx:TrackPointExtension>
          <gpxx:TrackPointExtension>
            <gpxx:Temperature>3.4</gpxx:Temperature>
          </gpxx:TrackPointExtension>
        </extensions>
      </trkpt>
      <trkpt lat="46.444391263648868" lon="13.643034864217043">
        <ele>2061.1999999999998</ele>
        <time>2014-08-17T05:26:50Z</time>
        <extensions>
          <gpxtpx:TrackPointExtension>
            <gpxtpx:atemp>3.4</gpxtpx:atemp>
          </gpxtpx:TrackPointExtension>
          <gpxx:TrackPointExtension>
            <gpxx:Temperature>3.4</gpxx:Temperature>
          </gpxx:TrackPointExtension>
        </extensions>
      </trkpt>
      <trkpt lat="46.444417582824826" lon="13.643121114000678">
        <ele>2062.1700000000001</ele>
        <time>2014-08-17T05:26:58Z</time>
        <extensions>
          <gpxtpx:TrackPointExtension>
            <gpxtpx:atemp>3.4</gpxtpx:atemp>
          </gpxtpx:TrackPointExtension>
          <gpxx:TrackPointExtension>
            <gpxx:Temperature>3.4</gpxx:Temperature>
          </gpxx:TrackPointExtension>
        </extensions>
      </trkpt>
      <trkpt lat="46.444427222013474" lon="13.643185570836067">
        <ele>2063.6100000000001</ele>
        <time>2014-08-17T05:27:04Z</time>
        <extensions>
          <gpxtpx:TrackPointExtension>
            <gpxtpx:atemp>3.4</gpxtpx:atemp>
          </gpxtpx:TrackPointExtension>
          <gpxx:TrackPointExtension>
            <gpxx:Temperature>3.4</gpxx:Temperature>
          </gpxx:TrackPointExtension>
        </extensions>
      </trkpt>
      <trkpt lat="46.444442477077246" lon="13.643252542242408">
        <ele>2063.6100000000001</ele>
        <time>2014-08-17T05:27:11Z</time>
        <extensions>
          <gpxtpx:TrackPointExtension>
            <gpxtpx:atemp>3.4</gpxtpx:atemp>
          </gpxtpx:TrackPointExtension>
          <gpxx:TrackPointExtension>
            <gpxx:Temperature>3.4</gpxx:Temperature>
          </gpxx:TrackPointExtension>
        </extensions>
      </trkpt>
      <trkpt lat="46.444467203691602" lon="13.643303420394659">
        <ele>2065.0500000000002</ele>
        <time>2014-08-17T05:27:18Z</time>
        <extensions>
          <gpxtpx:TrackPointExtension>
            <gpxtpx:atemp>3.4</gpxtpx:atemp>
          </gpxtpx:TrackPointExtension>
          <gpxx:TrackPointExtension>
            <gpxx:Temperature>3.4</gpxx:Temperature>
          </gpxx:TrackPointExtension>
        </extensions>
      </trkpt>
      <trkpt lat="46.444483548402786" lon="13.643362764269114">
        <ele>2066.4899999999998</ele>
        <time>2014-08-17T05:27:25Z</time>
        <extensions>
          <gpxtpx:TrackPointExtension>
            <gpxtpx:atemp>3</gpxtpx:atemp>
          </gpxtpx:TrackPointExtension>
          <gpxx:TrackPointExtension>
            <gpxx:Temperature>3</gpxx:Temperature>
          </gpxx:TrackPointExtension>
        </extensions>
      </trkpt>
      <trkpt lat="46.444505508989096" lon="13.64340802654624">
        <ele>2066.9699999999998</ele>
        <time>2014-08-17T05:27:32Z</time>
        <extensions>
          <gpxtpx:TrackPointExtension>
            <gpxtpx:atemp>3</gpxtpx:atemp>
          </gpxtpx:TrackPointExtension>
          <gpxx:TrackPointExtension>
            <gpxx:Temperature>3</gpxx:Temperature>
          </gpxx:TrackPointExtension>
        </extensions>
      </trkpt>
      <trkpt lat="46.44451548345387" lon="13.643461754545569">
        <ele>2068.8899999999999</ele>
        <time>2014-08-17T05:27:39Z</time>
        <extensions>
          <gpxtpx:TrackPointExtension>
            <gpxtpx:atemp>3</gpxtpx:atemp>
          </gpxtpx:TrackPointExtension>
          <gpxx:TrackPointExtension>
            <gpxx:Temperature>3</gpxx:Temperature>
          </gpxx:TrackPointExtension>
        </extensions>
      </trkpt>
      <trkpt lat="46.444528726860881" lon="13.64351112395525">
        <ele>2069.8600000000001</ele>
        <time>2014-08-17T05:27:45Z</time>
        <extensions>
          <gpxtpx:TrackPointExtension>
            <gpxtpx:atemp>3</gpxtpx:atemp>
          </gpxtpx:TrackPointExtension>
          <gpxx:TrackPointExtension>
            <gpxx:Temperature>3</gpxx:Temperature>
          </gpxx:TrackPointExtension>
        </extensions>
      </trkpt>
      <trkpt lat="46.444535851478577" lon="13.643566193059087">
        <ele>2070.3400000000001</ele>
        <time>2014-08-17T05:27:51Z</time>
        <extensions>
          <gpxtpx:TrackPointExtension>
            <gpxtpx:atemp>3</gpxtpx:atemp>
          </gpxtpx:TrackPointExtension>
          <gpxx:TrackPointExtension>
            <gpxx:Temperature>3</gpxx:Temperature>
          </gpxx:TrackPointExtension>
        </extensions>
      </trkpt>
      <trkpt lat="46.444560661911964" lon="13.643629560247064">
        <ele>2070.8200000000002</ele>
        <time>2014-08-17T05:27:58Z</time>
        <extensions>
          <gpxtpx:TrackPointExtension>
            <gpxtpx:atemp>3</gpxtpx:atemp>
          </gpxtpx:TrackPointExtension>
          <gpxx:TrackPointExtension>
            <gpxx:Temperature>3</gpxx:Temperature>
          </gpxx:TrackPointExtension>
        </extensions>
      </trkpt>
      <trkpt lat="46.444567702710629" lon="13.643685048446059">
        <ele>2071.3000000000002</ele>
        <time>2014-08-17T05:28:04Z</time>
        <extensions>
          <gpxtpx:TrackPointExtension>
            <gpxtpx:atemp>3</gpxtpx:atemp>
          </gpxtpx:TrackPointExtension>
          <gpxx:TrackPointExtension>
            <gpxx:Temperature>3</gpxx:Temperature>
          </gpxx:TrackPointExtension>
        </extensions>
      </trkpt>
      <trkpt lat="46.444585975259542" lon="13.643750762566924">
        <ele>2073.2199999999998</ele>
        <time>2014-08-17T05:28:11Z</time>
        <extensions>
          <gpxtpx:TrackPointExtension>
            <gpxtpx:atemp>3</gpxtpx:atemp>
          </gpxtpx:TrackPointExtension>
          <gpxx:TrackPointExtension>
            <gpxx:Temperature>3</gpxx:Temperature>
          </gpxx:TrackPointExtension>
        </extensions>
      </trkpt>
      <trkpt lat="46.444598380476236" lon="13.643783535808325">
        <ele>2074.1799999999998</ele>
        <time>2014-08-17T05:28:15Z</time>
        <extensions>
          <gpxtpx:TrackPointExtension>
            <gpxtpx:atemp>3</gpxtpx:atemp>
          </gpxtpx:TrackPointExtension>
          <gpxx:TrackPointExtension>
            <gpxx:Temperature>3</gpxx:Temperature>
          </gpxx:TrackPointExtension>
        </extensions>
      </trkpt>
      <trkpt lat="46.444630147889256" lon="13.643862577155232">
        <ele>2074.6599999999999</ele>
        <time>2014-08-17T05:28:23Z</time>
        <extensions>
          <gpxtpx:TrackPointExtension>
            <gpxtpx:atemp>3.4</gpxtpx:atemp>
          </gpxtpx:TrackPointExtension>
          <gpxx:TrackPointExtension>
            <gpxx:Temperature>3.4</gpxx:Temperature>
          </gpxx:TrackPointExtension>
        </extensions>
      </trkpt>
      <trkpt lat="46.444654706865549" lon="13.643948156386614">
        <ele>2076.0999999999999</ele>
        <time>2014-08-17T05:28:31Z</time>
        <extensions>
          <gpxtpx:TrackPointExtension>
            <gpxtpx:atemp>3.4</gpxtpx:atemp>
          </gpxtpx:TrackPointExtension>
          <gpxx:TrackPointExtension>
            <gpxx:Temperature>3.4</gpxx:Temperature>
          </gpxx:TrackPointExtension>
        </extensions>
      </trkpt>
      <trkpt lat="46.444690329954028" lon="13.644012613222003">
        <ele>2076.5900000000001</ele>
        <time>2014-08-17T05:28:39Z</time>
        <extensions>
          <gpxtpx:TrackPointExtension>
            <gpxtpx:atemp>3.4</gpxtpx:atemp>
          </gpxtpx:TrackPointExtension>
          <gpxx:TrackPointExtension>
            <gpxx:Temperature>3.4</gpxx:Temperature>
          </gpxx:TrackPointExtension>
        </extensions>
      </trkpt>
      <trkpt lat="46.444737100973725" lon="13.644105568528175">
        <ele>2077.5500000000002</ele>
        <time>2014-08-17T05:28:47Z</time>
        <extensions>
          <gpxtpx:TrackPointExtension>
            <gpxtpx:atemp>3.4</gpxtpx:atemp>
          </gpxtpx:TrackPointExtension>
          <gpxx:TrackPointExtension>
            <gpxx:Temperature>3.4</gpxx:Temperature>
          </gpxx:TrackPointExtension>
        </extensions>
      </trkpt>
      <trkpt lat="46.444787979125977" lon="13.644219310954213">
        <ele>2078.5100000000002</ele>
        <time>2014-08-17T05:28:57Z</time>
        <extensions>
          <gpxtpx:TrackPointExtension>
            <gpxtpx:atemp>3.4</gpxtpx:atemp>
          </gpxtpx:TrackPointExtension>
          <gpxx:TrackPointExtension>
            <gpxx:Temperature>3.4</gpxx:Temperature>
          </gpxx:TrackPointExtension>
        </extensions>
      </trkpt>
      <trkpt lat="46.444825194776058" lon="13.644300615414977">
        <ele>2078.5100000000002</ele>
        <time>2014-08-17T05:29:05Z</time>
        <extensions>
          <gpxtpx:TrackPointExtension>
            <gpxtpx:atemp>3.4</gpxtpx:atemp>
          </gpxtpx:TrackPointExtension>
          <gpxx:TrackPointExtension>
            <gpxx:Temperature>3.4</gpxx:Temperature>
          </gpxx:TrackPointExtension>
        </extensions>
      </trkpt>
      <trkpt lat="46.444878336042166" lon="13.644393905997276">
        <ele>2079.4699999999998</ele>
        <time>2014-08-17T05:29:14Z</time>
        <extensions>
          <gpxtpx:TrackPointExtension>
            <gpxtpx:atemp>3.4</gpxtpx:atemp>
          </gpxtpx:TrackPointExtension>
          <gpxx:TrackPointExtension>
            <gpxx:Temperature>3.4</gpxx:Temperature>
          </gpxx:TrackPointExtension>
        </extensions>
      </trkpt>
      <trkpt lat="46.444911025464535" lon="13.644483676180243">
        <ele>2081.3899999999999</ele>
        <time>2014-08-17T05:29:22Z</time>
        <extensions>
          <gpxtpx:TrackPointExtension>
            <gpxtpx:atemp>2.9</gpxtpx:atemp>
          </gpxtpx:TrackPointExtension>
          <gpxx:TrackPointExtension>
            <gpxx:Temperature>2.9</gpxx:Temperature>
          </gpxx:TrackPointExtension>
        </extensions>
      </trkpt>
      <trkpt lat="46.444919072091579" lon="13.644510246813297">
        <ele>2081.8699999999999</ele>
        <time>2014-08-17T05:29:24Z</time>
        <extensions>
          <gpxtpx:TrackPointExtension>
            <gpxtpx:atemp>2.9</gpxtpx:atemp>
          </gpxtpx:TrackPointExtension>
          <gpxx:TrackPointExtension>
            <gpxx:Temperature>2.9</gpxx:Temperature>
          </gpxx:TrackPointExtension>
        </extensions>
      </trkpt>
      <trkpt lat="46.444972548633814" lon="13.644646955654025">
        <ele>2082.3499999999999</ele>
        <time>2014-08-17T05:29:34Z</time>
        <extensions>
          <gpxtpx:TrackPointExtension>
            <gpxtpx:atemp>2.9</gpxtpx:atemp>
          </gpxtpx:TrackPointExtension>
          <gpxx:TrackPointExtension>
            <gpxx:Temperature>2.9</gpxx:Temperature>
          </gpxx:TrackPointExtension>
        </extensions>
      </trkpt>
      <trkpt lat="46.445022588595748" lon="13.644754830747843">
        <ele>2082.3499999999999</ele>
        <time>2014-08-17T05:29:43Z</time>
        <extensions>
          <gpxtpx:TrackPointExtension>
            <gpxtpx:atemp>2.9</gpxtpx:atemp>
          </gpxtpx:TrackPointExtension>
          <gpxx:TrackPointExtension>
            <gpxx:Temperature>2.9</gpxx:Temperature>
          </gpxx:TrackPointExtension>
        </extensions>
      </trkpt>
      <trkpt lat="46.445076148957014" lon="13.64483043551445">
        <ele>2083.79</ele>
        <time>2014-08-17T05:29:51Z</time>
        <extensions>
          <gpxtpx:TrackPointExtension>
            <gpxtpx:atemp>2.9</gpxtpx:atemp>
          </gpxtpx:TrackPointExtension>
          <gpxx:TrackPointExtension>
            <gpxx:Temperature>2.9</gpxx:Temperature>
          </gpxx:TrackPointExtension>
        </extensions>
      </trkpt>
      <trkpt lat="46.445136666297913" lon="13.644947111606598">
        <ele>2084.2800000000002</ele>
        <time>2014-08-17T05:30:01Z</time>
        <extensions>
          <gpxtpx:TrackPointExtension>
            <gpxtpx:atemp>2.9</gpxtpx:atemp>
          </gpxtpx:TrackPointExtension>
          <gpxx:TrackPointExtension>
            <gpxx:Temperature>2.9</gpxx:Temperature>
          </gpxx:TrackPointExtension>
        </extensions>
      </trkpt>
      <trkpt lat="46.445175809785724" lon="13.64505129866302">
        <ele>2085.2399999999998</ele>
        <time>2014-08-17T05:30:10Z</time>
        <extensions>
          <gpxtpx:TrackPointExtension>
            <gpxtpx:atemp>2.9</gpxtpx:atemp>
          </gpxtpx:TrackPointExtension>
          <gpxx:TrackPointExtension>
            <gpxx:Temperature>2.9</gpxx:Temperature>
          </gpxx:TrackPointExtension>
        </extensions>
      </trkpt>
      <trkpt lat="46.445205230265856" lon="13.645096477121115">
        <ele>2085.7199999999998</ele>
        <time>2014-08-17T05:30:17Z</time>
        <extensions>
          <gpxtpx:TrackPointExtension>
            <gpxtpx:atemp>2.9</gpxtpx:atemp>
          </gpxtpx:TrackPointExtension>
          <gpxx:TrackPointExtension>
            <gpxx:Temperature>2.9</gpxx:Temperature>
          </gpxx:TrackPointExtension>
        </extensions>
      </trkpt>
      <trkpt lat="46.445218976587057" lon="13.645154731348157">
        <ele>2087.1599999999999</ele>
        <time>2014-08-17T05:30:49Z</time>
        <extensions>
          <gpxtpx:TrackPointExtension>
            <gpxtpx:atemp>2.8</gpxtpx:atemp>
          </gpxtpx:TrackPointExtension>
          <gpxx:TrackPointExtension>
            <gpxx:Temperature>2.8</gpxx:Temperature>
          </gpxx:TrackPointExtension>
        </extensions>
      </trkpt>
      <trkpt lat="46.445238841697574" lon="13.645209465175867">
        <ele>2087.1599999999999</ele>
        <time>2014-08-17T05:30:56Z</time>
        <extensions>
          <gpxtpx:TrackPointExtension>
            <gpxtpx:atemp>2.8</gpxtpx:atemp>
          </gpxtpx:TrackPointExtension>
          <gpxx:TrackPointExtension>
            <gpxx:Temperature>2.8</gpxx:Temperature>
          </gpxx:TrackPointExtension>
        </extensions>
      </trkpt>
      <trkpt lat="46.445247977972031" lon="13.645252045243979">
        <ele>2087.6399999999999</ele>
        <time>2014-08-17T05:31:03Z</time>
        <extensions>
          <gpxtpx:TrackPointExtension>
            <gpxtpx:atemp>2.8</gpxtpx:atemp>
          </gpxtpx:TrackPointExtension>
          <gpxx:TrackPointExtension>
            <gpxx:Temperature>2.8</gpxx:Temperature>
          </gpxx:TrackPointExtension>
        </extensions>
      </trkpt>
      <trkpt lat="46.445263819769025" lon="13.64528632722795">
        <ele>2088.1199999999999</ele>
        <time>2014-08-17T05:31:09Z</time>
        <extensions>
          <gpxtpx:TrackPointExtension>
            <gpxtpx:atemp>2.8</gpxtpx:atemp>
          </gpxtpx:TrackPointExtension>
          <gpxx:TrackPointExtension>
            <gpxx:Temperature>2.8</gpxx:Temperature>
          </gpxx:TrackPointExtension>
        </extensions>
      </trkpt>
      <trkpt lat="46.445268848910928" lon="13.645322872325778">
        <ele>2088.1199999999999</ele>
        <time>2014-08-17T05:31:18Z</time>
        <extensions>
          <gpxtpx:TrackPointExtension>
            <gpxtpx:atemp>2.8</gpxtpx:atemp>
          </gpxtpx:TrackPointExtension>
          <gpxx:TrackPointExtension>
            <gpxx:Temperature>2.8</gpxx:Temperature>
          </gpxx:TrackPointExtension>
        </extensions>
      </trkpt>
      <trkpt lat="46.445280918851495" lon="13.645336786285043">
        <ele>2089.5599999999999</ele>
        <time>2014-08-17T05:31:57Z</time>
        <extensions>
          <gpxtpx:TrackPointExtension>
            <gpxtpx:atemp>3</gpxtpx:atemp>
          </gpxtpx:TrackPointExtension>
          <gpxx:TrackPointExtension>
            <gpxx:Temperature>3</gpxx:Temperature>
          </gpxx:TrackPointExtension>
        </extensions>
      </trkpt>
      <trkpt lat="46.445280751213431" lon="13.64539185538888">
        <ele>2089.5599999999999</ele>
        <time>2014-08-17T05:32:03Z</time>
        <extensions>
          <gpxtpx:TrackPointExtension>
            <gpxtpx:atemp>3</gpxtpx:atemp>
          </gpxtpx:TrackPointExtension>
          <gpxx:TrackPointExtension>
            <gpxx:Temperature>3</gpxx:Temperature>
          </gpxx:TrackPointExtension>
        </extensions>
      </trkpt>
      <trkpt lat="46.445291982963681" lon="13.645419264212251">
        <ele>2090.04</ele>
        <time>2014-08-17T05:32:09Z</time>
        <extensions>
          <gpxtpx:TrackPointExtension>
            <gpxtpx:atemp>3</gpxtpx:atemp>
          </gpxtpx:TrackPointExtension>
          <gpxx:TrackPointExtension>
            <gpxx:Temperature>3</gpxx:Temperature>
          </gpxx:TrackPointExtension>
        </extensions>
      </trkpt>
      <trkpt lat="46.445287959650159" lon="13.645475842058659">
        <ele>2091.9699999999998</ele>
        <time>2014-08-17T05:32:18Z</time>
        <extensions>
          <gpxtpx:TrackPointExtension>
            <gpxtpx:atemp>3</gpxtpx:atemp>
          </gpxtpx:TrackPointExtension>
          <gpxx:TrackPointExtension>
            <gpxx:Temperature>3</gpxx:Temperature>
          </gpxx:TrackPointExtension>
        </extensions>
      </trkpt>
      <trkpt lat="46.445306064561009" lon="13.645528061315417">
        <ele>2091.9699999999998</ele>
        <time>2014-08-17T05:32:25Z</time>
        <extensions>
          <gpxtpx:TrackPointExtension>
            <gpxtpx:atemp>2.9</gpxtpx:atemp>
          </gpxtpx:TrackPointExtension>
          <gpxx:TrackPointExtension>
            <gpxx:Temperature>2.9</gpxx:Temperature>
          </gpxx:TrackPointExtension>
        </extensions>
      </trkpt>
      <trkpt lat="46.445332383736968" lon="13.645587572827935">
        <ele>2093.4099999999999</ele>
        <time>2014-08-17T05:32:33Z</time>
        <extensions>
          <gpxtpx:TrackPointExtension>
            <gpxtpx:atemp>2.9</gpxtpx:atemp>
          </gpxtpx:TrackPointExtension>
          <gpxx:TrackPointExtension>
            <gpxx:Temperature>2.9</gpxx:Temperature>
          </gpxx:TrackPointExtension>
        </extensions>
      </trkpt>
      <trkpt lat="46.445353254675865" lon="13.645639037713408">
        <ele>2094.3699999999999</ele>
        <time>2014-08-17T05:32:40Z</time>
        <extensions>
          <gpxtpx:TrackPointExtension>
            <gpxtpx:atemp>2.9</gpxtpx:atemp>
          </gpxtpx:TrackPointExtension>
          <gpxx:TrackPointExtension>
            <gpxx:Temperature>2.9</gpxx:Temperature>
          </gpxx:TrackPointExtension>
        </extensions>
      </trkpt>
      <trkpt lat="46.445363564416766" lon="13.645688658580184">
        <ele>2095.8099999999999</ele>
        <time>2014-08-17T05:32:46Z</time>
        <extensions>
          <gpxtpx:TrackPointExtension>
            <gpxtpx:atemp>2.9</gpxtpx:atemp>
          </gpxtpx:TrackPointExtension>
          <gpxx:TrackPointExtension>
            <gpxx:Temperature>2.9</gpxx:Temperature>
          </gpxx:TrackPointExtension>
        </extensions>
      </trkpt>
      <trkpt lat="46.445377059280872" lon="13.645735513418913">
        <ele>2097.25</ele>
        <time>2014-08-17T05:32:52Z</time>
        <extensions>
          <gpxtpx:TrackPointExtension>
            <gpxtpx:atemp>2.9</gpxtpx:atemp>
          </gpxtpx:TrackPointExtension>
          <gpxx:TrackPointExtension>
            <gpxx:Temperature>2.9</gpxx:Temperature>
          </gpxx:TrackPointExtension>
        </extensions>
      </trkpt>
      <trkpt lat="46.445399858057499" lon="13.645775411278009">
        <ele>2098.6999999999998</ele>
        <time>2014-08-17T05:33:00Z</time>
        <extensions>
          <gpxtpx:TrackPointExtension>
            <gpxtpx:atemp>2.9</gpxtpx:atemp>
          </gpxtpx:TrackPointExtension>
          <gpxx:TrackPointExtension>
            <gpxx:Temperature>2.9</gpxx:Temperature>
          </gpxx:TrackPointExtension>
        </extensions>
      </trkpt>
      <trkpt lat="46.445423411205411" lon="13.645828049629927">
        <ele>2099.1799999999998</ele>
        <time>2014-08-17T05:33:08Z</time>
        <extensions>
          <gpxtpx:TrackPointExtension>
            <gpxtpx:atemp>2.9</gpxtpx:atemp>
          </gpxtpx:TrackPointExtension>
          <gpxx:TrackPointExtension>
            <gpxx:Temperature>2.9</gpxx:Temperature>
          </gpxx:TrackPointExtension>
        </extensions>
      </trkpt>
      <trkpt lat="46.445435984060168" lon="13.645874485373497">
        <ele>2101.0999999999999</ele>
        <time>2014-08-17T05:33:15Z</time>
        <extensions>
          <gpxtpx:TrackPointExtension>
            <gpxtpx:atemp>2.9</gpxtpx:atemp>
          </gpxtpx:TrackPointExtension>
          <gpxx:TrackPointExtension>
            <gpxx:Temperature>2.9</gpxx:Temperature>
          </gpxx:TrackPointExtension>
        </extensions>
      </trkpt>
      <trkpt lat="46.445441767573357" lon="13.645932739600539">
        <ele>2102.0599999999999</ele>
        <time>2014-08-17T05:33:22Z</time>
        <extensions>
          <gpxtpx:TrackPointExtension>
            <gpxtpx:atemp>2.9</gpxtpx:atemp>
          </gpxtpx:TrackPointExtension>
          <gpxx:TrackPointExtension>
            <gpxx:Temperature>2.9</gpxx:Temperature>
          </gpxx:TrackPointExtension>
        </extensions>
      </trkpt>
      <trkpt lat="46.445458615198731" lon="13.645967273041606">
        <ele>2101.5799999999999</ele>
        <time>2014-08-17T05:33:28Z</time>
        <extensions>
          <gpxtpx:TrackPointExtension>
            <gpxtpx:atemp>2.9</gpxtpx:atemp>
          </gpxtpx:TrackPointExtension>
          <gpxx:TrackPointExtension>
            <gpxx:Temperature>2.9</gpxx:Temperature>
          </gpxx:TrackPointExtension>
        </extensions>
      </trkpt>
      <trkpt lat="46.445474456995726" lon="13.646014463156462">
        <ele>2103.5</ele>
        <time>2014-08-17T05:33:36Z</time>
        <extensions>
          <gpxtpx:TrackPointExtension>
            <gpxtpx:atemp>2.9</gpxtpx:atemp>
          </gpxtpx:TrackPointExtension>
          <gpxx:TrackPointExtension>
            <gpxx:Temperature>2.9</gpxx:Temperature>
          </gpxx:TrackPointExtension>
        </extensions>
      </trkpt>
      <trkpt lat="46.445488035678864" lon="13.646082356572151">
        <ele>2104.9400000000001</ele>
        <time>2014-08-17T05:33:44Z</time>
        <extensions>
          <gpxtpx:TrackPointExtension>
            <gpxtpx:atemp>2.9</gpxtpx:atemp>
          </gpxtpx:TrackPointExtension>
          <gpxx:TrackPointExtension>
            <gpxx:Temperature>2.9</gpxx:Temperature>
          </gpxx:TrackPointExtension>
        </extensions>
      </trkpt>
      <trkpt lat="46.445501949638128" lon="13.646138096228242">
        <ele>2105.4200000000001</ele>
        <time>2014-08-17T05:33:52Z</time>
        <extensions>
          <gpxtpx:TrackPointExtension>
            <gpxtpx:atemp>2.9</gpxtpx:atemp>
          </gpxtpx:TrackPointExtension>
          <gpxx:TrackPointExtension>
            <gpxx:Temperature>2.9</gpxx:Temperature>
          </gpxx:TrackPointExtension>
        </extensions>
      </trkpt>
      <trkpt lat="46.445507230237126" lon="13.646194422617555">
        <ele>2106.8699999999999</ele>
        <time>2014-08-17T05:33:59Z</time>
        <extensions>
          <gpxtpx:TrackPointExtension>
            <gpxtpx:atemp>2.9</gpxtpx:atemp>
          </gpxtpx:TrackPointExtension>
          <gpxx:TrackPointExtension>
            <gpxx:Temperature>2.9</gpxx:Temperature>
          </gpxx:TrackPointExtension>
        </extensions>
      </trkpt>
      <trkpt lat="46.4455172047019" lon="13.646244630217552">
        <ele>2107.3499999999999</ele>
        <time>2014-08-17T05:34:05Z</time>
        <extensions>
          <gpxtpx:TrackPointExtension>
            <gpxtpx:atemp>2.9</gpxtpx:atemp>
          </gpxtpx:TrackPointExtension>
          <gpxx:TrackPointExtension>
            <gpxx:Temperature>2.9</gpxx:Temperature>
          </gpxx:TrackPointExtension>
        </extensions>
      </trkpt>
      <trkpt lat="46.445526676252484" lon="13.646298944950104">
        <ele>2107.8299999999999</ele>
        <time>2014-08-17T05:34:12Z</time>
        <extensions>
          <gpxtpx:TrackPointExtension>
            <gpxtpx:atemp>2.9</gpxtpx:atemp>
          </gpxtpx:TrackPointExtension>
          <gpxx:TrackPointExtension>
            <gpxx:Temperature>2.9</gpxx:Temperature>
          </gpxx:TrackPointExtension>
        </extensions>
      </trkpt>
      <trkpt lat="46.445544864982367" lon="13.646368095651269">
        <ele>2110.23</ele>
        <time>2014-08-17T05:34:20Z</time>
        <extensions>
          <gpxtpx:TrackPointExtension>
            <gpxtpx:atemp>2.9</gpxtpx:atemp>
          </gpxtpx:TrackPointExtension>
          <gpxx:TrackPointExtension>
            <gpxx:Temperature>2.9</gpxx:Temperature>
          </gpxx:TrackPointExtension>
        </extensions>
      </trkpt>
      <trkpt lat="46.445565400645137" lon="13.646422410383821">
        <ele>2109.75</ele>
        <time>2014-08-17T05:34:27Z</time>
        <extensions>
          <gpxtpx:TrackPointExtension>
            <gpxtpx:atemp>2.6</gpxtpx:atemp>
          </gpxtpx:TrackPointExtension>
          <gpxx:TrackPointExtension>
            <gpxx:Temperature>2.6</gpxx:Temperature>
          </gpxx:TrackPointExtension>
        </extensions>
      </trkpt>
      <trkpt lat="46.445582499727607" lon="13.646500026807189">
        <ele>2110.71</ele>
        <time>2014-08-17T05:34:34Z</time>
        <extensions>
          <gpxtpx:TrackPointExtension>
            <gpxtpx:atemp>2.6</gpxtpx:atemp>
          </gpxtpx:TrackPointExtension>
          <gpxx:TrackPointExtension>
            <gpxx:Temperature>2.6</gpxx:Temperature>
          </gpxx:TrackPointExtension>
        </extensions>
      </trkpt>
      <trkpt lat="46.445609740912914" lon="13.646605219691992">
        <ele>2110.23</ele>
        <time>2014-08-17T05:34:43Z</time>
        <extensions>
          <gpxtpx:TrackPointExtension>
            <gpxtpx:atemp>2.6</gpxtpx:atemp>
          </gpxtpx:TrackPointExtension>
          <gpxx:TrackPointExtension>
            <gpxx:Temperature>2.6</gpxx:Temperature>
          </gpxx:TrackPointExtension>
        </extensions>
      </trkpt>
      <trkpt lat="46.445625331252813" lon="13.646653918549418">
        <ele>2111.6700000000001</ele>
        <time>2014-08-17T05:34:47Z</time>
        <extensions>
          <gpxtpx:TrackPointExtension>
            <gpxtpx:atemp>2.6</gpxtpx:atemp>
          </gpxtpx:TrackPointExtension>
          <gpxx:TrackPointExtension>
            <gpxx:Temperature>2.6</gpxx:Temperature>
          </gpxx:TrackPointExtension>
        </extensions>
      </trkpt>
      <trkpt lat="46.445653745904565" lon="13.6467394977808">
        <ele>2112.6300000000001</ele>
        <time>2014-08-17T05:34:55Z</time>
        <extensions>
          <gpxtpx:TrackPointExtension>
            <gpxtpx:atemp>2.6</gpxtpx:atemp>
          </gpxtpx:TrackPointExtension>
          <gpxx:TrackPointExtension>
            <gpxx:Temperature>2.6</gpxx:Temperature>
          </gpxx:TrackPointExtension>
        </extensions>
      </trkpt>
      <trkpt lat="46.445685178041458" lon="13.646814012899995">
        <ele>2113.1199999999999</ele>
        <time>2014-08-17T05:35:03Z</time>
        <extensions>
          <gpxtpx:TrackPointExtension>
            <gpxtpx:atemp>2.6</gpxtpx:atemp>
          </gpxtpx:TrackPointExtension>
          <gpxx:TrackPointExtension>
            <gpxx:Temperature>2.6</gpxx:Temperature>
          </gpxx:TrackPointExtension>
        </extensions>
      </trkpt>
      <trkpt lat="46.445704707875848" lon="13.646887019276619">
        <ele>2114.0799999999999</ele>
        <time>2014-08-17T05:35:10Z</time>
        <extensions>
          <gpxtpx:TrackPointExtension>
            <gpxtpx:atemp>2.6</gpxtpx:atemp>
          </gpxtpx:TrackPointExtension>
          <gpxx:TrackPointExtension>
            <gpxx:Temperature>2.6</gpxx:Temperature>
          </gpxx:TrackPointExtension>
        </extensions>
      </trkpt>
      <trkpt lat="46.445716693997383" lon="13.646916272118688">
        <ele>2114.5599999999999</ele>
        <time>2014-08-17T05:35:13Z</time>
        <extensions>
          <gpxtpx:TrackPointExtension>
            <gpxtpx:atemp>2.6</gpxtpx:atemp>
          </gpxtpx:TrackPointExtension>
          <gpxx:TrackPointExtension>
            <gpxx:Temperature>2.6</gpxx:Temperature>
          </gpxx:TrackPointExtension>
        </extensions>
      </trkpt>
      <trkpt lat="46.445743013173342" lon="13.646994978189468">
        <ele>2114.5599999999999</ele>
        <time>2014-08-17T05:35:20Z</time>
        <extensions>
          <gpxtpx:TrackPointExtension>
            <gpxtpx:atemp>2.6</gpxtpx:atemp>
          </gpxtpx:TrackPointExtension>
          <gpxx:TrackPointExtension>
            <gpxx:Temperature>2.6</gpxx:Temperature>
          </gpxx:TrackPointExtension>
        </extensions>
      </trkpt>
      <trkpt lat="46.445761118084192" lon="13.647071588784456">
        <ele>2115.04</ele>
        <time>2014-08-17T05:35:27Z</time>
        <extensions>
          <gpxtpx:TrackPointExtension>
            <gpxtpx:atemp>2.7</gpxtpx:atemp>
          </gpxtpx:TrackPointExtension>
          <gpxx:TrackPointExtension>
            <gpxx:Temperature>2.7</gpxx:Temperature>
          </gpxx:TrackPointExtension>
        </extensions>
      </trkpt>
      <trkpt lat="46.445772852748632" lon="13.647159263491631">
        <ele>2115.52</ele>
        <time>2014-08-17T05:35:34Z</time>
        <extensions>
          <gpxtpx:TrackPointExtension>
            <gpxtpx:atemp>2.7</gpxtpx:atemp>
          </gpxtpx:TrackPointExtension>
          <gpxx:TrackPointExtension>
            <gpxx:Temperature>2.7</gpxx:Temperature>
          </gpxx:TrackPointExtension>
        </extensions>
      </trkpt>
      <trkpt lat="46.445793975144625" lon="13.647262109443545">
        <ele>2116.96</ele>
        <time>2014-08-17T05:35:43Z</time>
        <extensions>
          <gpxtpx:TrackPointExtension>
            <gpxtpx:atemp>2.7</gpxtpx:atemp>
          </gpxtpx:TrackPointExtension>
          <gpxx:TrackPointExtension>
            <gpxx:Temperature>2.7</gpxx:Temperature>
          </gpxx:TrackPointExtension>
        </extensions>
      </trkpt>
      <trkpt lat="46.445807889103889" lon="13.647372666746378">
        <ele>2116.96</ele>
        <time>2014-08-17T05:35:52Z</time>
        <extensions>
          <gpxtpx:TrackPointExtension>
            <gpxtpx:atemp>2.7</gpxtpx:atemp>
          </gpxtpx:TrackPointExtension>
          <gpxx:TrackPointExtension>
            <gpxx:Temperature>2.7</gpxx:Temperature>
          </gpxx:TrackPointExtension>
        </extensions>
      </trkpt>
      <trkpt lat="46.445804871618748" lon="13.647451708093286">
        <ele>2117.9200000000001</ele>
        <time>2014-08-17T05:35:59Z</time>
        <extensions>
          <gpxtpx:TrackPointExtension>
            <gpxtpx:atemp>2.7</gpxtpx:atemp>
          </gpxtpx:TrackPointExtension>
          <gpxx:TrackPointExtension>
            <gpxx:Temperature>2.7</gpxx:Temperature>
          </gpxx:TrackPointExtension>
        </extensions>
      </trkpt>
      <trkpt lat="46.445802943781018" lon="13.647486325353384">
        <ele>2118.8800000000001</ele>
        <time>2014-08-17T05:36:06Z</time>
        <extensions>
          <gpxtpx:TrackPointExtension>
            <gpxtpx:atemp>2.7</gpxtpx:atemp>
          </gpxtpx:TrackPointExtension>
          <gpxx:TrackPointExtension>
            <gpxx:Temperature>2.7</gpxx:Temperature>
          </gpxx:TrackPointExtension>
        </extensions>
      </trkpt>
      <trkpt lat="46.445798585191369" lon="13.64754474721849">
        <ele>2118.4000000000001</ele>
        <time>2014-08-17T05:36:11Z</time>
        <extensions>
          <gpxtpx:TrackPointExtension>
            <gpxtpx:atemp>2.7</gpxtpx:atemp>
          </gpxtpx:TrackPointExtension>
          <gpxx:TrackPointExtension>
            <gpxx:Temperature>2.7</gpxx:Temperature>
          </gpxx:TrackPointExtension>
        </extensions>
      </trkpt>
      <trkpt lat="46.445782324299216" lon="13.647579532116652">
        <ele>2118.8800000000001</ele>
        <time>2014-08-17T05:36:13Z</time>
        <extensions>
          <gpxtpx:TrackPointExtension>
            <gpxtpx:atemp>2.7</gpxtpx:atemp>
          </gpxtpx:TrackPointExtension>
          <gpxx:TrackPointExtension>
            <gpxx:Temperature>2.7</gpxx:Temperature>
          </gpxx:TrackPointExtension>
        </extensions>
      </trkpt>
      <trkpt lat="46.445739241316915" lon="13.64770844578743">
        <ele>2119.3600000000001</ele>
        <time>2014-08-17T05:36:21Z</time>
        <extensions>
          <gpxtpx:TrackPointExtension>
            <gpxtpx:atemp>2.7</gpxtpx:atemp>
          </gpxtpx:TrackPointExtension>
          <gpxx:TrackPointExtension>
            <gpxx:Temperature>2.7</gpxx:Temperature>
          </gpxx:TrackPointExtension>
        </extensions>
      </trkpt>
      <trkpt lat="46.445716442540288" lon="13.647801904007792">
        <ele>2119.3600000000001</ele>
        <time>2014-08-17T05:36:29Z</time>
        <extensions>
          <gpxtpx:TrackPointExtension>
            <gpxtpx:atemp>2.3</gpxtpx:atemp>
          </gpxtpx:TrackPointExtension>
          <gpxx:TrackPointExtension>
            <gpxx:Temperature>2.3</gpxx:Temperature>
          </gpxx:TrackPointExtension>
        </extensions>
      </trkpt>
      <trkpt lat="46.445677299052477" lon="13.647908689454198">
        <ele>2119.3600000000001</ele>
        <time>2014-08-17T05:36:38Z</time>
        <extensions>
          <gpxtpx:TrackPointExtension>
            <gpxtpx:atemp>2.3</gpxtpx:atemp>
          </gpxtpx:TrackPointExtension>
          <gpxx:TrackPointExtension>
            <gpxx:Temperature>2.3</gpxx:Temperature>
          </gpxx:TrackPointExtension>
        </extensions>
      </trkpt>
      <trkpt lat="46.445669755339622" lon="13.647964429110289">
        <ele>2120.8099999999999</ele>
        <time>2014-08-17T05:36:42Z</time>
        <extensions>
          <gpxtpx:TrackPointExtension>
            <gpxtpx:atemp>2.3</gpxtpx:atemp>
          </gpxtpx:TrackPointExtension>
          <gpxx:TrackPointExtension>
            <gpxx:Temperature>2.3</gpxx:Temperature>
          </gpxx:TrackPointExtension>
        </extensions>
      </trkpt>
      <trkpt lat="46.445649806410074" lon="13.648099210113287">
        <ele>2120.8099999999999</ele>
        <time>2014-08-17T05:36:52Z</time>
        <extensions>
          <gpxtpx:TrackPointExtension>
            <gpxtpx:atemp>2.3</gpxtpx:atemp>
          </gpxtpx:TrackPointExtension>
          <gpxx:TrackPointExtension>
            <gpxx:Temperature>2.3</gpxx:Temperature>
          </gpxx:TrackPointExtension>
        </extensions>
      </trkpt>
      <trkpt lat="46.445628516376019" lon="13.648188309744">
        <ele>2121.77</ele>
        <time>2014-08-17T05:37:00Z</time>
        <extensions>
          <gpxtpx:TrackPointExtension>
            <gpxtpx:atemp>2.3</gpxtpx:atemp>
          </gpxtpx:TrackPointExtension>
          <gpxx:TrackPointExtension>
            <gpxx:Temperature>2.3</gpxx:Temperature>
          </gpxx:TrackPointExtension>
        </extensions>
      </trkpt>
      <trkpt lat="46.445600185543299" lon="13.64827623590827">
        <ele>2122.73</ele>
        <time>2014-08-17T05:37:08Z</time>
        <extensions>
          <gpxtpx:TrackPointExtension>
            <gpxtpx:atemp>2.3</gpxtpx:atemp>
          </gpxtpx:TrackPointExtension>
          <gpxx:TrackPointExtension>
            <gpxx:Temperature>2.3</gpxx:Temperature>
          </gpxx:TrackPointExtension>
        </extensions>
      </trkpt>
      <trkpt lat="46.445569675415754" lon="13.648363323882222">
        <ele>2123.6900000000001</ele>
        <time>2014-08-17T05:37:16Z</time>
        <extensions>
          <gpxtpx:TrackPointExtension>
            <gpxtpx:atemp>2.3</gpxtpx:atemp>
          </gpxtpx:TrackPointExtension>
          <gpxx:TrackPointExtension>
            <gpxx:Temperature>2.3</gpxx:Temperature>
          </gpxx:TrackPointExtension>
        </extensions>
      </trkpt>
      <trkpt lat="46.44553430378437" lon="13.648466253653169">
        <ele>2124.6500000000001</ele>
        <time>2014-08-17T05:37:25Z</time>
        <extensions>
          <gpxtpx:TrackPointExtension>
            <gpxtpx:atemp>2.2</gpxtpx:atemp>
          </gpxtpx:TrackPointExtension>
          <gpxx:TrackPointExtension>
            <gpxx:Temperature>2.2</gpxx:Temperature>
          </gpxx:TrackPointExtension>
        </extensions>
      </trkpt>
      <trkpt lat="46.44548979587853" lon="13.648544372990727">
        <ele>2125.1300000000001</ele>
        <time>2014-08-17T05:37:33Z</time>
        <extensions>
          <gpxtpx:TrackPointExtension>
            <gpxtpx:atemp>2.2</gpxtpx:atemp>
          </gpxtpx:TrackPointExtension>
          <gpxx:TrackPointExtension>
            <gpxx:Temperature>2.2</gpxx:Temperature>
          </gpxx:TrackPointExtension>
        </extensions>
      </trkpt>
      <trkpt lat="46.445457944646478" lon="13.648603968322277">
        <ele>2125.6100000000001</ele>
        <time>2014-08-17T05:37:40Z</time>
        <extensions>
          <gpxtpx:TrackPointExtension>
            <gpxtpx:atemp>2.2</gpxtpx:atemp>
          </gpxtpx:TrackPointExtension>
          <gpxx:TrackPointExtension>
            <gpxx:Temperature>2.2</gpxx:Temperature>
          </gpxx:TrackPointExtension>
        </extensions>
      </trkpt>
      <trkpt lat="46.445447970181704" lon="13.648655852302909">
        <ele>2126.5700000000002</ele>
        <time>2014-08-17T05:37:48Z</time>
        <extensions>
          <gpxtpx:TrackPointExtension>
            <gpxtpx:atemp>2.2</gpxtpx:atemp>
          </gpxtpx:TrackPointExtension>
          <gpxx:TrackPointExtension>
            <gpxx:Temperature>2.2</gpxx:Temperature>
          </gpxx:TrackPointExtension>
        </extensions>
      </trkpt>
      <trkpt lat="46.445443946868181" lon="13.648730032145977">
        <ele>2127.0500000000002</ele>
        <time>2014-08-17T05:37:55Z</time>
        <extensions>
          <gpxtpx:TrackPointExtension>
            <gpxtpx:atemp>2.2</gpxtpx:atemp>
          </gpxtpx:TrackPointExtension>
          <gpxx:TrackPointExtension>
            <gpxx:Temperature>2.2</gpxx:Temperature>
          </gpxx:TrackPointExtension>
        </extensions>
      </trkpt>
      <trkpt lat="46.445428440347314" lon="13.648758614435792">
        <ele>2128.02</ele>
        <time>2014-08-17T05:38:03Z</time>
        <extensions>
          <gpxtpx:TrackPointExtension>
            <gpxtpx:atemp>2.2</gpxtpx:atemp>
          </gpxtpx:TrackPointExtension>
          <gpxx:TrackPointExtension>
            <gpxx:Temperature>2.2</gpxx:Temperature>
          </gpxx:TrackPointExtension>
        </extensions>
      </trkpt>
      <trkpt lat="46.445430452004075" lon="13.648778731003404">
        <ele>2127.5300000000002</ele>
        <time>2014-08-17T05:38:11Z</time>
        <extensions>
          <gpxtpx:TrackPointExtension>
            <gpxtpx:atemp>2.2</gpxtpx:atemp>
          </gpxtpx:TrackPointExtension>
          <gpxx:TrackPointExtension>
            <gpxx:Temperature>2.2</gpxx:Temperature>
          </gpxx:TrackPointExtension>
        </extensions>
      </trkpt>
      <trkpt lat="46.445438414812088" lon="13.6488117557019">
        <ele>2128.98</ele>
        <time>2014-08-17T05:38:20Z</time>
        <extensions>
          <gpxtpx:TrackPointExtension>
            <gpxtpx:atemp>2.2</gpxtpx:atemp>
          </gpxtpx:TrackPointExtension>
          <gpxx:TrackPointExtension>
            <gpxx:Temperature>2.2</gpxx:Temperature>
          </gpxx:TrackPointExtension>
        </extensions>
      </trkpt>
      <trkpt lat="46.445414777845144" lon="13.64883229136467">
        <ele>2129.9400000000001</ele>
        <time>2014-08-17T05:38:26Z</time>
        <extensions>
          <gpxtpx:TrackPointExtension>
            <gpxtpx:atemp>2.3</gpxtpx:atemp>
          </gpxtpx:TrackPointExtension>
          <gpxx:TrackPointExtension>
            <gpxx:Temperature>2.3</gpxx:Temperature>
          </gpxx:TrackPointExtension>
        </extensions>
      </trkpt>
      <trkpt lat="46.445408575236797" lon="13.648862466216087">
        <ele>2129.46</ele>
        <time>2014-08-17T05:38:29Z</time>
        <extensions>
          <gpxtpx:TrackPointExtension>
            <gpxtpx:atemp>2.3</gpxtpx:atemp>
          </gpxtpx:TrackPointExtension>
          <gpxx:TrackPointExtension>
            <gpxx:Temperature>2.3</gpxx:Temperature>
          </gpxx:TrackPointExtension>
        </extensions>
      </trkpt>
      <trkpt lat="46.445374628528953" lon="13.648920468986034">
        <ele>2129.46</ele>
        <time>2014-08-17T05:38:37Z</time>
        <extensions>
          <gpxtpx:TrackPointExtension>
            <gpxtpx:atemp>2.3</gpxtpx:atemp>
          </gpxtpx:TrackPointExtension>
          <gpxx:TrackPointExtension>
            <gpxx:Temperature>2.3</gpxx:Temperature>
          </gpxx:TrackPointExtension>
        </extensions>
      </trkpt>
      <trkpt lat="46.445382591336966" lon="13.648938741534948">
        <ele>2129.46</ele>
        <time>2014-08-17T05:38:41Z</time>
        <extensions>
          <gpxtpx:TrackPointExtension>
            <gpxtpx:atemp>2.3</gpxtpx:atemp>
          </gpxtpx:TrackPointExtension>
          <gpxx:TrackPointExtension>
            <gpxx:Temperature>2.3</gpxx:Temperature>
          </gpxx:TrackPointExtension>
        </extensions>
      </trkpt>
      <trkpt lat="46.445371359586716" lon="13.648995570838451">
        <ele>2132.3400000000001</ele>
        <time>2014-08-17T05:38:48Z</time>
        <extensions>
          <gpxtpx:TrackPointExtension>
            <gpxtpx:atemp>2.3</gpxtpx:atemp>
          </gpxtpx:TrackPointExtension>
          <gpxx:TrackPointExtension>
            <gpxx:Temperature>2.3</gpxx:Temperature>
          </gpxx:TrackPointExtension>
        </extensions>
      </trkpt>
      <trkpt lat="46.445356942713261" lon="13.649051059037447">
        <ele>2133.3000000000002</ele>
        <time>2014-08-17T05:38:57Z</time>
        <extensions>
          <gpxtpx:TrackPointExtension>
            <gpxtpx:atemp>2.3</gpxtpx:atemp>
          </gpxtpx:TrackPointExtension>
          <gpxx:TrackPointExtension>
            <gpxx:Temperature>2.3</gpxx:Temperature>
          </gpxx:TrackPointExtension>
        </extensions>
      </trkpt>
      <trkpt lat="46.445354260504246" lon="13.649121886119246">
        <ele>2134.2600000000002</ele>
        <time>2014-08-17T05:39:06Z</time>
        <extensions>
          <gpxtpx:TrackPointExtension>
            <gpxtpx:atemp>2.3</gpxtpx:atemp>
          </gpxtpx:TrackPointExtension>
          <gpxx:TrackPointExtension>
            <gpxx:Temperature>2.3</gpxx:Temperature>
          </gpxx:TrackPointExtension>
        </extensions>
      </trkpt>
      <trkpt lat="46.445341855287552" lon="13.649149881675839">
        <ele>2136.1900000000001</ele>
        <time>2014-08-17T05:39:11Z</time>
        <extensions>
          <gpxtpx:TrackPointExtension>
            <gpxtpx:atemp>2.3</gpxtpx:atemp>
          </gpxtpx:TrackPointExtension>
          <gpxx:TrackPointExtension>
            <gpxx:Temperature>2.3</gpxx:Temperature>
          </gpxx:TrackPointExtension>
        </extensions>
      </trkpt>
      <trkpt lat="46.445316709578037" lon="13.649177206680179">
        <ele>2137.1500000000001</ele>
        <time>2014-08-17T05:39:18Z</time>
        <extensions>
          <gpxtpx:TrackPointExtension>
            <gpxtpx:atemp>2.3</gpxtpx:atemp>
          </gpxtpx:TrackPointExtension>
          <gpxx:TrackPointExtension>
            <gpxx:Temperature>2.3</gpxx:Temperature>
          </gpxx:TrackPointExtension>
        </extensions>
      </trkpt>
      <trkpt lat="46.445286367088556" lon="13.649223307147622">
        <ele>2138.1100000000001</ele>
        <time>2014-08-17T05:39:24Z</time>
        <extensions>
          <gpxtpx:TrackPointExtension>
            <gpxtpx:atemp>2.5</gpxtpx:atemp>
          </gpxtpx:TrackPointExtension>
          <gpxx:TrackPointExtension>
            <gpxx:Temperature>2.5</gpxx:Temperature>
          </gpxx:TrackPointExtension>
        </extensions>
      </trkpt>
      <trkpt lat="46.445270190015435" lon="13.649269323796034">
        <ele>2139.0700000000002</ele>
        <time>2014-08-17T05:39:33Z</time>
        <extensions>
          <gpxtpx:TrackPointExtension>
            <gpxtpx:atemp>2.5</gpxtpx:atemp>
          </gpxtpx:TrackPointExtension>
          <gpxx:TrackPointExtension>
            <gpxx:Temperature>2.5</gpxx:Temperature>
          </gpxx:TrackPointExtension>
        </extensions>
      </trkpt>
      <trkpt lat="46.445260131731629" lon="13.64930628798902">
        <ele>2140.9899999999998</ele>
        <time>2014-08-17T05:39:40Z</time>
        <extensions>
          <gpxtpx:TrackPointExtension>
            <gpxtpx:atemp>2.5</gpxtpx:atemp>
          </gpxtpx:TrackPointExtension>
          <gpxx:TrackPointExtension>
            <gpxx:Temperature>2.5</gpxx:Temperature>
          </gpxx:TrackPointExtension>
        </extensions>
      </trkpt>
      <trkpt lat="46.445266250520945" lon="13.649353981018066">
        <ele>2140.5100000000002</ele>
        <time>2014-08-17T05:39:46Z</time>
        <extensions>
          <gpxtpx:TrackPointExtension>
            <gpxtpx:atemp>2.5</gpxtpx:atemp>
          </gpxtpx:TrackPointExtension>
          <gpxx:TrackPointExtension>
            <gpxx:Temperature>2.5</gpxx:Temperature>
          </gpxx:TrackPointExtension>
        </extensions>
      </trkpt>
      <trkpt lat="46.445261305198073" lon="13.649373510852456">
        <ele>2141.9499999999998</ele>
        <time>2014-08-17T05:39:49Z</time>
        <extensions>
          <gpxtpx:TrackPointExtension>
            <gpxtpx:atemp>2.5</gpxtpx:atemp>
          </gpxtpx:TrackPointExtension>
          <gpxx:TrackPointExtension>
            <gpxx:Temperature>2.5</gpxx:Temperature>
          </gpxx:TrackPointExtension>
        </extensions>
      </trkpt>
      <trkpt lat="46.445263735949993" lon="13.649406619369984">
        <ele>2143.4000000000001</ele>
        <time>2014-08-17T05:39:55Z</time>
        <extensions>
          <gpxtpx:TrackPointExtension>
            <gpxtpx:atemp>2.5</gpxtpx:atemp>
          </gpxtpx:TrackPointExtension>
          <gpxx:TrackPointExtension>
            <gpxx:Temperature>2.5</gpxx:Temperature>
          </gpxx:TrackPointExtension>
        </extensions>
      </trkpt>
      <trkpt lat="46.445243451744318" lon="13.649466466158628">
        <ele>2145.8000000000002</ele>
        <time>2014-08-17T05:40:03Z</time>
        <extensions>
          <gpxtpx:TrackPointExtension>
            <gpxtpx:atemp>2.5</gpxtpx:atemp>
          </gpxtpx:TrackPointExtension>
          <gpxx:TrackPointExtension>
            <gpxx:Temperature>2.5</gpxx:Temperature>
          </gpxx:TrackPointExtension>
        </extensions>
      </trkpt>
      <trkpt lat="46.445242697373033" lon="13.649524888023734">
        <ele>2145.8000000000002</ele>
        <time>2014-08-17T05:40:10Z</time>
        <extensions>
          <gpxtpx:TrackPointExtension>
            <gpxtpx:atemp>2.5</gpxtpx:atemp>
          </gpxtpx:TrackPointExtension>
          <gpxx:TrackPointExtension>
            <gpxx:Temperature>2.5</gpxx:Temperature>
          </gpxx:TrackPointExtension>
        </extensions>
      </trkpt>
      <trkpt lat="46.445251498371363" lon="13.649575766175985">
        <ele>2148.6799999999998</ele>
        <time>2014-08-17T12:12:03Z</time>
        <extensions>
          <gpxtpx:TrackPointExtension>
            <gpxtpx:atemp>9.2</gpxtpx:atemp>
          </gpxtpx:TrackPointExtension>
          <gpxx:TrackPointExtension>
            <gpxx:Temperature>9.2</gpxx:Temperature>
          </gpxx:TrackPointExtension>
        </extensions>
      </trkpt>
      <trkpt lat="46.445172121748328" lon="13.649954376742244">
        <ele>2149.6500000000001</ele>
        <time>2014-08-17T11:56:13Z</time>
        <extensions>
          <gpxtpx:TrackPointExtension>
            <gpxtpx:atemp>8.4</gpxtpx:atemp>
          </gpxtpx:TrackPointExtension>
          <gpxx:TrackPointExtension>
            <gpxx:Temperature>8.4</gpxx:Temperature>
          </gpxx:TrackPointExtension>
        </extensions>
      </trkpt>
      <trkpt lat="46.445119315758348" lon="13.650018665939569">
        <ele>2151.5700000000002</ele>
        <time>2014-08-17T11:56:06Z</time>
        <extensions>
          <gpxtpx:TrackPointExtension>
            <gpxtpx:atemp>8.4</gpxtpx:atemp>
          </gpxtpx:TrackPointExtension>
          <gpxx:TrackPointExtension>
            <gpxx:Temperature>8.4</gpxx:Temperature>
          </gpxx:TrackPointExtension>
        </extensions>
      </trkpt>
      <trkpt lat="46.445098528638482" lon="13.65004800260067">
        <ele>2152.0500000000002</ele>
        <time>2014-08-17T11:56:03Z</time>
        <extensions>
          <gpxtpx:TrackPointExtension>
            <gpxtpx:atemp>8.4</gpxtpx:atemp>
          </gpxtpx:TrackPointExtension>
          <gpxx:TrackPointExtension>
            <gpxx:Temperature>8.4</gpxx:Temperature>
          </gpxx:TrackPointExtension>
        </extensions>
      </trkpt>
      <trkpt lat="46.445083022117615" lon="13.65007096901536">
        <ele>2152.5300000000002</ele>
        <time>2014-08-17T11:56:00Z</time>
        <extensions>
          <gpxtpx:TrackPointExtension>
            <gpxtpx:atemp>8.4</gpxtpx:atemp>
          </gpxtpx:TrackPointExtension>
          <gpxx:TrackPointExtension>
            <gpxx:Temperature>8.4</gpxx:Temperature>
          </gpxx:TrackPointExtension>
        </extensions>
      </trkpt>
      <trkpt lat="46.445046057924628" lon="13.650135928764939">
        <ele>2153.9699999999998</ele>
        <time>2014-08-17T11:55:54Z</time>
        <extensions>
          <gpxtpx:TrackPointExtension>
            <gpxtpx:atemp>8.4</gpxtpx:atemp>
          </gpxtpx:TrackPointExtension>
          <gpxx:TrackPointExtension>
            <gpxx:Temperature>8.4</gpxx:Temperature>
          </gpxx:TrackPointExtension>
        </extensions>
      </trkpt>
      <trkpt lat="46.444995766505599" lon="13.650224357843399">
        <ele>2154.4499999999998</ele>
        <time>2014-08-17T11:55:45Z</time>
        <extensions>
          <gpxtpx:TrackPointExtension>
            <gpxtpx:atemp>8.4</gpxtpx:atemp>
          </gpxtpx:TrackPointExtension>
          <gpxx:TrackPointExtension>
            <gpxx:Temperature>8.4</gpxx:Temperature>
          </gpxx:TrackPointExtension>
        </extensions>
      </trkpt>
      <trkpt lat="46.444948995485902" lon="13.650310859084129">
        <ele>2155.8899999999999</ele>
        <time>2014-08-17T11:55:40Z</time>
        <extensions>
          <gpxtpx:TrackPointExtension>
            <gpxtpx:atemp>8.4</gpxtpx:atemp>
          </gpxtpx:TrackPointExtension>
          <gpxx:TrackPointExtension>
            <gpxx:Temperature>8.4</gpxx:Temperature>
          </gpxx:TrackPointExtension>
        </extensions>
      </trkpt>
      <trkpt lat="46.444906666874886" lon="13.650409933179617">
        <ele>2156.8600000000001</ele>
        <time>2014-08-17T11:55:34Z</time>
        <extensions>
          <gpxtpx:TrackPointExtension>
            <gpxtpx:atemp>8.4</gpxtpx:atemp>
          </gpxtpx:TrackPointExtension>
          <gpxx:TrackPointExtension>
            <gpxx:Temperature>8.4</gpxx:Temperature>
          </gpxx:TrackPointExtension>
        </extensions>
      </trkpt>
      <trkpt lat="46.444830223917961" lon="13.650514958426356">
        <ele>2159.7399999999998</ele>
        <time>2014-08-17T11:55:26Z</time>
        <extensions>
          <gpxtpx:TrackPointExtension>
            <gpxtpx:atemp>8.4</gpxtpx:atemp>
          </gpxtpx:TrackPointExtension>
          <gpxx:TrackPointExtension>
            <gpxx:Temperature>8.4</gpxx:Temperature>
          </gpxx:TrackPointExtension>
        </extensions>
      </trkpt>
      <trkpt lat="46.444820584729314" lon="13.650542618706822">
        <ele>2159.7399999999998</ele>
        <time>2014-08-17T11:55:23Z</time>
        <extensions>
          <gpxtpx:TrackPointExtension>
            <gpxtpx:atemp>8.4</gpxtpx:atemp>
          </gpxtpx:TrackPointExtension>
          <gpxx:TrackPointExtension>
            <gpxx:Temperature>8.4</gpxx:Temperature>
          </gpxx:TrackPointExtension>
        </extensions>
      </trkpt>
      <trkpt lat="46.44480767659843" lon="13.650557789951563">
        <ele>2160.2199999999998</ele>
        <time>2014-08-17T11:55:21Z</time>
        <extensions>
          <gpxtpx:TrackPointExtension>
            <gpxtpx:atemp>8.4</gpxtpx:atemp>
          </gpxtpx:TrackPointExtension>
          <gpxx:TrackPointExtension>
            <gpxx:Temperature>8.4</gpxx:Temperature>
          </gpxx:TrackPointExtension>
        </extensions>
      </trkpt>
      <trkpt lat="46.444796780124307" lon="13.650587378069758">
        <ele>2161.1799999999998</ele>
        <time>2014-08-17T11:55:18Z</time>
        <extensions>
          <gpxtpx:TrackPointExtension>
            <gpxtpx:atemp>8.5</gpxtpx:atemp>
          </gpxtpx:TrackPointExtension>
          <gpxx:TrackPointExtension>
            <gpxx:Temperature>8.5</gpxx:Temperature>
          </gpxx:TrackPointExtension>
        </extensions>
      </trkpt>
      <trkpt lat="46.44476861692965" lon="13.650629119947553">
        <ele>2162.1399999999999</ele>
        <time>2014-08-17T11:55:14Z</time>
        <extensions>
          <gpxtpx:TrackPointExtension>
            <gpxtpx:atemp>8.5</gpxtpx:atemp>
          </gpxtpx:TrackPointExtension>
          <gpxx:TrackPointExtension>
            <gpxx:Temperature>8.5</gpxx:Temperature>
          </gpxx:TrackPointExtension>
        </extensions>
      </trkpt>
      <trkpt lat="46.444747075438499" lon="13.650683686137199">
        <ele>2163.5799999999999</ele>
        <time>2014-08-17T11:55:10Z</time>
        <extensions>
          <gpxtpx:TrackPointExtension>
            <gpxtpx:atemp>8.5</gpxtpx:atemp>
          </gpxtpx:TrackPointExtension>
          <gpxx:TrackPointExtension>
            <gpxx:Temperature>8.5</gpxx:Temperature>
          </gpxx:TrackPointExtension>
        </extensions>
      </trkpt>
      <trkpt lat="46.444777837023139" lon="13.650703215971589">
        <ele>2165.0300000000002</ele>
        <time>2014-08-17T11:55:01Z</time>
        <extensions>
          <gpxtpx:TrackPointExtension>
            <gpxtpx:atemp>8.5</gpxtpx:atemp>
          </gpxtpx:TrackPointExtension>
          <gpxx:TrackPointExtension>
            <gpxx:Temperature>8.5</gpxx:Temperature>
          </gpxx:TrackPointExtension>
        </extensions>
      </trkpt>
      <trkpt lat="46.444769203662872" lon="13.650722578167915">
        <ele>2166.4699999999998</ele>
        <time>2014-08-17T11:54:55Z</time>
        <extensions>
          <gpxtpx:TrackPointExtension>
            <gpxtpx:atemp>8.5</gpxtpx:atemp>
          </gpxtpx:TrackPointExtension>
          <gpxx:TrackPointExtension>
            <gpxx:Temperature>8.5</gpxx:Temperature>
          </gpxx:TrackPointExtension>
        </extensions>
      </trkpt>
      <trkpt lat="46.444751350209117" lon="13.650758368894458">
        <ele>2167.9099999999999</ele>
        <time>2014-08-17T11:54:48Z</time>
        <extensions>
          <gpxtpx:TrackPointExtension>
            <gpxtpx:atemp>8.5</gpxtpx:atemp>
          </gpxtpx:TrackPointExtension>
          <gpxx:TrackPointExtension>
            <gpxx:Temperature>8.5</gpxx:Temperature>
          </gpxx:TrackPointExtension>
        </extensions>
      </trkpt>
      <trkpt lat="46.444746656343341" lon="13.650785107165575">
        <ele>2169.3499999999999</ele>
        <time>2014-08-17T11:54:40Z</time>
        <extensions>
          <gpxtpx:TrackPointExtension>
            <gpxtpx:atemp>8.5</gpxtpx:atemp>
          </gpxtpx:TrackPointExtension>
          <gpxx:TrackPointExtension>
            <gpxx:Temperature>8.5</gpxx:Temperature>
          </gpxx:TrackPointExtension>
        </extensions>
      </trkpt>
      <trkpt lat="46.444743638858199" lon="13.650816539302468">
        <ele>2171.7600000000002</ele>
        <time>2014-08-17T11:54:27Z</time>
        <extensions>
          <gpxtpx:TrackPointExtension>
            <gpxtpx:atemp>8.5</gpxtpx:atemp>
          </gpxtpx:TrackPointExtension>
          <gpxx:TrackPointExtension>
            <gpxx:Temperature>8.5</gpxx:Temperature>
          </gpxx:TrackPointExtension>
        </extensions>
      </trkpt>
      <trkpt lat="46.444722600281239" lon="13.650840008631349">
        <ele>2172.2399999999998</ele>
        <time>2014-08-17T11:54:19Z</time>
        <extensions>
          <gpxtpx:TrackPointExtension>
            <gpxtpx:atemp>8.7</gpxtpx:atemp>
          </gpxtpx:TrackPointExtension>
          <gpxx:TrackPointExtension>
            <gpxx:Temperature>8.7</gpxx:Temperature>
          </gpxx:TrackPointExtension>
        </extensions>
      </trkpt>
      <trkpt lat="46.444743974134326" lon="13.650854593142867">
        <ele>2173.1999999999998</ele>
        <time>2014-08-17T11:54:14Z</time>
        <extensions>
          <gpxtpx:TrackPointExtension>
            <gpxtpx:atemp>8.7</gpxtpx:atemp>
          </gpxtpx:TrackPointExtension>
          <gpxx:TrackPointExtension>
            <gpxx:Temperature>8.7</gpxx:Temperature>
          </gpxx:TrackPointExtension>
        </extensions>
      </trkpt>
      <trkpt lat="46.444743722677231" lon="13.650878230109811">
        <ele>2174.6399999999999</ele>
        <time>2014-08-17T11:54:08Z</time>
        <extensions>
          <gpxtpx:TrackPointExtension>
            <gpxtpx:atemp>8.7</gpxtpx:atemp>
          </gpxtpx:TrackPointExtension>
          <gpxx:TrackPointExtension>
            <gpxx:Temperature>8.7</gpxx:Temperature>
          </gpxx:TrackPointExtension>
        </extensions>
      </trkpt>
      <trkpt lat="46.444725953042507" lon="13.650905722752213">
        <ele>2176.0799999999999</ele>
        <time>2014-08-17T11:54:01Z</time>
        <extensions>
          <gpxtpx:TrackPointExtension>
            <gpxtpx:atemp>8.7</gpxtpx:atemp>
          </gpxtpx:TrackPointExtension>
          <gpxx:TrackPointExtension>
            <gpxx:Temperature>8.7</gpxx:Temperature>
          </gpxx:TrackPointExtension>
        </extensions>
      </trkpt>
      <trkpt lat="46.444706507027149" lon="13.650925168767571">
        <ele>2177.04</ele>
        <time>2014-08-17T11:53:53Z</time>
        <extensions>
          <gpxtpx:TrackPointExtension>
            <gpxtpx:atemp>8.7</gpxtpx:atemp>
          </gpxtpx:TrackPointExtension>
          <gpxx:TrackPointExtension>
            <gpxx:Temperature>8.7</gpxx:Temperature>
          </gpxx:TrackPointExtension>
        </extensions>
      </trkpt>
      <trkpt lat="46.444702064618468" lon="13.65095098502934">
        <ele>2178.9699999999998</ele>
        <time>2014-08-17T11:53:45Z</time>
        <extensions>
          <gpxtpx:TrackPointExtension>
            <gpxtpx:atemp>8.7</gpxtpx:atemp>
          </gpxtpx:TrackPointExtension>
          <gpxx:TrackPointExtension>
            <gpxx:Temperature>8.7</gpxx:Temperature>
          </gpxx:TrackPointExtension>
        </extensions>
      </trkpt>
      <trkpt lat="46.444691251963377" lon="13.650969676673412">
        <ele>2179.9299999999998</ele>
        <time>2014-08-17T11:53:37Z</time>
        <extensions>
          <gpxtpx:TrackPointExtension>
            <gpxtpx:atemp>8.7</gpxtpx:atemp>
          </gpxtpx:TrackPointExtension>
          <gpxx:TrackPointExtension>
            <gpxx:Temperature>8.7</gpxx:Temperature>
          </gpxx:TrackPointExtension>
        </extensions>
      </trkpt>
      <trkpt lat="46.444692509248853" lon="13.650995576754212">
        <ele>2180.8899999999999</ele>
        <time>2014-08-17T11:53:30Z</time>
        <extensions>
          <gpxtpx:TrackPointExtension>
            <gpxtpx:atemp>8.7</gpxtpx:atemp>
          </gpxtpx:TrackPointExtension>
          <gpxx:TrackPointExtension>
            <gpxx:Temperature>8.7</gpxx:Temperature>
          </gpxx:TrackPointExtension>
        </extensions>
      </trkpt>
      <trkpt lat="46.444680774584413" lon="13.651022650301456">
        <ele>2183.29</ele>
        <time>2014-08-17T11:53:23Z</time>
        <extensions>
          <gpxtpx:TrackPointExtension>
            <gpxtpx:atemp>8.7</gpxtpx:atemp>
          </gpxtpx:TrackPointExtension>
          <gpxx:TrackPointExtension>
            <gpxx:Temperature>8.7</gpxx:Temperature>
          </gpxx:TrackPointExtension>
        </extensions>
      </trkpt>
      <trkpt lat="46.444675577804446" lon="13.651041174307466">
        <ele>2184.25</ele>
        <time>2014-08-17T11:53:17Z</time>
        <extensions>
          <gpxtpx:TrackPointExtension>
            <gpxtpx:atemp>7.3</gpxtpx:atemp>
          </gpxtpx:TrackPointExtension>
          <gpxx:TrackPointExtension>
            <gpxx:Temperature>7.3</gpxx:Temperature>
          </gpxx:TrackPointExtension>
        </extensions>
      </trkpt>
      <trkpt lat="46.444663172587752" lon="13.651078306138515">
        <ele>2185.6900000000001</ele>
        <time>2014-08-17T11:53:08Z</time>
        <extensions>
          <gpxtpx:TrackPointExtension>
            <gpxtpx:atemp>7.3</gpxtpx:atemp>
          </gpxtpx:TrackPointExtension>
          <gpxx:TrackPointExtension>
            <gpxx:Temperature>7.3</gpxx:Temperature>
          </gpxx:TrackPointExtension>
        </extensions>
      </trkpt>
      <trkpt lat="46.444669794291258" lon="13.651112420484424">
        <ele>2186.1799999999998</ele>
        <time>2014-08-17T11:52:58Z</time>
        <extensions>
          <gpxtpx:TrackPointExtension>
            <gpxtpx:atemp>7.3</gpxtpx:atemp>
          </gpxtpx:TrackPointExtension>
          <gpxx:TrackPointExtension>
            <gpxx:Temperature>7.3</gpxx:Temperature>
          </gpxx:TrackPointExtension>
        </extensions>
      </trkpt>
      <trkpt lat="46.444652108475566" lon="13.651150809600949">
        <ele>2186.6599999999999</ele>
        <time>2014-08-17T11:52:47Z</time>
        <extensions>
          <gpxtpx:TrackPointExtension>
            <gpxtpx:atemp>7.3</gpxtpx:atemp>
          </gpxtpx:TrackPointExtension>
          <gpxx:TrackPointExtension>
            <gpxx:Temperature>7.3</gpxx:Temperature>
          </gpxx:TrackPointExtension>
        </extensions>
      </trkpt>
      <trkpt lat="46.444660406559706" lon="13.651179894804955">
        <ele>2189.0599999999999</ele>
        <time>2014-08-17T11:52:10Z</time>
        <extensions>
          <gpxtpx:TrackPointExtension>
            <gpxtpx:atemp>5</gpxtpx:atemp>
          </gpxtpx:TrackPointExtension>
          <gpxx:TrackPointExtension>
            <gpxx:Temperature>5</gpxx:Temperature>
          </gpxx:TrackPointExtension>
        </extensions>
      </trkpt>
      <trkpt lat="46.44466501660645" lon="13.651242926716805">
        <ele>2190.5</ele>
        <time>2014-08-17T11:52:00Z</time>
        <extensions>
          <gpxtpx:TrackPointExtension>
            <gpxtpx:atemp>5</gpxtpx:atemp>
          </gpxtpx:TrackPointExtension>
          <gpxx:TrackPointExtension>
            <gpxx:Temperature>5</gpxx:Temperature>
          </gpxx:TrackPointExtension>
        </extensions>
      </trkpt>
      <trkpt lat="46.444637272506952" lon="13.65125541575253">
        <ele>2190.5</ele>
        <time>2014-08-17T11:51:49Z</time>
        <extensions>
          <gpxtpx:TrackPointExtension>
            <gpxtpx:atemp>5</gpxtpx:atemp>
          </gpxtpx:TrackPointExtension>
          <gpxx:TrackPointExtension>
            <gpxx:Temperature>5</gpxx:Temperature>
          </gpxx:TrackPointExtension>
        </extensions>
      </trkpt>
      <trkpt lat="46.444630566984415" lon="13.651273520663381">
        <ele>2190.02</ele>
        <time>2014-08-17T11:51:41Z</time>
        <extensions>
          <gpxtpx:TrackPointExtension>
            <gpxtpx:atemp>5</gpxtpx:atemp>
          </gpxtpx:TrackPointExtension>
          <gpxx:TrackPointExtension>
            <gpxx:Temperature>5</gpxx:Temperature>
          </gpxx:TrackPointExtension>
        </extensions>
      </trkpt>
      <trkpt lat="46.444637356325984" lon="13.651325404644012">
        <ele>2191.9400000000001</ele>
        <time>2014-08-17T11:51:34Z</time>
        <extensions>
          <gpxtpx:TrackPointExtension>
            <gpxtpx:atemp>5</gpxtpx:atemp>
          </gpxtpx:TrackPointExtension>
          <gpxx:TrackPointExtension>
            <gpxx:Temperature>5</gpxx:Temperature>
          </gpxx:TrackPointExtension>
        </extensions>
      </trkpt>
      <trkpt lat="46.44463961943984" lon="13.651421628892422">
        <ele>2194.8299999999999</ele>
        <time>2014-08-17T11:51:26Z</time>
        <extensions>
          <gpxtpx:TrackPointExtension>
            <gpxtpx:atemp>5</gpxtpx:atemp>
          </gpxtpx:TrackPointExtension>
          <gpxx:TrackPointExtension>
            <gpxx:Temperature>5</gpxx:Temperature>
          </gpxx:TrackPointExtension>
        </extensions>
      </trkpt>
      <trkpt lat="46.444636853411794" lon="13.651469154283404">
        <ele>2195.79</ele>
        <time>2014-08-17T11:51:19Z</time>
        <extensions>
          <gpxtpx:TrackPointExtension>
            <gpxtpx:atemp>4.3</gpxtpx:atemp>
          </gpxtpx:TrackPointExtension>
          <gpxx:TrackPointExtension>
            <gpxx:Temperature>4.3</gpxx:Temperature>
          </gpxx:TrackPointExtension>
        </extensions>
      </trkpt>
      <trkpt lat="46.44462687894702" lon="13.651496730744839">
        <ele>2196.75</ele>
        <time>2014-08-17T11:51:13Z</time>
        <extensions>
          <gpxtpx:TrackPointExtension>
            <gpxtpx:atemp>4.3</gpxtpx:atemp>
          </gpxtpx:TrackPointExtension>
          <gpxx:TrackPointExtension>
            <gpxx:Temperature>4.3</gpxx:Temperature>
          </gpxx:TrackPointExtension>
        </extensions>
      </trkpt>
      <trkpt lat="46.444613551720977" lon="13.651529336348176">
        <ele>2197.71</ele>
        <time>2014-08-17T11:51:04Z</time>
        <extensions>
          <gpxtpx:TrackPointExtension>
            <gpxtpx:atemp>4.3</gpxtpx:atemp>
          </gpxtpx:TrackPointExtension>
          <gpxx:TrackPointExtension>
            <gpxx:Temperature>4.3</gpxx:Temperature>
          </gpxx:TrackPointExtension>
        </extensions>
      </trkpt>
      <trkpt lat="46.444603828713298" lon="13.651553140953183">
        <ele>2198.1900000000001</ele>
        <time>2014-08-17T11:50:57Z</time>
        <extensions>
          <gpxtpx:TrackPointExtension>
            <gpxtpx:atemp>4.3</gpxtpx:atemp>
          </gpxtpx:TrackPointExtension>
          <gpxx:TrackPointExtension>
            <gpxx:Temperature>4.3</gpxx:Temperature>
          </gpxx:TrackPointExtension>
        </extensions>
      </trkpt>
      <trkpt lat="46.444589160382748" lon="13.651602761819959">
        <ele>2199.1500000000001</ele>
        <time>2014-08-17T11:50:49Z</time>
        <extensions>
          <gpxtpx:TrackPointExtension>
            <gpxtpx:atemp>4.3</gpxtpx:atemp>
          </gpxtpx:TrackPointExtension>
          <gpxx:TrackPointExtension>
            <gpxx:Temperature>4.3</gpxx:Temperature>
          </gpxx:TrackPointExtension>
        </extensions>
      </trkpt>
      <trkpt lat="46.444564433768392" lon="13.651647437363863">
        <ele>2199.1500000000001</ele>
        <time>2014-08-17T11:50:43Z</time>
        <extensions>
          <gpxtpx:TrackPointExtension>
            <gpxtpx:atemp>4.3</gpxtpx:atemp>
          </gpxtpx:TrackPointExtension>
          <gpxx:TrackPointExtension>
            <gpxx:Temperature>4.3</gpxx:Temperature>
          </gpxx:TrackPointExtension>
        </extensions>
      </trkpt>
      <trkpt lat="46.444582119584084" lon="13.651742236688733">
        <ele>2198.6700000000001</ele>
        <time>2014-08-17T11:50:37Z</time>
        <extensions>
          <gpxtpx:TrackPointExtension>
            <gpxtpx:atemp>4.3</gpxtpx:atemp>
          </gpxtpx:TrackPointExtension>
          <gpxx:TrackPointExtension>
            <gpxx:Temperature>4.3</gpxx:Temperature>
          </gpxx:TrackPointExtension>
        </extensions>
      </trkpt>
      <trkpt lat="46.444578180089593" lon="13.651767214760184">
        <ele>2199.1500000000001</ele>
        <time>2014-08-17T11:50:35Z</time>
        <extensions>
          <gpxtpx:TrackPointExtension>
            <gpxtpx:atemp>4.3</gpxtpx:atemp>
          </gpxtpx:TrackPointExtension>
          <gpxx:TrackPointExtension>
            <gpxx:Temperature>4.3</gpxx:Temperature>
          </gpxx:TrackPointExtension>
        </extensions>
      </trkpt>
      <trkpt lat="46.444572983309627" lon="13.651800574734807">
        <ele>2200.1100000000001</ele>
        <time>2014-08-17T11:50:29Z</time>
        <extensions>
          <gpxtpx:TrackPointExtension>
            <gpxtpx:atemp>4.3</gpxtpx:atemp>
          </gpxtpx:TrackPointExtension>
          <gpxx:TrackPointExtension>
            <gpxx:Temperature>4.3</gpxx:Temperature>
          </gpxx:TrackPointExtension>
        </extensions>
      </trkpt>
      <trkpt lat="46.444560158997774" lon="13.651900738477707">
        <ele>2200.1100000000001</ele>
        <time>2014-08-17T11:50:23Z</time>
        <extensions>
          <gpxtpx:TrackPointExtension>
            <gpxtpx:atemp>4.3</gpxtpx:atemp>
          </gpxtpx:TrackPointExtension>
          <gpxx:TrackPointExtension>
            <gpxx:Temperature>4.3</gpxx:Temperature>
          </gpxx:TrackPointExtension>
        </extensions>
      </trkpt>
      <trkpt lat="46.444536773487926" lon="13.651965111494064">
        <ele>2200.5900000000001</ele>
        <time>2014-08-17T11:50:19Z</time>
        <extensions>
          <gpxtpx:TrackPointExtension>
            <gpxtpx:atemp>3</gpxtpx:atemp>
          </gpxtpx:TrackPointExtension>
          <gpxx:TrackPointExtension>
            <gpxx:Temperature>3</gpxx:Temperature>
          </gpxx:TrackPointExtension>
        </extensions>
      </trkpt>
      <trkpt lat="46.444513807073236" lon="13.652015486732125">
        <ele>2201.5599999999999</ele>
        <time>2014-08-17T11:50:16Z</time>
        <extensions>
          <gpxtpx:TrackPointExtension>
            <gpxtpx:atemp>3</gpxtpx:atemp>
          </gpxtpx:TrackPointExtension>
          <gpxx:TrackPointExtension>
            <gpxx:Temperature>3</gpxx:Temperature>
          </gpxx:TrackPointExtension>
        </extensions>
      </trkpt>
      <trkpt lat="46.444504419341683" lon="13.65206410177052">
        <ele>2203</ele>
        <time>2014-08-17T11:50:13Z</time>
        <extensions>
          <gpxtpx:TrackPointExtension>
            <gpxtpx:atemp>3</gpxtpx:atemp>
          </gpxtpx:TrackPointExtension>
          <gpxx:TrackPointExtension>
            <gpxx:Temperature>3</gpxx:Temperature>
          </gpxx:TrackPointExtension>
        </extensions>
      </trkpt>
      <trkpt lat="46.444448512047529" lon="13.652146998792887">
        <ele>2206.3600000000001</ele>
        <time>2014-08-17T11:50:05Z</time>
        <extensions>
          <gpxtpx:TrackPointExtension>
            <gpxtpx:atemp>3</gpxtpx:atemp>
          </gpxtpx:TrackPointExtension>
          <gpxx:TrackPointExtension>
            <gpxx:Temperature>3</gpxx:Temperature>
          </gpxx:TrackPointExtension>
        </extensions>
      </trkpt>
      <trkpt lat="46.444405345246196" lon="13.652223441749811">
        <ele>2207.8099999999999</ele>
        <time>2014-08-17T11:49:56Z</time>
        <extensions>
          <gpxtpx:TrackPointExtension>
            <gpxtpx:atemp>3</gpxtpx:atemp>
          </gpxtpx:TrackPointExtension>
          <gpxx:TrackPointExtension>
            <gpxx:Temperature>3</gpxx:Temperature>
          </gpxx:TrackPointExtension>
        </extensions>
      </trkpt>
      <trkpt lat="46.444380534812808" lon="13.65228739567101">
        <ele>2210.21</ele>
        <time>2014-08-17T11:49:49Z</time>
        <extensions>
          <gpxtpx:TrackPointExtension>
            <gpxtpx:atemp>3</gpxtpx:atemp>
          </gpxtpx:TrackPointExtension>
          <gpxx:TrackPointExtension>
            <gpxx:Temperature>3</gpxx:Temperature>
          </gpxx:TrackPointExtension>
        </extensions>
      </trkpt>
      <trkpt lat="46.444414900615811" lon="13.652352187782526">
        <ele>2210.6900000000001</ele>
        <time>2014-08-17T11:49:42Z</time>
        <extensions>
          <gpxtpx:TrackPointExtension>
            <gpxtpx:atemp>3</gpxtpx:atemp>
          </gpxtpx:TrackPointExtension>
          <gpxx:TrackPointExtension>
            <gpxx:Temperature>3</gpxx:Temperature>
          </gpxx:TrackPointExtension>
        </extensions>
      </trkpt>
      <trkpt lat="46.444402411580086" lon="13.65240516141057">
        <ele>2211.6500000000001</ele>
        <time>2014-08-17T11:49:36Z</time>
        <extensions>
          <gpxtpx:TrackPointExtension>
            <gpxtpx:atemp>3</gpxtpx:atemp>
          </gpxtpx:TrackPointExtension>
          <gpxx:TrackPointExtension>
            <gpxx:Temperature>3</gpxx:Temperature>
          </gpxx:TrackPointExtension>
        </extensions>
      </trkpt>
      <trkpt lat="46.444401573389769" lon="13.652464840561152">
        <ele>2213.5700000000002</ele>
        <time>2014-08-17T11:49:29Z</time>
        <extensions>
          <gpxtpx:TrackPointExtension>
            <gpxtpx:atemp>3</gpxtpx:atemp>
          </gpxtpx:TrackPointExtension>
          <gpxx:TrackPointExtension>
            <gpxx:Temperature>3</gpxx:Temperature>
          </gpxx:TrackPointExtension>
        </extensions>
      </trkpt>
      <trkpt lat="46.444389838725328" lon="13.652509097009897">
        <ele>2214.5300000000002</ele>
        <time>2014-08-17T11:49:22Z</time>
        <extensions>
          <gpxtpx:TrackPointExtension>
            <gpxtpx:atemp>3</gpxtpx:atemp>
          </gpxtpx:TrackPointExtension>
          <gpxx:TrackPointExtension>
            <gpxx:Temperature>3</gpxx:Temperature>
          </gpxx:TrackPointExtension>
        </extensions>
      </trkpt>
      <trkpt lat="46.444410961121321" lon="13.652547067031264">
        <ele>2215.5</ele>
        <time>2014-08-17T11:49:15Z</time>
        <extensions>
          <gpxtpx:TrackPointExtension>
            <gpxtpx:atemp>2.3</gpxtpx:atemp>
          </gpxtpx:TrackPointExtension>
          <gpxx:TrackPointExtension>
            <gpxx:Temperature>2.3</gpxx:Temperature>
          </gpxx:TrackPointExtension>
        </extensions>
      </trkpt>
      <trkpt lat="46.444421941414475" lon="13.652591239660978">
        <ele>2217.4200000000001</ele>
        <time>2014-08-17T11:49:04Z</time>
        <extensions>
          <gpxtpx:TrackPointExtension>
            <gpxtpx:atemp>2.3</gpxtpx:atemp>
          </gpxtpx:TrackPointExtension>
          <gpxx:TrackPointExtension>
            <gpxx:Temperature>2.3</gpxx:Temperature>
          </gpxx:TrackPointExtension>
        </extensions>
      </trkpt>
      <trkpt lat="46.444386318325996" lon="13.652660055086017">
        <ele>2218.8600000000001</ele>
        <time>2014-08-17T11:48:55Z</time>
        <extensions>
          <gpxtpx:TrackPointExtension>
            <gpxtpx:atemp>2.3</gpxtpx:atemp>
          </gpxtpx:TrackPointExtension>
          <gpxx:TrackPointExtension>
            <gpxx:Temperature>2.3</gpxx:Temperature>
          </gpxx:TrackPointExtension>
        </extensions>
      </trkpt>
      <trkpt lat="46.444363184273243" lon="13.652714369818568">
        <ele>2220.3000000000002</ele>
        <time>2014-08-17T11:48:48Z</time>
        <extensions>
          <gpxtpx:TrackPointExtension>
            <gpxtpx:atemp>2.3</gpxtpx:atemp>
          </gpxtpx:TrackPointExtension>
          <gpxx:TrackPointExtension>
            <gpxx:Temperature>2.3</gpxx:Temperature>
          </gpxx:TrackPointExtension>
        </extensions>
      </trkpt>
      <trkpt lat="46.444373494014144" lon="13.652751920744777">
        <ele>2220.7800000000002</ele>
        <time>2014-08-17T11:48:40Z</time>
        <extensions>
          <gpxtpx:TrackPointExtension>
            <gpxtpx:atemp>2.3</gpxtpx:atemp>
          </gpxtpx:TrackPointExtension>
          <gpxx:TrackPointExtension>
            <gpxx:Temperature>2.3</gpxx:Temperature>
          </gpxx:TrackPointExtension>
        </extensions>
      </trkpt>
      <trkpt lat="46.444314569234848" lon="13.652812018990517">
        <ele>2222.2199999999998</ele>
        <time>2014-08-17T11:48:31Z</time>
        <extensions>
          <gpxtpx:TrackPointExtension>
            <gpxtpx:atemp>2.3</gpxtpx:atemp>
          </gpxtpx:TrackPointExtension>
          <gpxx:TrackPointExtension>
            <gpxx:Temperature>2.3</gpxx:Temperature>
          </gpxx:TrackPointExtension>
        </extensions>
      </trkpt>
      <trkpt lat="46.444254387170076" lon="13.652841690927744">
        <ele>2225.1100000000001</ele>
        <time>2014-08-17T11:48:23Z</time>
        <extensions>
          <gpxtpx:TrackPointExtension>
            <gpxtpx:atemp>2.3</gpxtpx:atemp>
          </gpxtpx:TrackPointExtension>
          <gpxx:TrackPointExtension>
            <gpxx:Temperature>2.3</gpxx:Temperature>
          </gpxx:TrackPointExtension>
        </extensions>
      </trkpt>
      <trkpt lat="46.444198731333017" lon="13.65285225212574">
        <ele>2226.0700000000002</ele>
        <time>2014-08-17T11:48:16Z</time>
        <extensions>
          <gpxtpx:TrackPointExtension>
            <gpxtpx:atemp>1.7</gpxtpx:atemp>
          </gpxtpx:TrackPointExtension>
          <gpxx:TrackPointExtension>
            <gpxx:Temperature>1.7</gpxx:Temperature>
          </gpxx:TrackPointExtension>
        </extensions>
      </trkpt>
      <trkpt lat="46.44415095448494" lon="13.652905477210879">
        <ele>2227.5100000000002</ele>
        <time>2014-08-17T11:48:09Z</time>
        <extensions>
          <gpxtpx:TrackPointExtension>
            <gpxtpx:atemp>1.7</gpxtpx:atemp>
          </gpxtpx:TrackPointExtension>
          <gpxx:TrackPointExtension>
            <gpxx:Temperature>1.7</gpxx:Temperature>
          </gpxx:TrackPointExtension>
        </extensions>
      </trkpt>
      <trkpt lat="46.444112984463573" lon="13.652904890477657">
        <ele>2228.4699999999998</ele>
        <time>2014-08-17T11:48:06Z</time>
        <extensions>
          <gpxtpx:TrackPointExtension>
            <gpxtpx:atemp>1.7</gpxtpx:atemp>
          </gpxtpx:TrackPointExtension>
          <gpxx:TrackPointExtension>
            <gpxx:Temperature>1.7</gpxx:Temperature>
          </gpxx:TrackPointExtension>
        </extensions>
      </trkpt>
      <trkpt lat="46.444049030542374" lon="13.652918469160795">
        <ele>2229.4299999999998</ele>
        <time>2014-08-17T11:48:01Z</time>
        <extensions>
          <gpxtpx:TrackPointExtension>
            <gpxtpx:atemp>1.7</gpxtpx:atemp>
          </gpxtpx:TrackPointExtension>
          <gpxx:TrackPointExtension>
            <gpxx:Temperature>1.7</gpxx:Temperature>
          </gpxx:TrackPointExtension>
        </extensions>
      </trkpt>
      <trkpt lat="46.444028746336699" lon="13.652917630970478">
        <ele>2229.9200000000001</ele>
        <time>2014-08-17T11:47:58Z</time>
        <extensions>
          <gpxtpx:TrackPointExtension>
            <gpxtpx:atemp>1.7</gpxtpx:atemp>
          </gpxtpx:TrackPointExtension>
          <gpxx:TrackPointExtension>
            <gpxx:Temperature>1.7</gpxx:Temperature>
          </gpxx:TrackPointExtension>
        </extensions>
      </trkpt>
      <trkpt lat="46.44401608966291" lon="13.652938334271312">
        <ele>2229.9200000000001</ele>
        <time>2014-08-17T11:47:52Z</time>
        <extensions>
          <gpxtpx:TrackPointExtension>
            <gpxtpx:atemp>1.7</gpxtpx:atemp>
          </gpxtpx:TrackPointExtension>
          <gpxx:TrackPointExtension>
            <gpxx:Temperature>1.7</gpxx:Temperature>
          </gpxx:TrackPointExtension>
        </extensions>
      </trkpt>
      <trkpt lat="46.443974515423179" lon="13.652976639568806">
        <ele>2232.3200000000002</ele>
        <time>2014-08-17T11:47:44Z</time>
        <extensions>
          <gpxtpx:TrackPointExtension>
            <gpxtpx:atemp>1.7</gpxtpx:atemp>
          </gpxtpx:TrackPointExtension>
          <gpxx:TrackPointExtension>
            <gpxx:Temperature>1.7</gpxx:Temperature>
          </gpxx:TrackPointExtension>
        </extensions>
      </trkpt>
      <trkpt lat="46.443964708596468" lon="13.652992565184832">
        <ele>2232.3200000000002</ele>
        <time>2014-08-17T11:47:38Z</time>
        <extensions>
          <gpxtpx:TrackPointExtension>
            <gpxtpx:atemp>1.7</gpxtpx:atemp>
          </gpxtpx:TrackPointExtension>
          <gpxx:TrackPointExtension>
            <gpxx:Temperature>1.7</gpxx:Temperature>
          </gpxx:TrackPointExtension>
        </extensions>
      </trkpt>
      <trkpt lat="46.44390276633203" lon="13.65301301702857">
        <ele>2233.2800000000002</ele>
        <time>2014-08-17T11:47:29Z</time>
        <extensions>
          <gpxtpx:TrackPointExtension>
            <gpxtpx:atemp>1.7</gpxtpx:atemp>
          </gpxtpx:TrackPointExtension>
          <gpxx:TrackPointExtension>
            <gpxx:Temperature>1.7</gpxx:Temperature>
          </gpxx:TrackPointExtension>
        </extensions>
      </trkpt>
      <trkpt lat="46.443878961727023" lon="13.653033804148436">
        <ele>2233.7600000000002</ele>
        <time>2014-08-17T11:47:25Z</time>
        <extensions>
          <gpxtpx:TrackPointExtension>
            <gpxtpx:atemp>1.7</gpxtpx:atemp>
          </gpxtpx:TrackPointExtension>
          <gpxx:TrackPointExtension>
            <gpxx:Temperature>1.7</gpxx:Temperature>
          </gpxx:TrackPointExtension>
        </extensions>
      </trkpt>
      <trkpt lat="46.442752685397863" lon="13.653390202671289">
        <ele>2252.0300000000002</ele>
        <time>2014-08-17T08:38:46Z</time>
        <extensions>
          <gpxtpx:TrackPointExtension>
            <gpxtpx:atemp>9.2</gpxtpx:atemp>
          </gpxtpx:TrackPointExtension>
          <gpxx:TrackPointExtension>
            <gpxx:Temperature>9.2</gpxx:Temperature>
          </gpxx:TrackPointExtension>
        </extensions>
      </trkpt>
      <trkpt lat="46.442719073966146" lon="13.653350304812193">
        <ele>2251.0599999999999</ele>
        <time>2014-08-17T08:38:54Z</time>
        <extensions>
          <gpxtpx:TrackPointExtension>
            <gpxtpx:atemp>9.2</gpxtpx:atemp>
          </gpxtpx:TrackPointExtension>
          <gpxx:TrackPointExtension>
            <gpxx:Temperature>9.2</gpxx:Temperature>
          </gpxx:TrackPointExtension>
        </extensions>
      </trkpt>
      <trkpt lat="46.442676829174161" lon="13.653250811621547">
        <ele>2250.0999999999999</ele>
        <time>2014-08-17T08:39:03Z</time>
        <extensions>
          <gpxtpx:TrackPointExtension>
            <gpxtpx:atemp>9.2</gpxtpx:atemp>
          </gpxtpx:TrackPointExtension>
          <gpxx:TrackPointExtension>
            <gpxx:Temperature>9.2</gpxx:Temperature>
          </gpxx:TrackPointExtension>
        </extensions>
      </trkpt>
      <trkpt lat="46.442653192207217" lon="13.653229437768459">
        <ele>2250.0999999999999</ele>
        <time>2014-08-17T08:39:06Z</time>
        <extensions>
          <gpxtpx:TrackPointExtension>
            <gpxtpx:atemp>9.2</gpxtpx:atemp>
          </gpxtpx:TrackPointExtension>
          <gpxx:TrackPointExtension>
            <gpxx:Temperature>9.2</gpxx:Temperature>
          </gpxx:TrackPointExtension>
        </extensions>
      </trkpt>
      <trkpt lat="46.442637853324413" lon="13.653121311217546">
        <ele>2248.6599999999999</ele>
        <time>2014-08-17T08:39:14Z</time>
        <extensions>
          <gpxtpx:TrackPointExtension>
            <gpxtpx:atemp>9.2</gpxtpx:atemp>
          </gpxtpx:TrackPointExtension>
          <gpxx:TrackPointExtension>
            <gpxx:Temperature>9.2</gpxx:Temperature>
          </gpxx:TrackPointExtension>
        </extensions>
      </trkpt>
      <trkpt lat="46.442582448944449" lon="13.653044197708368">
        <ele>2248.1799999999998</ele>
        <time>2014-08-17T08:39:22Z</time>
        <extensions>
          <gpxtpx:TrackPointExtension>
            <gpxtpx:atemp>8.2</gpxtpx:atemp>
          </gpxtpx:TrackPointExtension>
          <gpxx:TrackPointExtension>
            <gpxx:Temperature>8.2</gpxx:Temperature>
          </gpxx:TrackPointExtension>
        </extensions>
      </trkpt>
      <trkpt lat="46.442507347092032" lon="13.653009664267302">
        <ele>2246.2600000000002</ele>
        <time>2014-08-17T08:39:31Z</time>
        <extensions>
          <gpxtpx:TrackPointExtension>
            <gpxtpx:atemp>8.2</gpxtpx:atemp>
          </gpxtpx:TrackPointExtension>
          <gpxx:TrackPointExtension>
            <gpxx:Temperature>8.2</gpxx:Temperature>
          </gpxx:TrackPointExtension>
        </extensions>
      </trkpt>
      <trkpt lat="46.44247692078352" lon="13.653017962351441">
        <ele>2245.7800000000002</ele>
        <time>2014-08-17T08:39:39Z</time>
        <extensions>
          <gpxtpx:TrackPointExtension>
            <gpxtpx:atemp>8.2</gpxtpx:atemp>
          </gpxtpx:TrackPointExtension>
          <gpxx:TrackPointExtension>
            <gpxx:Temperature>8.2</gpxx:Temperature>
          </gpxx:TrackPointExtension>
        </extensions>
      </trkpt>
      <trkpt lat="46.442438028752804" lon="13.653013855218887">
        <ele>2245.3000000000002</ele>
        <time>2014-08-17T08:39:47Z</time>
        <extensions>
          <gpxtpx:TrackPointExtension>
            <gpxtpx:atemp>8.2</gpxtpx:atemp>
          </gpxtpx:TrackPointExtension>
          <gpxx:TrackPointExtension>
            <gpxx:Temperature>8.2</gpxx:Temperature>
          </gpxx:TrackPointExtension>
        </extensions>
      </trkpt>
      <trkpt lat="46.442394442856312" lon="13.65299541503191">
        <ele>2245.3000000000002</ele>
        <time>2014-08-17T08:40:23Z</time>
        <extensions>
          <gpxtpx:TrackPointExtension>
            <gpxtpx:atemp>7.4</gpxtpx:atemp>
          </gpxtpx:TrackPointExtension>
          <gpxx:TrackPointExtension>
            <gpxx:Temperature>7.4</gpxx:Temperature>
          </gpxx:TrackPointExtension>
        </extensions>
      </trkpt>
      <trkpt lat="46.442354209721088" lon="13.653001198545098">
        <ele>2245.3000000000002</ele>
        <time>2014-08-17T08:40:31Z</time>
        <extensions>
          <gpxtpx:TrackPointExtension>
            <gpxtpx:atemp>7.4</gpxtpx:atemp>
          </gpxtpx:TrackPointExtension>
          <gpxx:TrackPointExtension>
            <gpxx:Temperature>7.4</gpxx:Temperature>
          </gpxx:TrackPointExtension>
        </extensions>
      </trkpt>
      <trkpt lat="46.442349096760154" lon="13.652976388111711">
        <ele>2244.3299999999999</ele>
        <time>2014-08-17T08:40:40Z</time>
        <extensions>
          <gpxtpx:TrackPointExtension>
            <gpxtpx:atemp>7.4</gpxtpx:atemp>
          </gpxtpx:TrackPointExtension>
          <gpxx:TrackPointExtension>
            <gpxx:Temperature>7.4</gpxx:Temperature>
          </gpxx:TrackPointExtension>
        </extensions>
      </trkpt>
      <trkpt lat="46.442359741777182" lon="13.652962893247604">
        <ele>2242.4099999999999</ele>
        <time>2014-08-17T08:40:47Z</time>
        <extensions>
          <gpxtpx:TrackPointExtension>
            <gpxtpx:atemp>7.4</gpxtpx:atemp>
          </gpxtpx:TrackPointExtension>
          <gpxx:TrackPointExtension>
            <gpxx:Temperature>7.4</gpxx:Temperature>
          </gpxx:TrackPointExtension>
        </extensions>
      </trkpt>
      <trkpt lat="46.442355131730437" lon="13.652919977903366">
        <ele>2240.0100000000002</ele>
        <time>2014-08-17T08:40:56Z</time>
        <extensions>
          <gpxtpx:TrackPointExtension>
            <gpxtpx:atemp>7.4</gpxtpx:atemp>
          </gpxtpx:TrackPointExtension>
          <gpxx:TrackPointExtension>
            <gpxx:Temperature>7.4</gpxx:Temperature>
          </gpxx:TrackPointExtension>
        </extensions>
      </trkpt>
      <trkpt lat="46.44235672429204" lon="13.652884187176824">
        <ele>2238.0900000000001</ele>
        <time>2014-08-17T08:41:04Z</time>
        <extensions>
          <gpxtpx:TrackPointExtension>
            <gpxtpx:atemp>7.4</gpxtpx:atemp>
          </gpxtpx:TrackPointExtension>
          <gpxx:TrackPointExtension>
            <gpxx:Temperature>7.4</gpxx:Temperature>
          </gpxx:TrackPointExtension>
        </extensions>
      </trkpt>
      <trkpt lat="46.442325543612242" lon="13.652835320681334">
        <ele>2238.0900000000001</ele>
        <time>2014-08-17T08:41:11Z</time>
        <extensions>
          <gpxtpx:TrackPointExtension>
            <gpxtpx:atemp>7.4</gpxtpx:atemp>
          </gpxtpx:TrackPointExtension>
          <gpxx:TrackPointExtension>
            <gpxx:Temperature>7.4</gpxx:Temperature>
          </gpxx:TrackPointExtension>
        </extensions>
      </trkpt>
      <trkpt lat="46.442300816997886" lon="13.652823250740767">
        <ele>2237.1300000000001</ele>
        <time>2014-08-17T08:41:18Z</time>
        <extensions>
          <gpxtpx:TrackPointExtension>
            <gpxtpx:atemp>7.4</gpxtpx:atemp>
          </gpxtpx:TrackPointExtension>
          <gpxx:TrackPointExtension>
            <gpxx:Temperature>7.4</gpxx:Temperature>
          </gpxx:TrackPointExtension>
        </extensions>
      </trkpt>
      <trkpt lat="46.442266870290041" lon="13.652808079496026">
        <ele>2235.1999999999998</ele>
        <time>2014-08-17T08:41:26Z</time>
        <extensions>
          <gpxtpx:TrackPointExtension>
            <gpxtpx:atemp>6.9</gpxtpx:atemp>
          </gpxtpx:TrackPointExtension>
          <gpxx:TrackPointExtension>
            <gpxx:Temperature>6.9</gpxx:Temperature>
          </gpxx:TrackPointExtension>
        </extensions>
      </trkpt>
      <trkpt lat="46.44223602488637" lon="13.652810594066978">
        <ele>2235.1999999999998</ele>
        <time>2014-08-17T08:41:38Z</time>
        <extensions>
          <gpxtpx:TrackPointExtension>
            <gpxtpx:atemp>6.9</gpxtpx:atemp>
          </gpxtpx:TrackPointExtension>
          <gpxx:TrackPointExtension>
            <gpxx:Temperature>6.9</gpxx:Temperature>
          </gpxx:TrackPointExtension>
        </extensions>
      </trkpt>
      <trkpt lat="46.442211968824267" lon="13.65280631929636">
        <ele>2235.1999999999998</ele>
        <time>2014-08-17T08:41:53Z</time>
        <extensions>
          <gpxtpx:TrackPointExtension>
            <gpxtpx:atemp>6.9</gpxtpx:atemp>
          </gpxtpx:TrackPointExtension>
          <gpxx:TrackPointExtension>
            <gpxx:Temperature>6.9</gpxx:Temperature>
          </gpxx:TrackPointExtension>
        </extensions>
      </trkpt>
      <trkpt lat="46.442213729023933" lon="13.652804894372821">
        <ele>2238.0900000000001</ele>
        <time>2014-08-17T08:43:13Z</time>
        <extensions>
          <gpxtpx:TrackPointExtension>
            <gpxtpx:atemp>6.4</gpxtpx:atemp>
          </gpxtpx:TrackPointExtension>
          <gpxx:TrackPointExtension>
            <gpxx:Temperature>6.4</gpxx:Temperature>
          </gpxx:TrackPointExtension>
        </extensions>
      </trkpt>
      <trkpt lat="46.442188750952482" lon="13.652767175808549">
        <ele>2238.0900000000001</ele>
        <time>2014-08-17T08:43:20Z</time>
        <extensions>
          <gpxtpx:TrackPointExtension>
            <gpxtpx:atemp>6.4</gpxtpx:atemp>
          </gpxtpx:TrackPointExtension>
          <gpxx:TrackPointExtension>
            <gpxx:Temperature>6.4</gpxx:Temperature>
          </gpxx:TrackPointExtension>
        </extensions>
      </trkpt>
      <trkpt lat="46.442180788144469" lon="13.652739766985178">
        <ele>2239.0500000000002</ele>
        <time>2014-08-17T08:43:28Z</time>
        <extensions>
          <gpxtpx:TrackPointExtension>
            <gpxtpx:atemp>5.9</gpxtpx:atemp>
          </gpxtpx:TrackPointExtension>
          <gpxx:TrackPointExtension>
            <gpxx:Temperature>5.9</gpxx:Temperature>
          </gpxx:TrackPointExtension>
        </extensions>
      </trkpt>
      <trkpt lat="46.44217642955482" lon="13.65272032096982">
        <ele>2240.9699999999998</ele>
        <time>2014-08-17T08:43:36Z</time>
        <extensions>
          <gpxtpx:TrackPointExtension>
            <gpxtpx:atemp>5.9</gpxtpx:atemp>
          </gpxtpx:TrackPointExtension>
          <gpxx:TrackPointExtension>
            <gpxx:Temperature>5.9</gpxx:Temperature>
          </gpxx:TrackPointExtension>
        </extensions>
      </trkpt>
      <trkpt lat="46.442178022116423" lon="13.652695678174496">
        <ele>2241.4499999999998</ele>
        <time>2014-08-17T08:43:44Z</time>
        <extensions>
          <gpxtpx:TrackPointExtension>
            <gpxtpx:atemp>5.9</gpxtpx:atemp>
          </gpxtpx:TrackPointExtension>
          <gpxx:TrackPointExtension>
            <gpxx:Temperature>5.9</gpxx:Temperature>
          </gpxx:TrackPointExtension>
        </extensions>
      </trkpt>
      <trkpt lat="46.442152708768845" lon="13.652697773650289">
        <ele>2243.3699999999999</ele>
        <time>2014-08-17T08:43:52Z</time>
        <extensions>
          <gpxtpx:TrackPointExtension>
            <gpxtpx:atemp>5.9</gpxtpx:atemp>
          </gpxtpx:TrackPointExtension>
          <gpxx:TrackPointExtension>
            <gpxx:Temperature>5.9</gpxx:Temperature>
          </gpxx:TrackPointExtension>
        </extensions>
      </trkpt>
      <trkpt lat="46.442101914435625" lon="13.652702132239938">
        <ele>2244.3299999999999</ele>
        <time>2014-08-17T08:43:59Z</time>
        <extensions>
          <gpxtpx:TrackPointExtension>
            <gpxtpx:atemp>5.9</gpxtpx:atemp>
          </gpxtpx:TrackPointExtension>
          <gpxx:TrackPointExtension>
            <gpxx:Temperature>5.9</gpxx:Temperature>
          </gpxx:TrackPointExtension>
        </extensions>
      </trkpt>
      <trkpt lat="46.442083725705743" lon="13.652684865519404">
        <ele>2244.8200000000002</ele>
        <time>2014-08-17T08:44:08Z</time>
        <extensions>
          <gpxtpx:TrackPointExtension>
            <gpxtpx:atemp>5.9</gpxtpx:atemp>
          </gpxtpx:TrackPointExtension>
          <gpxx:TrackPointExtension>
            <gpxx:Temperature>5.9</gpxx:Temperature>
          </gpxx:TrackPointExtension>
        </extensions>
      </trkpt>
      <trkpt lat="46.442050030454993" lon="13.652673382312059">
        <ele>2245.7800000000002</ele>
        <time>2014-08-17T08:44:16Z</time>
        <extensions>
          <gpxtpx:TrackPointExtension>
            <gpxtpx:atemp>5.9</gpxtpx:atemp>
          </gpxtpx:TrackPointExtension>
          <gpxx:TrackPointExtension>
            <gpxx:Temperature>5.9</gpxx:Temperature>
          </gpxx:TrackPointExtension>
        </extensions>
      </trkpt>
      <trkpt lat="46.442072410136461" lon="13.652667347341776">
        <ele>2245.3000000000002</ele>
        <time>2014-08-17T08:44:26Z</time>
        <extensions>
          <gpxtpx:TrackPointExtension>
            <gpxtpx:atemp>5.6</gpxtpx:atemp>
          </gpxtpx:TrackPointExtension>
          <gpxx:TrackPointExtension>
            <gpxx:Temperature>5.6</gpxx:Temperature>
          </gpxx:TrackPointExtension>
        </extensions>
      </trkpt>
      <trkpt lat="46.442094035446644" lon="13.652627114206553">
        <ele>2246.2600000000002</ele>
        <time>2014-08-17T08:44:50Z</time>
        <extensions>
          <gpxtpx:TrackPointExtension>
            <gpxtpx:atemp>5.6</gpxtpx:atemp>
          </gpxtpx:TrackPointExtension>
          <gpxx:TrackPointExtension>
            <gpxx:Temperature>5.6</gpxx:Temperature>
          </gpxx:TrackPointExtension>
        </extensions>
      </trkpt>
      <trkpt lat="46.442115074023604" lon="13.652606662362814">
        <ele>2247.2199999999998</ele>
        <time>2014-08-17T08:44:57Z</time>
        <extensions>
          <gpxtpx:TrackPointExtension>
            <gpxtpx:atemp>5.6</gpxtpx:atemp>
          </gpxtpx:TrackPointExtension>
          <gpxx:TrackPointExtension>
            <gpxx:Temperature>5.6</gpxx:Temperature>
          </gpxx:TrackPointExtension>
        </extensions>
      </trkpt>
      <trkpt lat="46.442073583602905" lon="13.652592832222581">
        <ele>2251.0599999999999</ele>
        <time>2014-08-17T08:45:28Z</time>
        <extensions>
          <gpxtpx:TrackPointExtension>
            <gpxtpx:atemp>5.4</gpxtpx:atemp>
          </gpxtpx:TrackPointExtension>
          <gpxx:TrackPointExtension>
            <gpxx:Temperature>5.4</gpxx:Temperature>
          </gpxx:TrackPointExtension>
        </extensions>
      </trkpt>
      <trkpt lat="46.442096214741468" lon="13.652554526925087">
        <ele>2252.5100000000002</ele>
        <time>2014-08-17T08:45:34Z</time>
        <extensions>
          <gpxtpx:TrackPointExtension>
            <gpxtpx:atemp>5.4</gpxtpx:atemp>
          </gpxtpx:TrackPointExtension>
          <gpxx:TrackPointExtension>
            <gpxx:Temperature>5.4</gpxx:Temperature>
          </gpxx:TrackPointExtension>
        </extensions>
      </trkpt>
      <trkpt lat="46.442136531695724" lon="13.652550671249628">
        <ele>2252.5100000000002</ele>
        <time>2014-08-17T08:45:43Z</time>
        <extensions>
          <gpxtpx:TrackPointExtension>
            <gpxtpx:atemp>5.4</gpxtpx:atemp>
          </gpxtpx:TrackPointExtension>
          <gpxx:TrackPointExtension>
            <gpxx:Temperature>5.4</gpxx:Temperature>
          </gpxx:TrackPointExtension>
        </extensions>
      </trkpt>
      <trkpt lat="46.442120522260666" lon="13.652531979605556">
        <ele>2255.8699999999999</ele>
        <time>2014-08-17T08:46:27Z</time>
        <extensions>
          <gpxtpx:TrackPointExtension>
            <gpxtpx:atemp>5.3</gpxtpx:atemp>
          </gpxtpx:TrackPointExtension>
          <gpxx:TrackPointExtension>
            <gpxx:Temperature>5.3</gpxx:Temperature>
          </gpxx:TrackPointExtension>
        </extensions>
      </trkpt>
      <trkpt lat="46.442102333530784" lon="13.652525776997209">
        <ele>2257.3099999999999</ele>
        <time>2014-08-17T08:46:40Z</time>
        <extensions>
          <gpxtpx:TrackPointExtension>
            <gpxtpx:atemp>5.3</gpxtpx:atemp>
          </gpxtpx:TrackPointExtension>
          <gpxx:TrackPointExtension>
            <gpxx:Temperature>5.3</gpxx:Temperature>
          </gpxx:TrackPointExtension>
        </extensions>
      </trkpt>
      <trkpt lat="46.442076349630952" lon="13.652524352073669">
        <ele>2260.1999999999998</ele>
        <time>2014-08-17T08:47:30Z</time>
        <extensions>
          <gpxtpx:TrackPointExtension>
            <gpxtpx:atemp>5.3</gpxtpx:atemp>
          </gpxtpx:TrackPointExtension>
          <gpxx:TrackPointExtension>
            <gpxx:Temperature>5.3</gpxx:Temperature>
          </gpxx:TrackPointExtension>
        </extensions>
      </trkpt>
      <trkpt lat="46.442040558904409" lon="13.652533069252968">
        <ele>2263.0799999999999</ele>
        <time>2014-08-17T08:47:47Z</time>
        <extensions>
          <gpxtpx:TrackPointExtension>
            <gpxtpx:atemp>5.3</gpxtpx:atemp>
          </gpxtpx:TrackPointExtension>
          <gpxx:TrackPointExtension>
            <gpxx:Temperature>5.3</gpxx:Temperature>
          </gpxx:TrackPointExtension>
        </extensions>
      </trkpt>
      <trkpt lat="46.442026561126113" lon="13.652536002919078">
        <ele>2264.04</ele>
        <time>2014-08-17T08:47:54Z</time>
        <extensions>
          <gpxtpx:TrackPointExtension>
            <gpxtpx:atemp>5.3</gpxtpx:atemp>
          </gpxtpx:TrackPointExtension>
          <gpxx:TrackPointExtension>
            <gpxx:Temperature>5.3</gpxx:Temperature>
          </gpxx:TrackPointExtension>
        </extensions>
      </trkpt>
      <trkpt lat="46.442000493407249" lon="13.652529716491699">
        <ele>2265.48</ele>
        <time>2014-08-17T08:48:04Z</time>
        <extensions>
          <gpxtpx:TrackPointExtension>
            <gpxtpx:atemp>5.3</gpxtpx:atemp>
          </gpxtpx:TrackPointExtension>
          <gpxx:TrackPointExtension>
            <gpxx:Temperature>5.3</gpxx:Temperature>
          </gpxx:TrackPointExtension>
        </extensions>
      </trkpt>
      <trkpt lat="46.441983478143811" lon="13.652530387043953">
        <ele>2266.4499999999998</ele>
        <time>2014-08-17T08:48:08Z</time>
        <extensions>
          <gpxtpx:TrackPointExtension>
            <gpxtpx:atemp>5.3</gpxtpx:atemp>
          </gpxtpx:TrackPointExtension>
          <gpxx:TrackPointExtension>
            <gpxx:Temperature>5.3</gpxx:Temperature>
          </gpxx:TrackPointExtension>
        </extensions>
      </trkpt>
      <trkpt lat="46.441960176452994" lon="13.652502978220582">
        <ele>2270.29</ele>
        <time>2014-08-17T08:48:24Z</time>
        <extensions>
          <gpxtpx:TrackPointExtension>
            <gpxtpx:atemp>5</gpxtpx:atemp>
          </gpxtpx:TrackPointExtension>
          <gpxx:TrackPointExtension>
            <gpxx:Temperature>5</gpxx:Temperature>
          </gpxx:TrackPointExtension>
        </extensions>
      </trkpt>
      <trkpt lat="46.441984735429287" lon="13.652491997927427">
        <ele>2269.8099999999999</ele>
        <time>2014-08-17T08:48:34Z</time>
        <extensions>
          <gpxtpx:TrackPointExtension>
            <gpxtpx:atemp>5</gpxtpx:atemp>
          </gpxtpx:TrackPointExtension>
          <gpxx:TrackPointExtension>
            <gpxx:Temperature>5</gpxx:Temperature>
          </gpxx:TrackPointExtension>
        </extensions>
      </trkpt>
      <trkpt lat="46.441992865875363" lon="13.652471797540784">
        <ele>2271.73</ele>
        <time>2014-08-17T08:48:47Z</time>
        <extensions>
          <gpxtpx:TrackPointExtension>
            <gpxtpx:atemp>5</gpxtpx:atemp>
          </gpxtpx:TrackPointExtension>
          <gpxx:TrackPointExtension>
            <gpxx:Temperature>5</gpxx:Temperature>
          </gpxx:TrackPointExtension>
        </extensions>
      </trkpt>
      <trkpt lat="46.441982220858335" lon="13.652484454214573">
        <ele>2271.73</ele>
        <time>2014-08-17T08:49:19Z</time>
        <extensions>
          <gpxtpx:TrackPointExtension>
            <gpxtpx:atemp>5</gpxtpx:atemp>
          </gpxtpx:TrackPointExtension>
          <gpxx:TrackPointExtension>
            <gpxx:Temperature>5</gpxx:Temperature>
          </gpxx:TrackPointExtension>
        </extensions>
      </trkpt>
      <trkpt lat="46.441966965794563" lon="13.652485627681017">
        <ele>2273.1700000000001</ele>
        <time>2014-08-17T08:49:26Z</time>
        <extensions>
          <gpxtpx:TrackPointExtension>
            <gpxtpx:atemp>5</gpxtpx:atemp>
          </gpxtpx:TrackPointExtension>
          <gpxx:TrackPointExtension>
            <gpxx:Temperature>5</gpxx:Temperature>
          </gpxx:TrackPointExtension>
        </extensions>
      </trkpt>
      <trkpt lat="46.441956320777535" lon="13.652449250221252">
        <ele>2274.6199999999999</ele>
        <time>2014-08-17T08:49:38Z</time>
        <extensions>
          <gpxtpx:TrackPointExtension>
            <gpxtpx:atemp>5</gpxtpx:atemp>
          </gpxtpx:TrackPointExtension>
          <gpxx:TrackPointExtension>
            <gpxx:Temperature>5</gpxx:Temperature>
          </gpxx:TrackPointExtension>
        </extensions>
      </trkpt>
      <trkpt lat="46.441925475373864" lon="13.652454195544124">
        <ele>2276.0599999999999</ele>
        <time>2014-08-17T08:49:45Z</time>
        <extensions>
          <gpxtpx:TrackPointExtension>
            <gpxtpx:atemp>5</gpxtpx:atemp>
          </gpxtpx:TrackPointExtension>
          <gpxx:TrackPointExtension>
            <gpxx:Temperature>5</gpxx:Temperature>
          </gpxx:TrackPointExtension>
        </extensions>
      </trkpt>
      <trkpt lat="46.441890690475702" lon="13.652488226071">
        <ele>2277.98</ele>
        <time>2014-08-17T08:50:13Z</time>
        <extensions>
          <gpxtpx:TrackPointExtension>
            <gpxtpx:atemp>5</gpxtpx:atemp>
          </gpxtpx:TrackPointExtension>
          <gpxx:TrackPointExtension>
            <gpxx:Temperature>5</gpxx:Temperature>
          </gpxx:TrackPointExtension>
        </extensions>
      </trkpt>
      <trkpt lat="46.441875016316772" lon="13.652481352910399">
        <ele>2277.5</ele>
        <time>2014-08-17T08:50:31Z</time>
        <extensions>
          <gpxtpx:TrackPointExtension>
            <gpxtpx:atemp>4.7</gpxtpx:atemp>
          </gpxtpx:TrackPointExtension>
          <gpxx:TrackPointExtension>
            <gpxx:Temperature>4.7</gpxx:Temperature>
          </gpxx:TrackPointExtension>
        </extensions>
      </trkpt>
      <trkpt lat="46.441822545602918" lon="13.652520999312401">
        <ele>2277.98</ele>
        <time>2014-08-17T08:50:40Z</time>
        <extensions>
          <gpxtpx:TrackPointExtension>
            <gpxtpx:atemp>4.7</gpxtpx:atemp>
          </gpxtpx:TrackPointExtension>
          <gpxx:TrackPointExtension>
            <gpxx:Temperature>4.7</gpxx:Temperature>
          </gpxx:TrackPointExtension>
        </extensions>
      </trkpt>
      <trkpt lat="46.44178013317287" lon="13.652546228840947">
        <ele>2277.02</ele>
        <time>2014-08-17T08:50:49Z</time>
        <extensions>
          <gpxtpx:TrackPointExtension>
            <gpxtpx:atemp>4.7</gpxtpx:atemp>
          </gpxtpx:TrackPointExtension>
          <gpxx:TrackPointExtension>
            <gpxx:Temperature>4.7</gpxx:Temperature>
          </gpxx:TrackPointExtension>
        </extensions>
      </trkpt>
      <trkpt lat="46.441736714914441" lon="13.652544384822249">
        <ele>2276.54</ele>
        <time>2014-08-17T08:50:54Z</time>
        <extensions>
          <gpxtpx:TrackPointExtension>
            <gpxtpx:atemp>4.7</gpxtpx:atemp>
          </gpxtpx:TrackPointExtension>
          <gpxx:TrackPointExtension>
            <gpxx:Temperature>4.7</gpxx:Temperature>
          </gpxx:TrackPointExtension>
        </extensions>
      </trkpt>
      <trkpt lat="46.441690446808934" lon="13.652584869414568">
        <ele>2277.5</ele>
        <time>2014-08-17T08:51:00Z</time>
        <extensions>
          <gpxtpx:TrackPointExtension>
            <gpxtpx:atemp>4.7</gpxtpx:atemp>
          </gpxtpx:TrackPointExtension>
          <gpxx:TrackPointExtension>
            <gpxx:Temperature>4.7</gpxx:Temperature>
          </gpxx:TrackPointExtension>
        </extensions>
      </trkpt>
      <trkpt lat="46.441675275564194" lon="13.652611440047622">
        <ele>2278.9400000000001</ele>
        <time>2014-08-17T08:51:04Z</time>
        <extensions>
          <gpxtpx:TrackPointExtension>
            <gpxtpx:atemp>4.7</gpxtpx:atemp>
          </gpxtpx:TrackPointExtension>
          <gpxx:TrackPointExtension>
            <gpxx:Temperature>4.7</gpxx:Temperature>
          </gpxx:TrackPointExtension>
        </extensions>
      </trkpt>
      <trkpt lat="46.441660858690739" lon="13.652613116428256">
        <ele>2279.4200000000001</ele>
        <time>2014-08-17T08:51:11Z</time>
        <extensions>
          <gpxtpx:TrackPointExtension>
            <gpxtpx:atemp>4.7</gpxtpx:atemp>
          </gpxtpx:TrackPointExtension>
          <gpxx:TrackPointExtension>
            <gpxx:Temperature>4.7</gpxx:Temperature>
          </gpxx:TrackPointExtension>
        </extensions>
      </trkpt>
      <trkpt lat="46.44164526835084" lon="13.652621582150459">
        <ele>2280.3800000000001</ele>
        <time>2014-08-17T08:51:20Z</time>
        <extensions>
          <gpxtpx:TrackPointExtension>
            <gpxtpx:atemp>4.7</gpxtpx:atemp>
          </gpxtpx:TrackPointExtension>
          <gpxx:TrackPointExtension>
            <gpxx:Temperature>4.7</gpxx:Temperature>
          </gpxx:TrackPointExtension>
        </extensions>
      </trkpt>
      <trkpt lat="46.441647363826632" lon="13.652593335136771">
        <ele>2281.8299999999999</ele>
        <time>2014-08-17T08:51:28Z</time>
        <extensions>
          <gpxtpx:TrackPointExtension>
            <gpxtpx:atemp>5</gpxtpx:atemp>
          </gpxtpx:TrackPointExtension>
          <gpxx:TrackPointExtension>
            <gpxx:Temperature>5</gpxx:Temperature>
          </gpxx:TrackPointExtension>
        </extensions>
      </trkpt>
      <trkpt lat="46.441637724637985" lon="13.652531309053302">
        <ele>2283.75</ele>
        <time>2014-08-17T08:51:49Z</time>
        <extensions>
          <gpxtpx:TrackPointExtension>
            <gpxtpx:atemp>5</gpxtpx:atemp>
          </gpxtpx:TrackPointExtension>
          <gpxx:TrackPointExtension>
            <gpxx:Temperature>5</gpxx:Temperature>
          </gpxx:TrackPointExtension>
        </extensions>
      </trkpt>
      <trkpt lat="46.441612914204597" lon="13.652521250769496">
        <ele>2286.6300000000001</ele>
        <time>2014-08-17T08:52:29Z</time>
        <extensions>
          <gpxtpx:TrackPointExtension>
            <gpxtpx:atemp>4.5</gpxtpx:atemp>
          </gpxtpx:TrackPointExtension>
          <gpxx:TrackPointExtension>
            <gpxx:Temperature>4.5</gpxx:Temperature>
          </gpxx:TrackPointExtension>
        </extensions>
      </trkpt>
      <trkpt lat="46.441588187590241" lon="13.652515383437276">
        <ele>2287.5900000000001</ele>
        <time>2014-08-17T08:52:35Z</time>
        <extensions>
          <gpxtpx:TrackPointExtension>
            <gpxtpx:atemp>4.5</gpxtpx:atemp>
          </gpxtpx:TrackPointExtension>
          <gpxx:TrackPointExtension>
            <gpxx:Temperature>4.5</gpxx:Temperature>
          </gpxx:TrackPointExtension>
        </extensions>
      </trkpt>
      <trkpt lat="46.441572932526469" lon="13.652506163343787">
        <ele>2288.5599999999999</ele>
        <time>2014-08-17T08:52:41Z</time>
        <extensions>
          <gpxtpx:TrackPointExtension>
            <gpxtpx:atemp>4.5</gpxtpx:atemp>
          </gpxtpx:TrackPointExtension>
          <gpxx:TrackPointExtension>
            <gpxx:Temperature>4.5</gpxx:Temperature>
          </gpxx:TrackPointExtension>
        </extensions>
      </trkpt>
      <trkpt lat="46.441546278074384" lon="13.652502056211233">
        <ele>2289.52</ele>
        <time>2014-08-17T08:52:47Z</time>
        <extensions>
          <gpxtpx:TrackPointExtension>
            <gpxtpx:atemp>4.5</gpxtpx:atemp>
          </gpxtpx:TrackPointExtension>
          <gpxx:TrackPointExtension>
            <gpxx:Temperature>4.5</gpxx:Temperature>
          </gpxx:TrackPointExtension>
        </extensions>
      </trkpt>
      <trkpt lat="46.441561449319124" lon="13.652498284354806">
        <ele>2289.52</ele>
        <time>2014-08-17T08:52:55Z</time>
        <extensions>
          <gpxtpx:TrackPointExtension>
            <gpxtpx:atemp>4.5</gpxtpx:atemp>
          </gpxtpx:TrackPointExtension>
          <gpxx:TrackPointExtension>
            <gpxx:Temperature>4.5</gpxx:Temperature>
          </gpxx:TrackPointExtension>
        </extensions>
      </trkpt>
      <trkpt lat="46.441581649705768" lon="13.652458721771836">
        <ele>2290</ele>
        <time>2014-08-17T08:53:19Z</time>
        <extensions>
          <gpxtpx:TrackPointExtension>
            <gpxtpx:atemp>4.5</gpxtpx:atemp>
          </gpxtpx:TrackPointExtension>
          <gpxx:TrackPointExtension>
            <gpxx:Temperature>4.5</gpxx:Temperature>
          </gpxx:TrackPointExtension>
        </extensions>
      </trkpt>
      <trkpt lat="46.44159346818924" lon="13.652485040947795">
        <ele>2289.52</ele>
        <time>2014-08-17T08:53:48Z</time>
        <extensions>
          <gpxtpx:TrackPointExtension>
            <gpxtpx:atemp>4.4</gpxtpx:atemp>
          </gpxtpx:TrackPointExtension>
          <gpxx:TrackPointExtension>
            <gpxx:Temperature>4.4</gpxx:Temperature>
          </gpxx:TrackPointExtension>
        </extensions>
      </trkpt>
      <trkpt lat="46.441604699939489" lon="13.652489650994539">
        <ele>2290.48</ele>
        <time>2014-08-17T08:54:09Z</time>
        <extensions>
          <gpxtpx:TrackPointExtension>
            <gpxtpx:atemp>4.4</gpxtpx:atemp>
          </gpxtpx:TrackPointExtension>
          <gpxx:TrackPointExtension>
            <gpxx:Temperature>4.4</gpxx:Temperature>
          </gpxx:TrackPointExtension>
        </extensions>
      </trkpt>
      <trkpt lat="46.441619787365198" lon="13.652497865259647">
        <ele>2291.9200000000001</ele>
        <time>2014-08-17T08:54:18Z</time>
        <extensions>
          <gpxtpx:TrackPointExtension>
            <gpxtpx:atemp>4.4</gpxtpx:atemp>
          </gpxtpx:TrackPointExtension>
          <gpxx:TrackPointExtension>
            <gpxx:Temperature>4.4</gpxx:Temperature>
          </gpxx:TrackPointExtension>
        </extensions>
      </trkpt>
      <trkpt lat="46.44166580401361" lon="13.652491243556142">
        <ele>2292.8800000000001</ele>
        <time>2014-08-17T08:54:26Z</time>
        <extensions>
          <gpxtpx:TrackPointExtension>
            <gpxtpx:atemp>3.8</gpxtpx:atemp>
          </gpxtpx:TrackPointExtension>
          <gpxx:TrackPointExtension>
            <gpxx:Temperature>3.8</gpxx:Temperature>
          </gpxx:TrackPointExtension>
        </extensions>
      </trkpt>
      <trkpt lat="46.441699666902423" lon="13.652464337646961">
        <ele>2294.3200000000002</ele>
        <time>2014-08-17T08:54:32Z</time>
        <extensions>
          <gpxtpx:TrackPointExtension>
            <gpxtpx:atemp>3.8</gpxtpx:atemp>
          </gpxtpx:TrackPointExtension>
          <gpxx:TrackPointExtension>
            <gpxx:Temperature>3.8</gpxx:Temperature>
          </gpxx:TrackPointExtension>
        </extensions>
      </trkpt>
      <trkpt lat="46.441749287769198" lon="13.652467606589198">
        <ele>2295.77</ele>
        <time>2014-08-17T08:54:41Z</time>
        <extensions>
          <gpxtpx:TrackPointExtension>
            <gpxtpx:atemp>3.8</gpxtpx:atemp>
          </gpxtpx:TrackPointExtension>
          <gpxx:TrackPointExtension>
            <gpxx:Temperature>3.8</gpxx:Temperature>
          </gpxx:TrackPointExtension>
        </extensions>
      </trkpt>
      <trkpt lat="46.441772421821952" lon="13.652467438951135">
        <ele>2296.73</ele>
        <time>2014-08-17T08:55:00Z</time>
        <extensions>
          <gpxtpx:TrackPointExtension>
            <gpxtpx:atemp>3.8</gpxtpx:atemp>
          </gpxtpx:TrackPointExtension>
          <gpxx:TrackPointExtension>
            <gpxx:Temperature>3.8</gpxx:Temperature>
          </gpxx:TrackPointExtension>
        </extensions>
      </trkpt>
      <trkpt lat="46.441793795675039" lon="13.65247406065464">
        <ele>2298.1700000000001</ele>
        <time>2014-08-17T08:55:05Z</time>
        <extensions>
          <gpxtpx:TrackPointExtension>
            <gpxtpx:atemp>3.8</gpxtpx:atemp>
          </gpxtpx:TrackPointExtension>
          <gpxx:TrackPointExtension>
            <gpxx:Temperature>3.8</gpxx:Temperature>
          </gpxx:TrackPointExtension>
        </extensions>
      </trkpt>
      <trkpt lat="46.441838555037975" lon="13.652440868318081">
        <ele>2299.6100000000001</ele>
        <time>2014-08-17T08:55:15Z</time>
        <extensions>
          <gpxtpx:TrackPointExtension>
            <gpxtpx:atemp>3.8</gpxtpx:atemp>
          </gpxtpx:TrackPointExtension>
          <gpxx:TrackPointExtension>
            <gpxx:Temperature>3.8</gpxx:Temperature>
          </gpxx:TrackPointExtension>
        </extensions>
      </trkpt>
      <trkpt lat="46.441821539774537" lon="13.652412788942456">
        <ele>2300.0900000000001</ele>
        <time>2014-08-17T08:55:23Z</time>
        <extensions>
          <gpxtpx:TrackPointExtension>
            <gpxtpx:atemp>3.8</gpxtpx:atemp>
          </gpxtpx:TrackPointExtension>
          <gpxx:TrackPointExtension>
            <gpxx:Temperature>3.8</gpxx:Temperature>
          </gpxx:TrackPointExtension>
        </extensions>
      </trkpt>
      <trkpt lat="46.441615512594581" lon="13.652286306023598">
        <ele>2303.46</ele>
        <time>2014-08-17T08:56:06Z</time>
        <extensions>
          <gpxtpx:TrackPointExtension>
            <gpxtpx:atemp>3.8</gpxtpx:atemp>
          </gpxtpx:TrackPointExtension>
          <gpxx:TrackPointExtension>
            <gpxx:Temperature>3.8</gpxx:Temperature>
          </gpxx:TrackPointExtension>
        </extensions>
      </trkpt>
      <trkpt lat="46.441594306379557" lon="13.652317235246301">
        <ele>2304.9000000000001</ele>
        <time>2014-08-17T08:56:20Z</time>
        <extensions>
          <gpxtpx:TrackPointExtension>
            <gpxtpx:atemp>3.8</gpxtpx:atemp>
          </gpxtpx:TrackPointExtension>
          <gpxx:TrackPointExtension>
            <gpxx:Temperature>3.8</gpxx:Temperature>
          </gpxx:TrackPointExtension>
        </extensions>
      </trkpt>
      <trkpt lat="46.44159154035151" lon="13.65236266516149">
        <ele>2307.3000000000002</ele>
        <time>2014-08-17T08:56:33Z</time>
        <extensions>
          <gpxtpx:TrackPointExtension>
            <gpxtpx:atemp>4.2</gpxtpx:atemp>
          </gpxtpx:TrackPointExtension>
          <gpxx:TrackPointExtension>
            <gpxx:Temperature>4.2</gpxx:Temperature>
          </gpxx:TrackPointExtension>
        </extensions>
      </trkpt>
      <trkpt lat="46.441574692726135" lon="13.652362246066332">
        <ele>2308.2600000000002</ele>
        <time>2014-08-17T08:56:44Z</time>
        <extensions>
          <gpxtpx:TrackPointExtension>
            <gpxtpx:atemp>4.2</gpxtpx:atemp>
          </gpxtpx:TrackPointExtension>
          <gpxx:TrackPointExtension>
            <gpxx:Temperature>4.2</gpxx:Temperature>
          </gpxx:TrackPointExtension>
        </extensions>
      </trkpt>
      <trkpt lat="46.441557258367538" lon="13.65236802957952">
        <ele>2308.7399999999998</ele>
        <time>2014-08-17T08:56:52Z</time>
        <extensions>
          <gpxtpx:TrackPointExtension>
            <gpxtpx:atemp>4.2</gpxtpx:atemp>
          </gpxtpx:TrackPointExtension>
          <gpxx:TrackPointExtension>
            <gpxx:Temperature>4.2</gpxx:Temperature>
          </gpxx:TrackPointExtension>
        </extensions>
      </trkpt>
      <trkpt lat="46.441525993868709" lon="13.652378590777516">
        <ele>2312.1100000000001</ele>
        <time>2014-08-17T08:57:14Z</time>
        <extensions>
          <gpxtpx:TrackPointExtension>
            <gpxtpx:atemp>4.2</gpxtpx:atemp>
          </gpxtpx:TrackPointExtension>
          <gpxx:TrackPointExtension>
            <gpxx:Temperature>4.2</gpxx:Temperature>
          </gpxx:TrackPointExtension>
        </extensions>
      </trkpt>
      <trkpt lat="46.441513756290078" lon="13.652360904961824">
        <ele>2312.1100000000001</ele>
        <time>2014-08-17T08:57:20Z</time>
        <extensions>
          <gpxtpx:TrackPointExtension>
            <gpxtpx:atemp>4.2</gpxtpx:atemp>
          </gpxtpx:TrackPointExtension>
          <gpxx:TrackPointExtension>
            <gpxx:Temperature>4.2</gpxx:Temperature>
          </gpxx:TrackPointExtension>
        </extensions>
      </trkpt>
      <trkpt lat="46.441496657207608" lon="13.65235973149538">
        <ele>2313.0700000000002</ele>
        <time>2014-08-17T08:57:26Z</time>
        <extensions>
          <gpxtpx:TrackPointExtension>
            <gpxtpx:atemp>4.4</gpxtpx:atemp>
          </gpxtpx:TrackPointExtension>
          <gpxx:TrackPointExtension>
            <gpxx:Temperature>4.4</gpxx:Temperature>
          </gpxx:TrackPointExtension>
        </extensions>
      </trkpt>
      <trkpt lat="46.441480480134487" lon="13.652365850284696">
        <ele>2313.0700000000002</ele>
        <time>2014-08-17T08:57:31Z</time>
        <extensions>
          <gpxtpx:TrackPointExtension>
            <gpxtpx:atemp>4.4</gpxtpx:atemp>
          </gpxtpx:TrackPointExtension>
          <gpxx:TrackPointExtension>
            <gpxx:Temperature>4.4</gpxx:Temperature>
          </gpxx:TrackPointExtension>
        </extensions>
      </trkpt>
      <trkpt lat="46.441461285576224" lon="13.652350343763828">
        <ele>2314.9899999999998</ele>
        <time>2014-08-17T08:57:38Z</time>
        <extensions>
          <gpxtpx:TrackPointExtension>
            <gpxtpx:atemp>4.4</gpxtpx:atemp>
          </gpxtpx:TrackPointExtension>
          <gpxx:TrackPointExtension>
            <gpxx:Temperature>4.4</gpxx:Temperature>
          </gpxx:TrackPointExtension>
        </extensions>
      </trkpt>
      <trkpt lat="46.441434044390917" lon="13.652372555807233">
        <ele>2314.9899999999998</ele>
        <time>2014-08-17T08:58:50Z</time>
        <extensions>
          <gpxtpx:TrackPointExtension>
            <gpxtpx:atemp>4.7</gpxtpx:atemp>
          </gpxtpx:TrackPointExtension>
          <gpxx:TrackPointExtension>
            <gpxx:Temperature>4.7</gpxx:Temperature>
          </gpxx:TrackPointExtension>
        </extensions>
      </trkpt>
      <trkpt lat="46.441391548141837" lon="13.652368700131774">
        <ele>2318.3600000000001</ele>
        <time>2014-08-17T08:59:02Z</time>
        <extensions>
          <gpxtpx:TrackPointExtension>
            <gpxtpx:atemp>4.7</gpxtpx:atemp>
          </gpxtpx:TrackPointExtension>
          <gpxx:TrackPointExtension>
            <gpxx:Temperature>4.7</gpxx:Temperature>
          </gpxx:TrackPointExtension>
        </extensions>
      </trkpt>
      <trkpt lat="46.441382328048348" lon="13.652384793385863">
        <ele>2319.8000000000002</ele>
        <time>2014-08-17T08:59:08Z</time>
        <extensions>
          <gpxtpx:TrackPointExtension>
            <gpxtpx:atemp>4.7</gpxtpx:atemp>
          </gpxtpx:TrackPointExtension>
          <gpxx:TrackPointExtension>
            <gpxx:Temperature>4.7</gpxx:Temperature>
          </gpxx:TrackPointExtension>
        </extensions>
      </trkpt>
      <trkpt lat="46.4413658156991" lon="13.652383200824261">
        <ele>2320.7600000000002</ele>
        <time>2014-08-17T08:59:16Z</time>
        <extensions>
          <gpxtpx:TrackPointExtension>
            <gpxtpx:atemp>4.7</gpxtpx:atemp>
          </gpxtpx:TrackPointExtension>
          <gpxx:TrackPointExtension>
            <gpxx:Temperature>4.7</gpxx:Temperature>
          </gpxx:TrackPointExtension>
        </extensions>
      </trkpt>
      <trkpt lat="46.441350476816297" lon="13.65238755941391">
        <ele>2321.2399999999998</ele>
        <time>2014-08-17T08:59:24Z</time>
        <extensions>
          <gpxtpx:TrackPointExtension>
            <gpxtpx:atemp>5</gpxtpx:atemp>
          </gpxtpx:TrackPointExtension>
          <gpxx:TrackPointExtension>
            <gpxx:Temperature>5</gpxx:Temperature>
          </gpxx:TrackPointExtension>
        </extensions>
      </trkpt>
      <trkpt lat="46.441354583948851" lon="13.652367694303393">
        <ele>2322.1999999999998</ele>
        <time>2014-08-17T08:59:30Z</time>
        <extensions>
          <gpxtpx:TrackPointExtension>
            <gpxtpx:atemp>5</gpxtpx:atemp>
          </gpxtpx:TrackPointExtension>
          <gpxx:TrackPointExtension>
            <gpxx:Temperature>5</gpxx:Temperature>
          </gpxx:TrackPointExtension>
        </extensions>
      </trkpt>
      <trkpt lat="46.441336143761873" lon="13.652360737323761">
        <ele>2325.0900000000001</ele>
        <time>2014-08-17T08:59:41Z</time>
        <extensions>
          <gpxtpx:TrackPointExtension>
            <gpxtpx:atemp>5</gpxtpx:atemp>
          </gpxtpx:TrackPointExtension>
          <gpxx:TrackPointExtension>
            <gpxx:Temperature>5</gpxx:Temperature>
          </gpxx:TrackPointExtension>
        </extensions>
      </trkpt>
      <trkpt lat="46.441319799050689" lon="13.652380686253309">
        <ele>2324.6100000000001</ele>
        <time>2014-08-17T08:59:49Z</time>
        <extensions>
          <gpxtpx:TrackPointExtension>
            <gpxtpx:atemp>5</gpxtpx:atemp>
          </gpxtpx:TrackPointExtension>
          <gpxx:TrackPointExtension>
            <gpxx:Temperature>5</gpxx:Temperature>
          </gpxx:TrackPointExtension>
        </extensions>
      </trkpt>
      <trkpt lat="46.44131694920361" lon="13.652402479201555">
        <ele>2327.0100000000002</ele>
        <time>2014-08-17T08:59:57Z</time>
        <extensions>
          <gpxtpx:TrackPointExtension>
            <gpxtpx:atemp>5</gpxtpx:atemp>
          </gpxtpx:TrackPointExtension>
          <gpxx:TrackPointExtension>
            <gpxx:Temperature>5</gpxx:Temperature>
          </gpxx:TrackPointExtension>
        </extensions>
      </trkpt>
      <trkpt lat="46.441293144598603" lon="13.652419159188867">
        <ele>2327.9699999999998</ele>
        <time>2014-08-17T09:00:06Z</time>
        <extensions>
          <gpxtpx:TrackPointExtension>
            <gpxtpx:atemp>5</gpxtpx:atemp>
          </gpxtpx:TrackPointExtension>
          <gpxx:TrackPointExtension>
            <gpxx:Temperature>5</gpxx:Temperature>
          </gpxx:TrackPointExtension>
        </extensions>
      </trkpt>
      <trkpt lat="46.441278560087085" lon="13.652419913560152">
        <ele>2328.9299999999998</ele>
        <time>2014-08-17T09:00:13Z</time>
        <extensions>
          <gpxtpx:TrackPointExtension>
            <gpxtpx:atemp>5</gpxtpx:atemp>
          </gpxtpx:TrackPointExtension>
          <gpxx:TrackPointExtension>
            <gpxx:Temperature>5</gpxx:Temperature>
          </gpxx:TrackPointExtension>
        </extensions>
      </trkpt>
      <trkpt lat="46.441248217597604" lon="13.652433073148131">
        <ele>2330.3699999999999</ele>
        <time>2014-08-17T09:00:22Z</time>
        <extensions>
          <gpxtpx:TrackPointExtension>
            <gpxtpx:atemp>5.1</gpxtpx:atemp>
          </gpxtpx:TrackPointExtension>
          <gpxx:TrackPointExtension>
            <gpxx:Temperature>5.1</gpxx:Temperature>
          </gpxx:TrackPointExtension>
        </extensions>
      </trkpt>
      <trkpt lat="46.441207733005285" lon="13.65245352499187">
        <ele>2331.8099999999999</ele>
        <time>2014-08-17T09:00:34Z</time>
        <extensions>
          <gpxtpx:TrackPointExtension>
            <gpxtpx:atemp>5.1</gpxtpx:atemp>
          </gpxtpx:TrackPointExtension>
          <gpxx:TrackPointExtension>
            <gpxx:Temperature>5.1</gpxx:Temperature>
          </gpxx:TrackPointExtension>
        </extensions>
      </trkpt>
      <trkpt lat="46.441191220656037" lon="13.652448412030935">
        <ele>2332.3000000000002</ele>
        <time>2014-08-17T09:00:41Z</time>
        <extensions>
          <gpxtpx:TrackPointExtension>
            <gpxtpx:atemp>5.1</gpxtpx:atemp>
          </gpxtpx:TrackPointExtension>
          <gpxx:TrackPointExtension>
            <gpxx:Temperature>5.1</gpxx:Temperature>
          </gpxx:TrackPointExtension>
        </extensions>
      </trkpt>
      <trkpt lat="46.441184179857373" lon="13.652465511113405">
        <ele>2333.7399999999998</ele>
        <time>2014-08-17T09:00:46Z</time>
        <extensions>
          <gpxtpx:TrackPointExtension>
            <gpxtpx:atemp>5.1</gpxtpx:atemp>
          </gpxtpx:TrackPointExtension>
          <gpxx:TrackPointExtension>
            <gpxx:Temperature>5.1</gpxx:Temperature>
          </gpxx:TrackPointExtension>
        </extensions>
      </trkpt>
      <trkpt lat="46.441152160987258" lon="13.652479760348797">
        <ele>2334.6999999999998</ele>
        <time>2014-08-17T09:00:59Z</time>
        <extensions>
          <gpxtpx:TrackPointExtension>
            <gpxtpx:atemp>5.1</gpxtpx:atemp>
          </gpxtpx:TrackPointExtension>
          <gpxx:TrackPointExtension>
            <gpxx:Temperature>5.1</gpxx:Temperature>
          </gpxx:TrackPointExtension>
        </extensions>
      </trkpt>
      <trkpt lat="46.441152663901448" lon="13.652509599924088">
        <ele>2341.4299999999998</ele>
        <time>2014-08-17T09:02:40Z</time>
        <extensions>
          <gpxtpx:TrackPointExtension>
            <gpxtpx:atemp>4.9</gpxtpx:atemp>
          </gpxtpx:TrackPointExtension>
          <gpxx:TrackPointExtension>
            <gpxx:Temperature>4.9</gpxx:Temperature>
          </gpxx:TrackPointExtension>
        </extensions>
      </trkpt>
      <trkpt lat="46.440766844898462" lon="13.652604231610894">
        <ele>2418.3299999999999</ele>
        <time>2014-08-17T09:13:23Z</time>
      </trkpt>
      <trkpt lat="46.44054438918829" lon="13.652393342927098">
        <ele>2443.8099999999999</ele>
        <time>2014-08-17T09:17:53Z</time>
        <extensions>
          <gpxtpx:TrackPointExtension>
            <gpxtpx:atemp>2.8</gpxtpx:atemp>
          </gpxtpx:TrackPointExtension>
          <gpxx:TrackPointExtension>
            <gpxx:Temperature>2.8</gpxx:Temperature>
          </gpxx:TrackPointExtension>
        </extensions>
      </trkpt>
      <trkpt lat="46.440518070012331" lon="13.652414884418249">
        <ele>2443.8099999999999</ele>
        <time>2014-08-17T09:18:01Z</time>
        <extensions>
          <gpxtpx:TrackPointExtension>
            <gpxtpx:atemp>2.8</gpxtpx:atemp>
          </gpxtpx:TrackPointExtension>
          <gpxx:TrackPointExtension>
            <gpxx:Temperature>2.8</gpxx:Temperature>
          </gpxx:TrackPointExtension>
        </extensions>
      </trkpt>
      <trkpt lat="46.440496696159244" lon="13.652399880811572">
        <ele>2448.1300000000001</ele>
        <time>2014-08-17T09:19:19Z</time>
        <extensions>
          <gpxtpx:TrackPointExtension>
            <gpxtpx:atemp>3</gpxtpx:atemp>
          </gpxtpx:TrackPointExtension>
          <gpxx:TrackPointExtension>
            <gpxx:Temperature>3</gpxx:Temperature>
          </gpxx:TrackPointExtension>
        </extensions>
      </trkpt>
      <trkpt lat="46.440479345619678" lon="13.65239929407835">
        <ele>2449.0999999999999</ele>
        <time>2014-08-17T09:19:28Z</time>
        <extensions>
          <gpxtpx:TrackPointExtension>
            <gpxtpx:atemp>2.9</gpxtpx:atemp>
          </gpxtpx:TrackPointExtension>
          <gpxx:TrackPointExtension>
            <gpxx:Temperature>2.9</gpxx:Temperature>
          </gpxx:TrackPointExtension>
        </extensions>
      </trkpt>
      <trkpt lat="46.440440202131867" lon="13.652418237179518">
        <ele>2451.98</ele>
        <time>2014-08-17T09:20:33Z</time>
        <extensions>
          <gpxtpx:TrackPointExtension>
            <gpxtpx:atemp>2.8</gpxtpx:atemp>
          </gpxtpx:TrackPointExtension>
          <gpxx:TrackPointExtension>
            <gpxx:Temperature>2.8</gpxx:Temperature>
          </gpxx:TrackPointExtension>
        </extensions>
      </trkpt>
      <trkpt lat="46.440411955118179" lon="13.652391750365496">
        <ele>2456.3099999999999</ele>
        <time>2014-08-17T09:21:09Z</time>
        <extensions>
          <gpxtpx:TrackPointExtension>
            <gpxtpx:atemp>2.8</gpxtpx:atemp>
          </gpxtpx:TrackPointExtension>
          <gpxx:TrackPointExtension>
            <gpxx:Temperature>2.8</gpxx:Temperature>
          </gpxx:TrackPointExtension>
        </extensions>
      </trkpt>
      <trkpt lat="46.440388485789299" lon="13.652382781729102">
        <ele>2457.27</ele>
        <time>2014-08-17T09:21:16Z</time>
        <extensions>
          <gpxtpx:TrackPointExtension>
            <gpxtpx:atemp>2.8</gpxtpx:atemp>
          </gpxtpx:TrackPointExtension>
          <gpxx:TrackPointExtension>
            <gpxx:Temperature>2.8</gpxx:Temperature>
          </gpxx:TrackPointExtension>
        </extensions>
      </trkpt>
      <trkpt lat="46.440350348129869" lon="13.652387894690037">
        <ele>2459.1900000000001</ele>
        <time>2014-08-17T09:21:30Z</time>
        <extensions>
          <gpxtpx:TrackPointExtension>
            <gpxtpx:atemp>3</gpxtpx:atemp>
          </gpxtpx:TrackPointExtension>
          <gpxx:TrackPointExtension>
            <gpxx:Temperature>3</gpxx:Temperature>
          </gpxx:TrackPointExtension>
        </extensions>
      </trkpt>
      <trkpt lat="46.440351018682122" lon="13.652409184724092">
        <ele>2459.6700000000001</ele>
        <time>2014-08-17T09:21:34Z</time>
        <extensions>
          <gpxtpx:TrackPointExtension>
            <gpxtpx:atemp>3</gpxtpx:atemp>
          </gpxtpx:TrackPointExtension>
          <gpxx:TrackPointExtension>
            <gpxx:Temperature>3</gpxx:Temperature>
          </gpxx:TrackPointExtension>
        </extensions>
      </trkpt>
      <trkpt lat="46.440327884629369" lon="13.652414381504059">
        <ele>2461.1100000000001</ele>
        <time>2014-08-17T09:21:39Z</time>
        <extensions>
          <gpxtpx:TrackPointExtension>
            <gpxtpx:atemp>3</gpxtpx:atemp>
          </gpxtpx:TrackPointExtension>
          <gpxx:TrackPointExtension>
            <gpxx:Temperature>3</gpxx:Temperature>
          </gpxx:TrackPointExtension>
        </extensions>
      </trkpt>
      <trkpt lat="46.440310953184962" lon="13.65238856524229">
        <ele>2462.0700000000002</ele>
        <time>2014-08-17T09:21:46Z</time>
        <extensions>
          <gpxtpx:TrackPointExtension>
            <gpxtpx:atemp>3</gpxtpx:atemp>
          </gpxtpx:TrackPointExtension>
          <gpxx:TrackPointExtension>
            <gpxx:Temperature>3</gpxx:Temperature>
          </gpxx:TrackPointExtension>
        </extensions>
      </trkpt>
      <trkpt lat="46.440293435007334" lon="13.652382446452975">
        <ele>2463.52</ele>
        <time>2014-08-17T09:21:53Z</time>
        <extensions>
          <gpxtpx:TrackPointExtension>
            <gpxtpx:atemp>3</gpxtpx:atemp>
          </gpxtpx:TrackPointExtension>
          <gpxx:TrackPointExtension>
            <gpxx:Temperature>3</gpxx:Temperature>
          </gpxx:TrackPointExtension>
        </extensions>
      </trkpt>
      <trkpt lat="46.440278012305498" lon="13.652373561635613">
        <ele>2465.4400000000001</ele>
        <time>2014-08-17T09:22:04Z</time>
        <extensions>
          <gpxtpx:TrackPointExtension>
            <gpxtpx:atemp>3</gpxtpx:atemp>
          </gpxtpx:TrackPointExtension>
          <gpxx:TrackPointExtension>
            <gpxx:Temperature>3</gpxx:Temperature>
          </gpxx:TrackPointExtension>
        </extensions>
      </trkpt>
      <trkpt lat="46.44026686437428" lon="13.652357133105397">
        <ele>2465.9200000000001</ele>
        <time>2014-08-17T09:22:12Z</time>
        <extensions>
          <gpxtpx:TrackPointExtension>
            <gpxtpx:atemp>3</gpxtpx:atemp>
          </gpxtpx:TrackPointExtension>
          <gpxx:TrackPointExtension>
            <gpxx:Temperature>3</gpxx:Temperature>
          </gpxx:TrackPointExtension>
        </extensions>
      </trkpt>
      <trkpt lat="46.440244568511844" lon="13.652331065386534">
        <ele>2471.21</ele>
        <time>2014-08-17T09:22:52Z</time>
        <extensions>
          <gpxtpx:TrackPointExtension>
            <gpxtpx:atemp>3.2</gpxtpx:atemp>
          </gpxtpx:TrackPointExtension>
          <gpxx:TrackPointExtension>
            <gpxx:Temperature>3.2</gpxx:Temperature>
          </gpxx:TrackPointExtension>
        </extensions>
      </trkpt>
      <trkpt lat="46.440196875482798" lon="13.652327042073011">
        <ele>2474.0900000000001</ele>
        <time>2014-08-17T09:23:15Z</time>
        <extensions>
          <gpxtpx:TrackPointExtension>
            <gpxtpx:atemp>3.2</gpxtpx:atemp>
          </gpxtpx:TrackPointExtension>
          <gpxx:TrackPointExtension>
            <gpxx:Temperature>3.2</gpxx:Temperature>
          </gpxx:TrackPointExtension>
        </extensions>
      </trkpt>
      <trkpt lat="46.440133592113853" lon="13.652341961860657">
        <ele>2477.4499999999998</ele>
        <time>2014-08-17T09:24:05Z</time>
        <extensions>
          <gpxtpx:TrackPointExtension>
            <gpxtpx:atemp>3.3</gpxtpx:atemp>
          </gpxtpx:TrackPointExtension>
          <gpxx:TrackPointExtension>
            <gpxx:Temperature>3.3</gpxx:Temperature>
          </gpxx:TrackPointExtension>
        </extensions>
      </trkpt>
      <trkpt lat="46.440138285979629" lon="13.65237875841558">
        <ele>2477.9400000000001</ele>
        <time>2014-08-17T09:24:14Z</time>
        <extensions>
          <gpxtpx:TrackPointExtension>
            <gpxtpx:atemp>3.3</gpxtpx:atemp>
          </gpxtpx:TrackPointExtension>
          <gpxx:TrackPointExtension>
            <gpxx:Temperature>3.3</gpxx:Temperature>
          </gpxx:TrackPointExtension>
        </extensions>
      </trkpt>
      <trkpt lat="46.440129484981298" lon="13.652397366240621">
        <ele>2479.3800000000001</ele>
        <time>2014-08-17T09:24:22Z</time>
        <extensions>
          <gpxtpx:TrackPointExtension>
            <gpxtpx:atemp>3.3</gpxtpx:atemp>
          </gpxtpx:TrackPointExtension>
          <gpxx:TrackPointExtension>
            <gpxx:Temperature>3.3</gpxx:Temperature>
          </gpxx:TrackPointExtension>
        </extensions>
      </trkpt>
      <trkpt lat="46.440115151926875" lon="13.652383200824261">
        <ele>2480.3400000000001</ele>
        <time>2014-08-17T09:24:53Z</time>
        <extensions>
          <gpxtpx:TrackPointExtension>
            <gpxtpx:atemp>3</gpxtpx:atemp>
          </gpxtpx:TrackPointExtension>
          <gpxx:TrackPointExtension>
            <gpxx:Temperature>3</gpxx:Temperature>
          </gpxx:TrackPointExtension>
        </extensions>
      </trkpt>
      <trkpt lat="46.440072571858764" lon="13.65238755941391">
        <ele>2483.6999999999998</ele>
        <time>2014-08-17T09:25:07Z</time>
        <extensions>
          <gpxtpx:TrackPointExtension>
            <gpxtpx:atemp>3</gpxtpx:atemp>
          </gpxtpx:TrackPointExtension>
          <gpxx:TrackPointExtension>
            <gpxx:Temperature>3</gpxx:Temperature>
          </gpxx:TrackPointExtension>
        </extensions>
      </trkpt>
      <trkpt lat="46.440040217712522" lon="13.652397198602557">
        <ele>2485.1500000000001</ele>
        <time>2014-08-17T09:25:18Z</time>
        <extensions>
          <gpxtpx:TrackPointExtension>
            <gpxtpx:atemp>3</gpxtpx:atemp>
          </gpxtpx:TrackPointExtension>
          <gpxx:TrackPointExtension>
            <gpxx:Temperature>3</gpxx:Temperature>
          </gpxx:TrackPointExtension>
        </extensions>
      </trkpt>
      <trkpt lat="46.44002647139132" lon="13.652398958802223">
        <ele>2486.1100000000001</ele>
        <time>2014-08-17T09:25:23Z</time>
        <extensions>
          <gpxtpx:TrackPointExtension>
            <gpxtpx:atemp>3</gpxtpx:atemp>
          </gpxtpx:TrackPointExtension>
          <gpxx:TrackPointExtension>
            <gpxx:Temperature>3</gpxx:Temperature>
          </gpxx:TrackPointExtension>
        </extensions>
      </trkpt>
      <trkpt lat="46.440012389793992" lon="13.652386805042624">
        <ele>2487.0700000000002</ele>
        <time>2014-08-17T09:25:30Z</time>
        <extensions>
          <gpxtpx:TrackPointExtension>
            <gpxtpx:atemp>3</gpxtpx:atemp>
          </gpxtpx:TrackPointExtension>
          <gpxx:TrackPointExtension>
            <gpxx:Temperature>3</gpxx:Temperature>
          </gpxx:TrackPointExtension>
        </extensions>
      </trkpt>
      <trkpt lat="46.439995458349586" lon="13.65238755941391">
        <ele>2488.0300000000002</ele>
        <time>2014-08-17T09:25:37Z</time>
        <extensions>
          <gpxtpx:TrackPointExtension>
            <gpxtpx:atemp>3</gpxtpx:atemp>
          </gpxtpx:TrackPointExtension>
          <gpxx:TrackPointExtension>
            <gpxx:Temperature>3</gpxx:Temperature>
          </gpxx:TrackPointExtension>
        </extensions>
      </trkpt>
      <trkpt lat="46.439988669008017" lon="13.652353780344129">
        <ele>2488.5100000000002</ele>
        <time>2014-08-17T09:25:47Z</time>
        <extensions>
          <gpxtpx:TrackPointExtension>
            <gpxtpx:atemp>3</gpxtpx:atemp>
          </gpxtpx:TrackPointExtension>
          <gpxx:TrackPointExtension>
            <gpxx:Temperature>3</gpxx:Temperature>
          </gpxx:TrackPointExtension>
        </extensions>
      </trkpt>
      <trkpt lat="46.439984394237399" lon="13.652335172519088">
        <ele>2489.4699999999998</ele>
        <time>2014-08-17T09:25:52Z</time>
        <extensions>
          <gpxtpx:TrackPointExtension>
            <gpxtpx:atemp>3</gpxtpx:atemp>
          </gpxtpx:TrackPointExtension>
          <gpxx:TrackPointExtension>
            <gpxx:Temperature>3</gpxx:Temperature>
          </gpxx:TrackPointExtension>
        </extensions>
      </trkpt>
      <trkpt lat="46.439984478056431" lon="13.652301225811243">
        <ele>2489.4699999999998</ele>
        <time>2014-08-17T09:26:02Z</time>
        <extensions>
          <gpxtpx:TrackPointExtension>
            <gpxtpx:atemp>3</gpxtpx:atemp>
          </gpxtpx:TrackPointExtension>
          <gpxx:TrackPointExtension>
            <gpxx:Temperature>3</gpxx:Temperature>
          </gpxx:TrackPointExtension>
        </extensions>
      </trkpt>
      <trkpt lat="46.439989255741239" lon="13.652244061231613">
        <ele>2490.9099999999999</ele>
        <time>2014-08-17T09:26:10Z</time>
        <extensions>
          <gpxtpx:TrackPointExtension>
            <gpxtpx:atemp>3</gpxtpx:atemp>
          </gpxtpx:TrackPointExtension>
          <gpxx:TrackPointExtension>
            <gpxx:Temperature>3</gpxx:Temperature>
          </gpxx:TrackPointExtension>
        </extensions>
      </trkpt>
      <trkpt lat="46.439987076446414" lon="13.652208521962166">
        <ele>2492.8400000000001</ele>
        <time>2014-08-17T09:26:23Z</time>
        <extensions>
          <gpxtpx:TrackPointExtension>
            <gpxtpx:atemp>3</gpxtpx:atemp>
          </gpxtpx:TrackPointExtension>
          <gpxx:TrackPointExtension>
            <gpxx:Temperature>3</gpxx:Temperature>
          </gpxx:TrackPointExtension>
        </extensions>
      </trkpt>
      <trkpt lat="46.439986741170287" lon="13.652161583304405">
        <ele>2492.3600000000001</ele>
        <time>2014-08-17T09:26:31Z</time>
        <extensions>
          <gpxtpx:TrackPointExtension>
            <gpxtpx:atemp>3</gpxtpx:atemp>
          </gpxtpx:TrackPointExtension>
          <gpxx:TrackPointExtension>
            <gpxx:Temperature>3</gpxx:Temperature>
          </gpxx:TrackPointExtension>
        </extensions>
      </trkpt>
      <trkpt lat="46.43997953273356" lon="13.65214372985065">
        <ele>2493.3200000000002</ele>
        <time>2014-08-17T09:26:38Z</time>
        <extensions>
          <gpxtpx:TrackPointExtension>
            <gpxtpx:atemp>3</gpxtpx:atemp>
          </gpxtpx:TrackPointExtension>
          <gpxx:TrackPointExtension>
            <gpxx:Temperature>3</gpxx:Temperature>
          </gpxx:TrackPointExtension>
        </extensions>
      </trkpt>
      <trkpt lat="46.439969055354595" lon="13.652159571647644">
        <ele>2494.7600000000002</ele>
        <time>2014-08-17T09:26:53Z</time>
        <extensions>
          <gpxtpx:TrackPointExtension>
            <gpxtpx:atemp>3</gpxtpx:atemp>
          </gpxtpx:TrackPointExtension>
          <gpxx:TrackPointExtension>
            <gpxx:Temperature>3</gpxx:Temperature>
          </gpxx:TrackPointExtension>
        </extensions>
      </trkpt>
      <trkpt lat="46.439953045919538" lon="13.65216619335115">
        <ele>2495.7199999999998</ele>
        <time>2014-08-17T09:27:01Z</time>
        <extensions>
          <gpxtpx:TrackPointExtension>
            <gpxtpx:atemp>3</gpxtpx:atemp>
          </gpxtpx:TrackPointExtension>
          <gpxx:TrackPointExtension>
            <gpxx:Temperature>3</gpxx:Temperature>
          </gpxx:TrackPointExtension>
        </extensions>
      </trkpt>
      <trkpt lat="46.439956063404679" lon="13.65218915976584">
        <ele>2497.6399999999999</ele>
        <time>2014-08-17T09:27:10Z</time>
        <extensions>
          <gpxtpx:TrackPointExtension>
            <gpxtpx:atemp>3</gpxtpx:atemp>
          </gpxtpx:TrackPointExtension>
          <gpxx:TrackPointExtension>
            <gpxx:Temperature>3</gpxx:Temperature>
          </gpxx:TrackPointExtension>
        </extensions>
      </trkpt>
      <trkpt lat="46.439928654581308" lon="13.65226736292243">
        <ele>2498.1199999999999</ele>
        <time>2014-08-17T09:27:17Z</time>
        <extensions>
          <gpxtpx:TrackPointExtension>
            <gpxtpx:atemp>3</gpxtpx:atemp>
          </gpxtpx:TrackPointExtension>
          <gpxx:TrackPointExtension>
            <gpxx:Temperature>3</gpxx:Temperature>
          </gpxx:TrackPointExtension>
        </extensions>
      </trkpt>
      <trkpt lat="46.439885990694165" lon="13.652281444519758">
        <ele>2502.9299999999998</ele>
        <time>2014-08-17T09:27:51Z</time>
        <extensions>
          <gpxtpx:TrackPointExtension>
            <gpxtpx:atemp>2.8</gpxtpx:atemp>
          </gpxtpx:TrackPointExtension>
          <gpxx:TrackPointExtension>
            <gpxx:Temperature>2.8</gpxx:Temperature>
          </gpxx:TrackPointExtension>
        </extensions>
      </trkpt>
      <trkpt lat="46.43989060074091" lon="13.652302566915751">
        <ele>2503.4099999999999</ele>
        <time>2014-08-17T09:27:57Z</time>
        <extensions>
          <gpxtpx:TrackPointExtension>
            <gpxtpx:atemp>2.8</gpxtpx:atemp>
          </gpxtpx:TrackPointExtension>
          <gpxx:TrackPointExtension>
            <gpxx:Temperature>2.8</gpxx:Temperature>
          </gpxx:TrackPointExtension>
        </extensions>
      </trkpt>
      <trkpt lat="46.439874423667789" lon="13.652317905798554">
        <ele>2503.4099999999999</ele>
        <time>2014-08-17T09:28:05Z</time>
        <extensions>
          <gpxtpx:TrackPointExtension>
            <gpxtpx:atemp>2.8</gpxtpx:atemp>
          </gpxtpx:TrackPointExtension>
          <gpxx:TrackPointExtension>
            <gpxx:Temperature>2.8</gpxx:Temperature>
          </gpxx:TrackPointExtension>
        </extensions>
      </trkpt>
      <trkpt lat="46.439857240766287" lon="13.652336010709405">
        <ele>2506.77</ele>
        <time>2014-08-17T09:28:43Z</time>
        <extensions>
          <gpxtpx:TrackPointExtension>
            <gpxtpx:atemp>3</gpxtpx:atemp>
          </gpxtpx:TrackPointExtension>
          <gpxx:TrackPointExtension>
            <gpxx:Temperature>3</gpxx:Temperature>
          </gpxx:TrackPointExtension>
        </extensions>
      </trkpt>
      <trkpt lat="46.439837124198675" lon="13.652333747595549">
        <ele>2509.1799999999998</ele>
        <time>2014-08-17T09:29:05Z</time>
        <extensions>
          <gpxtpx:TrackPointExtension>
            <gpxtpx:atemp>3</gpxtpx:atemp>
          </gpxtpx:TrackPointExtension>
          <gpxx:TrackPointExtension>
            <gpxx:Temperature>3</gpxx:Temperature>
          </gpxx:TrackPointExtension>
        </extensions>
      </trkpt>
      <trkpt lat="46.439822791144252" lon="13.652344727888703">
        <ele>2510.1399999999999</ele>
        <time>2014-08-17T09:29:09Z</time>
        <extensions>
          <gpxtpx:TrackPointExtension>
            <gpxtpx:atemp>3</gpxtpx:atemp>
          </gpxtpx:TrackPointExtension>
          <gpxx:TrackPointExtension>
            <gpxx:Temperature>3</gpxx:Temperature>
          </gpxx:TrackPointExtension>
        </extensions>
      </trkpt>
      <trkpt lat="46.439797729253769" lon="13.652359144762158">
        <ele>2511.5799999999999</ele>
        <time>2014-08-17T09:29:15Z</time>
        <extensions>
          <gpxtpx:TrackPointExtension>
            <gpxtpx:atemp>3</gpxtpx:atemp>
          </gpxtpx:TrackPointExtension>
          <gpxx:TrackPointExtension>
            <gpxx:Temperature>3</gpxx:Temperature>
          </gpxx:TrackPointExtension>
        </extensions>
      </trkpt>
      <trkpt lat="46.43976311199367" lon="13.652348583564162">
        <ele>2513.5</ele>
        <time>2014-08-17T09:29:32Z</time>
        <extensions>
          <gpxtpx:TrackPointExtension>
            <gpxtpx:atemp>3.5</gpxtpx:atemp>
          </gpxtpx:TrackPointExtension>
          <gpxx:TrackPointExtension>
            <gpxx:Temperature>3.5</gpxx:Temperature>
          </gpxx:TrackPointExtension>
        </extensions>
      </trkpt>
      <trkpt lat="46.439748946577311" lon="13.652355121448636">
        <ele>2514.4699999999998</ele>
        <time>2014-08-17T09:29:39Z</time>
        <extensions>
          <gpxtpx:TrackPointExtension>
            <gpxtpx:atemp>3.5</gpxtpx:atemp>
          </gpxtpx:TrackPointExtension>
          <gpxx:TrackPointExtension>
            <gpxx:Temperature>3.5</gpxx:Temperature>
          </gpxx:TrackPointExtension>
        </extensions>
      </trkpt>
      <trkpt lat="46.439748946577311" lon="13.652335340157151">
        <ele>2514.4699999999998</ele>
        <time>2014-08-17T09:29:51Z</time>
        <extensions>
          <gpxtpx:TrackPointExtension>
            <gpxtpx:atemp>3.5</gpxtpx:atemp>
          </gpxtpx:TrackPointExtension>
          <gpxx:TrackPointExtension>
            <gpxx:Temperature>3.5</gpxx:Temperature>
          </gpxx:TrackPointExtension>
        </extensions>
      </trkpt>
      <trkpt lat="46.439736876636744" lon="13.652361240237951">
        <ele>2515.9099999999999</ele>
        <time>2014-08-17T09:30:28Z</time>
        <extensions>
          <gpxtpx:TrackPointExtension>
            <gpxtpx:atemp>3.2</gpxtpx:atemp>
          </gpxtpx:TrackPointExtension>
          <gpxx:TrackPointExtension>
            <gpxx:Temperature>3.2</gpxx:Temperature>
          </gpxx:TrackPointExtension>
        </extensions>
      </trkpt>
      <trkpt lat="46.439715335145593" lon="13.652385715395212">
        <ele>2516.3899999999999</ele>
        <time>2014-08-17T09:31:13Z</time>
        <extensions>
          <gpxtpx:TrackPointExtension>
            <gpxtpx:atemp>3.2</gpxtpx:atemp>
          </gpxtpx:TrackPointExtension>
          <gpxx:TrackPointExtension>
            <gpxx:Temperature>3.2</gpxx:Temperature>
          </gpxx:TrackPointExtension>
        </extensions>
      </trkpt>
      <trkpt lat="46.439686501398683" lon="13.652393762022257">
        <ele>2518.3099999999999</ele>
        <time>2014-08-17T09:31:20Z</time>
        <extensions>
          <gpxtpx:TrackPointExtension>
            <gpxtpx:atemp>3.2</gpxtpx:atemp>
          </gpxtpx:TrackPointExtension>
          <gpxx:TrackPointExtension>
            <gpxx:Temperature>3.2</gpxx:Temperature>
          </gpxx:TrackPointExtension>
        </extensions>
      </trkpt>
      <trkpt lat="46.439652554690838" lon="13.65239099599421">
        <ele>2519.27</ele>
        <time>2014-08-17T09:31:26Z</time>
        <extensions>
          <gpxtpx:TrackPointExtension>
            <gpxtpx:atemp>3</gpxtpx:atemp>
          </gpxtpx:TrackPointExtension>
          <gpxx:TrackPointExtension>
            <gpxx:Temperature>3</gpxx:Temperature>
          </gpxx:TrackPointExtension>
        </extensions>
      </trkpt>
      <trkpt lat="46.439639395102859" lon="13.652422092854977">
        <ele>2521.1900000000001</ele>
        <time>2014-08-17T09:31:39Z</time>
        <extensions>
          <gpxtpx:TrackPointExtension>
            <gpxtpx:atemp>3</gpxtpx:atemp>
          </gpxtpx:TrackPointExtension>
          <gpxx:TrackPointExtension>
            <gpxx:Temperature>3</gpxx:Temperature>
          </gpxx:TrackPointExtension>
        </extensions>
      </trkpt>
      <trkpt lat="46.439637886360288" lon="13.652446400374174">
        <ele>2521.1900000000001</ele>
        <time>2014-08-17T09:31:46Z</time>
        <extensions>
          <gpxtpx:TrackPointExtension>
            <gpxtpx:atemp>3</gpxtpx:atemp>
          </gpxtpx:TrackPointExtension>
          <gpxx:TrackPointExtension>
            <gpxx:Temperature>3</gpxx:Temperature>
          </gpxx:TrackPointExtension>
        </extensions>
      </trkpt>
      <trkpt lat="46.439597317948937" lon="13.652444891631603">
        <ele>2521.6799999999998</ele>
        <time>2014-08-17T09:31:54Z</time>
        <extensions>
          <gpxtpx:TrackPointExtension>
            <gpxtpx:atemp>3</gpxtpx:atemp>
          </gpxtpx:TrackPointExtension>
          <gpxx:TrackPointExtension>
            <gpxx:Temperature>3</gpxx:Temperature>
          </gpxx:TrackPointExtension>
        </extensions>
      </trkpt>
      <trkpt lat="46.439586840569973" lon="13.652426199987531">
        <ele>2522.6399999999999</ele>
        <time>2014-08-17T09:32:03Z</time>
        <extensions>
          <gpxtpx:TrackPointExtension>
            <gpxtpx:atemp>3</gpxtpx:atemp>
          </gpxtpx:TrackPointExtension>
          <gpxx:TrackPointExtension>
            <gpxx:Temperature>3</gpxx:Temperature>
          </gpxx:TrackPointExtension>
        </extensions>
      </trkpt>
      <trkpt lat="46.439566807821393" lon="13.652410609647632">
        <ele>2523.5999999999999</ele>
        <time>2014-08-17T09:32:10Z</time>
        <extensions>
          <gpxtpx:TrackPointExtension>
            <gpxtpx:atemp>3</gpxtpx:atemp>
          </gpxtpx:TrackPointExtension>
          <gpxx:TrackPointExtension>
            <gpxx:Temperature>3</gpxx:Temperature>
          </gpxx:TrackPointExtension>
        </extensions>
      </trkpt>
      <trkpt lat="46.439559683203697" lon="13.652387307956815">
        <ele>2525.52</ele>
        <time>2014-08-17T09:32:15Z</time>
        <extensions>
          <gpxtpx:TrackPointExtension>
            <gpxtpx:atemp>3</gpxtpx:atemp>
          </gpxtpx:TrackPointExtension>
          <gpxx:TrackPointExtension>
            <gpxx:Temperature>3</gpxx:Temperature>
          </gpxx:TrackPointExtension>
        </extensions>
      </trkpt>
      <trkpt lat="46.439550882205367" lon="13.652363922446966">
        <ele>2526</ele>
        <time>2014-08-17T09:32:21Z</time>
        <extensions>
          <gpxtpx:TrackPointExtension>
            <gpxtpx:atemp>2.8</gpxtpx:atemp>
          </gpxtpx:TrackPointExtension>
          <gpxx:TrackPointExtension>
            <gpxx:Temperature>2.8</gpxx:Temperature>
          </gpxx:TrackPointExtension>
        </extensions>
      </trkpt>
      <trkpt lat="46.43954367376864" lon="13.652343051508069">
        <ele>2526.48</ele>
        <time>2014-08-17T09:32:27Z</time>
        <extensions>
          <gpxtpx:TrackPointExtension>
            <gpxtpx:atemp>2.8</gpxtpx:atemp>
          </gpxtpx:TrackPointExtension>
          <gpxx:TrackPointExtension>
            <gpxx:Temperature>2.8</gpxx:Temperature>
          </gpxx:TrackPointExtension>
        </extensions>
      </trkpt>
      <trkpt lat="46.439522299915552" lon="13.652337603271008">
        <ele>2530.3299999999999</ele>
        <time>2014-08-17T09:32:58Z</time>
        <extensions>
          <gpxtpx:TrackPointExtension>
            <gpxtpx:atemp>2.8</gpxtpx:atemp>
          </gpxtpx:TrackPointExtension>
          <gpxx:TrackPointExtension>
            <gpxx:Temperature>2.8</gpxx:Temperature>
          </gpxx:TrackPointExtension>
        </extensions>
      </trkpt>
      <trkpt lat="46.439523138105869" lon="13.652368448674679">
        <ele>2531.29</ele>
        <time>2014-08-17T09:33:05Z</time>
        <extensions>
          <gpxtpx:TrackPointExtension>
            <gpxtpx:atemp>2.8</gpxtpx:atemp>
          </gpxtpx:TrackPointExtension>
          <gpxx:TrackPointExtension>
            <gpxx:Temperature>2.8</gpxx:Temperature>
          </gpxx:TrackPointExtension>
        </extensions>
      </trkpt>
      <trkpt lat="46.439536632969975" lon="13.6523880623281">
        <ele>2531.77</ele>
        <time>2014-08-17T09:33:11Z</time>
        <extensions>
          <gpxtpx:TrackPointExtension>
            <gpxtpx:atemp>2.8</gpxtpx:atemp>
          </gpxtpx:TrackPointExtension>
          <gpxx:TrackPointExtension>
            <gpxx:Temperature>2.8</gpxx:Temperature>
          </gpxx:TrackPointExtension>
        </extensions>
      </trkpt>
      <trkpt lat="46.439533699303865" lon="13.652417734265327">
        <ele>2530.8099999999999</ele>
        <time>2014-08-17T09:33:17Z</time>
        <extensions>
          <gpxtpx:TrackPointExtension>
            <gpxtpx:atemp>2.8</gpxtpx:atemp>
          </gpxtpx:TrackPointExtension>
          <gpxx:TrackPointExtension>
            <gpxx:Temperature>2.8</gpxx:Temperature>
          </gpxx:TrackPointExtension>
        </extensions>
      </trkpt>
      <trkpt lat="46.439515762031078" lon="13.65245595574379">
        <ele>2531.29</ele>
        <time>2014-08-17T09:34:03Z</time>
        <extensions>
          <gpxtpx:TrackPointExtension>
            <gpxtpx:atemp>3.4</gpxtpx:atemp>
          </gpxtpx:TrackPointExtension>
          <gpxx:TrackPointExtension>
            <gpxx:Temperature>3.4</gpxx:Temperature>
          </gpxx:TrackPointExtension>
        </extensions>
      </trkpt>
      <trkpt lat="46.439479887485504" lon="13.652495350688696">
        <ele>2532.73</ele>
        <time>2014-08-17T09:34:18Z</time>
        <extensions>
          <gpxtpx:TrackPointExtension>
            <gpxtpx:atemp>3.4</gpxtpx:atemp>
          </gpxtpx:TrackPointExtension>
          <gpxx:TrackPointExtension>
            <gpxx:Temperature>3.4</gpxx:Temperature>
          </gpxx:TrackPointExtension>
        </extensions>
      </trkpt>
      <trkpt lat="46.439471086487174" lon="13.652480011805892">
        <ele>2533.21</ele>
        <time>2014-08-17T09:34:23Z</time>
        <extensions>
          <gpxtpx:TrackPointExtension>
            <gpxtpx:atemp>2.7</gpxtpx:atemp>
          </gpxtpx:TrackPointExtension>
          <gpxx:TrackPointExtension>
            <gpxx:Temperature>2.7</gpxx:Temperature>
          </gpxx:TrackPointExtension>
        </extensions>
      </trkpt>
      <trkpt lat="46.439442168921232" lon="13.652450842782855">
        <ele>2534.6500000000001</ele>
        <time>2014-08-17T09:34:37Z</time>
        <extensions>
          <gpxtpx:TrackPointExtension>
            <gpxtpx:atemp>2.7</gpxtpx:atemp>
          </gpxtpx:TrackPointExtension>
          <gpxx:TrackPointExtension>
            <gpxx:Temperature>2.7</gpxx:Temperature>
          </gpxx:TrackPointExtension>
        </extensions>
      </trkpt>
      <trkpt lat="46.439416771754622" lon="13.652455285191536">
        <ele>2536.0999999999999</ele>
        <time>2014-08-17T09:34:43Z</time>
        <extensions>
          <gpxtpx:TrackPointExtension>
            <gpxtpx:atemp>2.7</gpxtpx:atemp>
          </gpxtpx:TrackPointExtension>
          <gpxx:TrackPointExtension>
            <gpxx:Temperature>2.7</gpxx:Temperature>
          </gpxx:TrackPointExtension>
        </extensions>
      </trkpt>
      <trkpt lat="46.439385088160634" lon="13.652462912723422">
        <ele>2537.54</ele>
        <time>2014-08-17T09:35:40Z</time>
        <extensions>
          <gpxtpx:TrackPointExtension>
            <gpxtpx:atemp>3.1</gpxtpx:atemp>
          </gpxtpx:TrackPointExtension>
          <gpxx:TrackPointExtension>
            <gpxx:Temperature>3.1</gpxx:Temperature>
          </gpxx:TrackPointExtension>
        </extensions>
      </trkpt>
      <trkpt lat="46.439343513920903" lon="13.652496188879013">
        <ele>2538.02</ele>
        <time>2014-08-17T09:35:46Z</time>
        <extensions>
          <gpxtpx:TrackPointExtension>
            <gpxtpx:atemp>3.1</gpxtpx:atemp>
          </gpxtpx:TrackPointExtension>
          <gpxx:TrackPointExtension>
            <gpxx:Temperature>3.1</gpxx:Temperature>
          </gpxx:TrackPointExtension>
        </extensions>
      </trkpt>
      <trkpt lat="46.439301688224077" lon="13.652493841946125">
        <ele>2539.46</ele>
        <time>2014-08-17T09:36:10Z</time>
        <extensions>
          <gpxtpx:TrackPointExtension>
            <gpxtpx:atemp>3.1</gpxtpx:atemp>
          </gpxtpx:TrackPointExtension>
          <gpxx:TrackPointExtension>
            <gpxx:Temperature>3.1</gpxx:Temperature>
          </gpxx:TrackPointExtension>
        </extensions>
      </trkpt>
      <trkpt lat="46.439283499494195" lon="13.65249015390873">
        <ele>2539.9400000000001</ele>
        <time>2014-08-17T09:36:17Z</time>
        <extensions>
          <gpxtpx:TrackPointExtension>
            <gpxtpx:atemp>3.1</gpxtpx:atemp>
          </gpxtpx:TrackPointExtension>
          <gpxx:TrackPointExtension>
            <gpxx:Temperature>3.1</gpxx:Temperature>
          </gpxx:TrackPointExtension>
        </extensions>
      </trkpt>
      <trkpt lat="46.439244104549289" lon="13.652449417859316">
        <ele>2537.54</ele>
        <time>2014-08-17T09:36:23Z</time>
        <extensions>
          <gpxtpx:TrackPointExtension>
            <gpxtpx:atemp>2.7</gpxtpx:atemp>
          </gpxtpx:TrackPointExtension>
          <gpxx:TrackPointExtension>
            <gpxx:Temperature>2.7</gpxx:Temperature>
          </gpxx:TrackPointExtension>
        </extensions>
      </trkpt>
      <trkpt lat="46.43917528912425" lon="13.652439024299383">
        <ele>2537.0599999999999</ele>
        <time>2014-08-17T09:36:30Z</time>
        <extensions>
          <gpxtpx:TrackPointExtension>
            <gpxtpx:atemp>2.7</gpxtpx:atemp>
          </gpxtpx:TrackPointExtension>
          <gpxx:TrackPointExtension>
            <gpxx:Temperature>2.7</gpxx:Temperature>
          </gpxx:TrackPointExtension>
        </extensions>
      </trkpt>
      <trkpt lat="46.439158441498876" lon="13.652463080361485">
        <ele>2532.73</ele>
        <time>2014-08-17T09:52:27Z</time>
        <extensions>
          <gpxtpx:TrackPointExtension>
            <gpxtpx:atemp>11.9</gpxtpx:atemp>
          </gpxtpx:TrackPointExtension>
          <gpxx:TrackPointExtension>
            <gpxx:Temperature>11.9</gpxx:Temperature>
          </gpxx:TrackPointExtension>
        </extensions>
      </trkpt>
      <trkpt lat="46.43920948728919" lon="13.652485460042953">
        <ele>2535.1300000000001</ele>
        <time>2014-08-17T09:52:35Z</time>
        <extensions>
          <gpxtpx:TrackPointExtension>
            <gpxtpx:atemp>11.9</gpxtpx:atemp>
          </gpxtpx:TrackPointExtension>
          <gpxx:TrackPointExtension>
            <gpxx:Temperature>11.9</gpxx:Temperature>
          </gpxx:TrackPointExtension>
        </extensions>
      </trkpt>
      <trkpt lat="46.439232705160975" lon="13.652518065646291">
        <ele>2536.0999999999999</ele>
        <time>2014-08-17T09:52:42Z</time>
        <extensions>
          <gpxtpx:TrackPointExtension>
            <gpxtpx:atemp>11.9</gpxtpx:atemp>
          </gpxtpx:TrackPointExtension>
          <gpxx:TrackPointExtension>
            <gpxx:Temperature>11.9</gpxx:Temperature>
          </gpxx:TrackPointExtension>
        </extensions>
      </trkpt>
      <trkpt lat="46.43924125470221" lon="13.652535416185856">
        <ele>2537.54</ele>
        <time>2014-08-17T09:52:47Z</time>
        <extensions>
          <gpxtpx:TrackPointExtension>
            <gpxtpx:atemp>11.9</gpxtpx:atemp>
          </gpxtpx:TrackPointExtension>
          <gpxx:TrackPointExtension>
            <gpxx:Temperature>11.9</gpxx:Temperature>
          </gpxx:TrackPointExtension>
        </extensions>
      </trkpt>
      <trkpt lat="46.439252989366651" lon="13.652552766725421">
        <ele>2538.5</ele>
        <time>2014-08-17T09:52:54Z</time>
        <extensions>
          <gpxtpx:TrackPointExtension>
            <gpxtpx:atemp>11.9</gpxtpx:atemp>
          </gpxtpx:TrackPointExtension>
          <gpxx:TrackPointExtension>
            <gpxx:Temperature>11.9</gpxx:Temperature>
          </gpxx:TrackPointExtension>
        </extensions>
      </trkpt>
      <trkpt lat="46.43923781812191" lon="13.652593167498708">
        <ele>2543.3099999999999</ele>
        <time>2014-08-17T09:53:21Z</time>
        <extensions>
          <gpxtpx:TrackPointExtension>
            <gpxtpx:atemp>11.9</gpxtpx:atemp>
          </gpxtpx:TrackPointExtension>
          <gpxx:TrackPointExtension>
            <gpxx:Temperature>11.9</gpxx:Temperature>
          </gpxx:TrackPointExtension>
        </extensions>
      </trkpt>
      <trkpt lat="46.43926857970655" lon="13.652599286288023">
        <ele>2544.75</ele>
        <time>2014-08-17T09:53:48Z</time>
        <extensions>
          <gpxtpx:TrackPointExtension>
            <gpxtpx:atemp>9.5</gpxtpx:atemp>
          </gpxtpx:TrackPointExtension>
          <gpxx:TrackPointExtension>
            <gpxx:Temperature>9.5</gpxx:Temperature>
          </gpxx:TrackPointExtension>
        </extensions>
      </trkpt>
      <trkpt lat="46.439270926639438" lon="13.652651589363813">
        <ele>2548.5900000000001</ele>
        <time>2014-08-17T09:54:13Z</time>
        <extensions>
          <gpxtpx:TrackPointExtension>
            <gpxtpx:atemp>9.5</gpxtpx:atemp>
          </gpxtpx:TrackPointExtension>
          <gpxx:TrackPointExtension>
            <gpxx:Temperature>9.5</gpxx:Temperature>
          </gpxx:TrackPointExtension>
        </extensions>
      </trkpt>
      <trkpt lat="46.439281571656466" lon="13.652679249644279">
        <ele>2550.5100000000002</ele>
        <time>2014-08-17T09:54:26Z</time>
        <extensions>
          <gpxtpx:TrackPointExtension>
            <gpxtpx:atemp>7.4</gpxtpx:atemp>
          </gpxtpx:TrackPointExtension>
          <gpxx:TrackPointExtension>
            <gpxx:Temperature>7.4</gpxx:Temperature>
          </gpxx:TrackPointExtension>
        </extensions>
      </trkpt>
      <trkpt lat="46.439311411231756" lon="13.652702383697033">
        <ele>2551.48</ele>
        <time>2014-08-17T09:54:34Z</time>
        <extensions>
          <gpxtpx:TrackPointExtension>
            <gpxtpx:atemp>7.4</gpxtpx:atemp>
          </gpxtpx:TrackPointExtension>
          <gpxx:TrackPointExtension>
            <gpxx:Temperature>7.4</gpxx:Temperature>
          </gpxx:TrackPointExtension>
        </extensions>
      </trkpt>
      <trkpt lat="46.439325576648116" lon="13.652741862460971">
        <ele>2552.9200000000001</ele>
        <time>2014-08-17T09:54:41Z</time>
        <extensions>
          <gpxtpx:TrackPointExtension>
            <gpxtpx:atemp>7.4</gpxtpx:atemp>
          </gpxtpx:TrackPointExtension>
          <gpxx:TrackPointExtension>
            <gpxx:Temperature>7.4</gpxx:Temperature>
          </gpxx:TrackPointExtension>
        </extensions>
      </trkpt>
      <trkpt lat="46.439330857247114" lon="13.652787124738097">
        <ele>2554.3600000000001</ele>
        <time>2014-08-17T09:54:49Z</time>
        <extensions>
          <gpxtpx:TrackPointExtension>
            <gpxtpx:atemp>7.4</gpxtpx:atemp>
          </gpxtpx:TrackPointExtension>
          <gpxx:TrackPointExtension>
            <gpxx:Temperature>7.4</gpxx:Temperature>
          </gpxx:TrackPointExtension>
        </extensions>
      </trkpt>
      <trkpt lat="46.439330773428082" lon="13.652821322903037">
        <ele>2555.3200000000002</ele>
        <time>2014-08-17T09:54:57Z</time>
        <extensions>
          <gpxtpx:TrackPointExtension>
            <gpxtpx:atemp>7.4</gpxtpx:atemp>
          </gpxtpx:TrackPointExtension>
          <gpxx:TrackPointExtension>
            <gpxx:Temperature>7.4</gpxx:Temperature>
          </gpxx:TrackPointExtension>
        </extensions>
      </trkpt>
      <trkpt lat="46.439332365989685" lon="13.65284638479352">
        <ele>2555.8000000000002</ele>
        <time>2014-08-17T09:55:16Z</time>
        <extensions>
          <gpxtpx:TrackPointExtension>
            <gpxtpx:atemp>7.4</gpxtpx:atemp>
          </gpxtpx:TrackPointExtension>
          <gpxx:TrackPointExtension>
            <gpxx:Temperature>7.4</gpxx:Temperature>
          </gpxx:TrackPointExtension>
        </extensions>
      </trkpt>
      <trkpt lat="46.439353236928582" lon="13.652853174135089">
        <ele>2555.8000000000002</ele>
        <time>2014-08-17T09:55:22Z</time>
        <extensions>
          <gpxtpx:TrackPointExtension>
            <gpxtpx:atemp>7.4</gpxtpx:atemp>
          </gpxtpx:TrackPointExtension>
          <gpxx:TrackPointExtension>
            <gpxx:Temperature>7.4</gpxx:Temperature>
          </gpxx:TrackPointExtension>
        </extensions>
      </trkpt>
      <trkpt lat="46.439371341839433" lon="13.652848647907376">
        <ele>2556.7600000000002</ele>
        <time>2014-08-17T09:55:28Z</time>
        <extensions>
          <gpxtpx:TrackPointExtension>
            <gpxtpx:atemp>5.8</gpxtpx:atemp>
          </gpxtpx:TrackPointExtension>
          <gpxx:TrackPointExtension>
            <gpxx:Temperature>5.8</gpxx:Temperature>
          </gpxx:TrackPointExtension>
        </extensions>
      </trkpt>
      <trkpt lat="46.439411491155624" lon="13.652813946828246">
        <ele>2554.8400000000001</ele>
        <time>2014-08-17T09:55:51Z</time>
        <extensions>
          <gpxtpx:TrackPointExtension>
            <gpxtpx:atemp>5.8</gpxtpx:atemp>
          </gpxtpx:TrackPointExtension>
          <gpxx:TrackPointExtension>
            <gpxx:Temperature>5.8</gpxx:Temperature>
          </gpxx:TrackPointExtension>
        </extensions>
      </trkpt>
      <trkpt lat="46.439428757876158" lon="13.652828196063638">
        <ele>2553.8800000000001</ele>
        <time>2014-08-17T09:55:57Z</time>
        <extensions>
          <gpxtpx:TrackPointExtension>
            <gpxtpx:atemp>5.8</gpxtpx:atemp>
          </gpxtpx:TrackPointExtension>
          <gpxx:TrackPointExtension>
            <gpxx:Temperature>5.8</gpxx:Temperature>
          </gpxx:TrackPointExtension>
        </extensions>
      </trkpt>
      <trkpt lat="46.439449125900865" lon="13.652832638472319">
        <ele>2553.4000000000001</ele>
        <time>2014-08-17T09:56:20Z</time>
        <extensions>
          <gpxtpx:TrackPointExtension>
            <gpxtpx:atemp>5.8</gpxtpx:atemp>
          </gpxtpx:TrackPointExtension>
          <gpxx:TrackPointExtension>
            <gpxx:Temperature>5.8</gpxx:Temperature>
          </gpxx:TrackPointExtension>
        </extensions>
      </trkpt>
      <trkpt lat="46.439448790624738" lon="13.652855353429914">
        <ele>2552.9200000000001</ele>
        <time>2014-08-17T09:56:28Z</time>
        <extensions>
          <gpxtpx:TrackPointExtension>
            <gpxtpx:atemp>5</gpxtpx:atemp>
          </gpxtpx:TrackPointExtension>
          <gpxx:TrackPointExtension>
            <gpxx:Temperature>5</gpxx:Temperature>
          </gpxx:TrackPointExtension>
        </extensions>
      </trkpt>
      <trkpt lat="46.439445437863469" lon="13.652882762253284">
        <ele>2552.9200000000001</ele>
        <time>2014-08-17T09:56:36Z</time>
        <extensions>
          <gpxtpx:TrackPointExtension>
            <gpxtpx:atemp>5</gpxtpx:atemp>
          </gpxtpx:TrackPointExtension>
          <gpxx:TrackPointExtension>
            <gpxx:Temperature>5</gpxx:Temperature>
          </gpxx:TrackPointExtension>
        </extensions>
      </trkpt>
      <trkpt lat="46.439453484490514" lon="13.652933556586504">
        <ele>2552.9200000000001</ele>
        <time>2014-08-17T09:56:44Z</time>
        <extensions>
          <gpxtpx:TrackPointExtension>
            <gpxtpx:atemp>5</gpxtpx:atemp>
          </gpxtpx:TrackPointExtension>
          <gpxx:TrackPointExtension>
            <gpxx:Temperature>5</gpxx:Temperature>
          </gpxx:TrackPointExtension>
        </extensions>
      </trkpt>
      <trkpt lat="46.439457088708878" lon="13.652965910732746">
        <ele>2554.3600000000001</ele>
        <time>2014-08-17T09:56:51Z</time>
        <extensions>
          <gpxtpx:TrackPointExtension>
            <gpxtpx:atemp>5</gpxtpx:atemp>
          </gpxtpx:TrackPointExtension>
          <gpxx:TrackPointExtension>
            <gpxx:Temperature>5</gpxx:Temperature>
          </gpxx:TrackPointExtension>
        </extensions>
      </trkpt>
      <trkpt lat="46.439484665170312" lon="13.653009328991175">
        <ele>2558.21</ele>
        <time>2014-08-17T09:57:14Z</time>
        <extensions>
          <gpxtpx:TrackPointExtension>
            <gpxtpx:atemp>5</gpxtpx:atemp>
          </gpxtpx:TrackPointExtension>
          <gpxx:TrackPointExtension>
            <gpxx:Temperature>5</gpxx:Temperature>
          </gpxx:TrackPointExtension>
        </extensions>
      </trkpt>
      <trkpt lat="46.4394611120224" lon="13.653016788884997">
        <ele>2557.73</ele>
        <time>2014-08-17T09:57:22Z</time>
        <extensions>
          <gpxtpx:TrackPointExtension>
            <gpxtpx:atemp>5</gpxtpx:atemp>
          </gpxtpx:TrackPointExtension>
          <gpxx:TrackPointExtension>
            <gpxx:Temperature>5</gpxx:Temperature>
          </gpxx:TrackPointExtension>
        </extensions>
      </trkpt>
      <trkpt lat="46.439476115629077" lon="13.653046293184161">
        <ele>2560.1300000000001</ele>
        <time>2014-08-17T09:57:38Z</time>
        <extensions>
          <gpxtpx:TrackPointExtension>
            <gpxtpx:atemp>4.5</gpxtpx:atemp>
          </gpxtpx:TrackPointExtension>
          <gpxx:TrackPointExtension>
            <gpxx:Temperature>4.5</gpxx:Temperature>
          </gpxx:TrackPointExtension>
        </extensions>
      </trkpt>
      <trkpt lat="46.439481982961297" lon="13.65306775085628">
        <ele>2562.0500000000002</ele>
        <time>2014-08-17T09:57:47Z</time>
        <extensions>
          <gpxtpx:TrackPointExtension>
            <gpxtpx:atemp>4.5</gpxtpx:atemp>
          </gpxtpx:TrackPointExtension>
          <gpxx:TrackPointExtension>
            <gpxx:Temperature>4.5</gpxx:Temperature>
          </gpxx:TrackPointExtension>
        </extensions>
      </trkpt>
      <trkpt lat="46.439495477825403" lon="13.653063140809536">
        <ele>2563.4899999999998</ele>
        <time>2014-08-17T09:58:06Z</time>
        <extensions>
          <gpxtpx:TrackPointExtension>
            <gpxtpx:atemp>4.5</gpxtpx:atemp>
          </gpxtpx:TrackPointExtension>
          <gpxx:TrackPointExtension>
            <gpxx:Temperature>4.5</gpxx:Temperature>
          </gpxx:TrackPointExtension>
        </extensions>
      </trkpt>
      <trkpt lat="46.439487179741263" lon="13.65308384411037">
        <ele>2566.3800000000001</ele>
        <time>2014-08-17T09:58:24Z</time>
        <extensions>
          <gpxtpx:TrackPointExtension>
            <gpxtpx:atemp>3.8</gpxtpx:atemp>
          </gpxtpx:TrackPointExtension>
          <gpxx:TrackPointExtension>
            <gpxx:Temperature>3.8</gpxx:Temperature>
          </gpxx:TrackPointExtension>
        </extensions>
      </trkpt>
      <trkpt lat="46.439507296308875" lon="13.653080239892006">
        <ele>2567.8200000000002</ele>
        <time>2014-08-17T09:58:32Z</time>
        <extensions>
          <gpxtpx:TrackPointExtension>
            <gpxtpx:atemp>3.8</gpxtpx:atemp>
          </gpxtpx:TrackPointExtension>
          <gpxx:TrackPointExtension>
            <gpxx:Temperature>3.8</gpxx:Temperature>
          </gpxx:TrackPointExtension>
        </extensions>
      </trkpt>
      <trkpt lat="46.439519952982664" lon="13.653128938749433">
        <ele>2571.1799999999998</ele>
        <time>2014-08-17T09:58:47Z</time>
        <extensions>
          <gpxtpx:TrackPointExtension>
            <gpxtpx:atemp>3.8</gpxtpx:atemp>
          </gpxtpx:TrackPointExtension>
          <gpxx:TrackPointExtension>
            <gpxx:Temperature>3.8</gpxx:Temperature>
          </gpxx:TrackPointExtension>
        </extensions>
      </trkpt>
      <trkpt lat="46.43953344784677" lon="13.653122233226895">
        <ele>2572.1399999999999</ele>
        <time>2014-08-17T09:58:56Z</time>
        <extensions>
          <gpxtpx:TrackPointExtension>
            <gpxtpx:atemp>3.8</gpxtpx:atemp>
          </gpxtpx:TrackPointExtension>
          <gpxx:TrackPointExtension>
            <gpxx:Temperature>3.8</gpxx:Temperature>
          </gpxx:TrackPointExtension>
        </extensions>
      </trkpt>
      <trkpt lat="46.439537387341261" lon="13.65315081551671">
        <ele>2572.6300000000001</ele>
        <time>2014-08-17T09:59:02Z</time>
        <extensions>
          <gpxtpx:TrackPointExtension>
            <gpxtpx:atemp>3.8</gpxtpx:atemp>
          </gpxtpx:TrackPointExtension>
          <gpxx:TrackPointExtension>
            <gpxx:Temperature>3.8</gpxx:Temperature>
          </gpxx:TrackPointExtension>
        </extensions>
      </trkpt>
      <trkpt lat="46.439535962417722" lon="13.653196832165122">
        <ele>2575.0300000000002</ele>
        <time>2014-08-17T09:59:35Z</time>
        <extensions>
          <gpxtpx:TrackPointExtension>
            <gpxtpx:atemp>4.5</gpxtpx:atemp>
          </gpxtpx:TrackPointExtension>
          <gpxx:TrackPointExtension>
            <gpxx:Temperature>4.5</gpxx:Temperature>
          </gpxx:TrackPointExtension>
        </extensions>
      </trkpt>
      <trkpt lat="46.439531603828073" lon="13.653236227110028">
        <ele>2576.9499999999998</ele>
        <time>2014-08-17T09:59:50Z</time>
        <extensions>
          <gpxtpx:TrackPointExtension>
            <gpxtpx:atemp>4.5</gpxtpx:atemp>
          </gpxtpx:TrackPointExtension>
          <gpxx:TrackPointExtension>
            <gpxx:Temperature>4.5</gpxx:Temperature>
          </gpxx:TrackPointExtension>
        </extensions>
      </trkpt>
      <trkpt lat="46.439529173076153" lon="13.65326757542789">
        <ele>2577.9099999999999</ele>
        <time>2014-08-17T09:59:56Z</time>
        <extensions>
          <gpxtpx:TrackPointExtension>
            <gpxtpx:atemp>4.5</gpxtpx:atemp>
          </gpxtpx:TrackPointExtension>
          <gpxx:TrackPointExtension>
            <gpxx:Temperature>4.5</gpxx:Temperature>
          </gpxx:TrackPointExtension>
        </extensions>
      </trkpt>
      <trkpt lat="46.439542165026069" lon="13.653281405568123">
        <ele>2580.3200000000002</ele>
        <time>2014-08-17T10:00:11Z</time>
        <extensions>
          <gpxtpx:TrackPointExtension>
            <gpxtpx:atemp>4.5</gpxtpx:atemp>
          </gpxtpx:TrackPointExtension>
          <gpxx:TrackPointExtension>
            <gpxx:Temperature>4.5</gpxx:Temperature>
          </gpxx:TrackPointExtension>
        </extensions>
      </trkpt>
      <trkpt lat="46.439515175297856" lon="13.653294565156102">
        <ele>2581.2800000000002</ele>
        <time>2014-08-17T10:00:19Z</time>
        <extensions>
          <gpxtpx:TrackPointExtension>
            <gpxtpx:atemp>4.5</gpxtpx:atemp>
          </gpxtpx:TrackPointExtension>
          <gpxx:TrackPointExtension>
            <gpxx:Temperature>4.5</gpxx:Temperature>
          </gpxx:TrackPointExtension>
        </extensions>
      </trkpt>
      <trkpt lat="46.439492795616388" lon="13.65333890542388">
        <ele>2584.1599999999999</ele>
        <time>2014-08-17T10:00:49Z</time>
        <extensions>
          <gpxtpx:TrackPointExtension>
            <gpxtpx:atemp>5.3</gpxtpx:atemp>
          </gpxtpx:TrackPointExtension>
          <gpxx:TrackPointExtension>
            <gpxx:Temperature>5.3</gpxx:Temperature>
          </gpxx:TrackPointExtension>
        </extensions>
      </trkpt>
      <trkpt lat="46.439468320459127" lon="13.653336558490992">
        <ele>2584.6399999999999</ele>
        <time>2014-08-17T10:00:57Z</time>
        <extensions>
          <gpxtpx:TrackPointExtension>
            <gpxtpx:atemp>5.3</gpxtpx:atemp>
          </gpxtpx:TrackPointExtension>
          <gpxx:TrackPointExtension>
            <gpxx:Temperature>5.3</gpxx:Temperature>
          </gpxx:TrackPointExtension>
        </extensions>
      </trkpt>
      <trkpt lat="46.4394386485219" lon="13.65332281216979">
        <ele>2585.1199999999999</ele>
        <time>2014-08-17T10:01:04Z</time>
        <extensions>
          <gpxtpx:TrackPointExtension>
            <gpxtpx:atemp>5.3</gpxtpx:atemp>
          </gpxtpx:TrackPointExtension>
          <gpxx:TrackPointExtension>
            <gpxx:Temperature>5.3</gpxx:Temperature>
          </gpxx:TrackPointExtension>
        </extensions>
      </trkpt>
      <trkpt lat="46.439405288547277" lon="13.653304874897003">
        <ele>2586.0799999999999</ele>
        <time>2014-08-17T10:01:10Z</time>
        <extensions>
          <gpxtpx:TrackPointExtension>
            <gpxtpx:atemp>5.3</gpxtpx:atemp>
          </gpxtpx:TrackPointExtension>
          <gpxx:TrackPointExtension>
            <gpxx:Temperature>5.3</gpxx:Temperature>
          </gpxx:TrackPointExtension>
        </extensions>
      </trkpt>
      <trkpt lat="46.439391458407044" lon="13.653308898210526">
        <ele>2587.5300000000002</ele>
        <time>2014-08-17T10:01:16Z</time>
        <extensions>
          <gpxtpx:TrackPointExtension>
            <gpxtpx:atemp>5.3</gpxtpx:atemp>
          </gpxtpx:TrackPointExtension>
          <gpxx:TrackPointExtension>
            <gpxx:Temperature>5.3</gpxx:Temperature>
          </gpxx:TrackPointExtension>
        </extensions>
      </trkpt>
      <trkpt lat="46.439353739842772" lon="13.65327687934041">
        <ele>2589.9299999999998</ele>
        <time>2014-08-17T10:01:31Z</time>
        <extensions>
          <gpxtpx:TrackPointExtension>
            <gpxtpx:atemp>4.9</gpxtpx:atemp>
          </gpxtpx:TrackPointExtension>
          <gpxx:TrackPointExtension>
            <gpxx:Temperature>4.9</gpxx:Temperature>
          </gpxx:TrackPointExtension>
        </extensions>
      </trkpt>
      <trkpt lat="46.439364049583673" lon="13.653240501880646">
        <ele>2591.3699999999999</ele>
        <time>2014-08-17T10:01:42Z</time>
        <extensions>
          <gpxtpx:TrackPointExtension>
            <gpxtpx:atemp>4.9</gpxtpx:atemp>
          </gpxtpx:TrackPointExtension>
          <gpxx:TrackPointExtension>
            <gpxx:Temperature>4.9</gpxx:Temperature>
          </gpxx:TrackPointExtension>
        </extensions>
      </trkpt>
      <trkpt lat="46.439379220828414" lon="13.653213931247592">
        <ele>2590.8899999999999</ele>
        <time>2014-08-17T10:01:53Z</time>
        <extensions>
          <gpxtpx:TrackPointExtension>
            <gpxtpx:atemp>4.9</gpxtpx:atemp>
          </gpxtpx:TrackPointExtension>
          <gpxx:TrackPointExtension>
            <gpxx:Temperature>4.9</gpxx:Temperature>
          </gpxx:TrackPointExtension>
        </extensions>
      </trkpt>
      <trkpt lat="46.439384920522571" lon="13.653104547411203">
        <ele>2593.29</ele>
        <time>2014-08-17T10:02:11Z</time>
        <extensions>
          <gpxtpx:TrackPointExtension>
            <gpxtpx:atemp>4.9</gpxtpx:atemp>
          </gpxtpx:TrackPointExtension>
          <gpxx:TrackPointExtension>
            <gpxx:Temperature>4.9</gpxx:Temperature>
          </gpxx:TrackPointExtension>
        </extensions>
      </trkpt>
      <trkpt lat="46.439355500042439" lon="13.653082335367799">
        <ele>2594.7399999999998</ele>
        <time>2014-08-17T10:02:17Z</time>
        <extensions>
          <gpxtpx:TrackPointExtension>
            <gpxtpx:atemp>4.9</gpxtpx:atemp>
          </gpxtpx:TrackPointExtension>
          <gpxx:TrackPointExtension>
            <gpxx:Temperature>4.9</gpxx:Temperature>
          </gpxx:TrackPointExtension>
        </extensions>
      </trkpt>
      <trkpt lat="46.439340664073825" lon="13.653101194649935">
        <ele>2594.7399999999998</ele>
        <time>2014-08-17T10:02:54Z</time>
        <extensions>
          <gpxtpx:TrackPointExtension>
            <gpxtpx:atemp>4.9</gpxtpx:atemp>
          </gpxtpx:TrackPointExtension>
          <gpxx:TrackPointExtension>
            <gpxx:Temperature>4.9</gpxx:Temperature>
          </gpxx:TrackPointExtension>
        </extensions>
      </trkpt>
      <trkpt lat="46.439336305484176" lon="13.65308141335845">
        <ele>2595.2199999999998</ele>
        <time>2014-08-17T10:03:04Z</time>
        <extensions>
          <gpxtpx:TrackPointExtension>
            <gpxtpx:atemp>4.9</gpxtpx:atemp>
          </gpxtpx:TrackPointExtension>
          <gpxx:TrackPointExtension>
            <gpxx:Temperature>4.9</gpxx:Temperature>
          </gpxx:TrackPointExtension>
        </extensions>
      </trkpt>
      <trkpt lat="46.439318284392357" lon="13.653071857988834">
        <ele>2596.1799999999998</ele>
        <time>2014-08-17T10:03:12Z</time>
        <extensions>
          <gpxtpx:TrackPointExtension>
            <gpxtpx:atemp>4.9</gpxtpx:atemp>
          </gpxtpx:TrackPointExtension>
          <gpxx:TrackPointExtension>
            <gpxx:Temperature>4.9</gpxx:Temperature>
          </gpxx:TrackPointExtension>
        </extensions>
      </trkpt>
      <trkpt lat="46.439286097884178" lon="13.653086526319385">
        <ele>2598.0999999999999</ele>
        <time>2014-08-17T10:03:20Z</time>
        <extensions>
          <gpxtpx:TrackPointExtension>
            <gpxtpx:atemp>4.9</gpxtpx:atemp>
          </gpxtpx:TrackPointExtension>
          <gpxx:TrackPointExtension>
            <gpxx:Temperature>4.9</gpxx:Temperature>
          </gpxx:TrackPointExtension>
        </extensions>
      </trkpt>
      <trkpt lat="46.43925785087049" lon="13.653126675635576">
        <ele>2601.9499999999998</ele>
        <time>2014-08-17T10:03:45Z</time>
        <extensions>
          <gpxtpx:TrackPointExtension>
            <gpxtpx:atemp>5.2</gpxtpx:atemp>
          </gpxtpx:TrackPointExtension>
          <gpxx:TrackPointExtension>
            <gpxx:Temperature>5.2</gpxx:Temperature>
          </gpxx:TrackPointExtension>
        </extensions>
      </trkpt>
      <trkpt lat="46.439239494502544" lon="13.65311804227531">
        <ele>2602.9099999999999</ele>
        <time>2014-08-17T10:03:52Z</time>
        <extensions>
          <gpxtpx:TrackPointExtension>
            <gpxtpx:atemp>5.2</gpxtpx:atemp>
          </gpxtpx:TrackPointExtension>
          <gpxx:TrackPointExtension>
            <gpxx:Temperature>5.2</gpxx:Temperature>
          </gpxx:TrackPointExtension>
        </extensions>
      </trkpt>
      <trkpt lat="46.439216025173664" lon="13.653133800253272">
        <ele>2603.8699999999999</ele>
        <time>2014-08-17T10:04:03Z</time>
        <extensions>
          <gpxtpx:TrackPointExtension>
            <gpxtpx:atemp>5.2</gpxtpx:atemp>
          </gpxtpx:TrackPointExtension>
          <gpxx:TrackPointExtension>
            <gpxx:Temperature>5.2</gpxx:Temperature>
          </gpxx:TrackPointExtension>
        </extensions>
      </trkpt>
      <trkpt lat="46.43922415561974" lon="13.653172357007861">
        <ele>2605.3099999999999</ele>
        <time>2014-08-17T10:04:10Z</time>
        <extensions>
          <gpxtpx:TrackPointExtension>
            <gpxtpx:atemp>5.2</gpxtpx:atemp>
          </gpxtpx:TrackPointExtension>
          <gpxx:TrackPointExtension>
            <gpxx:Temperature>5.2</gpxx:Temperature>
          </gpxx:TrackPointExtension>
        </extensions>
      </trkpt>
      <trkpt lat="46.439235806465149" lon="13.653194149956107">
        <ele>2605.79</ele>
        <time>2014-08-17T10:04:16Z</time>
        <extensions>
          <gpxtpx:TrackPointExtension>
            <gpxtpx:atemp>5.2</gpxtpx:atemp>
          </gpxtpx:TrackPointExtension>
          <gpxx:TrackPointExtension>
            <gpxx:Temperature>5.2</gpxx:Temperature>
          </gpxx:TrackPointExtension>
        </extensions>
      </trkpt>
      <trkpt lat="46.439244020730257" lon="13.653222564607859">
        <ele>2608.1900000000001</ele>
        <time>2014-08-17T10:04:45Z</time>
        <extensions>
          <gpxtpx:TrackPointExtension>
            <gpxtpx:atemp>5.7</gpxtpx:atemp>
          </gpxtpx:TrackPointExtension>
          <gpxx:TrackPointExtension>
            <gpxx:Temperature>5.7</gpxx:Temperature>
          </gpxx:TrackPointExtension>
        </extensions>
      </trkpt>
      <trkpt lat="46.439223904162645" lon="13.65325584076345">
        <ele>2610.1199999999999</ele>
        <time>2014-08-17T10:04:59Z</time>
        <extensions>
          <gpxtpx:TrackPointExtension>
            <gpxtpx:atemp>5.7</gpxtpx:atemp>
          </gpxtpx:TrackPointExtension>
          <gpxx:TrackPointExtension>
            <gpxx:Temperature>5.7</gpxx:Temperature>
          </gpxx:TrackPointExtension>
        </extensions>
      </trkpt>
      <trkpt lat="46.439237650483847" lon="13.653281573206186">
        <ele>2611.5599999999999</ele>
        <time>2014-08-17T10:05:09Z</time>
        <extensions>
          <gpxtpx:TrackPointExtension>
            <gpxtpx:atemp>5.7</gpxtpx:atemp>
          </gpxtpx:TrackPointExtension>
          <gpxx:TrackPointExtension>
            <gpxx:Temperature>5.7</gpxx:Temperature>
          </gpxx:TrackPointExtension>
        </extensions>
      </trkpt>
      <trkpt lat="46.439247205853462" lon="13.653315016999841">
        <ele>2612.04</ele>
        <time>2014-08-17T10:05:26Z</time>
        <extensions>
          <gpxtpx:TrackPointExtension>
            <gpxtpx:atemp>6.7</gpxtpx:atemp>
          </gpxtpx:TrackPointExtension>
          <gpxx:TrackPointExtension>
            <gpxx:Temperature>6.7</gpxx:Temperature>
          </gpxx:TrackPointExtension>
        </extensions>
      </trkpt>
      <trkpt lat="46.439229939132929" lon="13.653327338397503">
        <ele>2613</ele>
        <time>2014-08-17T10:05:37Z</time>
        <extensions>
          <gpxtpx:TrackPointExtension>
            <gpxtpx:atemp>6.7</gpxtpx:atemp>
          </gpxtpx:TrackPointExtension>
          <gpxx:TrackPointExtension>
            <gpxx:Temperature>6.7</gpxx:Temperature>
          </gpxx:TrackPointExtension>
        </extensions>
      </trkpt>
      <trkpt lat="46.439215438440442" lon="13.653342258185148">
        <ele>2614.4400000000001</ele>
        <time>2014-08-17T10:05:44Z</time>
        <extensions>
          <gpxtpx:TrackPointExtension>
            <gpxtpx:atemp>6.7</gpxtpx:atemp>
          </gpxtpx:TrackPointExtension>
          <gpxx:TrackPointExtension>
            <gpxx:Temperature>6.7</gpxx:Temperature>
          </gpxx:TrackPointExtension>
        </extensions>
      </trkpt>
      <trkpt lat="46.439226502552629" lon="13.653391040861607">
        <ele>2617.8099999999999</ele>
        <time>2014-08-17T10:06:01Z</time>
        <extensions>
          <gpxtpx:TrackPointExtension>
            <gpxtpx:atemp>6.7</gpxtpx:atemp>
          </gpxtpx:TrackPointExtension>
          <gpxx:TrackPointExtension>
            <gpxx:Temperature>6.7</gpxx:Temperature>
          </gpxx:TrackPointExtension>
        </extensions>
      </trkpt>
      <trkpt lat="46.439213845878839" lon="13.653436051681638">
        <ele>2616.3699999999999</ele>
        <time>2014-08-17T10:06:26Z</time>
        <extensions>
          <gpxtpx:TrackPointExtension>
            <gpxtpx:atemp>6.9</gpxtpx:atemp>
          </gpxtpx:TrackPointExtension>
          <gpxx:TrackPointExtension>
            <gpxx:Temperature>6.9</gpxx:Temperature>
          </gpxx:TrackPointExtension>
        </extensions>
      </trkpt>
      <trkpt lat="46.439210744574666" lon="13.65345767699182">
        <ele>2616.8499999999999</ele>
        <time>2014-08-17T10:06:35Z</time>
        <extensions>
          <gpxtpx:TrackPointExtension>
            <gpxtpx:atemp>6.9</gpxtpx:atemp>
          </gpxtpx:TrackPointExtension>
          <gpxx:TrackPointExtension>
            <gpxx:Temperature>6.9</gpxx:Temperature>
          </gpxx:TrackPointExtension>
        </extensions>
      </trkpt>
      <trkpt lat="46.439214684069157" lon="13.653491791337729">
        <ele>2618.29</ele>
        <time>2014-08-17T10:06:42Z</time>
        <extensions>
          <gpxtpx:TrackPointExtension>
            <gpxtpx:atemp>6.9</gpxtpx:atemp>
          </gpxtpx:TrackPointExtension>
          <gpxx:TrackPointExtension>
            <gpxx:Temperature>6.9</gpxx:Temperature>
          </gpxx:TrackPointExtension>
        </extensions>
      </trkpt>
      <trkpt lat="46.439230358228087" lon="13.6534742731601">
        <ele>2621.6500000000001</ele>
        <time>2014-08-17T10:07:36Z</time>
        <extensions>
          <gpxtpx:TrackPointExtension>
            <gpxtpx:atemp>6.8</gpxtpx:atemp>
          </gpxtpx:TrackPointExtension>
          <gpxx:TrackPointExtension>
            <gpxx:Temperature>6.8</gpxx:Temperature>
          </gpxx:TrackPointExtension>
        </extensions>
      </trkpt>
      <trkpt lat="46.439248211681843" lon="13.653490366414189">
        <ele>2623.5799999999999</ele>
        <time>2014-08-17T10:07:43Z</time>
        <extensions>
          <gpxtpx:TrackPointExtension>
            <gpxtpx:atemp>6.8</gpxtpx:atemp>
          </gpxtpx:TrackPointExtension>
          <gpxx:TrackPointExtension>
            <gpxx:Temperature>6.8</gpxx:Temperature>
          </gpxx:TrackPointExtension>
        </extensions>
      </trkpt>
      <trkpt lat="46.439238153398037" lon="13.653512159362435">
        <ele>2624.0599999999999</ele>
        <time>2014-08-17T10:07:49Z</time>
        <extensions>
          <gpxtpx:TrackPointExtension>
            <gpxtpx:atemp>6.8</gpxtpx:atemp>
          </gpxtpx:TrackPointExtension>
          <gpxx:TrackPointExtension>
            <gpxx:Temperature>6.8</gpxx:Temperature>
          </gpxx:TrackPointExtension>
        </extensions>
      </trkpt>
      <trkpt lat="46.43924318253994" lon="13.653537137433887">
        <ele>2625.5</ele>
        <time>2014-08-17T10:07:55Z</time>
        <extensions>
          <gpxtpx:TrackPointExtension>
            <gpxtpx:atemp>6.8</gpxtpx:atemp>
          </gpxtpx:TrackPointExtension>
          <gpxx:TrackPointExtension>
            <gpxx:Temperature>6.8</gpxx:Temperature>
          </gpxx:TrackPointExtension>
        </extensions>
      </trkpt>
      <trkpt lat="46.439228178933263" lon="13.653567647561431">
        <ele>2626.46</ele>
        <time>2014-08-17T10:08:02Z</time>
        <extensions>
          <gpxtpx:TrackPointExtension>
            <gpxtpx:atemp>6.8</gpxtpx:atemp>
          </gpxtpx:TrackPointExtension>
          <gpxx:TrackPointExtension>
            <gpxx:Temperature>6.8</gpxx:Temperature>
          </gpxx:TrackPointExtension>
        </extensions>
      </trkpt>
      <trkpt lat="46.439230861142278" lon="13.653598828241229">
        <ele>2627.4200000000001</ele>
        <time>2014-08-17T10:08:08Z</time>
        <extensions>
          <gpxtpx:TrackPointExtension>
            <gpxtpx:atemp>6.8</gpxtpx:atemp>
          </gpxtpx:TrackPointExtension>
          <gpxx:TrackPointExtension>
            <gpxx:Temperature>6.8</gpxx:Temperature>
          </gpxx:TrackPointExtension>
        </extensions>
      </trkpt>
      <trkpt lat="46.439242009073496" lon="13.653614921495318">
        <ele>2628.8600000000001</ele>
        <time>2014-08-17T10:08:13Z</time>
        <extensions>
          <gpxtpx:TrackPointExtension>
            <gpxtpx:atemp>6.8</gpxtpx:atemp>
          </gpxtpx:TrackPointExtension>
          <gpxx:TrackPointExtension>
            <gpxx:Temperature>6.8</gpxx:Temperature>
          </gpxx:TrackPointExtension>
        </extensions>
      </trkpt>
      <trkpt lat="46.439226837828755" lon="13.653651466593146">
        <ele>2630.3000000000002</ele>
        <time>2014-08-17T10:08:21Z</time>
        <extensions>
          <gpxtpx:TrackPointExtension>
            <gpxtpx:atemp>6.8</gpxtpx:atemp>
          </gpxtpx:TrackPointExtension>
          <gpxx:TrackPointExtension>
            <gpxx:Temperature>6.8</gpxx:Temperature>
          </gpxx:TrackPointExtension>
        </extensions>
      </trkpt>
      <trkpt lat="46.43924024887383" lon="13.653680635616183">
        <ele>2630.79</ele>
        <time>2014-08-17T10:08:27Z</time>
        <extensions>
          <gpxtpx:TrackPointExtension>
            <gpxtpx:atemp>6.7</gpxtpx:atemp>
          </gpxtpx:TrackPointExtension>
          <gpxx:TrackPointExtension>
            <gpxx:Temperature>6.7</gpxx:Temperature>
          </gpxx:TrackPointExtension>
        </extensions>
      </trkpt>
      <trkpt lat="46.439237231388688" lon="13.653711061924696">
        <ele>2632.71</ele>
        <time>2014-08-17T10:08:36Z</time>
        <extensions>
          <gpxtpx:TrackPointExtension>
            <gpxtpx:atemp>6.7</gpxtpx:atemp>
          </gpxtpx:TrackPointExtension>
          <gpxx:TrackPointExtension>
            <gpxx:Temperature>6.7</gpxx:Temperature>
          </gpxx:TrackPointExtension>
        </extensions>
      </trkpt>
      <trkpt lat="46.439229771494865" lon="13.653735453262925">
        <ele>2634.1500000000001</ele>
        <time>2014-08-17T10:08:42Z</time>
        <extensions>
          <gpxtpx:TrackPointExtension>
            <gpxtpx:atemp>6.7</gpxtpx:atemp>
          </gpxtpx:TrackPointExtension>
          <gpxx:TrackPointExtension>
            <gpxx:Temperature>6.7</gpxx:Temperature>
          </gpxx:TrackPointExtension>
        </extensions>
      </trkpt>
      <trkpt lat="46.439204541966319" lon="13.653773171827197">
        <ele>2637.5100000000002</ele>
        <time>2014-08-17T10:08:58Z</time>
        <extensions>
          <gpxtpx:TrackPointExtension>
            <gpxtpx:atemp>6.7</gpxtpx:atemp>
          </gpxtpx:TrackPointExtension>
          <gpxx:TrackPointExtension>
            <gpxx:Temperature>6.7</gpxx:Temperature>
          </gpxx:TrackPointExtension>
        </extensions>
      </trkpt>
      <trkpt lat="46.439203871414065" lon="13.653804855421185">
        <ele>2638.48</ele>
        <time>2014-08-17T10:09:08Z</time>
        <extensions>
          <gpxtpx:TrackPointExtension>
            <gpxtpx:atemp>6.7</gpxtpx:atemp>
          </gpxtpx:TrackPointExtension>
          <gpxx:TrackPointExtension>
            <gpxx:Temperature>6.7</gpxx:Temperature>
          </gpxx:TrackPointExtension>
        </extensions>
      </trkpt>
      <trkpt lat="46.439216611906886" lon="13.653845675289631">
        <ele>2639.9200000000001</ele>
        <time>2014-08-17T10:09:21Z</time>
        <extensions>
          <gpxtpx:TrackPointExtension>
            <gpxtpx:atemp>6.7</gpxtpx:atemp>
          </gpxtpx:TrackPointExtension>
          <gpxx:TrackPointExtension>
            <gpxx:Temperature>6.7</gpxx:Temperature>
          </gpxx:TrackPointExtension>
        </extensions>
      </trkpt>
      <trkpt lat="46.439230022951961" lon="13.653874173760414">
        <ele>2641.3600000000001</ele>
        <time>2014-08-17T10:09:30Z</time>
        <extensions>
          <gpxtpx:TrackPointExtension>
            <gpxtpx:atemp>7.2</gpxtpx:atemp>
          </gpxtpx:TrackPointExtension>
          <gpxx:TrackPointExtension>
            <gpxx:Temperature>7.2</gpxx:Temperature>
          </gpxx:TrackPointExtension>
        </extensions>
      </trkpt>
      <trkpt lat="46.439244691282511" lon="13.653878029435873">
        <ele>2642.3200000000002</ele>
        <time>2014-08-17T10:09:37Z</time>
        <extensions>
          <gpxtpx:TrackPointExtension>
            <gpxtpx:atemp>7.2</gpxtpx:atemp>
          </gpxtpx:TrackPointExtension>
          <gpxx:TrackPointExtension>
            <gpxx:Temperature>7.2</gpxx:Temperature>
          </gpxx:TrackPointExtension>
        </extensions>
      </trkpt>
      <trkpt lat="46.439263382926583" lon="13.65389496088028">
        <ele>2643.2800000000002</ele>
        <time>2014-08-17T10:09:45Z</time>
        <extensions>
          <gpxtpx:TrackPointExtension>
            <gpxtpx:atemp>7.2</gpxtpx:atemp>
          </gpxtpx:TrackPointExtension>
          <gpxx:TrackPointExtension>
            <gpxx:Temperature>7.2</gpxx:Temperature>
          </gpxx:TrackPointExtension>
        </extensions>
      </trkpt>
      <trkpt lat="46.439262209460139" lon="13.653938882052898">
        <ele>2646.1700000000001</ele>
        <time>2014-08-17T10:09:57Z</time>
        <extensions>
          <gpxtpx:TrackPointExtension>
            <gpxtpx:atemp>7.2</gpxtpx:atemp>
          </gpxtpx:TrackPointExtension>
          <gpxx:TrackPointExtension>
            <gpxx:Temperature>7.2</gpxx:Temperature>
          </gpxx:TrackPointExtension>
        </extensions>
      </trkpt>
      <trkpt lat="46.439238237217069" lon="13.653968051075935">
        <ele>2646.6500000000001</ele>
        <time>2014-08-17T10:10:12Z</time>
        <extensions>
          <gpxtpx:TrackPointExtension>
            <gpxtpx:atemp>7.2</gpxtpx:atemp>
          </gpxtpx:TrackPointExtension>
          <gpxx:TrackPointExtension>
            <gpxx:Temperature>7.2</gpxx:Temperature>
          </gpxx:TrackPointExtension>
        </extensions>
      </trkpt>
      <trkpt lat="46.439213678240776" lon="13.653984228149056">
        <ele>2650.0100000000002</ele>
        <time>2014-08-17T10:10:28Z</time>
        <extensions>
          <gpxtpx:TrackPointExtension>
            <gpxtpx:atemp>6.7</gpxtpx:atemp>
          </gpxtpx:TrackPointExtension>
          <gpxx:TrackPointExtension>
            <gpxx:Temperature>6.7</gpxx:Temperature>
          </gpxx:TrackPointExtension>
        </extensions>
      </trkpt>
      <trkpt lat="46.439204122871161" lon="13.654000321403146">
        <ele>2650.9699999999998</ele>
        <time>2014-08-17T10:10:36Z</time>
        <extensions>
          <gpxtpx:TrackPointExtension>
            <gpxtpx:atemp>6.7</gpxtpx:atemp>
          </gpxtpx:TrackPointExtension>
          <gpxx:TrackPointExtension>
            <gpxx:Temperature>6.7</gpxx:Temperature>
          </gpxx:TrackPointExtension>
        </extensions>
      </trkpt>
      <trkpt lat="46.439194735139608" lon="13.654029071331024">
        <ele>2652.4200000000001</ele>
        <time>2014-08-17T10:10:42Z</time>
        <extensions>
          <gpxtpx:TrackPointExtension>
            <gpxtpx:atemp>6.7</gpxtpx:atemp>
          </gpxtpx:TrackPointExtension>
          <gpxx:TrackPointExtension>
            <gpxx:Temperature>6.7</gpxx:Temperature>
          </gpxx:TrackPointExtension>
        </extensions>
      </trkpt>
      <trkpt lat="46.439178390428424" lon="13.654020186513662">
        <ele>2652.9000000000001</ele>
        <time>2014-08-17T10:10:48Z</time>
        <extensions>
          <gpxtpx:TrackPointExtension>
            <gpxtpx:atemp>6.7</gpxtpx:atemp>
          </gpxtpx:TrackPointExtension>
          <gpxx:TrackPointExtension>
            <gpxx:Temperature>6.7</gpxx:Temperature>
          </gpxx:TrackPointExtension>
        </extensions>
      </trkpt>
      <trkpt lat="46.439158776775002" lon="13.654027981683612">
        <ele>2653.8600000000001</ele>
        <time>2014-08-17T10:10:54Z</time>
        <extensions>
          <gpxtpx:TrackPointExtension>
            <gpxtpx:atemp>6.7</gpxtpx:atemp>
          </gpxtpx:TrackPointExtension>
          <gpxx:TrackPointExtension>
            <gpxx:Temperature>6.7</gpxx:Temperature>
          </gpxx:TrackPointExtension>
        </extensions>
      </trkpt>
      <trkpt lat="46.439137822017074" lon="13.654046170413494">
        <ele>2655.7800000000002</ele>
        <time>2014-08-17T10:11:07Z</time>
        <extensions>
          <gpxtpx:TrackPointExtension>
            <gpxtpx:atemp>6.7</gpxtpx:atemp>
          </gpxtpx:TrackPointExtension>
          <gpxx:TrackPointExtension>
            <gpxx:Temperature>6.7</gpxx:Temperature>
          </gpxx:TrackPointExtension>
        </extensions>
      </trkpt>
      <trkpt lat="46.439124913886189" lon="13.654075926169753">
        <ele>2656.2600000000002</ele>
        <time>2014-08-17T10:11:14Z</time>
        <extensions>
          <gpxtpx:TrackPointExtension>
            <gpxtpx:atemp>6.7</gpxtpx:atemp>
          </gpxtpx:TrackPointExtension>
          <gpxx:TrackPointExtension>
            <gpxx:Temperature>6.7</gpxx:Temperature>
          </gpxx:TrackPointExtension>
        </extensions>
      </trkpt>
      <trkpt lat="46.439121225848794" lon="13.654097132384777">
        <ele>2657.6999999999998</ele>
        <time>2014-08-17T10:11:22Z</time>
        <extensions>
          <gpxtpx:TrackPointExtension>
            <gpxtpx:atemp>6.7</gpxtpx:atemp>
          </gpxtpx:TrackPointExtension>
          <gpxx:TrackPointExtension>
            <gpxx:Temperature>6.7</gpxx:Temperature>
          </gpxx:TrackPointExtension>
        </extensions>
      </trkpt>
      <trkpt lat="46.439111502841115" lon="13.654117248952389">
        <ele>2659.1399999999999</ele>
        <time>2014-08-17T10:11:29Z</time>
        <extensions>
          <gpxtpx:TrackPointExtension>
            <gpxtpx:atemp>6.8</gpxtpx:atemp>
          </gpxtpx:TrackPointExtension>
          <gpxx:TrackPointExtension>
            <gpxx:Temperature>6.8</gpxx:Temperature>
          </gpxx:TrackPointExtension>
        </extensions>
      </trkpt>
      <trkpt lat="46.439118292182684" lon="13.654139963909984">
        <ele>2660.1100000000001</ele>
        <time>2014-08-17T10:11:36Z</time>
        <extensions>
          <gpxtpx:TrackPointExtension>
            <gpxtpx:atemp>6.8</gpxtpx:atemp>
          </gpxtpx:TrackPointExtension>
          <gpxx:TrackPointExtension>
            <gpxx:Temperature>6.8</gpxx:Temperature>
          </gpxx:TrackPointExtension>
        </extensions>
      </trkpt>
      <trkpt lat="46.439141090959311" lon="13.654156811535358">
        <ele>2662.0300000000002</ele>
        <time>2014-08-17T10:11:45Z</time>
        <extensions>
          <gpxtpx:TrackPointExtension>
            <gpxtpx:atemp>6.8</gpxtpx:atemp>
          </gpxtpx:TrackPointExtension>
          <gpxx:TrackPointExtension>
            <gpxx:Temperature>6.8</gpxx:Temperature>
          </gpxx:TrackPointExtension>
        </extensions>
      </trkpt>
      <trkpt lat="46.43914938904345" lon="13.654178353026509">
        <ele>2662.9899999999998</ele>
        <time>2014-08-17T10:11:52Z</time>
        <extensions>
          <gpxtpx:TrackPointExtension>
            <gpxtpx:atemp>6.8</gpxtpx:atemp>
          </gpxtpx:TrackPointExtension>
          <gpxx:TrackPointExtension>
            <gpxx:Temperature>6.8</gpxx:Temperature>
          </gpxx:TrackPointExtension>
        </extensions>
      </trkpt>
      <trkpt lat="46.43916305154562" lon="13.654204504564404">
        <ele>2664.4299999999998</ele>
        <time>2014-08-17T10:11:57Z</time>
        <extensions>
          <gpxtpx:TrackPointExtension>
            <gpxtpx:atemp>6.8</gpxtpx:atemp>
          </gpxtpx:TrackPointExtension>
          <gpxx:TrackPointExtension>
            <gpxx:Temperature>6.8</gpxx:Temperature>
          </gpxx:TrackPointExtension>
        </extensions>
      </trkpt>
      <trkpt lat="46.439163722097874" lon="13.654236188158393">
        <ele>2665.8699999999999</ele>
        <time>2014-08-17T10:12:03Z</time>
        <extensions>
          <gpxtpx:TrackPointExtension>
            <gpxtpx:atemp>6.8</gpxtpx:atemp>
          </gpxtpx:TrackPointExtension>
          <gpxx:TrackPointExtension>
            <gpxx:Temperature>6.8</gpxx:Temperature>
          </gpxx:TrackPointExtension>
        </extensions>
      </trkpt>
      <trkpt lat="46.439159028232098" lon="13.654258819296956">
        <ele>2666.3499999999999</ele>
        <time>2014-08-17T10:12:09Z</time>
        <extensions>
          <gpxtpx:TrackPointExtension>
            <gpxtpx:atemp>6.8</gpxtpx:atemp>
          </gpxtpx:TrackPointExtension>
          <gpxx:TrackPointExtension>
            <gpxx:Temperature>6.8</gpxx:Temperature>
          </gpxx:TrackPointExtension>
        </extensions>
      </trkpt>
      <trkpt lat="46.439162129536271" lon="13.65428832359612">
        <ele>2667.8000000000002</ele>
        <time>2014-08-17T10:12:14Z</time>
        <extensions>
          <gpxtpx:TrackPointExtension>
            <gpxtpx:atemp>6.8</gpxtpx:atemp>
          </gpxtpx:TrackPointExtension>
          <gpxx:TrackPointExtension>
            <gpxx:Temperature>6.8</gpxx:Temperature>
          </gpxx:TrackPointExtension>
        </extensions>
      </trkpt>
      <trkpt lat="46.439151652157307" lon="13.654315816238523">
        <ele>2668.2800000000002</ele>
        <time>2014-08-17T10:12:20Z</time>
        <extensions>
          <gpxtpx:TrackPointExtension>
            <gpxtpx:atemp>6.8</gpxtpx:atemp>
          </gpxtpx:TrackPointExtension>
          <gpxx:TrackPointExtension>
            <gpxx:Temperature>6.8</gpxx:Temperature>
          </gpxx:TrackPointExtension>
        </extensions>
      </trkpt>
      <trkpt lat="46.439191466197371" lon="13.654325706884265">
        <ele>2668.7600000000002</ele>
        <time>2014-08-17T10:12:27Z</time>
        <extensions>
          <gpxtpx:TrackPointExtension>
            <gpxtpx:atemp>7.2</gpxtpx:atemp>
          </gpxtpx:TrackPointExtension>
          <gpxx:TrackPointExtension>
            <gpxx:Temperature>7.2</gpxx:Temperature>
          </gpxx:TrackPointExtension>
        </extensions>
      </trkpt>
      <trkpt lat="46.439203284680843" lon="13.654358061030507">
        <ele>2670.1999999999998</ele>
        <time>2014-08-17T10:12:32Z</time>
        <extensions>
          <gpxtpx:TrackPointExtension>
            <gpxtpx:atemp>7.2</gpxtpx:atemp>
          </gpxtpx:TrackPointExtension>
          <gpxx:TrackPointExtension>
            <gpxx:Temperature>7.2</gpxx:Temperature>
          </gpxx:TrackPointExtension>
        </extensions>
      </trkpt>
      <trkpt lat="46.439217114821076" lon="13.654376501217484">
        <ele>2670.6799999999998</ele>
        <time>2014-08-17T10:12:37Z</time>
        <extensions>
          <gpxtpx:TrackPointExtension>
            <gpxtpx:atemp>7.2</gpxtpx:atemp>
          </gpxtpx:TrackPointExtension>
          <gpxx:TrackPointExtension>
            <gpxx:Temperature>7.2</gpxx:Temperature>
          </gpxx:TrackPointExtension>
        </extensions>
      </trkpt>
      <trkpt lat="46.439243517816067" lon="13.65439536049962">
        <ele>2671.6399999999999</ele>
        <time>2014-08-17T10:12:44Z</time>
        <extensions>
          <gpxtpx:TrackPointExtension>
            <gpxtpx:atemp>7.2</gpxtpx:atemp>
          </gpxtpx:TrackPointExtension>
          <gpxx:TrackPointExtension>
            <gpxx:Temperature>7.2</gpxx:Temperature>
          </gpxx:TrackPointExtension>
        </extensions>
      </trkpt>
      <trkpt lat="46.439253995195031" lon="13.654433581978083">
        <ele>2673.0799999999999</ele>
        <time>2014-08-17T10:12:50Z</time>
        <extensions>
          <gpxtpx:TrackPointExtension>
            <gpxtpx:atemp>7.2</gpxtpx:atemp>
          </gpxtpx:TrackPointExtension>
          <gpxx:TrackPointExtension>
            <gpxx:Temperature>7.2</gpxx:Temperature>
          </gpxx:TrackPointExtension>
        </extensions>
      </trkpt>
      <trkpt lat="46.439280482009053" lon="13.654458057135344">
        <ele>2674.04</ele>
        <time>2014-08-17T10:12:56Z</time>
        <extensions>
          <gpxtpx:TrackPointExtension>
            <gpxtpx:atemp>7.2</gpxtpx:atemp>
          </gpxtpx:TrackPointExtension>
          <gpxx:TrackPointExtension>
            <gpxx:Temperature>7.2</gpxx:Temperature>
          </gpxx:TrackPointExtension>
        </extensions>
      </trkpt>
      <trkpt lat="46.439310908317566" lon="13.654479430988431">
        <ele>2674.04</ele>
        <time>2014-08-17T10:13:03Z</time>
        <extensions>
          <gpxtpx:TrackPointExtension>
            <gpxtpx:atemp>7.2</gpxtpx:atemp>
          </gpxtpx:TrackPointExtension>
          <gpxx:TrackPointExtension>
            <gpxx:Temperature>7.2</gpxx:Temperature>
          </gpxx:TrackPointExtension>
        </extensions>
      </trkpt>
      <trkpt lat="46.439326331019402" lon="13.654490830376744">
        <ele>2675.0100000000002</ele>
        <time>2014-08-17T10:13:10Z</time>
        <extensions>
          <gpxtpx:TrackPointExtension>
            <gpxtpx:atemp>7.2</gpxtpx:atemp>
          </gpxtpx:TrackPointExtension>
          <gpxx:TrackPointExtension>
            <gpxx:Temperature>7.2</gpxx:Temperature>
          </gpxx:TrackPointExtension>
        </extensions>
      </trkpt>
      <trkpt lat="46.439352566376328" lon="13.654527459293604">
        <ele>2675.9699999999998</ele>
        <time>2014-08-17T10:13:16Z</time>
        <extensions>
          <gpxtpx:TrackPointExtension>
            <gpxtpx:atemp>7.2</gpxtpx:atemp>
          </gpxtpx:TrackPointExtension>
          <gpxx:TrackPointExtension>
            <gpxx:Temperature>7.2</gpxx:Temperature>
          </gpxx:TrackPointExtension>
        </extensions>
      </trkpt>
      <trkpt lat="46.439416687935591" lon="13.654545731842518">
        <ele>2676.9299999999998</ele>
        <time>2014-08-17T10:13:26Z</time>
        <extensions>
          <gpxtpx:TrackPointExtension>
            <gpxtpx:atemp>8.4</gpxtpx:atemp>
          </gpxtpx:TrackPointExtension>
          <gpxx:TrackPointExtension>
            <gpxx:Temperature>8.4</gpxx:Temperature>
          </gpxx:TrackPointExtension>
        </extensions>
      </trkpt>
      <trkpt lat="46.43944937735796" lon="13.654584288597107">
        <ele>2677.4099999999999</ele>
        <time>2014-08-17T10:16:02Z</time>
        <extensions>
          <gpxtpx:TrackPointExtension>
            <gpxtpx:atemp>9.5</gpxtpx:atemp>
          </gpxtpx:TrackPointExtension>
          <gpxx:TrackPointExtension>
            <gpxx:Temperature>9.5</gpxx:Temperature>
          </gpxx:TrackPointExtension>
        </extensions>
      </trkpt>
      <trkpt lat="46.439528418704867" lon="13.654623348265886">
        <ele>2675.9699999999998</ele>
        <time>2014-08-17T10:53:36Z</time>
        <extensions>
          <gpxtpx:TrackPointExtension>
            <gpxtpx:atemp>14.5</gpxtpx:atemp>
          </gpxtpx:TrackPointExtension>
          <gpxx:TrackPointExtension>
            <gpxx:Temperature>14.5</gpxx:Temperature>
          </gpxx:TrackPointExtension>
        </extensions>
      </trkpt>
      <trkpt lat="46.439526490867138" lon="13.654643632471561">
        <ele>2675.9699999999998</ele>
        <time>2014-08-17T10:53:43Z</time>
        <extensions>
          <gpxtpx:TrackPointExtension>
            <gpxtpx:atemp>14.5</gpxtpx:atemp>
          </gpxtpx:TrackPointExtension>
          <gpxx:TrackPointExtension>
            <gpxx:Temperature>14.5</gpxx:Temperature>
          </gpxx:TrackPointExtension>
        </extensions>
      </trkpt>
      <trkpt lat="46.439520204439759" lon="13.654666934162378">
        <ele>2675.4899999999998</ele>
        <time>2014-08-17T10:53:51Z</time>
        <extensions>
          <gpxtpx:TrackPointExtension>
            <gpxtpx:atemp>14.5</gpxtpx:atemp>
          </gpxtpx:TrackPointExtension>
          <gpxx:TrackPointExtension>
            <gpxx:Temperature>14.5</gpxx:Temperature>
          </gpxx:TrackPointExtension>
        </extensions>
      </trkpt>
      <trkpt lat="46.439521797001362" lon="13.654699791222811">
        <ele>2675.0100000000002</ele>
        <time>2014-08-17T10:53:59Z</time>
        <extensions>
          <gpxtpx:TrackPointExtension>
            <gpxtpx:atemp>14.5</gpxtpx:atemp>
          </gpxtpx:TrackPointExtension>
          <gpxx:TrackPointExtension>
            <gpxx:Temperature>14.5</gpxx:Temperature>
          </gpxx:TrackPointExtension>
        </extensions>
      </trkpt>
      <trkpt lat="46.439519785344601" lon="13.654751675203443">
        <ele>2674.52</ele>
        <time>2014-08-17T10:54:04Z</time>
        <extensions>
          <gpxtpx:TrackPointExtension>
            <gpxtpx:atemp>14.5</gpxtpx:atemp>
          </gpxtpx:TrackPointExtension>
          <gpxx:TrackPointExtension>
            <gpxx:Temperature>14.5</gpxx:Temperature>
          </gpxx:TrackPointExtension>
        </extensions>
      </trkpt>
      <trkpt lat="46.439516684040427" lon="13.65477648563683">
        <ele>2674.04</ele>
        <time>2014-08-17T10:54:06Z</time>
        <extensions>
          <gpxtpx:TrackPointExtension>
            <gpxtpx:atemp>14.5</gpxtpx:atemp>
          </gpxtpx:TrackPointExtension>
          <gpxx:TrackPointExtension>
            <gpxx:Temperature>14.5</gpxx:Temperature>
          </gpxx:TrackPointExtension>
        </extensions>
      </trkpt>
      <trkpt lat="46.439505871385336" lon="13.654840523377061">
        <ele>2673.0799999999999</ele>
        <time>2014-08-17T10:54:13Z</time>
        <extensions>
          <gpxtpx:TrackPointExtension>
            <gpxtpx:atemp>14.5</gpxtpx:atemp>
          </gpxtpx:TrackPointExtension>
          <gpxx:TrackPointExtension>
            <gpxx:Temperature>14.5</gpxx:Temperature>
          </gpxx:TrackPointExtension>
        </extensions>
      </trkpt>
      <trkpt lat="46.439488269388676" lon="13.654898777604103">
        <ele>2671.1599999999999</ele>
        <time>2014-08-17T10:54:20Z</time>
        <extensions>
          <gpxtpx:TrackPointExtension>
            <gpxtpx:atemp>14.5</gpxtpx:atemp>
          </gpxtpx:TrackPointExtension>
          <gpxx:TrackPointExtension>
            <gpxx:Temperature>14.5</gpxx:Temperature>
          </gpxx:TrackPointExtension>
        </extensions>
      </trkpt>
      <trkpt lat="46.439498327672482" lon="13.654923252761364">
        <ele>2669.2399999999998</ele>
        <time>2014-08-17T10:54:24Z</time>
        <extensions>
          <gpxtpx:TrackPointExtension>
            <gpxtpx:atemp>14.5</gpxtpx:atemp>
          </gpxtpx:TrackPointExtension>
          <gpxx:TrackPointExtension>
            <gpxx:Temperature>14.5</gpxx:Temperature>
          </gpxx:TrackPointExtension>
        </extensions>
      </trkpt>
      <trkpt lat="46.439508469775319" lon="13.65495334379375">
        <ele>2667.3099999999999</ele>
        <time>2014-08-17T10:54:30Z</time>
        <extensions>
          <gpxtpx:TrackPointExtension>
            <gpxtpx:atemp>14.5</gpxtpx:atemp>
          </gpxtpx:TrackPointExtension>
          <gpxx:TrackPointExtension>
            <gpxx:Temperature>14.5</gpxx:Temperature>
          </gpxx:TrackPointExtension>
        </extensions>
      </trkpt>
      <trkpt lat="46.43949237652123" lon="13.654987709596753">
        <ele>2666.3499999999999</ele>
        <time>2014-08-17T10:54:36Z</time>
        <extensions>
          <gpxtpx:TrackPointExtension>
            <gpxtpx:atemp>14.5</gpxtpx:atemp>
          </gpxtpx:TrackPointExtension>
          <gpxx:TrackPointExtension>
            <gpxx:Temperature>14.5</gpxx:Temperature>
          </gpxx:TrackPointExtension>
        </extensions>
      </trkpt>
      <trkpt lat="46.439461866393685" lon="13.655006317421794">
        <ele>2664.4299999999998</ele>
        <time>2014-08-17T10:54:45Z</time>
        <extensions>
          <gpxtpx:TrackPointExtension>
            <gpxtpx:atemp>14.5</gpxtpx:atemp>
          </gpxtpx:TrackPointExtension>
          <gpxx:TrackPointExtension>
            <gpxx:Temperature>14.5</gpxx:Temperature>
          </gpxx:TrackPointExtension>
        </extensions>
      </trkpt>
      <trkpt lat="46.439482066780329" lon="13.655064152553678">
        <ele>2662.9899999999998</ele>
        <time>2014-08-17T10:54:53Z</time>
        <extensions>
          <gpxtpx:TrackPointExtension>
            <gpxtpx:atemp>14.5</gpxtpx:atemp>
          </gpxtpx:TrackPointExtension>
          <gpxx:TrackPointExtension>
            <gpxx:Temperature>14.5</gpxx:Temperature>
          </gpxx:TrackPointExtension>
        </extensions>
      </trkpt>
      <trkpt lat="46.439444264397025" lon="13.655090471729636">
        <ele>2661.5500000000002</ele>
        <time>2014-08-17T10:54:59Z</time>
        <extensions>
          <gpxtpx:TrackPointExtension>
            <gpxtpx:atemp>14.5</gpxtpx:atemp>
          </gpxtpx:TrackPointExtension>
          <gpxx:TrackPointExtension>
            <gpxx:Temperature>14.5</gpxx:Temperature>
          </gpxx:TrackPointExtension>
        </extensions>
      </trkpt>
      <trkpt lat="46.439413586631417" lon="13.655115701258183">
        <ele>2660.1100000000001</ele>
        <time>2014-08-17T10:55:05Z</time>
        <extensions>
          <gpxtpx:TrackPointExtension>
            <gpxtpx:atemp>14.5</gpxtpx:atemp>
          </gpxtpx:TrackPointExtension>
          <gpxx:TrackPointExtension>
            <gpxx:Temperature>14.5</gpxx:Temperature>
          </gpxx:TrackPointExtension>
        </extensions>
      </trkpt>
      <trkpt lat="46.439414005726576" lon="13.655139924958348">
        <ele>2660.5900000000001</ele>
        <time>2014-08-17T10:55:13Z</time>
        <extensions>
          <gpxtpx:TrackPointExtension>
            <gpxtpx:atemp>14.5</gpxtpx:atemp>
          </gpxtpx:TrackPointExtension>
          <gpxx:TrackPointExtension>
            <gpxx:Temperature>14.5</gpxx:Temperature>
          </gpxx:TrackPointExtension>
        </extensions>
      </trkpt>
      <trkpt lat="46.439436636865139" lon="13.655168926343322">
        <ele>2660.5900000000001</ele>
        <time>2014-08-17T10:55:20Z</time>
        <extensions>
          <gpxtpx:TrackPointExtension>
            <gpxtpx:atemp>14.5</gpxtpx:atemp>
          </gpxtpx:TrackPointExtension>
          <gpxx:TrackPointExtension>
            <gpxx:Temperature>14.5</gpxx:Temperature>
          </gpxx:TrackPointExtension>
        </extensions>
      </trkpt>
      <trkpt lat="46.439450718462467" lon="13.655180996283889">
        <ele>2659.6199999999999</ele>
        <time>2014-08-17T10:55:22Z</time>
        <extensions>
          <gpxtpx:TrackPointExtension>
            <gpxtpx:atemp>14</gpxtpx:atemp>
          </gpxtpx:TrackPointExtension>
          <gpxx:TrackPointExtension>
            <gpxx:Temperature>14</gpxx:Temperature>
          </gpxx:TrackPointExtension>
        </extensions>
      </trkpt>
      <trkpt lat="46.439494388177991" lon="13.655191641300917">
        <ele>2657.2199999999998</ele>
        <time>2014-08-17T10:55:29Z</time>
        <extensions>
          <gpxtpx:TrackPointExtension>
            <gpxtpx:atemp>14</gpxtpx:atemp>
          </gpxtpx:TrackPointExtension>
          <gpxx:TrackPointExtension>
            <gpxx:Temperature>14</gpxx:Temperature>
          </gpxx:TrackPointExtension>
        </extensions>
      </trkpt>
      <trkpt lat="46.439482821151614" lon="13.655209830030799">
        <ele>2656.7399999999998</ele>
        <time>2014-08-17T10:55:34Z</time>
        <extensions>
          <gpxtpx:TrackPointExtension>
            <gpxtpx:atemp>14</gpxtpx:atemp>
          </gpxtpx:TrackPointExtension>
          <gpxx:TrackPointExtension>
            <gpxx:Temperature>14</gpxx:Temperature>
          </gpxx:TrackPointExtension>
        </extensions>
      </trkpt>
      <trkpt lat="46.439496399834752" lon="13.655242770910263">
        <ele>2654.8200000000002</ele>
        <time>2014-08-17T10:55:41Z</time>
        <extensions>
          <gpxtpx:TrackPointExtension>
            <gpxtpx:atemp>14</gpxtpx:atemp>
          </gpxtpx:TrackPointExtension>
          <gpxx:TrackPointExtension>
            <gpxx:Temperature>14</gpxx:Temperature>
          </gpxx:TrackPointExtension>
        </extensions>
      </trkpt>
      <trkpt lat="46.439521964639425" lon="13.655338156968355">
        <ele>2653.3800000000001</ele>
        <time>2014-08-17T10:55:49Z</time>
        <extensions>
          <gpxtpx:TrackPointExtension>
            <gpxtpx:atemp>14</gpxtpx:atemp>
          </gpxtpx:TrackPointExtension>
          <gpxx:TrackPointExtension>
            <gpxx:Temperature>14</gpxx:Temperature>
          </gpxx:TrackPointExtension>
        </extensions>
      </trkpt>
      <trkpt lat="46.439536465331912" lon="13.655364895239472">
        <ele>2651.9299999999998</ele>
        <time>2014-08-17T10:55:56Z</time>
        <extensions>
          <gpxtpx:TrackPointExtension>
            <gpxtpx:atemp>14</gpxtpx:atemp>
          </gpxtpx:TrackPointExtension>
          <gpxx:TrackPointExtension>
            <gpxx:Temperature>14</gpxx:Temperature>
          </gpxx:TrackPointExtension>
        </extensions>
      </trkpt>
      <trkpt lat="46.439531100913882" lon="13.655399680137634">
        <ele>2650.9699999999998</ele>
        <time>2014-08-17T10:56:03Z</time>
        <extensions>
          <gpxtpx:TrackPointExtension>
            <gpxtpx:atemp>14</gpxtpx:atemp>
          </gpxtpx:TrackPointExtension>
          <gpxx:TrackPointExtension>
            <gpxx:Temperature>14</gpxx:Temperature>
          </gpxx:TrackPointExtension>
        </extensions>
      </trkpt>
      <trkpt lat="46.439526323229074" lon="13.655429352074862">
        <ele>2649.5300000000002</ele>
        <time>2014-08-17T10:56:10Z</time>
        <extensions>
          <gpxtpx:TrackPointExtension>
            <gpxtpx:atemp>14</gpxtpx:atemp>
          </gpxtpx:TrackPointExtension>
          <gpxx:TrackPointExtension>
            <gpxx:Temperature>14</gpxx:Temperature>
          </gpxx:TrackPointExtension>
        </extensions>
      </trkpt>
      <trkpt lat="46.439532358199358" lon="13.655472015962005">
        <ele>2648.0900000000001</ele>
        <time>2014-08-17T10:56:17Z</time>
        <extensions>
          <gpxtpx:TrackPointExtension>
            <gpxtpx:atemp>14</gpxtpx:atemp>
          </gpxtpx:TrackPointExtension>
          <gpxx:TrackPointExtension>
            <gpxx:Temperature>14</gpxx:Temperature>
          </gpxx:TrackPointExtension>
        </extensions>
      </trkpt>
      <trkpt lat="46.439552893862128" lon="13.655510237440467">
        <ele>2646.1700000000001</ele>
        <time>2014-08-17T10:56:25Z</time>
        <extensions>
          <gpxtpx:TrackPointExtension>
            <gpxtpx:atemp>11.9</gpxtpx:atemp>
          </gpxtpx:TrackPointExtension>
          <gpxx:TrackPointExtension>
            <gpxx:Temperature>11.9</gpxx:Temperature>
          </gpxx:TrackPointExtension>
        </extensions>
      </trkpt>
      <trkpt lat="46.439568232744932" lon="13.655528007075191">
        <ele>2645.6900000000001</ele>
        <time>2014-08-17T10:56:32Z</time>
        <extensions>
          <gpxtpx:TrackPointExtension>
            <gpxtpx:atemp>11.9</gpxtpx:atemp>
          </gpxtpx:TrackPointExtension>
          <gpxx:TrackPointExtension>
            <gpxx:Temperature>11.9</gpxx:Temperature>
          </gpxx:TrackPointExtension>
        </extensions>
      </trkpt>
      <trkpt lat="46.439563957974315" lon="13.655573520809412">
        <ele>2643.2800000000002</ele>
        <time>2014-08-17T10:56:48Z</time>
        <extensions>
          <gpxtpx:TrackPointExtension>
            <gpxtpx:atemp>11.9</gpxtpx:atemp>
          </gpxtpx:TrackPointExtension>
          <gpxx:TrackPointExtension>
            <gpxx:Temperature>11.9</gpxx:Temperature>
          </gpxx:TrackPointExtension>
        </extensions>
      </trkpt>
      <trkpt lat="46.439525652676821" lon="13.655603779479861">
        <ele>2641.3600000000001</ele>
        <time>2014-08-17T10:56:55Z</time>
        <extensions>
          <gpxtpx:TrackPointExtension>
            <gpxtpx:atemp>11.9</gpxtpx:atemp>
          </gpxtpx:TrackPointExtension>
          <gpxx:TrackPointExtension>
            <gpxx:Temperature>11.9</gpxx:Temperature>
          </gpxx:TrackPointExtension>
        </extensions>
      </trkpt>
      <trkpt lat="46.439512576907873" lon="13.655619118362665">
        <ele>2639.9200000000001</ele>
        <time>2014-08-17T10:57:02Z</time>
        <extensions>
          <gpxtpx:TrackPointExtension>
            <gpxtpx:atemp>11.9</gpxtpx:atemp>
          </gpxtpx:TrackPointExtension>
          <gpxx:TrackPointExtension>
            <gpxx:Temperature>11.9</gpxx:Temperature>
          </gpxx:TrackPointExtension>
        </extensions>
      </trkpt>
      <trkpt lat="46.439515426754951" lon="13.655645856633782">
        <ele>2639.4400000000001</ele>
        <time>2014-08-17T10:57:08Z</time>
        <extensions>
          <gpxtpx:TrackPointExtension>
            <gpxtpx:atemp>11.9</gpxtpx:atemp>
          </gpxtpx:TrackPointExtension>
          <gpxx:TrackPointExtension>
            <gpxx:Temperature>11.9</gpxx:Temperature>
          </gpxx:TrackPointExtension>
        </extensions>
      </trkpt>
      <trkpt lat="46.439538644626737" lon="13.655672678723931">
        <ele>2637.9899999999998</ele>
        <time>2014-08-17T10:57:14Z</time>
        <extensions>
          <gpxtpx:TrackPointExtension>
            <gpxtpx:atemp>11.9</gpxtpx:atemp>
          </gpxtpx:TrackPointExtension>
          <gpxx:TrackPointExtension>
            <gpxx:Temperature>11.9</gpxx:Temperature>
          </gpxx:TrackPointExtension>
        </extensions>
      </trkpt>
      <trkpt lat="46.439565299078822" lon="13.655685503035784">
        <ele>2637.0300000000002</ele>
        <time>2014-08-17T10:57:21Z</time>
        <extensions>
          <gpxtpx:TrackPointExtension>
            <gpxtpx:atemp>11.9</gpxtpx:atemp>
          </gpxtpx:TrackPointExtension>
          <gpxx:TrackPointExtension>
            <gpxx:Temperature>11.9</gpxx:Temperature>
          </gpxx:TrackPointExtension>
        </extensions>
      </trkpt>
      <trkpt lat="46.439559599384665" lon="13.655708385631442">
        <ele>2637.0300000000002</ele>
        <time>2014-08-17T10:57:27Z</time>
        <extensions>
          <gpxtpx:TrackPointExtension>
            <gpxtpx:atemp>11.1</gpxtpx:atemp>
          </gpxtpx:TrackPointExtension>
          <gpxx:TrackPointExtension>
            <gpxx:Temperature>11.1</gpxx:Temperature>
          </gpxx:TrackPointExtension>
        </extensions>
      </trkpt>
      <trkpt lat="46.439576698467135" lon="13.655737806111574">
        <ele>2635.5900000000001</ele>
        <time>2014-08-17T10:57:41Z</time>
        <extensions>
          <gpxtpx:TrackPointExtension>
            <gpxtpx:atemp>11.1</gpxtpx:atemp>
          </gpxtpx:TrackPointExtension>
          <gpxx:TrackPointExtension>
            <gpxx:Temperature>11.1</gpxx:Temperature>
          </gpxx:TrackPointExtension>
        </extensions>
      </trkpt>
      <trkpt lat="46.439591702073812" lon="13.655794048681855">
        <ele>2633.1900000000001</ele>
        <time>2014-08-17T10:58:14Z</time>
        <extensions>
          <gpxtpx:TrackPointExtension>
            <gpxtpx:atemp>11.1</gpxtpx:atemp>
          </gpxtpx:TrackPointExtension>
          <gpxx:TrackPointExtension>
            <gpxx:Temperature>11.1</gpxx:Temperature>
          </gpxx:TrackPointExtension>
        </extensions>
      </trkpt>
      <trkpt lat="46.439596228301525" lon="13.655836377292871">
        <ele>2630.3000000000002</ele>
        <time>2014-08-17T10:58:29Z</time>
        <extensions>
          <gpxtpx:TrackPointExtension>
            <gpxtpx:atemp>9.4</gpxtpx:atemp>
          </gpxtpx:TrackPointExtension>
          <gpxx:TrackPointExtension>
            <gpxx:Temperature>9.4</gpxx:Temperature>
          </gpxx:TrackPointExtension>
        </extensions>
      </trkpt>
      <trkpt lat="46.439596312120557" lon="13.655871748924255">
        <ele>2628.8600000000001</ele>
        <time>2014-08-17T10:59:01Z</time>
        <extensions>
          <gpxtpx:TrackPointExtension>
            <gpxtpx:atemp>9.4</gpxtpx:atemp>
          </gpxtpx:TrackPointExtension>
          <gpxx:TrackPointExtension>
            <gpxx:Temperature>9.4</gpxx:Temperature>
          </gpxx:TrackPointExtension>
        </extensions>
      </trkpt>
      <trkpt lat="46.439601592719555" lon="13.655901420861483">
        <ele>2627.9000000000001</ele>
        <time>2014-08-17T10:59:07Z</time>
        <extensions>
          <gpxtpx:TrackPointExtension>
            <gpxtpx:atemp>9.4</gpxtpx:atemp>
          </gpxtpx:TrackPointExtension>
          <gpxx:TrackPointExtension>
            <gpxx:Temperature>9.4</gpxx:Temperature>
          </gpxx:TrackPointExtension>
        </extensions>
      </trkpt>
      <trkpt lat="46.439583990722895" lon="13.655914748087525">
        <ele>2626.46</ele>
        <time>2014-08-17T10:59:14Z</time>
        <extensions>
          <gpxtpx:TrackPointExtension>
            <gpxtpx:atemp>9.4</gpxtpx:atemp>
          </gpxtpx:TrackPointExtension>
          <gpxx:TrackPointExtension>
            <gpxx:Temperature>9.4</gpxx:Temperature>
          </gpxx:TrackPointExtension>
        </extensions>
      </trkpt>
      <trkpt lat="46.439587259665132" lon="13.655935116112232">
        <ele>2625.5</ele>
        <time>2014-08-17T10:59:19Z</time>
        <extensions>
          <gpxtpx:TrackPointExtension>
            <gpxtpx:atemp>9.4</gpxtpx:atemp>
          </gpxtpx:TrackPointExtension>
          <gpxx:TrackPointExtension>
            <gpxx:Temperature>9.4</gpxx:Temperature>
          </gpxx:TrackPointExtension>
        </extensions>
      </trkpt>
      <trkpt lat="46.439591031521559" lon="13.655960848554969">
        <ele>2624.0599999999999</ele>
        <time>2014-08-17T10:59:25Z</time>
        <extensions>
          <gpxtpx:TrackPointExtension>
            <gpxtpx:atemp>8.9</gpxtpx:atemp>
          </gpxtpx:TrackPointExtension>
          <gpxx:TrackPointExtension>
            <gpxx:Temperature>8.9</gpxx:Temperature>
          </gpxx:TrackPointExtension>
        </extensions>
      </trkpt>
      <trkpt lat="46.439580637961626" lon="13.655998148024082">
        <ele>2623.0900000000001</ele>
        <time>2014-08-17T10:59:32Z</time>
        <extensions>
          <gpxtpx:TrackPointExtension>
            <gpxtpx:atemp>8.9</gpxtpx:atemp>
          </gpxtpx:TrackPointExtension>
          <gpxx:TrackPointExtension>
            <gpxx:Temperature>8.9</gpxx:Temperature>
          </gpxx:TrackPointExtension>
        </extensions>
      </trkpt>
      <trkpt lat="46.439565969631076" lon="13.655989766120911">
        <ele>2622.1300000000001</ele>
        <time>2014-08-17T10:59:38Z</time>
        <extensions>
          <gpxtpx:TrackPointExtension>
            <gpxtpx:atemp>8.9</gpxtpx:atemp>
          </gpxtpx:TrackPointExtension>
          <gpxx:TrackPointExtension>
            <gpxx:Temperature>8.9</gpxx:Temperature>
          </gpxx:TrackPointExtension>
        </extensions>
      </trkpt>
      <trkpt lat="46.439573764801025" lon="13.656012313440442">
        <ele>2621.6500000000001</ele>
        <time>2014-08-17T10:59:44Z</time>
        <extensions>
          <gpxtpx:TrackPointExtension>
            <gpxtpx:atemp>8.9</gpxtpx:atemp>
          </gpxtpx:TrackPointExtension>
          <gpxx:TrackPointExtension>
            <gpxx:Temperature>8.9</gpxx:Temperature>
          </gpxx:TrackPointExtension>
        </extensions>
      </trkpt>
      <trkpt lat="46.439578458666801" lon="13.656041398644447">
        <ele>2620.6900000000001</ele>
        <time>2014-08-17T10:59:52Z</time>
        <extensions>
          <gpxtpx:TrackPointExtension>
            <gpxtpx:atemp>8.9</gpxtpx:atemp>
          </gpxtpx:TrackPointExtension>
          <gpxx:TrackPointExtension>
            <gpxx:Temperature>8.9</gpxx:Temperature>
          </gpxx:TrackPointExtension>
        </extensions>
      </trkpt>
      <trkpt lat="46.439561443403363" lon="13.656034776940942">
        <ele>2619.73</ele>
        <time>2014-08-17T10:59:59Z</time>
        <extensions>
          <gpxtpx:TrackPointExtension>
            <gpxtpx:atemp>8.9</gpxtpx:atemp>
          </gpxtpx:TrackPointExtension>
          <gpxx:TrackPointExtension>
            <gpxx:Temperature>8.9</gpxx:Temperature>
          </gpxx:TrackPointExtension>
        </extensions>
      </trkpt>
      <trkpt lat="46.439542667940259" lon="13.656033435836434">
        <ele>2620.21</ele>
        <time>2014-08-17T11:00:06Z</time>
        <extensions>
          <gpxtpx:TrackPointExtension>
            <gpxtpx:atemp>8.9</gpxtpx:atemp>
          </gpxtpx:TrackPointExtension>
          <gpxx:TrackPointExtension>
            <gpxx:Temperature>8.9</gpxx:Temperature>
          </gpxx:TrackPointExtension>
        </extensions>
      </trkpt>
      <trkpt lat="46.439511151984334" lon="13.656034776940942">
        <ele>2616.8499999999999</ele>
        <time>2014-08-17T11:00:17Z</time>
        <extensions>
          <gpxtpx:TrackPointExtension>
            <gpxtpx:atemp>8.9</gpxtpx:atemp>
          </gpxtpx:TrackPointExtension>
          <gpxx:TrackPointExtension>
            <gpxx:Temperature>8.9</gpxx:Temperature>
          </gpxx:TrackPointExtension>
        </extensions>
      </trkpt>
      <trkpt lat="46.439497238025069" lon="13.656016001477838">
        <ele>2616.3699999999999</ele>
        <time>2014-08-17T11:00:23Z</time>
        <extensions>
          <gpxtpx:TrackPointExtension>
            <gpxtpx:atemp>9.3</gpxtpx:atemp>
          </gpxtpx:TrackPointExtension>
          <gpxx:TrackPointExtension>
            <gpxx:Temperature>9.3</gpxx:Temperature>
          </gpxx:TrackPointExtension>
        </extensions>
      </trkpt>
      <trkpt lat="46.439481899142265" lon="13.656017342582345">
        <ele>2615.4000000000001</ele>
        <time>2014-08-17T11:00:30Z</time>
        <extensions>
          <gpxtpx:TrackPointExtension>
            <gpxtpx:atemp>9.3</gpxtpx:atemp>
          </gpxtpx:TrackPointExtension>
          <gpxx:TrackPointExtension>
            <gpxx:Temperature>9.3</gpxx:Temperature>
          </gpxx:TrackPointExtension>
        </extensions>
      </trkpt>
      <trkpt lat="46.439468991011381" lon="13.656036285683513">
        <ele>2613</ele>
        <time>2014-08-17T11:00:35Z</time>
        <extensions>
          <gpxtpx:TrackPointExtension>
            <gpxtpx:atemp>9.3</gpxtpx:atemp>
          </gpxtpx:TrackPointExtension>
          <gpxx:TrackPointExtension>
            <gpxx:Temperature>9.3</gpxx:Temperature>
          </gpxx:TrackPointExtension>
        </extensions>
      </trkpt>
      <trkpt lat="46.43947770819068" lon="13.656088169664145">
        <ele>2611.5599999999999</ele>
        <time>2014-08-17T11:00:41Z</time>
        <extensions>
          <gpxtpx:TrackPointExtension>
            <gpxtpx:atemp>9.3</gpxtpx:atemp>
          </gpxtpx:TrackPointExtension>
          <gpxx:TrackPointExtension>
            <gpxx:Temperature>9.3</gpxx:Temperature>
          </gpxx:TrackPointExtension>
        </extensions>
      </trkpt>
      <trkpt lat="46.439496902748942" lon="13.656095881015062">
        <ele>2610.5999999999999</ele>
        <time>2014-08-17T11:00:43Z</time>
        <extensions>
          <gpxtpx:TrackPointExtension>
            <gpxtpx:atemp>9.3</gpxtpx:atemp>
          </gpxtpx:TrackPointExtension>
          <gpxx:TrackPointExtension>
            <gpxx:Temperature>9.3</gpxx:Temperature>
          </gpxx:TrackPointExtension>
        </extensions>
      </trkpt>
      <trkpt lat="46.439496818929911" lon="13.656138209626079">
        <ele>2610.1199999999999</ele>
        <time>2014-08-17T11:00:49Z</time>
        <extensions>
          <gpxtpx:TrackPointExtension>
            <gpxtpx:atemp>9.3</gpxtpx:atemp>
          </gpxtpx:TrackPointExtension>
          <gpxx:TrackPointExtension>
            <gpxx:Temperature>9.3</gpxx:Temperature>
          </gpxx:TrackPointExtension>
        </extensions>
      </trkpt>
      <trkpt lat="46.439480474218726" lon="13.656188752502203">
        <ele>2608.6700000000001</ele>
        <time>2014-08-17T11:00:55Z</time>
        <extensions>
          <gpxtpx:TrackPointExtension>
            <gpxtpx:atemp>9.3</gpxtpx:atemp>
          </gpxtpx:TrackPointExtension>
          <gpxx:TrackPointExtension>
            <gpxx:Temperature>9.3</gpxx:Temperature>
          </gpxx:TrackPointExtension>
        </extensions>
      </trkpt>
      <trkpt lat="46.439513079822063" lon="13.656217586249113">
        <ele>2608.1900000000001</ele>
        <time>2014-08-17T11:00:58Z</time>
        <extensions>
          <gpxtpx:TrackPointExtension>
            <gpxtpx:atemp>9.3</gpxtpx:atemp>
          </gpxtpx:TrackPointExtension>
          <gpxx:TrackPointExtension>
            <gpxx:Temperature>9.3</gpxx:Temperature>
          </gpxx:TrackPointExtension>
        </extensions>
      </trkpt>
      <trkpt lat="46.439562868326902" lon="13.656246084719896">
        <ele>2608.1900000000001</ele>
        <time>2014-08-17T11:01:04Z</time>
        <extensions>
          <gpxtpx:TrackPointExtension>
            <gpxtpx:atemp>9.3</gpxtpx:atemp>
          </gpxtpx:TrackPointExtension>
          <gpxx:TrackPointExtension>
            <gpxx:Temperature>9.3</gpxx:Temperature>
          </gpxx:TrackPointExtension>
        </extensions>
      </trkpt>
      <trkpt lat="46.439553229138255" lon="13.656313559040427">
        <ele>2607.71</ele>
        <time>2014-08-17T11:01:11Z</time>
        <extensions>
          <gpxtpx:TrackPointExtension>
            <gpxtpx:atemp>9.3</gpxtpx:atemp>
          </gpxtpx:TrackPointExtension>
          <gpxx:TrackPointExtension>
            <gpxx:Temperature>9.3</gpxx:Temperature>
          </gpxx:TrackPointExtension>
        </extensions>
      </trkpt>
      <trkpt lat="46.43956370651722" lon="13.656422020867467">
        <ele>2607.71</ele>
        <time>2014-08-17T11:01:19Z</time>
        <extensions>
          <gpxtpx:TrackPointExtension>
            <gpxtpx:atemp>9.3</gpxtpx:atemp>
          </gpxtpx:TrackPointExtension>
          <gpxx:TrackPointExtension>
            <gpxx:Temperature>9.3</gpxx:Temperature>
          </gpxx:TrackPointExtension>
        </extensions>
      </trkpt>
      <trkpt lat="46.439556917175651" lon="13.656453620642424">
        <ele>2607.23</ele>
        <time>2014-08-17T11:01:21Z</time>
        <extensions>
          <gpxtpx:TrackPointExtension>
            <gpxtpx:atemp>9.1</gpxtpx:atemp>
          </gpxtpx:TrackPointExtension>
          <gpxx:TrackPointExtension>
            <gpxx:Temperature>9.1</gpxx:Temperature>
          </gpxx:TrackPointExtension>
        </extensions>
      </trkpt>
      <trkpt lat="46.439537135884166" lon="13.656525537371635">
        <ele>2607.23</ele>
        <time>2014-08-17T11:01:27Z</time>
        <extensions>
          <gpxtpx:TrackPointExtension>
            <gpxtpx:atemp>9.1</gpxtpx:atemp>
          </gpxtpx:TrackPointExtension>
          <gpxx:TrackPointExtension>
            <gpxx:Temperature>9.1</gpxx:Temperature>
          </gpxx:TrackPointExtension>
        </extensions>
      </trkpt>
      <trkpt lat="46.43953294493258" lon="13.656627964228392">
        <ele>2608.1900000000001</ele>
        <time>2014-08-17T11:01:35Z</time>
        <extensions>
          <gpxtpx:TrackPointExtension>
            <gpxtpx:atemp>9.1</gpxtpx:atemp>
          </gpxtpx:TrackPointExtension>
          <gpxx:TrackPointExtension>
            <gpxx:Temperature>9.1</gpxx:Temperature>
          </gpxx:TrackPointExtension>
        </extensions>
      </trkpt>
      <trkpt lat="46.439521545544267" lon="13.656675321981311">
        <ele>2607.71</ele>
        <time>2014-08-17T11:01:42Z</time>
        <extensions>
          <gpxtpx:TrackPointExtension>
            <gpxtpx:atemp>9.1</gpxtpx:atemp>
          </gpxtpx:TrackPointExtension>
          <gpxx:TrackPointExtension>
            <gpxx:Temperature>9.1</gpxx:Temperature>
          </gpxx:TrackPointExtension>
        </extensions>
      </trkpt>
      <trkpt lat="46.439506877213717" lon="13.65670507773757">
        <ele>2606.75</ele>
        <time>2014-08-17T11:01:48Z</time>
        <extensions>
          <gpxtpx:TrackPointExtension>
            <gpxtpx:atemp>9.1</gpxtpx:atemp>
          </gpxtpx:TrackPointExtension>
          <gpxx:TrackPointExtension>
            <gpxx:Temperature>9.1</gpxx:Temperature>
          </gpxx:TrackPointExtension>
        </extensions>
      </trkpt>
      <trkpt lat="46.439498076215386" lon="13.656770875677466">
        <ele>2606.75</ele>
        <time>2014-08-17T11:01:55Z</time>
        <extensions>
          <gpxtpx:TrackPointExtension>
            <gpxtpx:atemp>9.1</gpxtpx:atemp>
          </gpxtpx:TrackPointExtension>
          <gpxx:TrackPointExtension>
            <gpxx:Temperature>9.1</gpxx:Temperature>
          </gpxx:TrackPointExtension>
        </extensions>
      </trkpt>
      <trkpt lat="46.439508972689509" lon="13.656812449917197">
        <ele>2606.27</ele>
        <time>2014-08-17T11:02:01Z</time>
        <extensions>
          <gpxtpx:TrackPointExtension>
            <gpxtpx:atemp>9.1</gpxtpx:atemp>
          </gpxtpx:TrackPointExtension>
          <gpxx:TrackPointExtension>
            <gpxx:Temperature>9.1</gpxx:Temperature>
          </gpxx:TrackPointExtension>
        </extensions>
      </trkpt>
      <trkpt lat="46.439531268551946" lon="13.65690247155726">
        <ele>2605.79</ele>
        <time>2014-08-17T11:02:07Z</time>
        <extensions>
          <gpxtpx:TrackPointExtension>
            <gpxtpx:atemp>9.1</gpxtpx:atemp>
          </gpxtpx:TrackPointExtension>
          <gpxx:TrackPointExtension>
            <gpxx:Temperature>9.1</gpxx:Temperature>
          </gpxx:TrackPointExtension>
        </extensions>
      </trkpt>
      <trkpt lat="46.439542332664132" lon="13.656985703855753">
        <ele>2605.3099999999999</ele>
        <time>2014-08-17T11:02:13Z</time>
        <extensions>
          <gpxtpx:TrackPointExtension>
            <gpxtpx:atemp>9.1</gpxtpx:atemp>
          </gpxtpx:TrackPointExtension>
          <gpxx:TrackPointExtension>
            <gpxx:Temperature>9.1</gpxx:Temperature>
          </gpxx:TrackPointExtension>
        </extensions>
      </trkpt>
      <trkpt lat="46.439540321007371" lon="13.657038426026702">
        <ele>2604.8299999999999</ele>
        <time>2014-08-17T11:02:20Z</time>
        <extensions>
          <gpxtpx:TrackPointExtension>
            <gpxtpx:atemp>9.1</gpxtpx:atemp>
          </gpxtpx:TrackPointExtension>
          <gpxx:TrackPointExtension>
            <gpxx:Temperature>9.1</gpxx:Temperature>
          </gpxx:TrackPointExtension>
        </extensions>
      </trkpt>
      <trkpt lat="46.439552390947938" lon="13.657135991379619">
        <ele>2603.3899999999999</ele>
        <time>2014-08-17T11:02:29Z</time>
        <extensions>
          <gpxtpx:TrackPointExtension>
            <gpxtpx:atemp>8.3</gpxtpx:atemp>
          </gpxtpx:TrackPointExtension>
          <gpxx:TrackPointExtension>
            <gpxx:Temperature>8.3</gpxx:Temperature>
          </gpxx:TrackPointExtension>
        </extensions>
      </trkpt>
      <trkpt lat="46.439547697082162" lon="13.657191060483456">
        <ele>2601.46</ele>
        <time>2014-08-17T11:02:36Z</time>
        <extensions>
          <gpxtpx:TrackPointExtension>
            <gpxtpx:atemp>8.3</gpxtpx:atemp>
          </gpxtpx:TrackPointExtension>
          <gpxx:TrackPointExtension>
            <gpxx:Temperature>8.3</gpxx:Temperature>
          </gpxx:TrackPointExtension>
        </extensions>
      </trkpt>
      <trkpt lat="46.43955934792757" lon="13.657248392701149">
        <ele>2600.5</ele>
        <time>2014-08-17T11:02:43Z</time>
        <extensions>
          <gpxtpx:TrackPointExtension>
            <gpxtpx:atemp>8.3</gpxtpx:atemp>
          </gpxtpx:TrackPointExtension>
          <gpxx:TrackPointExtension>
            <gpxx:Temperature>8.3</gpxx:Temperature>
          </gpxx:TrackPointExtension>
        </extensions>
      </trkpt>
      <trkpt lat="46.439560102298856" lon="13.657286530360579">
        <ele>2599.54</ele>
        <time>2014-08-17T11:02:47Z</time>
        <extensions>
          <gpxtpx:TrackPointExtension>
            <gpxtpx:atemp>8.3</gpxtpx:atemp>
          </gpxtpx:TrackPointExtension>
          <gpxx:TrackPointExtension>
            <gpxx:Temperature>8.3</gpxx:Temperature>
          </gpxx:TrackPointExtension>
        </extensions>
      </trkpt>
      <trkpt lat="46.439572675153613" lon="13.657335648313165">
        <ele>2599.0599999999999</ele>
        <time>2014-08-17T11:02:50Z</time>
        <extensions>
          <gpxtpx:TrackPointExtension>
            <gpxtpx:atemp>8.3</gpxtpx:atemp>
          </gpxtpx:TrackPointExtension>
          <gpxx:TrackPointExtension>
            <gpxx:Temperature>8.3</gpxx:Temperature>
          </gpxx:TrackPointExtension>
        </extensions>
      </trkpt>
      <trkpt lat="46.439572256058455" lon="13.657452072948217">
        <ele>2598.5799999999999</ele>
        <time>2014-08-17T11:02:58Z</time>
        <extensions>
          <gpxtpx:TrackPointExtension>
            <gpxtpx:atemp>8.3</gpxtpx:atemp>
          </gpxtpx:TrackPointExtension>
          <gpxx:TrackPointExtension>
            <gpxx:Temperature>8.3</gpxx:Temperature>
          </gpxx:TrackPointExtension>
        </extensions>
      </trkpt>
      <trkpt lat="46.439574519172311" lon="13.657501609995961">
        <ele>2598.5799999999999</ele>
        <time>2014-08-17T11:03:02Z</time>
        <extensions>
          <gpxtpx:TrackPointExtension>
            <gpxtpx:atemp>8.3</gpxtpx:atemp>
          </gpxtpx:TrackPointExtension>
          <gpxx:TrackPointExtension>
            <gpxx:Temperature>8.3</gpxx:Temperature>
          </gpxx:TrackPointExtension>
        </extensions>
      </trkpt>
      <trkpt lat="46.439612908288836" lon="13.65758316591382">
        <ele>2597.6199999999999</ele>
        <time>2014-08-17T11:03:09Z</time>
        <extensions>
          <gpxtpx:TrackPointExtension>
            <gpxtpx:atemp>8.3</gpxtpx:atemp>
          </gpxtpx:TrackPointExtension>
          <gpxx:TrackPointExtension>
            <gpxx:Temperature>8.3</gpxx:Temperature>
          </gpxx:TrackPointExtension>
        </extensions>
      </trkpt>
      <trkpt lat="46.439646687358618" lon="13.657649382948875">
        <ele>2596.1799999999998</ele>
        <time>2014-08-17T11:03:17Z</time>
        <extensions>
          <gpxtpx:TrackPointExtension>
            <gpxtpx:atemp>8.3</gpxtpx:atemp>
          </gpxtpx:TrackPointExtension>
          <gpxx:TrackPointExtension>
            <gpxx:Temperature>8.3</gpxx:Temperature>
          </gpxx:TrackPointExtension>
        </extensions>
      </trkpt>
      <trkpt lat="46.439594971016049" lon="13.6576774623245">
        <ele>2594.7399999999998</ele>
        <time>2014-08-17T11:03:33Z</time>
        <extensions>
          <gpxtpx:TrackPointExtension>
            <gpxtpx:atemp>6.8</gpxtpx:atemp>
          </gpxtpx:TrackPointExtension>
          <gpxx:TrackPointExtension>
            <gpxx:Temperature>6.8</gpxx:Temperature>
          </gpxx:TrackPointExtension>
        </extensions>
      </trkpt>
      <trkpt lat="46.439577955752611" lon="13.657711492851377">
        <ele>2594.25</ele>
        <time>2014-08-17T11:03:41Z</time>
        <extensions>
          <gpxtpx:TrackPointExtension>
            <gpxtpx:atemp>6.8</gpxtpx:atemp>
          </gpxtpx:TrackPointExtension>
          <gpxx:TrackPointExtension>
            <gpxx:Temperature>6.8</gpxx:Temperature>
          </gpxx:TrackPointExtension>
        </extensions>
      </trkpt>
      <trkpt lat="46.439600167796016" lon="13.65779765881598">
        <ele>2591.8499999999999</ele>
        <time>2014-08-17T11:03:53Z</time>
        <extensions>
          <gpxtpx:TrackPointExtension>
            <gpxtpx:atemp>6.8</gpxtpx:atemp>
          </gpxtpx:TrackPointExtension>
          <gpxx:TrackPointExtension>
            <gpxx:Temperature>6.8</gpxx:Temperature>
          </gpxx:TrackPointExtension>
        </extensions>
      </trkpt>
      <trkpt lat="46.439619027078152" lon="13.657849794253707">
        <ele>2590.4099999999999</ele>
        <time>2014-08-17T11:03:57Z</time>
        <extensions>
          <gpxtpx:TrackPointExtension>
            <gpxtpx:atemp>6.8</gpxtpx:atemp>
          </gpxtpx:TrackPointExtension>
          <gpxx:TrackPointExtension>
            <gpxx:Temperature>6.8</gpxx:Temperature>
          </gpxx:TrackPointExtension>
        </extensions>
      </trkpt>
      <trkpt lat="46.439663534983993" lon="13.657890949398279">
        <ele>2588.4899999999998</ele>
        <time>2014-08-17T11:04:03Z</time>
        <extensions>
          <gpxtpx:TrackPointExtension>
            <gpxtpx:atemp>6.8</gpxtpx:atemp>
          </gpxtpx:TrackPointExtension>
          <gpxx:TrackPointExtension>
            <gpxx:Temperature>6.8</gpxx:Temperature>
          </gpxx:TrackPointExtension>
        </extensions>
      </trkpt>
      <trkpt lat="46.439676862210035" lon="13.657931014895439">
        <ele>2587.5300000000002</ele>
        <time>2014-08-17T11:04:09Z</time>
        <extensions>
          <gpxtpx:TrackPointExtension>
            <gpxtpx:atemp>6.8</gpxtpx:atemp>
          </gpxtpx:TrackPointExtension>
          <gpxx:TrackPointExtension>
            <gpxx:Temperature>6.8</gpxx:Temperature>
          </gpxx:TrackPointExtension>
        </extensions>
      </trkpt>
      <trkpt lat="46.439686417579651" lon="13.657967140898108">
        <ele>2586.5599999999999</ele>
        <time>2014-08-17T11:04:17Z</time>
        <extensions>
          <gpxtpx:TrackPointExtension>
            <gpxtpx:atemp>6.8</gpxtpx:atemp>
          </gpxtpx:TrackPointExtension>
          <gpxx:TrackPointExtension>
            <gpxx:Temperature>6.8</gpxx:Temperature>
          </gpxx:TrackPointExtension>
        </extensions>
      </trkpt>
      <trkpt lat="46.439677448943257" lon="13.657986419275403">
        <ele>2586.0799999999999</ele>
        <time>2014-08-17T11:04:24Z</time>
        <extensions>
          <gpxtpx:TrackPointExtension>
            <gpxtpx:atemp>7.1</gpxtpx:atemp>
          </gpxtpx:TrackPointExtension>
          <gpxx:TrackPointExtension>
            <gpxx:Temperature>7.1</gpxx:Temperature>
          </gpxx:TrackPointExtension>
        </extensions>
      </trkpt>
      <trkpt lat="46.439695302397013" lon="13.658030088990927">
        <ele>2584.6399999999999</ele>
        <time>2014-08-17T11:04:31Z</time>
        <extensions>
          <gpxtpx:TrackPointExtension>
            <gpxtpx:atemp>7.1</gpxtpx:atemp>
          </gpxtpx:TrackPointExtension>
          <gpxx:TrackPointExtension>
            <gpxx:Temperature>7.1</gpxx:Temperature>
          </gpxx:TrackPointExtension>
        </extensions>
      </trkpt>
      <trkpt lat="46.439715083688498" lon="13.658060599118471">
        <ele>2582.7199999999998</ele>
        <time>2014-08-17T11:04:40Z</time>
        <extensions>
          <gpxtpx:TrackPointExtension>
            <gpxtpx:atemp>7.1</gpxtpx:atemp>
          </gpxtpx:TrackPointExtension>
          <gpxx:TrackPointExtension>
            <gpxx:Temperature>7.1</gpxx:Temperature>
          </gpxx:TrackPointExtension>
        </extensions>
      </trkpt>
      <trkpt lat="46.43972790800035" lon="13.658074764534831">
        <ele>2582.2399999999998</ele>
        <time>2014-08-17T11:04:52Z</time>
        <extensions>
          <gpxtpx:TrackPointExtension>
            <gpxtpx:atemp>7.1</gpxtpx:atemp>
          </gpxtpx:TrackPointExtension>
          <gpxx:TrackPointExtension>
            <gpxx:Temperature>7.1</gpxx:Temperature>
          </gpxx:TrackPointExtension>
        </extensions>
      </trkpt>
      <trkpt lat="46.439732937142253" lon="13.658107202500105">
        <ele>2581.2800000000002</ele>
        <time>2014-08-17T11:04:57Z</time>
        <extensions>
          <gpxtpx:TrackPointExtension>
            <gpxtpx:atemp>7.1</gpxtpx:atemp>
          </gpxtpx:TrackPointExtension>
          <gpxx:TrackPointExtension>
            <gpxx:Temperature>7.1</gpxx:Temperature>
          </gpxx:TrackPointExtension>
        </extensions>
      </trkpt>
      <trkpt lat="46.439752886071801" lon="13.658128995448351">
        <ele>2579.8400000000001</ele>
        <time>2014-08-17T11:05:02Z</time>
        <extensions>
          <gpxtpx:TrackPointExtension>
            <gpxtpx:atemp>7.1</gpxtpx:atemp>
          </gpxtpx:TrackPointExtension>
          <gpxx:TrackPointExtension>
            <gpxx:Temperature>7.1</gpxx:Temperature>
          </gpxx:TrackPointExtension>
        </extensions>
      </trkpt>
      <trkpt lat="46.439785240218043" lon="13.658165372908115">
        <ele>2577.4299999999998</ele>
        <time>2014-08-17T11:05:13Z</time>
        <extensions>
          <gpxtpx:TrackPointExtension>
            <gpxtpx:atemp>7.1</gpxtpx:atemp>
          </gpxtpx:TrackPointExtension>
          <gpxx:TrackPointExtension>
            <gpxx:Temperature>7.1</gpxx:Temperature>
          </gpxx:TrackPointExtension>
        </extensions>
      </trkpt>
      <trkpt lat="46.439772080630064" lon="13.658210719004273">
        <ele>2575.9899999999998</ele>
        <time>2014-08-17T11:05:19Z</time>
        <extensions>
          <gpxtpx:TrackPointExtension>
            <gpxtpx:atemp>7.1</gpxtpx:atemp>
          </gpxtpx:TrackPointExtension>
          <gpxx:TrackPointExtension>
            <gpxx:Temperature>7.1</gpxx:Temperature>
          </gpxx:TrackPointExtension>
        </extensions>
      </trkpt>
      <trkpt lat="46.43979144282639" lon="13.658224130049348">
        <ele>2575.0300000000002</ele>
        <time>2014-08-17T11:05:26Z</time>
        <extensions>
          <gpxtpx:TrackPointExtension>
            <gpxtpx:atemp>6.9</gpxtpx:atemp>
          </gpxtpx:TrackPointExtension>
          <gpxx:TrackPointExtension>
            <gpxx:Temperature>6.9</gpxx:Temperature>
          </gpxx:TrackPointExtension>
        </extensions>
      </trkpt>
      <trkpt lat="46.439806530252099" lon="13.658241145312786">
        <ele>2574.5500000000002</ele>
        <time>2014-08-17T11:05:35Z</time>
        <extensions>
          <gpxtpx:TrackPointExtension>
            <gpxtpx:atemp>6.9</gpxtpx:atemp>
          </gpxtpx:TrackPointExtension>
          <gpxx:TrackPointExtension>
            <gpxx:Temperature>6.9</gpxx:Temperature>
          </gpxx:TrackPointExtension>
        </extensions>
      </trkpt>
      <trkpt lat="46.439829664304852" lon="13.658251203596592">
        <ele>2573.1100000000001</ele>
        <time>2014-08-17T11:05:38Z</time>
        <extensions>
          <gpxtpx:TrackPointExtension>
            <gpxtpx:atemp>6.9</gpxtpx:atemp>
          </gpxtpx:TrackPointExtension>
          <gpxx:TrackPointExtension>
            <gpxx:Temperature>6.9</gpxx:Temperature>
          </gpxx:TrackPointExtension>
        </extensions>
      </trkpt>
      <trkpt lat="46.439814325422049" lon="13.658292023465037">
        <ele>2571.1799999999998</ele>
        <time>2014-08-17T11:05:46Z</time>
        <extensions>
          <gpxtpx:TrackPointExtension>
            <gpxtpx:atemp>6.9</gpxtpx:atemp>
          </gpxtpx:TrackPointExtension>
          <gpxx:TrackPointExtension>
            <gpxx:Temperature>6.9</gpxx:Temperature>
          </gpxx:TrackPointExtension>
        </extensions>
      </trkpt>
      <trkpt lat="46.439870651811361" lon="13.65832781419158">
        <ele>2567.8200000000002</ele>
        <time>2014-08-17T11:05:57Z</time>
        <extensions>
          <gpxtpx:TrackPointExtension>
            <gpxtpx:atemp>6.9</gpxtpx:atemp>
          </gpxtpx:TrackPointExtension>
          <gpxx:TrackPointExtension>
            <gpxx:Temperature>6.9</gpxx:Temperature>
          </gpxx:TrackPointExtension>
        </extensions>
      </trkpt>
      <trkpt lat="46.439862437546253" lon="13.658372992649674">
        <ele>2566.8600000000001</ele>
        <time>2014-08-17T11:06:19Z</time>
        <extensions>
          <gpxtpx:TrackPointExtension>
            <gpxtpx:atemp>6.9</gpxtpx:atemp>
          </gpxtpx:TrackPointExtension>
          <gpxx:TrackPointExtension>
            <gpxx:Temperature>6.9</gpxx:Temperature>
          </gpxx:TrackPointExtension>
        </extensions>
      </trkpt>
      <trkpt lat="46.439858833327889" lon="13.65839185193181">
        <ele>2565.4200000000001</ele>
        <time>2014-08-17T11:06:24Z</time>
        <extensions>
          <gpxtpx:TrackPointExtension>
            <gpxtpx:atemp>8.4</gpxtpx:atemp>
          </gpxtpx:TrackPointExtension>
          <gpxx:TrackPointExtension>
            <gpxx:Temperature>8.4</gpxx:Temperature>
          </gpxx:TrackPointExtension>
        </extensions>
      </trkpt>
      <trkpt lat="46.439854642376304" lon="13.658431330695748">
        <ele>2563.9699999999998</ele>
        <time>2014-08-17T11:06:39Z</time>
        <extensions>
          <gpxtpx:TrackPointExtension>
            <gpxtpx:atemp>8.4</gpxtpx:atemp>
          </gpxtpx:TrackPointExtension>
          <gpxx:TrackPointExtension>
            <gpxx:Temperature>8.4</gpxx:Temperature>
          </gpxx:TrackPointExtension>
        </extensions>
      </trkpt>
      <trkpt lat="46.439838716760278" lon="13.658440550789237">
        <ele>2562.5300000000002</ele>
        <time>2014-08-17T11:06:45Z</time>
        <extensions>
          <gpxtpx:TrackPointExtension>
            <gpxtpx:atemp>8.4</gpxtpx:atemp>
          </gpxtpx:TrackPointExtension>
          <gpxx:TrackPointExtension>
            <gpxx:Temperature>8.4</gpxx:Temperature>
          </gpxx:TrackPointExtension>
        </extensions>
      </trkpt>
      <trkpt lat="46.439838968217373" lon="13.658464774489403">
        <ele>2561.0900000000001</ele>
        <time>2014-08-17T11:06:51Z</time>
        <extensions>
          <gpxtpx:TrackPointExtension>
            <gpxtpx:atemp>8.4</gpxtpx:atemp>
          </gpxtpx:TrackPointExtension>
          <gpxx:TrackPointExtension>
            <gpxx:Temperature>8.4</gpxx:Temperature>
          </gpxx:TrackPointExtension>
        </extensions>
      </trkpt>
      <trkpt lat="46.439805356785655" lon="13.658492518588901">
        <ele>2560.1300000000001</ele>
        <time>2014-08-17T11:06:57Z</time>
        <extensions>
          <gpxtpx:TrackPointExtension>
            <gpxtpx:atemp>8.4</gpxtpx:atemp>
          </gpxtpx:TrackPointExtension>
          <gpxx:TrackPointExtension>
            <gpxx:Temperature>8.4</gpxx:Temperature>
          </gpxx:TrackPointExtension>
        </extensions>
      </trkpt>
      <trkpt lat="46.439771074801683" lon="13.65849687717855">
        <ele>2558.21</ele>
        <time>2014-08-17T11:07:02Z</time>
        <extensions>
          <gpxtpx:TrackPointExtension>
            <gpxtpx:atemp>8.4</gpxtpx:atemp>
          </gpxtpx:TrackPointExtension>
          <gpxx:TrackPointExtension>
            <gpxx:Temperature>8.4</gpxx:Temperature>
          </gpxx:TrackPointExtension>
        </extensions>
      </trkpt>
      <trkpt lat="46.439735032618046" lon="13.658517077565193">
        <ele>2555.3200000000002</ele>
        <time>2014-08-17T11:07:11Z</time>
        <extensions>
          <gpxtpx:TrackPointExtension>
            <gpxtpx:atemp>8.4</gpxtpx:atemp>
          </gpxtpx:TrackPointExtension>
          <gpxx:TrackPointExtension>
            <gpxx:Temperature>8.4</gpxx:Temperature>
          </gpxx:TrackPointExtension>
        </extensions>
      </trkpt>
      <trkpt lat="46.439717849716544" lon="13.658544234931469">
        <ele>2553.8800000000001</ele>
        <time>2014-08-17T11:07:16Z</time>
        <extensions>
          <gpxtpx:TrackPointExtension>
            <gpxtpx:atemp>8.4</gpxtpx:atemp>
          </gpxtpx:TrackPointExtension>
          <gpxx:TrackPointExtension>
            <gpxx:Temperature>8.4</gpxx:Temperature>
          </gpxx:TrackPointExtension>
        </extensions>
      </trkpt>
      <trkpt lat="46.439756993204355" lon="13.658596873283386">
        <ele>2552.4400000000001</ele>
        <time>2014-08-17T11:07:24Z</time>
        <extensions>
          <gpxtpx:TrackPointExtension>
            <gpxtpx:atemp>9.4</gpxtpx:atemp>
          </gpxtpx:TrackPointExtension>
          <gpxx:TrackPointExtension>
            <gpxx:Temperature>9.4</gpxx:Temperature>
          </gpxx:TrackPointExtension>
        </extensions>
      </trkpt>
      <trkpt lat="46.439751293510199" lon="13.658635094761848">
        <ele>2550.0300000000002</ele>
        <time>2014-08-17T11:07:34Z</time>
        <extensions>
          <gpxtpx:TrackPointExtension>
            <gpxtpx:atemp>9.4</gpxtpx:atemp>
          </gpxtpx:TrackPointExtension>
          <gpxx:TrackPointExtension>
            <gpxx:Temperature>9.4</gpxx:Temperature>
          </gpxx:TrackPointExtension>
        </extensions>
      </trkpt>
      <trkpt lat="46.439746180549264" lon="13.658659318462014">
        <ele>2547.6300000000001</ele>
        <time>2014-08-17T11:07:54Z</time>
        <extensions>
          <gpxtpx:TrackPointExtension>
            <gpxtpx:atemp>9.4</gpxtpx:atemp>
          </gpxtpx:TrackPointExtension>
          <gpxx:TrackPointExtension>
            <gpxx:Temperature>9.4</gpxx:Temperature>
          </gpxx:TrackPointExtension>
        </extensions>
      </trkpt>
      <trkpt lat="46.439728830009699" lon="13.658674573525786">
        <ele>2547.1500000000001</ele>
        <time>2014-08-17T11:07:59Z</time>
        <extensions>
          <gpxtpx:TrackPointExtension>
            <gpxtpx:atemp>9.4</gpxtpx:atemp>
          </gpxtpx:TrackPointExtension>
          <gpxx:TrackPointExtension>
            <gpxx:Temperature>9.4</gpxx:Temperature>
          </gpxx:TrackPointExtension>
        </extensions>
      </trkpt>
      <trkpt lat="46.439729165285826" lon="13.658710280433297">
        <ele>2545.71</ele>
        <time>2014-08-17T11:08:05Z</time>
        <extensions>
          <gpxtpx:TrackPointExtension>
            <gpxtpx:atemp>9.4</gpxtpx:atemp>
          </gpxtpx:TrackPointExtension>
          <gpxx:TrackPointExtension>
            <gpxx:Temperature>9.4</gpxx:Temperature>
          </gpxx:TrackPointExtension>
        </extensions>
      </trkpt>
      <trkpt lat="46.439705193042755" lon="13.658725954592228">
        <ele>2544.27</ele>
        <time>2014-08-17T11:08:11Z</time>
        <extensions>
          <gpxtpx:TrackPointExtension>
            <gpxtpx:atemp>9.4</gpxtpx:atemp>
          </gpxtpx:TrackPointExtension>
          <gpxx:TrackPointExtension>
            <gpxx:Temperature>9.4</gpxx:Temperature>
          </gpxx:TrackPointExtension>
        </extensions>
      </trkpt>
      <trkpt lat="46.439695972949266" lon="13.658745735883713">
        <ele>2542.3400000000001</ele>
        <time>2014-08-17T11:08:19Z</time>
        <extensions>
          <gpxtpx:TrackPointExtension>
            <gpxtpx:atemp>9.4</gpxtpx:atemp>
          </gpxtpx:TrackPointExtension>
          <gpxx:TrackPointExtension>
            <gpxx:Temperature>9.4</gpxx:Temperature>
          </gpxx:TrackPointExtension>
        </extensions>
      </trkpt>
      <trkpt lat="46.439695553854108" lon="13.658782951533794">
        <ele>2540.9000000000001</ele>
        <time>2014-08-17T11:08:28Z</time>
        <extensions>
          <gpxtpx:TrackPointExtension>
            <gpxtpx:atemp>9.1</gpxtpx:atemp>
          </gpxtpx:TrackPointExtension>
          <gpxx:TrackPointExtension>
            <gpxx:Temperature>9.1</gpxx:Temperature>
          </gpxx:TrackPointExtension>
        </extensions>
      </trkpt>
      <trkpt lat="46.439703516662121" lon="13.658832488581538">
        <ele>2539.46</ele>
        <time>2014-08-17T11:08:37Z</time>
        <extensions>
          <gpxtpx:TrackPointExtension>
            <gpxtpx:atemp>9.1</gpxtpx:atemp>
          </gpxtpx:TrackPointExtension>
          <gpxx:TrackPointExtension>
            <gpxx:Temperature>9.1</gpxx:Temperature>
          </gpxx:TrackPointExtension>
        </extensions>
      </trkpt>
      <trkpt lat="46.439714077860117" lon="13.658860484138131">
        <ele>2538.5</ele>
        <time>2014-08-17T11:08:44Z</time>
        <extensions>
          <gpxtpx:TrackPointExtension>
            <gpxtpx:atemp>9.1</gpxtpx:atemp>
          </gpxtpx:TrackPointExtension>
          <gpxx:TrackPointExtension>
            <gpxx:Temperature>9.1</gpxx:Temperature>
          </gpxx:TrackPointExtension>
        </extensions>
      </trkpt>
      <trkpt lat="46.439738888293505" lon="13.658892251551151">
        <ele>2535.6100000000001</ele>
        <time>2014-08-17T11:08:59Z</time>
        <extensions>
          <gpxtpx:TrackPointExtension>
            <gpxtpx:atemp>9.1</gpxtpx:atemp>
          </gpxtpx:TrackPointExtension>
          <gpxx:TrackPointExtension>
            <gpxx:Temperature>9.1</gpxx:Temperature>
          </gpxx:TrackPointExtension>
        </extensions>
      </trkpt>
      <trkpt lat="46.439740061759949" lon="13.658916559070349">
        <ele>2535.1300000000001</ele>
        <time>2014-08-17T11:09:06Z</time>
        <extensions>
          <gpxtpx:TrackPointExtension>
            <gpxtpx:atemp>9.1</gpxtpx:atemp>
          </gpxtpx:TrackPointExtension>
          <gpxx:TrackPointExtension>
            <gpxx:Temperature>9.1</gpxx:Temperature>
          </gpxx:TrackPointExtension>
        </extensions>
      </trkpt>
      <trkpt lat="46.43975573591888" lon="13.65893860347569">
        <ele>2533.6900000000001</ele>
        <time>2014-08-17T11:09:12Z</time>
        <extensions>
          <gpxtpx:TrackPointExtension>
            <gpxtpx:atemp>9.1</gpxtpx:atemp>
          </gpxtpx:TrackPointExtension>
          <gpxx:TrackPointExtension>
            <gpxx:Temperature>9.1</gpxx:Temperature>
          </gpxx:TrackPointExtension>
        </extensions>
      </trkpt>
      <trkpt lat="46.43980267457664" lon="13.658963078632951">
        <ele>2531.77</ele>
        <time>2014-08-17T11:09:20Z</time>
        <extensions>
          <gpxtpx:TrackPointExtension>
            <gpxtpx:atemp>9.1</gpxtpx:atemp>
          </gpxtpx:TrackPointExtension>
          <gpxx:TrackPointExtension>
            <gpxx:Temperature>9.1</gpxx:Temperature>
          </gpxx:TrackPointExtension>
        </extensions>
      </trkpt>
      <trkpt lat="46.439850199967623" lon="13.658943464979529">
        <ele>2530.3299999999999</ele>
        <time>2014-08-17T11:09:28Z</time>
        <extensions>
          <gpxtpx:TrackPointExtension>
            <gpxtpx:atemp>8.9</gpxtpx:atemp>
          </gpxtpx:TrackPointExtension>
          <gpxx:TrackPointExtension>
            <gpxx:Temperature>8.9</gpxx:Temperature>
          </gpxx:TrackPointExtension>
        </extensions>
      </trkpt>
      <trkpt lat="46.439882637932897" lon="13.658960983157158">
        <ele>2529.3699999999999</ele>
        <time>2014-08-17T11:09:34Z</time>
        <extensions>
          <gpxtpx:TrackPointExtension>
            <gpxtpx:atemp>8.9</gpxtpx:atemp>
          </gpxtpx:TrackPointExtension>
          <gpxx:TrackPointExtension>
            <gpxx:Temperature>8.9</gpxx:Temperature>
          </gpxx:TrackPointExtension>
        </extensions>
      </trkpt>
      <trkpt lat="46.439907783642411" lon="13.658990068361163">
        <ele>2527.9200000000001</ele>
        <time>2014-08-17T11:09:39Z</time>
        <extensions>
          <gpxtpx:TrackPointExtension>
            <gpxtpx:atemp>8.9</gpxtpx:atemp>
          </gpxtpx:TrackPointExtension>
          <gpxx:TrackPointExtension>
            <gpxx:Temperature>8.9</gpxx:Temperature>
          </gpxx:TrackPointExtension>
        </extensions>
      </trkpt>
      <trkpt lat="46.439920775592327" lon="13.659031558781862">
        <ele>2526.48</ele>
        <time>2014-08-17T11:09:46Z</time>
        <extensions>
          <gpxtpx:TrackPointExtension>
            <gpxtpx:atemp>8.9</gpxtpx:atemp>
          </gpxtpx:TrackPointExtension>
          <gpxx:TrackPointExtension>
            <gpxx:Temperature>8.9</gpxx:Temperature>
          </gpxx:TrackPointExtension>
        </extensions>
      </trkpt>
      <trkpt lat="46.439940221607685" lon="13.65907983854413">
        <ele>2525.52</ele>
        <time>2014-08-17T11:10:13Z</time>
        <extensions>
          <gpxtpx:TrackPointExtension>
            <gpxtpx:atemp>8.9</gpxtpx:atemp>
          </gpxtpx:TrackPointExtension>
          <gpxx:TrackPointExtension>
            <gpxx:Temperature>8.9</gpxx:Temperature>
          </gpxx:TrackPointExtension>
        </extensions>
      </trkpt>
      <trkpt lat="46.439962768927217" lon="13.659083610400558">
        <ele>2524.5599999999999</ele>
        <time>2014-08-17T11:10:34Z</time>
        <extensions>
          <gpxtpx:TrackPointExtension>
            <gpxtpx:atemp>8.7</gpxtpx:atemp>
          </gpxtpx:TrackPointExtension>
          <gpxx:TrackPointExtension>
            <gpxx:Temperature>8.7</gpxx:Temperature>
          </gpxx:TrackPointExtension>
        </extensions>
      </trkpt>
      <trkpt lat="46.43999713473022" lon="13.659074977040291">
        <ele>2522.1599999999999</ele>
        <time>2014-08-17T11:10:42Z</time>
        <extensions>
          <gpxtpx:TrackPointExtension>
            <gpxtpx:atemp>8.7</gpxtpx:atemp>
          </gpxtpx:TrackPointExtension>
          <gpxx:TrackPointExtension>
            <gpxx:Temperature>8.7</gpxx:Temperature>
          </gpxx:TrackPointExtension>
        </extensions>
      </trkpt>
      <trkpt lat="46.440024208277464" lon="13.65907053463161">
        <ele>2521.1900000000001</ele>
        <time>2014-08-17T11:10:49Z</time>
        <extensions>
          <gpxtpx:TrackPointExtension>
            <gpxtpx:atemp>8.7</gpxtpx:atemp>
          </gpxtpx:TrackPointExtension>
          <gpxx:TrackPointExtension>
            <gpxx:Temperature>8.7</gpxx:Temperature>
          </gpxx:TrackPointExtension>
        </extensions>
      </trkpt>
      <trkpt lat="46.440075421705842" lon="13.659066008403897">
        <ele>2517.8299999999999</ele>
        <time>2014-08-17T11:11:10Z</time>
        <extensions>
          <gpxtpx:TrackPointExtension>
            <gpxtpx:atemp>8.7</gpxtpx:atemp>
          </gpxtpx:TrackPointExtension>
          <gpxx:TrackPointExtension>
            <gpxx:Temperature>8.7</gpxx:Temperature>
          </gpxx:TrackPointExtension>
        </extensions>
      </trkpt>
      <trkpt lat="46.440093442797661" lon="13.659067852422595">
        <ele>2518.79</ele>
        <time>2014-08-17T11:11:19Z</time>
        <extensions>
          <gpxtpx:TrackPointExtension>
            <gpxtpx:atemp>8.7</gpxtpx:atemp>
          </gpxtpx:TrackPointExtension>
          <gpxx:TrackPointExtension>
            <gpxx:Temperature>8.7</gpxx:Temperature>
          </gpxx:TrackPointExtension>
        </extensions>
      </trkpt>
      <trkpt lat="46.440120600163937" lon="13.659069361165166">
        <ele>2517.8299999999999</ele>
        <time>2014-08-17T11:11:35Z</time>
        <extensions>
          <gpxtpx:TrackPointExtension>
            <gpxtpx:atemp>8.9</gpxtpx:atemp>
          </gpxtpx:TrackPointExtension>
          <gpxx:TrackPointExtension>
            <gpxx:Temperature>8.9</gpxx:Temperature>
          </gpxx:TrackPointExtension>
        </extensions>
      </trkpt>
      <trkpt lat="46.440139878541231" lon="13.659082185477018">
        <ele>2516.8699999999999</ele>
        <time>2014-08-17T11:11:44Z</time>
        <extensions>
          <gpxtpx:TrackPointExtension>
            <gpxtpx:atemp>8.9</gpxtpx:atemp>
          </gpxtpx:TrackPointExtension>
          <gpxx:TrackPointExtension>
            <gpxx:Temperature>8.9</gpxx:Temperature>
          </gpxx:TrackPointExtension>
        </extensions>
      </trkpt>
      <trkpt lat="46.440159240737557" lon="13.65907589904964">
        <ele>2515.4299999999998</ele>
        <time>2014-08-17T11:11:59Z</time>
        <extensions>
          <gpxtpx:TrackPointExtension>
            <gpxtpx:atemp>8.9</gpxtpx:atemp>
          </gpxtpx:TrackPointExtension>
          <gpxx:TrackPointExtension>
            <gpxx:Temperature>8.9</gpxx:Temperature>
          </gpxx:TrackPointExtension>
        </extensions>
      </trkpt>
      <trkpt lat="46.440177513286471" lon="13.659066846594214">
        <ele>2514.9499999999998</ele>
        <time>2014-08-17T11:12:04Z</time>
        <extensions>
          <gpxtpx:TrackPointExtension>
            <gpxtpx:atemp>8.9</gpxtpx:atemp>
          </gpxtpx:TrackPointExtension>
          <gpxx:TrackPointExtension>
            <gpxx:Temperature>8.9</gpxx:Temperature>
          </gpxx:TrackPointExtension>
        </extensions>
      </trkpt>
      <trkpt lat="46.440224116668105" lon="13.659043377265334">
        <ele>2513.5</ele>
        <time>2014-08-17T11:12:13Z</time>
        <extensions>
          <gpxtpx:TrackPointExtension>
            <gpxtpx:atemp>8.9</gpxtpx:atemp>
          </gpxtpx:TrackPointExtension>
          <gpxx:TrackPointExtension>
            <gpxx:Temperature>8.9</gpxx:Temperature>
          </gpxx:TrackPointExtension>
        </extensions>
      </trkpt>
      <trkpt lat="46.440260410308838" lon="13.659052010625601">
        <ele>2512.54</ele>
        <time>2014-08-17T11:12:19Z</time>
        <extensions>
          <gpxtpx:TrackPointExtension>
            <gpxtpx:atemp>8.9</gpxtpx:atemp>
          </gpxtpx:TrackPointExtension>
          <gpxx:TrackPointExtension>
            <gpxx:Temperature>8.9</gpxx:Temperature>
          </gpxx:TrackPointExtension>
        </extensions>
      </trkpt>
      <trkpt lat="46.440300643444061" lon="13.659071875736117">
        <ele>2510.6199999999999</ele>
        <time>2014-08-17T11:12:26Z</time>
        <extensions>
          <gpxtpx:TrackPointExtension>
            <gpxtpx:atemp>9</gpxtpx:atemp>
          </gpxtpx:TrackPointExtension>
          <gpxx:TrackPointExtension>
            <gpxx:Temperature>9</gpxx:Temperature>
          </gpxx:TrackPointExtension>
        </extensions>
      </trkpt>
      <trkpt lat="46.440343642607331" lon="13.659117221832275">
        <ele>2508.2199999999998</ele>
        <time>2014-08-17T11:12:36Z</time>
        <extensions>
          <gpxtpx:TrackPointExtension>
            <gpxtpx:atemp>9</gpxtpx:atemp>
          </gpxtpx:TrackPointExtension>
          <gpxx:TrackPointExtension>
            <gpxx:Temperature>9</gpxx:Temperature>
          </gpxx:TrackPointExtension>
        </extensions>
      </trkpt>
      <trkpt lat="46.440375661477447" lon="13.659114874899387">
        <ele>2506.77</ele>
        <time>2014-08-17T11:12:42Z</time>
        <extensions>
          <gpxtpx:TrackPointExtension>
            <gpxtpx:atemp>9</gpxtpx:atemp>
          </gpxtpx:TrackPointExtension>
          <gpxx:TrackPointExtension>
            <gpxx:Temperature>9</gpxx:Temperature>
          </gpxx:TrackPointExtension>
        </extensions>
      </trkpt>
      <trkpt lat="46.440397705882788" lon="13.659128788858652">
        <ele>2505.8099999999999</ele>
        <time>2014-08-17T11:12:48Z</time>
        <extensions>
          <gpxtpx:TrackPointExtension>
            <gpxtpx:atemp>9</gpxtpx:atemp>
          </gpxtpx:TrackPointExtension>
          <gpxx:TrackPointExtension>
            <gpxx:Temperature>9</gpxx:Temperature>
          </gpxx:TrackPointExtension>
        </extensions>
      </trkpt>
      <trkpt lat="46.440425366163254" lon="13.659130213782191">
        <ele>2503.8899999999999</ele>
        <time>2014-08-17T11:12:54Z</time>
        <extensions>
          <gpxtpx:TrackPointExtension>
            <gpxtpx:atemp>9</gpxtpx:atemp>
          </gpxtpx:TrackPointExtension>
          <gpxx:TrackPointExtension>
            <gpxx:Temperature>9</gpxx:Temperature>
          </gpxx:TrackPointExtension>
        </extensions>
      </trkpt>
      <trkpt lat="46.440457804128528" lon="13.659147312864661">
        <ele>2502.4499999999998</ele>
        <time>2014-08-17T11:13:01Z</time>
        <extensions>
          <gpxtpx:TrackPointExtension>
            <gpxtpx:atemp>9</gpxtpx:atemp>
          </gpxtpx:TrackPointExtension>
          <gpxx:TrackPointExtension>
            <gpxx:Temperature>9</gpxx:Temperature>
          </gpxx:TrackPointExtension>
        </extensions>
      </trkpt>
      <trkpt lat="46.440500887110829" lon="13.659127028658986">
        <ele>2500.0500000000002</ele>
        <time>2014-08-17T11:13:08Z</time>
        <extensions>
          <gpxtpx:TrackPointExtension>
            <gpxtpx:atemp>9</gpxtpx:atemp>
          </gpxtpx:TrackPointExtension>
          <gpxx:TrackPointExtension>
            <gpxx:Temperature>9</gpxx:Temperature>
          </gpxx:TrackPointExtension>
        </extensions>
      </trkpt>
      <trkpt lat="46.440511699765921" lon="13.659161729738116">
        <ele>2499.0799999999999</ele>
        <time>2014-08-17T11:13:14Z</time>
        <extensions>
          <gpxtpx:TrackPointExtension>
            <gpxtpx:atemp>9</gpxtpx:atemp>
          </gpxtpx:TrackPointExtension>
          <gpxx:TrackPointExtension>
            <gpxx:Temperature>9</gpxx:Temperature>
          </gpxx:TrackPointExtension>
        </extensions>
      </trkpt>
      <trkpt lat="46.440546568483114" lon="13.659179080277681">
        <ele>2498.1199999999999</ele>
        <time>2014-08-17T11:13:20Z</time>
        <extensions>
          <gpxtpx:TrackPointExtension>
            <gpxtpx:atemp>9</gpxtpx:atemp>
          </gpxtpx:TrackPointExtension>
          <gpxx:TrackPointExtension>
            <gpxx:Temperature>9</gpxx:Temperature>
          </gpxx:TrackPointExtension>
        </extensions>
      </trkpt>
      <trkpt lat="46.44056836143136" lon="13.659184444695711">
        <ele>2496.1999999999998</ele>
        <time>2014-08-17T11:13:25Z</time>
        <extensions>
          <gpxtpx:TrackPointExtension>
            <gpxtpx:atemp>8.9</gpxtpx:atemp>
          </gpxtpx:TrackPointExtension>
          <gpxx:TrackPointExtension>
            <gpxx:Temperature>8.9</gpxx:Temperature>
          </gpxx:TrackPointExtension>
        </extensions>
      </trkpt>
      <trkpt lat="46.440592836588621" lon="13.659187126904726">
        <ele>2494.7600000000002</ele>
        <time>2014-08-17T11:13:33Z</time>
        <extensions>
          <gpxtpx:TrackPointExtension>
            <gpxtpx:atemp>8.9</gpxtpx:atemp>
          </gpxtpx:TrackPointExtension>
          <gpxx:TrackPointExtension>
            <gpxx:Temperature>8.9</gpxx:Temperature>
          </gpxx:TrackPointExtension>
        </extensions>
      </trkpt>
      <trkpt lat="46.440618904307485" lon="13.659182265400887">
        <ele>2493.8000000000002</ele>
        <time>2014-08-17T11:13:40Z</time>
        <extensions>
          <gpxtpx:TrackPointExtension>
            <gpxtpx:atemp>8.9</gpxtpx:atemp>
          </gpxtpx:TrackPointExtension>
          <gpxx:TrackPointExtension>
            <gpxx:Temperature>8.9</gpxx:Temperature>
          </gpxx:TrackPointExtension>
        </extensions>
      </trkpt>
      <trkpt lat="46.440657544881105" lon="13.659207578748465">
        <ele>2492.3600000000001</ele>
        <time>2014-08-17T11:13:48Z</time>
        <extensions>
          <gpxtpx:TrackPointExtension>
            <gpxtpx:atemp>8.9</gpxtpx:atemp>
          </gpxtpx:TrackPointExtension>
          <gpxx:TrackPointExtension>
            <gpxx:Temperature>8.9</gpxx:Temperature>
          </gpxx:TrackPointExtension>
        </extensions>
      </trkpt>
      <trkpt lat="46.440691323950887" lon="13.659223085269332">
        <ele>2490.9099999999999</ele>
        <time>2014-08-17T11:13:54Z</time>
        <extensions>
          <gpxtpx:TrackPointExtension>
            <gpxtpx:atemp>8.9</gpxtpx:atemp>
          </gpxtpx:TrackPointExtension>
          <gpxx:TrackPointExtension>
            <gpxx:Temperature>8.9</gpxx:Temperature>
          </gpxx:TrackPointExtension>
        </extensions>
      </trkpt>
      <trkpt lat="46.440691323950887" lon="13.659276477992535">
        <ele>2488.9899999999998</ele>
        <time>2014-08-17T11:14:01Z</time>
        <extensions>
          <gpxtpx:TrackPointExtension>
            <gpxtpx:atemp>8.9</gpxtpx:atemp>
          </gpxtpx:TrackPointExtension>
          <gpxx:TrackPointExtension>
            <gpxx:Temperature>8.9</gpxx:Temperature>
          </gpxx:TrackPointExtension>
        </extensions>
      </trkpt>
      <trkpt lat="46.44068755209446" lon="13.659335402771831">
        <ele>2487.0700000000002</ele>
        <time>2014-08-17T11:14:07Z</time>
        <extensions>
          <gpxtpx:TrackPointExtension>
            <gpxtpx:atemp>8.9</gpxtpx:atemp>
          </gpxtpx:TrackPointExtension>
          <gpxx:TrackPointExtension>
            <gpxx:Temperature>8.9</gpxx:Temperature>
          </gpxx:TrackPointExtension>
        </extensions>
      </trkpt>
      <trkpt lat="46.440716050565243" lon="13.659369349479675">
        <ele>2486.1100000000001</ele>
        <time>2014-08-17T11:14:14Z</time>
        <extensions>
          <gpxtpx:TrackPointExtension>
            <gpxtpx:atemp>8.9</gpxtpx:atemp>
          </gpxtpx:TrackPointExtension>
          <gpxx:TrackPointExtension>
            <gpxx:Temperature>8.9</gpxx:Temperature>
          </gpxx:TrackPointExtension>
        </extensions>
      </trkpt>
      <trkpt lat="46.44074278883636" lon="13.65939692594111">
        <ele>2483.6999999999998</ele>
        <time>2014-08-17T11:14:21Z</time>
        <extensions>
          <gpxtpx:TrackPointExtension>
            <gpxtpx:atemp>8.9</gpxtpx:atemp>
          </gpxtpx:TrackPointExtension>
          <gpxx:TrackPointExtension>
            <gpxx:Temperature>8.9</gpxx:Temperature>
          </gpxx:TrackPointExtension>
        </extensions>
      </trkpt>
      <trkpt lat="46.440786123275757" lon="13.659393237903714">
        <ele>2484.6599999999999</ele>
        <time>2014-08-17T11:15:22Z</time>
        <extensions>
          <gpxtpx:TrackPointExtension>
            <gpxtpx:atemp>11.3</gpxtpx:atemp>
          </gpxtpx:TrackPointExtension>
          <gpxx:TrackPointExtension>
            <gpxx:Temperature>11.3</gpxx:Temperature>
          </gpxx:TrackPointExtension>
        </extensions>
      </trkpt>
      <trkpt lat="46.440772963687778" lon="13.659403380006552">
        <ele>2484.6599999999999</ele>
        <time>2014-08-17T11:15:34Z</time>
        <extensions>
          <gpxtpx:TrackPointExtension>
            <gpxtpx:atemp>11.3</gpxtpx:atemp>
          </gpxtpx:TrackPointExtension>
          <gpxx:TrackPointExtension>
            <gpxx:Temperature>11.3</gpxx:Temperature>
          </gpxx:TrackPointExtension>
        </extensions>
      </trkpt>
      <trkpt lat="46.440789643675089" lon="13.659403547644615">
        <ele>2483.6999999999998</ele>
        <time>2014-08-17T11:15:42Z</time>
        <extensions>
          <gpxtpx:TrackPointExtension>
            <gpxtpx:atemp>11.3</gpxtpx:atemp>
          </gpxtpx:TrackPointExtension>
          <gpxx:TrackPointExtension>
            <gpxx:Temperature>11.3</gpxx:Temperature>
          </gpxx:TrackPointExtension>
        </extensions>
      </trkpt>
      <trkpt lat="46.440802551805973" lon="13.659422658383846">
        <ele>2481.7800000000002</ele>
        <time>2014-08-17T11:15:49Z</time>
        <extensions>
          <gpxtpx:TrackPointExtension>
            <gpxtpx:atemp>11.3</gpxtpx:atemp>
          </gpxtpx:TrackPointExtension>
          <gpxx:TrackPointExtension>
            <gpxx:Temperature>11.3</gpxx:Temperature>
          </gpxx:TrackPointExtension>
        </extensions>
      </trkpt>
      <trkpt lat="46.440835408866405" lon="13.6594267655164">
        <ele>2481.3000000000002</ele>
        <time>2014-08-17T11:15:56Z</time>
        <extensions>
          <gpxtpx:TrackPointExtension>
            <gpxtpx:atemp>11.3</gpxtpx:atemp>
          </gpxtpx:TrackPointExtension>
          <gpxx:TrackPointExtension>
            <gpxx:Temperature>11.3</gpxx:Temperature>
          </gpxx:TrackPointExtension>
        </extensions>
      </trkpt>
      <trkpt lat="46.440854938700795" lon="13.659428274258971">
        <ele>2479.3800000000001</ele>
        <time>2014-08-17T11:15:59Z</time>
        <extensions>
          <gpxtpx:TrackPointExtension>
            <gpxtpx:atemp>11.3</gpxtpx:atemp>
          </gpxtpx:TrackPointExtension>
          <gpxx:TrackPointExtension>
            <gpxx:Temperature>11.3</gpxx:Temperature>
          </gpxx:TrackPointExtension>
        </extensions>
      </trkpt>
      <trkpt lat="46.440869439393282" lon="13.659435985609889">
        <ele>2479.3800000000001</ele>
        <time>2014-08-17T11:16:01Z</time>
        <extensions>
          <gpxtpx:TrackPointExtension>
            <gpxtpx:atemp>11.3</gpxtpx:atemp>
          </gpxtpx:TrackPointExtension>
          <gpxx:TrackPointExtension>
            <gpxx:Temperature>11.3</gpxx:Temperature>
          </gpxx:TrackPointExtension>
        </extensions>
      </trkpt>
      <trkpt lat="46.440892908722162" lon="13.659391812980175">
        <ele>2478.4200000000001</ele>
        <time>2014-08-17T11:16:08Z</time>
        <extensions>
          <gpxtpx:TrackPointExtension>
            <gpxtpx:atemp>11.3</gpxtpx:atemp>
          </gpxtpx:TrackPointExtension>
          <gpxx:TrackPointExtension>
            <gpxx:Temperature>11.3</gpxx:Temperature>
          </gpxx:TrackPointExtension>
        </extensions>
      </trkpt>
      <trkpt lat="46.440948732197285" lon="13.659345209598541">
        <ele>2476.9699999999998</ele>
        <time>2014-08-17T11:16:16Z</time>
        <extensions>
          <gpxtpx:TrackPointExtension>
            <gpxtpx:atemp>11.3</gpxtpx:atemp>
          </gpxtpx:TrackPointExtension>
          <gpxx:TrackPointExtension>
            <gpxx:Temperature>11.3</gpxx:Temperature>
          </gpxx:TrackPointExtension>
        </extensions>
      </trkpt>
      <trkpt lat="46.440949318930507" lon="13.659314699470997">
        <ele>2477.4499999999998</ele>
        <time>2014-08-17T11:16:21Z</time>
        <extensions>
          <gpxtpx:TrackPointExtension>
            <gpxtpx:atemp>11.3</gpxtpx:atemp>
          </gpxtpx:TrackPointExtension>
          <gpxx:TrackPointExtension>
            <gpxx:Temperature>11.3</gpxx:Temperature>
          </gpxx:TrackPointExtension>
        </extensions>
      </trkpt>
      <trkpt lat="46.440969770774245" lon="13.659265749156475">
        <ele>2478.4200000000001</ele>
        <time>2014-08-17T11:16:28Z</time>
        <extensions>
          <gpxtpx:TrackPointExtension>
            <gpxtpx:atemp>10.5</gpxtpx:atemp>
          </gpxtpx:TrackPointExtension>
          <gpxx:TrackPointExtension>
            <gpxx:Temperature>10.5</gpxx:Temperature>
          </gpxx:TrackPointExtension>
        </extensions>
      </trkpt>
      <trkpt lat="46.441009165719151" lon="13.659219313412905">
        <ele>2478.9000000000001</ele>
        <time>2014-08-17T11:16:36Z</time>
        <extensions>
          <gpxtpx:TrackPointExtension>
            <gpxtpx:atemp>10.5</gpxtpx:atemp>
          </gpxtpx:TrackPointExtension>
          <gpxx:TrackPointExtension>
            <gpxx:Temperature>10.5</gpxx:Temperature>
          </gpxx:TrackPointExtension>
        </extensions>
      </trkpt>
      <trkpt lat="46.441030204296112" lon="13.659203974530101">
        <ele>2477.4499999999998</ele>
        <time>2014-08-17T11:16:41Z</time>
        <extensions>
          <gpxtpx:TrackPointExtension>
            <gpxtpx:atemp>10.5</gpxtpx:atemp>
          </gpxtpx:TrackPointExtension>
          <gpxx:TrackPointExtension>
            <gpxx:Temperature>10.5</gpxx:Temperature>
          </gpxx:TrackPointExtension>
        </extensions>
      </trkpt>
      <trkpt lat="46.441063899546862" lon="13.659191988408566">
        <ele>2477.4499999999998</ele>
        <time>2014-08-17T11:16:48Z</time>
        <extensions>
          <gpxtpx:TrackPointExtension>
            <gpxtpx:atemp>10.5</gpxtpx:atemp>
          </gpxtpx:TrackPointExtension>
          <gpxx:TrackPointExtension>
            <gpxx:Temperature>10.5</gpxx:Temperature>
          </gpxx:TrackPointExtension>
        </extensions>
      </trkpt>
      <trkpt lat="46.441104300320148" lon="13.659175056964159">
        <ele>2475.5300000000002</ele>
        <time>2014-08-17T11:16:57Z</time>
        <extensions>
          <gpxtpx:TrackPointExtension>
            <gpxtpx:atemp>10.5</gpxtpx:atemp>
          </gpxtpx:TrackPointExtension>
          <gpxx:TrackPointExtension>
            <gpxx:Temperature>10.5</gpxx:Temperature>
          </gpxx:TrackPointExtension>
        </extensions>
      </trkpt>
      <trkpt lat="46.44112198613584" lon="13.659159131348133">
        <ele>2474.5700000000002</ele>
        <time>2014-08-17T11:17:04Z</time>
        <extensions>
          <gpxtpx:TrackPointExtension>
            <gpxtpx:atemp>10.5</gpxtpx:atemp>
          </gpxtpx:TrackPointExtension>
          <gpxx:TrackPointExtension>
            <gpxx:Temperature>10.5</gpxx:Temperature>
          </gpxx:TrackPointExtension>
        </extensions>
      </trkpt>
      <trkpt lat="46.441156351938844" lon="13.659116551280022">
        <ele>2473.6100000000001</ele>
        <time>2014-08-17T11:17:11Z</time>
        <extensions>
          <gpxtpx:TrackPointExtension>
            <gpxtpx:atemp>10.5</gpxtpx:atemp>
          </gpxtpx:TrackPointExtension>
          <gpxx:TrackPointExtension>
            <gpxx:Temperature>10.5</gpxx:Temperature>
          </gpxx:TrackPointExtension>
        </extensions>
      </trkpt>
      <trkpt lat="46.441180072724819" lon="13.659077575430274">
        <ele>2474.0900000000001</ele>
        <time>2014-08-17T11:17:18Z</time>
        <extensions>
          <gpxtpx:TrackPointExtension>
            <gpxtpx:atemp>10.5</gpxtpx:atemp>
          </gpxtpx:TrackPointExtension>
          <gpxx:TrackPointExtension>
            <gpxx:Temperature>10.5</gpxx:Temperature>
          </gpxx:TrackPointExtension>
        </extensions>
      </trkpt>
      <trkpt lat="46.441204631701112" lon="13.659054273739457">
        <ele>2474.5700000000002</ele>
        <time>2014-08-17T11:17:25Z</time>
        <extensions>
          <gpxtpx:TrackPointExtension>
            <gpxtpx:atemp>9.5</gpxtpx:atemp>
          </gpxtpx:TrackPointExtension>
          <gpxx:TrackPointExtension>
            <gpxx:Temperature>9.5</gpxx:Temperature>
          </gpxx:TrackPointExtension>
        </extensions>
      </trkpt>
      <trkpt lat="46.441212594509125" lon="13.659038431942463">
        <ele>2474.0900000000001</ele>
        <time>2014-08-17T11:17:31Z</time>
        <extensions>
          <gpxtpx:TrackPointExtension>
            <gpxtpx:atemp>9.5</gpxtpx:atemp>
          </gpxtpx:TrackPointExtension>
          <gpxx:TrackPointExtension>
            <gpxx:Temperature>9.5</gpxx:Temperature>
          </gpxx:TrackPointExtension>
        </extensions>
      </trkpt>
      <trkpt lat="46.441245703026652" lon="13.659023595973849">
        <ele>2473.1300000000001</ele>
        <time>2014-08-17T11:17:39Z</time>
        <extensions>
          <gpxtpx:TrackPointExtension>
            <gpxtpx:atemp>9.5</gpxtpx:atemp>
          </gpxtpx:TrackPointExtension>
          <gpxx:TrackPointExtension>
            <gpxx:Temperature>9.5</gpxx:Temperature>
          </gpxx:TrackPointExtension>
        </extensions>
      </trkpt>
      <trkpt lat="46.441266238689423" lon="13.658993002027273">
        <ele>2473.1300000000001</ele>
        <time>2014-08-17T11:17:46Z</time>
        <extensions>
          <gpxtpx:TrackPointExtension>
            <gpxtpx:atemp>9.5</gpxtpx:atemp>
          </gpxtpx:TrackPointExtension>
          <gpxx:TrackPointExtension>
            <gpxx:Temperature>9.5</gpxx:Temperature>
          </gpxx:TrackPointExtension>
        </extensions>
      </trkpt>
      <trkpt lat="46.44130177795887" lon="13.658985625952482">
        <ele>2471.6900000000001</ele>
        <time>2014-08-17T11:17:54Z</time>
        <extensions>
          <gpxtpx:TrackPointExtension>
            <gpxtpx:atemp>9.5</gpxtpx:atemp>
          </gpxtpx:TrackPointExtension>
          <gpxx:TrackPointExtension>
            <gpxx:Temperature>9.5</gpxx:Temperature>
          </gpxx:TrackPointExtension>
        </extensions>
      </trkpt>
      <trkpt lat="46.441323906183243" lon="13.658951176330447">
        <ele>2469.7600000000002</ele>
        <time>2014-08-17T11:18:00Z</time>
        <extensions>
          <gpxtpx:TrackPointExtension>
            <gpxtpx:atemp>9.5</gpxtpx:atemp>
          </gpxtpx:TrackPointExtension>
          <gpxx:TrackPointExtension>
            <gpxx:Temperature>9.5</gpxx:Temperature>
          </gpxx:TrackPointExtension>
        </extensions>
      </trkpt>
      <trkpt lat="46.441340586170554" lon="13.658937765285373">
        <ele>2469.2800000000002</ele>
        <time>2014-08-17T11:18:06Z</time>
        <extensions>
          <gpxtpx:TrackPointExtension>
            <gpxtpx:atemp>9.5</gpxtpx:atemp>
          </gpxtpx:TrackPointExtension>
          <gpxx:TrackPointExtension>
            <gpxx:Temperature>9.5</gpxx:Temperature>
          </gpxx:TrackPointExtension>
        </extensions>
      </trkpt>
      <trkpt lat="46.441354248672724" lon="13.658918654546142">
        <ele>2467.8400000000001</ele>
        <time>2014-08-17T11:18:12Z</time>
        <extensions>
          <gpxtpx:TrackPointExtension>
            <gpxtpx:atemp>9.5</gpxtpx:atemp>
          </gpxtpx:TrackPointExtension>
          <gpxx:TrackPointExtension>
            <gpxx:Temperature>9.5</gpxx:Temperature>
          </gpxx:TrackPointExtension>
        </extensions>
      </trkpt>
      <trkpt lat="46.441383333876729" lon="13.658904992043972">
        <ele>2466.4000000000001</ele>
        <time>2014-08-17T11:18:19Z</time>
        <extensions>
          <gpxtpx:TrackPointExtension>
            <gpxtpx:atemp>9.5</gpxtpx:atemp>
          </gpxtpx:TrackPointExtension>
          <gpxx:TrackPointExtension>
            <gpxx:Temperature>9.5</gpxx:Temperature>
          </gpxx:TrackPointExtension>
        </extensions>
      </trkpt>
      <trkpt lat="46.441408898681402" lon="13.658884540200233">
        <ele>2465.4400000000001</ele>
        <time>2014-08-17T11:18:38Z</time>
        <extensions>
          <gpxtpx:TrackPointExtension>
            <gpxtpx:atemp>9.1</gpxtpx:atemp>
          </gpxtpx:TrackPointExtension>
          <gpxx:TrackPointExtension>
            <gpxx:Temperature>9.1</gpxx:Temperature>
          </gpxx:TrackPointExtension>
        </extensions>
      </trkpt>
      <trkpt lat="46.441447036340833" lon="13.658824441954494">
        <ele>2462.5500000000002</ele>
        <time>2014-08-17T11:19:24Z</time>
        <extensions>
          <gpxtpx:TrackPointExtension>
            <gpxtpx:atemp>9.2</gpxtpx:atemp>
          </gpxtpx:TrackPointExtension>
          <gpxx:TrackPointExtension>
            <gpxx:Temperature>9.2</gpxx:Temperature>
          </gpxx:TrackPointExtension>
        </extensions>
      </trkpt>
      <trkpt lat="46.441477630287409" lon="13.65877540782094">
        <ele>2460.6300000000001</ele>
        <time>2014-08-17T11:19:53Z</time>
        <extensions>
          <gpxtpx:TrackPointExtension>
            <gpxtpx:atemp>9.2</gpxtpx:atemp>
          </gpxtpx:TrackPointExtension>
          <gpxx:TrackPointExtension>
            <gpxx:Temperature>9.2</gpxx:Temperature>
          </gpxx:TrackPointExtension>
        </extensions>
      </trkpt>
      <trkpt lat="46.441482491791248" lon="13.658737856894732">
        <ele>2460.1500000000001</ele>
        <time>2014-08-17T11:19:56Z</time>
        <extensions>
          <gpxtpx:TrackPointExtension>
            <gpxtpx:atemp>9.2</gpxtpx:atemp>
          </gpxtpx:TrackPointExtension>
          <gpxx:TrackPointExtension>
            <gpxx:Temperature>9.2</gpxx:Temperature>
          </gpxx:TrackPointExtension>
        </extensions>
      </trkpt>
      <trkpt lat="46.44148794002831" lon="13.658651020377874">
        <ele>2460.6300000000001</ele>
        <time>2014-08-17T11:20:03Z</time>
        <extensions>
          <gpxtpx:TrackPointExtension>
            <gpxtpx:atemp>9.2</gpxtpx:atemp>
          </gpxtpx:TrackPointExtension>
          <gpxx:TrackPointExtension>
            <gpxx:Temperature>9.2</gpxx:Temperature>
          </gpxx:TrackPointExtension>
        </extensions>
      </trkpt>
      <trkpt lat="46.441489364951849" lon="13.65859704092145">
        <ele>2461.1100000000001</ele>
        <time>2014-08-17T11:20:09Z</time>
        <extensions>
          <gpxtpx:TrackPointExtension>
            <gpxtpx:atemp>9.2</gpxtpx:atemp>
          </gpxtpx:TrackPointExtension>
          <gpxx:TrackPointExtension>
            <gpxx:Temperature>9.2</gpxx:Temperature>
          </gpxx:TrackPointExtension>
        </extensions>
      </trkpt>
      <trkpt lat="46.441495651379228" lon="13.658566027879715">
        <ele>2460.6300000000001</ele>
        <time>2014-08-17T11:20:18Z</time>
        <extensions>
          <gpxtpx:TrackPointExtension>
            <gpxtpx:atemp>9.2</gpxtpx:atemp>
          </gpxtpx:TrackPointExtension>
          <gpxx:TrackPointExtension>
            <gpxx:Temperature>9.2</gpxx:Temperature>
          </gpxx:TrackPointExtension>
        </extensions>
      </trkpt>
      <trkpt lat="46.441504117101431" lon="13.658537613227963">
        <ele>2460.1500000000001</ele>
        <time>2014-08-17T11:20:27Z</time>
        <extensions>
          <gpxtpx:TrackPointExtension>
            <gpxtpx:atemp>8.7</gpxtpx:atemp>
          </gpxtpx:TrackPointExtension>
          <gpxx:TrackPointExtension>
            <gpxx:Temperature>8.7</gpxx:Temperature>
          </gpxx:TrackPointExtension>
        </extensions>
      </trkpt>
      <trkpt lat="46.441521467640996" lon="13.658469133079052">
        <ele>2460.1500000000001</ele>
        <time>2014-08-17T11:20:33Z</time>
        <extensions>
          <gpxtpx:TrackPointExtension>
            <gpxtpx:atemp>8.7</gpxtpx:atemp>
          </gpxtpx:TrackPointExtension>
          <gpxx:TrackPointExtension>
            <gpxx:Temperature>8.7</gpxx:Temperature>
          </gpxx:TrackPointExtension>
        </extensions>
      </trkpt>
      <trkpt lat="46.441528927534819" lon="13.658430073410273">
        <ele>2459.6700000000001</ele>
        <time>2014-08-17T11:20:35Z</time>
        <extensions>
          <gpxtpx:TrackPointExtension>
            <gpxtpx:atemp>8.7</gpxtpx:atemp>
          </gpxtpx:TrackPointExtension>
          <gpxx:TrackPointExtension>
            <gpxx:Temperature>8.7</gpxx:Temperature>
          </gpxx:TrackPointExtension>
        </extensions>
      </trkpt>
      <trkpt lat="46.441536387428641" lon="13.658269392326474">
        <ele>2460.1500000000001</ele>
        <time>2014-08-17T11:20:43Z</time>
        <extensions>
          <gpxtpx:TrackPointExtension>
            <gpxtpx:atemp>8.7</gpxtpx:atemp>
          </gpxtpx:TrackPointExtension>
          <gpxx:TrackPointExtension>
            <gpxx:Temperature>8.7</gpxx:Temperature>
          </gpxx:TrackPointExtension>
        </extensions>
      </trkpt>
      <trkpt lat="46.441548708826303" lon="13.658234272152185">
        <ele>2459.6700000000001</ele>
        <time>2014-08-17T11:20:45Z</time>
        <extensions>
          <gpxtpx:TrackPointExtension>
            <gpxtpx:atemp>8.7</gpxtpx:atemp>
          </gpxtpx:TrackPointExtension>
          <gpxx:TrackPointExtension>
            <gpxx:Temperature>8.7</gpxx:Temperature>
          </gpxx:TrackPointExtension>
        </extensions>
      </trkpt>
      <trkpt lat="46.441584331914783" lon="13.65809379145503">
        <ele>2460.1500000000001</ele>
        <time>2014-08-17T11:20:54Z</time>
        <extensions>
          <gpxtpx:TrackPointExtension>
            <gpxtpx:atemp>8.7</gpxtpx:atemp>
          </gpxtpx:TrackPointExtension>
          <gpxx:TrackPointExtension>
            <gpxx:Temperature>8.7</gpxx:Temperature>
          </gpxx:TrackPointExtension>
        </extensions>
      </trkpt>
      <trkpt lat="46.441616518422961" lon="13.657972337678075">
        <ele>2457.75</ele>
        <time>2014-08-17T11:21:02Z</time>
        <extensions>
          <gpxtpx:TrackPointExtension>
            <gpxtpx:atemp>8.7</gpxtpx:atemp>
          </gpxtpx:TrackPointExtension>
          <gpxx:TrackPointExtension>
            <gpxx:Temperature>8.7</gpxx:Temperature>
          </gpxx:TrackPointExtension>
        </extensions>
      </trkpt>
      <trkpt lat="46.44162230193615" lon="13.657922884449363">
        <ele>2457.27</ele>
        <time>2014-08-17T11:21:05Z</time>
        <extensions>
          <gpxtpx:TrackPointExtension>
            <gpxtpx:atemp>8.7</gpxtpx:atemp>
          </gpxtpx:TrackPointExtension>
          <gpxx:TrackPointExtension>
            <gpxx:Temperature>8.7</gpxx:Temperature>
          </gpxx:TrackPointExtension>
        </extensions>
      </trkpt>
      <trkpt lat="46.441633030772209" lon="13.657885333523154">
        <ele>2457.75</ele>
        <time>2014-08-17T11:21:07Z</time>
        <extensions>
          <gpxtpx:TrackPointExtension>
            <gpxtpx:atemp>8.7</gpxtpx:atemp>
          </gpxtpx:TrackPointExtension>
          <gpxx:TrackPointExtension>
            <gpxx:Temperature>8.7</gpxx:Temperature>
          </gpxx:TrackPointExtension>
        </extensions>
      </trkpt>
      <trkpt lat="46.441651890054345" lon="13.657813752070069">
        <ele>2458.23</ele>
        <time>2014-08-17T11:21:20Z</time>
        <extensions>
          <gpxtpx:TrackPointExtension>
            <gpxtpx:atemp>7.9</gpxtpx:atemp>
          </gpxtpx:TrackPointExtension>
          <gpxx:TrackPointExtension>
            <gpxx:Temperature>7.9</gpxx:Temperature>
          </gpxx:TrackPointExtension>
        </extensions>
      </trkpt>
      <trkpt lat="46.441699499264359" lon="13.65776882506907">
        <ele>2457.75</ele>
        <time>2014-08-17T11:21:27Z</time>
        <extensions>
          <gpxtpx:TrackPointExtension>
            <gpxtpx:atemp>7.9</gpxtpx:atemp>
          </gpxtpx:TrackPointExtension>
          <gpxx:TrackPointExtension>
            <gpxx:Temperature>7.9</gpxx:Temperature>
          </gpxx:TrackPointExtension>
        </extensions>
      </trkpt>
      <trkpt lat="46.441726656630635" lon="13.657735800370574">
        <ele>2456.3099999999999</ele>
        <time>2014-08-17T11:21:34Z</time>
        <extensions>
          <gpxtpx:TrackPointExtension>
            <gpxtpx:atemp>7.9</gpxtpx:atemp>
          </gpxtpx:TrackPointExtension>
          <gpxx:TrackPointExtension>
            <gpxx:Temperature>7.9</gpxx:Temperature>
          </gpxx:TrackPointExtension>
        </extensions>
      </trkpt>
      <trkpt lat="46.441742666065693" lon="13.657721383497119">
        <ele>2454.8600000000001</ele>
        <time>2014-08-17T11:21:40Z</time>
        <extensions>
          <gpxtpx:TrackPointExtension>
            <gpxtpx:atemp>7.9</gpxtpx:atemp>
          </gpxtpx:TrackPointExtension>
          <gpxx:TrackPointExtension>
            <gpxx:Temperature>7.9</gpxx:Temperature>
          </gpxx:TrackPointExtension>
        </extensions>
      </trkpt>
      <trkpt lat="46.441769907251" lon="13.657689616084099">
        <ele>2453.9000000000001</ele>
        <time>2014-08-17T11:21:45Z</time>
        <extensions>
          <gpxtpx:TrackPointExtension>
            <gpxtpx:atemp>7.9</gpxtpx:atemp>
          </gpxtpx:TrackPointExtension>
          <gpxx:TrackPointExtension>
            <gpxx:Temperature>7.9</gpxx:Temperature>
          </gpxx:TrackPointExtension>
        </extensions>
      </trkpt>
      <trkpt lat="46.441802261397243" lon="13.657605210319161">
        <ele>2452.9400000000001</ele>
        <time>2014-08-17T11:21:51Z</time>
        <extensions>
          <gpxtpx:TrackPointExtension>
            <gpxtpx:atemp>7.9</gpxtpx:atemp>
          </gpxtpx:TrackPointExtension>
          <gpxx:TrackPointExtension>
            <gpxx:Temperature>7.9</gpxx:Temperature>
          </gpxx:TrackPointExtension>
        </extensions>
      </trkpt>
      <trkpt lat="46.441809050738811" lon="13.657571682706475">
        <ele>2453.4200000000001</ele>
        <time>2014-08-17T11:21:57Z</time>
        <extensions>
          <gpxtpx:TrackPointExtension>
            <gpxtpx:atemp>7.9</gpxtpx:atemp>
          </gpxtpx:TrackPointExtension>
          <gpxx:TrackPointExtension>
            <gpxx:Temperature>7.9</gpxx:Temperature>
          </gpxx:TrackPointExtension>
        </extensions>
      </trkpt>
      <trkpt lat="46.441811732947826" lon="13.657543854787946">
        <ele>2453.9000000000001</ele>
        <time>2014-08-17T11:22:02Z</time>
        <extensions>
          <gpxtpx:TrackPointExtension>
            <gpxtpx:atemp>7.9</gpxtpx:atemp>
          </gpxtpx:TrackPointExtension>
          <gpxx:TrackPointExtension>
            <gpxx:Temperature>7.9</gpxx:Temperature>
          </gpxx:TrackPointExtension>
        </extensions>
      </trkpt>
      <trkpt lat="46.441815923899412" lon="13.657449055463076">
        <ele>2453.9000000000001</ele>
        <time>2014-08-17T11:22:09Z</time>
        <extensions>
          <gpxtpx:TrackPointExtension>
            <gpxtpx:atemp>7.9</gpxtpx:atemp>
          </gpxtpx:TrackPointExtension>
          <gpxx:TrackPointExtension>
            <gpxx:Temperature>7.9</gpxx:Temperature>
          </gpxx:TrackPointExtension>
        </extensions>
      </trkpt>
      <trkpt lat="46.441809386014938" lon="13.657422652468085">
        <ele>2454.3800000000001</ele>
        <time>2014-08-17T11:22:11Z</time>
        <extensions>
          <gpxtpx:TrackPointExtension>
            <gpxtpx:atemp>7.9</gpxtpx:atemp>
          </gpxtpx:TrackPointExtension>
          <gpxx:TrackPointExtension>
            <gpxx:Temperature>7.9</gpxx:Temperature>
          </gpxx:TrackPointExtension>
        </extensions>
      </trkpt>
      <trkpt lat="46.441813074052334" lon="13.65739549510181">
        <ele>2455.3400000000001</ele>
        <time>2014-08-17T11:22:13Z</time>
        <extensions>
          <gpxtpx:TrackPointExtension>
            <gpxtpx:atemp>7.9</gpxtpx:atemp>
          </gpxtpx:TrackPointExtension>
          <gpxx:TrackPointExtension>
            <gpxx:Temperature>7.9</gpxx:Temperature>
          </gpxx:TrackPointExtension>
        </extensions>
      </trkpt>
      <trkpt lat="46.441821120679379" lon="13.657313352450728">
        <ele>2455.8200000000002</ele>
        <time>2014-08-17T11:22:21Z</time>
        <extensions>
          <gpxtpx:TrackPointExtension>
            <gpxtpx:atemp>8.1</gpxtpx:atemp>
          </gpxtpx:TrackPointExtension>
          <gpxx:TrackPointExtension>
            <gpxx:Temperature>8.1</gpxx:Temperature>
          </gpxx:TrackPointExtension>
        </extensions>
      </trkpt>
      <trkpt lat="46.441842075437307" lon="13.657288793474436">
        <ele>2454.3800000000001</ele>
        <time>2014-08-17T11:22:26Z</time>
        <extensions>
          <gpxtpx:TrackPointExtension>
            <gpxtpx:atemp>8.1</gpxtpx:atemp>
          </gpxtpx:TrackPointExtension>
          <gpxx:TrackPointExtension>
            <gpxx:Temperature>8.1</gpxx:Temperature>
          </gpxx:TrackPointExtension>
        </extensions>
      </trkpt>
      <trkpt lat="46.44185489974916" lon="13.657226096838713">
        <ele>2455.8200000000002</ele>
        <time>2014-08-17T11:22:31Z</time>
        <extensions>
          <gpxtpx:TrackPointExtension>
            <gpxtpx:atemp>8.1</gpxtpx:atemp>
          </gpxtpx:TrackPointExtension>
          <gpxx:TrackPointExtension>
            <gpxx:Temperature>8.1</gpxx:Temperature>
          </gpxx:TrackPointExtension>
        </extensions>
      </trkpt>
      <trkpt lat="46.441853977739811" lon="13.657174631953239">
        <ele>2457.27</ele>
        <time>2014-08-17T11:22:37Z</time>
        <extensions>
          <gpxtpx:TrackPointExtension>
            <gpxtpx:atemp>8.1</gpxtpx:atemp>
          </gpxtpx:TrackPointExtension>
          <gpxx:TrackPointExtension>
            <gpxx:Temperature>8.1</gpxx:Temperature>
          </gpxx:TrackPointExtension>
        </extensions>
      </trkpt>
      <trkpt lat="46.44185783341527" lon="13.657148564234376">
        <ele>2458.71</ele>
        <time>2014-08-17T11:22:41Z</time>
        <extensions>
          <gpxtpx:TrackPointExtension>
            <gpxtpx:atemp>8.1</gpxtpx:atemp>
          </gpxtpx:TrackPointExtension>
          <gpxx:TrackPointExtension>
            <gpxx:Temperature>8.1</gpxx:Temperature>
          </gpxx:TrackPointExtension>
        </extensions>
      </trkpt>
      <trkpt lat="46.441859509795904" lon="13.657105732709169">
        <ele>2459.1900000000001</ele>
        <time>2014-08-17T11:22:46Z</time>
        <extensions>
          <gpxtpx:TrackPointExtension>
            <gpxtpx:atemp>8.1</gpxtpx:atemp>
          </gpxtpx:TrackPointExtension>
          <gpxx:TrackPointExtension>
            <gpxx:Temperature>8.1</gpxx:Temperature>
          </gpxx:TrackPointExtension>
        </extensions>
      </trkpt>
      <trkpt lat="46.441885326057673" lon="13.657072372734547">
        <ele>2458.71</ele>
        <time>2014-08-17T11:22:53Z</time>
        <extensions>
          <gpxtpx:TrackPointExtension>
            <gpxtpx:atemp>8.1</gpxtpx:atemp>
          </gpxtpx:TrackPointExtension>
          <gpxx:TrackPointExtension>
            <gpxx:Temperature>8.1</gpxx:Temperature>
          </gpxx:TrackPointExtension>
        </extensions>
      </trkpt>
      <trkpt lat="46.441899491474032" lon="13.657021410763264">
        <ele>2459.6700000000001</ele>
        <time>2014-08-17T11:23:02Z</time>
        <extensions>
          <gpxtpx:TrackPointExtension>
            <gpxtpx:atemp>8.1</gpxtpx:atemp>
          </gpxtpx:TrackPointExtension>
          <gpxx:TrackPointExtension>
            <gpxx:Temperature>8.1</gpxx:Temperature>
          </gpxx:TrackPointExtension>
        </extensions>
      </trkpt>
      <trkpt lat="46.441894378513098" lon="13.656992493197322">
        <ele>2457.75</ele>
        <time>2014-08-17T11:23:27Z</time>
        <extensions>
          <gpxtpx:TrackPointExtension>
            <gpxtpx:atemp>7.6</gpxtpx:atemp>
          </gpxtpx:TrackPointExtension>
          <gpxx:TrackPointExtension>
            <gpxx:Temperature>7.6</gpxx:Temperature>
          </gpxx:TrackPointExtension>
        </extensions>
      </trkpt>
      <trkpt lat="46.441903514787555" lon="13.656972628086805">
        <ele>2457.27</ele>
        <time>2014-08-17T11:23:33Z</time>
        <extensions>
          <gpxtpx:TrackPointExtension>
            <gpxtpx:atemp>7.6</gpxtpx:atemp>
          </gpxtpx:TrackPointExtension>
          <gpxx:TrackPointExtension>
            <gpxx:Temperature>7.6</gpxx:Temperature>
          </gpxx:TrackPointExtension>
        </extensions>
      </trkpt>
      <trkpt lat="46.441917344927788" lon="13.656935328617692">
        <ele>2455.8200000000002</ele>
        <time>2014-08-17T11:23:44Z</time>
        <extensions>
          <gpxtpx:TrackPointExtension>
            <gpxtpx:atemp>7.6</gpxtpx:atemp>
          </gpxtpx:TrackPointExtension>
          <gpxx:TrackPointExtension>
            <gpxx:Temperature>7.6</gpxx:Temperature>
          </gpxx:TrackPointExtension>
        </extensions>
      </trkpt>
      <trkpt lat="46.441978449001908" lon="13.656889563426375">
        <ele>2451.5</ele>
        <time>2014-08-17T11:24:42Z</time>
        <extensions>
          <gpxtpx:TrackPointExtension>
            <gpxtpx:atemp>7.1</gpxtpx:atemp>
          </gpxtpx:TrackPointExtension>
          <gpxx:TrackPointExtension>
            <gpxx:Temperature>7.1</gpxx:Temperature>
          </gpxx:TrackPointExtension>
        </extensions>
      </trkpt>
      <trkpt lat="46.442016921937466" lon="13.656889479607344">
        <ele>2447.6500000000001</ele>
        <time>2014-08-17T11:25:09Z</time>
        <extensions>
          <gpxtpx:TrackPointExtension>
            <gpxtpx:atemp>7.1</gpxtpx:atemp>
          </gpxtpx:TrackPointExtension>
          <gpxx:TrackPointExtension>
            <gpxx:Temperature>7.1</gpxx:Temperature>
          </gpxx:TrackPointExtension>
        </extensions>
      </trkpt>
      <trkpt lat="46.442028237506747" lon="13.656874476000667">
        <ele>2446.21</ele>
        <time>2014-08-17T11:25:18Z</time>
        <extensions>
          <gpxtpx:TrackPointExtension>
            <gpxtpx:atemp>7.1</gpxtpx:atemp>
          </gpxtpx:TrackPointExtension>
          <gpxx:TrackPointExtension>
            <gpxx:Temperature>7.1</gpxx:Temperature>
          </gpxx:TrackPointExtension>
        </extensions>
      </trkpt>
      <trkpt lat="46.442050617188215" lon="13.656867183744907">
        <ele>2442.3699999999999</ele>
        <time>2014-08-17T11:26:00Z</time>
        <extensions>
          <gpxtpx:TrackPointExtension>
            <gpxtpx:atemp>7</gpxtpx:atemp>
          </gpxtpx:TrackPointExtension>
          <gpxx:TrackPointExtension>
            <gpxx:Temperature>7</gpxx:Temperature>
          </gpxx:TrackPointExtension>
        </extensions>
      </trkpt>
      <trkpt lat="46.442076601088047" lon="13.656858298927546">
        <ele>2439.96</ele>
        <time>2014-08-17T11:26:17Z</time>
        <extensions>
          <gpxtpx:TrackPointExtension>
            <gpxtpx:atemp>7</gpxtpx:atemp>
          </gpxtpx:TrackPointExtension>
          <gpxx:TrackPointExtension>
            <gpxx:Temperature>7</gpxx:Temperature>
          </gpxx:TrackPointExtension>
        </extensions>
      </trkpt>
      <trkpt lat="46.44208749756217" lon="13.656836841255426">
        <ele>2439.96</ele>
        <time>2014-08-17T11:26:24Z</time>
        <extensions>
          <gpxtpx:TrackPointExtension>
            <gpxtpx:atemp>6.7</gpxtpx:atemp>
          </gpxtpx:TrackPointExtension>
          <gpxx:TrackPointExtension>
            <gpxx:Temperature>6.7</gpxx:Temperature>
          </gpxx:TrackPointExtension>
        </extensions>
      </trkpt>
      <trkpt lat="46.442111134529114" lon="13.656821837648749">
        <ele>2436.1199999999999</ele>
        <time>2014-08-17T11:26:45Z</time>
        <extensions>
          <gpxtpx:TrackPointExtension>
            <gpxtpx:atemp>6.7</gpxtpx:atemp>
          </gpxtpx:TrackPointExtension>
          <gpxx:TrackPointExtension>
            <gpxx:Temperature>6.7</gpxx:Temperature>
          </gpxx:TrackPointExtension>
        </extensions>
      </trkpt>
      <trkpt lat="46.44213099963963" lon="13.656828626990318">
        <ele>2434.6799999999998</ele>
        <time>2014-08-17T11:26:59Z</time>
        <extensions>
          <gpxtpx:TrackPointExtension>
            <gpxtpx:atemp>6.7</gpxtpx:atemp>
          </gpxtpx:TrackPointExtension>
          <gpxx:TrackPointExtension>
            <gpxx:Temperature>6.7</gpxx:Temperature>
          </gpxx:TrackPointExtension>
        </extensions>
      </trkpt>
      <trkpt lat="46.442165365442634" lon="13.656819825991988">
        <ele>2432.75</ele>
        <time>2014-08-17T11:27:26Z</time>
        <extensions>
          <gpxtpx:TrackPointExtension>
            <gpxtpx:atemp>6.3</gpxtpx:atemp>
          </gpxtpx:TrackPointExtension>
          <gpxx:TrackPointExtension>
            <gpxx:Temperature>6.3</gpxx:Temperature>
          </gpxx:TrackPointExtension>
        </extensions>
      </trkpt>
      <trkpt lat="46.442181207239628" lon="13.656810438260436">
        <ele>2431.3099999999999</ele>
        <time>2014-08-17T11:27:34Z</time>
        <extensions>
          <gpxtpx:TrackPointExtension>
            <gpxtpx:atemp>6.3</gpxtpx:atemp>
          </gpxtpx:TrackPointExtension>
          <gpxx:TrackPointExtension>
            <gpxx:Temperature>6.3</gpxx:Temperature>
          </gpxx:TrackPointExtension>
        </extensions>
      </trkpt>
      <trkpt lat="46.442185565829277" lon="13.656778922304511">
        <ele>2430.3499999999999</ele>
        <time>2014-08-17T11:27:41Z</time>
        <extensions>
          <gpxtpx:TrackPointExtension>
            <gpxtpx:atemp>6.3</gpxtpx:atemp>
          </gpxtpx:TrackPointExtension>
          <gpxx:TrackPointExtension>
            <gpxx:Temperature>6.3</gpxx:Temperature>
          </gpxx:TrackPointExtension>
        </extensions>
      </trkpt>
      <trkpt lat="46.44217886030674" lon="13.656752770766616">
        <ele>2428.4299999999998</ele>
        <time>2014-08-17T11:27:45Z</time>
        <extensions>
          <gpxtpx:TrackPointExtension>
            <gpxtpx:atemp>6.3</gpxtpx:atemp>
          </gpxtpx:TrackPointExtension>
          <gpxx:TrackPointExtension>
            <gpxx:Temperature>6.3</gpxx:Temperature>
          </gpxx:TrackPointExtension>
        </extensions>
      </trkpt>
      <trkpt lat="46.44218129105866" lon="13.656684039160609">
        <ele>2426.9899999999998</ele>
        <time>2014-08-17T11:27:53Z</time>
        <extensions>
          <gpxtpx:TrackPointExtension>
            <gpxtpx:atemp>6.3</gpxtpx:atemp>
          </gpxtpx:TrackPointExtension>
          <gpxx:TrackPointExtension>
            <gpxx:Temperature>6.3</gpxx:Temperature>
          </gpxx:TrackPointExtension>
        </extensions>
      </trkpt>
      <trkpt lat="46.442199563607574" lon="13.656651265919209">
        <ele>2425.54</ele>
        <time>2014-08-17T11:27:59Z</time>
        <extensions>
          <gpxtpx:TrackPointExtension>
            <gpxtpx:atemp>6.3</gpxtpx:atemp>
          </gpxtpx:TrackPointExtension>
          <gpxx:TrackPointExtension>
            <gpxx:Temperature>6.3</gpxx:Temperature>
          </gpxx:TrackPointExtension>
        </extensions>
      </trkpt>
      <trkpt lat="46.442211465910077" lon="13.65663425065577">
        <ele>2424.5799999999999</ele>
        <time>2014-08-17T11:28:06Z</time>
        <extensions>
          <gpxtpx:TrackPointExtension>
            <gpxtpx:atemp>6.3</gpxtpx:atemp>
          </gpxtpx:TrackPointExtension>
          <gpxx:TrackPointExtension>
            <gpxx:Temperature>6.3</gpxx:Temperature>
          </gpxx:TrackPointExtension>
        </extensions>
      </trkpt>
      <trkpt lat="46.442226553335786" lon="13.65660734474659">
        <ele>2419.7800000000002</ele>
        <time>2014-08-17T11:28:39Z</time>
        <extensions>
          <gpxtpx:TrackPointExtension>
            <gpxtpx:atemp>6</gpxtpx:atemp>
          </gpxtpx:TrackPointExtension>
          <gpxx:TrackPointExtension>
            <gpxx:Temperature>6</gpxx:Temperature>
          </gpxx:TrackPointExtension>
        </extensions>
      </trkpt>
      <trkpt lat="46.442236946895719" lon="13.656587563455105">
        <ele>2418.8099999999999</ele>
        <time>2014-08-17T11:28:45Z</time>
        <extensions>
          <gpxtpx:TrackPointExtension>
            <gpxtpx:atemp>6</gpxtpx:atemp>
          </gpxtpx:TrackPointExtension>
          <gpxx:TrackPointExtension>
            <gpxx:Temperature>6</gpxx:Temperature>
          </gpxx:TrackPointExtension>
        </extensions>
      </trkpt>
      <trkpt lat="46.44225019030273" lon="13.656570883467793">
        <ele>2417.3699999999999</ele>
        <time>2014-08-17T11:28:48Z</time>
        <extensions>
          <gpxtpx:TrackPointExtension>
            <gpxtpx:atemp>6</gpxtpx:atemp>
          </gpxtpx:TrackPointExtension>
          <gpxx:TrackPointExtension>
            <gpxx:Temperature>6</gpxx:Temperature>
          </gpxx:TrackPointExtension>
        </extensions>
      </trkpt>
      <trkpt lat="46.442269720137119" lon="13.656514808535576">
        <ele>2414.9699999999998</ele>
        <time>2014-08-17T11:29:05Z</time>
        <extensions>
          <gpxtpx:TrackPointExtension>
            <gpxtpx:atemp>6</gpxtpx:atemp>
          </gpxtpx:TrackPointExtension>
          <gpxx:TrackPointExtension>
            <gpxx:Temperature>6</gpxx:Temperature>
          </gpxx:TrackPointExtension>
        </extensions>
      </trkpt>
      <trkpt lat="46.44229176454246" lon="13.656492931768298">
        <ele>2413.5300000000002</ele>
        <time>2014-08-17T11:29:24Z</time>
        <extensions>
          <gpxtpx:TrackPointExtension>
            <gpxtpx:atemp>5.7</gpxtpx:atemp>
          </gpxtpx:TrackPointExtension>
          <gpxx:TrackPointExtension>
            <gpxx:Temperature>5.7</gpxx:Temperature>
          </gpxx:TrackPointExtension>
        </extensions>
      </trkpt>
      <trkpt lat="46.442304169759154" lon="13.656477676704526">
        <ele>2412.5700000000002</ele>
        <time>2014-08-17T11:29:29Z</time>
        <extensions>
          <gpxtpx:TrackPointExtension>
            <gpxtpx:atemp>5.7</gpxtpx:atemp>
          </gpxtpx:TrackPointExtension>
          <gpxx:TrackPointExtension>
            <gpxx:Temperature>5.7</gpxx:Temperature>
          </gpxx:TrackPointExtension>
        </extensions>
      </trkpt>
      <trkpt lat="46.442331159487367" lon="13.656434845179319">
        <ele>2408.2399999999998</ele>
        <time>2014-08-17T11:29:52Z</time>
        <extensions>
          <gpxtpx:TrackPointExtension>
            <gpxtpx:atemp>5.7</gpxtpx:atemp>
          </gpxtpx:TrackPointExtension>
          <gpxx:TrackPointExtension>
            <gpxx:Temperature>5.7</gpxx:Temperature>
          </gpxx:TrackPointExtension>
        </extensions>
      </trkpt>
      <trkpt lat="46.442347085103393" lon="13.656401904299855">
        <ele>2405.8400000000001</ele>
        <time>2014-08-17T11:30:08Z</time>
        <extensions>
          <gpxtpx:TrackPointExtension>
            <gpxtpx:atemp>5.7</gpxtpx:atemp>
          </gpxtpx:TrackPointExtension>
          <gpxx:TrackPointExtension>
            <gpxx:Temperature>5.7</gpxx:Temperature>
          </gpxx:TrackPointExtension>
        </extensions>
      </trkpt>
      <trkpt lat="46.442352617159486" lon="13.656383631750941">
        <ele>2404.8800000000001</ele>
        <time>2014-08-17T11:30:17Z</time>
        <extensions>
          <gpxtpx:TrackPointExtension>
            <gpxtpx:atemp>5.7</gpxtpx:atemp>
          </gpxtpx:TrackPointExtension>
          <gpxx:TrackPointExtension>
            <gpxx:Temperature>5.7</gpxx:Temperature>
          </gpxx:TrackPointExtension>
        </extensions>
      </trkpt>
      <trkpt lat="46.442376086488366" lon="13.656366029754281">
        <ele>2402.9499999999998</ele>
        <time>2014-08-17T11:30:26Z</time>
        <extensions>
          <gpxtpx:TrackPointExtension>
            <gpxtpx:atemp>5.9</gpxtpx:atemp>
          </gpxtpx:TrackPointExtension>
          <gpxx:TrackPointExtension>
            <gpxx:Temperature>5.9</gpxx:Temperature>
          </gpxx:TrackPointExtension>
        </extensions>
      </trkpt>
      <trkpt lat="46.442413302138448" lon="13.656429732218385">
        <ele>2401.5100000000002</ele>
        <time>2014-08-17T11:30:34Z</time>
        <extensions>
          <gpxtpx:TrackPointExtension>
            <gpxtpx:atemp>5.9</gpxtpx:atemp>
          </gpxtpx:TrackPointExtension>
          <gpxx:TrackPointExtension>
            <gpxx:Temperature>5.9</gpxx:Temperature>
          </gpxx:TrackPointExtension>
        </extensions>
      </trkpt>
      <trkpt lat="46.442428976297379" lon="13.656449094414711">
        <ele>2400.5500000000002</ele>
        <time>2014-08-17T11:30:40Z</time>
        <extensions>
          <gpxtpx:TrackPointExtension>
            <gpxtpx:atemp>5.9</gpxtpx:atemp>
          </gpxtpx:TrackPointExtension>
          <gpxx:TrackPointExtension>
            <gpxx:Temperature>5.9</gpxx:Temperature>
          </gpxx:TrackPointExtension>
        </extensions>
      </trkpt>
      <trkpt lat="46.442445572465658" lon="13.656435096636415">
        <ele>2400.0700000000002</ele>
        <time>2014-08-17T11:30:49Z</time>
        <extensions>
          <gpxtpx:TrackPointExtension>
            <gpxtpx:atemp>5.9</gpxtpx:atemp>
          </gpxtpx:TrackPointExtension>
          <gpxx:TrackPointExtension>
            <gpxx:Temperature>5.9</gpxx:Temperature>
          </gpxx:TrackPointExtension>
        </extensions>
      </trkpt>
      <trkpt lat="46.442460073158145" lon="13.656422104686499">
        <ele>2397.6700000000001</ele>
        <time>2014-08-17T11:30:55Z</time>
        <extensions>
          <gpxtpx:TrackPointExtension>
            <gpxtpx:atemp>5.9</gpxtpx:atemp>
          </gpxtpx:TrackPointExtension>
          <gpxx:TrackPointExtension>
            <gpxx:Temperature>5.9</gpxx:Temperature>
          </gpxx:TrackPointExtension>
        </extensions>
      </trkpt>
      <trkpt lat="46.442463090643287" lon="13.656372902914882">
        <ele>2396.6999999999998</ele>
        <time>2014-08-17T11:31:01Z</time>
        <extensions>
          <gpxtpx:TrackPointExtension>
            <gpxtpx:atemp>5.9</gpxtpx:atemp>
          </gpxtpx:TrackPointExtension>
          <gpxx:TrackPointExtension>
            <gpxx:Temperature>5.9</gpxx:Temperature>
          </gpxx:TrackPointExtension>
        </extensions>
      </trkpt>
      <trkpt lat="46.442470131441951" lon="13.65632931701839">
        <ele>2394.7800000000002</ele>
        <time>2014-08-17T11:31:08Z</time>
        <extensions>
          <gpxtpx:TrackPointExtension>
            <gpxtpx:atemp>5.9</gpxtpx:atemp>
          </gpxtpx:TrackPointExtension>
          <gpxx:TrackPointExtension>
            <gpxx:Temperature>5.9</gpxx:Temperature>
          </gpxx:TrackPointExtension>
        </extensions>
      </trkpt>
      <trkpt lat="46.442495863884687" lon="13.656287156045437">
        <ele>2391.4200000000001</ele>
        <time>2014-08-17T11:31:29Z</time>
        <extensions>
          <gpxtpx:TrackPointExtension>
            <gpxtpx:atemp>5.7</gpxtpx:atemp>
          </gpxtpx:TrackPointExtension>
          <gpxx:TrackPointExtension>
            <gpxx:Temperature>5.7</gpxx:Temperature>
          </gpxx:TrackPointExtension>
        </extensions>
      </trkpt>
      <trkpt lat="46.442504329606891" lon="13.656268129125237">
        <ele>2390.46</ele>
        <time>2014-08-17T11:31:39Z</time>
        <extensions>
          <gpxtpx:TrackPointExtension>
            <gpxtpx:atemp>5.7</gpxtpx:atemp>
          </gpxtpx:TrackPointExtension>
          <gpxx:TrackPointExtension>
            <gpxx:Temperature>5.7</gpxx:Temperature>
          </gpxx:TrackPointExtension>
        </extensions>
      </trkpt>
      <trkpt lat="46.442526374012232" lon="13.656256813555956">
        <ele>2389.0100000000002</ele>
        <time>2014-08-17T11:31:44Z</time>
        <extensions>
          <gpxtpx:TrackPointExtension>
            <gpxtpx:atemp>5.7</gpxtpx:atemp>
          </gpxtpx:TrackPointExtension>
          <gpxx:TrackPointExtension>
            <gpxx:Temperature>5.7</gpxx:Temperature>
          </gpxx:TrackPointExtension>
        </extensions>
      </trkpt>
      <trkpt lat="46.442506508901715" lon="13.656228315085173">
        <ele>2387.5700000000002</ele>
        <time>2014-08-17T11:31:52Z</time>
        <extensions>
          <gpxtpx:TrackPointExtension>
            <gpxtpx:atemp>5.7</gpxtpx:atemp>
          </gpxtpx:TrackPointExtension>
          <gpxx:TrackPointExtension>
            <gpxx:Temperature>5.7</gpxx:Temperature>
          </gpxx:TrackPointExtension>
        </extensions>
      </trkpt>
      <trkpt lat="46.442498210817575" lon="13.656204426661134">
        <ele>2387.0900000000001</ele>
        <time>2014-08-17T11:32:00Z</time>
        <extensions>
          <gpxtpx:TrackPointExtension>
            <gpxtpx:atemp>5.7</gpxtpx:atemp>
          </gpxtpx:TrackPointExtension>
          <gpxx:TrackPointExtension>
            <gpxx:Temperature>5.7</gpxx:Temperature>
          </gpxx:TrackPointExtension>
        </extensions>
      </trkpt>
      <trkpt lat="46.442510280758142" lon="13.656164947897196">
        <ele>2386.1300000000001</ele>
        <time>2014-08-17T11:32:08Z</time>
        <extensions>
          <gpxtpx:TrackPointExtension>
            <gpxtpx:atemp>5.7</gpxtpx:atemp>
          </gpxtpx:TrackPointExtension>
          <gpxx:TrackPointExtension>
            <gpxx:Temperature>5.7</gpxx:Temperature>
          </gpxx:TrackPointExtension>
        </extensions>
      </trkpt>
      <trkpt lat="46.442526709288359" lon="13.65612018853426">
        <ele>2383.25</ele>
        <time>2014-08-17T11:32:29Z</time>
        <extensions>
          <gpxtpx:TrackPointExtension>
            <gpxtpx:atemp>5.7</gpxtpx:atemp>
          </gpxtpx:TrackPointExtension>
          <gpxx:TrackPointExtension>
            <gpxx:Temperature>5.7</gpxx:Temperature>
          </gpxx:TrackPointExtension>
        </extensions>
      </trkpt>
      <trkpt lat="46.442553782835603" lon="13.656061599031091">
        <ele>2380.8400000000001</ele>
        <time>2014-08-17T11:32:36Z</time>
        <extensions>
          <gpxtpx:TrackPointExtension>
            <gpxtpx:atemp>5.7</gpxtpx:atemp>
          </gpxtpx:TrackPointExtension>
          <gpxx:TrackPointExtension>
            <gpxx:Temperature>5.7</gpxx:Temperature>
          </gpxx:TrackPointExtension>
        </extensions>
      </trkpt>
      <trkpt lat="46.442545233294368" lon="13.656044751405716">
        <ele>2378.9200000000001</ele>
        <time>2014-08-17T11:32:44Z</time>
        <extensions>
          <gpxtpx:TrackPointExtension>
            <gpxtpx:atemp>5.7</gpxtpx:atemp>
          </gpxtpx:TrackPointExtension>
          <gpxx:TrackPointExtension>
            <gpxx:Temperature>5.7</gpxx:Temperature>
          </gpxx:TrackPointExtension>
        </extensions>
      </trkpt>
      <trkpt lat="46.442555207759142" lon="13.656005859375">
        <ele>2376.52</ele>
        <time>2014-08-17T11:32:50Z</time>
        <extensions>
          <gpxtpx:TrackPointExtension>
            <gpxtpx:atemp>5.7</gpxtpx:atemp>
          </gpxtpx:TrackPointExtension>
          <gpxx:TrackPointExtension>
            <gpxx:Temperature>5.7</gpxx:Temperature>
          </gpxx:TrackPointExtension>
        </extensions>
      </trkpt>
      <trkpt lat="46.442592423409224" lon="13.655964201316237">
        <ele>2373.6300000000001</ele>
        <time>2014-08-17T11:32:57Z</time>
        <extensions>
          <gpxtpx:TrackPointExtension>
            <gpxtpx:atemp>5.7</gpxtpx:atemp>
          </gpxtpx:TrackPointExtension>
          <gpxx:TrackPointExtension>
            <gpxx:Temperature>5.7</gpxx:Temperature>
          </gpxx:TrackPointExtension>
        </extensions>
      </trkpt>
      <trkpt lat="46.442658891901374" lon="13.65597065538168">
        <ele>2372.1900000000001</ele>
        <time>2014-08-17T11:33:05Z</time>
        <extensions>
          <gpxtpx:TrackPointExtension>
            <gpxtpx:atemp>5.7</gpxtpx:atemp>
          </gpxtpx:TrackPointExtension>
          <gpxx:TrackPointExtension>
            <gpxx:Temperature>5.7</gpxx:Temperature>
          </gpxx:TrackPointExtension>
        </extensions>
      </trkpt>
      <trkpt lat="46.442658053711057" lon="13.655919190496206">
        <ele>2371.23</ele>
        <time>2014-08-17T11:33:12Z</time>
        <extensions>
          <gpxtpx:TrackPointExtension>
            <gpxtpx:atemp>5.7</gpxtpx:atemp>
          </gpxtpx:TrackPointExtension>
          <gpxx:TrackPointExtension>
            <gpxx:Temperature>5.7</gpxx:Temperature>
          </gpxx:TrackPointExtension>
        </extensions>
      </trkpt>
      <trkpt lat="46.442656293511391" lon="13.655870826914907">
        <ele>2369.3099999999999</ele>
        <time>2014-08-17T11:33:19Z</time>
        <extensions>
          <gpxtpx:TrackPointExtension>
            <gpxtpx:atemp>5.7</gpxtpx:atemp>
          </gpxtpx:TrackPointExtension>
          <gpxx:TrackPointExtension>
            <gpxx:Temperature>5.7</gpxx:Temperature>
          </gpxx:TrackPointExtension>
        </extensions>
      </trkpt>
      <trkpt lat="46.442694431170821" lon="13.655856158584356">
        <ele>2367.3800000000001</ele>
        <time>2014-08-17T11:33:32Z</time>
        <extensions>
          <gpxtpx:TrackPointExtension>
            <gpxtpx:atemp>5.9</gpxtpx:atemp>
          </gpxtpx:TrackPointExtension>
          <gpxx:TrackPointExtension>
            <gpxx:Temperature>5.9</gpxx:Temperature>
          </gpxx:TrackPointExtension>
        </extensions>
      </trkpt>
      <trkpt lat="46.442707674577832" lon="13.655845010653138">
        <ele>2365.9400000000001</ele>
        <time>2014-08-17T11:33:38Z</time>
        <extensions>
          <gpxtpx:TrackPointExtension>
            <gpxtpx:atemp>5.9</gpxtpx:atemp>
          </gpxtpx:TrackPointExtension>
          <gpxx:TrackPointExtension>
            <gpxx:Temperature>5.9</gpxx:Temperature>
          </gpxx:TrackPointExtension>
        </extensions>
      </trkpt>
      <trkpt lat="46.442711530253291" lon="13.655800586566329">
        <ele>2364.5</ele>
        <time>2014-08-17T11:33:45Z</time>
        <extensions>
          <gpxtpx:TrackPointExtension>
            <gpxtpx:atemp>5.9</gpxtpx:atemp>
          </gpxtpx:TrackPointExtension>
          <gpxx:TrackPointExtension>
            <gpxx:Temperature>5.9</gpxx:Temperature>
          </gpxx:TrackPointExtension>
        </extensions>
      </trkpt>
      <trkpt lat="46.442725444212556" lon="13.65578549914062">
        <ele>2364.02</ele>
        <time>2014-08-17T11:33:49Z</time>
        <extensions>
          <gpxtpx:TrackPointExtension>
            <gpxtpx:atemp>5.9</gpxtpx:atemp>
          </gpxtpx:TrackPointExtension>
          <gpxx:TrackPointExtension>
            <gpxx:Temperature>5.9</gpxx:Temperature>
          </gpxx:TrackPointExtension>
        </extensions>
      </trkpt>
      <trkpt lat="46.442724606022239" lon="13.655760856345296">
        <ele>2363.0599999999999</ele>
        <time>2014-08-17T11:33:51Z</time>
        <extensions>
          <gpxtpx:TrackPointExtension>
            <gpxtpx:atemp>5.9</gpxtpx:atemp>
          </gpxtpx:TrackPointExtension>
          <gpxx:TrackPointExtension>
            <gpxx:Temperature>5.9</gpxx:Temperature>
          </gpxx:TrackPointExtension>
        </extensions>
      </trkpt>
      <trkpt lat="46.442697532474995" lon="13.655692879110575">
        <ele>2361.6199999999999</ele>
        <time>2014-08-17T11:33:59Z</time>
        <extensions>
          <gpxtpx:TrackPointExtension>
            <gpxtpx:atemp>5.9</gpxtpx:atemp>
          </gpxtpx:TrackPointExtension>
          <gpxx:TrackPointExtension>
            <gpxx:Temperature>5.9</gpxx:Temperature>
          </gpxx:TrackPointExtension>
        </extensions>
      </trkpt>
      <trkpt lat="46.442710440605879" lon="13.655647449195385">
        <ele>2359.21</ele>
        <time>2014-08-17T11:34:08Z</time>
        <extensions>
          <gpxtpx:TrackPointExtension>
            <gpxtpx:atemp>5.9</gpxtpx:atemp>
          </gpxtpx:TrackPointExtension>
          <gpxx:TrackPointExtension>
            <gpxx:Temperature>5.9</gpxx:Temperature>
          </gpxx:TrackPointExtension>
        </extensions>
      </trkpt>
      <trkpt lat="46.442690407857299" lon="13.655583495274186">
        <ele>2357.77</ele>
        <time>2014-08-17T11:34:16Z</time>
        <extensions>
          <gpxtpx:TrackPointExtension>
            <gpxtpx:atemp>5.9</gpxtpx:atemp>
          </gpxtpx:TrackPointExtension>
          <gpxx:TrackPointExtension>
            <gpxx:Temperature>5.9</gpxx:Temperature>
          </gpxx:TrackPointExtension>
        </extensions>
      </trkpt>
      <trkpt lat="46.442663837224245" lon="13.65554946474731">
        <ele>2357.29</ele>
        <time>2014-08-17T11:34:20Z</time>
        <extensions>
          <gpxtpx:TrackPointExtension>
            <gpxtpx:atemp>6.3</gpxtpx:atemp>
          </gpxtpx:TrackPointExtension>
          <gpxx:TrackPointExtension>
            <gpxx:Temperature>6.3</gpxx:Temperature>
          </gpxx:TrackPointExtension>
        </extensions>
      </trkpt>
      <trkpt lat="46.442629136145115" lon="13.655489282682538">
        <ele>2355.3699999999999</ele>
        <time>2014-08-17T11:34:34Z</time>
        <extensions>
          <gpxtpx:TrackPointExtension>
            <gpxtpx:atemp>6.3</gpxtpx:atemp>
          </gpxtpx:TrackPointExtension>
          <gpxx:TrackPointExtension>
            <gpxx:Temperature>6.3</gpxx:Temperature>
          </gpxx:TrackPointExtension>
        </extensions>
      </trkpt>
      <trkpt lat="46.442633243277669" lon="13.655453911051154">
        <ele>2353.4400000000001</ele>
        <time>2014-08-17T11:34:43Z</time>
        <extensions>
          <gpxtpx:TrackPointExtension>
            <gpxtpx:atemp>6.3</gpxtpx:atemp>
          </gpxtpx:TrackPointExtension>
          <gpxx:TrackPointExtension>
            <gpxx:Temperature>6.3</gpxx:Temperature>
          </gpxx:TrackPointExtension>
        </extensions>
      </trkpt>
      <trkpt lat="46.442631399258971" lon="13.655421137809753">
        <ele>2351.52</ele>
        <time>2014-08-17T11:34:51Z</time>
        <extensions>
          <gpxtpx:TrackPointExtension>
            <gpxtpx:atemp>6.3</gpxtpx:atemp>
          </gpxtpx:TrackPointExtension>
          <gpxx:TrackPointExtension>
            <gpxx:Temperature>6.3</gpxx:Temperature>
          </gpxx:TrackPointExtension>
        </extensions>
      </trkpt>
      <trkpt lat="46.442626370117068" lon="13.65538434125483">
        <ele>2349.1199999999999</ele>
        <time>2014-08-17T11:34:59Z</time>
        <extensions>
          <gpxtpx:TrackPointExtension>
            <gpxtpx:atemp>6.3</gpxtpx:atemp>
          </gpxtpx:TrackPointExtension>
          <gpxx:TrackPointExtension>
            <gpxx:Temperature>6.3</gpxx:Temperature>
          </gpxx:TrackPointExtension>
        </extensions>
      </trkpt>
      <trkpt lat="46.442622095346451" lon="13.655351400375366">
        <ele>2347.6799999999998</ele>
        <time>2014-08-17T11:35:05Z</time>
        <extensions>
          <gpxtpx:TrackPointExtension>
            <gpxtpx:atemp>6.3</gpxtpx:atemp>
          </gpxtpx:TrackPointExtension>
          <gpxx:TrackPointExtension>
            <gpxx:Temperature>6.3</gpxx:Temperature>
          </gpxx:TrackPointExtension>
        </extensions>
      </trkpt>
      <trkpt lat="46.442629722878337" lon="13.655314184725285">
        <ele>2345.75</ele>
        <time>2014-08-17T11:35:11Z</time>
        <extensions>
          <gpxtpx:TrackPointExtension>
            <gpxtpx:atemp>6.3</gpxtpx:atemp>
          </gpxtpx:TrackPointExtension>
          <gpxx:TrackPointExtension>
            <gpxx:Temperature>6.3</gpxx:Temperature>
          </gpxx:TrackPointExtension>
        </extensions>
      </trkpt>
      <trkpt lat="46.442634416744113" lon="13.655263474211097">
        <ele>2342.8699999999999</ele>
        <time>2014-08-17T11:35:24Z</time>
        <extensions>
          <gpxtpx:TrackPointExtension>
            <gpxtpx:atemp>6.3</gpxtpx:atemp>
          </gpxtpx:TrackPointExtension>
          <gpxx:TrackPointExtension>
            <gpxx:Temperature>6.3</gpxx:Temperature>
          </gpxx:TrackPointExtension>
        </extensions>
      </trkpt>
      <trkpt lat="46.442648163065314" lon="13.655242435634136">
        <ele>2340.4699999999998</ele>
        <time>2014-08-17T11:35:58Z</time>
        <extensions>
          <gpxtpx:TrackPointExtension>
            <gpxtpx:atemp>6.3</gpxtpx:atemp>
          </gpxtpx:TrackPointExtension>
          <gpxx:TrackPointExtension>
            <gpxx:Temperature>6.3</gpxx:Temperature>
          </gpxx:TrackPointExtension>
        </extensions>
      </trkpt>
      <trkpt lat="46.442663250491023" lon="13.655212260782719">
        <ele>2338.54</ele>
        <time>2014-08-17T11:36:05Z</time>
        <extensions>
          <gpxtpx:TrackPointExtension>
            <gpxtpx:atemp>6.3</gpxtpx:atemp>
          </gpxtpx:TrackPointExtension>
          <gpxx:TrackPointExtension>
            <gpxx:Temperature>6.3</gpxx:Temperature>
          </gpxx:TrackPointExtension>
        </extensions>
      </trkpt>
      <trkpt lat="46.442675571888685" lon="13.655172027647495">
        <ele>2337.5799999999999</ele>
        <time>2014-08-17T11:36:11Z</time>
        <extensions>
          <gpxtpx:TrackPointExtension>
            <gpxtpx:atemp>6.3</gpxtpx:atemp>
          </gpxtpx:TrackPointExtension>
          <gpxx:TrackPointExtension>
            <gpxx:Temperature>6.3</gpxx:Temperature>
          </gpxx:TrackPointExtension>
        </extensions>
      </trkpt>
      <trkpt lat="46.442686719819903" lon="13.655122742056847">
        <ele>2335.1799999999998</ele>
        <time>2014-08-17T11:36:17Z</time>
        <extensions>
          <gpxtpx:TrackPointExtension>
            <gpxtpx:atemp>6.3</gpxtpx:atemp>
          </gpxtpx:TrackPointExtension>
          <gpxx:TrackPointExtension>
            <gpxx:Temperature>6.3</gpxx:Temperature>
          </gpxx:TrackPointExtension>
        </extensions>
      </trkpt>
      <trkpt lat="46.442691329866648" lon="13.655081251636147">
        <ele>2333.2600000000002</ele>
        <time>2014-08-17T11:36:24Z</time>
        <extensions>
          <gpxtpx:TrackPointExtension>
            <gpxtpx:atemp>6.4</gpxtpx:atemp>
          </gpxtpx:TrackPointExtension>
          <gpxx:TrackPointExtension>
            <gpxx:Temperature>6.4</gpxx:Temperature>
          </gpxx:TrackPointExtension>
        </extensions>
      </trkpt>
      <trkpt lat="46.442700549960136" lon="13.655046885833144">
        <ele>2330.8499999999999</ele>
        <time>2014-08-17T11:36:31Z</time>
        <extensions>
          <gpxtpx:TrackPointExtension>
            <gpxtpx:atemp>6.4</gpxtpx:atemp>
          </gpxtpx:TrackPointExtension>
          <gpxx:TrackPointExtension>
            <gpxx:Temperature>6.4</gpxx:Temperature>
          </gpxx:TrackPointExtension>
        </extensions>
      </trkpt>
      <trkpt lat="46.442711446434259" lon="13.654997181147337">
        <ele>2329.8899999999999</ele>
        <time>2014-08-17T11:36:37Z</time>
        <extensions>
          <gpxtpx:TrackPointExtension>
            <gpxtpx:atemp>6.4</gpxtpx:atemp>
          </gpxtpx:TrackPointExtension>
          <gpxx:TrackPointExtension>
            <gpxx:Temperature>6.4</gpxx:Temperature>
          </gpxx:TrackPointExtension>
        </extensions>
      </trkpt>
      <trkpt lat="46.442707926034927" lon="13.654972454532981">
        <ele>2328.4499999999998</ele>
        <time>2014-08-17T11:36:42Z</time>
        <extensions>
          <gpxtpx:TrackPointExtension>
            <gpxtpx:atemp>6.4</gpxtpx:atemp>
          </gpxtpx:TrackPointExtension>
          <gpxx:TrackPointExtension>
            <gpxx:Temperature>6.4</gpxx:Temperature>
          </gpxx:TrackPointExtension>
        </extensions>
      </trkpt>
      <trkpt lat="46.442719241604209" lon="13.654916882514954">
        <ele>2327.4899999999998</ele>
        <time>2014-08-17T11:36:47Z</time>
        <extensions>
          <gpxtpx:TrackPointExtension>
            <gpxtpx:atemp>6.4</gpxtpx:atemp>
          </gpxtpx:TrackPointExtension>
          <gpxx:TrackPointExtension>
            <gpxx:Temperature>6.4</gpxx:Temperature>
          </gpxx:TrackPointExtension>
        </extensions>
      </trkpt>
      <trkpt lat="46.442758971825242" lon="13.654869692400098">
        <ele>2326.0500000000002</ele>
        <time>2014-08-17T11:36:53Z</time>
        <extensions>
          <gpxtpx:TrackPointExtension>
            <gpxtpx:atemp>6.4</gpxtpx:atemp>
          </gpxtpx:TrackPointExtension>
          <gpxx:TrackPointExtension>
            <gpxx:Temperature>6.4</gpxx:Temperature>
          </gpxx:TrackPointExtension>
        </extensions>
      </trkpt>
      <trkpt lat="46.442765928804874" lon="13.654842870309949">
        <ele>2322.1999999999998</ele>
        <time>2014-08-17T11:37:11Z</time>
        <extensions>
          <gpxtpx:TrackPointExtension>
            <gpxtpx:atemp>6.4</gpxtpx:atemp>
          </gpxtpx:TrackPointExtension>
          <gpxx:TrackPointExtension>
            <gpxx:Temperature>6.4</gpxx:Temperature>
          </gpxx:TrackPointExtension>
        </extensions>
      </trkpt>
      <trkpt lat="46.442792667075992" lon="13.654791992157698">
        <ele>2319.8000000000002</ele>
        <time>2014-08-17T11:37:17Z</time>
        <extensions>
          <gpxtpx:TrackPointExtension>
            <gpxtpx:atemp>6.4</gpxtpx:atemp>
          </gpxtpx:TrackPointExtension>
          <gpxx:TrackPointExtension>
            <gpxx:Temperature>6.4</gpxx:Temperature>
          </gpxx:TrackPointExtension>
        </extensions>
      </trkpt>
      <trkpt lat="46.442817812785506" lon="13.654797775670886">
        <ele>2319.3200000000002</ele>
        <time>2014-08-17T11:37:20Z</time>
        <extensions>
          <gpxtpx:TrackPointExtension>
            <gpxtpx:atemp>6.5</gpxtpx:atemp>
          </gpxtpx:TrackPointExtension>
          <gpxx:TrackPointExtension>
            <gpxx:Temperature>6.5</gpxx:Temperature>
          </gpxx:TrackPointExtension>
        </extensions>
      </trkpt>
      <trkpt lat="46.442831894382834" lon="13.654743041843176">
        <ele>2315.4699999999998</ele>
        <time>2014-08-17T11:37:34Z</time>
        <extensions>
          <gpxtpx:TrackPointExtension>
            <gpxtpx:atemp>6.5</gpxtpx:atemp>
          </gpxtpx:TrackPointExtension>
          <gpxx:TrackPointExtension>
            <gpxx:Temperature>6.5</gpxx:Temperature>
          </gpxx:TrackPointExtension>
        </extensions>
      </trkpt>
      <trkpt lat="46.442839270457625" lon="13.65472175180912">
        <ele>2311.6300000000001</ele>
        <time>2014-08-17T11:37:47Z</time>
        <extensions>
          <gpxtpx:TrackPointExtension>
            <gpxtpx:atemp>6.5</gpxtpx:atemp>
          </gpxtpx:TrackPointExtension>
          <gpxx:TrackPointExtension>
            <gpxx:Temperature>6.5</gpxx:Temperature>
          </gpxx:TrackPointExtension>
        </extensions>
      </trkpt>
      <trkpt lat="46.442871540784836" lon="13.654753854498267">
        <ele>2308.7399999999998</ele>
        <time>2014-08-17T11:37:54Z</time>
        <extensions>
          <gpxtpx:TrackPointExtension>
            <gpxtpx:atemp>6.5</gpxtpx:atemp>
          </gpxtpx:TrackPointExtension>
          <gpxx:TrackPointExtension>
            <gpxx:Temperature>6.5</gpxx:Temperature>
          </gpxx:TrackPointExtension>
        </extensions>
      </trkpt>
      <trkpt lat="46.442919401451945" lon="13.654763912782073">
        <ele>2305.8600000000001</ele>
        <time>2014-08-17T11:38:02Z</time>
        <extensions>
          <gpxtpx:TrackPointExtension>
            <gpxtpx:atemp>6.5</gpxtpx:atemp>
          </gpxtpx:TrackPointExtension>
          <gpxx:TrackPointExtension>
            <gpxx:Temperature>6.5</gpxx:Temperature>
          </gpxx:TrackPointExtension>
        </extensions>
      </trkpt>
      <trkpt lat="46.44293918274343" lon="13.654723512008786">
        <ele>2304.9000000000001</ele>
        <time>2014-08-17T11:38:10Z</time>
        <extensions>
          <gpxtpx:TrackPointExtension>
            <gpxtpx:atemp>6.5</gpxtpx:atemp>
          </gpxtpx:TrackPointExtension>
          <gpxx:TrackPointExtension>
            <gpxx:Temperature>6.5</gpxx:Temperature>
          </gpxx:TrackPointExtension>
        </extensions>
      </trkpt>
      <trkpt lat="46.442965837195516" lon="13.654704820364714">
        <ele>2302.4899999999998</ele>
        <time>2014-08-17T11:38:16Z</time>
        <extensions>
          <gpxtpx:TrackPointExtension>
            <gpxtpx:atemp>6.5</gpxtpx:atemp>
          </gpxtpx:TrackPointExtension>
          <gpxx:TrackPointExtension>
            <gpxx:Temperature>6.5</gpxx:Temperature>
          </gpxx:TrackPointExtension>
        </extensions>
      </trkpt>
      <trkpt lat="46.442990060895681" lon="13.654713369905949">
        <ele>2300.5700000000002</ele>
        <time>2014-08-17T11:39:06Z</time>
        <extensions>
          <gpxtpx:TrackPointExtension>
            <gpxtpx:atemp>6.4</gpxtpx:atemp>
          </gpxtpx:TrackPointExtension>
          <gpxx:TrackPointExtension>
            <gpxx:Temperature>6.4</gpxx:Temperature>
          </gpxx:TrackPointExtension>
        </extensions>
      </trkpt>
      <trkpt lat="46.443013278767467" lon="13.654729379341006">
        <ele>2300.0900000000001</ele>
        <time>2014-08-17T11:39:53Z</time>
        <extensions>
          <gpxtpx:TrackPointExtension>
            <gpxtpx:atemp>7</gpxtpx:atemp>
          </gpxtpx:TrackPointExtension>
          <gpxx:TrackPointExtension>
            <gpxx:Temperature>7</gpxx:Temperature>
          </gpxx:TrackPointExtension>
        </extensions>
      </trkpt>
      <trkpt lat="46.443057199940085" lon="13.654677662998438">
        <ele>2296.25</ele>
        <time>2014-08-17T11:40:01Z</time>
        <extensions>
          <gpxtpx:TrackPointExtension>
            <gpxtpx:atemp>7</gpxtpx:atemp>
          </gpxtpx:TrackPointExtension>
          <gpxx:TrackPointExtension>
            <gpxx:Temperature>7</gpxx:Temperature>
          </gpxx:TrackPointExtension>
        </extensions>
      </trkpt>
      <trkpt lat="46.443082513287663" lon="13.65466458722949">
        <ele>2296.25</ele>
        <time>2014-08-17T11:40:05Z</time>
        <extensions>
          <gpxtpx:TrackPointExtension>
            <gpxtpx:atemp>7</gpxtpx:atemp>
          </gpxtpx:TrackPointExtension>
          <gpxx:TrackPointExtension>
            <gpxx:Temperature>7</gpxx:Temperature>
          </gpxx:TrackPointExtension>
        </extensions>
      </trkpt>
      <trkpt lat="46.443097852170467" lon="13.654625779017806">
        <ele>2295.2800000000002</ele>
        <time>2014-08-17T11:40:23Z</time>
        <extensions>
          <gpxtpx:TrackPointExtension>
            <gpxtpx:atemp>7.3</gpxtpx:atemp>
          </gpxtpx:TrackPointExtension>
          <gpxx:TrackPointExtension>
            <gpxx:Temperature>7.3</gpxx:Temperature>
          </gpxx:TrackPointExtension>
        </extensions>
      </trkpt>
      <trkpt lat="46.443146131932735" lon="13.65456148982048">
        <ele>2291.9200000000001</ele>
        <time>2014-08-17T11:40:38Z</time>
        <extensions>
          <gpxtpx:TrackPointExtension>
            <gpxtpx:atemp>7.3</gpxtpx:atemp>
          </gpxtpx:TrackPointExtension>
          <gpxx:TrackPointExtension>
            <gpxx:Temperature>7.3</gpxx:Temperature>
          </gpxx:TrackPointExtension>
        </extensions>
      </trkpt>
      <trkpt lat="46.4431790728122" lon="13.65457171574235">
        <ele>2291.9200000000001</ele>
        <time>2014-08-17T11:40:44Z</time>
        <extensions>
          <gpxtpx:TrackPointExtension>
            <gpxtpx:atemp>7.3</gpxtpx:atemp>
          </gpxtpx:TrackPointExtension>
          <gpxx:TrackPointExtension>
            <gpxx:Temperature>7.3</gpxx:Temperature>
          </gpxx:TrackPointExtension>
        </extensions>
      </trkpt>
      <trkpt lat="46.443200195208192" lon="13.654558137059212">
        <ele>2290.96</ele>
        <time>2014-08-17T11:41:27Z</time>
        <extensions>
          <gpxtpx:TrackPointExtension>
            <gpxtpx:atemp>6.8</gpxtpx:atemp>
          </gpxtpx:TrackPointExtension>
          <gpxx:TrackPointExtension>
            <gpxx:Temperature>6.8</gpxx:Temperature>
          </gpxx:TrackPointExtension>
        </extensions>
      </trkpt>
      <trkpt lat="46.443222826346755" lon="13.654566602781415">
        <ele>2290.96</ele>
        <time>2014-08-17T11:41:33Z</time>
        <extensions>
          <gpxtpx:TrackPointExtension>
            <gpxtpx:atemp>6.8</gpxtpx:atemp>
          </gpxtpx:TrackPointExtension>
          <gpxx:TrackPointExtension>
            <gpxx:Temperature>6.8</gpxx:Temperature>
          </gpxx:TrackPointExtension>
        </extensions>
      </trkpt>
      <trkpt lat="46.443264735862613" lon="13.654536595568061">
        <ele>2289.04</ele>
        <time>2014-08-17T11:41:50Z</time>
        <extensions>
          <gpxtpx:TrackPointExtension>
            <gpxtpx:atemp>6.8</gpxtpx:atemp>
          </gpxtpx:TrackPointExtension>
          <gpxx:TrackPointExtension>
            <gpxx:Temperature>6.8</gpxx:Temperature>
          </gpxx:TrackPointExtension>
        </extensions>
      </trkpt>
      <trkpt lat="46.443283427506685" lon="13.654531817883253">
        <ele>2290.48</ele>
        <time>2014-08-17T11:42:00Z</time>
        <extensions>
          <gpxtpx:TrackPointExtension>
            <gpxtpx:atemp>6.8</gpxtpx:atemp>
          </gpxtpx:TrackPointExtension>
          <gpxx:TrackPointExtension>
            <gpxx:Temperature>6.8</gpxx:Temperature>
          </gpxx:TrackPointExtension>
        </extensions>
      </trkpt>
      <trkpt lat="46.443305471912026" lon="13.654488064348698">
        <ele>2287.5900000000001</ele>
        <time>2014-08-17T11:42:16Z</time>
        <extensions>
          <gpxtpx:TrackPointExtension>
            <gpxtpx:atemp>6.8</gpxtpx:atemp>
          </gpxtpx:TrackPointExtension>
          <gpxx:TrackPointExtension>
            <gpxx:Temperature>6.8</gpxx:Temperature>
          </gpxx:TrackPointExtension>
        </extensions>
      </trkpt>
      <trkpt lat="46.443326007574797" lon="13.654478006064892">
        <ele>2288.5599999999999</ele>
        <time>2014-08-17T11:42:23Z</time>
        <extensions>
          <gpxtpx:TrackPointExtension>
            <gpxtpx:atemp>7.2</gpxtpx:atemp>
          </gpxtpx:TrackPointExtension>
          <gpxx:TrackPointExtension>
            <gpxx:Temperature>7.2</gpxx:Temperature>
          </gpxx:TrackPointExtension>
        </extensions>
      </trkpt>
      <trkpt lat="46.44334964454174" lon="13.654445819556713">
        <ele>2286.1500000000001</ele>
        <time>2014-08-17T11:42:31Z</time>
        <extensions>
          <gpxtpx:TrackPointExtension>
            <gpxtpx:atemp>7.2</gpxtpx:atemp>
          </gpxtpx:TrackPointExtension>
          <gpxx:TrackPointExtension>
            <gpxx:Temperature>7.2</gpxx:Temperature>
          </gpxx:TrackPointExtension>
        </extensions>
      </trkpt>
      <trkpt lat="46.443364480510354" lon="13.654387816786766">
        <ele>2283.27</ele>
        <time>2014-08-17T11:42:39Z</time>
        <extensions>
          <gpxtpx:TrackPointExtension>
            <gpxtpx:atemp>7.2</gpxtpx:atemp>
          </gpxtpx:TrackPointExtension>
          <gpxx:TrackPointExtension>
            <gpxx:Temperature>7.2</gpxx:Temperature>
          </gpxx:TrackPointExtension>
        </extensions>
      </trkpt>
      <trkpt lat="46.443371018394828" lon="13.654353534802794">
        <ele>2281.8299999999999</ele>
        <time>2014-08-17T11:42:45Z</time>
        <extensions>
          <gpxtpx:TrackPointExtension>
            <gpxtpx:atemp>7.2</gpxtpx:atemp>
          </gpxtpx:TrackPointExtension>
          <gpxx:TrackPointExtension>
            <gpxx:Temperature>7.2</gpxx:Temperature>
          </gpxx:TrackPointExtension>
        </extensions>
      </trkpt>
      <trkpt lat="46.443367833271623" lon="13.654314642772079">
        <ele>2281.8299999999999</ele>
        <time>2014-08-17T11:42:56Z</time>
        <extensions>
          <gpxtpx:TrackPointExtension>
            <gpxtpx:atemp>7.2</gpxtpx:atemp>
          </gpxtpx:TrackPointExtension>
          <gpxx:TrackPointExtension>
            <gpxx:Temperature>7.2</gpxx:Temperature>
          </gpxx:TrackPointExtension>
        </extensions>
      </trkpt>
      <trkpt lat="46.443379065021873" lon="13.654265189543366">
        <ele>2278.9400000000001</ele>
        <time>2014-08-17T11:43:01Z</time>
        <extensions>
          <gpxtpx:TrackPointExtension>
            <gpxtpx:atemp>7.2</gpxtpx:atemp>
          </gpxtpx:TrackPointExtension>
          <gpxx:TrackPointExtension>
            <gpxx:Temperature>7.2</gpxx:Temperature>
          </gpxx:TrackPointExtension>
        </extensions>
      </trkpt>
      <trkpt lat="46.443402450531721" lon="13.654236607253551">
        <ele>2277.98</ele>
        <time>2014-08-17T11:43:06Z</time>
        <extensions>
          <gpxtpx:TrackPointExtension>
            <gpxtpx:atemp>7.2</gpxtpx:atemp>
          </gpxtpx:TrackPointExtension>
          <gpxx:TrackPointExtension>
            <gpxx:Temperature>7.2</gpxx:Temperature>
          </gpxx:TrackPointExtension>
        </extensions>
      </trkpt>
      <trkpt lat="46.4434087369591" lon="13.654211293905973">
        <ele>2276.0599999999999</ele>
        <time>2014-08-17T11:43:09Z</time>
        <extensions>
          <gpxtpx:TrackPointExtension>
            <gpxtpx:atemp>7.2</gpxtpx:atemp>
          </gpxtpx:TrackPointExtension>
          <gpxx:TrackPointExtension>
            <gpxx:Temperature>7.2</gpxx:Temperature>
          </gpxx:TrackPointExtension>
        </extensions>
      </trkpt>
      <trkpt lat="46.443437403067946" lon="13.654183382168412">
        <ele>2275.0999999999999</ele>
        <time>2014-08-17T11:43:15Z</time>
        <extensions>
          <gpxtpx:TrackPointExtension>
            <gpxtpx:atemp>7.2</gpxtpx:atemp>
          </gpxtpx:TrackPointExtension>
          <gpxx:TrackPointExtension>
            <gpxx:Temperature>7.2</gpxx:Temperature>
          </gpxx:TrackPointExtension>
        </extensions>
      </trkpt>
      <trkpt lat="46.44347470253706" lon="13.654132001101971">
        <ele>2272.6900000000001</ele>
        <time>2014-08-17T11:43:31Z</time>
        <extensions>
          <gpxtpx:TrackPointExtension>
            <gpxtpx:atemp>6.6</gpxtpx:atemp>
          </gpxtpx:TrackPointExtension>
          <gpxx:TrackPointExtension>
            <gpxx:Temperature>6.6</gpxx:Temperature>
          </gpxx:TrackPointExtension>
        </extensions>
      </trkpt>
      <trkpt lat="46.443469254299998" lon="13.654101574793458">
        <ele>2272.6900000000001</ele>
        <time>2014-08-17T11:43:41Z</time>
        <extensions>
          <gpxtpx:TrackPointExtension>
            <gpxtpx:atemp>6.6</gpxtpx:atemp>
          </gpxtpx:TrackPointExtension>
          <gpxx:TrackPointExtension>
            <gpxx:Temperature>6.6</gpxx:Temperature>
          </gpxx:TrackPointExtension>
        </extensions>
      </trkpt>
      <trkpt lat="46.443485682830215" lon="13.654072321951389">
        <ele>2271.25</ele>
        <time>2014-08-17T11:43:44Z</time>
        <extensions>
          <gpxtpx:TrackPointExtension>
            <gpxtpx:atemp>6.6</gpxtpx:atemp>
          </gpxtpx:TrackPointExtension>
          <gpxx:TrackPointExtension>
            <gpxx:Temperature>6.6</gpxx:Temperature>
          </gpxx:TrackPointExtension>
        </extensions>
      </trkpt>
      <trkpt lat="46.443500518798828" lon="13.654047343879938">
        <ele>2268.8499999999999</ele>
        <time>2014-08-17T11:43:48Z</time>
        <extensions>
          <gpxtpx:TrackPointExtension>
            <gpxtpx:atemp>6.6</gpxtpx:atemp>
          </gpxtpx:TrackPointExtension>
          <gpxx:TrackPointExtension>
            <gpxx:Temperature>6.6</gpxx:Temperature>
          </gpxx:TrackPointExtension>
        </extensions>
      </trkpt>
      <trkpt lat="46.443515941500664" lon="13.654028484597802">
        <ele>2268.8499999999999</ele>
        <time>2014-08-17T11:43:54Z</time>
        <extensions>
          <gpxtpx:TrackPointExtension>
            <gpxtpx:atemp>6.6</gpxtpx:atemp>
          </gpxtpx:TrackPointExtension>
          <gpxx:TrackPointExtension>
            <gpxx:Temperature>6.6</gpxx:Temperature>
          </gpxx:TrackPointExtension>
        </extensions>
      </trkpt>
      <trkpt lat="46.443532956764102" lon="13.653971236199141">
        <ele>2266.4499999999998</ele>
        <time>2014-08-17T11:43:58Z</time>
        <extensions>
          <gpxtpx:TrackPointExtension>
            <gpxtpx:atemp>6.6</gpxtpx:atemp>
          </gpxtpx:TrackPointExtension>
          <gpxx:TrackPointExtension>
            <gpxx:Temperature>6.6</gpxx:Temperature>
          </gpxx:TrackPointExtension>
        </extensions>
      </trkpt>
      <trkpt lat="46.443557096645236" lon="13.653936786577106">
        <ele>2265</ele>
        <time>2014-08-17T11:44:01Z</time>
        <extensions>
          <gpxtpx:TrackPointExtension>
            <gpxtpx:atemp>6.6</gpxtpx:atemp>
          </gpxtpx:TrackPointExtension>
          <gpxx:TrackPointExtension>
            <gpxx:Temperature>6.6</gpxx:Temperature>
          </gpxx:TrackPointExtension>
        </extensions>
      </trkpt>
      <trkpt lat="46.443573189899325" lon="13.653892781585455">
        <ele>2264.52</ele>
        <time>2014-08-17T11:44:03Z</time>
        <extensions>
          <gpxtpx:TrackPointExtension>
            <gpxtpx:atemp>6.6</gpxtpx:atemp>
          </gpxtpx:TrackPointExtension>
          <gpxx:TrackPointExtension>
            <gpxx:Temperature>6.6</gpxx:Temperature>
          </gpxx:TrackPointExtension>
        </extensions>
      </trkpt>
      <trkpt lat="46.443617194890976" lon="13.653781218454242">
        <ele>2258.75</ele>
        <time>2014-08-17T11:44:09Z</time>
        <extensions>
          <gpxtpx:TrackPointExtension>
            <gpxtpx:atemp>6.6</gpxtpx:atemp>
          </gpxtpx:TrackPointExtension>
          <gpxx:TrackPointExtension>
            <gpxx:Temperature>6.6</gpxx:Temperature>
          </gpxx:TrackPointExtension>
        </extensions>
      </trkpt>
      <trkpt lat="46.443617613986135" lon="13.653729669749737">
        <ele>2257.3099999999999</ele>
        <time>2014-08-17T11:44:17Z</time>
        <extensions>
          <gpxtpx:TrackPointExtension>
            <gpxtpx:atemp>6.6</gpxtpx:atemp>
          </gpxtpx:TrackPointExtension>
          <gpxx:TrackPointExtension>
            <gpxx:Temperature>6.6</gpxx:Temperature>
          </gpxx:TrackPointExtension>
        </extensions>
      </trkpt>
      <trkpt lat="46.443626414984465" lon="13.653650041669607">
        <ele>2255.8699999999999</ele>
        <time>2014-08-17T11:44:27Z</time>
        <extensions>
          <gpxtpx:TrackPointExtension>
            <gpxtpx:atemp>4.6</gpxtpx:atemp>
          </gpxtpx:TrackPointExtension>
          <gpxx:TrackPointExtension>
            <gpxx:Temperature>4.6</gpxx:Temperature>
          </gpxx:TrackPointExtension>
        </extensions>
      </trkpt>
      <trkpt lat="46.443647285923362" lon="13.653565384447575">
        <ele>2252.5100000000002</ele>
        <time>2014-08-17T11:44:32Z</time>
        <extensions>
          <gpxtpx:TrackPointExtension>
            <gpxtpx:atemp>4.6</gpxtpx:atemp>
          </gpxtpx:TrackPointExtension>
          <gpxx:TrackPointExtension>
            <gpxx:Temperature>4.6</gpxx:Temperature>
          </gpxx:TrackPointExtension>
        </extensions>
      </trkpt>
      <trkpt lat="46.443670587614179" lon="13.653485588729382">
        <ele>2248.6599999999999</ele>
        <time>2014-08-17T11:44:37Z</time>
        <extensions>
          <gpxtpx:TrackPointExtension>
            <gpxtpx:atemp>4.6</gpxtpx:atemp>
          </gpxtpx:TrackPointExtension>
          <gpxx:TrackPointExtension>
            <gpxx:Temperature>4.6</gpxx:Temperature>
          </gpxx:TrackPointExtension>
        </extensions>
      </trkpt>
      <trkpt lat="46.443674862384796" lon="13.653408056125045">
        <ele>2244.8200000000002</ele>
        <time>2014-08-17T11:44:41Z</time>
        <extensions>
          <gpxtpx:TrackPointExtension>
            <gpxtpx:atemp>4.6</gpxtpx:atemp>
          </gpxtpx:TrackPointExtension>
          <gpxx:TrackPointExtension>
            <gpxx:Temperature>4.6</gpxx:Temperature>
          </gpxx:TrackPointExtension>
        </extensions>
      </trkpt>
      <trkpt lat="46.443681232631207" lon="13.653364721685648">
        <ele>2245.3000000000002</ele>
        <time>2014-08-17T11:44:52Z</time>
        <extensions>
          <gpxtpx:TrackPointExtension>
            <gpxtpx:atemp>4.6</gpxtpx:atemp>
          </gpxtpx:TrackPointExtension>
          <gpxx:TrackPointExtension>
            <gpxx:Temperature>4.6</gpxx:Temperature>
          </gpxx:TrackPointExtension>
        </extensions>
      </trkpt>
      <trkpt lat="46.443689865991473" lon="13.653325913473964">
        <ele>2244.8200000000002</ele>
        <time>2014-08-17T11:45:00Z</time>
        <extensions>
          <gpxtpx:TrackPointExtension>
            <gpxtpx:atemp>4.6</gpxtpx:atemp>
          </gpxtpx:TrackPointExtension>
          <gpxx:TrackPointExtension>
            <gpxx:Temperature>4.6</gpxx:Temperature>
          </gpxx:TrackPointExtension>
        </extensions>
      </trkpt>
      <trkpt lat="46.443703025579453" lon="13.653306970372796">
        <ele>2243.3699999999999</ele>
        <time>2014-08-17T11:45:08Z</time>
        <extensions>
          <gpxtpx:TrackPointExtension>
            <gpxtpx:atemp>4.6</gpxtpx:atemp>
          </gpxtpx:TrackPointExtension>
          <gpxx:TrackPointExtension>
            <gpxx:Temperature>4.6</gpxx:Temperature>
          </gpxx:TrackPointExtension>
        </extensions>
      </trkpt>
      <trkpt lat="46.443724064156413" lon="13.653296576812863">
        <ele>2243.3699999999999</ele>
        <time>2014-08-17T11:45:16Z</time>
        <extensions>
          <gpxtpx:TrackPointExtension>
            <gpxtpx:atemp>4.6</gpxtpx:atemp>
          </gpxtpx:TrackPointExtension>
          <gpxx:TrackPointExtension>
            <gpxx:Temperature>4.6</gpxx:Temperature>
          </gpxx:TrackPointExtension>
        </extensions>
      </trkpt>
      <trkpt lat="46.443747030571103" lon="13.653258020058274">
        <ele>2241.9299999999998</ele>
        <time>2014-08-17T11:46:24Z</time>
        <extensions>
          <gpxtpx:TrackPointExtension>
            <gpxtpx:atemp>1.9</gpxtpx:atemp>
          </gpxtpx:TrackPointExtension>
          <gpxx:TrackPointExtension>
            <gpxx:Temperature>1.9</gpxx:Temperature>
          </gpxx:TrackPointExtension>
        </extensions>
      </trkpt>
      <trkpt lat="46.443740660324693" lon="13.653230275958776">
        <ele>2242.4099999999999</ele>
        <time>2014-08-17T11:46:38Z</time>
        <extensions>
          <gpxtpx:TrackPointExtension>
            <gpxtpx:atemp>1.9</gpxtpx:atemp>
          </gpxtpx:TrackPointExtension>
          <gpxx:TrackPointExtension>
            <gpxx:Temperature>1.9</gpxx:Temperature>
          </gpxx:TrackPointExtension>
        </extensions>
      </trkpt>
      <trkpt lat="46.44374736584723" lon="13.653206136077642">
        <ele>2241.9299999999998</ele>
        <time>2014-08-17T11:46:45Z</time>
        <extensions>
          <gpxtpx:TrackPointExtension>
            <gpxtpx:atemp>1.9</gpxtpx:atemp>
          </gpxtpx:TrackPointExtension>
          <gpxx:TrackPointExtension>
            <gpxx:Temperature>1.9</gpxx:Temperature>
          </gpxx:TrackPointExtension>
        </extensions>
      </trkpt>
      <trkpt lat="46.443758513778448" lon="13.653168585151434">
        <ele>2240.4899999999998</ele>
        <time>2014-08-17T11:46:52Z</time>
        <extensions>
          <gpxtpx:TrackPointExtension>
            <gpxtpx:atemp>1.9</gpxtpx:atemp>
          </gpxtpx:TrackPointExtension>
          <gpxx:TrackPointExtension>
            <gpxx:Temperature>1.9</gpxx:Temperature>
          </gpxx:TrackPointExtension>
        </extensions>
      </trkpt>
      <trkpt lat="46.443817019462585" lon="13.653152659535408">
        <ele>2239.0500000000002</ele>
        <time>2014-08-17T11:47:01Z</time>
        <extensions>
          <gpxtpx:TrackPointExtension>
            <gpxtpx:atemp>1.9</gpxtpx:atemp>
          </gpxtpx:TrackPointExtension>
          <gpxx:TrackPointExtension>
            <gpxx:Temperature>1.9</gpxx:Temperature>
          </gpxx:TrackPointExtension>
        </extensions>
      </trkpt>
      <trkpt lat="46.443831268697977" lon="13.653125083073974">
        <ele>2238.5700000000002</ele>
        <time>2014-08-17T11:47:07Z</time>
        <extensions>
          <gpxtpx:TrackPointExtension>
            <gpxtpx:atemp>1.9</gpxtpx:atemp>
          </gpxtpx:TrackPointExtension>
          <gpxx:TrackPointExtension>
            <gpxx:Temperature>1.9</gpxx:Temperature>
          </gpxx:TrackPointExtension>
        </extensions>
      </trkpt>
      <trkpt lat="46.443844679743052" lon="13.65309658460319">
        <ele>2238.0900000000001</ele>
        <time>2014-08-17T11:47:13Z</time>
        <extensions>
          <gpxtpx:TrackPointExtension>
            <gpxtpx:atemp>1.9</gpxtpx:atemp>
          </gpxtpx:TrackPointExtension>
          <gpxx:TrackPointExtension>
            <gpxx:Temperature>1.9</gpxx:Temperature>
          </gpxx:TrackPointExtension>
        </extensions>
      </trkpt>
      <trkpt lat="46.443848870694637" lon="13.653066493570805">
        <ele>2236.1599999999999</ele>
        <time>2014-08-17T11:47:19Z</time>
        <extensions>
          <gpxtpx:TrackPointExtension>
            <gpxtpx:atemp>1.9</gpxtpx:atemp>
          </gpxtpx:TrackPointExtension>
          <gpxx:TrackPointExtension>
            <gpxx:Temperature>1.9</gpxx:Temperature>
          </gpxx:TrackPointExtension>
        </extensions>
      </trkpt>
      <trkpt lat="46.443878961727023" lon="13.653033804148436">
        <ele>2233.7600000000002</ele>
        <time>2014-08-17T11:47:25Z</time>
        <extensions>
          <gpxtpx:TrackPointExtension>
            <gpxtpx:atemp>1.7</gpxtpx:atemp>
          </gpxtpx:TrackPointExtension>
          <gpxx:TrackPointExtension>
            <gpxx:Temperature>1.7</gpxx:Temperature>
          </gpxx:TrackPointExtension>
        </extensions>
      </trkpt>
      <trkpt lat="46.44390276633203" lon="13.65301301702857">
        <ele>2233.2800000000002</ele>
        <time>2014-08-17T11:47:29Z</time>
        <extensions>
          <gpxtpx:TrackPointExtension>
            <gpxtpx:atemp>1.7</gpxtpx:atemp>
          </gpxtpx:TrackPointExtension>
          <gpxx:TrackPointExtension>
            <gpxx:Temperature>1.7</gpxx:Temperature>
          </gpxx:TrackPointExtension>
        </extensions>
      </trkpt>
      <trkpt lat="46.443964708596468" lon="13.652992565184832">
        <ele>2232.3200000000002</ele>
        <time>2014-08-17T11:47:38Z</time>
        <extensions>
          <gpxtpx:TrackPointExtension>
            <gpxtpx:atemp>1.7</gpxtpx:atemp>
          </gpxtpx:TrackPointExtension>
          <gpxx:TrackPointExtension>
            <gpxx:Temperature>1.7</gpxx:Temperature>
          </gpxx:TrackPointExtension>
        </extensions>
      </trkpt>
      <trkpt lat="46.443974515423179" lon="13.652976639568806">
        <ele>2232.3200000000002</ele>
        <time>2014-08-17T11:47:44Z</time>
        <extensions>
          <gpxtpx:TrackPointExtension>
            <gpxtpx:atemp>1.7</gpxtpx:atemp>
          </gpxtpx:TrackPointExtension>
          <gpxx:TrackPointExtension>
            <gpxx:Temperature>1.7</gpxx:Temperature>
          </gpxx:TrackPointExtension>
        </extensions>
      </trkpt>
      <trkpt lat="46.44401608966291" lon="13.652938334271312">
        <ele>2229.9200000000001</ele>
        <time>2014-08-17T11:47:52Z</time>
        <extensions>
          <gpxtpx:TrackPointExtension>
            <gpxtpx:atemp>1.7</gpxtpx:atemp>
          </gpxtpx:TrackPointExtension>
          <gpxx:TrackPointExtension>
            <gpxx:Temperature>1.7</gpxx:Temperature>
          </gpxx:TrackPointExtension>
        </extensions>
      </trkpt>
      <trkpt lat="46.444028746336699" lon="13.652917630970478">
        <ele>2229.9200000000001</ele>
        <time>2014-08-17T11:47:58Z</time>
        <extensions>
          <gpxtpx:TrackPointExtension>
            <gpxtpx:atemp>1.7</gpxtpx:atemp>
          </gpxtpx:TrackPointExtension>
          <gpxx:TrackPointExtension>
            <gpxx:Temperature>1.7</gpxx:Temperature>
          </gpxx:TrackPointExtension>
        </extensions>
      </trkpt>
      <trkpt lat="46.444049030542374" lon="13.652918469160795">
        <ele>2229.4299999999998</ele>
        <time>2014-08-17T11:48:01Z</time>
        <extensions>
          <gpxtpx:TrackPointExtension>
            <gpxtpx:atemp>1.7</gpxtpx:atemp>
          </gpxtpx:TrackPointExtension>
          <gpxx:TrackPointExtension>
            <gpxx:Temperature>1.7</gpxx:Temperature>
          </gpxx:TrackPointExtension>
        </extensions>
      </trkpt>
      <trkpt lat="46.444112984463573" lon="13.652904890477657">
        <ele>2228.4699999999998</ele>
        <time>2014-08-17T11:48:06Z</time>
        <extensions>
          <gpxtpx:TrackPointExtension>
            <gpxtpx:atemp>1.7</gpxtpx:atemp>
          </gpxtpx:TrackPointExtension>
          <gpxx:TrackPointExtension>
            <gpxx:Temperature>1.7</gpxx:Temperature>
          </gpxx:TrackPointExtension>
        </extensions>
      </trkpt>
      <trkpt lat="46.44415095448494" lon="13.652905477210879">
        <ele>2227.5100000000002</ele>
        <time>2014-08-17T11:48:09Z</time>
        <extensions>
          <gpxtpx:TrackPointExtension>
            <gpxtpx:atemp>1.7</gpxtpx:atemp>
          </gpxtpx:TrackPointExtension>
          <gpxx:TrackPointExtension>
            <gpxx:Temperature>1.7</gpxx:Temperature>
          </gpxx:TrackPointExtension>
        </extensions>
      </trkpt>
      <trkpt lat="46.444198731333017" lon="13.65285225212574">
        <ele>2226.0700000000002</ele>
        <time>2014-08-17T11:48:16Z</time>
        <extensions>
          <gpxtpx:TrackPointExtension>
            <gpxtpx:atemp>1.7</gpxtpx:atemp>
          </gpxtpx:TrackPointExtension>
          <gpxx:TrackPointExtension>
            <gpxx:Temperature>1.7</gpxx:Temperature>
          </gpxx:TrackPointExtension>
        </extensions>
      </trkpt>
      <trkpt lat="46.444254387170076" lon="13.652841690927744">
        <ele>2225.1100000000001</ele>
        <time>2014-08-17T11:48:23Z</time>
        <extensions>
          <gpxtpx:TrackPointExtension>
            <gpxtpx:atemp>2.3</gpxtpx:atemp>
          </gpxtpx:TrackPointExtension>
          <gpxx:TrackPointExtension>
            <gpxx:Temperature>2.3</gpxx:Temperature>
          </gpxx:TrackPointExtension>
        </extensions>
      </trkpt>
      <trkpt lat="46.444314569234848" lon="13.652812018990517">
        <ele>2222.2199999999998</ele>
        <time>2014-08-17T11:48:31Z</time>
        <extensions>
          <gpxtpx:TrackPointExtension>
            <gpxtpx:atemp>2.3</gpxtpx:atemp>
          </gpxtpx:TrackPointExtension>
          <gpxx:TrackPointExtension>
            <gpxx:Temperature>2.3</gpxx:Temperature>
          </gpxx:TrackPointExtension>
        </extensions>
      </trkpt>
      <trkpt lat="46.444373494014144" lon="13.652751920744777">
        <ele>2220.7800000000002</ele>
        <time>2014-08-17T11:48:40Z</time>
        <extensions>
          <gpxtpx:TrackPointExtension>
            <gpxtpx:atemp>2.3</gpxtpx:atemp>
          </gpxtpx:TrackPointExtension>
          <gpxx:TrackPointExtension>
            <gpxx:Temperature>2.3</gpxx:Temperature>
          </gpxx:TrackPointExtension>
        </extensions>
      </trkpt>
      <trkpt lat="46.444363184273243" lon="13.652714369818568">
        <ele>2220.3000000000002</ele>
        <time>2014-08-17T11:48:48Z</time>
        <extensions>
          <gpxtpx:TrackPointExtension>
            <gpxtpx:atemp>2.3</gpxtpx:atemp>
          </gpxtpx:TrackPointExtension>
          <gpxx:TrackPointExtension>
            <gpxx:Temperature>2.3</gpxx:Temperature>
          </gpxx:TrackPointExtension>
        </extensions>
      </trkpt>
      <trkpt lat="46.444386318325996" lon="13.652660055086017">
        <ele>2218.8600000000001</ele>
        <time>2014-08-17T11:48:55Z</time>
        <extensions>
          <gpxtpx:TrackPointExtension>
            <gpxtpx:atemp>2.3</gpxtpx:atemp>
          </gpxtpx:TrackPointExtension>
          <gpxx:TrackPointExtension>
            <gpxx:Temperature>2.3</gpxx:Temperature>
          </gpxx:TrackPointExtension>
        </extensions>
      </trkpt>
      <trkpt lat="46.444421941414475" lon="13.652591239660978">
        <ele>2217.4200000000001</ele>
        <time>2014-08-17T11:49:04Z</time>
        <extensions>
          <gpxtpx:TrackPointExtension>
            <gpxtpx:atemp>2.3</gpxtpx:atemp>
          </gpxtpx:TrackPointExtension>
          <gpxx:TrackPointExtension>
            <gpxx:Temperature>2.3</gpxx:Temperature>
          </gpxx:TrackPointExtension>
        </extensions>
      </trkpt>
      <trkpt lat="46.444410961121321" lon="13.652547067031264">
        <ele>2215.5</ele>
        <time>2014-08-17T11:49:15Z</time>
        <extensions>
          <gpxtpx:TrackPointExtension>
            <gpxtpx:atemp>2.3</gpxtpx:atemp>
          </gpxtpx:TrackPointExtension>
          <gpxx:TrackPointExtension>
            <gpxx:Temperature>2.3</gpxx:Temperature>
          </gpxx:TrackPointExtension>
        </extensions>
      </trkpt>
      <trkpt lat="46.444389838725328" lon="13.652509097009897">
        <ele>2214.5300000000002</ele>
        <time>2014-08-17T11:49:22Z</time>
        <extensions>
          <gpxtpx:TrackPointExtension>
            <gpxtpx:atemp>3</gpxtpx:atemp>
          </gpxtpx:TrackPointExtension>
          <gpxx:TrackPointExtension>
            <gpxx:Temperature>3</gpxx:Temperature>
          </gpxx:TrackPointExtension>
        </extensions>
      </trkpt>
      <trkpt lat="46.444401573389769" lon="13.652464840561152">
        <ele>2213.5700000000002</ele>
        <time>2014-08-17T11:49:29Z</time>
        <extensions>
          <gpxtpx:TrackPointExtension>
            <gpxtpx:atemp>3</gpxtpx:atemp>
          </gpxtpx:TrackPointExtension>
          <gpxx:TrackPointExtension>
            <gpxx:Temperature>3</gpxx:Temperature>
          </gpxx:TrackPointExtension>
        </extensions>
      </trkpt>
      <trkpt lat="46.444402411580086" lon="13.65240516141057">
        <ele>2211.6500000000001</ele>
        <time>2014-08-17T11:49:36Z</time>
        <extensions>
          <gpxtpx:TrackPointExtension>
            <gpxtpx:atemp>3</gpxtpx:atemp>
          </gpxtpx:TrackPointExtension>
          <gpxx:TrackPointExtension>
            <gpxx:Temperature>3</gpxx:Temperature>
          </gpxx:TrackPointExtension>
        </extensions>
      </trkpt>
      <trkpt lat="46.444414900615811" lon="13.652352187782526">
        <ele>2210.6900000000001</ele>
        <time>2014-08-17T11:49:42Z</time>
        <extensions>
          <gpxtpx:TrackPointExtension>
            <gpxtpx:atemp>3</gpxtpx:atemp>
          </gpxtpx:TrackPointExtension>
          <gpxx:TrackPointExtension>
            <gpxx:Temperature>3</gpxx:Temperature>
          </gpxx:TrackPointExtension>
        </extensions>
      </trkpt>
      <trkpt lat="46.444380534812808" lon="13.65228739567101">
        <ele>2210.21</ele>
        <time>2014-08-17T11:49:49Z</time>
        <extensions>
          <gpxtpx:TrackPointExtension>
            <gpxtpx:atemp>3</gpxtpx:atemp>
          </gpxtpx:TrackPointExtension>
          <gpxx:TrackPointExtension>
            <gpxx:Temperature>3</gpxx:Temperature>
          </gpxx:TrackPointExtension>
        </extensions>
      </trkpt>
      <trkpt lat="46.444405345246196" lon="13.652223441749811">
        <ele>2207.8099999999999</ele>
        <time>2014-08-17T11:49:56Z</time>
        <extensions>
          <gpxtpx:TrackPointExtension>
            <gpxtpx:atemp>3</gpxtpx:atemp>
          </gpxtpx:TrackPointExtension>
          <gpxx:TrackPointExtension>
            <gpxx:Temperature>3</gpxx:Temperature>
          </gpxx:TrackPointExtension>
        </extensions>
      </trkpt>
      <trkpt lat="46.444448512047529" lon="13.652146998792887">
        <ele>2206.3600000000001</ele>
        <time>2014-08-17T11:50:05Z</time>
        <extensions>
          <gpxtpx:TrackPointExtension>
            <gpxtpx:atemp>3</gpxtpx:atemp>
          </gpxtpx:TrackPointExtension>
          <gpxx:TrackPointExtension>
            <gpxx:Temperature>3</gpxx:Temperature>
          </gpxx:TrackPointExtension>
        </extensions>
      </trkpt>
      <trkpt lat="46.444504419341683" lon="13.65206410177052">
        <ele>2203</ele>
        <time>2014-08-17T11:50:13Z</time>
        <extensions>
          <gpxtpx:TrackPointExtension>
            <gpxtpx:atemp>3</gpxtpx:atemp>
          </gpxtpx:TrackPointExtension>
          <gpxx:TrackPointExtension>
            <gpxx:Temperature>3</gpxx:Temperature>
          </gpxx:TrackPointExtension>
        </extensions>
      </trkpt>
      <trkpt lat="46.444513807073236" lon="13.652015486732125">
        <ele>2201.5599999999999</ele>
        <time>2014-08-17T11:50:16Z</time>
        <extensions>
          <gpxtpx:TrackPointExtension>
            <gpxtpx:atemp>3</gpxtpx:atemp>
          </gpxtpx:TrackPointExtension>
          <gpxx:TrackPointExtension>
            <gpxx:Temperature>3</gpxx:Temperature>
          </gpxx:TrackPointExtension>
        </extensions>
      </trkpt>
      <trkpt lat="46.444536773487926" lon="13.651965111494064">
        <ele>2200.5900000000001</ele>
        <time>2014-08-17T11:50:19Z</time>
        <extensions>
          <gpxtpx:TrackPointExtension>
            <gpxtpx:atemp>3</gpxtpx:atemp>
          </gpxtpx:TrackPointExtension>
          <gpxx:TrackPointExtension>
            <gpxx:Temperature>3</gpxx:Temperature>
          </gpxx:TrackPointExtension>
        </extensions>
      </trkpt>
      <trkpt lat="46.444560158997774" lon="13.651900738477707">
        <ele>2200.1100000000001</ele>
        <time>2014-08-17T11:50:23Z</time>
        <extensions>
          <gpxtpx:TrackPointExtension>
            <gpxtpx:atemp>4.3</gpxtpx:atemp>
          </gpxtpx:TrackPointExtension>
          <gpxx:TrackPointExtension>
            <gpxx:Temperature>4.3</gpxx:Temperature>
          </gpxx:TrackPointExtension>
        </extensions>
      </trkpt>
      <trkpt lat="46.444572983309627" lon="13.651800574734807">
        <ele>2200.1100000000001</ele>
        <time>2014-08-17T11:50:29Z</time>
        <extensions>
          <gpxtpx:TrackPointExtension>
            <gpxtpx:atemp>4.3</gpxtpx:atemp>
          </gpxtpx:TrackPointExtension>
          <gpxx:TrackPointExtension>
            <gpxx:Temperature>4.3</gpxx:Temperature>
          </gpxx:TrackPointExtension>
        </extensions>
      </trkpt>
      <trkpt lat="46.444578180089593" lon="13.651767214760184">
        <ele>2199.1500000000001</ele>
        <time>2014-08-17T11:50:35Z</time>
        <extensions>
          <gpxtpx:TrackPointExtension>
            <gpxtpx:atemp>4.3</gpxtpx:atemp>
          </gpxtpx:TrackPointExtension>
          <gpxx:TrackPointExtension>
            <gpxx:Temperature>4.3</gpxx:Temperature>
          </gpxx:TrackPointExtension>
        </extensions>
      </trkpt>
      <trkpt lat="46.444582119584084" lon="13.651742236688733">
        <ele>2198.6700000000001</ele>
        <time>2014-08-17T11:50:37Z</time>
        <extensions>
          <gpxtpx:TrackPointExtension>
            <gpxtpx:atemp>4.3</gpxtpx:atemp>
          </gpxtpx:TrackPointExtension>
          <gpxx:TrackPointExtension>
            <gpxx:Temperature>4.3</gpxx:Temperature>
          </gpxx:TrackPointExtension>
        </extensions>
      </trkpt>
      <trkpt lat="46.444564433768392" lon="13.651647437363863">
        <ele>2199.1500000000001</ele>
        <time>2014-08-17T11:50:43Z</time>
        <extensions>
          <gpxtpx:TrackPointExtension>
            <gpxtpx:atemp>4.3</gpxtpx:atemp>
          </gpxtpx:TrackPointExtension>
          <gpxx:TrackPointExtension>
            <gpxx:Temperature>4.3</gpxx:Temperature>
          </gpxx:TrackPointExtension>
        </extensions>
      </trkpt>
      <trkpt lat="46.444589160382748" lon="13.651602761819959">
        <ele>2199.1500000000001</ele>
        <time>2014-08-17T11:50:49Z</time>
        <extensions>
          <gpxtpx:TrackPointExtension>
            <gpxtpx:atemp>4.3</gpxtpx:atemp>
          </gpxtpx:TrackPointExtension>
          <gpxx:TrackPointExtension>
            <gpxx:Temperature>4.3</gpxx:Temperature>
          </gpxx:TrackPointExtension>
        </extensions>
      </trkpt>
      <trkpt lat="46.444603828713298" lon="13.651553140953183">
        <ele>2198.1900000000001</ele>
        <time>2014-08-17T11:50:57Z</time>
        <extensions>
          <gpxtpx:TrackPointExtension>
            <gpxtpx:atemp>4.3</gpxtpx:atemp>
          </gpxtpx:TrackPointExtension>
          <gpxx:TrackPointExtension>
            <gpxx:Temperature>4.3</gpxx:Temperature>
          </gpxx:TrackPointExtension>
        </extensions>
      </trkpt>
      <trkpt lat="46.444613551720977" lon="13.651529336348176">
        <ele>2197.71</ele>
        <time>2014-08-17T11:51:04Z</time>
        <extensions>
          <gpxtpx:TrackPointExtension>
            <gpxtpx:atemp>4.3</gpxtpx:atemp>
          </gpxtpx:TrackPointExtension>
          <gpxx:TrackPointExtension>
            <gpxx:Temperature>4.3</gpxx:Temperature>
          </gpxx:TrackPointExtension>
        </extensions>
      </trkpt>
      <trkpt lat="46.44462687894702" lon="13.651496730744839">
        <ele>2196.75</ele>
        <time>2014-08-17T11:51:13Z</time>
        <extensions>
          <gpxtpx:TrackPointExtension>
            <gpxtpx:atemp>4.3</gpxtpx:atemp>
          </gpxtpx:TrackPointExtension>
          <gpxx:TrackPointExtension>
            <gpxx:Temperature>4.3</gpxx:Temperature>
          </gpxx:TrackPointExtension>
        </extensions>
      </trkpt>
      <trkpt lat="46.444636853411794" lon="13.651469154283404">
        <ele>2195.79</ele>
        <time>2014-08-17T11:51:19Z</time>
        <extensions>
          <gpxtpx:TrackPointExtension>
            <gpxtpx:atemp>4.3</gpxtpx:atemp>
          </gpxtpx:TrackPointExtension>
          <gpxx:TrackPointExtension>
            <gpxx:Temperature>4.3</gpxx:Temperature>
          </gpxx:TrackPointExtension>
        </extensions>
      </trkpt>
      <trkpt lat="46.44463961943984" lon="13.651421628892422">
        <ele>2194.8299999999999</ele>
        <time>2014-08-17T11:51:26Z</time>
        <extensions>
          <gpxtpx:TrackPointExtension>
            <gpxtpx:atemp>5</gpxtpx:atemp>
          </gpxtpx:TrackPointExtension>
          <gpxx:TrackPointExtension>
            <gpxx:Temperature>5</gpxx:Temperature>
          </gpxx:TrackPointExtension>
        </extensions>
      </trkpt>
      <trkpt lat="46.444637356325984" lon="13.651325404644012">
        <ele>2191.9400000000001</ele>
        <time>2014-08-17T11:51:34Z</time>
        <extensions>
          <gpxtpx:TrackPointExtension>
            <gpxtpx:atemp>5</gpxtpx:atemp>
          </gpxtpx:TrackPointExtension>
          <gpxx:TrackPointExtension>
            <gpxx:Temperature>5</gpxx:Temperature>
          </gpxx:TrackPointExtension>
        </extensions>
      </trkpt>
      <trkpt lat="46.444630566984415" lon="13.651273520663381">
        <ele>2190.02</ele>
        <time>2014-08-17T11:51:41Z</time>
        <extensions>
          <gpxtpx:TrackPointExtension>
            <gpxtpx:atemp>5</gpxtpx:atemp>
          </gpxtpx:TrackPointExtension>
          <gpxx:TrackPointExtension>
            <gpxx:Temperature>5</gpxx:Temperature>
          </gpxx:TrackPointExtension>
        </extensions>
      </trkpt>
      <trkpt lat="46.444637272506952" lon="13.65125541575253">
        <ele>2190.5</ele>
        <time>2014-08-17T11:51:49Z</time>
        <extensions>
          <gpxtpx:TrackPointExtension>
            <gpxtpx:atemp>5</gpxtpx:atemp>
          </gpxtpx:TrackPointExtension>
          <gpxx:TrackPointExtension>
            <gpxx:Temperature>5</gpxx:Temperature>
          </gpxx:TrackPointExtension>
        </extensions>
      </trkpt>
      <trkpt lat="46.44466501660645" lon="13.651242926716805">
        <ele>2190.5</ele>
        <time>2014-08-17T11:52:00Z</time>
        <extensions>
          <gpxtpx:TrackPointExtension>
            <gpxtpx:atemp>5</gpxtpx:atemp>
          </gpxtpx:TrackPointExtension>
          <gpxx:TrackPointExtension>
            <gpxx:Temperature>5</gpxx:Temperature>
          </gpxx:TrackPointExtension>
        </extensions>
      </trkpt>
      <trkpt lat="46.444660406559706" lon="13.651179894804955">
        <ele>2189.0599999999999</ele>
        <time>2014-08-17T11:52:10Z</time>
        <extensions>
          <gpxtpx:TrackPointExtension>
            <gpxtpx:atemp>5</gpxtpx:atemp>
          </gpxtpx:TrackPointExtension>
          <gpxx:TrackPointExtension>
            <gpxx:Temperature>5</gpxx:Temperature>
          </gpxx:TrackPointExtension>
        </extensions>
      </trkpt>
      <trkpt lat="46.444652108475566" lon="13.651150809600949">
        <ele>2186.6599999999999</ele>
        <time>2014-08-17T11:52:47Z</time>
        <extensions>
          <gpxtpx:TrackPointExtension>
            <gpxtpx:atemp>7.3</gpxtpx:atemp>
          </gpxtpx:TrackPointExtension>
          <gpxx:TrackPointExtension>
            <gpxx:Temperature>7.3</gpxx:Temperature>
          </gpxx:TrackPointExtension>
        </extensions>
      </trkpt>
      <trkpt lat="46.444669794291258" lon="13.651112420484424">
        <ele>2186.1799999999998</ele>
        <time>2014-08-17T11:52:58Z</time>
        <extensions>
          <gpxtpx:TrackPointExtension>
            <gpxtpx:atemp>7.3</gpxtpx:atemp>
          </gpxtpx:TrackPointExtension>
          <gpxx:TrackPointExtension>
            <gpxx:Temperature>7.3</gpxx:Temperature>
          </gpxx:TrackPointExtension>
        </extensions>
      </trkpt>
      <trkpt lat="46.444663172587752" lon="13.651078306138515">
        <ele>2185.6900000000001</ele>
        <time>2014-08-17T11:53:08Z</time>
        <extensions>
          <gpxtpx:TrackPointExtension>
            <gpxtpx:atemp>7.3</gpxtpx:atemp>
          </gpxtpx:TrackPointExtension>
          <gpxx:TrackPointExtension>
            <gpxx:Temperature>7.3</gpxx:Temperature>
          </gpxx:TrackPointExtension>
        </extensions>
      </trkpt>
      <trkpt lat="46.444675577804446" lon="13.651041174307466">
        <ele>2184.25</ele>
        <time>2014-08-17T11:53:17Z</time>
        <extensions>
          <gpxtpx:TrackPointExtension>
            <gpxtpx:atemp>7.3</gpxtpx:atemp>
          </gpxtpx:TrackPointExtension>
          <gpxx:TrackPointExtension>
            <gpxx:Temperature>7.3</gpxx:Temperature>
          </gpxx:TrackPointExtension>
        </extensions>
      </trkpt>
      <trkpt lat="46.444680774584413" lon="13.651022650301456">
        <ele>2183.29</ele>
        <time>2014-08-17T11:53:23Z</time>
        <extensions>
          <gpxtpx:TrackPointExtension>
            <gpxtpx:atemp>8.7</gpxtpx:atemp>
          </gpxtpx:TrackPointExtension>
          <gpxx:TrackPointExtension>
            <gpxx:Temperature>8.7</gpxx:Temperature>
          </gpxx:TrackPointExtension>
        </extensions>
      </trkpt>
      <trkpt lat="46.444692509248853" lon="13.650995576754212">
        <ele>2180.8899999999999</ele>
        <time>2014-08-17T11:53:30Z</time>
        <extensions>
          <gpxtpx:TrackPointExtension>
            <gpxtpx:atemp>8.7</gpxtpx:atemp>
          </gpxtpx:TrackPointExtension>
          <gpxx:TrackPointExtension>
            <gpxx:Temperature>8.7</gpxx:Temperature>
          </gpxx:TrackPointExtension>
        </extensions>
      </trkpt>
      <trkpt lat="46.444691251963377" lon="13.650969676673412">
        <ele>2179.9299999999998</ele>
        <time>2014-08-17T11:53:37Z</time>
        <extensions>
          <gpxtpx:TrackPointExtension>
            <gpxtpx:atemp>8.7</gpxtpx:atemp>
          </gpxtpx:TrackPointExtension>
          <gpxx:TrackPointExtension>
            <gpxx:Temperature>8.7</gpxx:Temperature>
          </gpxx:TrackPointExtension>
        </extensions>
      </trkpt>
      <trkpt lat="46.444702064618468" lon="13.65095098502934">
        <ele>2178.9699999999998</ele>
        <time>2014-08-17T11:53:45Z</time>
        <extensions>
          <gpxtpx:TrackPointExtension>
            <gpxtpx:atemp>8.7</gpxtpx:atemp>
          </gpxtpx:TrackPointExtension>
          <gpxx:TrackPointExtension>
            <gpxx:Temperature>8.7</gpxx:Temperature>
          </gpxx:TrackPointExtension>
        </extensions>
      </trkpt>
      <trkpt lat="46.444706507027149" lon="13.650925168767571">
        <ele>2177.04</ele>
        <time>2014-08-17T11:53:53Z</time>
        <extensions>
          <gpxtpx:TrackPointExtension>
            <gpxtpx:atemp>8.7</gpxtpx:atemp>
          </gpxtpx:TrackPointExtension>
          <gpxx:TrackPointExtension>
            <gpxx:Temperature>8.7</gpxx:Temperature>
          </gpxx:TrackPointExtension>
        </extensions>
      </trkpt>
      <trkpt lat="46.444725953042507" lon="13.650905722752213">
        <ele>2176.0799999999999</ele>
        <time>2014-08-17T11:54:01Z</time>
        <extensions>
          <gpxtpx:TrackPointExtension>
            <gpxtpx:atemp>8.7</gpxtpx:atemp>
          </gpxtpx:TrackPointExtension>
          <gpxx:TrackPointExtension>
            <gpxx:Temperature>8.7</gpxx:Temperature>
          </gpxx:TrackPointExtension>
        </extensions>
      </trkpt>
      <trkpt lat="46.444743722677231" lon="13.650878230109811">
        <ele>2174.6399999999999</ele>
        <time>2014-08-17T11:54:08Z</time>
        <extensions>
          <gpxtpx:TrackPointExtension>
            <gpxtpx:atemp>8.7</gpxtpx:atemp>
          </gpxtpx:TrackPointExtension>
          <gpxx:TrackPointExtension>
            <gpxx:Temperature>8.7</gpxx:Temperature>
          </gpxx:TrackPointExtension>
        </extensions>
      </trkpt>
      <trkpt lat="46.444743974134326" lon="13.650854593142867">
        <ele>2173.1999999999998</ele>
        <time>2014-08-17T11:54:14Z</time>
        <extensions>
          <gpxtpx:TrackPointExtension>
            <gpxtpx:atemp>8.7</gpxtpx:atemp>
          </gpxtpx:TrackPointExtension>
          <gpxx:TrackPointExtension>
            <gpxx:Temperature>8.7</gpxx:Temperature>
          </gpxx:TrackPointExtension>
        </extensions>
      </trkpt>
      <trkpt lat="46.444722600281239" lon="13.650840008631349">
        <ele>2172.2399999999998</ele>
        <time>2014-08-17T11:54:19Z</time>
        <extensions>
          <gpxtpx:TrackPointExtension>
            <gpxtpx:atemp>8.7</gpxtpx:atemp>
          </gpxtpx:TrackPointExtension>
          <gpxx:TrackPointExtension>
            <gpxx:Temperature>8.7</gpxx:Temperature>
          </gpxx:TrackPointExtension>
        </extensions>
      </trkpt>
      <trkpt lat="46.444743638858199" lon="13.650816539302468">
        <ele>2171.7600000000002</ele>
        <time>2014-08-17T11:54:27Z</time>
        <extensions>
          <gpxtpx:TrackPointExtension>
            <gpxtpx:atemp>8.5</gpxtpx:atemp>
          </gpxtpx:TrackPointExtension>
          <gpxx:TrackPointExtension>
            <gpxx:Temperature>8.5</gpxx:Temperature>
          </gpxx:TrackPointExtension>
        </extensions>
      </trkpt>
      <trkpt lat="46.444746656343341" lon="13.650785107165575">
        <ele>2169.3499999999999</ele>
        <time>2014-08-17T11:54:40Z</time>
        <extensions>
          <gpxtpx:TrackPointExtension>
            <gpxtpx:atemp>8.5</gpxtpx:atemp>
          </gpxtpx:TrackPointExtension>
          <gpxx:TrackPointExtension>
            <gpxx:Temperature>8.5</gpxx:Temperature>
          </gpxx:TrackPointExtension>
        </extensions>
      </trkpt>
      <trkpt lat="46.444751350209117" lon="13.650758368894458">
        <ele>2167.9099999999999</ele>
        <time>2014-08-17T11:54:48Z</time>
        <extensions>
          <gpxtpx:TrackPointExtension>
            <gpxtpx:atemp>8.5</gpxtpx:atemp>
          </gpxtpx:TrackPointExtension>
          <gpxx:TrackPointExtension>
            <gpxx:Temperature>8.5</gpxx:Temperature>
          </gpxx:TrackPointExtension>
        </extensions>
      </trkpt>
      <trkpt lat="46.444769203662872" lon="13.650722578167915">
        <ele>2166.4699999999998</ele>
        <time>2014-08-17T11:54:55Z</time>
        <extensions>
          <gpxtpx:TrackPointExtension>
            <gpxtpx:atemp>8.5</gpxtpx:atemp>
          </gpxtpx:TrackPointExtension>
          <gpxx:TrackPointExtension>
            <gpxx:Temperature>8.5</gpxx:Temperature>
          </gpxx:TrackPointExtension>
        </extensions>
      </trkpt>
      <trkpt lat="46.444777837023139" lon="13.650703215971589">
        <ele>2165.0300000000002</ele>
        <time>2014-08-17T11:55:01Z</time>
        <extensions>
          <gpxtpx:TrackPointExtension>
            <gpxtpx:atemp>8.5</gpxtpx:atemp>
          </gpxtpx:TrackPointExtension>
          <gpxx:TrackPointExtension>
            <gpxx:Temperature>8.5</gpxx:Temperature>
          </gpxx:TrackPointExtension>
        </extensions>
      </trkpt>
      <trkpt lat="46.444747075438499" lon="13.650683686137199">
        <ele>2163.5799999999999</ele>
        <time>2014-08-17T11:55:10Z</time>
        <extensions>
          <gpxtpx:TrackPointExtension>
            <gpxtpx:atemp>8.5</gpxtpx:atemp>
          </gpxtpx:TrackPointExtension>
          <gpxx:TrackPointExtension>
            <gpxx:Temperature>8.5</gpxx:Temperature>
          </gpxx:TrackPointExtension>
        </extensions>
      </trkpt>
      <trkpt lat="46.44476861692965" lon="13.650629119947553">
        <ele>2162.1399999999999</ele>
        <time>2014-08-17T11:55:14Z</time>
        <extensions>
          <gpxtpx:TrackPointExtension>
            <gpxtpx:atemp>8.5</gpxtpx:atemp>
          </gpxtpx:TrackPointExtension>
          <gpxx:TrackPointExtension>
            <gpxx:Temperature>8.5</gpxx:Temperature>
          </gpxx:TrackPointExtension>
        </extensions>
      </trkpt>
      <trkpt lat="46.444796780124307" lon="13.650587378069758">
        <ele>2161.1799999999998</ele>
        <time>2014-08-17T11:55:18Z</time>
        <extensions>
          <gpxtpx:TrackPointExtension>
            <gpxtpx:atemp>8.5</gpxtpx:atemp>
          </gpxtpx:TrackPointExtension>
          <gpxx:TrackPointExtension>
            <gpxx:Temperature>8.5</gpxx:Temperature>
          </gpxx:TrackPointExtension>
        </extensions>
      </trkpt>
      <trkpt lat="46.44480767659843" lon="13.650557789951563">
        <ele>2160.2199999999998</ele>
        <time>2014-08-17T11:55:21Z</time>
        <extensions>
          <gpxtpx:TrackPointExtension>
            <gpxtpx:atemp>8.4</gpxtpx:atemp>
          </gpxtpx:TrackPointExtension>
          <gpxx:TrackPointExtension>
            <gpxx:Temperature>8.4</gpxx:Temperature>
          </gpxx:TrackPointExtension>
        </extensions>
      </trkpt>
      <trkpt lat="46.444820584729314" lon="13.650542618706822">
        <ele>2159.7399999999998</ele>
        <time>2014-08-17T11:55:23Z</time>
        <extensions>
          <gpxtpx:TrackPointExtension>
            <gpxtpx:atemp>8.4</gpxtpx:atemp>
          </gpxtpx:TrackPointExtension>
          <gpxx:TrackPointExtension>
            <gpxx:Temperature>8.4</gpxx:Temperature>
          </gpxx:TrackPointExtension>
        </extensions>
      </trkpt>
      <trkpt lat="46.444830223917961" lon="13.650514958426356">
        <ele>2159.7399999999998</ele>
        <time>2014-08-17T11:55:26Z</time>
        <extensions>
          <gpxtpx:TrackPointExtension>
            <gpxtpx:atemp>8.4</gpxtpx:atemp>
          </gpxtpx:TrackPointExtension>
          <gpxx:TrackPointExtension>
            <gpxx:Temperature>8.4</gpxx:Temperature>
          </gpxx:TrackPointExtension>
        </extensions>
      </trkpt>
      <trkpt lat="46.444906666874886" lon="13.650409933179617">
        <ele>2156.8600000000001</ele>
        <time>2014-08-17T11:55:34Z</time>
        <extensions>
          <gpxtpx:TrackPointExtension>
            <gpxtpx:atemp>8.4</gpxtpx:atemp>
          </gpxtpx:TrackPointExtension>
          <gpxx:TrackPointExtension>
            <gpxx:Temperature>8.4</gpxx:Temperature>
          </gpxx:TrackPointExtension>
        </extensions>
      </trkpt>
      <trkpt lat="46.444948995485902" lon="13.650310859084129">
        <ele>2155.8899999999999</ele>
        <time>2014-08-17T11:55:40Z</time>
        <extensions>
          <gpxtpx:TrackPointExtension>
            <gpxtpx:atemp>8.4</gpxtpx:atemp>
          </gpxtpx:TrackPointExtension>
          <gpxx:TrackPointExtension>
            <gpxx:Temperature>8.4</gpxx:Temperature>
          </gpxx:TrackPointExtension>
        </extensions>
      </trkpt>
      <trkpt lat="46.444995766505599" lon="13.650224357843399">
        <ele>2154.4499999999998</ele>
        <time>2014-08-17T11:55:45Z</time>
        <extensions>
          <gpxtpx:TrackPointExtension>
            <gpxtpx:atemp>8.4</gpxtpx:atemp>
          </gpxtpx:TrackPointExtension>
          <gpxx:TrackPointExtension>
            <gpxx:Temperature>8.4</gpxx:Temperature>
          </gpxx:TrackPointExtension>
        </extensions>
      </trkpt>
      <trkpt lat="46.445046057924628" lon="13.650135928764939">
        <ele>2153.9699999999998</ele>
        <time>2014-08-17T11:55:54Z</time>
        <extensions>
          <gpxtpx:TrackPointExtension>
            <gpxtpx:atemp>8.4</gpxtpx:atemp>
          </gpxtpx:TrackPointExtension>
          <gpxx:TrackPointExtension>
            <gpxx:Temperature>8.4</gpxx:Temperature>
          </gpxx:TrackPointExtension>
        </extensions>
      </trkpt>
      <trkpt lat="46.445083022117615" lon="13.65007096901536">
        <ele>2152.5300000000002</ele>
        <time>2014-08-17T11:56:00Z</time>
        <extensions>
          <gpxtpx:TrackPointExtension>
            <gpxtpx:atemp>8.4</gpxtpx:atemp>
          </gpxtpx:TrackPointExtension>
          <gpxx:TrackPointExtension>
            <gpxx:Temperature>8.4</gpxx:Temperature>
          </gpxx:TrackPointExtension>
        </extensions>
      </trkpt>
      <trkpt lat="46.445098528638482" lon="13.65004800260067">
        <ele>2152.0500000000002</ele>
        <time>2014-08-17T11:56:03Z</time>
        <extensions>
          <gpxtpx:TrackPointExtension>
            <gpxtpx:atemp>8.4</gpxtpx:atemp>
          </gpxtpx:TrackPointExtension>
          <gpxx:TrackPointExtension>
            <gpxx:Temperature>8.4</gpxx:Temperature>
          </gpxx:TrackPointExtension>
        </extensions>
      </trkpt>
      <trkpt lat="46.445119315758348" lon="13.650018665939569">
        <ele>2151.5700000000002</ele>
        <time>2014-08-17T11:56:06Z</time>
        <extensions>
          <gpxtpx:TrackPointExtension>
            <gpxtpx:atemp>8.4</gpxtpx:atemp>
          </gpxtpx:TrackPointExtension>
          <gpxx:TrackPointExtension>
            <gpxx:Temperature>8.4</gpxx:Temperature>
          </gpxx:TrackPointExtension>
        </extensions>
      </trkpt>
      <trkpt lat="46.445172121748328" lon="13.649954376742244">
        <ele>2149.6500000000001</ele>
        <time>2014-08-17T11:56:13Z</time>
        <extensions>
          <gpxtpx:TrackPointExtension>
            <gpxtpx:atemp>8.4</gpxtpx:atemp>
          </gpxtpx:TrackPointExtension>
          <gpxx:TrackPointExtension>
            <gpxx:Temperature>8.4</gpxx:Temperature>
          </gpxx:TrackPointExtension>
        </extensions>
      </trkpt>
      <trkpt lat="46.445251498371363" lon="13.649575766175985">
        <ele>2148.6799999999998</ele>
        <time>2014-08-17T12:12:03Z</time>
        <extensions>
          <gpxtpx:TrackPointExtension>
            <gpxtpx:atemp>9.2</gpxtpx:atemp>
          </gpxtpx:TrackPointExtension>
          <gpxx:TrackPointExtension>
            <gpxx:Temperature>9.2</gpxx:Temperature>
          </gpxx:TrackPointExtension>
        </extensions>
      </trkpt>
      <trkpt lat="46.445241775363684" lon="13.649551207199693">
        <ele>2148.6799999999998</ele>
        <time>2014-08-17T12:12:12Z</time>
        <extensions>
          <gpxtpx:TrackPointExtension>
            <gpxtpx:atemp>9.2</gpxtpx:atemp>
          </gpxtpx:TrackPointExtension>
          <gpxx:TrackPointExtension>
            <gpxx:Temperature>9.2</gpxx:Temperature>
          </gpxx:TrackPointExtension>
        </extensions>
      </trkpt>
      <trkpt lat="46.445249654352665" lon="13.649514243006706">
        <ele>2148.1999999999998</ele>
        <time>2014-08-17T12:12:20Z</time>
        <extensions>
          <gpxtpx:TrackPointExtension>
            <gpxtpx:atemp>9.2</gpxtpx:atemp>
          </gpxtpx:TrackPointExtension>
          <gpxx:TrackPointExtension>
            <gpxx:Temperature>9.2</gpxx:Temperature>
          </gpxx:TrackPointExtension>
        </extensions>
      </trkpt>
      <trkpt lat="46.445271363481879" lon="13.649399243295193">
        <ele>2146.7600000000002</ele>
        <time>2014-08-17T12:12:29Z</time>
        <extensions>
          <gpxtpx:TrackPointExtension>
            <gpxtpx:atemp>9.2</gpxtpx:atemp>
          </gpxtpx:TrackPointExtension>
          <gpxx:TrackPointExtension>
            <gpxx:Temperature>9.2</gpxx:Temperature>
          </gpxx:TrackPointExtension>
        </extensions>
      </trkpt>
      <trkpt lat="46.445295168086886" lon="13.64933361299336">
        <ele>2145.8000000000002</ele>
        <time>2014-08-17T12:12:39Z</time>
        <extensions>
          <gpxtpx:TrackPointExtension>
            <gpxtpx:atemp>9.2</gpxtpx:atemp>
          </gpxtpx:TrackPointExtension>
          <gpxx:TrackPointExtension>
            <gpxx:Temperature>9.2</gpxx:Temperature>
          </gpxx:TrackPointExtension>
        </extensions>
      </trkpt>
      <trkpt lat="46.445292066782713" lon="13.649260019883513">
        <ele>2143.8800000000001</ele>
        <time>2014-08-17T12:12:45Z</time>
        <extensions>
          <gpxtpx:TrackPointExtension>
            <gpxtpx:atemp>9.2</gpxtpx:atemp>
          </gpxtpx:TrackPointExtension>
          <gpxx:TrackPointExtension>
            <gpxx:Temperature>9.2</gpxx:Temperature>
          </gpxx:TrackPointExtension>
        </extensions>
      </trkpt>
      <trkpt lat="46.44529290497303" lon="13.649216266348958">
        <ele>2143.4000000000001</ele>
        <time>2014-08-17T12:12:48Z</time>
        <extensions>
          <gpxtpx:TrackPointExtension>
            <gpxtpx:atemp>9.2</gpxtpx:atemp>
          </gpxtpx:TrackPointExtension>
          <gpxx:TrackPointExtension>
            <gpxx:Temperature>9.2</gpxx:Temperature>
          </gpxx:TrackPointExtension>
        </extensions>
      </trkpt>
      <trkpt lat="46.44530120305717" lon="13.649170501157641">
        <ele>2142.4400000000001</ele>
        <time>2014-08-17T12:12:52Z</time>
        <extensions>
          <gpxtpx:TrackPointExtension>
            <gpxtpx:atemp>9.2</gpxtpx:atemp>
          </gpxtpx:TrackPointExtension>
          <gpxx:TrackPointExtension>
            <gpxx:Temperature>9.2</gpxx:Temperature>
          </gpxx:TrackPointExtension>
        </extensions>
      </trkpt>
      <trkpt lat="46.445329869166017" lon="13.649105122312903">
        <ele>2140.5100000000002</ele>
        <time>2014-08-17T12:12:59Z</time>
        <extensions>
          <gpxtpx:TrackPointExtension>
            <gpxtpx:atemp>9.2</gpxtpx:atemp>
          </gpxtpx:TrackPointExtension>
          <gpxx:TrackPointExtension>
            <gpxx:Temperature>9.2</gpxx:Temperature>
          </gpxx:TrackPointExtension>
        </extensions>
      </trkpt>
      <trkpt lat="46.445367923006415" lon="13.649080311879516">
        <ele>2139.5500000000002</ele>
        <time>2014-08-17T12:13:06Z</time>
        <extensions>
          <gpxtpx:TrackPointExtension>
            <gpxtpx:atemp>9.2</gpxtpx:atemp>
          </gpxtpx:TrackPointExtension>
          <gpxx:TrackPointExtension>
            <gpxx:Temperature>9.2</gpxx:Temperature>
          </gpxx:TrackPointExtension>
        </extensions>
      </trkpt>
      <trkpt lat="46.445371611043811" lon="13.649038905277848">
        <ele>2137.6300000000001</ele>
        <time>2014-08-17T12:13:13Z</time>
        <extensions>
          <gpxtpx:TrackPointExtension>
            <gpxtpx:atemp>9.2</gpxtpx:atemp>
          </gpxtpx:TrackPointExtension>
          <gpxx:TrackPointExtension>
            <gpxx:Temperature>9.2</gpxx:Temperature>
          </gpxx:TrackPointExtension>
        </extensions>
      </trkpt>
      <trkpt lat="46.445373455062509" lon="13.648998839780688">
        <ele>2136.6700000000001</ele>
        <time>2014-08-17T12:13:21Z</time>
        <extensions>
          <gpxtpx:TrackPointExtension>
            <gpxtpx:atemp>9.2</gpxtpx:atemp>
          </gpxtpx:TrackPointExtension>
          <gpxx:TrackPointExtension>
            <gpxx:Temperature>9.2</gpxx:Temperature>
          </gpxx:TrackPointExtension>
        </extensions>
      </trkpt>
      <trkpt lat="46.445381585508585" lon="13.64897109568119">
        <ele>2135.71</ele>
        <time>2014-08-17T12:13:29Z</time>
        <extensions>
          <gpxtpx:TrackPointExtension>
            <gpxtpx:atemp>9</gpxtpx:atemp>
          </gpxtpx:TrackPointExtension>
          <gpxx:TrackPointExtension>
            <gpxx:Temperature>9</gpxx:Temperature>
          </gpxx:TrackPointExtension>
        </extensions>
      </trkpt>
      <trkpt lat="46.445382256060839" lon="13.648926001042128">
        <ele>2133.7800000000002</ele>
        <time>2014-08-17T12:13:42Z</time>
        <extensions>
          <gpxtpx:TrackPointExtension>
            <gpxtpx:atemp>9</gpxtpx:atemp>
          </gpxtpx:TrackPointExtension>
          <gpxx:TrackPointExtension>
            <gpxx:Temperature>9</gpxx:Temperature>
          </gpxx:TrackPointExtension>
        </extensions>
      </trkpt>
      <trkpt lat="46.445395248010755" lon="13.648901442065835">
        <ele>2133.7800000000002</ele>
        <time>2014-08-17T12:13:49Z</time>
        <extensions>
          <gpxtpx:TrackPointExtension>
            <gpxtpx:atemp>9</gpxtpx:atemp>
          </gpxtpx:TrackPointExtension>
          <gpxx:TrackPointExtension>
            <gpxx:Temperature>9</gpxx:Temperature>
          </gpxx:TrackPointExtension>
        </extensions>
      </trkpt>
      <trkpt lat="46.445395583286881" lon="13.648866070434451">
        <ele>2134.2600000000002</ele>
        <time>2014-08-17T12:13:55Z</time>
        <extensions>
          <gpxtpx:TrackPointExtension>
            <gpxtpx:atemp>9</gpxtpx:atemp>
          </gpxtpx:TrackPointExtension>
          <gpxx:TrackPointExtension>
            <gpxx:Temperature>9</gpxx:Temperature>
          </gpxx:TrackPointExtension>
        </extensions>
      </trkpt>
      <trkpt lat="46.445407317951322" lon="13.648844864219427">
        <ele>2133.3000000000002</ele>
        <time>2014-08-17T12:14:01Z</time>
        <extensions>
          <gpxtpx:TrackPointExtension>
            <gpxtpx:atemp>9</gpxtpx:atemp>
          </gpxtpx:TrackPointExtension>
          <gpxx:TrackPointExtension>
            <gpxx:Temperature>9</gpxx:Temperature>
          </gpxx:TrackPointExtension>
        </extensions>
      </trkpt>
      <trkpt lat="46.445424668490887" lon="13.648810498416424">
        <ele>2133.3000000000002</ele>
        <time>2014-08-17T12:14:07Z</time>
        <extensions>
          <gpxtpx:TrackPointExtension>
            <gpxtpx:atemp>9</gpxtpx:atemp>
          </gpxtpx:TrackPointExtension>
          <gpxx:TrackPointExtension>
            <gpxx:Temperature>9</gpxx:Temperature>
          </gpxx:TrackPointExtension>
        </extensions>
      </trkpt>
      <trkpt lat="46.445434140041471" lon="13.648764565587044">
        <ele>2132.3400000000001</ele>
        <time>2014-08-17T12:14:14Z</time>
        <extensions>
          <gpxtpx:TrackPointExtension>
            <gpxtpx:atemp>9</gpxtpx:atemp>
          </gpxtpx:TrackPointExtension>
          <gpxx:TrackPointExtension>
            <gpxx:Temperature>9</gpxx:Temperature>
          </gpxx:TrackPointExtension>
        </extensions>
      </trkpt>
      <trkpt lat="46.445451071485877" lon="13.648662306368351">
        <ele>2130.4200000000001</ele>
        <time>2014-08-17T12:14:23Z</time>
        <extensions>
          <gpxtpx:TrackPointExtension>
            <gpxtpx:atemp>9.2</gpxtpx:atemp>
          </gpxtpx:TrackPointExtension>
          <gpxx:TrackPointExtension>
            <gpxx:Temperature>9.2</gpxx:Temperature>
          </gpxx:TrackPointExtension>
        </extensions>
      </trkpt>
      <trkpt lat="46.445484599098563" lon="13.64855183288455">
        <ele>2128.98</ele>
        <time>2014-08-17T12:14:32Z</time>
        <extensions>
          <gpxtpx:TrackPointExtension>
            <gpxtpx:atemp>9.2</gpxtpx:atemp>
          </gpxtpx:TrackPointExtension>
          <gpxx:TrackPointExtension>
            <gpxx:Temperature>9.2</gpxx:Temperature>
          </gpxx:TrackPointExtension>
        </extensions>
      </trkpt>
      <trkpt lat="46.44552499987185" lon="13.648450747132301">
        <ele>2127.5300000000002</ele>
        <time>2014-08-17T12:14:39Z</time>
        <extensions>
          <gpxtpx:TrackPointExtension>
            <gpxtpx:atemp>9.2</gpxtpx:atemp>
          </gpxtpx:TrackPointExtension>
          <gpxx:TrackPointExtension>
            <gpxx:Temperature>9.2</gpxx:Temperature>
          </gpxx:TrackPointExtension>
        </extensions>
      </trkpt>
      <trkpt lat="46.445576380938292" lon="13.648280426859856">
        <ele>2126.5700000000002</ele>
        <time>2014-08-17T12:14:48Z</time>
        <extensions>
          <gpxtpx:TrackPointExtension>
            <gpxtpx:atemp>9.2</gpxtpx:atemp>
          </gpxtpx:TrackPointExtension>
          <gpxx:TrackPointExtension>
            <gpxx:Temperature>9.2</gpxx:Temperature>
          </gpxx:TrackPointExtension>
        </extensions>
      </trkpt>
      <trkpt lat="46.445620637387037" lon="13.648109100759029">
        <ele>2125.6100000000001</ele>
        <time>2014-08-17T12:14:58Z</time>
        <extensions>
          <gpxtpx:TrackPointExtension>
            <gpxtpx:atemp>9.2</gpxtpx:atemp>
          </gpxtpx:TrackPointExtension>
          <gpxx:TrackPointExtension>
            <gpxx:Temperature>9.2</gpxx:Temperature>
          </gpxx:TrackPointExtension>
        </extensions>
      </trkpt>
      <trkpt lat="46.445650728419423" lon="13.647913048043847">
        <ele>2125.1300000000001</ele>
        <time>2014-08-17T12:15:08Z</time>
        <extensions>
          <gpxtpx:TrackPointExtension>
            <gpxtpx:atemp>9.2</gpxtpx:atemp>
          </gpxtpx:TrackPointExtension>
          <gpxx:TrackPointExtension>
            <gpxx:Temperature>9.2</gpxx:Temperature>
          </gpxx:TrackPointExtension>
        </extensions>
      </trkpt>
      <trkpt lat="46.445703115314245" lon="13.647743985056877">
        <ele>2124.6500000000001</ele>
        <time>2014-08-17T12:15:18Z</time>
        <extensions>
          <gpxtpx:TrackPointExtension>
            <gpxtpx:atemp>9.2</gpxtpx:atemp>
          </gpxtpx:TrackPointExtension>
          <gpxx:TrackPointExtension>
            <gpxx:Temperature>9.2</gpxx:Temperature>
          </gpxx:TrackPointExtension>
        </extensions>
      </trkpt>
      <trkpt lat="46.445727087557316" lon="13.647668045014143">
        <ele>2124.1700000000001</ele>
        <time>2014-08-17T12:15:22Z</time>
        <extensions>
          <gpxtpx:TrackPointExtension>
            <gpxtpx:atemp>9.4</gpxtpx:atemp>
          </gpxtpx:TrackPointExtension>
          <gpxx:TrackPointExtension>
            <gpxx:Temperature>9.4</gpxx:Temperature>
          </gpxx:TrackPointExtension>
        </extensions>
      </trkpt>
      <trkpt lat="46.445735720917583" lon="13.647585399448872">
        <ele>2125.1300000000001</ele>
        <time>2014-08-17T12:15:26Z</time>
        <extensions>
          <gpxtpx:TrackPointExtension>
            <gpxtpx:atemp>9.4</gpxtpx:atemp>
          </gpxtpx:TrackPointExtension>
          <gpxx:TrackPointExtension>
            <gpxx:Temperature>9.4</gpxx:Temperature>
          </gpxx:TrackPointExtension>
        </extensions>
      </trkpt>
      <trkpt lat="46.44574829377234" lon="13.647386245429516">
        <ele>2123.6900000000001</ele>
        <time>2014-08-17T12:15:36Z</time>
        <extensions>
          <gpxtpx:TrackPointExtension>
            <gpxtpx:atemp>9.4</gpxtpx:atemp>
          </gpxtpx:TrackPointExtension>
          <gpxx:TrackPointExtension>
            <gpxx:Temperature>9.4</gpxx:Temperature>
          </gpxx:TrackPointExtension>
        </extensions>
      </trkpt>
      <trkpt lat="46.445747707039118" lon="13.647344587370753">
        <ele>2123.6900000000001</ele>
        <time>2014-08-17T12:15:38Z</time>
        <extensions>
          <gpxtpx:TrackPointExtension>
            <gpxtpx:atemp>9.4</gpxtpx:atemp>
          </gpxtpx:TrackPointExtension>
          <gpxx:TrackPointExtension>
            <gpxx:Temperature>9.4</gpxx:Temperature>
          </gpxx:TrackPointExtension>
        </extensions>
      </trkpt>
      <trkpt lat="46.445727925747633" lon="13.647170998156071">
        <ele>2121.29</ele>
        <time>2014-08-17T12:15:48Z</time>
        <extensions>
          <gpxtpx:TrackPointExtension>
            <gpxtpx:atemp>9.4</gpxtpx:atemp>
          </gpxtpx:TrackPointExtension>
          <gpxx:TrackPointExtension>
            <gpxx:Temperature>9.4</gpxx:Temperature>
          </gpxx:TrackPointExtension>
        </extensions>
      </trkpt>
      <trkpt lat="46.445725411176682" lon="13.647093549370766">
        <ele>2119.3600000000001</ele>
        <time>2014-08-17T12:15:52Z</time>
        <extensions>
          <gpxtpx:TrackPointExtension>
            <gpxtpx:atemp>9.4</gpxtpx:atemp>
          </gpxtpx:TrackPointExtension>
          <gpxx:TrackPointExtension>
            <gpxx:Temperature>9.4</gpxx:Temperature>
          </gpxx:TrackPointExtension>
        </extensions>
      </trkpt>
      <trkpt lat="46.445672269910574" lon="13.646920630708337">
        <ele>2118.8800000000001</ele>
        <time>2014-08-17T12:16:01Z</time>
        <extensions>
          <gpxtpx:TrackPointExtension>
            <gpxtpx:atemp>9.4</gpxtpx:atemp>
          </gpxtpx:TrackPointExtension>
          <gpxx:TrackPointExtension>
            <gpxx:Temperature>9.4</gpxx:Temperature>
          </gpxx:TrackPointExtension>
        </extensions>
      </trkpt>
      <trkpt lat="46.445620385929942" lon="13.646758021786809">
        <ele>2116.48</ele>
        <time>2014-08-17T12:16:10Z</time>
        <extensions>
          <gpxtpx:TrackPointExtension>
            <gpxtpx:atemp>9.4</gpxtpx:atemp>
          </gpxtpx:TrackPointExtension>
          <gpxx:TrackPointExtension>
            <gpxx:Temperature>9.4</gpxx:Temperature>
          </gpxx:TrackPointExtension>
        </extensions>
      </trkpt>
      <trkpt lat="46.445555845275521" lon="13.646574541926384">
        <ele>2114.5599999999999</ele>
        <time>2014-08-17T12:16:21Z</time>
        <extensions>
          <gpxtpx:TrackPointExtension>
            <gpxtpx:atemp>9.4</gpxtpx:atemp>
          </gpxtpx:TrackPointExtension>
          <gpxx:TrackPointExtension>
            <gpxx:Temperature>9.4</gpxx:Temperature>
          </gpxx:TrackPointExtension>
        </extensions>
      </trkpt>
      <trkpt lat="46.445520808920264" lon="13.646450322121382">
        <ele>2113.1199999999999</ele>
        <time>2014-08-17T12:16:29Z</time>
        <extensions>
          <gpxtpx:TrackPointExtension>
            <gpxtpx:atemp>9</gpxtpx:atemp>
          </gpxtpx:TrackPointExtension>
          <gpxx:TrackPointExtension>
            <gpxx:Temperature>9</gpxx:Temperature>
          </gpxx:TrackPointExtension>
        </extensions>
      </trkpt>
      <trkpt lat="46.445521814748645" lon="13.646423500031233">
        <ele>2113.1199999999999</ele>
        <time>2014-08-17T12:16:31Z</time>
        <extensions>
          <gpxtpx:TrackPointExtension>
            <gpxtpx:atemp>9</gpxtpx:atemp>
          </gpxtpx:TrackPointExtension>
          <gpxx:TrackPointExtension>
            <gpxx:Temperature>9</gpxx:Temperature>
          </gpxx:TrackPointExtension>
        </extensions>
      </trkpt>
      <trkpt lat="46.445489460602403" lon="13.646321576088667">
        <ele>2111.6700000000001</ele>
        <time>2014-08-17T12:16:39Z</time>
        <extensions>
          <gpxtpx:TrackPointExtension>
            <gpxtpx:atemp>9</gpxtpx:atemp>
          </gpxtpx:TrackPointExtension>
          <gpxx:TrackPointExtension>
            <gpxx:Temperature>9</gpxx:Temperature>
          </gpxx:TrackPointExtension>
        </extensions>
      </trkpt>
      <trkpt lat="46.445474959909916" lon="13.64620640873909">
        <ele>2109.75</ele>
        <time>2014-08-17T12:16:47Z</time>
        <extensions>
          <gpxtpx:TrackPointExtension>
            <gpxtpx:atemp>9</gpxtpx:atemp>
          </gpxtpx:TrackPointExtension>
          <gpxx:TrackPointExtension>
            <gpxx:Temperature>9</gpxx:Temperature>
          </gpxx:TrackPointExtension>
        </extensions>
      </trkpt>
      <trkpt lat="46.445455094799399" lon="13.646094091236591">
        <ele>2108.3099999999999</ele>
        <time>2014-08-17T12:16:55Z</time>
        <extensions>
          <gpxtpx:TrackPointExtension>
            <gpxtpx:atemp>9</gpxtpx:atemp>
          </gpxtpx:TrackPointExtension>
          <gpxx:TrackPointExtension>
            <gpxx:Temperature>9</gpxx:Temperature>
          </gpxx:TrackPointExtension>
        </extensions>
      </trkpt>
      <trkpt lat="46.445424668490887" lon="13.645976409316063">
        <ele>2107.3499999999999</ele>
        <time>2014-08-17T12:17:04Z</time>
        <extensions>
          <gpxtpx:TrackPointExtension>
            <gpxtpx:atemp>9</gpxtpx:atemp>
          </gpxtpx:TrackPointExtension>
          <gpxx:TrackPointExtension>
            <gpxx:Temperature>9</gpxx:Temperature>
          </gpxx:TrackPointExtension>
        </extensions>
      </trkpt>
      <trkpt lat="46.445404551923275" lon="13.64589175209403">
        <ele>2106.3899999999999</ele>
        <time>2014-08-17T12:17:11Z</time>
        <extensions>
          <gpxtpx:TrackPointExtension>
            <gpxtpx:atemp>9</gpxtpx:atemp>
          </gpxtpx:TrackPointExtension>
          <gpxx:TrackPointExtension>
            <gpxx:Temperature>9</gpxx:Temperature>
          </gpxx:TrackPointExtension>
        </extensions>
      </trkpt>
      <trkpt lat="46.44540086388588" lon="13.645802568644285">
        <ele>2104.46</ele>
        <time>2014-08-17T12:17:18Z</time>
        <extensions>
          <gpxtpx:TrackPointExtension>
            <gpxtpx:atemp>9</gpxtpx:atemp>
          </gpxtpx:TrackPointExtension>
          <gpxx:TrackPointExtension>
            <gpxx:Temperature>9</gpxx:Temperature>
          </gpxx:TrackPointExtension>
        </extensions>
      </trkpt>
      <trkpt lat="46.445385692641139" lon="13.645684467628598">
        <ele>2103.02</ele>
        <time>2014-08-17T12:17:27Z</time>
        <extensions>
          <gpxtpx:TrackPointExtension>
            <gpxtpx:atemp>9.2</gpxtpx:atemp>
          </gpxtpx:TrackPointExtension>
          <gpxx:TrackPointExtension>
            <gpxx:Temperature>9.2</gpxx:Temperature>
          </gpxx:TrackPointExtension>
        </extensions>
      </trkpt>
      <trkpt lat="46.445380412042141" lon="13.64564398303628">
        <ele>2101.5799999999999</ele>
        <time>2014-08-17T12:17:31Z</time>
        <extensions>
          <gpxtpx:TrackPointExtension>
            <gpxtpx:atemp>9.2</gpxtpx:atemp>
          </gpxtpx:TrackPointExtension>
          <gpxx:TrackPointExtension>
            <gpxx:Temperature>9.2</gpxx:Temperature>
          </gpxx:TrackPointExtension>
        </extensions>
      </trkpt>
      <trkpt lat="46.445348476991057" lon="13.645595703274012">
        <ele>2101.0999999999999</ele>
        <time>2014-08-17T12:17:38Z</time>
        <extensions>
          <gpxtpx:TrackPointExtension>
            <gpxtpx:atemp>9.2</gpxtpx:atemp>
          </gpxtpx:TrackPointExtension>
          <gpxx:TrackPointExtension>
            <gpxx:Temperature>9.2</gpxx:Temperature>
          </gpxx:TrackPointExtension>
        </extensions>
      </trkpt>
      <trkpt lat="46.445330791175365" lon="13.64557852037251">
        <ele>2099.6599999999999</ele>
        <time>2014-08-17T12:17:41Z</time>
        <extensions>
          <gpxtpx:TrackPointExtension>
            <gpxtpx:atemp>9.2</gpxtpx:atemp>
          </gpxtpx:TrackPointExtension>
          <gpxx:TrackPointExtension>
            <gpxx:Temperature>9.2</gpxx:Temperature>
          </gpxx:TrackPointExtension>
        </extensions>
      </trkpt>
      <trkpt lat="46.445297515019774" lon="13.645523954182863">
        <ele>2099.6599999999999</ele>
        <time>2014-08-17T12:17:49Z</time>
        <extensions>
          <gpxtpx:TrackPointExtension>
            <gpxtpx:atemp>9.2</gpxtpx:atemp>
          </gpxtpx:TrackPointExtension>
          <gpxx:TrackPointExtension>
            <gpxx:Temperature>9.2</gpxx:Temperature>
          </gpxx:TrackPointExtension>
        </extensions>
      </trkpt>
      <trkpt lat="46.445280415937304" lon="13.645468130707741">
        <ele>2097.25</ele>
        <time>2014-08-17T12:18:09Z</time>
        <extensions>
          <gpxtpx:TrackPointExtension>
            <gpxtpx:atemp>9.2</gpxtpx:atemp>
          </gpxtpx:TrackPointExtension>
          <gpxx:TrackPointExtension>
            <gpxx:Temperature>9.2</gpxx:Temperature>
          </gpxx:TrackPointExtension>
        </extensions>
      </trkpt>
      <trkpt lat="46.445261808112264" lon="13.645384814590216">
        <ele>2095.8099999999999</ele>
        <time>2014-08-17T12:18:13Z</time>
        <extensions>
          <gpxtpx:TrackPointExtension>
            <gpxtpx:atemp>9.2</gpxtpx:atemp>
          </gpxtpx:TrackPointExtension>
          <gpxx:TrackPointExtension>
            <gpxx:Temperature>9.2</gpxx:Temperature>
          </gpxx:TrackPointExtension>
        </extensions>
      </trkpt>
      <trkpt lat="46.445221491158009" lon="13.645228240638971">
        <ele>2092.4499999999998</ele>
        <time>2014-08-17T12:18:20Z</time>
        <extensions>
          <gpxtpx:TrackPointExtension>
            <gpxtpx:atemp>9.2</gpxtpx:atemp>
          </gpxtpx:TrackPointExtension>
          <gpxx:TrackPointExtension>
            <gpxx:Temperature>9.2</gpxx:Temperature>
          </gpxx:TrackPointExtension>
        </extensions>
      </trkpt>
      <trkpt lat="46.445182850584388" lon="13.645134614780545">
        <ele>2090.04</ele>
        <time>2014-08-17T12:18:24Z</time>
        <extensions>
          <gpxtpx:TrackPointExtension>
            <gpxtpx:atemp>8.7</gpxtpx:atemp>
          </gpxtpx:TrackPointExtension>
          <gpxx:TrackPointExtension>
            <gpxx:Temperature>8.7</gpxx:Temperature>
          </gpxx:TrackPointExtension>
        </extensions>
      </trkpt>
      <trkpt lat="46.445114957168698" lon="13.644997151568532">
        <ele>2088.5999999999999</ele>
        <time>2014-08-17T12:18:31Z</time>
        <extensions>
          <gpxtpx:TrackPointExtension>
            <gpxtpx:atemp>8.7</gpxtpx:atemp>
          </gpxtpx:TrackPointExtension>
          <gpxx:TrackPointExtension>
            <gpxx:Temperature>8.7</gpxx:Temperature>
          </gpxx:TrackPointExtension>
        </extensions>
      </trkpt>
      <trkpt lat="46.445045135915279" lon="13.644863292574883">
        <ele>2088.1199999999999</ele>
        <time>2014-08-17T12:18:39Z</time>
        <extensions>
          <gpxtpx:TrackPointExtension>
            <gpxtpx:atemp>8.7</gpxtpx:atemp>
          </gpxtpx:TrackPointExtension>
          <gpxx:TrackPointExtension>
            <gpxx:Temperature>8.7</gpxx:Temperature>
          </gpxx:TrackPointExtension>
        </extensions>
      </trkpt>
      <trkpt lat="46.44499534741044" lon="13.644794728606939">
        <ele>2087.6399999999999</ele>
        <time>2014-08-17T12:18:44Z</time>
        <extensions>
          <gpxtpx:TrackPointExtension>
            <gpxtpx:atemp>8.7</gpxtpx:atemp>
          </gpxtpx:TrackPointExtension>
          <gpxx:TrackPointExtension>
            <gpxx:Temperature>8.7</gpxx:Temperature>
          </gpxx:TrackPointExtension>
        </extensions>
      </trkpt>
      <trkpt lat="46.444924604147673" lon="13.644619211554527">
        <ele>2085.7199999999998</ele>
        <time>2014-08-17T12:18:53Z</time>
        <extensions>
          <gpxtpx:TrackPointExtension>
            <gpxtpx:atemp>8.7</gpxtpx:atemp>
          </gpxtpx:TrackPointExtension>
          <gpxx:TrackPointExtension>
            <gpxx:Temperature>8.7</gpxx:Temperature>
          </gpxx:TrackPointExtension>
        </extensions>
      </trkpt>
      <trkpt lat="46.444863500073552" lon="13.644456602632999">
        <ele>2085.2399999999998</ele>
        <time>2014-08-17T12:19:03Z</time>
        <extensions>
          <gpxtpx:TrackPointExtension>
            <gpxtpx:atemp>8.7</gpxtpx:atemp>
          </gpxtpx:TrackPointExtension>
          <gpxx:TrackPointExtension>
            <gpxx:Temperature>8.7</gpxx:Temperature>
          </gpxx:TrackPointExtension>
        </extensions>
      </trkpt>
      <trkpt lat="46.444807257503271" lon="13.644339926540852">
        <ele>2084.7600000000002</ele>
        <time>2014-08-17T12:19:10Z</time>
        <extensions>
          <gpxtpx:TrackPointExtension>
            <gpxtpx:atemp>8.7</gpxtpx:atemp>
          </gpxtpx:TrackPointExtension>
          <gpxx:TrackPointExtension>
            <gpxx:Temperature>8.7</gpxx:Temperature>
          </gpxx:TrackPointExtension>
        </extensions>
      </trkpt>
      <trkpt lat="46.444747745990753" lon="13.644204139709473">
        <ele>2082.8299999999999</ele>
        <time>2014-08-17T12:19:19Z</time>
        <extensions>
          <gpxtpx:TrackPointExtension>
            <gpxtpx:atemp>8.7</gpxtpx:atemp>
          </gpxtpx:TrackPointExtension>
          <gpxx:TrackPointExtension>
            <gpxx:Temperature>8.7</gpxx:Temperature>
          </gpxx:TrackPointExtension>
        </extensions>
      </trkpt>
      <trkpt lat="46.444680858403444" lon="13.644057121127844">
        <ele>2080.9099999999999</ele>
        <time>2014-08-17T12:19:29Z</time>
        <extensions>
          <gpxtpx:TrackPointExtension>
            <gpxtpx:atemp>8.6</gpxtpx:atemp>
          </gpxtpx:TrackPointExtension>
          <gpxx:TrackPointExtension>
            <gpxx:Temperature>8.6</gpxx:Temperature>
          </gpxx:TrackPointExtension>
        </extensions>
      </trkpt>
      <trkpt lat="46.444649929180741" lon="13.643991826102138">
        <ele>2079.9499999999998</ele>
        <time>2014-08-17T12:19:34Z</time>
        <extensions>
          <gpxtpx:TrackPointExtension>
            <gpxtpx:atemp>8.6</gpxtpx:atemp>
          </gpxtpx:TrackPointExtension>
          <gpxx:TrackPointExtension>
            <gpxx:Temperature>8.6</gpxx:Temperature>
          </gpxx:TrackPointExtension>
        </extensions>
      </trkpt>
      <trkpt lat="46.444619502872229" lon="13.643942791968584">
        <ele>2078.5100000000002</ele>
        <time>2014-08-17T12:19:38Z</time>
        <extensions>
          <gpxtpx:TrackPointExtension>
            <gpxtpx:atemp>8.6</gpxtpx:atemp>
          </gpxtpx:TrackPointExtension>
          <gpxx:TrackPointExtension>
            <gpxx:Temperature>8.6</gpxx:Temperature>
          </gpxx:TrackPointExtension>
        </extensions>
      </trkpt>
      <trkpt lat="46.444556722417474" lon="13.643774734809995">
        <ele>2077.5500000000002</ele>
        <time>2014-08-17T12:19:50Z</time>
        <extensions>
          <gpxtpx:TrackPointExtension>
            <gpxtpx:atemp>8.6</gpxtpx:atemp>
          </gpxtpx:TrackPointExtension>
          <gpxx:TrackPointExtension>
            <gpxx:Temperature>8.6</gpxx:Temperature>
          </gpxx:TrackPointExtension>
        </extensions>
      </trkpt>
      <trkpt lat="46.444534258916974" lon="13.643724694848061">
        <ele>2075.1399999999999</ele>
        <time>2014-08-17T12:19:55Z</time>
        <extensions>
          <gpxtpx:TrackPointExtension>
            <gpxtpx:atemp>8.6</gpxtpx:atemp>
          </gpxtpx:TrackPointExtension>
          <gpxx:TrackPointExtension>
            <gpxx:Temperature>8.6</gpxx:Temperature>
          </gpxx:TrackPointExtension>
        </extensions>
      </trkpt>
      <trkpt lat="46.444533504545689" lon="13.643646240234375">
        <ele>2073.6999999999998</ele>
        <time>2014-08-17T12:20:00Z</time>
        <extensions>
          <gpxtpx:TrackPointExtension>
            <gpxtpx:atemp>8.6</gpxtpx:atemp>
          </gpxtpx:TrackPointExtension>
          <gpxx:TrackPointExtension>
            <gpxx:Temperature>8.6</gpxx:Temperature>
          </gpxx:TrackPointExtension>
        </extensions>
      </trkpt>
      <trkpt lat="46.444510035216808" lon="13.643592176958919">
        <ele>2073.2199999999998</ele>
        <time>2014-08-17T12:20:04Z</time>
        <extensions>
          <gpxtpx:TrackPointExtension>
            <gpxtpx:atemp>8.6</gpxtpx:atemp>
          </gpxtpx:TrackPointExtension>
          <gpxx:TrackPointExtension>
            <gpxx:Temperature>8.6</gpxx:Temperature>
          </gpxx:TrackPointExtension>
        </extensions>
      </trkpt>
      <trkpt lat="46.444480698555708" lon="13.643475417047739">
        <ele>2072.2600000000002</ele>
        <time>2014-08-17T12:20:12Z</time>
        <extensions>
          <gpxtpx:TrackPointExtension>
            <gpxtpx:atemp>8.6</gpxtpx:atemp>
          </gpxtpx:TrackPointExtension>
          <gpxx:TrackPointExtension>
            <gpxx:Temperature>8.6</gpxx:Temperature>
          </gpxx:TrackPointExtension>
        </extensions>
      </trkpt>
      <trkpt lat="46.44446368329227" lon="13.643426550552249">
        <ele>2070.3400000000001</ele>
        <time>2014-08-17T12:20:16Z</time>
        <extensions>
          <gpxtpx:TrackPointExtension>
            <gpxtpx:atemp>8.6</gpxtpx:atemp>
          </gpxtpx:TrackPointExtension>
          <gpxx:TrackPointExtension>
            <gpxx:Temperature>8.6</gpxx:Temperature>
          </gpxx:TrackPointExtension>
        </extensions>
      </trkpt>
      <trkpt lat="46.44443585537374" lon="13.643339378759265">
        <ele>2068.8899999999999</ele>
        <time>2014-08-17T12:20:24Z</time>
        <extensions>
          <gpxtpx:TrackPointExtension>
            <gpxtpx:atemp>8.7</gpxtpx:atemp>
          </gpxtpx:TrackPointExtension>
          <gpxx:TrackPointExtension>
            <gpxx:Temperature>8.7</gpxx:Temperature>
          </gpxx:TrackPointExtension>
        </extensions>
      </trkpt>
      <trkpt lat="46.444416660815477" lon="13.64325555972755">
        <ele>2066.9699999999998</ele>
        <time>2014-08-17T12:20:31Z</time>
        <extensions>
          <gpxtpx:TrackPointExtension>
            <gpxtpx:atemp>8.7</gpxtpx:atemp>
          </gpxtpx:TrackPointExtension>
          <gpxx:TrackPointExtension>
            <gpxx:Temperature>8.7</gpxx:Temperature>
          </gpxx:TrackPointExtension>
        </extensions>
      </trkpt>
      <trkpt lat="46.444402243942022" lon="13.643189929425716">
        <ele>2066.0100000000002</ele>
        <time>2014-08-17T12:20:38Z</time>
        <extensions>
          <gpxtpx:TrackPointExtension>
            <gpxtpx:atemp>8.7</gpxtpx:atemp>
          </gpxtpx:TrackPointExtension>
          <gpxx:TrackPointExtension>
            <gpxx:Temperature>8.7</gpxx:Temperature>
          </gpxx:TrackPointExtension>
        </extensions>
      </trkpt>
      <trkpt lat="46.444372236728668" lon="13.643060512840748">
        <ele>2064.5700000000002</ele>
        <time>2014-08-17T12:20:45Z</time>
        <extensions>
          <gpxtpx:TrackPointExtension>
            <gpxtpx:atemp>8.7</gpxtpx:atemp>
          </gpxtpx:TrackPointExtension>
          <gpxx:TrackPointExtension>
            <gpxx:Temperature>8.7</gpxx:Temperature>
          </gpxx:TrackPointExtension>
        </extensions>
      </trkpt>
      <trkpt lat="46.444348096847534" lon="13.642867645248771">
        <ele>2064.5700000000002</ele>
        <time>2014-08-17T12:20:55Z</time>
        <extensions>
          <gpxtpx:TrackPointExtension>
            <gpxtpx:atemp>8.7</gpxtpx:atemp>
          </gpxtpx:TrackPointExtension>
          <gpxx:TrackPointExtension>
            <gpxx:Temperature>8.7</gpxx:Temperature>
          </gpxx:TrackPointExtension>
        </extensions>
      </trkpt>
      <trkpt lat="46.444299481809139" lon="13.642722722142935">
        <ele>2064.5700000000002</ele>
        <time>2014-08-17T12:21:04Z</time>
        <extensions>
          <gpxtpx:TrackPointExtension>
            <gpxtpx:atemp>8.7</gpxtpx:atemp>
          </gpxtpx:TrackPointExtension>
          <gpxx:TrackPointExtension>
            <gpxx:Temperature>8.7</gpxx:Temperature>
          </gpxx:TrackPointExtension>
        </extensions>
      </trkpt>
      <trkpt lat="46.44422672688961" lon="13.642582073807716">
        <ele>2064.0900000000001</ele>
        <time>2014-08-17T12:21:14Z</time>
        <extensions>
          <gpxtpx:TrackPointExtension>
            <gpxtpx:atemp>8.7</gpxtpx:atemp>
          </gpxtpx:TrackPointExtension>
          <gpxx:TrackPointExtension>
            <gpxx:Temperature>8.7</gpxx:Temperature>
          </gpxx:TrackPointExtension>
        </extensions>
      </trkpt>
      <trkpt lat="46.444212477654219" lon="13.642518036067486">
        <ele>2062.6500000000001</ele>
        <time>2014-08-17T12:21:18Z</time>
        <extensions>
          <gpxtpx:TrackPointExtension>
            <gpxtpx:atemp>8.7</gpxtpx:atemp>
          </gpxtpx:TrackPointExtension>
          <gpxx:TrackPointExtension>
            <gpxx:Temperature>8.7</gpxx:Temperature>
          </gpxx:TrackPointExtension>
        </extensions>
      </trkpt>
      <trkpt lat="46.444203592836857" lon="13.642393983900547">
        <ele>2061.6799999999998</ele>
        <time>2014-08-17T12:21:26Z</time>
        <extensions>
          <gpxtpx:TrackPointExtension>
            <gpxtpx:atemp>10.2</gpxtpx:atemp>
          </gpxtpx:TrackPointExtension>
          <gpxx:TrackPointExtension>
            <gpxx:Temperature>10.2</gpxx:Temperature>
          </gpxx:TrackPointExtension>
        </extensions>
      </trkpt>
      <trkpt lat="46.444073924794793" lon="13.642253167927265">
        <ele>2059.2800000000002</ele>
        <time>2014-08-17T12:21:39Z</time>
        <extensions>
          <gpxtpx:TrackPointExtension>
            <gpxtpx:atemp>10.2</gpxtpx:atemp>
          </gpxtpx:TrackPointExtension>
          <gpxx:TrackPointExtension>
            <gpxx:Temperature>10.2</gpxx:Temperature>
          </gpxx:TrackPointExtension>
        </extensions>
      </trkpt>
      <trkpt lat="46.444000583142042" lon="13.642139676958323">
        <ele>2058.8000000000002</ele>
        <time>2014-08-17T12:21:48Z</time>
        <extensions>
          <gpxtpx:TrackPointExtension>
            <gpxtpx:atemp>10.2</gpxtpx:atemp>
          </gpxtpx:TrackPointExtension>
          <gpxx:TrackPointExtension>
            <gpxx:Temperature>10.2</gpxx:Temperature>
          </gpxx:TrackPointExtension>
        </extensions>
      </trkpt>
      <trkpt lat="46.44398482516408" lon="13.642119141295552">
        <ele>2057.8400000000001</ele>
        <time>2014-08-17T12:21:50Z</time>
        <extensions>
          <gpxtpx:TrackPointExtension>
            <gpxtpx:atemp>10.2</gpxtpx:atemp>
          </gpxtpx:TrackPointExtension>
          <gpxx:TrackPointExtension>
            <gpxx:Temperature>10.2</gpxx:Temperature>
          </gpxx:TrackPointExtension>
        </extensions>
      </trkpt>
      <trkpt lat="46.443953309208155" lon="13.642024844884872">
        <ele>2058.3200000000002</ele>
        <time>2014-08-17T12:21:56Z</time>
        <extensions>
          <gpxtpx:TrackPointExtension>
            <gpxtpx:atemp>10.2</gpxtpx:atemp>
          </gpxtpx:TrackPointExtension>
          <gpxx:TrackPointExtension>
            <gpxx:Temperature>10.2</gpxx:Temperature>
          </gpxx:TrackPointExtension>
        </extensions>
      </trkpt>
      <trkpt lat="46.443885834887624" lon="13.641876485198736">
        <ele>2058.3200000000002</ele>
        <time>2014-08-17T12:22:06Z</time>
        <extensions>
          <gpxtpx:TrackPointExtension>
            <gpxtpx:atemp>10.2</gpxtpx:atemp>
          </gpxtpx:TrackPointExtension>
          <gpxx:TrackPointExtension>
            <gpxx:Temperature>10.2</gpxx:Temperature>
          </gpxx:TrackPointExtension>
        </extensions>
      </trkpt>
      <trkpt lat="46.443800926208496" lon="13.641749080270529">
        <ele>2058.3200000000002</ele>
        <time>2014-08-17T12:22:17Z</time>
        <extensions>
          <gpxtpx:TrackPointExtension>
            <gpxtpx:atemp>10.2</gpxtpx:atemp>
          </gpxtpx:TrackPointExtension>
          <gpxx:TrackPointExtension>
            <gpxx:Temperature>10.2</gpxx:Temperature>
          </gpxx:TrackPointExtension>
        </extensions>
      </trkpt>
      <trkpt lat="46.443795980885625" lon="13.641687640920281">
        <ele>2057.3600000000001</ele>
        <time>2014-08-17T12:22:24Z</time>
        <extensions>
          <gpxtpx:TrackPointExtension>
            <gpxtpx:atemp>10.9</gpxtpx:atemp>
          </gpxtpx:TrackPointExtension>
          <gpxx:TrackPointExtension>
            <gpxx:Temperature>10.9</gpxx:Temperature>
          </gpxx:TrackPointExtension>
        </extensions>
      </trkpt>
      <trkpt lat="46.443777205422521" lon="13.641686718910933">
        <ele>2054.96</ele>
        <time>2014-08-17T12:22:29Z</time>
        <extensions>
          <gpxtpx:TrackPointExtension>
            <gpxtpx:atemp>10.9</gpxtpx:atemp>
          </gpxtpx:TrackPointExtension>
          <gpxx:TrackPointExtension>
            <gpxx:Temperature>10.9</gpxx:Temperature>
          </gpxx:TrackPointExtension>
        </extensions>
      </trkpt>
      <trkpt lat="46.443775529041886" lon="13.641661405563354">
        <ele>2053.9899999999998</ele>
        <time>2014-08-17T12:22:31Z</time>
        <extensions>
          <gpxtpx:TrackPointExtension>
            <gpxtpx:atemp>10.9</gpxtpx:atemp>
          </gpxtpx:TrackPointExtension>
          <gpxx:TrackPointExtension>
            <gpxx:Temperature>10.9</gpxx:Temperature>
          </gpxx:TrackPointExtension>
        </extensions>
      </trkpt>
      <trkpt lat="46.443793214857578" lon="13.641506591811776">
        <ele>2052.5500000000002</ele>
        <time>2014-08-17T12:22:40Z</time>
        <extensions>
          <gpxtpx:TrackPointExtension>
            <gpxtpx:atemp>10.9</gpxtpx:atemp>
          </gpxtpx:TrackPointExtension>
          <gpxx:TrackPointExtension>
            <gpxx:Temperature>10.9</gpxx:Temperature>
          </gpxx:TrackPointExtension>
        </extensions>
      </trkpt>
    </trkseg>
  </trk>

</gpx>