<?xml version="1.0" encoding="UTF-8" standalone="yes"?>
<gpx xmlns="http://www.topografix.com/GPX/1/1" xmlns:gpxtrx="http://www.garmin.com/xmlschemas/GpxExtensions/v3" xmlns:rcxx="http://www.routeconverter.de/xmlschemas/RouteCatalogExtensions/1.0" xmlns:xsi="http://www.w3.org/2001/XMLSchema-instance" xmlns:gpxtpx="http://www.garmin.com/xmlschemas/TrackPointExtension/v1" xmlns:gpxx="http://www.garmin.com/xmlschemas/WaypointExtension/v1" xmlns:nmea="http://trekbuddy.net/2009/01/gpx/nmea" version="1.1" creator="Generated by Christian Pesch's RouteConverter. See http://www.routeconverter.com">
    <metadata>
        <name>2017-08-22 09:28</name>
        <link href="http://www.oruxmaps.com">
            <text>OruxMaps</text>
        </link>
        <time>2017-08-22T07:28:35Z</time>
        <bounds minlat="46.3873824" minlon="12.1332236" maxlat="46.4198952" maxlon="12.1868329"/>
    </metadata>
    <wpt lat="46.4184133" lon="12.150932">
        <ele>2133.0</ele>
        <time>2017-08-22T14:38:21.000Z</time>
        <name>Position 1</name>
        <sym>Waypoint</sym>
        <type>Wegpunkt</type>
        <extensions>
            <om:oruxmapsextensions xmlns:om="http://www.oruxmaps.com/oruxmapsextensions/1/0">
                <om:ext subtype="0" type="ICON">1</om:ext>
</om:oruxmapsextensions>
        </extensions>
    </wpt>
    <trk>
        <name>2017-08-22 09:28</name>
        <desc>&lt;p&gt;Startzeit: 08/22/2017 09:28&lt;/p&gt;&lt;p&gt;Zielzeit: 08/22/2017 17:35&lt;/p&gt;&lt;p&gt;Strecke: 19,
8 km (08:06)&lt;/p&gt;&lt;p&gt;Bewegungszeit: 05:07&lt;/p&gt;&lt;p&gt;Ø-Geschwindigkeit: 2,
44 km/h&lt;/p&gt;&lt;p&gt;Netto-Geschwindigkeit: 3,
86 km/h&lt;/p&gt;&lt;p&gt;Max. Geschwindigkeit: 33,
85km/h&lt;/p&gt;&lt;p&gt;Minimale Höhe: 1560 m&lt;/p&gt;&lt;p&gt;Maximale Höhe: 3171 m&lt;/p&gt;&lt;p&gt;Steig-Geschw.: 390,
2 m/h&lt;/p&gt;&lt;p&gt;Sink-Geschw.: -497,
1 m/h&lt;/p&gt;&lt;p&gt;Aufstieg: 1716 m&lt;/p&gt;&lt;p&gt;Abstieg: -1708 m&lt;/p&gt;&lt;p&gt;Steigzeit: 04:23&lt;/p&gt;&lt;p&gt;Sinkzeit: 03:26&lt;/p&gt;&lt;hr align="center" width="480" style="height: 2px; width: 517px"/&gt;</desc>
        <type>Unbestimmt</type>
        <extensions>
            <om:oruxmapsextensions xmlns:om="http://www.oruxmaps.com/oruxmapsextensions/1/0">
                <om:ext subtype="0" type="TYPE">0</om:ext>
                <om:ext type="DIFFICULTY">0</om:ext>
</om:oruxmapsextensions>
        </extensions>
        <trkseg>
            <trkpt lat="46.3873865" lon="12.1824289">
                <ele>1561.4</ele>
                <time>2017-08-22T07:32:15.000Z</time>
                <name>Position 1</name>
            </trkpt>
            <trkpt lat="46.3874781" lon="12.1826912">
                <ele>1560.8</ele>
                <time>2017-08-22T07:32:18.000Z</time>
                <name>Position 2</name>
            </trkpt>
            <trkpt lat="46.3876113" lon="12.1828888">
                <ele>1561.8</ele>
                <time>2017-08-22T07:32:22.000Z</time>
                <name>Position 3</name>
            </trkpt>
            <trkpt lat="46.3877614" lon="12.1830755">
                <ele>1563.0</ele>
                <time>2017-08-22T07:32:31.000Z</time>
                <name>Position 4</name>
            </trkpt>
            <trkpt lat="46.3878389" lon="12.183325">
                <ele>1566.0</ele>
                <time>2017-08-22T07:32:42.000Z</time>
                <name>Position 5</name>
            </trkpt>
            <trkpt lat="46.3879699" lon="12.1835173">
                <ele>1567.9</ele>
                <time>2017-08-22T07:32:53.000Z</time>
                <name>Position 6</name>
            </trkpt>
            <trkpt lat="46.3880638" lon="12.1837402">
                <ele>1573.8</ele>
                <time>2017-08-22T07:33:04.000Z</time>
                <name>Position 7</name>
            </trkpt>
            <trkpt lat="46.3881502" lon="12.1839734">
                <ele>1573.7</ele>
                <time>2017-08-22T07:33:13.000Z</time>
                <name>Position 8</name>
            </trkpt>
            <trkpt lat="46.3882195" lon="12.1842302">
                <ele>1574.7</ele>
                <time>2017-08-22T07:33:23.000Z</time>
                <name>Position 9</name>
            </trkpt>
            <trkpt lat="46.3882209" lon="12.1845135">
                <ele>1584.9</ele>
                <time>2017-08-22T07:33:35.000Z</time>
                <name>Position 10</name>
            </trkpt>
            <trkpt lat="46.3882604" lon="12.1847818">
                <ele>1587.0</ele>
                <time>2017-08-22T07:33:46.000Z</time>
                <name>Position 11</name>
            </trkpt>
            <trkpt lat="46.388343" lon="12.1850297">
                <ele>1581.6</ele>
                <time>2017-08-22T07:33:57.000Z</time>
                <name>Position 12</name>
            </trkpt>
            <trkpt lat="46.38835" lon="12.1852972">
                <ele>1587.8</ele>
                <time>2017-08-22T07:34:09.000Z</time>
                <name>Position 13</name>
            </trkpt>
            <trkpt lat="46.3884272" lon="12.1855475">
                <ele>1585.0</ele>
                <time>2017-08-22T07:34:20.000Z</time>
                <name>Position 14</name>
            </trkpt>
            <trkpt lat="46.388493" lon="12.1858024">
                <ele>1583.0</ele>
                <time>2017-08-22T07:34:30.000Z</time>
                <name>Position 15</name>
            </trkpt>
            <trkpt lat="46.3886039" lon="12.1860392">
                <ele>1583.0</ele>
                <time>2017-08-22T07:34:39.000Z</time>
                <name>Position 16</name>
            </trkpt>
            <trkpt lat="46.3887358" lon="12.1862196">
                <ele>1583.0</ele>
                <time>2017-08-22T07:34:48.000Z</time>
                <name>Position 17</name>
            </trkpt>
            <trkpt lat="46.3888843" lon="12.1864022">
                <ele>1585.8</ele>
                <time>2017-08-22T07:34:59.000Z</time>
                <name>Position 18</name>
            </trkpt>
            <trkpt lat="46.3890461" lon="12.1865483">
                <ele>1592.0</ele>
                <time>2017-08-22T07:35:12.000Z</time>
                <name>Position 19</name>
            </trkpt>
            <trkpt lat="46.389213" lon="12.1866727">
                <ele>1593.1</ele>
                <time>2017-08-22T07:35:24.000Z</time>
                <name>Position 20</name>
            </trkpt>
            <trkpt lat="46.3893894" lon="12.1867346">
                <ele>1597.9</ele>
                <time>2017-08-22T07:35:36.000Z</time>
                <name>Position 21</name>
            </trkpt>
            <trkpt lat="46.3895797" lon="12.1866743">
                <ele>1592.8</ele>
                <time>2017-08-22T07:35:46.000Z</time>
                <name>Position 22</name>
            </trkpt>
            <trkpt lat="46.3897721" lon="12.18663">
                <ele>1591.8</ele>
                <time>2017-08-22T07:35:56.000Z</time>
                <name>Position 23</name>
            </trkpt>
            <trkpt lat="46.389952" lon="12.1866472">
                <ele>1596.0</ele>
                <time>2017-08-22T07:36:07.000Z</time>
                <name>Position 24</name>
            </trkpt>
            <trkpt lat="46.3901477" lon="12.1866425">
                <ele>1599.0</ele>
                <time>2017-08-22T07:36:19.000Z</time>
                <name>Position 25</name>
            </trkpt>
            <trkpt lat="46.3903354" lon="12.186618">
                <ele>1601.9</ele>
                <time>2017-08-22T07:36:30.000Z</time>
                <name>Position 26</name>
            </trkpt>
            <trkpt lat="46.3905191" lon="12.1865335">
                <ele>1602.8</ele>
                <time>2017-08-22T07:36:43.000Z</time>
                <name>Position 27</name>
            </trkpt>
            <trkpt lat="46.3907038" lon="12.1864622">
                <ele>1602.0</ele>
                <time>2017-08-22T07:36:55.000Z</time>
                <name>Position 28</name>
            </trkpt>
            <trkpt lat="46.3908853" lon="12.1864201">
                <ele>1602.0</ele>
                <time>2017-08-22T07:37:06.000Z</time>
                <name>Position 29</name>
            </trkpt>
            <trkpt lat="46.3910595" lon="12.1864986">
                <ele>1606.6</ele>
                <time>2017-08-22T07:37:20.000Z</time>
                <name>Position 30</name>
            </trkpt>
            <trkpt lat="46.3912404" lon="12.1865692">
                <ele>1608.9</ele>
                <time>2017-08-22T07:37:30.000Z</time>
                <name>Position 31</name>
            </trkpt>
            <trkpt lat="46.391405" lon="12.1866787">
                <ele>1609.1</ele>
                <time>2017-08-22T07:37:41.000Z</time>
                <name>Position 32</name>
            </trkpt>
            <trkpt lat="46.391557" lon="12.1868188">
                <ele>1610.2</ele>
                <time>2017-08-22T07:37:53.000Z</time>
                <name>Position 33</name>
            </trkpt>
            <trkpt lat="46.3916961" lon="12.1866266">
                <ele>1607.8</ele>
                <time>2017-08-22T07:38:04.000Z</time>
                <name>Position 34</name>
            </trkpt>
            <trkpt lat="46.3918021" lon="12.1864153">
                <ele>1615.0</ele>
                <time>2017-08-22T07:38:22.000Z</time>
                <name>Position 35</name>
            </trkpt>
            <trkpt lat="46.391849" lon="12.1861461">
                <ele>1618.2</ele>
                <time>2017-08-22T07:38:39.000Z</time>
                <name>Position 36</name>
            </trkpt>
            <trkpt lat="46.3919581" lon="12.1859203">
                <ele>1624.2</ele>
                <time>2017-08-22T07:38:56.000Z</time>
                <name>Position 37</name>
            </trkpt>
            <trkpt lat="46.3920505" lon="12.1856714">
                <ele>1630.0</ele>
                <time>2017-08-22T07:39:14.000Z</time>
                <name>Position 38</name>
            </trkpt>
            <trkpt lat="46.3920469" lon="12.1854033">
                <ele>1634.9</ele>
                <time>2017-08-22T07:39:28.000Z</time>
                <name>Position 39</name>
            </trkpt>
            <trkpt lat="46.3920294" lon="12.1851426">
                <ele>1641.8</ele>
                <time>2017-08-22T07:39:44.000Z</time>
                <name>Position 40</name>
            </trkpt>
            <trkpt lat="46.3920128" lon="12.1848708">
                <ele>1647.2</ele>
                <time>2017-08-22T07:40:01.000Z</time>
                <name>Position 41</name>
            </trkpt>
            <trkpt lat="46.3920166" lon="12.1845867">
                <ele>1645.0</ele>
                <time>2017-08-22T07:40:14.000Z</time>
                <name>Position 42</name>
            </trkpt>
            <trkpt lat="46.3920449" lon="12.1843268">
                <ele>1643.0</ele>
                <time>2017-08-22T07:40:27.000Z</time>
                <name>Position 43</name>
            </trkpt>
            <trkpt lat="46.392153" lon="12.1841156">
                <ele>1643.8</ele>
                <time>2017-08-22T07:40:46.000Z</time>
                <name>Position 44</name>
            </trkpt>
            <trkpt lat="46.3923367" lon="12.1841761">
                <ele>1648.1</ele>
                <time>2017-08-22T07:41:02.000Z</time>
                <name>Position 45</name>
            </trkpt>
            <trkpt lat="46.3925192" lon="12.1841242">
                <ele>1646.8</ele>
                <time>2017-08-22T07:41:14.000Z</time>
                <name>Position 46</name>
            </trkpt>
            <trkpt lat="46.392688" lon="12.1840208">
                <ele>1647.8</ele>
                <time>2017-08-22T07:41:26.000Z</time>
                <name>Position 47</name>
            </trkpt>
            <trkpt lat="46.3928272" lon="12.183848">
                <ele>1646.2</ele>
                <time>2017-08-22T07:41:41.000Z</time>
                <name>Position 48</name>
            </trkpt>
            <trkpt lat="46.3929351" lon="12.1836338">
                <ele>1650.0</ele>
                <time>2017-08-22T07:41:56.000Z</time>
                <name>Position 49</name>
            </trkpt>
            <trkpt lat="46.3930664" lon="12.1834444">
                <ele>1653.8</ele>
                <time>2017-08-22T07:42:11.000Z</time>
                <name>Position 50</name>
            </trkpt>
            <trkpt lat="46.3932356" lon="12.1833457">
                <ele>1653.2</ele>
                <time>2017-08-22T07:42:24.000Z</time>
                <name>Position 51</name>
            </trkpt>
            <trkpt lat="46.393374" lon="12.183179">
                <ele>1652.9</ele>
                <time>2017-08-22T07:42:36.000Z</time>
                <name>Position 52</name>
            </trkpt>
            <trkpt lat="46.3935042" lon="12.1829957">
                <ele>1652.8</ele>
                <time>2017-08-22T07:42:50.000Z</time>
                <name>Position 53</name>
            </trkpt>
            <trkpt lat="46.3936891" lon="12.182958">
                <ele>1656.8</ele>
                <time>2017-08-22T07:43:10.000Z</time>
                <name>Position 54</name>
            </trkpt>
            <trkpt lat="46.3938561" lon="12.1830708">
                <ele>1661.0</ele>
                <time>2017-08-22T07:43:27.000Z</time>
                <name>Position 55</name>
            </trkpt>
            <trkpt lat="46.3940235" lon="12.1831771">
                <ele>1663.2</ele>
                <time>2017-08-22T07:43:44.000Z</time>
                <name>Position 56</name>
            </trkpt>
            <trkpt lat="46.3942131" lon="12.183202">
                <ele>1667.8</ele>
                <time>2017-08-22T07:43:59.000Z</time>
                <name>Position 57</name>
            </trkpt>
            <trkpt lat="46.3943766" lon="12.1833223">
                <ele>1670.0</ele>
                <time>2017-08-22T07:44:14.000Z</time>
                <name>Position 58</name>
            </trkpt>
            <trkpt lat="46.3945196" lon="12.1834869">
                <ele>1674.1</ele>
                <time>2017-08-22T07:44:29.000Z</time>
                <name>Position 59</name>
            </trkpt>
            <trkpt lat="46.394691" lon="12.1835728">
                <ele>1676.7</ele>
                <time>2017-08-22T07:44:43.000Z</time>
                <name>Position 60</name>
            </trkpt>
            <trkpt lat="46.3948839" lon="12.1835346">
                <ele>1675.0</ele>
                <time>2017-08-22T07:44:58.000Z</time>
                <name>Position 61</name>
            </trkpt>
            <trkpt lat="46.395071" lon="12.1834844">
                <ele>1674.0</ele>
                <time>2017-08-22T07:45:10.000Z</time>
                <name>Position 62</name>
            </trkpt>
            <trkpt lat="46.3952" lon="12.1836724">
                <ele>1647.6</ele>
                <time>2017-08-22T07:45:25.000Z</time>
                <name>Position 63</name>
            </trkpt>
            <trkpt lat="46.3953372" lon="12.1838487">
                <ele>1679.3</ele>
                <time>2017-08-22T07:45:39.000Z</time>
                <name>Position 64</name>
            </trkpt>
            <trkpt lat="46.3954975" lon="12.1839836">
                <ele>1682.9</ele>
                <time>2017-08-22T07:45:54.000Z</time>
                <name>Position 65</name>
            </trkpt>
            <trkpt lat="46.3956661" lon="12.1840863">
                <ele>1688.7</ele>
                <time>2017-08-22T07:46:09.000Z</time>
                <name>Position 66</name>
            </trkpt>
            <trkpt lat="46.395794" lon="12.1842888">
                <ele>1697.9</ele>
                <time>2017-08-22T07:46:27.000Z</time>
                <name>Position 67</name>
            </trkpt>
            <trkpt lat="46.3959688" lon="12.1843588">
                <ele>1691.2</ele>
                <time>2017-08-22T07:46:41.000Z</time>
                <name>Position 68</name>
            </trkpt>
            <trkpt lat="46.3961542" lon="12.1843957">
                <ele>1696.6</ele>
                <time>2017-08-22T07:46:55.000Z</time>
                <name>Position 69</name>
            </trkpt>
            <trkpt lat="46.3962335" lon="12.1846451">
                <ele>1704.0</ele>
                <time>2017-08-22T07:47:11.000Z</time>
                <name>Position 70</name>
            </trkpt>
            <trkpt lat="46.3963252" lon="12.1848725">
                <ele>1705.4</ele>
                <time>2017-08-22T07:47:25.000Z</time>
                <name>Position 71</name>
            </trkpt>
            <trkpt lat="46.3965049" lon="12.1849511">
                <ele>1701.0</ele>
                <time>2017-08-22T07:47:39.000Z</time>
                <name>Position 72</name>
            </trkpt>
            <trkpt lat="46.3966872" lon="12.1849773">
                <ele>1701.0</ele>
                <time>2017-08-22T07:47:51.000Z</time>
                <name>Position 73</name>
            </trkpt>
            <trkpt lat="46.3967944" lon="12.1851956">
                <ele>1704.8</ele>
                <time>2017-08-22T07:48:04.000Z</time>
                <name>Position 74</name>
            </trkpt>
            <trkpt lat="46.3969466" lon="12.1853363">
                <ele>1707.9</ele>
                <time>2017-08-22T07:48:20.000Z</time>
                <name>Position 75</name>
            </trkpt>
            <trkpt lat="46.3969201" lon="12.1850679">
                <ele>1708.8</ele>
                <time>2017-08-22T07:48:52.000Z</time>
                <name>Position 76</name>
            </trkpt>
            <trkpt lat="46.3968504" lon="12.184825">
                <ele>1705.1</ele>
                <time>2017-08-22T07:49:06.000Z</time>
                <name>Position 77</name>
            </trkpt>
            <trkpt lat="46.3966732" lon="12.1847148">
                <ele>1708.9</ele>
                <time>2017-08-22T07:49:21.000Z</time>
                <name>Position 78</name>
            </trkpt>
            <trkpt lat="46.3965801" lon="12.1844755">
                <ele>1712.0</ele>
                <time>2017-08-22T07:49:39.000Z</time>
                <name>Position 79</name>
            </trkpt>
            <trkpt lat="46.3965707" lon="12.1842073">
                <ele>1717.8</ele>
                <time>2017-08-22T07:49:55.000Z</time>
                <name>Position 80</name>
            </trkpt>
            <trkpt lat="46.3965086" lon="12.1839521">
                <ele>1717.0</ele>
                <time>2017-08-22T07:50:08.000Z</time>
                <name>Position 81</name>
            </trkpt>
            <trkpt lat="46.3964019" lon="12.1837346">
                <ele>1716.0</ele>
                <time>2017-08-22T07:50:21.000Z</time>
                <name>Position 82</name>
            </trkpt>
            <trkpt lat="46.3962691" lon="12.183536">
                <ele>1713.1</ele>
                <time>2017-08-22T07:50:38.000Z</time>
                <name>Position 83</name>
            </trkpt>
            <trkpt lat="46.3961436" lon="12.1833438">
                <ele>1714.0</ele>
                <time>2017-08-22T07:50:52.000Z</time>
                <name>Position 84</name>
            </trkpt>
            <trkpt lat="46.3960417" lon="12.1831261">
                <ele>1722.6</ele>
                <time>2017-08-22T07:51:06.000Z</time>
                <name>Position 85</name>
            </trkpt>
            <trkpt lat="46.3959395" lon="12.182896">
                <ele>1724.0</ele>
                <time>2017-08-22T07:51:20.000Z</time>
                <name>Position 86</name>
            </trkpt>
            <trkpt lat="46.3958128" lon="12.1826901">
                <ele>1722.2</ele>
                <time>2017-08-22T07:51:34.000Z</time>
                <name>Position 87</name>
            </trkpt>
            <trkpt lat="46.3956893" lon="12.1824978">
                <ele>1725.0</ele>
                <time>2017-08-22T07:51:46.000Z</time>
                <name>Position 88</name>
            </trkpt>
            <trkpt lat="46.3955764" lon="12.1822895">
                <ele>1727.9</ele>
                <time>2017-08-22T07:51:59.000Z</time>
                <name>Position 89</name>
            </trkpt>
            <trkpt lat="46.3955638" lon="12.1820142">
                <ele>1734.0</ele>
                <time>2017-08-22T07:52:14.000Z</time>
                <name>Position 90</name>
            </trkpt>
            <trkpt lat="46.3955928" lon="12.181736">
                <ele>1732.0</ele>
                <time>2017-08-22T07:52:27.000Z</time>
                <name>Position 91</name>
            </trkpt>
            <trkpt lat="46.3956326" lon="12.1814647">
                <ele>1734.0</ele>
                <time>2017-08-22T07:52:40.000Z</time>
                <name>Position 92</name>
            </trkpt>
            <trkpt lat="46.3956793" lon="12.1811943">
                <ele>1736.0</ele>
                <time>2017-08-22T07:52:53.000Z</time>
                <name>Position 93</name>
            </trkpt>
            <trkpt lat="46.3956304" lon="12.180933">
                <ele>1737.9</ele>
                <time>2017-08-22T07:53:06.000Z</time>
                <name>Position 94</name>
            </trkpt>
            <trkpt lat="46.3955623" lon="12.1806874">
                <ele>1736.9</ele>
                <time>2017-08-22T07:53:19.000Z</time>
                <name>Position 95</name>
            </trkpt>
            <trkpt lat="46.3955032" lon="12.1804252">
                <ele>1739.0</ele>
                <time>2017-08-22T07:53:29.000Z</time>
                <name>Position 96</name>
            </trkpt>
            <trkpt lat="46.395434" lon="12.1801728">
                <ele>1739.0</ele>
                <time>2017-08-22T07:53:38.000Z</time>
                <name>Position 97</name>
            </trkpt>
            <trkpt lat="46.3954762" lon="12.1799007">
                <ele>1739.0</ele>
                <time>2017-08-22T07:53:48.000Z</time>
                <name>Position 98</name>
            </trkpt>
            <trkpt lat="46.3954836" lon="12.1796289">
                <ele>1744.9</ele>
                <time>2017-08-22T07:54:03.000Z</time>
                <name>Position 99</name>
            </trkpt>
            <trkpt lat="46.3954805" lon="12.17936">
                <ele>1746.7</ele>
                <time>2017-08-22T07:54:14.000Z</time>
                <name>Position 100</name>
            </trkpt>
            <trkpt lat="46.3954504" lon="12.1790848">
                <ele>1742.2</ele>
                <time>2017-08-22T07:54:25.000Z</time>
                <name>Position 101</name>
            </trkpt>
            <trkpt lat="46.3953716" lon="12.1788227">
                <ele>1743.0</ele>
                <time>2017-08-22T07:54:34.000Z</time>
                <name>Position 102</name>
            </trkpt>
            <trkpt lat="46.3953134" lon="12.1785506">
                <ele>1743.0</ele>
                <time>2017-08-22T07:54:43.000Z</time>
                <name>Position 103</name>
            </trkpt>
            <trkpt lat="46.3952607" lon="12.1782829">
                <ele>1743.2</ele>
                <time>2017-08-22T07:54:54.000Z</time>
                <name>Position 104</name>
            </trkpt>
            <trkpt lat="46.3951938" lon="12.1780329">
                <ele>1741.7</ele>
                <time>2017-08-22T07:55:04.000Z</time>
                <name>Position 105</name>
            </trkpt>
            <trkpt lat="46.3951374" lon="12.1777703">
                <ele>1745.0</ele>
                <time>2017-08-22T07:55:13.000Z</time>
                <name>Position 106</name>
            </trkpt>
            <trkpt lat="46.3951827" lon="12.1775096">
                <ele>1746.0</ele>
                <time>2017-08-22T07:55:22.000Z</time>
                <name>Position 107</name>
            </trkpt>
            <trkpt lat="46.3952374" lon="12.1772548">
                <ele>1748.9</ele>
                <time>2017-08-22T07:55:31.000Z</time>
                <name>Position 108</name>
            </trkpt>
            <trkpt lat="46.3952247" lon="12.1769779">
                <ele>1752.0</ele>
                <time>2017-08-22T07:55:42.000Z</time>
                <name>Position 109</name>
            </trkpt>
            <trkpt lat="46.3952473" lon="12.1767057">
                <ele>1751.8</ele>
                <time>2017-08-22T07:55:51.000Z</time>
                <name>Position 110</name>
            </trkpt>
            <trkpt lat="46.3953668" lon="12.1764833">
                <ele>1752.2</ele>
                <time>2017-08-22T07:56:01.000Z</time>
                <name>Position 111</name>
            </trkpt>
            <trkpt lat="46.3953887" lon="12.1762171">
                <ele>1752.7</ele>
                <time>2017-08-22T07:56:10.000Z</time>
                <name>Position 112</name>
            </trkpt>
            <trkpt lat="46.3953471" lon="12.1759359">
                <ele>1756.0</ele>
                <time>2017-08-22T07:56:22.000Z</time>
                <name>Position 113</name>
            </trkpt>
            <trkpt lat="46.3953346" lon="12.1756733">
                <ele>1755.0</ele>
                <time>2017-08-22T07:56:54.000Z</time>
                <name>Position 114</name>
            </trkpt>
            <trkpt lat="46.3952968" lon="12.1753913">
                <ele>1756.4</ele>
                <time>2017-08-22T07:57:04.000Z</time>
                <name>Position 115</name>
            </trkpt>
            <trkpt lat="46.3952777" lon="12.175127">
                <ele>1756.8</ele>
                <time>2017-08-22T07:57:13.000Z</time>
                <name>Position 116</name>
            </trkpt>
            <trkpt lat="46.3953002" lon="12.174867">
                <ele>1757.2</ele>
                <time>2017-08-22T07:57:24.000Z</time>
                <name>Position 117</name>
            </trkpt>
            <trkpt lat="46.3952672" lon="12.1745946">
                <ele>1760.7</ele>
                <time>2017-08-22T07:57:34.000Z</time>
                <name>Position 118</name>
            </trkpt>
            <trkpt lat="46.3952636" lon="12.1743198">
                <ele>1759.4</ele>
                <time>2017-08-22T07:57:43.000Z</time>
                <name>Position 119</name>
            </trkpt>
            <trkpt lat="46.3951841" lon="12.1740623">
                <ele>1758.2</ele>
                <time>2017-08-22T07:57:53.000Z</time>
                <name>Position 120</name>
            </trkpt>
            <trkpt lat="46.3951513" lon="12.1738003">
                <ele>1758.0</ele>
                <time>2017-08-22T07:58:07.000Z</time>
                <name>Position 121</name>
            </trkpt>
            <trkpt lat="46.3950268" lon="12.1736002">
                <ele>1764.7</ele>
                <time>2017-08-22T07:58:16.000Z</time>
                <name>Position 122</name>
            </trkpt>
            <trkpt lat="46.3949558" lon="12.173343">
                <ele>1763.9</ele>
                <time>2017-08-22T07:58:26.000Z</time>
                <name>Position 123</name>
            </trkpt>
            <trkpt lat="46.3948769" lon="12.1731069">
                <ele>1766.3</ele>
                <time>2017-08-22T07:58:37.000Z</time>
                <name>Position 124</name>
            </trkpt>
            <trkpt lat="46.3948111" lon="12.172849">
                <ele>1764.0</ele>
                <time>2017-08-22T07:58:46.000Z</time>
                <name>Position 125</name>
            </trkpt>
            <trkpt lat="46.3947445" lon="12.1725938">
                <ele>1763.0</ele>
                <time>2017-08-22T07:58:55.000Z</time>
                <name>Position 126</name>
            </trkpt>
            <trkpt lat="46.3947092" lon="12.1723202">
                <ele>1767.3</ele>
                <time>2017-08-22T07:59:06.000Z</time>
                <name>Position 127</name>
            </trkpt>
            <trkpt lat="46.3947343" lon="12.1720581">
                <ele>1766.2</ele>
                <time>2017-08-22T07:59:15.000Z</time>
                <name>Position 128</name>
            </trkpt>
            <trkpt lat="46.3947583" lon="12.1717801">
                <ele>1767.2</ele>
                <time>2017-08-22T07:59:23.000Z</time>
                <name>Position 129</name>
            </trkpt>
            <trkpt lat="46.394807" lon="12.1715004">
                <ele>1768.0</ele>
                <time>2017-08-22T07:59:31.000Z</time>
                <name>Position 130</name>
            </trkpt>
            <trkpt lat="46.3949463" lon="12.1712967">
                <ele>1770.9</ele>
                <time>2017-08-22T07:59:40.000Z</time>
                <name>Position 131</name>
            </trkpt>
            <trkpt lat="46.3950493" lon="12.1710684">
                <ele>1761.7</ele>
                <time>2017-08-22T08:00:34.000Z</time>
                <name>Position 132</name>
            </trkpt>
            <trkpt lat="46.395199" lon="12.1709192">
                <ele>1765.2</ele>
                <time>2017-08-22T08:00:44.000Z</time>
                <name>Position 133</name>
            </trkpt>
            <trkpt lat="46.3953443" lon="12.1707498">
                <ele>1771.7</ele>
                <time>2017-08-22T08:00:56.000Z</time>
                <name>Position 134</name>
            </trkpt>
            <trkpt lat="46.3955288" lon="12.1706292">
                <ele>1776.0</ele>
                <time>2017-08-22T08:01:08.000Z</time>
                <name>Position 135</name>
            </trkpt>
            <trkpt lat="46.3957024" lon="12.1705404">
                <ele>1784.8</ele>
                <time>2017-08-22T08:01:20.000Z</time>
                <name>Position 136</name>
            </trkpt>
            <trkpt lat="46.3958664" lon="12.1703805">
                <ele>1788.3</ele>
                <time>2017-08-22T08:01:33.000Z</time>
                <name>Position 137</name>
            </trkpt>
            <trkpt lat="46.396016" lon="12.1702154">
                <ele>1790.8</ele>
                <time>2017-08-22T08:01:41.000Z</time>
                <name>Position 138</name>
            </trkpt>
            <trkpt lat="46.3961266" lon="12.1699979">
                <ele>1791.9</ele>
                <time>2017-08-22T08:01:49.000Z</time>
                <name>Position 139</name>
            </trkpt>
            <trkpt lat="46.3962381" lon="12.169781">
                <ele>1780.7</ele>
                <time>2017-08-22T08:02:00.000Z</time>
                <name>Position 140</name>
            </trkpt>
            <trkpt lat="46.3962986" lon="12.1695141">
                <ele>1785.7</ele>
                <time>2017-08-22T08:02:10.000Z</time>
                <name>Position 141</name>
            </trkpt>
            <trkpt lat="46.3963996" lon="12.1692889">
                <ele>1784.6</ele>
                <time>2017-08-22T08:02:18.000Z</time>
                <name>Position 142</name>
            </trkpt>
            <trkpt lat="46.3965521" lon="12.1691366">
                <ele>1790.6</ele>
                <time>2017-08-22T08:02:28.000Z</time>
                <name>Position 143</name>
            </trkpt>
            <trkpt lat="46.396687" lon="12.1689299">
                <ele>1787.3</ele>
                <time>2017-08-22T08:02:37.000Z</time>
                <name>Position 144</name>
            </trkpt>
            <trkpt lat="46.3968572" lon="12.1687862">
                <ele>1782.9</ele>
                <time>2017-08-22T08:02:46.000Z</time>
                <name>Position 145</name>
            </trkpt>
            <trkpt lat="46.3970084" lon="12.1686352">
                <ele>1785.8</ele>
                <time>2017-08-22T08:02:55.000Z</time>
                <name>Position 146</name>
            </trkpt>
            <trkpt lat="46.3971464" lon="12.1684539">
                <ele>1786.9</ele>
                <time>2017-08-22T08:03:06.000Z</time>
                <name>Position 147</name>
            </trkpt>
            <trkpt lat="46.3972946" lon="12.168274">
                <ele>1785.7</ele>
                <time>2017-08-22T08:03:17.000Z</time>
                <name>Position 148</name>
            </trkpt>
            <trkpt lat="46.3973939" lon="12.1680377">
                <ele>1786.2</ele>
                <time>2017-08-22T08:03:28.000Z</time>
                <name>Position 149</name>
            </trkpt>
            <trkpt lat="46.3974875" lon="12.1678082">
                <ele>1791.3</ele>
                <time>2017-08-22T08:03:39.000Z</time>
                <name>Position 150</name>
            </trkpt>
            <trkpt lat="46.3975863" lon="12.1675895">
                <ele>1788.0</ele>
                <time>2017-08-22T08:03:50.000Z</time>
                <name>Position 151</name>
            </trkpt>
            <trkpt lat="46.3977124" lon="12.1673929">
                <ele>1792.9</ele>
                <time>2017-08-22T08:04:02.000Z</time>
                <name>Position 152</name>
            </trkpt>
            <trkpt lat="46.397863" lon="12.1672406">
                <ele>1790.8</ele>
                <time>2017-08-22T08:04:15.000Z</time>
                <name>Position 153</name>
            </trkpt>
            <trkpt lat="46.3980036" lon="12.167063">
                <ele>1797.5</ele>
                <time>2017-08-22T08:04:29.000Z</time>
                <name>Position 154</name>
            </trkpt>
            <trkpt lat="46.3981442" lon="12.1668807">
                <ele>1800.4</ele>
                <time>2017-08-22T08:04:39.000Z</time>
                <name>Position 155</name>
            </trkpt>
            <trkpt lat="46.3982885" lon="12.1667118">
                <ele>1806.3</ele>
                <time>2017-08-22T08:04:49.000Z</time>
                <name>Position 156</name>
            </trkpt>
            <trkpt lat="46.398426" lon="12.1665355">
                <ele>1804.9</ele>
                <time>2017-08-22T08:04:58.000Z</time>
                <name>Position 157</name>
            </trkpt>
            <trkpt lat="46.3985771" lon="12.1663848">
                <ele>1805.2</ele>
                <time>2017-08-22T08:05:06.000Z</time>
                <name>Position 158</name>
            </trkpt>
            <trkpt lat="46.3987365" lon="12.1662069">
                <ele>1802.6</ele>
                <time>2017-08-22T08:05:14.000Z</time>
                <name>Position 159</name>
            </trkpt>
            <trkpt lat="46.3989062" lon="12.1660741">
                <ele>1805.0</ele>
                <time>2017-08-22T08:05:25.000Z</time>
                <name>Position 160</name>
            </trkpt>
            <trkpt lat="46.3990064" lon="12.1658361">
                <ele>1808.9</ele>
                <time>2017-08-22T08:05:34.000Z</time>
                <name>Position 161</name>
            </trkpt>
            <trkpt lat="46.3991191" lon="12.1656">
                <ele>1803.6</ele>
                <time>2017-08-22T08:05:46.000Z</time>
                <name>Position 162</name>
            </trkpt>
            <trkpt lat="46.3992673" lon="12.1654507">
                <ele>1814.9</ele>
                <time>2017-08-22T08:05:58.000Z</time>
                <name>Position 163</name>
            </trkpt>
            <trkpt lat="46.399391" lon="12.1652306">
                <ele>1809.4</ele>
                <time>2017-08-22T08:06:09.000Z</time>
                <name>Position 164</name>
            </trkpt>
            <trkpt lat="46.3994447" lon="12.1649806">
                <ele>1803.9</ele>
                <time>2017-08-22T08:06:20.000Z</time>
                <name>Position 165</name>
            </trkpt>
            <trkpt lat="46.3995747" lon="12.1647971">
                <ele>1797.8</ele>
                <time>2017-08-22T08:07:10.000Z</time>
                <name>Position 166</name>
            </trkpt>
            <trkpt lat="46.3997568" lon="12.1647612">
                <ele>1805.8</ele>
                <time>2017-08-22T08:07:30.000Z</time>
                <name>Position 167</name>
            </trkpt>
            <trkpt lat="46.3999322" lon="12.164701">
                <ele>1804.0</ele>
                <time>2017-08-22T08:07:39.000Z</time>
                <name>Position 168</name>
            </trkpt>
            <trkpt lat="46.4001141" lon="12.1645964">
                <ele>1805.0</ele>
                <time>2017-08-22T08:07:48.000Z</time>
                <name>Position 169</name>
            </trkpt>
            <trkpt lat="46.4002853" lon="12.1644689">
                <ele>1810.0</ele>
                <time>2017-08-22T08:07:57.000Z</time>
                <name>Position 170</name>
            </trkpt>
            <trkpt lat="46.4004708" lon="12.1643922">
                <ele>1811.7</ele>
                <time>2017-08-22T08:08:08.000Z</time>
                <name>Position 171</name>
            </trkpt>
            <trkpt lat="46.4006542" lon="12.1644866">
                <ele>1818.8</ele>
                <time>2017-08-22T08:08:19.000Z</time>
                <name>Position 172</name>
            </trkpt>
            <trkpt lat="46.4007611" lon="12.16472">
                <ele>1819.0</ele>
                <time>2017-08-22T08:08:33.000Z</time>
                <name>Position 173</name>
            </trkpt>
            <trkpt lat="46.4008629" lon="12.1649555">
                <ele>1816.6</ele>
                <time>2017-08-22T08:08:44.000Z</time>
                <name>Position 174</name>
            </trkpt>
            <trkpt lat="46.4010168" lon="12.1651228">
                <ele>1822.8</ele>
                <time>2017-08-22T08:08:55.000Z</time>
                <name>Position 175</name>
            </trkpt>
            <trkpt lat="46.4011278" lon="12.1653372">
                <ele>1820.0</ele>
                <time>2017-08-22T08:09:07.000Z</time>
                <name>Position 176</name>
            </trkpt>
            <trkpt lat="46.4012762" lon="12.1655009">
                <ele>1820.9</ele>
                <time>2017-08-22T08:09:20.000Z</time>
                <name>Position 177</name>
            </trkpt>
            <trkpt lat="46.401448" lon="12.1656238">
                <ele>1825.0</ele>
                <time>2017-08-22T08:09:33.000Z</time>
                <name>Position 178</name>
            </trkpt>
            <trkpt lat="46.4016324" lon="12.1656166">
                <ele>1821.0</ele>
                <time>2017-08-22T08:09:46.000Z</time>
                <name>Position 179</name>
            </trkpt>
            <trkpt lat="46.401775" lon="12.1654468">
                <ele>1817.0</ele>
                <time>2017-08-22T08:09:57.000Z</time>
                <name>Position 180</name>
            </trkpt>
            <trkpt lat="46.401925" lon="12.1653027">
                <ele>1815.9</ele>
                <time>2017-08-22T08:10:04.000Z</time>
                <name>Position 181</name>
            </trkpt>
            <trkpt lat="46.4021056" lon="12.1653454">
                <ele>1820.7</ele>
                <time>2017-08-22T08:10:18.000Z</time>
                <name>Position 182</name>
            </trkpt>
            <trkpt lat="46.4023006" lon="12.1653616">
                <ele>1821.8</ele>
                <time>2017-08-22T08:10:29.000Z</time>
                <name>Position 183</name>
            </trkpt>
            <trkpt lat="46.4024386" lon="12.1651651">
                <ele>1821.3</ele>
                <time>2017-08-22T08:10:39.000Z</time>
                <name>Position 184</name>
            </trkpt>
            <trkpt lat="46.4026027" lon="12.1650156">
                <ele>1821.9</ele>
                <time>2017-08-22T08:10:49.000Z</time>
                <name>Position 185</name>
            </trkpt>
            <trkpt lat="46.4027619" lon="12.1648648">
                <ele>1822.0</ele>
                <time>2017-08-22T08:10:59.000Z</time>
                <name>Position 186</name>
            </trkpt>
            <trkpt lat="46.4029189" lon="12.1647036">
                <ele>1829.7</ele>
                <time>2017-08-22T08:11:12.000Z</time>
                <name>Position 187</name>
            </trkpt>
            <trkpt lat="46.4030824" lon="12.1645561">
                <ele>1827.0</ele>
                <time>2017-08-22T08:11:23.000Z</time>
                <name>Position 188</name>
            </trkpt>
            <trkpt lat="46.403162" lon="12.1643105">
                <ele>1832.2</ele>
                <time>2017-08-22T08:11:34.000Z</time>
                <name>Position 189</name>
            </trkpt>
            <trkpt lat="46.4031563" lon="12.1640188">
                <ele>1827.6</ele>
                <time>2017-08-22T08:11:40.000Z</time>
                <name>Position 190</name>
            </trkpt>
            <trkpt lat="46.403308" lon="12.1638568">
                <ele>1832.9</ele>
                <time>2017-08-22T08:11:50.000Z</time>
                <name>Position 191</name>
            </trkpt>
            <trkpt lat="46.4034451" lon="12.1636704">
                <ele>1837.3</ele>
                <time>2017-08-22T08:12:00.000Z</time>
                <name>Position 192</name>
            </trkpt>
            <trkpt lat="46.4035978" lon="12.1634861">
                <ele>1835.1</ele>
                <time>2017-08-22T08:12:07.000Z</time>
                <name>Position 193</name>
            </trkpt>
            <trkpt lat="46.4037488" lon="12.163335">
                <ele>1834.0</ele>
                <time>2017-08-22T08:12:14.000Z</time>
                <name>Position 194</name>
            </trkpt>
            <trkpt lat="46.4039159" lon="12.1632211">
                <ele>1830.8</ele>
                <time>2017-08-22T08:12:21.000Z</time>
                <name>Position 195</name>
            </trkpt>
            <trkpt lat="46.4041087" lon="12.1631758">
                <ele>1836.0</ele>
                <time>2017-08-22T08:12:30.000Z</time>
                <name>Position 196</name>
            </trkpt>
            <trkpt lat="46.4042852" lon="12.1630668">
                <ele>1839.2</ele>
                <time>2017-08-22T08:12:40.000Z</time>
                <name>Position 197</name>
            </trkpt>
            <trkpt lat="46.4044661" lon="12.1629555">
                <ele>1834.8</ele>
                <time>2017-08-22T08:12:50.000Z</time>
                <name>Position 198</name>
            </trkpt>
            <trkpt lat="46.404654" lon="12.1630025">
                <ele>1835.7</ele>
                <time>2017-08-22T08:13:00.000Z</time>
                <name>Position 199</name>
            </trkpt>
            <trkpt lat="46.4048391" lon="12.1629859">
                <ele>1830.0</ele>
                <time>2017-08-22T08:13:06.000Z</time>
                <name>Position 200</name>
            </trkpt>
            <trkpt lat="46.4050407" lon="12.1629117">
                <ele>1830.0</ele>
                <time>2017-08-22T08:13:12.000Z</time>
                <name>Position 201</name>
            </trkpt>
            <trkpt lat="46.4052184" lon="12.1627735">
                <ele>1827.1</ele>
                <time>2017-08-22T08:13:17.000Z</time>
                <name>Position 202</name>
            </trkpt>
            <trkpt lat="46.4053938" lon="12.1626643">
                <ele>1826.0</ele>
                <time>2017-08-22T08:13:21.000Z</time>
                <name>Position 203</name>
            </trkpt>
            <trkpt lat="46.4055877" lon="12.1626202">
                <ele>1827.9</ele>
                <time>2017-08-22T08:13:27.000Z</time>
                <name>Position 204</name>
            </trkpt>
            <trkpt lat="46.4057707" lon="12.1625873">
                <ele>1829.9</ele>
                <time>2017-08-22T08:13:36.000Z</time>
                <name>Position 205</name>
            </trkpt>
            <trkpt lat="46.4059424" lon="12.1626661">
                <ele>1828.7</ele>
                <time>2017-08-22T08:13:44.000Z</time>
                <name>Position 206</name>
            </trkpt>
            <trkpt lat="46.4061018" lon="12.162525">
                <ele>1837.9</ele>
                <time>2017-08-22T08:13:55.000Z</time>
                <name>Position 207</name>
            </trkpt>
            <trkpt lat="46.4062806" lon="12.1624245">
                <ele>1836.9</ele>
                <time>2017-08-22T08:14:07.000Z</time>
                <name>Position 208</name>
            </trkpt>
            <trkpt lat="46.4064342" lon="12.1622518">
                <ele>1840.1</ele>
                <time>2017-08-22T08:14:16.000Z</time>
                <name>Position 209</name>
            </trkpt>
            <trkpt lat="46.4065836" lon="12.1620634">
                <ele>1840.0</ele>
                <time>2017-08-22T08:14:25.000Z</time>
                <name>Position 210</name>
            </trkpt>
            <trkpt lat="46.4067646" lon="12.1620138">
                <ele>1841.9</ele>
                <time>2017-08-22T08:14:33.000Z</time>
                <name>Position 211</name>
            </trkpt>
            <trkpt lat="46.406905" lon="12.1618483">
                <ele>1844.0</ele>
                <time>2017-08-22T08:14:41.000Z</time>
                <name>Position 212</name>
            </trkpt>
            <trkpt lat="46.4070241" lon="12.1616262">
                <ele>1845.2</ele>
                <time>2017-08-22T08:14:50.000Z</time>
                <name>Position 213</name>
            </trkpt>
            <trkpt lat="46.4071246" lon="12.1613909">
                <ele>1844.0</ele>
                <time>2017-08-22T08:14:58.000Z</time>
                <name>Position 214</name>
            </trkpt>
            <trkpt lat="46.4071852" lon="12.16112">
                <ele>1849.0</ele>
                <time>2017-08-22T08:15:07.000Z</time>
                <name>Position 215</name>
            </trkpt>
            <trkpt lat="46.4072141" lon="12.1608566">
                <ele>1850.3</ele>
                <time>2017-08-22T08:15:16.000Z</time>
                <name>Position 216</name>
            </trkpt>
            <trkpt lat="46.407203" lon="12.16058">
                <ele>1850.0</ele>
                <time>2017-08-22T08:15:25.000Z</time>
                <name>Position 217</name>
            </trkpt>
            <trkpt lat="46.4070881" lon="12.1603612">
                <ele>1848.8</ele>
                <time>2017-08-22T08:15:37.000Z</time>
                <name>Position 218</name>
            </trkpt>
            <trkpt lat="46.4070176" lon="12.1601152">
                <ele>1848.9</ele>
                <time>2017-08-22T08:15:51.000Z</time>
                <name>Position 219</name>
            </trkpt>
            <trkpt lat="46.4070355" lon="12.1598478">
                <ele>1849.3</ele>
                <time>2017-08-22T08:16:03.000Z</time>
                <name>Position 220</name>
            </trkpt>
            <trkpt lat="46.4070842" lon="12.1595926">
                <ele>1843.9</ele>
                <time>2017-08-22T08:16:43.000Z</time>
                <name>Position 221</name>
            </trkpt>
            <trkpt lat="46.4070868" lon="12.1593218">
                <ele>1849.6</ele>
                <time>2017-08-22T08:17:05.000Z</time>
                <name>Position 222</name>
            </trkpt>
            <trkpt lat="46.4071602" lon="12.1590768">
                <ele>1856.2</ele>
                <time>2017-08-22T08:17:18.000Z</time>
                <name>Position 223</name>
            </trkpt>
            <trkpt lat="46.407254" lon="12.1588421">
                <ele>1854.0</ele>
                <time>2017-08-22T08:17:31.000Z</time>
                <name>Position 224</name>
            </trkpt>
            <trkpt lat="46.4074347" lon="12.1587842">
                <ele>1854.0</ele>
                <time>2017-08-22T08:18:03.000Z</time>
                <name>Position 225</name>
            </trkpt>
            <trkpt lat="46.4075877" lon="12.1589519">
                <ele>1856.9</ele>
                <time>2017-08-22T08:18:19.000Z</time>
                <name>Position 226</name>
            </trkpt>
            <trkpt lat="46.4077561" lon="12.1590486">
                <ele>1860.0</ele>
                <time>2017-08-22T08:18:33.000Z</time>
                <name>Position 227</name>
            </trkpt>
            <trkpt lat="46.4079402" lon="12.1589881">
                <ele>1861.1</ele>
                <time>2017-08-22T08:18:49.000Z</time>
                <name>Position 228</name>
            </trkpt>
            <trkpt lat="46.4081285" lon="12.1589751">
                <ele>1867.8</ele>
                <time>2017-08-22T08:19:05.000Z</time>
                <name>Position 229</name>
            </trkpt>
            <trkpt lat="46.4082982" lon="12.1588749">
                <ele>1871.7</ele>
                <time>2017-08-22T08:19:19.000Z</time>
                <name>Position 230</name>
            </trkpt>
            <trkpt lat="46.4084755" lon="12.1588247">
                <ele>1872.0</ele>
                <time>2017-08-22T08:19:55.000Z</time>
                <name>Position 231</name>
            </trkpt>
            <trkpt lat="46.4086596" lon="12.1588049">
                <ele>1879.0</ele>
                <time>2017-08-22T08:20:12.000Z</time>
                <name>Position 232</name>
            </trkpt>
            <trkpt lat="46.4087971" lon="12.1589955">
                <ele>1876.0</ele>
                <time>2017-08-22T08:20:29.000Z</time>
                <name>Position 233</name>
            </trkpt>
            <trkpt lat="46.4089666" lon="12.1590991">
                <ele>1878.7</ele>
                <time>2017-08-22T08:20:42.000Z</time>
                <name>Position 234</name>
            </trkpt>
            <trkpt lat="46.409146" lon="12.159157">
                <ele>1881.0</ele>
                <time>2017-08-22T08:20:55.000Z</time>
                <name>Position 235</name>
            </trkpt>
            <trkpt lat="46.4093275" lon="12.1591109">
                <ele>1882.0</ele>
                <time>2017-08-22T08:21:09.000Z</time>
                <name>Position 236</name>
            </trkpt>
            <trkpt lat="46.4095077" lon="12.1590365">
                <ele>1882.9</ele>
                <time>2017-08-22T08:21:23.000Z</time>
                <name>Position 237</name>
            </trkpt>
            <trkpt lat="46.4096896" lon="12.1591114">
                <ele>1882.6</ele>
                <time>2017-08-22T08:21:50.000Z</time>
                <name>Position 238</name>
            </trkpt>
            <trkpt lat="46.4098725" lon="12.1591521">
                <ele>1880.2</ele>
                <time>2017-08-22T08:22:16.000Z</time>
                <name>Position 239</name>
            </trkpt>
            <trkpt lat="46.4100571" lon="12.1591707">
                <ele>1894.9</ele>
                <time>2017-08-22T08:22:39.000Z</time>
                <name>Position 240</name>
            </trkpt>
            <trkpt lat="46.4102317" lon="12.1590878">
                <ele>1897.6</ele>
                <time>2017-08-22T08:22:59.000Z</time>
                <name>Position 241</name>
            </trkpt>
            <trkpt lat="46.4103851" lon="12.1589344">
                <ele>1903.0</ele>
                <time>2017-08-22T08:23:21.000Z</time>
                <name>Position 242</name>
            </trkpt>
            <trkpt lat="46.4105478" lon="12.1588107">
                <ele>1895.8</ele>
                <time>2017-08-22T08:23:41.000Z</time>
                <name>Position 243</name>
            </trkpt>
            <trkpt lat="46.4106922" lon="12.158647">
                <ele>1888.0</ele>
                <time>2017-08-22T08:24:29.000Z</time>
                <name>Position 244</name>
            </trkpt>
            <trkpt lat="46.4108097" lon="12.1588475">
                <ele>1898.0</ele>
                <time>2017-08-22T08:26:41.000Z</time>
                <name>Position 245</name>
            </trkpt>
            <trkpt lat="46.4109942" lon="12.1588745">
                <ele>1903.2</ele>
                <time>2017-08-22T08:27:03.000Z</time>
                <name>Position 246</name>
            </trkpt>
            <trkpt lat="46.4111627" lon="12.158761">
                <ele>1910.2</ele>
                <time>2017-08-22T08:27:30.000Z</time>
                <name>Position 247</name>
            </trkpt>
            <trkpt lat="46.4112481" lon="12.1585289">
                <ele>1921.8</ele>
                <time>2017-08-22T08:27:53.000Z</time>
                <name>Position 248</name>
            </trkpt>
            <trkpt lat="46.4113274" lon="12.1582939">
                <ele>1918.9</ele>
                <time>2017-08-22T08:28:10.000Z</time>
                <name>Position 249</name>
            </trkpt>
            <trkpt lat="46.4113897" lon="12.158043">
                <ele>1918.8</ele>
                <time>2017-08-22T08:28:28.000Z</time>
                <name>Position 250</name>
            </trkpt>
            <trkpt lat="46.4115005" lon="12.1578363">
                <ele>1922.7</ele>
                <time>2017-08-22T08:28:46.000Z</time>
                <name>Position 251</name>
            </trkpt>
            <trkpt lat="46.4116547" lon="12.1576934">
                <ele>1915.8</ele>
                <time>2017-08-22T08:29:01.000Z</time>
                <name>Position 252</name>
            </trkpt>
            <trkpt lat="46.4118202" lon="12.1575742">
                <ele>1925.8</ele>
                <time>2017-08-22T08:29:22.000Z</time>
                <name>Position 253</name>
            </trkpt>
            <trkpt lat="46.4119874" lon="12.1574558">
                <ele>1930.7</ele>
                <time>2017-08-22T08:29:42.000Z</time>
                <name>Position 254</name>
            </trkpt>
            <trkpt lat="46.4121456" lon="12.1573298">
                <ele>1936.0</ele>
                <time>2017-08-22T08:30:00.000Z</time>
                <name>Position 255</name>
            </trkpt>
            <trkpt lat="46.4122976" lon="12.1571842">
                <ele>1935.9</ele>
                <time>2017-08-22T08:30:17.000Z</time>
                <name>Position 256</name>
            </trkpt>
            <trkpt lat="46.4124666" lon="12.1570635">
                <ele>1934.7</ele>
                <time>2017-08-22T08:30:35.000Z</time>
                <name>Position 257</name>
            </trkpt>
            <trkpt lat="46.4126425" lon="12.1569675">
                <ele>1935.2</ele>
                <time>2017-08-22T08:30:52.000Z</time>
                <name>Position 258</name>
            </trkpt>
            <trkpt lat="46.4127144" lon="12.1567103">
                <ele>1936.0</ele>
                <time>2017-08-22T08:31:12.000Z</time>
                <name>Position 259</name>
            </trkpt>
            <trkpt lat="46.4128522" lon="12.1565299">
                <ele>1939.9</ele>
                <time>2017-08-22T08:31:31.000Z</time>
                <name>Position 260</name>
            </trkpt>
            <trkpt lat="46.4130056" lon="12.1563877">
                <ele>1939.0</ele>
                <time>2017-08-22T08:31:52.000Z</time>
                <name>Position 261</name>
            </trkpt>
            <trkpt lat="46.4131842" lon="12.1564275">
                <ele>1944.0</ele>
                <time>2017-08-22T08:32:37.000Z</time>
                <name>Position 262</name>
            </trkpt>
            <trkpt lat="46.4133682" lon="12.1564279">
                <ele>1947.0</ele>
                <time>2017-08-22T08:33:07.000Z</time>
                <name>Position 263</name>
            </trkpt>
            <trkpt lat="46.413546" lon="12.1563477">
                <ele>1948.9</ele>
                <time>2017-08-22T08:33:22.000Z</time>
                <name>Position 264</name>
            </trkpt>
            <trkpt lat="46.4137335" lon="12.1563894">
                <ele>1948.1</ele>
                <time>2017-08-22T08:33:38.000Z</time>
                <name>Position 265</name>
            </trkpt>
            <trkpt lat="46.4139128" lon="12.1563623">
                <ele>1946.0</ele>
                <time>2017-08-22T08:33:53.000Z</time>
                <name>Position 266</name>
            </trkpt>
            <trkpt lat="46.4140905" lon="12.1564049">
                <ele>1945.0</ele>
                <time>2017-08-22T08:34:08.000Z</time>
                <name>Position 267</name>
            </trkpt>
            <trkpt lat="46.4142793" lon="12.156428">
                <ele>1945.0</ele>
                <time>2017-08-22T08:34:24.000Z</time>
                <name>Position 268</name>
            </trkpt>
            <trkpt lat="46.4144705" lon="12.1564375">
                <ele>1946.1</ele>
                <time>2017-08-22T08:34:40.000Z</time>
                <name>Position 269</name>
            </trkpt>
            <trkpt lat="46.4146543" lon="12.1564472">
                <ele>1945.0</ele>
                <time>2017-08-22T08:35:02.000Z</time>
                <name>Position 270</name>
            </trkpt>
            <trkpt lat="46.414835" lon="12.1564092">
                <ele>1942.2</ele>
                <time>2017-08-22T08:35:16.000Z</time>
                <name>Position 271</name>
            </trkpt>
            <trkpt lat="46.4150135" lon="12.1563667">
                <ele>1939.9</ele>
                <time>2017-08-22T08:35:32.000Z</time>
                <name>Position 272</name>
            </trkpt>
            <trkpt lat="46.4151937" lon="12.1563932">
                <ele>1936.8</ele>
                <time>2017-08-22T08:36:05.000Z</time>
                <name>Position 273</name>
            </trkpt>
            <trkpt lat="46.4153612" lon="12.1562953">
                <ele>1940.8</ele>
                <time>2017-08-22T08:36:20.000Z</time>
                <name>Position 274</name>
            </trkpt>
            <trkpt lat="46.4155386" lon="12.1561959">
                <ele>1948.0</ele>
                <time>2017-08-22T08:36:38.000Z</time>
                <name>Position 275</name>
            </trkpt>
            <trkpt lat="46.4157164" lon="12.1561321">
                <ele>1947.8</ele>
                <time>2017-08-22T08:36:57.000Z</time>
                <name>Position 276</name>
            </trkpt>
            <trkpt lat="46.4158848" lon="12.15604">
                <ele>1942.0</ele>
                <time>2017-08-22T08:37:26.000Z</time>
                <name>Position 277</name>
            </trkpt>
            <trkpt lat="46.4159289" lon="12.1557855">
                <ele>1960.8</ele>
                <time>2017-08-22T08:38:42.000Z</time>
                <name>Position 278</name>
            </trkpt>
            <trkpt lat="46.4159567" lon="12.1555249">
                <ele>1968.8</ele>
                <time>2017-08-22T08:39:22.000Z</time>
                <name>Position 279</name>
            </trkpt>
            <trkpt lat="46.4160707" lon="12.1553227">
                <ele>1974.0</ele>
                <time>2017-08-22T08:39:52.000Z</time>
                <name>Position 280</name>
            </trkpt>
            <trkpt lat="46.4162158" lon="12.1551563">
                <ele>1974.0</ele>
                <time>2017-08-22T08:40:27.000Z</time>
                <name>Position 281</name>
            </trkpt>
            <trkpt lat="46.4163643" lon="12.1550046">
                <ele>1978.0</ele>
                <time>2017-08-22T08:40:58.000Z</time>
                <name>Position 282</name>
            </trkpt>
            <trkpt lat="46.4164174" lon="12.1547509">
                <ele>1985.0</ele>
                <time>2017-08-22T08:41:38.000Z</time>
                <name>Position 283</name>
            </trkpt>
            <trkpt lat="46.4165074" lon="12.1545231">
                <ele>1988.0</ele>
                <time>2017-08-22T08:42:14.000Z</time>
                <name>Position 284</name>
            </trkpt>
            <trkpt lat="46.4165453" lon="12.1542653">
                <ele>1991.0</ele>
                <time>2017-08-22T08:43:00.000Z</time>
                <name>Position 285</name>
            </trkpt>
            <trkpt lat="46.4166946" lon="12.1541052">
                <ele>1996.2</ele>
                <time>2017-08-22T08:43:46.000Z</time>
                <name>Position 286</name>
            </trkpt>
            <trkpt lat="46.4168077" lon="12.1538969">
                <ele>2005.0</ele>
                <time>2017-08-22T08:44:27.000Z</time>
                <name>Position 287</name>
            </trkpt>
            <trkpt lat="46.4169447" lon="12.1537189">
                <ele>2008.0</ele>
                <time>2017-08-22T08:45:00.000Z</time>
                <name>Position 288</name>
            </trkpt>
            <trkpt lat="46.4170949" lon="12.1535708">
                <ele>2010.0</ele>
                <time>2017-08-22T08:46:12.000Z</time>
                <name>Position 289</name>
            </trkpt>
            <trkpt lat="46.4172608" lon="12.1534698">
                <ele>2013.0</ele>
                <time>2017-08-22T08:46:35.000Z</time>
                <name>Position 290</name>
            </trkpt>
            <trkpt lat="46.4174262" lon="12.1533527">
                <ele>2028.7</ele>
                <time>2017-08-22T08:47:19.000Z</time>
                <name>Position 291</name>
            </trkpt>
            <trkpt lat="46.4175751" lon="12.1531916">
                <ele>2034.1</ele>
                <time>2017-08-22T08:47:58.000Z</time>
                <name>Position 292</name>
            </trkpt>
            <trkpt lat="46.4176845" lon="12.1529805">
                <ele>2047.7</ele>
                <time>2017-08-22T08:49:02.000Z</time>
                <name>Position 293</name>
            </trkpt>
            <trkpt lat="46.4178114" lon="12.1527928">
                <ele>2054.8</ele>
                <time>2017-08-22T08:49:41.000Z</time>
                <name>Position 294</name>
            </trkpt>
            <trkpt lat="46.4178848" lon="12.1525494">
                <ele>2059.8</ele>
                <time>2017-08-22T08:50:31.000Z</time>
                <name>Position 295</name>
            </trkpt>
            <trkpt lat="46.4180092" lon="12.1523583">
                <ele>2065.1</ele>
                <time>2017-08-22T08:51:18.000Z</time>
                <name>Position 296</name>
            </trkpt>
            <trkpt lat="46.4181374" lon="12.1521732">
                <ele>2070.0</ele>
                <time>2017-08-22T08:51:57.000Z</time>
                <name>Position 297</name>
            </trkpt>
            <trkpt lat="46.4182594" lon="12.1519761">
                <ele>2077.0</ele>
                <time>2017-08-22T08:52:42.000Z</time>
                <name>Position 298</name>
            </trkpt>
            <trkpt lat="46.4183998" lon="12.15181">
                <ele>2077.8</ele>
                <time>2017-08-22T08:53:11.000Z</time>
                <name>Position 299</name>
            </trkpt>
            <trkpt lat="46.4185624" lon="12.1516965">
                <ele>2085.7</ele>
                <time>2017-08-22T08:53:53.000Z</time>
                <name>Position 300</name>
            </trkpt>
            <trkpt lat="46.4186891" lon="12.1514887">
                <ele>2091.2</ele>
                <time>2017-08-22T08:54:32.000Z</time>
                <name>Position 301</name>
            </trkpt>
            <trkpt lat="46.4186705" lon="12.1512228">
                <ele>2117.2</ele>
                <time>2017-08-22T08:56:25.000Z</time>
                <name>Position 302</name>
            </trkpt>
            <trkpt lat="46.4187182" lon="12.1509707">
                <ele>2129.1</ele>
                <time>2017-08-22T08:57:35.000Z</time>
                <name>Position 303</name>
            </trkpt>
            <trkpt lat="46.4186396" lon="12.1507358">
                <ele>2130.0</ele>
                <time>2017-08-22T08:58:11.000Z</time>
                <name>Position 304</name>
            </trkpt>
            <trkpt lat="46.4184672" lon="12.1508149">
                <ele>2130.0</ele>
                <time>2017-08-22T09:00:57.000Z</time>
                <name>Position 305</name>
            </trkpt>
            <trkpt lat="46.4182984" lon="12.1509094">
                <ele>2144.2</ele>
                <time>2017-08-22T09:01:46.000Z</time>
                <name>Position 306</name>
            </trkpt>
            <trkpt lat="46.4182918" lon="12.1506446">
                <ele>2163.2</ele>
                <time>2017-08-22T09:04:23.000Z</time>
                <name>Position 307</name>
            </trkpt>
            <trkpt lat="46.41811" lon="12.1506793">
                <ele>2175.0</ele>
                <time>2017-08-22T09:06:32.000Z</time>
                <name>Position 308</name>
            </trkpt>
            <trkpt lat="46.4179322" lon="12.1507318">
                <ele>2175.0</ele>
                <time>2017-08-22T09:07:06.000Z</time>
                <name>Position 309</name>
            </trkpt>
            <trkpt lat="46.4177521" lon="12.1507784">
                <ele>2177.0</ele>
                <time>2017-08-22T09:08:32.000Z</time>
                <name>Position 310</name>
            </trkpt>
            <trkpt lat="46.4175771" lon="12.1507046">
                <ele>2183.0</ele>
                <time>2017-08-22T09:09:09.000Z</time>
                <name>Position 311</name>
            </trkpt>
            <trkpt lat="46.4173955" lon="12.150692">
                <ele>2186.1</ele>
                <time>2017-08-22T09:09:36.000Z</time>
                <name>Position 312</name>
            </trkpt>
            <trkpt lat="46.4172158" lon="12.1506563">
                <ele>2194.3</ele>
                <time>2017-08-22T09:10:16.000Z</time>
                <name>Position 313</name>
            </trkpt>
            <trkpt lat="46.4170312" lon="12.1506623">
                <ele>2203.0</ele>
                <time>2017-08-22T09:10:40.000Z</time>
                <name>Position 314</name>
            </trkpt>
            <trkpt lat="46.4168686" lon="12.1507763">
                <ele>2201.1</ele>
                <time>2017-08-22T09:11:39.000Z</time>
                <name>Position 315</name>
            </trkpt>
            <trkpt lat="46.4167096" lon="12.1509048">
                <ele>2210.8</ele>
                <time>2017-08-22T09:12:05.000Z</time>
                <name>Position 316</name>
            </trkpt>
            <trkpt lat="46.4165496" lon="12.1510334">
                <ele>2211.1</ele>
                <time>2017-08-22T09:13:23.000Z</time>
                <name>Position 317</name>
            </trkpt>
            <trkpt lat="46.4163658" lon="12.1510235">
                <ele>2209.8</ele>
                <time>2017-08-22T09:14:39.000Z</time>
                <name>Position 318</name>
            </trkpt>
            <trkpt lat="46.4161856" lon="12.1510458">
                <ele>2214.2</ele>
                <time>2017-08-22T09:15:25.000Z</time>
                <name>Position 319</name>
            </trkpt>
            <trkpt lat="46.4160365" lon="12.151208">
                <ele>2216.2</ele>
                <time>2017-08-22T09:17:22.000Z</time>
                <name>Position 320</name>
            </trkpt>
            <trkpt lat="46.4158918" lon="12.1513655">
                <ele>2224.0</ele>
                <time>2017-08-22T09:18:14.000Z</time>
                <name>Position 321</name>
            </trkpt>
            <trkpt lat="46.4157233" lon="12.1514581">
                <ele>2220.0</ele>
                <time>2017-08-22T09:20:46.000Z</time>
                <name>Position 322</name>
            </trkpt>
            <trkpt lat="46.4155409" lon="12.1514663">
                <ele>2221.1</ele>
                <time>2017-08-22T09:21:12.000Z</time>
                <name>Position 323</name>
            </trkpt>
            <trkpt lat="46.4153568" lon="12.151475">
                <ele>2221.0</ele>
                <time>2017-08-22T09:21:36.000Z</time>
                <name>Position 324</name>
            </trkpt>
            <trkpt lat="46.4151774" lon="12.1515158">
                <ele>2228.0</ele>
                <time>2017-08-22T09:22:54.000Z</time>
                <name>Position 325</name>
            </trkpt>
            <trkpt lat="46.4149969" lon="12.1515322">
                <ele>2224.8</ele>
                <time>2017-08-22T09:23:22.000Z</time>
                <name>Position 326</name>
            </trkpt>
            <trkpt lat="46.4148258" lon="12.1514508">
                <ele>2220.2</ele>
                <time>2017-08-22T09:24:54.000Z</time>
                <name>Position 327</name>
            </trkpt>
            <trkpt lat="46.4147844" lon="12.1511873">
                <ele>2219.3</ele>
                <time>2017-08-22T09:25:21.000Z</time>
                <name>Position 328</name>
            </trkpt>
            <trkpt lat="46.4146" lon="12.1511898">
                <ele>2231.2</ele>
                <time>2017-08-22T09:25:54.000Z</time>
                <name>Position 329</name>
            </trkpt>
            <trkpt lat="46.4144206" lon="12.1511488">
                <ele>2226.8</ele>
                <time>2017-08-22T09:26:35.000Z</time>
                <name>Position 330</name>
            </trkpt>
            <trkpt lat="46.4144118" lon="12.1508872">
                <ele>2218.1</ele>
                <time>2017-08-22T09:28:04.000Z</time>
                <name>Position 331</name>
            </trkpt>
            <trkpt lat="46.4143324" lon="12.1506489">
                <ele>2231.0</ele>
                <time>2017-08-22T09:29:09.000Z</time>
                <name>Position 332</name>
            </trkpt>
            <trkpt lat="46.414148" lon="12.150633">
                <ele>2252.5</ele>
                <time>2017-08-22T09:30:12.000Z</time>
                <name>Position 333</name>
            </trkpt>
            <trkpt lat="46.4142293" lon="12.1503494">
                <ele>2237.8</ele>
                <time>2017-08-22T09:31:18.000Z</time>
                <name>Position 334</name>
            </trkpt>
            <trkpt lat="46.4141179" lon="12.1501394">
                <ele>2232.4</ele>
                <time>2017-08-22T09:32:10.000Z</time>
                <name>Position 335</name>
            </trkpt>
            <trkpt lat="46.4139683" lon="12.150288">
                <ele>2244.9</ele>
                <time>2017-08-22T09:33:42.000Z</time>
                <name>Position 336</name>
            </trkpt>
            <trkpt lat="46.4138075" lon="12.1504172">
                <ele>2252.4</ele>
                <time>2017-08-22T09:33:55.000Z</time>
                <name>Position 337</name>
            </trkpt>
            <trkpt lat="46.4136222" lon="12.1503485">
                <ele>2237.3</ele>
                <time>2017-08-22T09:34:09.000Z</time>
                <name>Position 338</name>
            </trkpt>
            <trkpt lat="46.4135252" lon="12.1501026">
                <ele>2234.0</ele>
                <time>2017-08-22T09:37:13.000Z</time>
                <name>Position 339</name>
            </trkpt>
            <trkpt lat="46.4133507" lon="12.1496411">
                <ele>2235.9</ele>
                <time>2017-08-22T09:37:16.000Z</time>
                <name>Position 340</name>
            </trkpt>
            <trkpt lat="46.4133012" lon="12.1493802">
                <ele>2232.0</ele>
                <time>2017-08-22T09:37:25.000Z</time>
                <name>Position 341</name>
            </trkpt>
            <trkpt lat="46.4133582" lon="12.1497177">
                <ele>2253.0</ele>
                <time>2017-08-22T09:41:56.000Z</time>
                <name>Position 342</name>
            </trkpt>
            <trkpt lat="46.4133989" lon="12.149438">
                <ele>2245.1</ele>
                <time>2017-08-22T09:42:03.000Z</time>
                <name>Position 343</name>
            </trkpt>
            <trkpt lat="46.4129785" lon="12.1495414">
                <ele>2242.9</ele>
                <time>2017-08-22T09:45:38.000Z</time>
                <name>Position 344</name>
            </trkpt>
            <trkpt lat="46.4127867" lon="12.1495485">
                <ele>2245.7</ele>
                <time>2017-08-22T09:46:01.000Z</time>
                <name>Position 345</name>
            </trkpt>
            <trkpt lat="46.412595" lon="12.1495291">
                <ele>2246.8</ele>
                <time>2017-08-22T09:46:42.000Z</time>
                <name>Position 346</name>
            </trkpt>
            <trkpt lat="46.412622" lon="12.1492602">
                <ele>2246.0</ele>
                <time>2017-08-22T09:49:09.000Z</time>
                <name>Position 347</name>
            </trkpt>
            <trkpt lat="46.4126342" lon="12.1489927">
                <ele>2244.8</ele>
                <time>2017-08-22T09:50:02.000Z</time>
                <name>Position 348</name>
            </trkpt>
            <trkpt lat="46.4125599" lon="12.1487543">
                <ele>2243.8</ele>
                <time>2017-08-22T09:50:28.000Z</time>
                <name>Position 349</name>
            </trkpt>
            <trkpt lat="46.4127454" lon="12.1487299">
                <ele>2256.9</ele>
                <time>2017-08-22T09:52:22.000Z</time>
                <name>Position 350</name>
            </trkpt>
            <trkpt lat="46.412925" lon="12.1486671">
                <ele>2273.9</ele>
                <time>2017-08-22T09:53:31.000Z</time>
                <name>Position 351</name>
            </trkpt>
            <trkpt lat="46.4130553" lon="12.1484854">
                <ele>2291.0</ele>
                <time>2017-08-22T09:54:53.000Z</time>
                <name>Position 352</name>
            </trkpt>
            <trkpt lat="46.4131889" lon="12.1486766">
                <ele>2293.0</ele>
                <time>2017-08-22T09:55:56.000Z</time>
                <name>Position 353</name>
            </trkpt>
            <trkpt lat="46.4133497" lon="12.1485566">
                <ele>2326.0</ele>
                <time>2017-08-22T09:58:26.000Z</time>
                <name>Position 354</name>
            </trkpt>
            <trkpt lat="46.413484" lon="12.1483774">
                <ele>2328.0</ele>
                <time>2017-08-22T09:59:03.000Z</time>
                <name>Position 355</name>
            </trkpt>
            <trkpt lat="46.4135826" lon="12.148148">
                <ele>2329.9</ele>
                <time>2017-08-22T09:59:28.000Z</time>
                <name>Position 356</name>
            </trkpt>
            <trkpt lat="46.4137291" lon="12.1479935">
                <ele>2337.0</ele>
                <time>2017-08-22T10:00:08.000Z</time>
                <name>Position 357</name>
            </trkpt>
            <trkpt lat="46.4138921" lon="12.1481226">
                <ele>2343.8</ele>
                <time>2017-08-22T10:00:56.000Z</time>
                <name>Position 358</name>
            </trkpt>
            <trkpt lat="46.4140693" lon="12.1481705">
                <ele>2351.8</ele>
                <time>2017-08-22T10:01:38.000Z</time>
                <name>Position 359</name>
            </trkpt>
            <trkpt lat="46.4142476" lon="12.1481202">
                <ele>2357.8</ele>
                <time>2017-08-22T10:02:17.000Z</time>
                <name>Position 360</name>
            </trkpt>
            <trkpt lat="46.4144286" lon="12.1481175">
                <ele>2364.8</ele>
                <time>2017-08-22T10:02:59.000Z</time>
                <name>Position 361</name>
            </trkpt>
            <trkpt lat="46.4145987" lon="12.14822">
                <ele>2366.1</ele>
                <time>2017-08-22T10:03:38.000Z</time>
                <name>Position 362</name>
            </trkpt>
            <trkpt lat="46.4147515" lon="12.1483687">
                <ele>2381.0</ele>
                <time>2017-08-22T10:04:33.000Z</time>
                <name>Position 363</name>
            </trkpt>
            <trkpt lat="46.4149266" lon="12.1483032">
                <ele>2394.0</ele>
                <time>2017-08-22T10:05:33.000Z</time>
                <name>Position 364</name>
            </trkpt>
            <trkpt lat="46.4150462" lon="12.1481056">
                <ele>2400.9</ele>
                <time>2017-08-22T10:06:33.000Z</time>
                <name>Position 365</name>
            </trkpt>
            <trkpt lat="46.4152127" lon="12.1479961">
                <ele>2409.0</ele>
                <time>2017-08-22T10:07:22.000Z</time>
                <name>Position 366</name>
            </trkpt>
            <trkpt lat="46.4153949" lon="12.147971">
                <ele>2408.5</ele>
                <time>2017-08-22T10:08:03.000Z</time>
                <name>Position 367</name>
            </trkpt>
            <trkpt lat="46.4155718" lon="12.148039">
                <ele>2416.0</ele>
                <time>2017-08-22T10:08:40.000Z</time>
                <name>Position 368</name>
            </trkpt>
            <trkpt lat="46.4156408" lon="12.1477957">
                <ele>2429.0</ele>
                <time>2017-08-22T10:09:54.000Z</time>
                <name>Position 369</name>
            </trkpt>
            <trkpt lat="46.4158214" lon="12.1477539">
                <ele>2443.9</ele>
                <time>2017-08-22T10:10:59.000Z</time>
                <name>Position 370</name>
            </trkpt>
            <trkpt lat="46.4160055" lon="12.1477909">
                <ele>2449.2</ele>
                <time>2017-08-22T10:11:32.000Z</time>
                <name>Position 371</name>
            </trkpt>
            <trkpt lat="46.4161857" lon="12.1478254">
                <ele>2454.0</ele>
                <time>2017-08-22T10:12:05.000Z</time>
                <name>Position 372</name>
            </trkpt>
            <trkpt lat="46.4163635" lon="12.1478777">
                <ele>2456.8</ele>
                <time>2017-08-22T10:12:38.000Z</time>
                <name>Position 373</name>
            </trkpt>
            <trkpt lat="46.4165188" lon="12.1477457">
                <ele>2468.0</ele>
                <time>2017-08-22T10:13:34.000Z</time>
                <name>Position 374</name>
            </trkpt>
            <trkpt lat="46.4165282" lon="12.1474838">
                <ele>2482.0</ele>
                <time>2017-08-22T10:14:53.000Z</time>
                <name>Position 375</name>
            </trkpt>
            <trkpt lat="46.4165579" lon="12.1472234">
                <ele>2496.0</ele>
                <time>2017-08-22T10:15:51.000Z</time>
                <name>Position 376</name>
            </trkpt>
            <trkpt lat="46.4166114" lon="12.146972">
                <ele>2511.8</ele>
                <time>2017-08-22T10:17:44.000Z</time>
                <name>Position 377</name>
            </trkpt>
            <trkpt lat="46.4166439" lon="12.1467131">
                <ele>2518.8</ele>
                <time>2017-08-22T10:18:33.000Z</time>
                <name>Position 378</name>
            </trkpt>
            <trkpt lat="46.4166987" lon="12.1464601">
                <ele>2533.9</ele>
                <time>2017-08-22T10:19:41.000Z</time>
                <name>Position 379</name>
            </trkpt>
            <trkpt lat="46.4165469" lon="12.1463043">
                <ele>2531.7</ele>
                <time>2017-08-22T10:20:19.000Z</time>
                <name>Position 380</name>
            </trkpt>
            <trkpt lat="46.4164151" lon="12.1461124">
                <ele>2541.6</ele>
                <time>2017-08-22T10:20:41.000Z</time>
                <name>Position 381</name>
            </trkpt>
            <trkpt lat="46.4162869" lon="12.1459223">
                <ele>2543.0</ele>
                <time>2017-08-22T10:21:04.000Z</time>
                <name>Position 382</name>
            </trkpt>
            <trkpt lat="46.4164652" lon="12.1458749">
                <ele>2553.0</ele>
                <time>2017-08-22T10:22:10.000Z</time>
                <name>Position 383</name>
            </trkpt>
            <trkpt lat="46.416386" lon="12.145639">
                <ele>2560.9</ele>
                <time>2017-08-22T10:22:51.000Z</time>
                <name>Position 384</name>
            </trkpt>
            <trkpt lat="46.4162683" lon="12.1454407">
                <ele>2565.9</ele>
                <time>2017-08-22T10:23:22.000Z</time>
                <name>Position 385</name>
            </trkpt>
            <trkpt lat="46.4161455" lon="12.1452377">
                <ele>2568.0</ele>
                <time>2017-08-22T10:23:54.000Z</time>
                <name>Position 386</name>
            </trkpt>
            <trkpt lat="46.4161716" lon="12.1449739">
                <ele>2585.0</ele>
                <time>2017-08-22T10:24:56.000Z</time>
                <name>Position 387</name>
            </trkpt>
            <trkpt lat="46.4162038" lon="12.1447136">
                <ele>2593.7</ele>
                <time>2017-08-22T10:25:53.000Z</time>
                <name>Position 388</name>
            </trkpt>
            <trkpt lat="46.4163508" lon="12.1445632">
                <ele>2596.0</ele>
                <time>2017-08-22T10:26:45.000Z</time>
                <name>Position 389</name>
            </trkpt>
            <trkpt lat="46.4163648" lon="12.1443025">
                <ele>2607.9</ele>
                <time>2017-08-22T10:27:40.000Z</time>
                <name>Position 390</name>
            </trkpt>
            <trkpt lat="46.4164824" lon="12.1441009">
                <ele>2620.8</ele>
                <time>2017-08-22T10:28:43.000Z</time>
                <name>Position 391</name>
            </trkpt>
            <trkpt lat="46.4165917" lon="12.1438895">
                <ele>2630.8</ele>
                <time>2017-08-22T10:29:36.000Z</time>
                <name>Position 392</name>
            </trkpt>
            <trkpt lat="46.4167671" lon="12.1438126">
                <ele>2631.8</ele>
                <time>2017-08-22T10:31:51.000Z</time>
                <name>Position 393</name>
            </trkpt>
            <trkpt lat="46.4168862" lon="12.143617">
                <ele>2648.0</ele>
                <time>2017-08-22T10:32:48.000Z</time>
                <name>Position 394</name>
            </trkpt>
            <trkpt lat="46.4170539" lon="12.1435158">
                <ele>2654.0</ele>
                <time>2017-08-22T10:33:49.000Z</time>
                <name>Position 395</name>
            </trkpt>
            <trkpt lat="46.4171594" lon="12.1432942">
                <ele>2669.0</ele>
                <time>2017-08-22T10:35:08.000Z</time>
                <name>Position 396</name>
            </trkpt>
            <trkpt lat="46.4172578" lon="12.1430753">
                <ele>2674.2</ele>
                <time>2017-08-22T10:35:57.000Z</time>
                <name>Position 397</name>
            </trkpt>
            <trkpt lat="46.4174385" lon="12.1430445">
                <ele>2677.0</ele>
                <time>2017-08-22T10:37:22.000Z</time>
                <name>Position 398</name>
            </trkpt>
            <trkpt lat="46.4175836" lon="12.1431993">
                <ele>2690.9</ele>
                <time>2017-08-22T10:38:16.000Z</time>
                <name>Position 399</name>
            </trkpt>
            <trkpt lat="46.4176976" lon="12.1434075">
                <ele>2700.2</ele>
                <time>2017-08-22T10:39:12.000Z</time>
                <name>Position 400</name>
            </trkpt>
            <trkpt lat="46.4177371" lon="12.1436732">
                <ele>2713.0</ele>
                <time>2017-08-22T10:40:06.000Z</time>
                <name>Position 401</name>
            </trkpt>
            <trkpt lat="46.4178688" lon="12.1434931">
                <ele>2717.8</ele>
                <time>2017-08-22T10:41:42.000Z</time>
                <name>Position 402</name>
            </trkpt>
            <trkpt lat="46.418009" lon="12.1433218">
                <ele>2724.8</ele>
                <time>2017-08-22T10:42:31.000Z</time>
                <name>Position 403</name>
            </trkpt>
            <trkpt lat="46.4180167" lon="12.1430568">
                <ele>2732.0</ele>
                <time>2017-08-22T10:43:19.000Z</time>
                <name>Position 404</name>
            </trkpt>
            <trkpt lat="46.4180383" lon="12.1427974">
                <ele>2746.0</ele>
                <time>2017-08-22T10:44:50.000Z</time>
                <name>Position 405</name>
            </trkpt>
            <trkpt lat="46.4180989" lon="12.1425446">
                <ele>2734.0</ele>
                <time>2017-08-22T10:45:58.000Z</time>
                <name>Position 406</name>
            </trkpt>
            <trkpt lat="46.4179642" lon="12.142369">
                <ele>2751.9</ele>
                <time>2017-08-22T10:46:49.000Z</time>
                <name>Position 407</name>
            </trkpt>
            <trkpt lat="46.417794" lon="12.1422616">
                <ele>2748.6</ele>
                <time>2017-08-22T10:47:14.000Z</time>
                <name>Position 408</name>
            </trkpt>
            <trkpt lat="46.4179538" lon="12.1421222">
                <ele>2774.2</ele>
                <time>2017-08-22T10:50:38.000Z</time>
                <name>Position 409</name>
            </trkpt>
            <trkpt lat="46.4181186" lon="12.1422405">
                <ele>2772.0</ele>
                <time>2017-08-22T10:52:07.000Z</time>
                <name>Position 410</name>
            </trkpt>
            <trkpt lat="46.4182643" lon="12.1423965">
                <ele>2785.0</ele>
                <time>2017-08-22T10:53:32.000Z</time>
                <name>Position 411</name>
            </trkpt>
            <trkpt lat="46.4184356" lon="12.1423151">
                <ele>2781.2</ele>
                <time>2017-08-22T10:54:36.000Z</time>
                <name>Position 412</name>
            </trkpt>
            <trkpt lat="46.4185832" lon="12.142161">
                <ele>2805.0</ele>
                <time>2017-08-22T10:56:01.000Z</time>
                <name>Position 413</name>
            </trkpt>
            <trkpt lat="46.4186441" lon="12.1419132">
                <ele>2807.0</ele>
                <time>2017-08-22T10:57:33.000Z</time>
                <name>Position 414</name>
            </trkpt>
            <trkpt lat="46.4187197" lon="12.1416692">
                <ele>2810.0</ele>
                <time>2017-08-22T10:58:22.000Z</time>
                <name>Position 415</name>
            </trkpt>
            <trkpt lat="46.4188555" lon="12.1414935">
                <ele>2810.2</ele>
                <time>2017-08-22T10:58:53.000Z</time>
                <name>Position 416</name>
            </trkpt>
            <trkpt lat="46.4188603" lon="12.1412276">
                <ele>2815.0</ele>
                <time>2017-08-22T10:59:25.000Z</time>
                <name>Position 417</name>
            </trkpt>
            <trkpt lat="46.4187477" lon="12.1410223">
                <ele>2814.9</ele>
                <time>2017-08-22T11:00:41.000Z</time>
                <name>Position 418</name>
            </trkpt>
            <trkpt lat="46.418616" lon="12.1408381">
                <ele>2821.9</ele>
                <time>2017-08-22T11:00:58.000Z</time>
                <name>Position 419</name>
            </trkpt>
            <trkpt lat="46.418615" lon="12.1405718">
                <ele>2823.6</ele>
                <time>2017-08-22T11:01:50.000Z</time>
                <name>Position 420</name>
            </trkpt>
            <trkpt lat="46.4184635" lon="12.1404258">
                <ele>2822.2</ele>
                <time>2017-08-22T11:02:13.000Z</time>
                <name>Position 421</name>
            </trkpt>
            <trkpt lat="46.4183008" lon="12.1403051">
                <ele>2832.9</ele>
                <time>2017-08-22T11:02:44.000Z</time>
                <name>Position 422</name>
            </trkpt>
            <trkpt lat="46.4181317" lon="12.1402108">
                <ele>2842.8</ele>
                <time>2017-08-22T11:03:14.000Z</time>
                <name>Position 423</name>
            </trkpt>
            <trkpt lat="46.4179707" lon="12.1400903">
                <ele>2851.2</ele>
                <time>2017-08-22T11:03:46.000Z</time>
                <name>Position 424</name>
            </trkpt>
            <trkpt lat="46.4178115" lon="12.1399501">
                <ele>2850.0</ele>
                <time>2017-08-22T11:04:09.000Z</time>
                <name>Position 425</name>
            </trkpt>
            <trkpt lat="46.4176989" lon="12.1397424">
                <ele>2848.8</ele>
                <time>2017-08-22T11:04:40.000Z</time>
                <name>Position 426</name>
            </trkpt>
            <trkpt lat="46.4175659" lon="12.1395621">
                <ele>2856.0</ele>
                <time>2017-08-22T11:05:17.000Z</time>
                <name>Position 427</name>
            </trkpt>
            <trkpt lat="46.4174942" lon="12.1393173">
                <ele>2864.0</ele>
                <time>2017-08-22T11:05:51.000Z</time>
                <name>Position 428</name>
            </trkpt>
            <trkpt lat="46.4174347" lon="12.1390703">
                <ele>2868.0</ele>
                <time>2017-08-22T11:06:23.000Z</time>
                <name>Position 429</name>
            </trkpt>
            <trkpt lat="46.4174006" lon="12.1388071">
                <ele>2874.2</ele>
                <time>2017-08-22T11:06:51.000Z</time>
                <name>Position 430</name>
            </trkpt>
            <trkpt lat="46.4174467" lon="12.138548">
                <ele>2872.8</ele>
                <time>2017-08-22T11:07:18.000Z</time>
                <name>Position 431</name>
            </trkpt>
            <trkpt lat="46.41743" lon="12.1382779">
                <ele>2881.0</ele>
                <time>2017-08-22T11:07:53.000Z</time>
                <name>Position 432</name>
            </trkpt>
            <trkpt lat="46.4174815" lon="12.1380252">
                <ele>2886.0</ele>
                <time>2017-08-22T11:08:31.000Z</time>
                <name>Position 433</name>
            </trkpt>
            <trkpt lat="46.4175149" lon="12.1377674">
                <ele>2889.0</ele>
                <time>2017-08-22T11:09:31.000Z</time>
                <name>Position 434</name>
            </trkpt>
            <trkpt lat="46.4175305" lon="12.1375068">
                <ele>2892.6</ele>
                <time>2017-08-22T11:10:22.000Z</time>
                <name>Position 435</name>
            </trkpt>
            <trkpt lat="46.4174777" lon="12.137257">
                <ele>2900.4</ele>
                <time>2017-08-22T11:10:56.000Z</time>
                <name>Position 436</name>
            </trkpt>
            <trkpt lat="46.4173" lon="12.1372062">
                <ele>2901.2</ele>
                <time>2017-08-22T11:11:24.000Z</time>
                <name>Position 437</name>
            </trkpt>
            <trkpt lat="46.4171166" lon="12.1371827">
                <ele>2900.9</ele>
                <time>2017-08-22T11:11:53.000Z</time>
                <name>Position 438</name>
            </trkpt>
            <trkpt lat="46.4170308" lon="12.136946">
                <ele>2920.2</ele>
                <time>2017-08-22T11:13:22.000Z</time>
                <name>Position 439</name>
            </trkpt>
            <trkpt lat="46.4169126" lon="12.1367432">
                <ele>2918.0</ele>
                <time>2017-08-22T11:13:58.000Z</time>
                <name>Position 440</name>
            </trkpt>
            <trkpt lat="46.4167917" lon="12.1365491">
                <ele>2933.0</ele>
                <time>2017-08-22T11:14:53.000Z</time>
                <name>Position 441</name>
            </trkpt>
            <trkpt lat="46.4168197" lon="12.1362908">
                <ele>2938.9</ele>
                <time>2017-08-22T11:15:28.000Z</time>
                <name>Position 442</name>
            </trkpt>
            <trkpt lat="46.4167653" lon="12.1360386">
                <ele>2942.2</ele>
                <time>2017-08-22T11:16:11.000Z</time>
                <name>Position 443</name>
            </trkpt>
            <trkpt lat="46.416743" lon="12.1357754">
                <ele>2948.0</ele>
                <time>2017-08-22T11:16:39.000Z</time>
                <name>Position 444</name>
            </trkpt>
            <trkpt lat="46.4167986" lon="12.1355261">
                <ele>2952.0</ele>
                <time>2017-08-22T11:17:27.000Z</time>
                <name>Position 445</name>
            </trkpt>
            <trkpt lat="46.4168684" lon="12.1352824">
                <ele>2958.0</ele>
                <time>2017-08-22T11:18:09.000Z</time>
                <name>Position 446</name>
            </trkpt>
            <trkpt lat="46.4170021" lon="12.1351059">
                <ele>2960.9</ele>
                <time>2017-08-22T11:18:39.000Z</time>
                <name>Position 447</name>
            </trkpt>
            <trkpt lat="46.416836" lon="12.1349986">
                <ele>2962.9</ele>
                <time>2017-08-22T11:20:33.000Z</time>
                <name>Position 448</name>
            </trkpt>
            <trkpt lat="46.4166582" lon="12.1349312">
                <ele>2969.0</ele>
                <time>2017-08-22T11:21:29.000Z</time>
                <name>Position 449</name>
            </trkpt>
            <trkpt lat="46.416751" lon="12.1347071">
                <ele>2994.1</ele>
                <time>2017-08-22T11:23:08.000Z</time>
                <name>Position 450</name>
            </trkpt>
            <trkpt lat="46.4169071" lon="12.1345677">
                <ele>3000.0</ele>
                <time>2017-08-22T11:23:59.000Z</time>
                <name>Position 451</name>
            </trkpt>
            <trkpt lat="46.4168144" lon="12.1343394">
                <ele>2995.9</ele>
                <time>2017-08-22T11:24:48.000Z</time>
                <name>Position 452</name>
            </trkpt>
            <trkpt lat="46.4169881" lon="12.1342516">
                <ele>3008.9</ele>
                <time>2017-08-22T11:26:02.000Z</time>
                <name>Position 453</name>
            </trkpt>
            <trkpt lat="46.4171543" lon="12.1341474">
                <ele>3016.9</ele>
                <time>2017-08-22T11:27:01.000Z</time>
                <name>Position 454</name>
            </trkpt>
            <trkpt lat="46.4173035" lon="12.1339926">
                <ele>3028.8</ele>
                <time>2017-08-22T11:28:00.000Z</time>
                <name>Position 455</name>
            </trkpt>
            <trkpt lat="46.4174843" lon="12.1340171">
                <ele>3037.0</ele>
                <time>2017-08-22T11:28:51.000Z</time>
                <name>Position 456</name>
            </trkpt>
            <trkpt lat="46.4176633" lon="12.1339707">
                <ele>3043.9</ele>
                <time>2017-08-22T11:29:27.000Z</time>
                <name>Position 457</name>
            </trkpt>
            <trkpt lat="46.4178436" lon="12.1339802">
                <ele>3052.9</ele>
                <time>2017-08-22T11:30:11.000Z</time>
                <name>Position 458</name>
            </trkpt>
            <trkpt lat="46.4178442" lon="12.1337156">
                <ele>3068.0</ele>
                <time>2017-08-22T11:31:46.000Z</time>
                <name>Position 459</name>
            </trkpt>
            <trkpt lat="46.4177408" lon="12.1334922">
                <ele>3078.2</ele>
                <time>2017-08-22T11:32:39.000Z</time>
                <name>Position 460</name>
            </trkpt>
            <trkpt lat="46.4177727" lon="12.1332346">
                <ele>3086.0</ele>
                <time>2017-08-22T11:33:33.000Z</time>
                <name>Position 461</name>
            </trkpt>
            <trkpt lat="46.4179527" lon="12.1332236">
                <ele>3103.0</ele>
                <time>2017-08-22T11:36:50.000Z</time>
                <name>Position 462</name>
            </trkpt>
            <trkpt lat="46.418116" lon="12.1333464">
                <ele>3107.0</ele>
                <time>2017-08-22T11:37:27.000Z</time>
                <name>Position 463</name>
            </trkpt>
            <trkpt lat="46.4183045" lon="12.1333162">
                <ele>3108.1</ele>
                <time>2017-08-22T11:38:19.000Z</time>
                <name>Position 464</name>
            </trkpt>
            <trkpt lat="46.4184885" lon="12.1332786">
                <ele>3115.0</ele>
                <time>2017-08-22T11:38:58.000Z</time>
                <name>Position 465</name>
            </trkpt>
            <trkpt lat="46.4186683" lon="12.1332747">
                <ele>3122.8</ele>
                <time>2017-08-22T11:39:43.000Z</time>
                <name>Position 466</name>
            </trkpt>
            <trkpt lat="46.4188502" lon="12.1332947">
                <ele>3136.0</ele>
                <time>2017-08-22T11:41:05.000Z</time>
                <name>Position 467</name>
            </trkpt>
            <trkpt lat="46.4190284" lon="12.1333502">
                <ele>3142.8</ele>
                <time>2017-08-22T11:42:06.000Z</time>
                <name>Position 468</name>
            </trkpt>
            <trkpt lat="46.4191157" lon="12.133579">
                <ele>3154.9</ele>
                <time>2017-08-22T11:43:52.000Z</time>
                <name>Position 469</name>
            </trkpt>
            <trkpt lat="46.4192276" lon="12.1337976">
                <ele>3159.0</ele>
                <time>2017-08-22T11:45:12.000Z</time>
                <name>Position 470</name>
            </trkpt>
            <trkpt lat="46.4193416" lon="12.1340098">
                <ele>3159.2</ele>
                <time>2017-08-22T11:45:39.000Z</time>
                <name>Position 471</name>
            </trkpt>
            <trkpt lat="46.4194852" lon="12.1341817">
                <ele>3160.0</ele>
                <time>2017-08-22T11:46:07.000Z</time>
                <name>Position 472</name>
            </trkpt>
            <trkpt lat="46.4196271" lon="12.1343516">
                <ele>3164.0</ele>
                <time>2017-08-22T11:46:45.000Z</time>
                <name>Position 473</name>
            </trkpt>
            <trkpt lat="46.4197442" lon="12.1345527">
                <ele>3167.9</ele>
                <time>2017-08-22T11:47:19.000Z</time>
                <name>Position 474</name>
            </trkpt>
            <trkpt lat="46.4198952" lon="12.134698">
                <ele>3169.0</ele>
                <time>2017-08-22T11:47:57.000Z</time>
                <name>Position 475</name>
            </trkpt>
            <trkpt lat="46.4197604" lon="12.1345167">
                <ele>3171.8</ele>
                <time>2017-08-22T12:01:43.000Z</time>
                <name>Position 476</name>
            </trkpt>
            <trkpt lat="46.4196391" lon="12.134323">
                <ele>3168.1</ele>
                <time>2017-08-22T12:02:10.000Z</time>
                <name>Position 477</name>
            </trkpt>
            <trkpt lat="46.4194981" lon="12.1341533">
                <ele>3163.0</ele>
                <time>2017-08-22T12:02:41.000Z</time>
                <name>Position 478</name>
            </trkpt>
            <trkpt lat="46.4193702" lon="12.133962">
                <ele>3160.4</ele>
                <time>2017-08-22T12:03:32.000Z</time>
                <name>Position 479</name>
            </trkpt>
            <trkpt lat="46.4192572" lon="12.1337512">
                <ele>3161.0</ele>
                <time>2017-08-22T12:03:56.000Z</time>
                <name>Position 480</name>
            </trkpt>
            <trkpt lat="46.4191271" lon="12.1335667">
                <ele>3156.0</ele>
                <time>2017-08-22T12:06:28.000Z</time>
                <name>Position 481</name>
            </trkpt>
            <trkpt lat="46.4190102" lon="12.1333651">
                <ele>3147.0</ele>
                <time>2017-08-22T12:08:29.000Z</time>
                <name>Position 482</name>
            </trkpt>
            <trkpt lat="46.4188384" lon="12.1332808">
                <ele>3139.2</ele>
                <time>2017-08-22T12:09:18.000Z</time>
                <name>Position 483</name>
            </trkpt>
            <trkpt lat="46.4186534" lon="12.1332772">
                <ele>3126.0</ele>
                <time>2017-08-22T12:10:12.000Z</time>
                <name>Position 484</name>
            </trkpt>
            <trkpt lat="46.4185618" lon="12.13351">
                <ele>3109.0</ele>
                <time>2017-08-22T12:11:21.000Z</time>
                <name>Position 485</name>
            </trkpt>
            <trkpt lat="46.4184068" lon="12.1336431">
                <ele>3095.0</ele>
                <time>2017-08-22T12:12:21.000Z</time>
                <name>Position 486</name>
            </trkpt>
            <trkpt lat="46.4184206" lon="12.1339089">
                <ele>3088.8</ele>
                <time>2017-08-22T12:13:03.000Z</time>
                <name>Position 487</name>
            </trkpt>
            <trkpt lat="46.4182496" lon="12.1339926">
                <ele>3086.2</ele>
                <time>2017-08-22T12:15:35.000Z</time>
                <name>Position 488</name>
            </trkpt>
            <trkpt lat="46.4180731" lon="12.1339162">
                <ele>3078.2</ele>
                <time>2017-08-22T12:16:18.000Z</time>
                <name>Position 489</name>
            </trkpt>
            <trkpt lat="46.4178948" lon="12.1338546">
                <ele>3066.0</ele>
                <time>2017-08-22T12:17:00.000Z</time>
                <name>Position 490</name>
            </trkpt>
            <trkpt lat="46.4177279" lon="12.1339622">
                <ele>3054.0</ele>
                <time>2017-08-22T12:19:29.000Z</time>
                <name>Position 491</name>
            </trkpt>
            <trkpt lat="46.4175491" lon="12.1340029">
                <ele>3050.2</ele>
                <time>2017-08-22T12:22:27.000Z</time>
                <name>Position 492</name>
            </trkpt>
            <trkpt lat="46.4173622" lon="12.1340127">
                <ele>3040.2</ele>
                <time>2017-08-22T12:23:21.000Z</time>
                <name>Position 493</name>
            </trkpt>
            <trkpt lat="46.4172085" lon="12.134151">
                <ele>3028.2</ele>
                <time>2017-08-22T12:24:10.000Z</time>
                <name>Position 494</name>
            </trkpt>
            <trkpt lat="46.4170384" lon="12.1342476">
                <ele>3021.0</ele>
                <time>2017-08-22T12:24:44.000Z</time>
                <name>Position 495</name>
            </trkpt>
            <trkpt lat="46.416937" lon="12.1344707">
                <ele>3006.8</ele>
                <time>2017-08-22T12:25:25.000Z</time>
                <name>Position 496</name>
            </trkpt>
            <trkpt lat="46.4168135" lon="12.1346626">
                <ele>2996.0</ele>
                <time>2017-08-22T12:26:08.000Z</time>
                <name>Position 497</name>
            </trkpt>
            <trkpt lat="46.41669" lon="12.1348576">
                <ele>2990.9</ele>
                <time>2017-08-22T12:27:05.000Z</time>
                <name>Position 498</name>
            </trkpt>
            <trkpt lat="46.4167022" lon="12.1351205">
                <ele>2980.2</ele>
                <time>2017-08-22T12:30:11.000Z</time>
                <name>Position 499</name>
            </trkpt>
            <trkpt lat="46.4168851" lon="12.1351283">
                <ele>2976.0</ele>
                <time>2017-08-22T12:30:29.000Z</time>
                <name>Position 500</name>
            </trkpt>
            <trkpt lat="46.4168944" lon="12.1353983">
                <ele>2963.8</ele>
                <time>2017-08-22T12:31:36.000Z</time>
                <name>Position 501</name>
            </trkpt>
            <trkpt lat="46.416876" lon="12.1356619">
                <ele>2959.7</ele>
                <time>2017-08-22T12:32:13.000Z</time>
                <name>Position 502</name>
            </trkpt>
            <trkpt lat="46.4170234" lon="12.1358228">
                <ele>2942.0</ele>
                <time>2017-08-22T12:32:56.000Z</time>
                <name>Position 503</name>
            </trkpt>
            <trkpt lat="46.4171774" lon="12.1359874">
                <ele>2953.9</ele>
                <time>2017-08-22T12:33:44.000Z</time>
                <name>Position 504</name>
            </trkpt>
            <trkpt lat="46.417324" lon="12.1361589">
                <ele>2938.8</ele>
                <time>2017-08-22T12:34:08.000Z</time>
                <name>Position 505</name>
            </trkpt>
            <trkpt lat="46.4174092" lon="12.13639">
                <ele>2943.0</ele>
                <time>2017-08-22T12:35:04.000Z</time>
                <name>Position 506</name>
            </trkpt>
            <trkpt lat="46.4174657" lon="12.136639">
                <ele>2936.0</ele>
                <time>2017-08-22T12:35:33.000Z</time>
                <name>Position 507</name>
            </trkpt>
            <trkpt lat="46.4174414" lon="12.1368998">
                <ele>2919.0</ele>
                <time>2017-08-22T12:36:17.000Z</time>
                <name>Position 508</name>
            </trkpt>
            <trkpt lat="46.4174592" lon="12.1371612">
                <ele>2914.0</ele>
                <time>2017-08-22T12:37:15.000Z</time>
                <name>Position 509</name>
            </trkpt>
            <trkpt lat="46.4174582" lon="12.1374294">
                <ele>2902.0</ele>
                <time>2017-08-22T12:37:43.000Z</time>
                <name>Position 510</name>
            </trkpt>
            <trkpt lat="46.417552" lon="12.1376601">
                <ele>2893.0</ele>
                <time>2017-08-22T12:38:10.000Z</time>
                <name>Position 511</name>
            </trkpt>
            <trkpt lat="46.417607" lon="12.1379113">
                <ele>2888.9</ele>
                <time>2017-08-22T12:38:38.000Z</time>
                <name>Position 512</name>
            </trkpt>
            <trkpt lat="46.4176301" lon="12.138175">
                <ele>2882.2</ele>
                <time>2017-08-22T12:39:00.000Z</time>
                <name>Position 513</name>
            </trkpt>
            <trkpt lat="46.4176664" lon="12.1384313">
                <ele>2880.8</ele>
                <time>2017-08-22T12:39:40.000Z</time>
                <name>Position 514</name>
            </trkpt>
            <trkpt lat="46.4176294" lon="12.1386917">
                <ele>2877.0</ele>
                <time>2017-08-22T12:40:06.000Z</time>
                <name>Position 515</name>
            </trkpt>
            <trkpt lat="46.4176472" lon="12.1389572">
                <ele>2869.0</ele>
                <time>2017-08-22T12:40:34.000Z</time>
                <name>Position 516</name>
            </trkpt>
            <trkpt lat="46.4176958" lon="12.1392178">
                <ele>2869.1</ele>
                <time>2017-08-22T12:40:57.000Z</time>
                <name>Position 517</name>
            </trkpt>
            <trkpt lat="46.4176933" lon="12.1394819">
                <ele>2872.7</ele>
                <time>2017-08-22T12:41:28.000Z</time>
                <name>Position 518</name>
            </trkpt>
            <trkpt lat="46.4177692" lon="12.139719">
                <ele>2866.0</ele>
                <time>2017-08-22T12:41:51.000Z</time>
                <name>Position 519</name>
            </trkpt>
            <trkpt lat="46.4178742" lon="12.1399443">
                <ele>2858.0</ele>
                <time>2017-08-22T12:42:22.000Z</time>
                <name>Position 520</name>
            </trkpt>
            <trkpt lat="46.4178739" lon="12.1402125">
                <ele>2859.2</ele>
                <time>2017-08-22T12:43:15.000Z</time>
                <name>Position 521</name>
            </trkpt>
            <trkpt lat="46.4179967" lon="12.14042">
                <ele>2850.7</ele>
                <time>2017-08-22T12:43:38.000Z</time>
                <name>Position 522</name>
            </trkpt>
            <trkpt lat="46.4179529" lon="12.1406863">
                <ele>2850.3</ele>
                <time>2017-08-22T12:44:30.000Z</time>
                <name>Position 523</name>
            </trkpt>
            <trkpt lat="46.4179981" lon="12.1409546">
                <ele>2841.4</ele>
                <time>2017-08-22T12:44:47.000Z</time>
                <name>Position 524</name>
            </trkpt>
            <trkpt lat="46.4180759" lon="12.1411903">
                <ele>2837.2</ele>
                <time>2017-08-22T12:45:02.000Z</time>
                <name>Position 525</name>
            </trkpt>
            <trkpt lat="46.4182443" lon="12.1413055">
                <ele>2829.0</ele>
                <time>2017-08-22T12:45:22.000Z</time>
                <name>Position 526</name>
            </trkpt>
            <trkpt lat="46.4183902" lon="12.1414699">
                <ele>2828.8</ele>
                <time>2017-08-22T12:46:32.000Z</time>
                <name>Position 527</name>
            </trkpt>
            <trkpt lat="46.418563" lon="12.1415775">
                <ele>2826.0</ele>
                <time>2017-08-22T12:46:52.000Z</time>
                <name>Position 528</name>
            </trkpt>
            <trkpt lat="46.4185406" lon="12.1418388">
                <ele>2830.0</ele>
                <time>2017-08-22T12:47:59.000Z</time>
                <name>Position 529</name>
            </trkpt>
            <trkpt lat="46.418399" lon="12.1420044">
                <ele>2813.0</ele>
                <time>2017-08-22T12:48:54.000Z</time>
                <name>Position 530</name>
            </trkpt>
            <trkpt lat="46.4183538" lon="12.1422579">
                <ele>2797.0</ele>
                <time>2017-08-22T12:50:44.000Z</time>
                <name>Position 531</name>
            </trkpt>
            <trkpt lat="46.4182139" lon="12.1424231">
                <ele>2786.0</ele>
                <time>2017-08-22T12:52:40.000Z</time>
                <name>Position 532</name>
            </trkpt>
            <trkpt lat="46.4180389" lon="12.1423237">
                <ele>2775.0</ele>
                <time>2017-08-22T12:54:17.000Z</time>
                <name>Position 533</name>
            </trkpt>
            <trkpt lat="46.4178599" lon="12.1423714">
                <ele>2762.5</ele>
                <time>2017-08-22T12:57:02.000Z</time>
                <name>Position 534</name>
            </trkpt>
            <trkpt lat="46.4177841" lon="12.1426099">
                <ele>2742.8</ele>
                <time>2017-08-22T13:00:44.000Z</time>
                <name>Position 535</name>
            </trkpt>
            <trkpt lat="46.417817" lon="12.1428718">
                <ele>2746.8</ele>
                <time>2017-08-22T13:01:29.000Z</time>
                <name>Position 536</name>
            </trkpt>
            <trkpt lat="46.4179621" lon="12.1430322">
                <ele>2743.9</ele>
                <time>2017-08-22T13:01:50.000Z</time>
                <name>Position 537</name>
            </trkpt>
            <trkpt lat="46.4178714" lon="12.14326">
                <ele>2740.9</ele>
                <time>2017-08-22T13:03:13.000Z</time>
                <name>Position 538</name>
            </trkpt>
            <trkpt lat="46.4177341" lon="12.1434319">
                <ele>2711.8</ele>
                <time>2017-08-22T13:05:24.000Z</time>
                <name>Position 539</name>
            </trkpt>
            <trkpt lat="46.4177082" lon="12.1436978">
                <ele>2711.0</ele>
                <time>2017-08-22T13:06:43.000Z</time>
                <name>Position 540</name>
            </trkpt>
            <trkpt lat="46.4176756" lon="12.1434336">
                <ele>2708.2</ele>
                <time>2017-08-22T13:08:46.000Z</time>
                <name>Position 541</name>
            </trkpt>
            <trkpt lat="46.4175239" lon="12.1432806">
                <ele>2710.7</ele>
                <time>2017-08-22T13:09:08.000Z</time>
                <name>Position 542</name>
            </trkpt>
            <trkpt lat="46.4173483" lon="12.1432124">
                <ele>2709.7</ele>
                <time>2017-08-22T13:10:17.000Z</time>
                <name>Position 543</name>
            </trkpt>
            <trkpt lat="46.4171685" lon="12.1431547">
                <ele>2686.8</ele>
                <time>2017-08-22T13:11:24.000Z</time>
                <name>Position 544</name>
            </trkpt>
            <trkpt lat="46.4171515" lon="12.1434184">
                <ele>2687.9</ele>
                <time>2017-08-22T13:11:56.000Z</time>
                <name>Position 545</name>
            </trkpt>
            <trkpt lat="46.4169871" lon="12.143552">
                <ele>2658.3</ele>
                <time>2017-08-22T13:12:26.000Z</time>
                <name>Position 546</name>
            </trkpt>
            <trkpt lat="46.4168022" lon="12.1435142">
                <ele>2647.1</ele>
                <time>2017-08-22T13:12:38.000Z</time>
                <name>Position 547</name>
            </trkpt>
            <trkpt lat="46.4166677" lon="12.1436992">
                <ele>2633.0</ele>
                <time>2017-08-22T13:12:59.000Z</time>
                <name>Position 548</name>
            </trkpt>
            <trkpt lat="46.4165324" lon="12.1438801">
                <ele>2617.0</ele>
                <time>2017-08-22T13:13:29.000Z</time>
                <name>Position 549</name>
            </trkpt>
            <trkpt lat="46.4164462" lon="12.1441166">
                <ele>2609.8</ele>
                <time>2017-08-22T13:13:54.000Z</time>
                <name>Position 550</name>
            </trkpt>
            <trkpt lat="46.4163108" lon="12.144303">
                <ele>2592.2</ele>
                <time>2017-08-22T13:14:11.000Z</time>
                <name>Position 551</name>
            </trkpt>
            <trkpt lat="46.4162" lon="12.1445089">
                <ele>2585.8</ele>
                <time>2017-08-22T13:14:31.000Z</time>
                <name>Position 552</name>
            </trkpt>
            <trkpt lat="46.416221" lon="12.1447776">
                <ele>2578.0</ele>
                <time>2017-08-22T13:14:58.000Z</time>
                <name>Position 553</name>
            </trkpt>
            <trkpt lat="46.4160695" lon="12.1449257">
                <ele>2570.0</ele>
                <time>2017-08-22T13:15:22.000Z</time>
                <name>Position 554</name>
            </trkpt>
            <trkpt lat="46.4160558" lon="12.1451879">
                <ele>2566.0</ele>
                <time>2017-08-22T13:15:42.000Z</time>
                <name>Position 555</name>
            </trkpt>
            <trkpt lat="46.4161834" lon="12.1453882">
                <ele>2556.0</ele>
                <time>2017-08-22T13:15:57.000Z</time>
                <name>Position 556</name>
            </trkpt>
            <trkpt lat="46.4163183" lon="12.1455666">
                <ele>2555.0</ele>
                <time>2017-08-22T13:16:13.000Z</time>
                <name>Position 557</name>
            </trkpt>
            <trkpt lat="46.4162416" lon="12.1458056">
                <ele>2537.0</ele>
                <time>2017-08-22T13:17:04.000Z</time>
                <name>Position 558</name>
            </trkpt>
            <trkpt lat="46.4162857" lon="12.1460685">
                <ele>2539.0</ele>
                <time>2017-08-22T13:17:25.000Z</time>
                <name>Position 559</name>
            </trkpt>
            <trkpt lat="46.4164109" lon="12.1462608">
                <ele>2543.6</ele>
                <time>2017-08-22T13:17:42.000Z</time>
                <name>Position 560</name>
            </trkpt>
            <trkpt lat="46.4165882" lon="12.146352">
                <ele>2539.0</ele>
                <time>2017-08-22T13:17:58.000Z</time>
                <name>Position 561</name>
            </trkpt>
            <trkpt lat="46.4167029" lon="12.146556">
                <ele>2519.2</ele>
                <time>2017-08-22T13:19:01.000Z</time>
                <name>Position 562</name>
            </trkpt>
            <trkpt lat="46.416612" lon="12.14679">
                <ele>2514.9</ele>
                <time>2017-08-22T13:19:48.000Z</time>
                <name>Position 563</name>
            </trkpt>
            <trkpt lat="46.4166353" lon="12.1470522">
                <ele>2498.0</ele>
                <time>2017-08-22T13:20:30.000Z</time>
                <name>Position 564</name>
            </trkpt>
            <trkpt lat="46.4165817" lon="12.1473031">
                <ele>2488.0</ele>
                <time>2017-08-22T13:21:28.000Z</time>
                <name>Position 565</name>
            </trkpt>
            <trkpt lat="46.4165648" lon="12.1475725">
                <ele>2472.0</ele>
                <time>2017-08-22T13:22:27.000Z</time>
                <name>Position 566</name>
            </trkpt>
            <trkpt lat="46.4164415" lon="12.1477708">
                <ele>2462.0</ele>
                <time>2017-08-22T13:23:46.000Z</time>
                <name>Position 567</name>
            </trkpt>
            <trkpt lat="46.4162599" lon="12.1477471">
                <ele>2455.0</ele>
                <time>2017-08-22T13:24:02.000Z</time>
                <name>Position 568</name>
            </trkpt>
            <trkpt lat="46.4160731" lon="12.1477322">
                <ele>2448.1</ele>
                <time>2017-08-22T13:24:17.000Z</time>
                <name>Position 569</name>
            </trkpt>
            <trkpt lat="46.4158869" lon="12.1477152">
                <ele>2440.1</ele>
                <time>2017-08-22T13:24:39.000Z</time>
                <name>Position 570</name>
            </trkpt>
            <trkpt lat="46.4157321" lon="12.1478608">
                <ele>2422.2</ele>
                <time>2017-08-22T13:25:09.000Z</time>
                <name>Position 571</name>
            </trkpt>
            <trkpt lat="46.4155815" lon="12.1480054">
                <ele>2426.7</ele>
                <time>2017-08-22T13:25:48.000Z</time>
                <name>Position 572</name>
            </trkpt>
            <trkpt lat="46.4154022" lon="12.1479592">
                <ele>2424.0</ele>
                <time>2017-08-22T13:26:11.000Z</time>
                <name>Position 573</name>
            </trkpt>
            <trkpt lat="46.4152242" lon="12.148004">
                <ele>2407.9</ele>
                <time>2017-08-22T13:26:41.000Z</time>
                <name>Position 574</name>
            </trkpt>
            <trkpt lat="46.4150686" lon="12.1481378">
                <ele>2394.0</ele>
                <time>2017-08-22T13:27:11.000Z</time>
                <name>Position 575</name>
            </trkpt>
            <trkpt lat="46.4150296" lon="12.1483995">
                <ele>2398.2</ele>
                <time>2017-08-22T13:29:33.000Z</time>
                <name>Position 576</name>
            </trkpt>
            <trkpt lat="46.4148519" lon="12.1483457">
                <ele>2381.2</ele>
                <time>2017-08-22T13:31:51.000Z</time>
                <name>Position 577</name>
            </trkpt>
            <trkpt lat="46.4146633" lon="12.1483177">
                <ele>2374.0</ele>
                <time>2017-08-22T13:32:28.000Z</time>
                <name>Position 578</name>
            </trkpt>
            <trkpt lat="46.4145176" lon="12.1481568">
                <ele>2375.1</ele>
                <time>2017-08-22T13:32:58.000Z</time>
                <name>Position 579</name>
            </trkpt>
            <trkpt lat="46.4143366" lon="12.1481138">
                <ele>2368.2</ele>
                <time>2017-08-22T13:33:26.000Z</time>
                <name>Position 580</name>
            </trkpt>
            <trkpt lat="46.4141426" lon="12.1481387">
                <ele>2357.4</ele>
                <time>2017-08-22T13:34:05.000Z</time>
                <name>Position 581</name>
            </trkpt>
            <trkpt lat="46.4139619" lon="12.148126">
                <ele>2356.2</ele>
                <time>2017-08-22T13:34:23.000Z</time>
                <name>Position 582</name>
            </trkpt>
            <trkpt lat="46.4137943" lon="12.1480201">
                <ele>2345.2</ele>
                <time>2017-08-22T13:35:01.000Z</time>
                <name>Position 583</name>
            </trkpt>
            <trkpt lat="46.4136113" lon="12.1480299">
                <ele>2327.0</ele>
                <time>2017-08-22T13:36:02.000Z</time>
                <name>Position 584</name>
            </trkpt>
            <trkpt lat="46.413552" lon="12.1483108">
                <ele>2312.0</ele>
                <time>2017-08-22T13:36:43.000Z</time>
                <name>Position 585</name>
            </trkpt>
            <trkpt lat="46.4134347" lon="12.1485188">
                <ele>2309.9</ele>
                <time>2017-08-22T13:37:19.000Z</time>
                <name>Position 586</name>
            </trkpt>
            <trkpt lat="46.4132518" lon="12.1485786">
                <ele>2319.6</ele>
                <time>2017-08-22T13:37:42.000Z</time>
                <name>Position 587</name>
            </trkpt>
            <trkpt lat="46.4130864" lon="12.1486822">
                <ele>2309.9</ele>
                <time>2017-08-22T13:38:23.000Z</time>
                <name>Position 588</name>
            </trkpt>
            <trkpt lat="46.4129763" lon="12.1484694">
                <ele>2293.3</ele>
                <time>2017-08-22T13:39:29.000Z</time>
                <name>Position 589</name>
            </trkpt>
            <trkpt lat="46.4128923" lon="12.1487138">
                <ele>2280.0</ele>
                <time>2017-08-22T13:40:06.000Z</time>
                <name>Position 590</name>
            </trkpt>
            <trkpt lat="46.4127184" lon="12.1487946">
                <ele>2267.3</ele>
                <time>2017-08-22T13:41:03.000Z</time>
                <name>Position 591</name>
            </trkpt>
            <trkpt lat="46.4125368" lon="12.1488168">
                <ele>2259.0</ele>
                <time>2017-08-22T13:43:08.000Z</time>
                <name>Position 592</name>
            </trkpt>
            <trkpt lat="46.4124983" lon="12.1490731">
                <ele>2258.2</ele>
                <time>2017-08-22T13:43:43.000Z</time>
                <name>Position 593</name>
            </trkpt>
            <trkpt lat="46.4124863" lon="12.149336">
                <ele>2262.2</ele>
                <time>2017-08-22T13:44:29.000Z</time>
                <name>Position 594</name>
            </trkpt>
            <trkpt lat="46.4125626" lon="12.1495732">
                <ele>2255.2</ele>
                <time>2017-08-22T13:45:02.000Z</time>
                <name>Position 595</name>
            </trkpt>
            <trkpt lat="46.4127432" lon="12.149587">
                <ele>2252.1</ele>
                <time>2017-08-22T13:46:51.000Z</time>
                <name>Position 596</name>
            </trkpt>
            <trkpt lat="46.412921" lon="12.149543">
                <ele>2250.8</ele>
                <time>2017-08-22T13:47:35.000Z</time>
                <name>Position 597</name>
            </trkpt>
            <trkpt lat="46.4130477" lon="12.1498799">
                <ele>2278.6</ele>
                <time>2017-08-22T13:55:21.000Z</time>
                <name>Position 598</name>
            </trkpt>
            <trkpt lat="46.4131296" lon="12.1499427">
                <ele>2276.2</ele>
                <time>2017-08-22T13:55:57.000Z</time>
                <name>Position 599</name>
            </trkpt>
            <trkpt lat="46.4132646" lon="12.1501934">
                <ele>2286.6</ele>
                <time>2017-08-22T13:56:02.000Z</time>
                <name>Position 600</name>
            </trkpt>
            <trkpt lat="46.413445" lon="12.1504039">
                <ele>2280.4</ele>
                <time>2017-08-22T13:56:05.000Z</time>
                <name>Position 601</name>
            </trkpt>
            <trkpt lat="46.4136309" lon="12.1503997">
                <ele>2241.8</ele>
                <time>2017-08-22T13:57:43.000Z</time>
                <name>Position 602</name>
            </trkpt>
            <trkpt lat="46.4138037" lon="12.1503238">
                <ele>2238.0</ele>
                <time>2017-08-22T13:58:19.000Z</time>
                <name>Position 603</name>
            </trkpt>
            <trkpt lat="46.4139866" lon="12.1503404">
                <ele>2234.2</ele>
                <time>2017-08-22T13:59:10.000Z</time>
                <name>Position 604</name>
            </trkpt>
            <trkpt lat="46.4139874" lon="12.1506032">
                <ele>2293.9</ele>
                <time>2017-08-22T14:02:22.000Z</time>
                <name>Position 605</name>
            </trkpt>
            <trkpt lat="46.4138944" lon="12.1508524">
                <ele>2305.8</ele>
                <time>2017-08-22T14:02:54.000Z</time>
                <name>Position 606</name>
            </trkpt>
            <trkpt lat="46.4139928" lon="12.1509998">
                <ele>2285.3</ele>
                <time>2017-08-22T14:05:07.000Z</time>
                <name>Position 607</name>
            </trkpt>
            <trkpt lat="46.4141721" lon="12.150961">
                <ele>2241.7</ele>
                <time>2017-08-22T14:05:56.000Z</time>
                <name>Position 608</name>
            </trkpt>
            <trkpt lat="46.4143487" lon="12.1510186">
                <ele>2219.2</ele>
                <time>2017-08-22T14:06:50.000Z</time>
                <name>Position 609</name>
            </trkpt>
            <trkpt lat="46.4145005" lon="12.1511685">
                <ele>2227.2</ele>
                <time>2017-08-22T14:07:53.000Z</time>
                <name>Position 610</name>
            </trkpt>
            <trkpt lat="46.4146795" lon="12.1512134">
                <ele>2236.8</ele>
                <time>2017-08-22T14:08:34.000Z</time>
                <name>Position 611</name>
            </trkpt>
            <trkpt lat="46.4148459" lon="12.151313">
                <ele>2231.6</ele>
                <time>2017-08-22T14:09:38.000Z</time>
                <name>Position 612</name>
            </trkpt>
            <trkpt lat="46.4150033" lon="12.1514443">
                <ele>2229.1</ele>
                <time>2017-08-22T14:09:57.000Z</time>
                <name>Position 613</name>
            </trkpt>
            <trkpt lat="46.415185" lon="12.1514948">
                <ele>2223.8</ele>
                <time>2017-08-22T14:10:45.000Z</time>
                <name>Position 614</name>
            </trkpt>
            <trkpt lat="46.4153643" lon="12.151423">
                <ele>2224.0</ele>
                <time>2017-08-22T14:11:04.000Z</time>
                <name>Position 615</name>
            </trkpt>
            <trkpt lat="46.4155437" lon="12.1513909">
                <ele>2222.6</ele>
                <time>2017-08-22T14:11:45.000Z</time>
                <name>Position 616</name>
            </trkpt>
            <trkpt lat="46.415716" lon="12.1513112">
                <ele>2217.7</ele>
                <time>2017-08-22T14:12:24.000Z</time>
                <name>Position 617</name>
            </trkpt>
            <trkpt lat="46.4158941" lon="12.1512278">
                <ele>2222.9</ele>
                <time>2017-08-22T14:14:18.000Z</time>
                <name>Position 618</name>
            </trkpt>
            <trkpt lat="46.416064" lon="12.1511213">
                <ele>2226.0</ele>
                <time>2017-08-22T14:16:09.000Z</time>
                <name>Position 619</name>
            </trkpt>
            <trkpt lat="46.4161818" lon="12.1509113">
                <ele>2219.2</ele>
                <time>2017-08-22T14:16:31.000Z</time>
                <name>Position 620</name>
            </trkpt>
            <trkpt lat="46.4163626" lon="12.1509458">
                <ele>2215.4</ele>
                <time>2017-08-22T14:17:28.000Z</time>
                <name>Position 621</name>
            </trkpt>
            <trkpt lat="46.4165468" lon="12.1509426">
                <ele>2218.9</ele>
                <time>2017-08-22T14:19:09.000Z</time>
                <name>Position 622</name>
            </trkpt>
            <trkpt lat="46.416674" lon="12.1507548">
                <ele>2221.9</ele>
                <time>2017-08-22T14:19:33.000Z</time>
                <name>Position 623</name>
            </trkpt>
            <trkpt lat="46.4168539" lon="12.1508123">
                <ele>2215.0</ele>
                <time>2017-08-22T14:20:26.000Z</time>
                <name>Position 624</name>
            </trkpt>
            <trkpt lat="46.4170312" lon="12.1507552">
                <ele>2215.2</ele>
                <time>2017-08-22T14:22:03.000Z</time>
                <name>Position 625</name>
            </trkpt>
            <trkpt lat="46.4172142" lon="12.1507395">
                <ele>2205.0</ele>
                <time>2017-08-22T14:22:31.000Z</time>
                <name>Position 626</name>
            </trkpt>
            <trkpt lat="46.4173914" lon="12.150794">
                <ele>2205.1</ele>
                <time>2017-08-22T14:23:12.000Z</time>
                <name>Position 627</name>
            </trkpt>
            <trkpt lat="46.4175722" lon="12.1507518">
                <ele>2201.0</ele>
                <time>2017-08-22T14:23:39.000Z</time>
                <name>Position 628</name>
            </trkpt>
            <trkpt lat="46.4177504" lon="12.150796">
                <ele>2189.2</ele>
                <time>2017-08-22T14:24:19.000Z</time>
                <name>Position 629</name>
            </trkpt>
            <trkpt lat="46.4179258" lon="12.1508557">
                <ele>2185.0</ele>
                <time>2017-08-22T14:25:21.000Z</time>
                <name>Position 630</name>
            </trkpt>
            <trkpt lat="46.41809" lon="12.1507348">
                <ele>2184.1</ele>
                <time>2017-08-22T14:25:47.000Z</time>
                <name>Position 631</name>
            </trkpt>
            <trkpt lat="46.4182455" lon="12.1505825">
                <ele>2178.2</ele>
                <time>2017-08-22T14:26:15.000Z</time>
                <name>Position 632</name>
            </trkpt>
            <trkpt lat="46.4183294" lon="12.1508147">
                <ele>2160.0</ele>
                <time>2017-08-22T14:29:35.000Z</time>
                <name>Position 633</name>
            </trkpt>
            <trkpt lat="46.4183435" lon="12.1510771">
                <ele>2126.3</ele>
                <time>2017-08-22T14:41:32.000Z</time>
                <name>Position 634</name>
            </trkpt>
            <trkpt lat="46.4182484" lon="12.1513154">
                <ele>2118.1</ele>
                <time>2017-08-22T14:41:58.000Z</time>
                <name>Position 635</name>
            </trkpt>
            <trkpt lat="46.4181408" lon="12.1515272">
                <ele>2108.0</ele>
                <time>2017-08-22T14:42:20.000Z</time>
                <name>Position 636</name>
            </trkpt>
            <trkpt lat="46.4181096" lon="12.1517862">
                <ele>2098.7</ele>
                <time>2017-08-22T14:42:33.000Z</time>
                <name>Position 637</name>
            </trkpt>
            <trkpt lat="46.4180945" lon="12.152052">
                <ele>2084.5</ele>
                <time>2017-08-22T14:42:57.000Z</time>
                <name>Position 638</name>
            </trkpt>
            <trkpt lat="46.4180529" lon="12.1523146">
                <ele>2077.1</ele>
                <time>2017-08-22T14:43:29.000Z</time>
                <name>Position 639</name>
            </trkpt>
            <trkpt lat="46.4179076" lon="12.1524891">
                <ele>2077.1</ele>
                <time>2017-08-22T14:44:41.000Z</time>
                <name>Position 640</name>
            </trkpt>
            <trkpt lat="46.4177729" lon="12.1526651">
                <ele>2060.6</ele>
                <time>2017-08-22T14:45:33.000Z</time>
                <name>Position 641</name>
            </trkpt>
            <trkpt lat="46.4176486" lon="12.1528643">
                <ele>2056.8</ele>
                <time>2017-08-22T14:46:07.000Z</time>
                <name>Position 642</name>
            </trkpt>
            <trkpt lat="46.4175608" lon="12.1531012">
                <ele>2048.4</ele>
                <time>2017-08-22T14:46:29.000Z</time>
                <name>Position 643</name>
            </trkpt>
            <trkpt lat="46.4174356" lon="12.1532909">
                <ele>2036.0</ele>
                <time>2017-08-22T14:46:52.000Z</time>
                <name>Position 644</name>
            </trkpt>
            <trkpt lat="46.417311" lon="12.153493">
                <ele>2034.9</ele>
                <time>2017-08-22T14:47:14.000Z</time>
                <name>Position 645</name>
            </trkpt>
            <trkpt lat="46.4171473" lon="12.1536082">
                <ele>2038.8</ele>
                <time>2017-08-22T14:47:34.000Z</time>
                <name>Position 646</name>
            </trkpt>
            <trkpt lat="46.4169836" lon="12.1537388">
                <ele>2035.2</ele>
                <time>2017-08-22T14:47:54.000Z</time>
                <name>Position 647</name>
            </trkpt>
            <trkpt lat="46.416821" lon="12.1538808">
                <ele>2025.2</ele>
                <time>2017-08-22T14:48:14.000Z</time>
                <name>Position 648</name>
            </trkpt>
            <trkpt lat="46.4167158" lon="12.1541045">
                <ele>2026.1</ele>
                <time>2017-08-22T14:48:42.000Z</time>
                <name>Position 649</name>
            </trkpt>
            <trkpt lat="46.4165659" lon="12.1542525">
                <ele>2011.2</ele>
                <time>2017-08-22T14:49:03.000Z</time>
                <name>Position 650</name>
            </trkpt>
            <trkpt lat="46.4164285" lon="12.1544275">
                <ele>2000.0</ele>
                <time>2017-08-22T14:49:27.000Z</time>
                <name>Position 651</name>
            </trkpt>
            <trkpt lat="46.4163762" lon="12.1546899">
                <ele>2001.2</ele>
                <time>2017-08-22T14:49:55.000Z</time>
                <name>Position 652</name>
            </trkpt>
            <trkpt lat="46.4163255" lon="12.1549494">
                <ele>1996.9</ele>
                <time>2017-08-22T14:50:19.000Z</time>
                <name>Position 653</name>
            </trkpt>
            <trkpt lat="46.4162189" lon="12.1551705">
                <ele>1988.1</ele>
                <time>2017-08-22T14:50:41.000Z</time>
                <name>Position 654</name>
            </trkpt>
            <trkpt lat="46.4160743" lon="12.1553342">
                <ele>1963.3</ele>
                <time>2017-08-22T14:51:11.000Z</time>
                <name>Position 655</name>
            </trkpt>
            <trkpt lat="46.4159745" lon="12.1555614">
                <ele>1949.2</ele>
                <time>2017-08-22T14:51:34.000Z</time>
                <name>Position 656</name>
            </trkpt>
            <trkpt lat="46.4159151" lon="12.1558178">
                <ele>1949.0</ele>
                <time>2017-08-22T14:51:55.000Z</time>
                <name>Position 657</name>
            </trkpt>
            <trkpt lat="46.4157849" lon="12.1560126">
                <ele>1944.0</ele>
                <time>2017-08-22T14:52:11.000Z</time>
                <name>Position 658</name>
            </trkpt>
            <trkpt lat="46.415612" lon="12.1560914">
                <ele>1945.8</ele>
                <time>2017-08-22T14:52:28.000Z</time>
                <name>Position 659</name>
            </trkpt>
            <trkpt lat="46.4154483" lon="12.1562257">
                <ele>1946.8</ele>
                <time>2017-08-22T14:52:48.000Z</time>
                <name>Position 660</name>
            </trkpt>
            <trkpt lat="46.4152886" lon="12.1563793">
                <ele>1948.0</ele>
                <time>2017-08-22T14:53:06.000Z</time>
                <name>Position 661</name>
            </trkpt>
            <trkpt lat="46.4150986" lon="12.1563817">
                <ele>1945.7</ele>
                <time>2017-08-22T14:53:20.000Z</time>
                <name>Position 662</name>
            </trkpt>
            <trkpt lat="46.4149187" lon="12.1564023">
                <ele>1952.9</ele>
                <time>2017-08-22T14:53:38.000Z</time>
                <name>Position 663</name>
            </trkpt>
            <trkpt lat="46.4147385" lon="12.1564719">
                <ele>1956.9</ele>
                <time>2017-08-22T14:53:56.000Z</time>
                <name>Position 664</name>
            </trkpt>
            <trkpt lat="46.4145485" lon="12.1564764">
                <ele>1959.0</ele>
                <time>2017-08-22T14:54:16.000Z</time>
                <name>Position 665</name>
            </trkpt>
            <trkpt lat="46.4143672" lon="12.1564904">
                <ele>1960.0</ele>
                <time>2017-08-22T14:54:34.000Z</time>
                <name>Position 666</name>
            </trkpt>
            <trkpt lat="46.414182" lon="12.1564784">
                <ele>1961.0</ele>
                <time>2017-08-22T14:54:49.000Z</time>
                <name>Position 667</name>
            </trkpt>
            <trkpt lat="46.414003" lon="12.1564207">
                <ele>1963.0</ele>
                <time>2017-08-22T14:55:04.000Z</time>
                <name>Position 668</name>
            </trkpt>
            <trkpt lat="46.4138124" lon="12.1564379">
                <ele>1962.0</ele>
                <time>2017-08-22T14:55:19.000Z</time>
                <name>Position 669</name>
            </trkpt>
            <trkpt lat="46.413632" lon="12.1564145">
                <ele>1961.0</ele>
                <time>2017-08-22T14:55:34.000Z</time>
                <name>Position 670</name>
            </trkpt>
            <trkpt lat="46.4134526" lon="12.1563915">
                <ele>1954.0</ele>
                <time>2017-08-22T14:56:00.000Z</time>
                <name>Position 671</name>
            </trkpt>
            <trkpt lat="46.4132695" lon="12.156366">
                <ele>1952.0</ele>
                <time>2017-08-22T14:56:22.000Z</time>
                <name>Position 672</name>
            </trkpt>
            <trkpt lat="46.4130865" lon="12.1563774">
                <ele>1948.2</ele>
                <time>2017-08-22T14:56:41.000Z</time>
                <name>Position 673</name>
            </trkpt>
            <trkpt lat="46.4129005" lon="12.1563877">
                <ele>1941.2</ele>
                <time>2017-08-22T14:57:05.000Z</time>
                <name>Position 674</name>
            </trkpt>
            <trkpt lat="46.412737" lon="12.1565259">
                <ele>1938.0</ele>
                <time>2017-08-22T14:57:25.000Z</time>
                <name>Position 675</name>
            </trkpt>
            <trkpt lat="46.4126841" lon="12.1567818">
                <ele>1933.0</ele>
                <time>2017-08-22T14:57:42.000Z</time>
                <name>Position 676</name>
            </trkpt>
            <trkpt lat="46.4125531" lon="12.1569653">
                <ele>1935.0</ele>
                <time>2017-08-22T14:57:59.000Z</time>
                <name>Position 677</name>
            </trkpt>
            <trkpt lat="46.4123849" lon="12.1570668">
                <ele>1935.8</ele>
                <time>2017-08-22T14:58:13.000Z</time>
                <name>Position 678</name>
            </trkpt>
            <trkpt lat="46.4122298" lon="12.1572021">
                <ele>1935.8</ele>
                <time>2017-08-22T14:58:27.000Z</time>
                <name>Position 679</name>
            </trkpt>
            <trkpt lat="46.4120542" lon="12.1573032">
                <ele>1935.0</ele>
                <time>2017-08-22T14:58:42.000Z</time>
                <name>Position 680</name>
            </trkpt>
            <trkpt lat="46.4119122" lon="12.1574644">
                <ele>1934.0</ele>
                <time>2017-08-22T14:58:57.000Z</time>
                <name>Position 681</name>
            </trkpt>
            <trkpt lat="46.4117575" lon="12.1576142">
                <ele>1933.0</ele>
                <time>2017-08-22T14:59:14.000Z</time>
                <name>Position 682</name>
            </trkpt>
            <trkpt lat="46.4115729" lon="12.157664">
                <ele>1928.9</ele>
                <time>2017-08-22T14:59:29.000Z</time>
                <name>Position 683</name>
            </trkpt>
            <trkpt lat="46.4114075" lon="12.157799">
                <ele>1928.0</ele>
                <time>2017-08-22T14:59:48.000Z</time>
                <name>Position 684</name>
            </trkpt>
            <trkpt lat="46.4113577" lon="12.1580582">
                <ele>1922.0</ele>
                <time>2017-08-22T15:00:05.000Z</time>
                <name>Position 685</name>
            </trkpt>
            <trkpt lat="46.4112835" lon="12.1583024">
                <ele>1920.0</ele>
                <time>2017-08-22T15:00:22.000Z</time>
                <name>Position 686</name>
            </trkpt>
            <trkpt lat="46.4111695" lon="12.1585145">
                <ele>1918.0</ele>
                <time>2017-08-22T15:00:45.000Z</time>
                <name>Position 687</name>
            </trkpt>
            <trkpt lat="46.4110992" lon="12.1587574">
                <ele>1914.0</ele>
                <time>2017-08-22T15:01:04.000Z</time>
                <name>Position 688</name>
            </trkpt>
            <trkpt lat="46.4109342" lon="12.1588798">
                <ele>1912.0</ele>
                <time>2017-08-22T15:01:28.000Z</time>
                <name>Position 689</name>
            </trkpt>
            <trkpt lat="46.4107484" lon="12.1588512">
                <ele>1913.2</ele>
                <time>2017-08-22T15:01:54.000Z</time>
                <name>Position 690</name>
            </trkpt>
            <trkpt lat="46.4105689" lon="12.1588245">
                <ele>1906.9</ele>
                <time>2017-08-22T15:07:46.000Z</time>
                <name>Position 691</name>
            </trkpt>
            <trkpt lat="46.4103866" lon="12.1588792">
                <ele>1911.0</ele>
                <time>2017-08-22T15:08:26.000Z</time>
                <name>Position 692</name>
            </trkpt>
            <trkpt lat="46.4102353" lon="12.1590408">
                <ele>1912.0</ele>
                <time>2017-08-22T15:08:48.000Z</time>
                <name>Position 693</name>
            </trkpt>
            <trkpt lat="46.4100837" lon="12.1591836">
                <ele>1915.4</ele>
                <time>2017-08-22T15:09:08.000Z</time>
                <name>Position 694</name>
            </trkpt>
            <trkpt lat="46.409899" lon="12.1591614">
                <ele>1908.1</ele>
                <time>2017-08-22T15:09:30.000Z</time>
                <name>Position 695</name>
            </trkpt>
            <trkpt lat="46.4097171" lon="12.1591231">
                <ele>1909.9</ele>
                <time>2017-08-22T15:09:47.000Z</time>
                <name>Position 696</name>
            </trkpt>
            <trkpt lat="46.4095368" lon="12.1590875">
                <ele>1906.0</ele>
                <time>2017-08-22T15:10:27.000Z</time>
                <name>Position 697</name>
            </trkpt>
            <trkpt lat="46.409358" lon="12.1591795">
                <ele>1900.2</ele>
                <time>2017-08-22T15:10:47.000Z</time>
                <name>Position 698</name>
            </trkpt>
            <trkpt lat="46.4091742" lon="12.1592428">
                <ele>1895.2</ele>
                <time>2017-08-22T15:10:54.000Z</time>
                <name>Position 699</name>
            </trkpt>
            <trkpt lat="46.4089936" lon="12.1591806">
                <ele>1892.0</ele>
                <time>2017-08-22T15:11:00.000Z</time>
                <name>Position 700</name>
            </trkpt>
            <trkpt lat="46.4088034" lon="12.1590783">
                <ele>1889.2</ele>
                <time>2017-08-22T15:11:07.000Z</time>
                <name>Position 701</name>
            </trkpt>
            <trkpt lat="46.4086818" lon="12.158869">
                <ele>1885.3</ele>
                <time>2017-08-22T15:11:16.000Z</time>
                <name>Position 702</name>
            </trkpt>
            <trkpt lat="46.4084886" lon="12.1588208">
                <ele>1887.7</ele>
                <time>2017-08-22T15:11:26.000Z</time>
                <name>Position 703</name>
            </trkpt>
            <trkpt lat="46.4083133" lon="12.158898">
                <ele>1884.2</ele>
                <time>2017-08-22T15:11:34.000Z</time>
                <name>Position 704</name>
            </trkpt>
            <trkpt lat="46.408129" lon="12.1589974">
                <ele>1883.2</ele>
                <time>2017-08-22T15:11:42.000Z</time>
                <name>Position 705</name>
            </trkpt>
            <trkpt lat="46.4079256" lon="12.1590332">
                <ele>1882.0</ele>
                <time>2017-08-22T15:12:00.000Z</time>
                <name>Position 706</name>
            </trkpt>
            <trkpt lat="46.4077157" lon="12.159086">
                <ele>1880.8</ele>
                <time>2017-08-22T15:12:07.000Z</time>
                <name>Position 707</name>
            </trkpt>
            <trkpt lat="46.4075163" lon="12.1590295">
                <ele>1876.4</ele>
                <time>2017-08-22T15:12:14.000Z</time>
                <name>Position 708</name>
            </trkpt>
            <trkpt lat="46.4073901" lon="12.1588379">
                <ele>1872.2</ele>
                <time>2017-08-22T15:12:20.000Z</time>
                <name>Position 709</name>
            </trkpt>
            <trkpt lat="46.4072577" lon="12.1586513">
                <ele>1869.2</ele>
                <time>2017-08-22T15:12:26.000Z</time>
                <name>Position 710</name>
            </trkpt>
            <trkpt lat="46.4071448" lon="12.1589134">
                <ele>1861.2</ele>
                <time>2017-08-22T15:13:02.000Z</time>
                <name>Position 711</name>
            </trkpt>
            <trkpt lat="46.407041" lon="12.1591623">
                <ele>1861.9</ele>
                <time>2017-08-22T15:13:09.000Z</time>
                <name>Position 712</name>
            </trkpt>
            <trkpt lat="46.4069969" lon="12.159426">
                <ele>1858.0</ele>
                <time>2017-08-22T15:13:15.000Z</time>
                <name>Position 713</name>
            </trkpt>
            <trkpt lat="46.4070124" lon="12.1597145">
                <ele>1855.0</ele>
                <time>2017-08-22T15:13:23.000Z</time>
                <name>Position 714</name>
            </trkpt>
            <trkpt lat="46.4069588" lon="12.1599866">
                <ele>1853.2</ele>
                <time>2017-08-22T15:13:29.000Z</time>
                <name>Position 715</name>
            </trkpt>
            <trkpt lat="46.4069909" lon="12.1602719">
                <ele>1850.0</ele>
                <time>2017-08-22T15:13:37.000Z</time>
                <name>Position 716</name>
            </trkpt>
            <trkpt lat="46.4071134" lon="12.1604938">
                <ele>1847.0</ele>
                <time>2017-08-22T15:13:44.000Z</time>
                <name>Position 717</name>
            </trkpt>
            <trkpt lat="46.4071733" lon="12.1607623">
                <ele>1846.0</ele>
                <time>2017-08-22T15:13:51.000Z</time>
                <name>Position 718</name>
            </trkpt>
            <trkpt lat="46.4071822" lon="12.1610544">
                <ele>1845.0</ele>
                <time>2017-08-22T15:13:56.000Z</time>
                <name>Position 719</name>
            </trkpt>
            <trkpt lat="46.4071175" lon="12.1613381">
                <ele>1845.1</ele>
                <time>2017-08-22T15:14:01.000Z</time>
                <name>Position 720</name>
            </trkpt>
            <trkpt lat="46.4070125" lon="12.1616046">
                <ele>1845.8</ele>
                <time>2017-08-22T15:14:05.000Z</time>
                <name>Position 721</name>
            </trkpt>
            <trkpt lat="46.406884" lon="12.1618122">
                <ele>1846.9</ele>
                <time>2017-08-22T15:14:09.000Z</time>
                <name>Position 722</name>
            </trkpt>
            <trkpt lat="46.4067186" lon="12.1619701">
                <ele>1845.8</ele>
                <time>2017-08-22T15:14:13.000Z</time>
                <name>Position 723</name>
            </trkpt>
            <trkpt lat="46.4065341" lon="12.162012">
                <ele>1846.0</ele>
                <time>2017-08-22T15:14:17.000Z</time>
                <name>Position 724</name>
            </trkpt>
            <trkpt lat="46.4063821" lon="12.1622215">
                <ele>1845.0</ele>
                <time>2017-08-22T15:14:22.000Z</time>
                <name>Position 725</name>
            </trkpt>
            <trkpt lat="46.4062468" lon="12.162401">
                <ele>1844.9</ele>
                <time>2017-08-22T15:14:27.000Z</time>
                <name>Position 726</name>
            </trkpt>
            <trkpt lat="46.4060792" lon="12.1625578">
                <ele>1845.0</ele>
                <time>2017-08-22T15:14:33.000Z</time>
                <name>Position 727</name>
            </trkpt>
            <trkpt lat="46.4058858" lon="12.1627041">
                <ele>1843.9</ele>
                <time>2017-08-22T15:14:39.000Z</time>
                <name>Position 728</name>
            </trkpt>
            <trkpt lat="46.4056988" lon="12.1625881">
                <ele>1842.9</ele>
                <time>2017-08-22T15:14:44.000Z</time>
                <name>Position 729</name>
            </trkpt>
            <trkpt lat="46.4055012" lon="12.1626049">
                <ele>1842.7</ele>
                <time>2017-08-22T15:14:50.000Z</time>
                <name>Position 730</name>
            </trkpt>
            <trkpt lat="46.405288" lon="12.1626708">
                <ele>1844.8</ele>
                <time>2017-08-22T15:14:54.000Z</time>
                <name>Position 731</name>
            </trkpt>
            <trkpt lat="46.4051208" lon="12.1627836">
                <ele>1848.2</ele>
                <time>2017-08-22T15:15:00.000Z</time>
                <name>Position 732</name>
            </trkpt>
            <trkpt lat="46.4049522" lon="12.1628892">
                <ele>1853.1</ele>
                <time>2017-08-22T15:15:16.000Z</time>
                <name>Position 733</name>
            </trkpt>
            <trkpt lat="46.4047724" lon="12.1629661">
                <ele>1854.0</ele>
                <time>2017-08-22T15:15:30.000Z</time>
                <name>Position 734</name>
            </trkpt>
            <trkpt lat="46.404589" lon="12.162985">
                <ele>1857.0</ele>
                <time>2017-08-22T15:15:43.000Z</time>
                <name>Position 735</name>
            </trkpt>
            <trkpt lat="46.4043988" lon="12.1629699">
                <ele>1859.9</ele>
                <time>2017-08-22T15:15:54.000Z</time>
                <name>Position 736</name>
            </trkpt>
            <trkpt lat="46.4042306" lon="12.1630712">
                <ele>1857.8</ele>
                <time>2017-08-22T15:16:02.000Z</time>
                <name>Position 737</name>
            </trkpt>
            <trkpt lat="46.4040534" lon="12.1631425">
                <ele>1854.0</ele>
                <time>2017-08-22T15:16:08.000Z</time>
                <name>Position 738</name>
            </trkpt>
            <trkpt lat="46.403869" lon="12.1631854">
                <ele>1853.6</ele>
                <time>2017-08-22T15:16:16.000Z</time>
                <name>Position 739</name>
            </trkpt>
            <trkpt lat="46.4036926" lon="12.1632749">
                <ele>1848.8</ele>
                <time>2017-08-22T15:16:28.000Z</time>
                <name>Position 740</name>
            </trkpt>
            <trkpt lat="46.4035466" lon="12.1634467">
                <ele>1839.2</ele>
                <time>2017-08-22T15:16:41.000Z</time>
                <name>Position 741</name>
            </trkpt>
            <trkpt lat="46.4033999" lon="12.1636087">
                <ele>1842.3</ele>
                <time>2017-08-22T15:16:52.000Z</time>
                <name>Position 742</name>
            </trkpt>
            <trkpt lat="46.4032409" lon="12.1637733">
                <ele>1835.2</ele>
                <time>2017-08-22T15:16:59.000Z</time>
                <name>Position 743</name>
            </trkpt>
            <trkpt lat="46.4030938" lon="12.1639446">
                <ele>1831.2</ele>
                <time>2017-08-22T15:17:05.000Z</time>
                <name>Position 744</name>
            </trkpt>
            <trkpt lat="46.4031594" lon="12.1642142">
                <ele>1830.9</ele>
                <time>2017-08-22T15:17:12.000Z</time>
                <name>Position 745</name>
            </trkpt>
            <trkpt lat="46.4030907" lon="12.1644659">
                <ele>1833.7</ele>
                <time>2017-08-22T15:17:23.000Z</time>
                <name>Position 746</name>
            </trkpt>
            <trkpt lat="46.4029287" lon="12.1645824">
                <ele>1834.8</ele>
                <time>2017-08-22T15:17:32.000Z</time>
                <name>Position 747</name>
            </trkpt>
            <trkpt lat="46.4027617" lon="12.1646839">
                <ele>1833.2</ele>
                <time>2017-08-22T15:17:39.000Z</time>
                <name>Position 748</name>
            </trkpt>
            <trkpt lat="46.4026357" lon="12.1648855">
                <ele>1832.0</ele>
                <time>2017-08-22T15:17:45.000Z</time>
                <name>Position 749</name>
            </trkpt>
            <trkpt lat="46.4024581" lon="12.1650453">
                <ele>1830.2</ele>
                <time>2017-08-22T15:17:52.000Z</time>
                <name>Position 750</name>
            </trkpt>
            <trkpt lat="46.4023286" lon="12.1652524">
                <ele>1826.2</ele>
                <time>2017-08-22T15:17:58.000Z</time>
                <name>Position 751</name>
            </trkpt>
            <trkpt lat="46.4021538" lon="12.1653531">
                <ele>1827.0</ele>
                <time>2017-08-22T15:18:04.000Z</time>
                <name>Position 752</name>
            </trkpt>
            <trkpt lat="46.4019656" lon="12.1652787">
                <ele>1827.0</ele>
                <time>2017-08-22T15:18:12.000Z</time>
                <name>Position 753</name>
            </trkpt>
            <trkpt lat="46.4017678" lon="12.1653908">
                <ele>1826.0</ele>
                <time>2017-08-22T15:18:17.000Z</time>
                <name>Position 754</name>
            </trkpt>
            <trkpt lat="46.4016136" lon="12.1655936">
                <ele>1823.8</ele>
                <time>2017-08-22T15:18:24.000Z</time>
                <name>Position 755</name>
            </trkpt>
            <trkpt lat="46.4014233" lon="12.1655953">
                <ele>1822.2</ele>
                <time>2017-08-22T15:18:30.000Z</time>
                <name>Position 756</name>
            </trkpt>
            <trkpt lat="46.4012415" lon="12.165468">
                <ele>1820.0</ele>
                <time>2017-08-22T15:18:37.000Z</time>
                <name>Position 757</name>
            </trkpt>
            <trkpt lat="46.4010956" lon="12.1653054">
                <ele>1820.0</ele>
                <time>2017-08-22T15:18:44.000Z</time>
                <name>Position 758</name>
            </trkpt>
            <trkpt lat="46.4009594" lon="12.1651172">
                <ele>1818.0</ele>
                <time>2017-08-22T15:18:52.000Z</time>
                <name>Position 759</name>
            </trkpt>
            <trkpt lat="46.4008437" lon="12.1648942">
                <ele>1819.0</ele>
                <time>2017-08-22T15:19:58.000Z</time>
                <name>Position 760</name>
            </trkpt>
            <trkpt lat="46.400794" lon="12.1646373">
                <ele>1818.0</ele>
                <time>2017-08-22T15:20:04.000Z</time>
                <name>Position 761</name>
            </trkpt>
            <trkpt lat="46.400687" lon="12.1644212">
                <ele>1819.1</ele>
                <time>2017-08-22T15:20:09.000Z</time>
                <name>Position 762</name>
            </trkpt>
            <trkpt lat="46.4005097" lon="12.1643738">
                <ele>1820.1</ele>
                <time>2017-08-22T15:20:13.000Z</time>
                <name>Position 763</name>
            </trkpt>
            <trkpt lat="46.4003309" lon="12.1644378">
                <ele>1821.7</ele>
                <time>2017-08-22T15:20:16.000Z</time>
                <name>Position 764</name>
            </trkpt>
            <trkpt lat="46.4001602" lon="12.1645536">
                <ele>1821.0</ele>
                <time>2017-08-22T15:20:20.000Z</time>
                <name>Position 765</name>
            </trkpt>
            <trkpt lat="46.3999788" lon="12.1646711">
                <ele>1822.0</ele>
                <time>2017-08-22T15:20:25.000Z</time>
                <name>Position 766</name>
            </trkpt>
            <trkpt lat="46.3998121" lon="12.1647803">
                <ele>1823.0</ele>
                <time>2017-08-22T15:20:30.000Z</time>
                <name>Position 767</name>
            </trkpt>
            <trkpt lat="46.399608" lon="12.1648107">
                <ele>1812.5</ele>
                <time>2017-08-22T15:20:36.000Z</time>
                <name>Position 768</name>
            </trkpt>
            <trkpt lat="46.3994371" lon="12.1647214">
                <ele>1810.0</ele>
                <time>2017-08-22T15:20:50.000Z</time>
                <name>Position 769</name>
            </trkpt>
            <trkpt lat="46.3994371" lon="12.1650131">
                <ele>1800.2</ele>
                <time>2017-08-22T15:21:41.000Z</time>
                <name>Position 770</name>
            </trkpt>
            <trkpt lat="46.3993785" lon="12.1652622">
                <ele>1799.0</ele>
                <time>2017-08-22T15:21:46.000Z</time>
                <name>Position 771</name>
            </trkpt>
            <trkpt lat="46.3992135" lon="12.1653881">
                <ele>1800.0</ele>
                <time>2017-08-22T15:21:51.000Z</time>
                <name>Position 772</name>
            </trkpt>
            <trkpt lat="46.3990558" lon="12.1655164">
                <ele>1802.7</ele>
                <time>2017-08-22T15:21:56.000Z</time>
                <name>Position 773</name>
            </trkpt>
            <trkpt lat="46.3990152" lon="12.1658195">
                <ele>1798.2</ele>
                <time>2017-08-22T15:22:01.000Z</time>
                <name>Position 774</name>
            </trkpt>
            <trkpt lat="46.3989015" lon="12.166027">
                <ele>1799.0</ele>
                <time>2017-08-22T15:22:06.000Z</time>
                <name>Position 775</name>
            </trkpt>
            <trkpt lat="46.3987182" lon="12.1661089">
                <ele>1800.2</ele>
                <time>2017-08-22T15:22:11.000Z</time>
                <name>Position 776</name>
            </trkpt>
            <trkpt lat="46.3985424" lon="12.1662356">
                <ele>1803.7</ele>
                <time>2017-08-22T15:22:17.000Z</time>
                <name>Position 777</name>
            </trkpt>
            <trkpt lat="46.3983981" lon="12.1663947">
                <ele>1802.0</ele>
                <time>2017-08-22T15:22:22.000Z</time>
                <name>Position 778</name>
            </trkpt>
            <trkpt lat="46.398263" lon="12.1666052">
                <ele>1797.2</ele>
                <time>2017-08-22T15:22:27.000Z</time>
                <name>Position 779</name>
            </trkpt>
            <trkpt lat="46.3981046" lon="12.1667943">
                <ele>1796.0</ele>
                <time>2017-08-22T15:22:32.000Z</time>
                <name>Position 780</name>
            </trkpt>
            <trkpt lat="46.3979678" lon="12.1669853">
                <ele>1795.0</ele>
                <time>2017-08-22T15:22:36.000Z</time>
                <name>Position 781</name>
            </trkpt>
            <trkpt lat="46.3978372" lon="12.1671737">
                <ele>1798.7</ele>
                <time>2017-08-22T15:22:40.000Z</time>
                <name>Position 782</name>
            </trkpt>
            <trkpt lat="46.3976815" lon="12.1673523">
                <ele>1797.8</ele>
                <time>2017-08-22T15:22:45.000Z</time>
                <name>Position 783</name>
            </trkpt>
            <trkpt lat="46.3975356" lon="12.1675737">
                <ele>1792.1</ele>
                <time>2017-08-22T15:22:50.000Z</time>
                <name>Position 784</name>
            </trkpt>
            <trkpt lat="46.3974203" lon="12.1678277">
                <ele>1788.5</ele>
                <time>2017-08-22T15:22:55.000Z</time>
                <name>Position 785</name>
            </trkpt>
            <trkpt lat="46.3973412" lon="12.1680848">
                <ele>1784.8</ele>
                <time>2017-08-22T15:22:59.000Z</time>
                <name>Position 786</name>
            </trkpt>
            <trkpt lat="46.3971829" lon="12.168288">
                <ele>1781.2</ele>
                <time>2017-08-22T15:23:05.000Z</time>
                <name>Position 787</name>
            </trkpt>
            <trkpt lat="46.3970346" lon="12.1685045">
                <ele>1785.7</ele>
                <time>2017-08-22T15:23:11.000Z</time>
                <name>Position 788</name>
            </trkpt>
            <trkpt lat="46.3968475" lon="12.1686736">
                <ele>1786.2</ele>
                <time>2017-08-22T15:23:16.000Z</time>
                <name>Position 789</name>
            </trkpt>
            <trkpt lat="46.396686" lon="12.1688058">
                <ele>1784.4</ele>
                <time>2017-08-22T15:23:20.000Z</time>
                <name>Position 790</name>
            </trkpt>
            <trkpt lat="46.3965143" lon="12.1690017">
                <ele>1783.8</ele>
                <time>2017-08-22T15:23:25.000Z</time>
                <name>Position 791</name>
            </trkpt>
            <trkpt lat="46.3963393" lon="12.1691626">
                <ele>1784.2</ele>
                <time>2017-08-22T15:23:30.000Z</time>
                <name>Position 792</name>
            </trkpt>
            <trkpt lat="46.3962212" lon="12.1693975">
                <ele>1783.2</ele>
                <time>2017-08-22T15:23:35.000Z</time>
                <name>Position 793</name>
            </trkpt>
            <trkpt lat="46.3961655" lon="12.1696842">
                <ele>1779.3</ele>
                <time>2017-08-22T15:23:40.000Z</time>
                <name>Position 794</name>
            </trkpt>
            <trkpt lat="46.3961141" lon="12.1699445">
                <ele>1774.2</ele>
                <time>2017-08-22T15:23:45.000Z</time>
                <name>Position 795</name>
            </trkpt>
            <trkpt lat="46.3959863" lon="12.1701298">
                <ele>1774.0</ele>
                <time>2017-08-22T15:23:49.000Z</time>
                <name>Position 796</name>
            </trkpt>
            <trkpt lat="46.3958426" lon="12.1703353">
                <ele>1773.7</ele>
                <time>2017-08-22T15:23:54.000Z</time>
                <name>Position 797</name>
            </trkpt>
            <trkpt lat="46.3956677" lon="12.1704846">
                <ele>1773.0</ele>
                <time>2017-08-22T15:23:59.000Z</time>
                <name>Position 798</name>
            </trkpt>
            <trkpt lat="46.3954642" lon="12.1705861">
                <ele>1773.0</ele>
                <time>2017-08-22T15:24:04.000Z</time>
                <name>Position 799</name>
            </trkpt>
            <trkpt lat="46.3952637" lon="12.1706574">
                <ele>1776.2</ele>
                <time>2017-08-22T15:24:09.000Z</time>
                <name>Position 800</name>
            </trkpt>
            <trkpt lat="46.3950817" lon="12.1707256">
                <ele>1780.8</ele>
                <time>2017-08-22T15:24:15.000Z</time>
                <name>Position 801</name>
            </trkpt>
            <trkpt lat="46.3949453" lon="12.1709297">
                <ele>1778.1</ele>
                <time>2017-08-22T15:24:21.000Z</time>
                <name>Position 802</name>
            </trkpt>
            <trkpt lat="46.3948827" lon="12.1711826">
                <ele>1774.9</ele>
                <time>2017-08-22T15:25:01.000Z</time>
                <name>Position 803</name>
            </trkpt>
            <trkpt lat="46.39474" lon="12.171386">
                <ele>1779.0</ele>
                <time>2017-08-22T15:25:07.000Z</time>
                <name>Position 804</name>
            </trkpt>
            <trkpt lat="46.3947062" lon="12.1716679">
                <ele>1775.4</ele>
                <time>2017-08-22T15:25:12.000Z</time>
                <name>Position 805</name>
            </trkpt>
            <trkpt lat="46.3946997" lon="12.1719318">
                <ele>1773.8</ele>
                <time>2017-08-22T15:25:19.000Z</time>
                <name>Position 806</name>
            </trkpt>
            <trkpt lat="46.3946591" lon="12.1722224">
                <ele>1767.4</ele>
                <time>2017-08-22T15:25:27.000Z</time>
                <name>Position 807</name>
            </trkpt>
            <trkpt lat="46.3946607" lon="12.172497">
                <ele>1765.0</ele>
                <time>2017-08-22T15:25:34.000Z</time>
                <name>Position 808</name>
            </trkpt>
            <trkpt lat="46.3947214" lon="12.1727633">
                <ele>1765.8</ele>
                <time>2017-08-22T15:25:40.000Z</time>
                <name>Position 809</name>
            </trkpt>
            <trkpt lat="46.3948062" lon="12.1730196">
                <ele>1764.6</ele>
                <time>2017-08-22T15:25:45.000Z</time>
                <name>Position 810</name>
            </trkpt>
            <trkpt lat="46.3948666" lon="12.1733034">
                <ele>1765.8</ele>
                <time>2017-08-22T15:25:50.000Z</time>
                <name>Position 811</name>
            </trkpt>
            <trkpt lat="46.3949412" lon="12.1735952">
                <ele>1766.0</ele>
                <time>2017-08-22T15:25:55.000Z</time>
                <name>Position 812</name>
            </trkpt>
            <trkpt lat="46.3950197" lon="12.1738502">
                <ele>1765.2</ele>
                <time>2017-08-22T15:25:59.000Z</time>
                <name>Position 813</name>
            </trkpt>
            <trkpt lat="46.3951476" lon="12.1740978">
                <ele>1763.2</ele>
                <time>2017-08-22T15:26:03.000Z</time>
                <name>Position 814</name>
            </trkpt>
            <trkpt lat="46.3952037" lon="12.1743732">
                <ele>1761.2</ele>
                <time>2017-08-22T15:26:07.000Z</time>
                <name>Position 815</name>
            </trkpt>
            <trkpt lat="46.395245" lon="12.1746715">
                <ele>1759.2</ele>
                <time>2017-08-22T15:26:11.000Z</time>
                <name>Position 816</name>
            </trkpt>
            <trkpt lat="46.3952385" lon="12.1749639">
                <ele>1758.1</ele>
                <time>2017-08-22T15:26:16.000Z</time>
                <name>Position 817</name>
            </trkpt>
            <trkpt lat="46.3952675" lon="12.1752356">
                <ele>1757.0</ele>
                <time>2017-08-22T15:26:20.000Z</time>
                <name>Position 818</name>
            </trkpt>
            <trkpt lat="46.395286" lon="12.1755247">
                <ele>1756.3</ele>
                <time>2017-08-22T15:26:24.000Z</time>
                <name>Position 819</name>
            </trkpt>
            <trkpt lat="46.3952942" lon="12.1758154">
                <ele>1754.0</ele>
                <time>2017-08-22T15:26:28.000Z</time>
                <name>Position 820</name>
            </trkpt>
            <trkpt lat="46.3953302" lon="12.1761246">
                <ele>1751.4</ele>
                <time>2017-08-22T15:26:33.000Z</time>
                <name>Position 821</name>
            </trkpt>
            <trkpt lat="46.395336" lon="12.1763908">
                <ele>1750.2</ele>
                <time>2017-08-22T15:26:37.000Z</time>
                <name>Position 822</name>
            </trkpt>
            <trkpt lat="46.3952584" lon="12.1766365">
                <ele>1752.0</ele>
                <time>2017-08-22T15:26:41.000Z</time>
                <name>Position 823</name>
            </trkpt>
            <trkpt lat="46.395237" lon="12.1769516">
                <ele>1749.4</ele>
                <time>2017-08-22T15:26:45.000Z</time>
                <name>Position 824</name>
            </trkpt>
            <trkpt lat="46.395229" lon="12.1772266">
                <ele>1745.0</ele>
                <time>2017-08-22T15:26:49.000Z</time>
                <name>Position 825</name>
            </trkpt>
            <trkpt lat="46.395165" lon="12.1775396">
                <ele>1740.2</ele>
                <time>2017-08-22T15:26:54.000Z</time>
                <name>Position 826</name>
            </trkpt>
            <trkpt lat="46.3951609" lon="12.1778326">
                <ele>1739.0</ele>
                <time>2017-08-22T15:26:58.000Z</time>
                <name>Position 827</name>
            </trkpt>
            <trkpt lat="46.3952011" lon="12.1780905">
                <ele>1737.2</ele>
                <time>2017-08-22T15:27:02.000Z</time>
                <name>Position 828</name>
            </trkpt>
            <trkpt lat="46.3952762" lon="12.1783696">
                <ele>1738.0</ele>
                <time>2017-08-22T15:27:07.000Z</time>
                <name>Position 829</name>
            </trkpt>
            <trkpt lat="46.3953305" lon="12.1786503">
                <ele>1738.8</ele>
                <time>2017-08-22T15:27:11.000Z</time>
                <name>Position 830</name>
            </trkpt>
            <trkpt lat="46.3954334" lon="12.1789143">
                <ele>1739.8</ele>
                <time>2017-08-22T15:27:15.000Z</time>
                <name>Position 831</name>
            </trkpt>
            <trkpt lat="46.3954924" lon="12.1791993">
                <ele>1741.0</ele>
                <time>2017-08-22T15:27:19.000Z</time>
                <name>Position 832</name>
            </trkpt>
            <trkpt lat="46.395477" lon="12.1795103">
                <ele>1740.0</ele>
                <time>2017-08-22T15:27:23.000Z</time>
                <name>Position 833</name>
            </trkpt>
            <trkpt lat="46.3954707" lon="12.1798392">
                <ele>1738.2</ele>
                <time>2017-08-22T15:27:27.000Z</time>
                <name>Position 834</name>
            </trkpt>
            <trkpt lat="46.395438" lon="12.1800999">
                <ele>1738.0</ele>
                <time>2017-08-22T15:27:30.000Z</time>
                <name>Position 835</name>
            </trkpt>
            <trkpt lat="46.3954952" lon="12.1803904">
                <ele>1738.0</ele>
                <time>2017-08-22T15:27:34.000Z</time>
                <name>Position 836</name>
            </trkpt>
            <trkpt lat="46.3955898" lon="12.1806754">
                <ele>1737.2</ele>
                <time>2017-08-22T15:27:38.000Z</time>
                <name>Position 837</name>
            </trkpt>
            <trkpt lat="46.3956375" lon="12.1810053">
                <ele>1736.2</ele>
                <time>2017-08-22T15:27:42.000Z</time>
                <name>Position 838</name>
            </trkpt>
            <trkpt lat="46.3956467" lon="12.1813328">
                <ele>1735.8</ele>
                <time>2017-08-22T15:27:46.000Z</time>
                <name>Position 839</name>
            </trkpt>
            <trkpt lat="46.3955907" lon="12.181659">
                <ele>1734.2</ele>
                <time>2017-08-22T15:27:50.000Z</time>
                <name>Position 840</name>
            </trkpt>
            <trkpt lat="46.3955373" lon="12.1819655">
                <ele>1731.0</ele>
                <time>2017-08-22T15:27:54.000Z</time>
                <name>Position 841</name>
            </trkpt>
            <trkpt lat="46.3955596" lon="12.1822584">
                <ele>1725.0</ele>
                <time>2017-08-22T15:28:30.000Z</time>
                <name>Position 842</name>
            </trkpt>
            <trkpt lat="46.3956891" lon="12.1825246">
                <ele>1723.2</ele>
                <time>2017-08-22T15:28:35.000Z</time>
                <name>Position 843</name>
            </trkpt>
            <trkpt lat="46.3958289" lon="12.182734">
                <ele>1720.2</ele>
                <time>2017-08-22T15:28:39.000Z</time>
                <name>Position 844</name>
            </trkpt>
            <trkpt lat="46.3959564" lon="12.1829182">
                <ele>1719.8</ele>
                <time>2017-08-22T15:28:43.000Z</time>
                <name>Position 845</name>
            </trkpt>
            <trkpt lat="46.3959841" lon="12.1832028">
                <ele>1718.0</ele>
                <time>2017-08-22T15:28:47.000Z</time>
                <name>Position 846</name>
            </trkpt>
            <trkpt lat="46.3961087" lon="12.1834669">
                <ele>1716.0</ele>
                <time>2017-08-22T15:28:52.000Z</time>
                <name>Position 847</name>
            </trkpt>
            <trkpt lat="46.3962983" lon="12.1836318">
                <ele>1715.0</ele>
                <time>2017-08-22T15:28:56.000Z</time>
                <name>Position 848</name>
            </trkpt>
            <trkpt lat="46.3964586" lon="12.1838024">
                <ele>1713.0</ele>
                <time>2017-08-22T15:29:00.000Z</time>
                <name>Position 849</name>
            </trkpt>
            <trkpt lat="46.3965112" lon="12.1840655">
                <ele>1710.2</ele>
                <time>2017-08-22T15:29:04.000Z</time>
                <name>Position 850</name>
            </trkpt>
            <trkpt lat="46.3965019" lon="12.184348">
                <ele>1709.0</ele>
                <time>2017-08-22T15:29:08.000Z</time>
                <name>Position 851</name>
            </trkpt>
            <trkpt lat="46.3965097" lon="12.1846107">
                <ele>1706.2</ele>
                <time>2017-08-22T15:29:12.000Z</time>
                <name>Position 852</name>
            </trkpt>
            <trkpt lat="46.3966889" lon="12.1847057">
                <ele>1706.9</ele>
                <time>2017-08-22T15:29:17.000Z</time>
                <name>Position 853</name>
            </trkpt>
            <trkpt lat="46.3968177" lon="12.1849502">
                <ele>1706.2</ele>
                <time>2017-08-22T15:29:22.000Z</time>
                <name>Position 854</name>
            </trkpt>
            <trkpt lat="46.3969512" lon="12.1851946">
                <ele>1704.2</ele>
                <time>2017-08-22T15:29:27.000Z</time>
                <name>Position 855</name>
            </trkpt>
            <trkpt lat="46.3967566" lon="12.1850544">
                <ele>1700.4</ele>
                <time>2017-08-22T15:29:45.000Z</time>
                <name>Position 856</name>
            </trkpt>
            <trkpt lat="46.3965439" lon="12.1850051">
                <ele>1698.0</ele>
                <time>2017-08-22T15:29:50.000Z</time>
                <name>Position 857</name>
            </trkpt>
            <trkpt lat="46.3963737" lon="12.1848731">
                <ele>1695.4</ele>
                <time>2017-08-22T15:29:55.000Z</time>
                <name>Position 858</name>
            </trkpt>
            <trkpt lat="46.3963076" lon="12.1845874">
                <ele>1692.0</ele>
                <time>2017-08-22T15:29:59.000Z</time>
                <name>Position 859</name>
            </trkpt>
            <trkpt lat="46.3961734" lon="12.1843753">
                <ele>1691.0</ele>
                <time>2017-08-22T15:30:03.000Z</time>
                <name>Position 860</name>
            </trkpt>
            <trkpt lat="46.3959626" lon="12.1843851">
                <ele>1688.2</ele>
                <time>2017-08-22T15:30:07.000Z</time>
                <name>Position 861</name>
            </trkpt>
            <trkpt lat="46.3957943" lon="12.1842322">
                <ele>1686.2</ele>
                <time>2017-08-22T15:30:12.000Z</time>
                <name>Position 862</name>
            </trkpt>
            <trkpt lat="46.3956294" lon="12.1840421">
                <ele>1683.4</ele>
                <time>2017-08-22T15:30:17.000Z</time>
                <name>Position 863</name>
            </trkpt>
            <trkpt lat="46.3954585" lon="12.1839578">
                <ele>1680.3</ele>
                <time>2017-08-22T15:30:21.000Z</time>
                <name>Position 864</name>
            </trkpt>
            <trkpt lat="46.3952734" lon="12.1838179">
                <ele>1677.2</ele>
                <time>2017-08-22T15:30:26.000Z</time>
                <name>Position 865</name>
            </trkpt>
            <trkpt lat="46.3951485" lon="12.1835662">
                <ele>1674.0</ele>
                <time>2017-08-22T15:30:31.000Z</time>
                <name>Position 866</name>
            </trkpt>
            <trkpt lat="46.3949515" lon="12.1835009">
                <ele>1672.0</ele>
                <time>2017-08-22T15:30:37.000Z</time>
                <name>Position 867</name>
            </trkpt>
            <trkpt lat="46.3947787" lon="12.1835975">
                <ele>1671.9</ele>
                <time>2017-08-22T15:30:42.000Z</time>
                <name>Position 868</name>
            </trkpt>
            <trkpt lat="46.3945981" lon="12.1835571">
                <ele>1669.9</ele>
                <time>2017-08-22T15:30:47.000Z</time>
                <name>Position 869</name>
            </trkpt>
            <trkpt lat="46.3944429" lon="12.1833456">
                <ele>1669.2</ele>
                <time>2017-08-22T15:30:53.000Z</time>
                <name>Position 870</name>
            </trkpt>
            <trkpt lat="46.3942494" lon="12.1832556">
                <ele>1667.0</ele>
                <time>2017-08-22T15:30:57.000Z</time>
                <name>Position 871</name>
            </trkpt>
            <trkpt lat="46.3940416" lon="12.1831465">
                <ele>1667.4</ele>
                <time>2017-08-22T15:31:02.000Z</time>
                <name>Position 872</name>
            </trkpt>
            <trkpt lat="46.393863" lon="12.1830357">
                <ele>1664.0</ele>
                <time>2017-08-22T15:31:06.000Z</time>
                <name>Position 873</name>
            </trkpt>
            <trkpt lat="46.3936517" lon="12.1829499">
                <ele>1659.2</ele>
                <time>2017-08-22T15:31:11.000Z</time>
                <name>Position 874</name>
            </trkpt>
            <trkpt lat="46.3934556" lon="12.1829811">
                <ele>1654.8</ele>
                <time>2017-08-22T15:31:18.000Z</time>
                <name>Position 875</name>
            </trkpt>
            <trkpt lat="46.3932941" lon="12.1831687">
                <ele>1656.9</ele>
                <time>2017-08-22T15:31:25.000Z</time>
                <name>Position 876</name>
            </trkpt>
            <trkpt lat="46.3931178" lon="12.1833362">
                <ele>1655.3</ele>
                <time>2017-08-22T15:31:31.000Z</time>
                <name>Position 877</name>
            </trkpt>
            <trkpt lat="46.3929263" lon="12.183455">
                <ele>1648.2</ele>
                <time>2017-08-22T15:31:37.000Z</time>
                <name>Position 878</name>
            </trkpt>
            <trkpt lat="46.3928365" lon="12.1837098">
                <ele>1650.9</ele>
                <time>2017-08-22T15:31:42.000Z</time>
                <name>Position 879</name>
            </trkpt>
            <trkpt lat="46.3927166" lon="12.1839259">
                <ele>1653.2</ele>
                <time>2017-08-22T15:31:47.000Z</time>
                <name>Position 880</name>
            </trkpt>
            <trkpt lat="46.3925388" lon="12.1839853">
                <ele>1650.2</ele>
                <time>2017-08-22T15:31:50.000Z</time>
                <name>Position 881</name>
            </trkpt>
            <trkpt lat="46.3923352" lon="12.1840983">
                <ele>1647.0</ele>
                <time>2017-08-22T15:31:55.000Z</time>
                <name>Position 882</name>
            </trkpt>
            <trkpt lat="46.3921162" lon="12.184046">
                <ele>1645.0</ele>
                <time>2017-08-22T15:32:00.000Z</time>
                <name>Position 883</name>
            </trkpt>
            <trkpt lat="46.3919358" lon="12.1841108">
                <ele>1644.0</ele>
                <time>2017-08-22T15:32:05.000Z</time>
                <name>Position 884</name>
            </trkpt>
            <trkpt lat="46.3918866" lon="12.1843961">
                <ele>1645.8</ele>
                <time>2017-08-22T15:32:10.000Z</time>
                <name>Position 885</name>
            </trkpt>
            <trkpt lat="46.3918832" lon="12.184666">
                <ele>1645.4</ele>
                <time>2017-08-22T15:32:14.000Z</time>
                <name>Position 886</name>
            </trkpt>
            <trkpt lat="46.3918874" lon="12.1849484">
                <ele>1641.0</ele>
                <time>2017-08-22T15:32:18.000Z</time>
                <name>Position 887</name>
            </trkpt>
            <trkpt lat="46.3918864" lon="12.1852326">
                <ele>1635.6</ele>
                <time>2017-08-22T15:32:23.000Z</time>
                <name>Position 888</name>
            </trkpt>
            <trkpt lat="46.3918864" lon="12.1855242">
                <ele>1631.2</ele>
                <time>2017-08-22T15:32:29.000Z</time>
                <name>Position 889</name>
            </trkpt>
            <trkpt lat="46.3918376" lon="12.1857772">
                <ele>1633.5</ele>
                <time>2017-08-22T15:32:34.000Z</time>
                <name>Position 890</name>
            </trkpt>
            <trkpt lat="46.3917383" lon="12.1860384">
                <ele>1633.1</ele>
                <time>2017-08-22T15:32:39.000Z</time>
                <name>Position 891</name>
            </trkpt>
            <trkpt lat="46.3917381" lon="12.1863473">
                <ele>1632.2</ele>
                <time>2017-08-22T15:32:44.000Z</time>
                <name>Position 892</name>
            </trkpt>
            <trkpt lat="46.391668" lon="12.1865922">
                <ele>1627.0</ele>
                <time>2017-08-22T15:32:49.000Z</time>
                <name>Position 893</name>
            </trkpt>
            <trkpt lat="46.3915974" lon="12.1868329">
                <ele>1623.8</ele>
                <time>2017-08-22T15:33:02.000Z</time>
                <name>Position 894</name>
            </trkpt>
            <trkpt lat="46.3914014" lon="12.1867003">
                <ele>1612.2</ele>
                <time>2017-08-22T15:33:41.000Z</time>
                <name>Position 895</name>
            </trkpt>
            <trkpt lat="46.3912065" lon="12.1865821">
                <ele>1609.2</ele>
                <time>2017-08-22T15:33:45.000Z</time>
                <name>Position 896</name>
            </trkpt>
            <trkpt lat="46.3909729" lon="12.1864914">
                <ele>1608.0</ele>
                <time>2017-08-22T15:33:49.000Z</time>
                <name>Position 897</name>
            </trkpt>
            <trkpt lat="46.3907721" lon="12.1865">
                <ele>1606.2</ele>
                <time>2017-08-22T15:33:52.000Z</time>
                <name>Position 898</name>
            </trkpt>
            <trkpt lat="46.3905641" lon="12.1865598">
                <ele>1605.0</ele>
                <time>2017-08-22T15:33:55.000Z</time>
                <name>Position 899</name>
            </trkpt>
            <trkpt lat="46.3903434" lon="12.1866407">
                <ele>1603.2</ele>
                <time>2017-08-22T15:33:58.000Z</time>
                <name>Position 900</name>
            </trkpt>
            <trkpt lat="46.3901152" lon="12.186658">
                <ele>1602.8</ele>
                <time>2017-08-22T15:34:01.000Z</time>
                <name>Position 901</name>
            </trkpt>
            <trkpt lat="46.3898871" lon="12.1866584">
                <ele>1601.2</ele>
                <time>2017-08-22T15:34:04.000Z</time>
                <name>Position 902</name>
            </trkpt>
            <trkpt lat="46.3896383" lon="12.1867259">
                <ele>1598.2</ele>
                <time>2017-08-22T15:34:07.000Z</time>
                <name>Position 903</name>
            </trkpt>
            <trkpt lat="46.3894185" lon="12.1867583">
                <ele>1596.2</ele>
                <time>2017-08-22T15:34:10.000Z</time>
                <name>Position 904</name>
            </trkpt>
            <trkpt lat="46.3892253" lon="12.1867004">
                <ele>1594.0</ele>
                <time>2017-08-22T15:34:13.000Z</time>
                <name>Position 905</name>
            </trkpt>
            <trkpt lat="46.3890573" lon="12.1865977">
                <ele>1590.3</ele>
                <time>2017-08-22T15:34:16.000Z</time>
                <name>Position 906</name>
            </trkpt>
            <trkpt lat="46.3888802" lon="12.1864172">
                <ele>1586.3</ele>
                <time>2017-08-22T15:34:19.000Z</time>
                <name>Position 907</name>
            </trkpt>
            <trkpt lat="46.3887007" lon="12.1861854">
                <ele>1582.2</ele>
                <time>2017-08-22T15:34:22.000Z</time>
                <name>Position 908</name>
            </trkpt>
            <trkpt lat="46.3885406" lon="12.1859634">
                <ele>1588.7</ele>
                <time>2017-08-22T15:34:25.000Z</time>
                <name>Position 909</name>
            </trkpt>
            <trkpt lat="46.388436" lon="12.1857027">
                <ele>1581.1</ele>
                <time>2017-08-22T15:34:29.000Z</time>
                <name>Position 910</name>
            </trkpt>
            <trkpt lat="46.3883849" lon="12.185422">
                <ele>1579.2</ele>
                <time>2017-08-22T15:34:33.000Z</time>
                <name>Position 911</name>
            </trkpt>
            <trkpt lat="46.3883319" lon="12.1851131">
                <ele>1577.2</ele>
                <time>2017-08-22T15:34:37.000Z</time>
                <name>Position 912</name>
            </trkpt>
            <trkpt lat="46.3882974" lon="12.1848449">
                <ele>1576.0</ele>
                <time>2017-08-22T15:34:40.000Z</time>
                <name>Position 913</name>
            </trkpt>
            <trkpt lat="46.3882646" lon="12.1845597">
                <ele>1574.2</ele>
                <time>2017-08-22T15:34:43.000Z</time>
                <name>Position 914</name>
            </trkpt>
            <trkpt lat="46.3882008" lon="12.1842466">
                <ele>1573.0</ele>
                <time>2017-08-22T15:34:46.000Z</time>
                <name>Position 915</name>
            </trkpt>
            <trkpt lat="46.3881185" lon="12.1839325">
                <ele>1571.0</ele>
                <time>2017-08-22T15:34:49.000Z</time>
                <name>Position 916</name>
            </trkpt>
            <trkpt lat="46.3879632" lon="12.183637">
                <ele>1571.0</ele>
                <time>2017-08-22T15:34:52.000Z</time>
                <name>Position 917</name>
            </trkpt>
            <trkpt lat="46.3878128" lon="12.1833281">
                <ele>1568.2</ele>
                <time>2017-08-22T15:34:55.000Z</time>
                <name>Position 918</name>
            </trkpt>
            <trkpt lat="46.3877266" lon="12.1830931">
                <ele>1567.2</ele>
                <time>2017-08-22T15:34:57.000Z</time>
                <name>Position 919</name>
            </trkpt>
            <trkpt lat="46.3876158" lon="12.1828744">
                <ele>1566.2</ele>
                <time>2017-08-22T15:34:59.000Z</time>
                <name>Position 920</name>
            </trkpt>
            <trkpt lat="46.387464" lon="12.1826554">
                <ele>1564.2</ele>
                <time>2017-08-22T15:35:02.000Z</time>
                <name>Position 921</name>
            </trkpt>
            <trkpt lat="46.387409" lon="12.1824066">
                <ele>1564.0</ele>
                <time>2017-08-22T15:35:05.000Z</time>
                <name>Position 922</name>
            </trkpt>
            <trkpt lat="46.3873853" lon="12.1821254">
                <ele>1571.3</ele>
                <time>2017-08-22T15:35:12.000Z</time>
                <name>Position 923</name>
            </trkpt>
            <trkpt lat="46.3873824" lon="12.1818369">
                <ele>1569.0</ele>
                <time>2017-08-22T15:35:20.000Z</time>
                <name>Position 924</name>
            </trkpt>
        </trkseg>
    </trk>
</gpx>
