<?xml version="1.0" encoding="UTF-8" standalone="no" ?>
<gpx xmlns="http://www.topografix.com/GPX/1/1" creator="MapSource 6.13.4" version="1.1" xmlns:xsi="http://www.w3.org/2001/XMLSchema-instance" xsi:schemaLocation="http://www.garmin.com/xmlschemas/GpxExtensions/v3 http://www.garmin.com/xmlschemas/GpxExtensions/v3/GpxExtensionsv3.xsd http://www.topografix.com/GPX/1/1 http://www.topografix.com/GPX/1/1/gpx.xsd">

  <metadata>
    <link href="http://www.garmin.com">
      <text>Garmin International</text>
    </link>
    <time>2008-07-28T19:54:16Z</time>
    <bounds maxlat="46.7911187" maxlon="12.7910598" minlat="46.7631363" minlon="12.7840183"/>
  </metadata>

  <trk>
    <name>20080710_-_Kleine_Gamswiesenspitze</name>
    <extensions>
      <gpxx:TrackExtension xmlns:gpxx="http://www.garmin.com/xmlschemas/GpxExtensions/v3">
        <gpxx:DisplayColor>Transparent</gpxx:DisplayColor>
      </gpxx:TrackExtension>
    </extensions>
    <trkseg>
      <trkpt lat="46.7911004" lon="12.7841469">
        <ele>1609.8647461</ele>
        <time>2008-07-10T07:18:33Z</time>
      </trkpt>
      <trkpt lat="46.7911094" lon="12.7841721">
        <ele>1609.8647461</ele>
        <time>2008-07-10T07:18:42Z</time>
      </trkpt>
      <trkpt lat="46.7911187" lon="12.7842161">
        <ele>1610.3454590</ele>
        <time>2008-07-10T07:18:52Z</time>
      </trkpt>
      <trkpt lat="46.7911172" lon="12.7842763">
        <ele>1610.8261719</ele>
        <time>2008-07-10T07:18:57Z</time>
      </trkpt>
      <trkpt lat="46.7910446" lon="12.7844737">
        <ele>1612.7490234</ele>
        <time>2008-07-10T07:19:10Z</time>
      </trkpt>
      <trkpt lat="46.7909892" lon="12.7846031">
        <ele>1612.7490234</ele>
        <time>2008-07-10T07:19:19Z</time>
      </trkpt>
      <trkpt lat="46.7909354" lon="12.7847174">
        <ele>1613.2297363</ele>
        <time>2008-07-10T07:19:29Z</time>
      </trkpt>
      <trkpt lat="46.7908906" lon="12.7847639">
        <ele>1613.2297363</ele>
        <time>2008-07-10T07:19:34Z</time>
      </trkpt>
      <trkpt lat="46.7907984" lon="12.7848373">
        <ele>1613.2297363</ele>
        <time>2008-07-10T07:19:43Z</time>
      </trkpt>
      <trkpt lat="46.7907863" lon="12.7848424">
        <ele>1613.7102051</ele>
        <time>2008-07-10T07:19:44Z</time>
      </trkpt>
      <trkpt lat="46.7906612" lon="12.7849007">
        <ele>1614.6716309</ele>
        <time>2008-07-10T07:19:54Z</time>
      </trkpt>
      <trkpt lat="46.7905084" lon="12.7848529">
        <ele>1615.6330566</ele>
        <time>2008-07-10T07:20:06Z</time>
      </trkpt>
      <trkpt lat="46.7904853" lon="12.7848230">
        <ele>1615.6330566</ele>
        <time>2008-07-10T07:20:09Z</time>
      </trkpt>
      <trkpt lat="46.7904023" lon="12.7847110">
        <ele>1616.5942383</ele>
        <time>2008-07-10T07:20:19Z</time>
      </trkpt>
      <trkpt lat="46.7903496" lon="12.7845986">
        <ele>1617.5554199</ele>
        <time>2008-07-10T07:20:29Z</time>
      </trkpt>
      <trkpt lat="46.7903106" lon="12.7845152">
        <ele>1618.0361328</ele>
        <time>2008-07-10T07:20:35Z</time>
      </trkpt>
      <trkpt lat="46.7902420" lon="12.7843889">
        <ele>1618.5168457</ele>
        <time>2008-07-10T07:20:45Z</time>
      </trkpt>
      <trkpt lat="46.7902201" lon="12.7843202">
        <ele>1618.9975586</ele>
        <time>2008-07-10T07:20:50Z</time>
      </trkpt>
      <trkpt lat="46.7901443" lon="12.7842049">
        <ele>1620.4394531</ele>
        <time>2008-07-10T07:21:00Z</time>
      </trkpt>
      <trkpt lat="46.7900391" lon="12.7841367">
        <ele>1621.4006348</ele>
        <time>2008-07-10T07:21:08Z</time>
      </trkpt>
      <trkpt lat="46.7899199" lon="12.7840521">
        <ele>1621.4006348</ele>
        <time>2008-07-10T07:21:17Z</time>
      </trkpt>
      <trkpt lat="46.7898180" lon="12.7840475">
        <ele>1622.3620605</ele>
        <time>2008-07-10T07:21:27Z</time>
      </trkpt>
      <trkpt lat="46.7897885" lon="12.7840659">
        <ele>1622.8427734</ele>
        <time>2008-07-10T07:21:33Z</time>
      </trkpt>
      <trkpt lat="46.7897180" lon="12.7841367">
        <ele>1622.8427734</ele>
        <time>2008-07-10T07:21:41Z</time>
      </trkpt>
      <trkpt lat="46.7896010" lon="12.7842951">
        <ele>1623.3234863</ele>
        <time>2008-07-10T07:21:55Z</time>
      </trkpt>
      <trkpt lat="46.7895115" lon="12.7844589">
        <ele>1623.8039551</ele>
        <time>2008-07-10T07:22:07Z</time>
      </trkpt>
      <trkpt lat="46.7894423" lon="12.7845679">
        <ele>1623.8039551</ele>
        <time>2008-07-10T07:22:15Z</time>
      </trkpt>
      <trkpt lat="46.7893534" lon="12.7846836">
        <ele>1624.2846680</ele>
        <time>2008-07-10T07:22:24Z</time>
      </trkpt>
      <trkpt lat="46.7892409" lon="12.7847564">
        <ele>1623.8039551</ele>
        <time>2008-07-10T07:22:34Z</time>
      </trkpt>
      <trkpt lat="46.7890664" lon="12.7848064">
        <ele>1623.3234863</ele>
        <time>2008-07-10T07:22:47Z</time>
      </trkpt>
      <trkpt lat="46.7889323" lon="12.7848287">
        <ele>1622.8427734</ele>
        <time>2008-07-10T07:22:57Z</time>
      </trkpt>
      <trkpt lat="46.7887986" lon="12.7848638">
        <ele>1622.8427734</ele>
        <time>2008-07-10T07:23:08Z</time>
      </trkpt>
      <trkpt lat="46.7886612" lon="12.7848868">
        <ele>1623.3234863</ele>
        <time>2008-07-10T07:23:19Z</time>
      </trkpt>
      <trkpt lat="46.7885411" lon="12.7848802">
        <ele>1623.8039551</ele>
        <time>2008-07-10T07:23:29Z</time>
      </trkpt>
      <trkpt lat="46.7884013" lon="12.7848838">
        <ele>1623.3234863</ele>
        <time>2008-07-10T07:23:40Z</time>
      </trkpt>
      <trkpt lat="46.7882832" lon="12.7849959">
        <ele>1623.8039551</ele>
        <time>2008-07-10T07:23:51Z</time>
      </trkpt>
      <trkpt lat="46.7881683" lon="12.7850170">
        <ele>1624.2846680</ele>
        <time>2008-07-10T07:24:00Z</time>
      </trkpt>
      <trkpt lat="46.7880470" lon="12.7850162">
        <ele>1624.2846680</ele>
        <time>2008-07-10T07:24:10Z</time>
      </trkpt>
      <trkpt lat="46.7879841" lon="12.7850218">
        <ele>1624.2846680</ele>
        <time>2008-07-10T07:24:17Z</time>
      </trkpt>
      <trkpt lat="46.7879468" lon="12.7850633">
        <ele>1623.8039551</ele>
        <time>2008-07-10T07:24:26Z</time>
      </trkpt>
      <trkpt lat="46.7878735" lon="12.7851253">
        <ele>1624.2846680</ele>
        <time>2008-07-10T07:24:32Z</time>
      </trkpt>
      <trkpt lat="46.7877336" lon="12.7851877">
        <ele>1624.7653809</ele>
        <time>2008-07-10T07:24:42Z</time>
      </trkpt>
      <trkpt lat="46.7876078" lon="12.7851646">
        <ele>1624.7653809</ele>
        <time>2008-07-10T07:24:52Z</time>
      </trkpt>
      <trkpt lat="46.7874678" lon="12.7850636">
        <ele>1626.2072754</ele>
        <time>2008-07-10T07:25:04Z</time>
      </trkpt>
      <trkpt lat="46.7873419" lon="12.7849793">
        <ele>1625.2458496</ele>
        <time>2008-07-10T07:25:15Z</time>
      </trkpt>
      <trkpt lat="46.7873293" lon="12.7849819">
        <ele>1625.2458496</ele>
        <time>2008-07-10T07:25:16Z</time>
      </trkpt>
      <trkpt lat="46.7871922" lon="12.7848591">
        <ele>1625.7265625</ele>
        <time>2008-07-10T07:25:28Z</time>
      </trkpt>
      <trkpt lat="46.7870482" lon="12.7848359">
        <ele>1626.2072754</ele>
        <time>2008-07-10T07:25:39Z</time>
      </trkpt>
      <trkpt lat="46.7869136" lon="12.7849001">
        <ele>1626.6879883</ele>
        <time>2008-07-10T07:25:51Z</time>
      </trkpt>
      <trkpt lat="46.7868902" lon="12.7849353">
        <ele>1626.6879883</ele>
        <time>2008-07-10T07:26:00Z</time>
      </trkpt>
      <trkpt lat="46.7868504" lon="12.7849476">
        <ele>1626.6879883</ele>
        <time>2008-07-10T07:26:11Z</time>
      </trkpt>
      <trkpt lat="46.7867409" lon="12.7850455">
        <ele>1626.6879883</ele>
        <time>2008-07-10T07:26:21Z</time>
      </trkpt>
      <trkpt lat="46.7866250" lon="12.7851938">
        <ele>1626.2072754</ele>
        <time>2008-07-10T07:26:32Z</time>
      </trkpt>
      <trkpt lat="46.7865586" lon="12.7853197">
        <ele>1626.2072754</ele>
        <time>2008-07-10T07:26:40Z</time>
      </trkpt>
      <trkpt lat="46.7865010" lon="12.7854612">
        <ele>1626.6879883</ele>
        <time>2008-07-10T07:26:49Z</time>
      </trkpt>
      <trkpt lat="46.7864001" lon="12.7856627">
        <ele>1627.1687012</ele>
        <time>2008-07-10T07:27:02Z</time>
      </trkpt>
      <trkpt lat="46.7863190" lon="12.7858010">
        <ele>1627.1687012</ele>
        <time>2008-07-10T07:27:11Z</time>
      </trkpt>
      <trkpt lat="46.7862395" lon="12.7859662">
        <ele>1628.1301270</ele>
        <time>2008-07-10T07:27:21Z</time>
      </trkpt>
      <trkpt lat="46.7861887" lon="12.7860848">
        <ele>1628.6108398</ele>
        <time>2008-07-10T07:27:28Z</time>
      </trkpt>
      <trkpt lat="46.7861236" lon="12.7862604">
        <ele>1629.0913086</ele>
        <time>2008-07-10T07:27:38Z</time>
      </trkpt>
      <trkpt lat="46.7860197" lon="12.7864288">
        <ele>1628.1301270</ele>
        <time>2008-07-10T07:27:49Z</time>
      </trkpt>
      <trkpt lat="46.7859038" lon="12.7865974">
        <ele>1627.6491699</ele>
        <time>2008-07-10T07:28:01Z</time>
      </trkpt>
      <trkpt lat="46.7857434" lon="12.7867106">
        <ele>1627.1687012</ele>
        <time>2008-07-10T07:28:13Z</time>
      </trkpt>
      <trkpt lat="46.7856316" lon="12.7868733">
        <ele>1627.6491699</ele>
        <time>2008-07-10T07:28:24Z</time>
      </trkpt>
      <trkpt lat="46.7855302" lon="12.7870300">
        <ele>1627.1687012</ele>
        <time>2008-07-10T07:28:34Z</time>
      </trkpt>
      <trkpt lat="46.7854083" lon="12.7872221">
        <ele>1626.2072754</ele>
        <time>2008-07-10T07:28:46Z</time>
      </trkpt>
      <trkpt lat="46.7852932" lon="12.7873063">
        <ele>1626.6879883</ele>
        <time>2008-07-10T07:28:55Z</time>
      </trkpt>
      <trkpt lat="46.7851103" lon="12.7874124">
        <ele>1627.1687012</ele>
        <time>2008-07-10T07:29:09Z</time>
      </trkpt>
      <trkpt lat="46.7849685" lon="12.7874582">
        <ele>1627.1687012</ele>
        <time>2008-07-10T07:29:19Z</time>
      </trkpt>
      <trkpt lat="46.7848099" lon="12.7874715">
        <ele>1628.6108398</ele>
        <time>2008-07-10T07:29:30Z</time>
      </trkpt>
      <trkpt lat="46.7846771" lon="12.7875280">
        <ele>1628.6108398</ele>
        <time>2008-07-10T07:29:40Z</time>
      </trkpt>
      <trkpt lat="46.7845360" lon="12.7876350">
        <ele>1628.1301270</ele>
        <time>2008-07-10T07:29:51Z</time>
      </trkpt>
      <trkpt lat="46.7844291" lon="12.7876684">
        <ele>1627.6491699</ele>
        <time>2008-07-10T07:30:00Z</time>
      </trkpt>
      <trkpt lat="46.7843613" lon="12.7876408">
        <ele>1628.6108398</ele>
        <time>2008-07-10T07:30:10Z</time>
      </trkpt>
      <trkpt lat="46.7843001" lon="12.7876102">
        <ele>1628.6108398</ele>
        <time>2008-07-10T07:30:19Z</time>
      </trkpt>
      <trkpt lat="46.7841624" lon="12.7874876">
        <ele>1628.6108398</ele>
        <time>2008-07-10T07:30:30Z</time>
      </trkpt>
      <trkpt lat="46.7840308" lon="12.7873651">
        <ele>1629.0913086</ele>
        <time>2008-07-10T07:30:41Z</time>
      </trkpt>
      <trkpt lat="46.7839452" lon="12.7873042">
        <ele>1630.0527344</ele>
        <time>2008-07-10T07:30:48Z</time>
      </trkpt>
      <trkpt lat="46.7838299" lon="12.7873467">
        <ele>1630.0527344</ele>
        <time>2008-07-10T07:30:57Z</time>
      </trkpt>
      <trkpt lat="46.7837494" lon="12.7875016">
        <ele>1631.0141602</ele>
        <time>2008-07-10T07:31:08Z</time>
      </trkpt>
      <trkpt lat="46.7836895" lon="12.7876640">
        <ele>1631.9753418</ele>
        <time>2008-07-10T07:31:20Z</time>
      </trkpt>
      <trkpt lat="46.7835972" lon="12.7877947">
        <ele>1632.4560547</ele>
        <time>2008-07-10T07:31:31Z</time>
      </trkpt>
      <trkpt lat="46.7834896" lon="12.7878942">
        <ele>1633.4172363</ele>
        <time>2008-07-10T07:31:42Z</time>
      </trkpt>
      <trkpt lat="46.7833758" lon="12.7879415">
        <ele>1635.3398438</ele>
        <time>2008-07-10T07:31:53Z</time>
      </trkpt>
      <trkpt lat="46.7832832" lon="12.7880227">
        <ele>1637.7431641</ele>
        <time>2008-07-10T07:32:04Z</time>
      </trkpt>
      <trkpt lat="46.7831889" lon="12.7881009">
        <ele>1638.7045898</ele>
        <time>2008-07-10T07:32:15Z</time>
      </trkpt>
      <trkpt lat="46.7831212" lon="12.7881955">
        <ele>1641.1076660</ele>
        <time>2008-07-10T07:32:25Z</time>
      </trkpt>
      <trkpt lat="46.7830678" lon="12.7882589">
        <ele>1642.0690918</ele>
        <time>2008-07-10T07:32:33Z</time>
      </trkpt>
      <trkpt lat="46.7829785" lon="12.7883217">
        <ele>1643.5109863</ele>
        <time>2008-07-10T07:32:43Z</time>
      </trkpt>
      <trkpt lat="46.7828741" lon="12.7883752">
        <ele>1644.4724121</ele>
        <time>2008-07-10T07:32:55Z</time>
      </trkpt>
      <trkpt lat="46.7827756" lon="12.7884214">
        <ele>1645.9145508</ele>
        <time>2008-07-10T07:33:06Z</time>
      </trkpt>
      <trkpt lat="46.7826767" lon="12.7883864">
        <ele>1648.3176270</ele>
        <time>2008-07-10T07:33:18Z</time>
      </trkpt>
      <trkpt lat="46.7825638" lon="12.7883329">
        <ele>1651.2016602</ele>
        <time>2008-07-10T07:33:32Z</time>
      </trkpt>
      <trkpt lat="46.7824592" lon="12.7883154">
        <ele>1653.1242676</ele>
        <time>2008-07-10T07:33:44Z</time>
      </trkpt>
      <trkpt lat="46.7823695" lon="12.7883630">
        <ele>1654.0856934</ele>
        <time>2008-07-10T07:33:54Z</time>
      </trkpt>
      <trkpt lat="46.7822887" lon="12.7884198">
        <ele>1655.0468750</ele>
        <time>2008-07-10T07:34:04Z</time>
      </trkpt>
      <trkpt lat="46.7822108" lon="12.7884962">
        <ele>1656.0080566</ele>
        <time>2008-07-10T07:34:13Z</time>
      </trkpt>
      <trkpt lat="46.7821191" lon="12.7886153">
        <ele>1656.9694824</ele>
        <time>2008-07-10T07:34:24Z</time>
      </trkpt>
      <trkpt lat="46.7820530" lon="12.7887090">
        <ele>1657.9309082</ele>
        <time>2008-07-10T07:34:32Z</time>
      </trkpt>
      <trkpt lat="46.7819770" lon="12.7888115">
        <ele>1657.9309082</ele>
        <time>2008-07-10T07:34:41Z</time>
      </trkpt>
      <trkpt lat="46.7818966" lon="12.7889401">
        <ele>1659.3728027</ele>
        <time>2008-07-10T07:34:52Z</time>
      </trkpt>
      <trkpt lat="46.7817919" lon="12.7890238">
        <ele>1660.8149414</ele>
        <time>2008-07-10T07:35:03Z</time>
      </trkpt>
      <trkpt lat="46.7816773" lon="12.7890639">
        <ele>1662.2568359</ele>
        <time>2008-07-10T07:35:14Z</time>
      </trkpt>
      <trkpt lat="46.7815713" lon="12.7891151">
        <ele>1664.1794434</ele>
        <time>2008-07-10T07:35:24Z</time>
      </trkpt>
      <trkpt lat="46.7814766" lon="12.7891670">
        <ele>1665.6215820</ele>
        <time>2008-07-10T07:35:34Z</time>
      </trkpt>
      <trkpt lat="46.7813579" lon="12.7892160">
        <ele>1666.1020508</ele>
        <time>2008-07-10T07:35:45Z</time>
      </trkpt>
      <trkpt lat="46.7812396" lon="12.7892400">
        <ele>1667.0634766</ele>
        <time>2008-07-10T07:35:56Z</time>
      </trkpt>
      <trkpt lat="46.7811004" lon="12.7892533">
        <ele>1668.5053711</ele>
        <time>2008-07-10T07:36:09Z</time>
      </trkpt>
      <trkpt lat="46.7810004" lon="12.7892757">
        <ele>1669.9472656</ele>
        <time>2008-07-10T07:36:18Z</time>
      </trkpt>
      <trkpt lat="46.7808747" lon="12.7893000">
        <ele>1671.8698730</ele>
        <time>2008-07-10T07:36:30Z</time>
      </trkpt>
      <trkpt lat="46.7807834" lon="12.7893071">
        <ele>1673.3120117</ele>
        <time>2008-07-10T07:36:39Z</time>
      </trkpt>
      <trkpt lat="46.7806604" lon="12.7893234">
        <ele>1673.7924805</ele>
        <time>2008-07-10T07:36:50Z</time>
      </trkpt>
      <trkpt lat="46.7805473" lon="12.7893322">
        <ele>1674.7539063</ele>
        <time>2008-07-10T07:37:00Z</time>
      </trkpt>
      <trkpt lat="46.7804121" lon="12.7893341">
        <ele>1676.1960449</ele>
        <time>2008-07-10T07:37:13Z</time>
      </trkpt>
      <trkpt lat="46.7803041" lon="12.7893274">
        <ele>1677.6379395</ele>
        <time>2008-07-10T07:37:24Z</time>
      </trkpt>
      <trkpt lat="46.7801923" lon="12.7892964">
        <ele>1679.0798340</ele>
        <time>2008-07-10T07:37:35Z</time>
      </trkpt>
      <trkpt lat="46.7800701" lon="12.7893097">
        <ele>1681.4831543</ele>
        <time>2008-07-10T07:37:47Z</time>
      </trkpt>
      <trkpt lat="46.7799473" lon="12.7893586">
        <ele>1682.9250488</ele>
        <time>2008-07-10T07:38:00Z</time>
      </trkpt>
      <trkpt lat="46.7798302" lon="12.7894069">
        <ele>1683.8864746</ele>
        <time>2008-07-10T07:38:13Z</time>
      </trkpt>
      <trkpt lat="46.7797299" lon="12.7894420">
        <ele>1685.8090820</ele>
        <time>2008-07-10T07:38:24Z</time>
      </trkpt>
      <trkpt lat="46.7796925" lon="12.7894632">
        <ele>1685.8090820</ele>
        <time>2008-07-10T07:38:32Z</time>
      </trkpt>
      <trkpt lat="46.7796220" lon="12.7894684">
        <ele>1686.2897949</ele>
        <time>2008-07-10T07:38:39Z</time>
      </trkpt>
      <trkpt lat="46.7795219" lon="12.7894639">
        <ele>1688.2124023</ele>
        <time>2008-07-10T07:38:49Z</time>
      </trkpt>
      <trkpt lat="46.7794433" lon="12.7894108">
        <ele>1689.1735840</ele>
        <time>2008-07-10T07:38:59Z</time>
      </trkpt>
      <trkpt lat="46.7794061" lon="12.7893876">
        <ele>1690.6154785</ele>
        <time>2008-07-10T07:39:04Z</time>
      </trkpt>
      <trkpt lat="46.7793299" lon="12.7893556">
        <ele>1693.0190430</ele>
        <time>2008-07-10T07:39:14Z</time>
      </trkpt>
      <trkpt lat="46.7792574" lon="12.7893332">
        <ele>1693.9804688</ele>
        <time>2008-07-10T07:39:24Z</time>
      </trkpt>
      <trkpt lat="46.7791894" lon="12.7893375">
        <ele>1694.4609375</ele>
        <time>2008-07-10T07:39:33Z</time>
      </trkpt>
      <trkpt lat="46.7790895" lon="12.7893688">
        <ele>1696.3837891</ele>
        <time>2008-07-10T07:39:45Z</time>
      </trkpt>
      <trkpt lat="46.7790041" lon="12.7894130">
        <ele>1697.8256836</ele>
        <time>2008-07-10T07:39:55Z</time>
      </trkpt>
      <trkpt lat="46.7788910" lon="12.7894850">
        <ele>1698.7868652</ele>
        <time>2008-07-10T07:40:07Z</time>
      </trkpt>
      <trkpt lat="46.7787866" lon="12.7895379">
        <ele>1700.7094727</ele>
        <time>2008-07-10T07:40:19Z</time>
      </trkpt>
      <trkpt lat="46.7787124" lon="12.7896091">
        <ele>1700.2290039</ele>
        <time>2008-07-10T07:40:29Z</time>
      </trkpt>
      <trkpt lat="46.7786715" lon="12.7896570">
        <ele>1701.6708984</ele>
        <time>2008-07-10T07:40:38Z</time>
      </trkpt>
      <trkpt lat="46.7786611" lon="12.7896509">
        <ele>1702.1513672</ele>
        <time>2008-07-10T07:40:46Z</time>
      </trkpt>
      <trkpt lat="46.7786229" lon="12.7896899">
        <ele>1703.1127930</ele>
        <time>2008-07-10T07:40:56Z</time>
      </trkpt>
      <trkpt lat="46.7785829" lon="12.7896891">
        <ele>1703.5935059</ele>
        <time>2008-07-10T07:41:05Z</time>
      </trkpt>
      <trkpt lat="46.7785570" lon="12.7897024">
        <ele>1705.0354004</ele>
        <time>2008-07-10T07:41:10Z</time>
      </trkpt>
      <trkpt lat="46.7784875" lon="12.7897202">
        <ele>1705.9965820</ele>
        <time>2008-07-10T07:41:21Z</time>
      </trkpt>
      <trkpt lat="46.7784146" lon="12.7897176">
        <ele>1707.9194336</ele>
        <time>2008-07-10T07:41:32Z</time>
      </trkpt>
      <trkpt lat="46.7783627" lon="12.7897208">
        <ele>1709.8420410</ele>
        <time>2008-07-10T07:41:42Z</time>
      </trkpt>
      <trkpt lat="46.7783218" lon="12.7897319">
        <ele>1710.3227539</ele>
        <time>2008-07-10T07:41:50Z</time>
      </trkpt>
      <trkpt lat="46.7782747" lon="12.7897399">
        <ele>1711.7648926</ele>
        <time>2008-07-10T07:41:59Z</time>
      </trkpt>
      <trkpt lat="46.7782492" lon="12.7897697">
        <ele>1712.7260742</ele>
        <time>2008-07-10T07:42:07Z</time>
      </trkpt>
      <trkpt lat="46.7783031" lon="12.7897881">
        <ele>1713.2067871</ele>
        <time>2008-07-10T07:42:15Z</time>
      </trkpt>
      <trkpt lat="46.7783594" lon="12.7898071">
        <ele>1715.1293945</ele>
        <time>2008-07-10T07:42:25Z</time>
      </trkpt>
      <trkpt lat="46.7783967" lon="12.7898588">
        <ele>1716.5712891</ele>
        <time>2008-07-10T07:42:34Z</time>
      </trkpt>
      <trkpt lat="46.7784053" lon="12.7899108">
        <ele>1718.4938965</ele>
        <time>2008-07-10T07:42:42Z</time>
      </trkpt>
      <trkpt lat="46.7783791" lon="12.7899595">
        <ele>1719.9357910</ele>
        <time>2008-07-10T07:42:49Z</time>
      </trkpt>
      <trkpt lat="46.7783587" lon="12.7899967">
        <ele>1720.4165039</ele>
        <time>2008-07-10T07:42:56Z</time>
      </trkpt>
      <trkpt lat="46.7783418" lon="12.7900397">
        <ele>1721.3776855</ele>
        <time>2008-07-10T07:43:02Z</time>
      </trkpt>
      <trkpt lat="46.7783058" lon="12.7901118">
        <ele>1722.3391113</ele>
        <time>2008-07-10T07:43:09Z</time>
      </trkpt>
      <trkpt lat="46.7782587" lon="12.7901759">
        <ele>1722.8198242</ele>
        <time>2008-07-10T07:43:15Z</time>
      </trkpt>
      <trkpt lat="46.7782172" lon="12.7902118">
        <ele>1723.3005371</ele>
        <time>2008-07-10T07:43:23Z</time>
      </trkpt>
      <trkpt lat="46.7781730" lon="12.7902539">
        <ele>1723.7810059</ele>
        <time>2008-07-10T07:43:30Z</time>
      </trkpt>
      <trkpt lat="46.7781234" lon="12.7902756">
        <ele>1725.7038574</ele>
        <time>2008-07-10T07:43:39Z</time>
      </trkpt>
      <trkpt lat="46.7780904" lon="12.7902522">
        <ele>1727.1459961</ele>
        <time>2008-07-10T07:43:46Z</time>
      </trkpt>
      <trkpt lat="46.7780543" lon="12.7902282">
        <ele>1727.6264648</ele>
        <time>2008-07-10T07:43:53Z</time>
      </trkpt>
      <trkpt lat="46.7780005" lon="12.7902113">
        <ele>1728.5878906</ele>
        <time>2008-07-10T07:44:01Z</time>
      </trkpt>
      <trkpt lat="46.7779533" lon="12.7901895">
        <ele>1729.5490723</ele>
        <time>2008-07-10T07:44:09Z</time>
      </trkpt>
      <trkpt lat="46.7778804" lon="12.7901808">
        <ele>1730.5104980</ele>
        <time>2008-07-10T07:44:18Z</time>
      </trkpt>
      <trkpt lat="46.7778110" lon="12.7901843">
        <ele>1731.9523926</ele>
        <time>2008-07-10T07:44:27Z</time>
      </trkpt>
      <trkpt lat="46.7777572" lon="12.7902164">
        <ele>1732.4331055</ele>
        <time>2008-07-10T07:44:33Z</time>
      </trkpt>
      <trkpt lat="46.7776799" lon="12.7902014">
        <ele>1733.8750000</ele>
        <time>2008-07-10T07:44:45Z</time>
      </trkpt>
      <trkpt lat="46.7776427" lon="12.7901558">
        <ele>1735.3168945</ele>
        <time>2008-07-10T07:44:54Z</time>
      </trkpt>
      <trkpt lat="46.7776097" lon="12.7902018">
        <ele>1735.7976074</ele>
        <time>2008-07-10T07:45:04Z</time>
      </trkpt>
      <trkpt lat="46.7775628" lon="12.7902413">
        <ele>1736.2783203</ele>
        <time>2008-07-10T07:45:12Z</time>
      </trkpt>
      <trkpt lat="46.7775263" lon="12.7902528">
        <ele>1738.2009277</ele>
        <time>2008-07-10T07:45:22Z</time>
      </trkpt>
      <trkpt lat="46.7774962" lon="12.7902719">
        <ele>1739.6428223</ele>
        <time>2008-07-10T07:45:30Z</time>
      </trkpt>
      <trkpt lat="46.7774631" lon="12.7902978">
        <ele>1741.0849609</ele>
        <time>2008-07-10T07:45:39Z</time>
      </trkpt>
      <trkpt lat="46.7774229" lon="12.7902941">
        <ele>1742.5270996</ele>
        <time>2008-07-10T07:45:49Z</time>
      </trkpt>
      <trkpt lat="46.7773939" lon="12.7902758">
        <ele>1744.4494629</ele>
        <time>2008-07-10T07:45:58Z</time>
      </trkpt>
      <trkpt lat="46.7773641" lon="12.7902822">
        <ele>1745.8916016</ele>
        <time>2008-07-10T07:46:07Z</time>
      </trkpt>
      <trkpt lat="46.7773298" lon="12.7903084">
        <ele>1746.3723145</ele>
        <time>2008-07-10T07:46:15Z</time>
      </trkpt>
      <trkpt lat="46.7772792" lon="12.7903142">
        <ele>1748.7753906</ele>
        <time>2008-07-10T07:46:23Z</time>
      </trkpt>
      <trkpt lat="46.7772190" lon="12.7902973">
        <ele>1749.2561035</ele>
        <time>2008-07-10T07:46:32Z</time>
      </trkpt>
      <trkpt lat="46.7771185" lon="12.7902968">
        <ele>1750.6979980</ele>
        <time>2008-07-10T07:46:43Z</time>
      </trkpt>
      <trkpt lat="46.7770784" lon="12.7903294">
        <ele>1751.6594238</ele>
        <time>2008-07-10T07:46:52Z</time>
      </trkpt>
      <trkpt lat="46.7770381" lon="12.7903198">
        <ele>1752.6206055</ele>
        <time>2008-07-10T07:47:00Z</time>
      </trkpt>
      <trkpt lat="46.7769982" lon="12.7903128">
        <ele>1755.0239258</ele>
        <time>2008-07-10T07:47:08Z</time>
      </trkpt>
      <trkpt lat="46.7769912" lon="12.7903448">
        <ele>1756.4660645</ele>
        <time>2008-07-10T07:47:15Z</time>
      </trkpt>
      <trkpt lat="46.7769525" lon="12.7903349">
        <ele>1756.9467773</ele>
        <time>2008-07-10T07:47:24Z</time>
      </trkpt>
      <trkpt lat="46.7769123" lon="12.7903400">
        <ele>1757.9082031</ele>
        <time>2008-07-10T07:47:31Z</time>
      </trkpt>
      <trkpt lat="46.7768595" lon="12.7903650">
        <ele>1759.3500977</ele>
        <time>2008-07-10T07:47:40Z</time>
      </trkpt>
      <trkpt lat="46.7768157" lon="12.7903926">
        <ele>1760.3112793</ele>
        <time>2008-07-10T07:47:48Z</time>
      </trkpt>
      <trkpt lat="46.7767807" lon="12.7903888">
        <ele>1760.3112793</ele>
        <time>2008-07-10T07:47:54Z</time>
      </trkpt>
      <trkpt lat="46.7767356" lon="12.7903862">
        <ele>1761.2727051</ele>
        <time>2008-07-10T07:48:01Z</time>
      </trkpt>
      <trkpt lat="46.7766546" lon="12.7903748">
        <ele>1762.7145996</ele>
        <time>2008-07-10T07:48:15Z</time>
      </trkpt>
      <trkpt lat="46.7766168" lon="12.7904515">
        <ele>1764.6372070</ele>
        <time>2008-07-10T07:48:25Z</time>
      </trkpt>
      <trkpt lat="46.7765661" lon="12.7904755">
        <ele>1765.5986328</ele>
        <time>2008-07-10T07:48:34Z</time>
      </trkpt>
      <trkpt lat="46.7765050" lon="12.7905208">
        <ele>1768.0017090</ele>
        <time>2008-07-10T07:48:45Z</time>
      </trkpt>
      <trkpt lat="46.7764310" lon="12.7905315">
        <ele>1768.4824219</ele>
        <time>2008-07-10T07:48:55Z</time>
      </trkpt>
      <trkpt lat="46.7763827" lon="12.7905459">
        <ele>1769.4438477</ele>
        <time>2008-07-10T07:49:04Z</time>
      </trkpt>
      <trkpt lat="46.7763394" lon="12.7906049">
        <ele>1770.4050293</ele>
        <time>2008-07-10T07:49:13Z</time>
      </trkpt>
      <trkpt lat="46.7763045" lon="12.7906640">
        <ele>1772.8085938</ele>
        <time>2008-07-10T07:49:21Z</time>
      </trkpt>
      <trkpt lat="46.7762767" lon="12.7906608">
        <ele>1773.2893066</ele>
        <time>2008-07-10T07:49:27Z</time>
      </trkpt>
      <trkpt lat="46.7762436" lon="12.7906127">
        <ele>1774.2504883</ele>
        <time>2008-07-10T07:49:37Z</time>
      </trkpt>
      <trkpt lat="46.7761784" lon="12.7905892">
        <ele>1775.6923828</ele>
        <time>2008-07-10T07:49:46Z</time>
      </trkpt>
      <trkpt lat="46.7761327" lon="12.7905968">
        <ele>1777.6149902</ele>
        <time>2008-07-10T07:49:54Z</time>
      </trkpt>
      <trkpt lat="46.7760820" lon="12.7905868">
        <ele>1779.5375977</ele>
        <time>2008-07-10T07:50:04Z</time>
      </trkpt>
      <trkpt lat="46.7760243" lon="12.7905930">
        <ele>1779.5375977</ele>
        <time>2008-07-10T07:50:13Z</time>
      </trkpt>
      <trkpt lat="46.7759513" lon="12.7906470">
        <ele>1780.4990234</ele>
        <time>2008-07-10T07:50:24Z</time>
      </trkpt>
      <trkpt lat="46.7758851" lon="12.7906822">
        <ele>1782.4216309</ele>
        <time>2008-07-10T07:50:35Z</time>
      </trkpt>
      <trkpt lat="46.7758395" lon="12.7906999">
        <ele>1783.8635254</ele>
        <time>2008-07-10T07:50:44Z</time>
      </trkpt>
      <trkpt lat="46.7757903" lon="12.7907038">
        <ele>1785.3054199</ele>
        <time>2008-07-10T07:50:52Z</time>
      </trkpt>
      <trkpt lat="46.7757578" lon="12.7906574">
        <ele>1786.2668457</ele>
        <time>2008-07-10T07:51:00Z</time>
      </trkpt>
      <trkpt lat="46.7757162" lon="12.7906486">
        <ele>1787.7087402</ele>
        <time>2008-07-10T07:51:08Z</time>
      </trkpt>
      <trkpt lat="46.7756727" lon="12.7906747">
        <ele>1788.6704102</ele>
        <time>2008-07-10T07:51:16Z</time>
      </trkpt>
      <trkpt lat="46.7756316" lon="12.7907195">
        <ele>1790.1123047</ele>
        <time>2008-07-10T07:51:24Z</time>
      </trkpt>
      <trkpt lat="46.7755784" lon="12.7907479">
        <ele>1791.5541992</ele>
        <time>2008-07-10T07:51:32Z</time>
      </trkpt>
      <trkpt lat="46.7755369" lon="12.7907417">
        <ele>1792.5156250</ele>
        <time>2008-07-10T07:51:41Z</time>
      </trkpt>
      <trkpt lat="46.7754887" lon="12.7907516">
        <ele>1794.4379883</ele>
        <time>2008-07-10T07:51:49Z</time>
      </trkpt>
      <trkpt lat="46.7754659" lon="12.7907744">
        <ele>1795.3994141</ele>
        <time>2008-07-10T07:51:56Z</time>
      </trkpt>
      <trkpt lat="46.7754384" lon="12.7908130">
        <ele>1795.8801270</ele>
        <time>2008-07-10T07:52:03Z</time>
      </trkpt>
      <trkpt lat="46.7754254" lon="12.7908863">
        <ele>1797.3220215</ele>
        <time>2008-07-10T07:52:13Z</time>
      </trkpt>
      <trkpt lat="46.7753863" lon="12.7908520">
        <ele>1797.8027344</ele>
        <time>2008-07-10T07:52:22Z</time>
      </trkpt>
      <trkpt lat="46.7753495" lon="12.7908266">
        <ele>1799.2446289</ele>
        <time>2008-07-10T07:52:30Z</time>
      </trkpt>
      <trkpt lat="46.7752903" lon="12.7908117">
        <ele>1800.2060547</ele>
        <time>2008-07-10T07:52:40Z</time>
      </trkpt>
      <trkpt lat="46.7752531" lon="12.7908546">
        <ele>1801.1672363</ele>
        <time>2008-07-10T07:52:50Z</time>
      </trkpt>
      <trkpt lat="46.7752033" lon="12.7908869">
        <ele>1802.1284180</ele>
        <time>2008-07-10T07:52:59Z</time>
      </trkpt>
      <trkpt lat="46.7751449" lon="12.7908953">
        <ele>1803.5705566</ele>
        <time>2008-07-10T07:53:09Z</time>
      </trkpt>
      <trkpt lat="46.7751294" lon="12.7909003">
        <ele>1805.0126953</ele>
        <time>2008-07-10T07:53:12Z</time>
      </trkpt>
      <trkpt lat="46.7750921" lon="12.7908915">
        <ele>1806.4545898</ele>
        <time>2008-07-10T07:53:21Z</time>
      </trkpt>
      <trkpt lat="46.7750514" lon="12.7908996">
        <ele>1807.8967285</ele>
        <time>2008-07-10T07:53:31Z</time>
      </trkpt>
      <trkpt lat="46.7750419" lon="12.7908977">
        <ele>1808.8579102</ele>
        <time>2008-07-10T07:53:33Z</time>
      </trkpt>
      <trkpt lat="46.7750168" lon="12.7908505">
        <ele>1810.7805176</ele>
        <time>2008-07-10T07:53:41Z</time>
      </trkpt>
      <trkpt lat="46.7749794" lon="12.7908386">
        <ele>1811.7419434</ele>
        <time>2008-07-10T07:53:49Z</time>
      </trkpt>
      <trkpt lat="46.7749168" lon="12.7908348">
        <ele>1812.7031250</ele>
        <time>2008-07-10T07:53:59Z</time>
      </trkpt>
      <trkpt lat="46.7748720" lon="12.7908299">
        <ele>1813.6643066</ele>
        <time>2008-07-10T07:54:09Z</time>
      </trkpt>
      <trkpt lat="46.7748328" lon="12.7908302">
        <ele>1814.6257324</ele>
        <time>2008-07-10T07:54:18Z</time>
      </trkpt>
      <trkpt lat="46.7747953" lon="12.7908645">
        <ele>1816.0676270</ele>
        <time>2008-07-10T07:54:26Z</time>
      </trkpt>
      <trkpt lat="46.7747618" lon="12.7909250">
        <ele>1817.0290527</ele>
        <time>2008-07-10T07:54:35Z</time>
      </trkpt>
      <trkpt lat="46.7747261" lon="12.7909323">
        <ele>1817.5095215</ele>
        <time>2008-07-10T07:54:43Z</time>
      </trkpt>
      <trkpt lat="46.7746942" lon="12.7909464">
        <ele>1818.4709473</ele>
        <time>2008-07-10T07:54:51Z</time>
      </trkpt>
      <trkpt lat="46.7746517" lon="12.7909427">
        <ele>1819.9128418</ele>
        <time>2008-07-10T07:54:59Z</time>
      </trkpt>
      <trkpt lat="46.7745935" lon="12.7909374">
        <ele>1820.3937988</ele>
        <time>2008-07-10T07:55:07Z</time>
      </trkpt>
      <trkpt lat="46.7745470" lon="12.7908939">
        <ele>1820.8745117</ele>
        <time>2008-07-10T07:55:16Z</time>
      </trkpt>
      <trkpt lat="46.7745237" lon="12.7908857">
        <ele>1821.8356934</ele>
        <time>2008-07-10T07:55:27Z</time>
      </trkpt>
      <trkpt lat="46.7744669" lon="12.7908650">
        <ele>1822.7971191</ele>
        <time>2008-07-10T07:55:37Z</time>
      </trkpt>
      <trkpt lat="46.7744135" lon="12.7908355">
        <ele>1824.2390137</ele>
        <time>2008-07-10T07:55:46Z</time>
      </trkpt>
      <trkpt lat="46.7743730" lon="12.7908213">
        <ele>1825.6809082</ele>
        <time>2008-07-10T07:55:53Z</time>
      </trkpt>
      <trkpt lat="46.7743169" lon="12.7908353">
        <ele>1828.0842285</ele>
        <time>2008-07-10T07:56:03Z</time>
      </trkpt>
      <trkpt lat="46.7742742" lon="12.7908244">
        <ele>1828.0842285</ele>
        <time>2008-07-10T07:56:12Z</time>
      </trkpt>
      <trkpt lat="46.7742392" lon="12.7908189">
        <ele>1829.0454102</ele>
        <time>2008-07-10T07:56:20Z</time>
      </trkpt>
      <trkpt lat="46.7741943" lon="12.7907816">
        <ele>1830.4875488</ele>
        <time>2008-07-10T07:56:29Z</time>
      </trkpt>
      <trkpt lat="46.7741692" lon="12.7907837">
        <ele>1831.9294434</ele>
        <time>2008-07-10T07:56:34Z</time>
      </trkpt>
      <trkpt lat="46.7741310" lon="12.7908210">
        <ele>1832.4101563</ele>
        <time>2008-07-10T07:56:42Z</time>
      </trkpt>
      <trkpt lat="46.7741062" lon="12.7907877">
        <ele>1832.8906250</ele>
        <time>2008-07-10T07:56:49Z</time>
      </trkpt>
      <trkpt lat="46.7740772" lon="12.7907556">
        <ele>1833.8520508</ele>
        <time>2008-07-10T07:56:57Z</time>
      </trkpt>
      <trkpt lat="46.7740299" lon="12.7907625">
        <ele>1834.8134766</ele>
        <time>2008-07-10T07:57:06Z</time>
      </trkpt>
      <trkpt lat="46.7739897" lon="12.7907117">
        <ele>1836.2556152</ele>
        <time>2008-07-10T07:57:15Z</time>
      </trkpt>
      <trkpt lat="46.7739450" lon="12.7906775">
        <ele>1837.2167969</ele>
        <time>2008-07-10T07:57:24Z</time>
      </trkpt>
      <trkpt lat="46.7739042" lon="12.7906899">
        <ele>1838.6589355</ele>
        <time>2008-07-10T07:57:33Z</time>
      </trkpt>
      <trkpt lat="46.7738524" lon="12.7907078">
        <ele>1840.1008301</ele>
        <time>2008-07-10T07:57:42Z</time>
      </trkpt>
      <trkpt lat="46.7738028" lon="12.7906731">
        <ele>1842.0234375</ele>
        <time>2008-07-10T07:57:53Z</time>
      </trkpt>
      <trkpt lat="46.7737530" lon="12.7906573">
        <ele>1842.9846191</ele>
        <time>2008-07-10T07:58:03Z</time>
      </trkpt>
      <trkpt lat="46.7737189" lon="12.7906191">
        <ele>1843.9460449</ele>
        <time>2008-07-10T07:58:11Z</time>
      </trkpt>
      <trkpt lat="46.7737017" lon="12.7906158">
        <ele>1845.3879395</ele>
        <time>2008-07-10T07:58:14Z</time>
      </trkpt>
      <trkpt lat="46.7736576" lon="12.7906640">
        <ele>1845.8686523</ele>
        <time>2008-07-10T07:58:23Z</time>
      </trkpt>
      <trkpt lat="46.7735961" lon="12.7906322">
        <ele>1846.3493652</ele>
        <time>2008-07-10T07:58:33Z</time>
      </trkpt>
      <trkpt lat="46.7735504" lon="12.7906313">
        <ele>1847.3105469</ele>
        <time>2008-07-10T07:58:41Z</time>
      </trkpt>
      <trkpt lat="46.7735021" lon="12.7906552">
        <ele>1848.7524414</ele>
        <time>2008-07-10T07:58:50Z</time>
      </trkpt>
      <trkpt lat="46.7734607" lon="12.7906992">
        <ele>1849.7138672</ele>
        <time>2008-07-10T07:58:59Z</time>
      </trkpt>
      <trkpt lat="46.7734119" lon="12.7907308">
        <ele>1851.6364746</ele>
        <time>2008-07-10T07:59:08Z</time>
      </trkpt>
      <trkpt lat="46.7733557" lon="12.7907158">
        <ele>1852.5979004</ele>
        <time>2008-07-10T07:59:18Z</time>
      </trkpt>
      <trkpt lat="46.7733302" lon="12.7907618">
        <ele>1853.5593262</ele>
        <time>2008-07-10T07:59:26Z</time>
      </trkpt>
      <trkpt lat="46.7732876" lon="12.7907876">
        <ele>1854.5205078</ele>
        <time>2008-07-10T07:59:34Z</time>
      </trkpt>
      <trkpt lat="46.7732272" lon="12.7908009">
        <ele>1855.4819336</ele>
        <time>2008-07-10T07:59:44Z</time>
      </trkpt>
      <trkpt lat="46.7731872" lon="12.7907754">
        <ele>1856.9238281</ele>
        <time>2008-07-10T07:59:52Z</time>
      </trkpt>
      <trkpt lat="46.7731483" lon="12.7907717">
        <ele>1857.8852539</ele>
        <time>2008-07-10T08:00:00Z</time>
      </trkpt>
      <trkpt lat="46.7730975" lon="12.7907824">
        <ele>1859.3271484</ele>
        <time>2008-07-10T08:00:10Z</time>
      </trkpt>
      <trkpt lat="46.7730545" lon="12.7908370">
        <ele>1860.2883301</ele>
        <time>2008-07-10T08:00:21Z</time>
      </trkpt>
      <trkpt lat="46.7730008" lon="12.7908736">
        <ele>1862.6916504</ele>
        <time>2008-07-10T08:00:32Z</time>
      </trkpt>
      <trkpt lat="46.7729564" lon="12.7908919">
        <ele>1863.6528320</ele>
        <time>2008-07-10T08:00:40Z</time>
      </trkpt>
      <trkpt lat="46.7729116" lon="12.7909195">
        <ele>1865.0949707</ele>
        <time>2008-07-10T08:00:50Z</time>
      </trkpt>
      <trkpt lat="46.7728714" lon="12.7909075">
        <ele>1867.0175781</ele>
        <time>2008-07-10T08:00:59Z</time>
      </trkpt>
      <trkpt lat="46.7728346" lon="12.7909235">
        <ele>1867.4980469</ele>
        <time>2008-07-10T08:01:07Z</time>
      </trkpt>
      <trkpt lat="46.7727962" lon="12.7909272">
        <ele>1867.4980469</ele>
        <time>2008-07-10T08:01:15Z</time>
      </trkpt>
      <trkpt lat="46.7727604" lon="12.7909751">
        <ele>1868.9404297</ele>
        <time>2008-07-10T08:01:24Z</time>
      </trkpt>
      <trkpt lat="46.7727128" lon="12.7909575">
        <ele>1870.3823242</ele>
        <time>2008-07-10T08:01:33Z</time>
      </trkpt>
      <trkpt lat="46.7726713" lon="12.7910164">
        <ele>1871.8242188</ele>
        <time>2008-07-10T08:01:44Z</time>
      </trkpt>
      <trkpt lat="46.7726316" lon="12.7910229">
        <ele>1872.7856445</ele>
        <time>2008-07-10T08:01:52Z</time>
      </trkpt>
      <trkpt lat="46.7725880" lon="12.7910041">
        <ele>1874.7082520</ele>
        <time>2008-07-10T08:02:01Z</time>
      </trkpt>
      <trkpt lat="46.7725430" lon="12.7909883">
        <ele>1876.6308594</ele>
        <time>2008-07-10T08:02:10Z</time>
      </trkpt>
      <trkpt lat="46.7724952" lon="12.7909904">
        <ele>1878.0727539</ele>
        <time>2008-07-10T08:02:19Z</time>
      </trkpt>
      <trkpt lat="46.7724467" lon="12.7909966">
        <ele>1879.9953613</ele>
        <time>2008-07-10T08:02:28Z</time>
      </trkpt>
      <trkpt lat="46.7724071" lon="12.7909897">
        <ele>1880.4760742</ele>
        <time>2008-07-10T08:02:36Z</time>
      </trkpt>
      <trkpt lat="46.7723620" lon="12.7909971">
        <ele>1880.4760742</ele>
        <time>2008-07-10T08:02:45Z</time>
      </trkpt>
      <trkpt lat="46.7723160" lon="12.7909887">
        <ele>1881.4372559</ele>
        <time>2008-07-10T08:02:54Z</time>
      </trkpt>
      <trkpt lat="46.7722419" lon="12.7909598">
        <ele>1883.3598633</ele>
        <time>2008-07-10T08:03:06Z</time>
      </trkpt>
      <trkpt lat="46.7721902" lon="12.7909563">
        <ele>1884.8022461</ele>
        <time>2008-07-10T08:03:15Z</time>
      </trkpt>
      <trkpt lat="46.7721307" lon="12.7909748">
        <ele>1885.7634277</ele>
        <time>2008-07-10T08:03:26Z</time>
      </trkpt>
      <trkpt lat="46.7720913" lon="12.7909954">
        <ele>1887.6860352</ele>
        <time>2008-07-10T08:03:34Z</time>
      </trkpt>
      <trkpt lat="46.7720544" lon="12.7909705">
        <ele>1888.1667480</ele>
        <time>2008-07-10T08:03:42Z</time>
      </trkpt>
      <trkpt lat="46.7720188" lon="12.7909218">
        <ele>1889.6086426</ele>
        <time>2008-07-10T08:03:51Z</time>
      </trkpt>
      <trkpt lat="46.7719735" lon="12.7908925">
        <ele>1890.5698242</ele>
        <time>2008-07-10T08:03:59Z</time>
      </trkpt>
      <trkpt lat="46.7719340" lon="12.7908743">
        <ele>1892.0119629</ele>
        <time>2008-07-10T08:04:07Z</time>
      </trkpt>
      <trkpt lat="46.7719104" lon="12.7908479">
        <ele>1893.4538574</ele>
        <time>2008-07-10T08:04:14Z</time>
      </trkpt>
      <trkpt lat="46.7718773" lon="12.7908355">
        <ele>1894.4150391</ele>
        <time>2008-07-10T08:04:22Z</time>
      </trkpt>
      <trkpt lat="46.7718477" lon="12.7908655">
        <ele>1894.8957520</ele>
        <time>2008-07-10T08:04:29Z</time>
      </trkpt>
      <trkpt lat="46.7718327" lon="12.7909233">
        <ele>1896.8183594</ele>
        <time>2008-07-10T08:04:37Z</time>
      </trkpt>
      <trkpt lat="46.7717960" lon="12.7909199">
        <ele>1897.7797852</ele>
        <time>2008-07-10T08:04:46Z</time>
      </trkpt>
      <trkpt lat="46.7717694" lon="12.7908788">
        <ele>1897.7797852</ele>
        <time>2008-07-10T08:04:54Z</time>
      </trkpt>
      <trkpt lat="46.7717506" lon="12.7908935">
        <ele>1898.7409668</ele>
        <time>2008-07-10T08:05:00Z</time>
      </trkpt>
      <trkpt lat="46.7717399" lon="12.7909052">
        <ele>1899.7023926</ele>
        <time>2008-07-10T08:05:03Z</time>
      </trkpt>
      <trkpt lat="46.7717094" lon="12.7909448">
        <ele>1902.1057129</ele>
        <time>2008-07-10T08:05:12Z</time>
      </trkpt>
      <trkpt lat="46.7716841" lon="12.7908992">
        <ele>1903.0671387</ele>
        <time>2008-07-10T08:05:20Z</time>
      </trkpt>
      <trkpt lat="46.7716548" lon="12.7908873">
        <ele>1904.9897461</ele>
        <time>2008-07-10T08:05:29Z</time>
      </trkpt>
      <trkpt lat="46.7716168" lon="12.7909463">
        <ele>1904.9897461</ele>
        <time>2008-07-10T08:05:41Z</time>
      </trkpt>
      <trkpt lat="46.7715808" lon="12.7909256">
        <ele>1905.4704590</ele>
        <time>2008-07-10T08:05:49Z</time>
      </trkpt>
      <trkpt lat="46.7715379" lon="12.7909549">
        <ele>1907.3930664</ele>
        <time>2008-07-10T08:05:59Z</time>
      </trkpt>
      <trkpt lat="46.7715057" lon="12.7909337">
        <ele>1909.3156738</ele>
        <time>2008-07-10T08:06:08Z</time>
      </trkpt>
      <trkpt lat="46.7714735" lon="12.7909395">
        <ele>1909.7961426</ele>
        <time>2008-07-10T08:06:15Z</time>
      </trkpt>
      <trkpt lat="46.7714389" lon="12.7909045">
        <ele>1911.2382813</ele>
        <time>2008-07-10T08:06:24Z</time>
      </trkpt>
      <trkpt lat="46.7714141" lon="12.7908783">
        <ele>1912.1994629</ele>
        <time>2008-07-10T08:06:32Z</time>
      </trkpt>
      <trkpt lat="46.7713831" lon="12.7909027">
        <ele>1912.6801758</ele>
        <time>2008-07-10T08:06:40Z</time>
      </trkpt>
      <trkpt lat="46.7713524" lon="12.7909354">
        <ele>1914.1220703</ele>
        <time>2008-07-10T08:06:48Z</time>
      </trkpt>
      <trkpt lat="46.7713195" lon="12.7909171">
        <ele>1915.5642090</ele>
        <time>2008-07-10T08:06:56Z</time>
      </trkpt>
      <trkpt lat="46.7712705" lon="12.7908957">
        <ele>1916.5256348</ele>
        <time>2008-07-10T08:07:05Z</time>
      </trkpt>
      <trkpt lat="46.7712347" lon="12.7909022">
        <ele>1917.4868164</ele>
        <time>2008-07-10T08:07:13Z</time>
      </trkpt>
      <trkpt lat="46.7711965" lon="12.7909277">
        <ele>1917.9675293</ele>
        <time>2008-07-10T08:07:21Z</time>
      </trkpt>
      <trkpt lat="46.7711525" lon="12.7909406">
        <ele>1919.4096680</ele>
        <time>2008-07-10T08:07:30Z</time>
      </trkpt>
      <trkpt lat="46.7711073" lon="12.7909150">
        <ele>1920.3708496</ele>
        <time>2008-07-10T08:07:39Z</time>
      </trkpt>
      <trkpt lat="46.7710628" lon="12.7908883">
        <ele>1921.8127441</ele>
        <time>2008-07-10T08:07:49Z</time>
      </trkpt>
      <trkpt lat="46.7710215" lon="12.7908751">
        <ele>1923.7353516</ele>
        <time>2008-07-10T08:07:57Z</time>
      </trkpt>
      <trkpt lat="46.7709814" lon="12.7908819">
        <ele>1926.1386719</ele>
        <time>2008-07-10T08:08:05Z</time>
      </trkpt>
      <trkpt lat="46.7709422" lon="12.7909095">
        <ele>1927.1000977</ele>
        <time>2008-07-10T08:08:14Z</time>
      </trkpt>
      <trkpt lat="46.7708946" lon="12.7908871">
        <ele>1927.5805664</ele>
        <time>2008-07-10T08:08:23Z</time>
      </trkpt>
      <trkpt lat="46.7708493" lon="12.7908540">
        <ele>1928.5419922</ele>
        <time>2008-07-10T08:08:33Z</time>
      </trkpt>
      <trkpt lat="46.7707967" lon="12.7908515">
        <ele>1930.9453125</ele>
        <time>2008-07-10T08:08:43Z</time>
      </trkpt>
      <trkpt lat="46.7707595" lon="12.7908360">
        <ele>1932.3874512</ele>
        <time>2008-07-10T08:08:52Z</time>
      </trkpt>
      <trkpt lat="46.7707243" lon="12.7908395">
        <ele>1934.7907715</ele>
        <time>2008-07-10T08:09:01Z</time>
      </trkpt>
      <trkpt lat="46.7706900" lon="12.7908128">
        <ele>1935.7519531</ele>
        <time>2008-07-10T08:09:08Z</time>
      </trkpt>
      <trkpt lat="46.7706817" lon="12.7908014">
        <ele>1935.7519531</ele>
        <time>2008-07-10T08:09:19Z</time>
      </trkpt>
      <trkpt lat="46.7706919" lon="12.7907772">
        <ele>1934.7907715</ele>
        <time>2008-07-10T08:09:43Z</time>
      </trkpt>
      <trkpt lat="46.7706869" lon="12.7907707">
        <ele>1934.7907715</ele>
        <time>2008-07-10T08:09:52Z</time>
      </trkpt>
      <trkpt lat="46.7706812" lon="12.7907833">
        <ele>1935.7519531</ele>
        <time>2008-07-10T08:10:01Z</time>
      </trkpt>
      <trkpt lat="46.7706842" lon="12.7907798">
        <ele>1936.7131348</ele>
        <time>2008-07-10T08:10:32Z</time>
      </trkpt>
      <trkpt lat="46.7706889" lon="12.7907775">
        <ele>1936.7131348</ele>
        <time>2008-07-10T08:11:32Z</time>
      </trkpt>
      <trkpt lat="46.7706865" lon="12.7907752">
        <ele>1936.2326660</ele>
        <time>2008-07-10T08:12:06Z</time>
      </trkpt>
      <trkpt lat="46.7706745" lon="12.7907511">
        <ele>1936.7131348</ele>
        <time>2008-07-10T08:12:45Z</time>
      </trkpt>
      <trkpt lat="46.7706754" lon="12.7907453">
        <ele>1937.1938477</ele>
        <time>2008-07-10T08:13:11Z</time>
      </trkpt>
      <trkpt lat="46.7706839" lon="12.7907558">
        <ele>1937.6745605</ele>
        <time>2008-07-10T08:13:57Z</time>
      </trkpt>
      <trkpt lat="46.7706921" lon="12.7907703">
        <ele>1938.1552734</ele>
        <time>2008-07-10T08:14:22Z</time>
      </trkpt>
      <trkpt lat="46.7706941" lon="12.7907727">
        <ele>1937.6745605</ele>
        <time>2008-07-10T08:14:42Z</time>
      </trkpt>
      <trkpt lat="46.7706983" lon="12.7907764">
        <ele>1938.1552734</ele>
        <time>2008-07-10T08:15:13Z</time>
      </trkpt>
      <trkpt lat="46.7707111" lon="12.7908154">
        <ele>1938.6359863</ele>
        <time>2008-07-10T08:16:06Z</time>
      </trkpt>
      <trkpt lat="46.7707081" lon="12.7908035">
        <ele>1937.1938477</ele>
        <time>2008-07-10T08:16:23Z</time>
      </trkpt>
      <trkpt lat="46.7706846" lon="12.7908099">
        <ele>1937.6745605</ele>
        <time>2008-07-10T08:16:30Z</time>
      </trkpt>
      <trkpt lat="46.7706222" lon="12.7908314">
        <ele>1938.6359863</ele>
        <time>2008-07-10T08:16:41Z</time>
      </trkpt>
      <trkpt lat="46.7706124" lon="12.7907972">
        <ele>1939.5971680</ele>
        <time>2008-07-10T08:16:50Z</time>
      </trkpt>
      <trkpt lat="46.7705890" lon="12.7907168">
        <ele>1940.5583496</ele>
        <time>2008-07-10T08:17:09Z</time>
      </trkpt>
      <trkpt lat="46.7705418" lon="12.7907459">
        <ele>1942.4812012</ele>
        <time>2008-07-10T08:17:16Z</time>
      </trkpt>
      <trkpt lat="46.7705054" lon="12.7907193">
        <ele>1943.9230957</ele>
        <time>2008-07-10T08:17:23Z</time>
      </trkpt>
      <trkpt lat="46.7704732" lon="12.7907221">
        <ele>1946.3264160</ele>
        <time>2008-07-10T08:17:32Z</time>
      </trkpt>
      <trkpt lat="46.7704444" lon="12.7907441">
        <ele>1946.8068848</ele>
        <time>2008-07-10T08:17:40Z</time>
      </trkpt>
      <trkpt lat="46.7704175" lon="12.7907156">
        <ele>1947.2875977</ele>
        <time>2008-07-10T08:17:48Z</time>
      </trkpt>
      <trkpt lat="46.7703843" lon="12.7907530">
        <ele>1948.7297363</ele>
        <time>2008-07-10T08:17:58Z</time>
      </trkpt>
      <trkpt lat="46.7703548" lon="12.7907467">
        <ele>1950.1718750</ele>
        <time>2008-07-10T08:18:06Z</time>
      </trkpt>
      <trkpt lat="46.7703324" lon="12.7907286">
        <ele>1951.1330566</ele>
        <time>2008-07-10T08:18:12Z</time>
      </trkpt>
      <trkpt lat="46.7702967" lon="12.7907350">
        <ele>1953.0556641</ele>
        <time>2008-07-10T08:18:20Z</time>
      </trkpt>
      <trkpt lat="46.7702655" lon="12.7907734">
        <ele>1954.0170898</ele>
        <time>2008-07-10T08:18:30Z</time>
      </trkpt>
      <trkpt lat="46.7702310" lon="12.7907988">
        <ele>1955.4589844</ele>
        <time>2008-07-10T08:18:38Z</time>
      </trkpt>
      <trkpt lat="46.7702114" lon="12.7907498">
        <ele>1956.9008789</ele>
        <time>2008-07-10T08:18:45Z</time>
      </trkpt>
      <trkpt lat="46.7701827" lon="12.7907644">
        <ele>1956.9008789</ele>
        <time>2008-07-10T08:18:54Z</time>
      </trkpt>
      <trkpt lat="46.7701616" lon="12.7908140">
        <ele>1957.8623047</ele>
        <time>2008-07-10T08:19:02Z</time>
      </trkpt>
      <trkpt lat="46.7701258" lon="12.7907829">
        <ele>1959.3041992</ele>
        <time>2008-07-10T08:19:11Z</time>
      </trkpt>
      <trkpt lat="46.7700954" lon="12.7907583">
        <ele>1960.7460938</ele>
        <time>2008-07-10T08:19:19Z</time>
      </trkpt>
      <trkpt lat="46.7700664" lon="12.7907578">
        <ele>1961.7075195</ele>
        <time>2008-07-10T08:19:27Z</time>
      </trkpt>
      <trkpt lat="46.7700533" lon="12.7908055">
        <ele>1961.7075195</ele>
        <time>2008-07-10T08:19:34Z</time>
      </trkpt>
      <trkpt lat="46.7700296" lon="12.7908474">
        <ele>1962.6687012</ele>
        <time>2008-07-10T08:19:43Z</time>
      </trkpt>
      <trkpt lat="46.7700072" lon="12.7908757">
        <ele>1963.6298828</ele>
        <time>2008-07-10T08:19:50Z</time>
      </trkpt>
      <trkpt lat="46.7699842" lon="12.7908325">
        <ele>1965.0722656</ele>
        <time>2008-07-10T08:19:57Z</time>
      </trkpt>
      <trkpt lat="46.7699597" lon="12.7907925">
        <ele>1965.0722656</ele>
        <time>2008-07-10T08:20:05Z</time>
      </trkpt>
      <trkpt lat="46.7699217" lon="12.7907535">
        <ele>1967.4753418</ele>
        <time>2008-07-10T08:20:15Z</time>
      </trkpt>
      <trkpt lat="46.7698977" lon="12.7907526">
        <ele>1968.4367676</ele>
        <time>2008-07-10T08:20:22Z</time>
      </trkpt>
      <trkpt lat="46.7698750" lon="12.7907773">
        <ele>1968.9174805</ele>
        <time>2008-07-10T08:20:29Z</time>
      </trkpt>
      <trkpt lat="46.7698692" lon="12.7907662">
        <ele>1970.3593750</ele>
        <time>2008-07-10T08:20:32Z</time>
      </trkpt>
      <trkpt lat="46.7698331" lon="12.7907493">
        <ele>1971.8012695</ele>
        <time>2008-07-10T08:20:42Z</time>
      </trkpt>
      <trkpt lat="46.7698124" lon="12.7907386">
        <ele>1971.8012695</ele>
        <time>2008-07-10T08:20:50Z</time>
      </trkpt>
      <trkpt lat="46.7697943" lon="12.7907344">
        <ele>1973.7238770</ele>
        <time>2008-07-10T08:20:58Z</time>
      </trkpt>
      <trkpt lat="46.7697776" lon="12.7907603">
        <ele>1974.6853027</ele>
        <time>2008-07-10T08:21:04Z</time>
      </trkpt>
      <trkpt lat="46.7697413" lon="12.7907453">
        <ele>1975.1657715</ele>
        <time>2008-07-10T08:21:12Z</time>
      </trkpt>
      <trkpt lat="46.7697093" lon="12.7907225">
        <ele>1976.6079102</ele>
        <time>2008-07-10T08:21:20Z</time>
      </trkpt>
      <trkpt lat="46.7696664" lon="12.7906920">
        <ele>1978.5305176</ele>
        <time>2008-07-10T08:21:30Z</time>
      </trkpt>
      <trkpt lat="46.7696370" lon="12.7907147">
        <ele>1979.9724121</ele>
        <time>2008-07-10T08:21:38Z</time>
      </trkpt>
      <trkpt lat="46.7696343" lon="12.7907639">
        <ele>1980.4533691</ele>
        <time>2008-07-10T08:21:46Z</time>
      </trkpt>
      <trkpt lat="46.7696072" lon="12.7907899">
        <ele>1980.9340820</ele>
        <time>2008-07-10T08:21:54Z</time>
      </trkpt>
      <trkpt lat="46.7695788" lon="12.7908116">
        <ele>1982.8564453</ele>
        <time>2008-07-10T08:22:03Z</time>
      </trkpt>
      <trkpt lat="46.7695703" lon="12.7908660">
        <ele>1983.8178711</ele>
        <time>2008-07-10T08:22:11Z</time>
      </trkpt>
      <trkpt lat="46.7695452" lon="12.7908654">
        <ele>1984.2985840</ele>
        <time>2008-07-10T08:22:18Z</time>
      </trkpt>
      <trkpt lat="46.7695224" lon="12.7909164">
        <ele>1985.2597656</ele>
        <time>2008-07-10T08:22:27Z</time>
      </trkpt>
      <trkpt lat="46.7694851" lon="12.7909210">
        <ele>1985.7404785</ele>
        <time>2008-07-10T08:22:35Z</time>
      </trkpt>
      <trkpt lat="46.7694380" lon="12.7908957">
        <ele>1986.7016602</ele>
        <time>2008-07-10T08:22:43Z</time>
      </trkpt>
      <trkpt lat="46.7693956" lon="12.7908754">
        <ele>1988.6245117</ele>
        <time>2008-07-10T08:22:51Z</time>
      </trkpt>
      <trkpt lat="46.7693520" lon="12.7908603">
        <ele>1990.0664063</ele>
        <time>2008-07-10T08:22:58Z</time>
      </trkpt>
      <trkpt lat="46.7692815" lon="12.7908417">
        <ele>1990.5468750</ele>
        <time>2008-07-10T08:23:06Z</time>
      </trkpt>
      <trkpt lat="46.7692136" lon="12.7908241">
        <ele>1990.0664063</ele>
        <time>2008-07-10T08:23:14Z</time>
      </trkpt>
      <trkpt lat="46.7691290" lon="12.7907874">
        <ele>1990.5468750</ele>
        <time>2008-07-10T08:23:23Z</time>
      </trkpt>
      <trkpt lat="46.7690826" lon="12.7907547">
        <ele>1991.5083008</ele>
        <time>2008-07-10T08:23:31Z</time>
      </trkpt>
      <trkpt lat="46.7690335" lon="12.7907021">
        <ele>1991.9890137</ele>
        <time>2008-07-10T08:23:40Z</time>
      </trkpt>
      <trkpt lat="46.7690091" lon="12.7906436">
        <ele>1992.4697266</ele>
        <time>2008-07-10T08:23:48Z</time>
      </trkpt>
      <trkpt lat="46.7689770" lon="12.7906134">
        <ele>1994.8728027</ele>
        <time>2008-07-10T08:23:55Z</time>
      </trkpt>
      <trkpt lat="46.7689520" lon="12.7905840">
        <ele>1995.3535156</ele>
        <time>2008-07-10T08:24:03Z</time>
      </trkpt>
      <trkpt lat="46.7689060" lon="12.7905707">
        <ele>1996.3151855</ele>
        <time>2008-07-10T08:24:11Z</time>
      </trkpt>
      <trkpt lat="46.7688591" lon="12.7905485">
        <ele>1997.7570801</ele>
        <time>2008-07-10T08:24:19Z</time>
      </trkpt>
      <trkpt lat="46.7688381" lon="12.7904993">
        <ele>1998.2375488</ele>
        <time>2008-07-10T08:24:27Z</time>
      </trkpt>
      <trkpt lat="46.7687961" lon="12.7904811">
        <ele>2000.1604004</ele>
        <time>2008-07-10T08:24:34Z</time>
      </trkpt>
      <trkpt lat="46.7687431" lon="12.7904863">
        <ele>2000.1604004</ele>
        <time>2008-07-10T08:24:43Z</time>
      </trkpt>
      <trkpt lat="46.7687107" lon="12.7905190">
        <ele>2001.1215820</ele>
        <time>2008-07-10T08:24:52Z</time>
      </trkpt>
      <trkpt lat="46.7687020" lon="12.7905144">
        <ele>2002.5634766</ele>
        <time>2008-07-10T08:24:55Z</time>
      </trkpt>
      <trkpt lat="46.7686656" lon="12.7905272">
        <ele>2003.5249023</ele>
        <time>2008-07-10T08:25:05Z</time>
      </trkpt>
      <trkpt lat="46.7686415" lon="12.7904920">
        <ele>2005.9279785</ele>
        <time>2008-07-10T08:25:13Z</time>
      </trkpt>
      <trkpt lat="46.7686110" lon="12.7905022">
        <ele>2007.3701172</ele>
        <time>2008-07-10T08:25:21Z</time>
      </trkpt>
      <trkpt lat="46.7685847" lon="12.7904727">
        <ele>2008.8120117</ele>
        <time>2008-07-10T08:25:30Z</time>
      </trkpt>
      <trkpt lat="46.7685527" lon="12.7904401">
        <ele>2009.2927246</ele>
        <time>2008-07-10T08:25:38Z</time>
      </trkpt>
      <trkpt lat="46.7685242" lon="12.7904625">
        <ele>2009.7731934</ele>
        <time>2008-07-10T08:25:46Z</time>
      </trkpt>
      <trkpt lat="46.7685004" lon="12.7904984">
        <ele>2012.1767578</ele>
        <time>2008-07-10T08:25:54Z</time>
      </trkpt>
      <trkpt lat="46.7684719" lon="12.7904843">
        <ele>2013.1381836</ele>
        <time>2008-07-10T08:26:02Z</time>
      </trkpt>
      <trkpt lat="46.7684366" lon="12.7905395">
        <ele>2015.0607910</ele>
        <time>2008-07-10T08:26:15Z</time>
      </trkpt>
      <trkpt lat="46.7684018" lon="12.7905282">
        <ele>2015.5415039</ele>
        <time>2008-07-10T08:26:23Z</time>
      </trkpt>
      <trkpt lat="46.7683585" lon="12.7905179">
        <ele>2016.5026855</ele>
        <time>2008-07-10T08:26:32Z</time>
      </trkpt>
      <trkpt lat="46.7683341" lon="12.7905427">
        <ele>2017.4638672</ele>
        <time>2008-07-10T08:26:41Z</time>
      </trkpt>
      <trkpt lat="46.7683297" lon="12.7905428">
        <ele>2017.4638672</ele>
        <time>2008-07-10T08:26:51Z</time>
      </trkpt>
      <trkpt lat="46.7683159" lon="12.7905384">
        <ele>2017.9445801</ele>
        <time>2008-07-10T08:27:25Z</time>
      </trkpt>
      <trkpt lat="46.7682756" lon="12.7905302">
        <ele>2019.3867188</ele>
        <time>2008-07-10T08:27:34Z</time>
      </trkpt>
      <trkpt lat="46.7682527" lon="12.7905711">
        <ele>2020.3479004</ele>
        <time>2008-07-10T08:27:42Z</time>
      </trkpt>
      <trkpt lat="46.7682237" lon="12.7906107">
        <ele>2022.2705078</ele>
        <time>2008-07-10T08:27:51Z</time>
      </trkpt>
      <trkpt lat="46.7681914" lon="12.7905931">
        <ele>2023.7124023</ele>
        <time>2008-07-10T08:28:00Z</time>
      </trkpt>
      <trkpt lat="46.7681844" lon="12.7906184">
        <ele>2024.6738281</ele>
        <time>2008-07-10T08:28:07Z</time>
      </trkpt>
      <trkpt lat="46.7681377" lon="12.7905885">
        <ele>2026.5964355</ele>
        <time>2008-07-10T08:29:05Z</time>
      </trkpt>
      <trkpt lat="46.7681170" lon="12.7905500">
        <ele>2027.0771484</ele>
        <time>2008-07-10T08:29:13Z</time>
      </trkpt>
      <trkpt lat="46.7680899" lon="12.7905464">
        <ele>2028.9997559</ele>
        <time>2008-07-10T08:29:23Z</time>
      </trkpt>
      <trkpt lat="46.7680627" lon="12.7905718">
        <ele>2029.4804688</ele>
        <time>2008-07-10T08:29:31Z</time>
      </trkpt>
      <trkpt lat="46.7680342" lon="12.7905956">
        <ele>2030.4418945</ele>
        <time>2008-07-10T08:29:39Z</time>
      </trkpt>
      <trkpt lat="46.7680124" lon="12.7906241">
        <ele>2031.8837891</ele>
        <time>2008-07-10T08:29:45Z</time>
      </trkpt>
      <trkpt lat="46.7679803" lon="12.7906438">
        <ele>2032.3645020</ele>
        <time>2008-07-10T08:29:54Z</time>
      </trkpt>
      <trkpt lat="46.7679101" lon="12.7905796">
        <ele>2033.3256836</ele>
        <time>2008-07-10T08:30:05Z</time>
      </trkpt>
      <trkpt lat="46.7678741" lon="12.7905217">
        <ele>2034.7678223</ele>
        <time>2008-07-10T08:30:14Z</time>
      </trkpt>
      <trkpt lat="46.7678424" lon="12.7905557">
        <ele>2036.2097168</ele>
        <time>2008-07-10T08:30:22Z</time>
      </trkpt>
      <trkpt lat="46.7678200" lon="12.7906029">
        <ele>2038.6130371</ele>
        <time>2008-07-10T08:30:32Z</time>
      </trkpt>
      <trkpt lat="46.7678027" lon="12.7906375">
        <ele>2039.5742188</ele>
        <time>2008-07-10T08:30:40Z</time>
      </trkpt>
      <trkpt lat="46.7677936" lon="12.7906820">
        <ele>2041.0161133</ele>
        <time>2008-07-10T08:30:48Z</time>
      </trkpt>
      <trkpt lat="46.7677690" lon="12.7907267">
        <ele>2042.4582520</ele>
        <time>2008-07-10T08:30:57Z</time>
      </trkpt>
      <trkpt lat="46.7677423" lon="12.7907231">
        <ele>2043.4194336</ele>
        <time>2008-07-10T08:31:04Z</time>
      </trkpt>
      <trkpt lat="46.7677328" lon="12.7906909">
        <ele>2043.4194336</ele>
        <time>2008-07-10T08:31:11Z</time>
      </trkpt>
      <trkpt lat="46.7676985" lon="12.7905967">
        <ele>2044.3808594</ele>
        <time>2008-07-10T08:31:21Z</time>
      </trkpt>
      <trkpt lat="46.7676737" lon="12.7905998">
        <ele>2044.8615723</ele>
        <time>2008-07-10T08:31:28Z</time>
      </trkpt>
      <trkpt lat="46.7676617" lon="12.7906514">
        <ele>2046.3037109</ele>
        <time>2008-07-10T08:31:36Z</time>
      </trkpt>
      <trkpt lat="46.7676481" lon="12.7907050">
        <ele>2047.2648926</ele>
        <time>2008-07-10T08:31:44Z</time>
      </trkpt>
      <trkpt lat="46.7676211" lon="12.7907034">
        <ele>2048.2260742</ele>
        <time>2008-07-10T08:31:51Z</time>
      </trkpt>
      <trkpt lat="46.7675922" lon="12.7906894">
        <ele>2050.1489258</ele>
        <time>2008-07-10T08:31:59Z</time>
      </trkpt>
      <trkpt lat="46.7675664" lon="12.7907280">
        <ele>2051.5908203</ele>
        <time>2008-07-10T08:32:07Z</time>
      </trkpt>
      <trkpt lat="46.7675389" lon="12.7907535">
        <ele>2052.0712891</ele>
        <time>2008-07-10T08:32:16Z</time>
      </trkpt>
      <trkpt lat="46.7675002" lon="12.7907527">
        <ele>2053.0327148</ele>
        <time>2008-07-10T08:32:25Z</time>
      </trkpt>
      <trkpt lat="46.7674700" lon="12.7907567">
        <ele>2053.5134277</ele>
        <time>2008-07-10T08:32:32Z</time>
      </trkpt>
      <trkpt lat="46.7674374" lon="12.7907486">
        <ele>2053.9941406</ele>
        <time>2008-07-10T08:32:40Z</time>
      </trkpt>
      <trkpt lat="46.7673949" lon="12.7907570">
        <ele>2054.9553223</ele>
        <time>2008-07-10T08:32:49Z</time>
      </trkpt>
      <trkpt lat="46.7673597" lon="12.7907666">
        <ele>2056.3972168</ele>
        <time>2008-07-10T08:32:56Z</time>
      </trkpt>
      <trkpt lat="46.7673222" lon="12.7907923">
        <ele>2057.8393555</ele>
        <time>2008-07-10T08:33:04Z</time>
      </trkpt>
      <trkpt lat="46.7672901" lon="12.7908013">
        <ele>2058.8005371</ele>
        <time>2008-07-10T08:33:11Z</time>
      </trkpt>
      <trkpt lat="46.7672471" lon="12.7907909">
        <ele>2059.7617188</ele>
        <time>2008-07-10T08:33:20Z</time>
      </trkpt>
      <trkpt lat="46.7672152" lon="12.7907917">
        <ele>2060.7233887</ele>
        <time>2008-07-10T08:33:28Z</time>
      </trkpt>
      <trkpt lat="46.7671788" lon="12.7908122">
        <ele>2062.1652832</ele>
        <time>2008-07-10T08:33:36Z</time>
      </trkpt>
      <trkpt lat="46.7671456" lon="12.7908127">
        <ele>2063.1267090</ele>
        <time>2008-07-10T08:33:43Z</time>
      </trkpt>
      <trkpt lat="46.7671011" lon="12.7907909">
        <ele>2065.5300293</ele>
        <time>2008-07-10T08:33:51Z</time>
      </trkpt>
      <trkpt lat="46.7670561" lon="12.7907882">
        <ele>2065.5300293</ele>
        <time>2008-07-10T08:33:58Z</time>
      </trkpt>
      <trkpt lat="46.7670112" lon="12.7907325">
        <ele>2066.0104980</ele>
        <time>2008-07-10T08:34:07Z</time>
      </trkpt>
      <trkpt lat="46.7669787" lon="12.7906965">
        <ele>2066.4912109</ele>
        <time>2008-07-10T08:34:15Z</time>
      </trkpt>
      <trkpt lat="46.7669447" lon="12.7906915">
        <ele>2066.9719238</ele>
        <time>2008-07-10T08:34:23Z</time>
      </trkpt>
      <trkpt lat="46.7669023" lon="12.7906967">
        <ele>2068.4138184</ele>
        <time>2008-07-10T08:34:33Z</time>
      </trkpt>
      <trkpt lat="46.7668753" lon="12.7907096">
        <ele>2069.3752441</ele>
        <time>2008-07-10T08:34:40Z</time>
      </trkpt>
      <trkpt lat="46.7668544" lon="12.7907427">
        <ele>2070.3364258</ele>
        <time>2008-07-10T08:34:47Z</time>
      </trkpt>
      <trkpt lat="46.7668239" lon="12.7907407">
        <ele>2071.2976074</ele>
        <time>2008-07-10T08:34:54Z</time>
      </trkpt>
      <trkpt lat="46.7667888" lon="12.7907566">
        <ele>2071.7783203</ele>
        <time>2008-07-10T08:35:03Z</time>
      </trkpt>
      <trkpt lat="46.7667640" lon="12.7907905">
        <ele>2072.2590332</ele>
        <time>2008-07-10T08:35:10Z</time>
      </trkpt>
      <trkpt lat="46.7667282" lon="12.7908079">
        <ele>2073.7009277</ele>
        <time>2008-07-10T08:35:18Z</time>
      </trkpt>
      <trkpt lat="46.7666863" lon="12.7908169">
        <ele>2074.1816406</ele>
        <time>2008-07-10T08:35:26Z</time>
      </trkpt>
      <trkpt lat="46.7666437" lon="12.7908375">
        <ele>2076.1044922</ele>
        <time>2008-07-10T08:35:35Z</time>
      </trkpt>
      <trkpt lat="46.7666034" lon="12.7908622">
        <ele>2077.0659180</ele>
        <time>2008-07-10T08:35:43Z</time>
      </trkpt>
      <trkpt lat="46.7665542" lon="12.7908981">
        <ele>2078.5078125</ele>
        <time>2008-07-10T08:35:52Z</time>
      </trkpt>
      <trkpt lat="46.7665219" lon="12.7909224">
        <ele>2078.9882813</ele>
        <time>2008-07-10T08:35:59Z</time>
      </trkpt>
      <trkpt lat="46.7664807" lon="12.7909754">
        <ele>2079.9497070</ele>
        <time>2008-07-10T08:36:07Z</time>
      </trkpt>
      <trkpt lat="46.7664174" lon="12.7909945">
        <ele>2081.8723145</ele>
        <time>2008-07-10T08:36:17Z</time>
      </trkpt>
      <trkpt lat="46.7663401" lon="12.7910278">
        <ele>2080.9111328</ele>
        <time>2008-07-10T08:36:28Z</time>
      </trkpt>
      <trkpt lat="46.7662650" lon="12.7910388">
        <ele>2081.8723145</ele>
        <time>2008-07-10T08:36:38Z</time>
      </trkpt>
      <trkpt lat="46.7662284" lon="12.7910095">
        <ele>2080.9111328</ele>
        <time>2008-07-10T08:36:45Z</time>
      </trkpt>
      <trkpt lat="46.7661749" lon="12.7909953">
        <ele>2080.9111328</ele>
        <time>2008-07-10T08:36:54Z</time>
      </trkpt>
      <trkpt lat="46.7661413" lon="12.7909531">
        <ele>2078.9882813</ele>
        <time>2008-07-10T08:37:03Z</time>
      </trkpt>
      <trkpt lat="46.7660828" lon="12.7909176">
        <ele>2078.5078125</ele>
        <time>2008-07-10T08:37:13Z</time>
      </trkpt>
      <trkpt lat="46.7660355" lon="12.7908687">
        <ele>2077.5463867</ele>
        <time>2008-07-10T08:37:22Z</time>
      </trkpt>
      <trkpt lat="46.7660051" lon="12.7908405">
        <ele>2077.0659180</ele>
        <time>2008-07-10T08:37:29Z</time>
      </trkpt>
      <trkpt lat="46.7660005" lon="12.7908225">
        <ele>2077.0659180</ele>
        <time>2008-07-10T08:37:38Z</time>
      </trkpt>
      <trkpt lat="46.7659982" lon="12.7907588">
        <ele>2075.6235352</ele>
        <time>2008-07-10T08:37:47Z</time>
      </trkpt>
      <trkpt lat="46.7660046" lon="12.7907371">
        <ele>2075.6235352</ele>
        <time>2008-07-10T08:37:54Z</time>
      </trkpt>
      <trkpt lat="46.7660254" lon="12.7906858">
        <ele>2078.9882813</ele>
        <time>2008-07-10T08:52:52Z</time>
      </trkpt>
      <trkpt lat="46.7660273" lon="12.7906208">
        <ele>2078.9882813</ele>
        <time>2008-07-10T08:53:10Z</time>
      </trkpt>
      <trkpt lat="46.7660437" lon="12.7905351">
        <ele>2078.9882813</ele>
        <time>2008-07-10T08:53:32Z</time>
      </trkpt>
      <trkpt lat="46.7660692" lon="12.7904846">
        <ele>2078.9882813</ele>
        <time>2008-07-10T08:53:43Z</time>
      </trkpt>
      <trkpt lat="46.7660973" lon="12.7904589">
        <ele>2079.4689941</ele>
        <time>2008-07-10T08:53:55Z</time>
      </trkpt>
      <trkpt lat="46.7660383" lon="12.7904945">
        <ele>2080.4304199</ele>
        <time>2008-07-10T08:54:09Z</time>
      </trkpt>
      <trkpt lat="46.7660049" lon="12.7905557">
        <ele>2080.9111328</ele>
        <time>2008-07-10T08:54:24Z</time>
      </trkpt>
      <trkpt lat="46.7660290" lon="12.7906344">
        <ele>2081.3916016</ele>
        <time>2008-07-10T08:54:41Z</time>
      </trkpt>
      <trkpt lat="46.7660161" lon="12.7906565">
        <ele>2081.3916016</ele>
        <time>2008-07-10T08:54:43Z</time>
      </trkpt>
      <trkpt lat="46.7659728" lon="12.7907199">
        <ele>2080.9111328</ele>
        <time>2008-07-10T08:54:50Z</time>
      </trkpt>
      <trkpt lat="46.7659383" lon="12.7907017">
        <ele>2080.4304199</ele>
        <time>2008-07-10T08:55:03Z</time>
      </trkpt>
      <trkpt lat="46.7658943" lon="12.7906719">
        <ele>2080.4304199</ele>
        <time>2008-07-10T08:55:11Z</time>
      </trkpt>
      <trkpt lat="46.7658633" lon="12.7906366">
        <ele>2079.9497070</ele>
        <time>2008-07-10T08:55:18Z</time>
      </trkpt>
      <trkpt lat="46.7658321" lon="12.7906210">
        <ele>2079.9497070</ele>
        <time>2008-07-10T08:55:26Z</time>
      </trkpt>
      <trkpt lat="46.7657956" lon="12.7906143">
        <ele>2080.9111328</ele>
        <time>2008-07-10T08:55:36Z</time>
      </trkpt>
      <trkpt lat="46.7657594" lon="12.7905504">
        <ele>2082.8334961</ele>
        <time>2008-07-10T08:55:45Z</time>
      </trkpt>
      <trkpt lat="46.7657543" lon="12.7905402">
        <ele>2081.8723145</ele>
        <time>2008-07-10T08:55:46Z</time>
      </trkpt>
      <trkpt lat="46.7657238" lon="12.7905123">
        <ele>2081.3916016</ele>
        <time>2008-07-10T08:55:50Z</time>
      </trkpt>
      <trkpt lat="46.7656421" lon="12.7905229">
        <ele>2080.9111328</ele>
        <time>2008-07-10T08:55:59Z</time>
      </trkpt>
      <trkpt lat="46.7655839" lon="12.7904923">
        <ele>2079.9497070</ele>
        <time>2008-07-10T08:56:08Z</time>
      </trkpt>
      <trkpt lat="46.7655115" lon="12.7904568">
        <ele>2079.4689941</ele>
        <time>2008-07-10T08:56:17Z</time>
      </trkpt>
      <trkpt lat="46.7654499" lon="12.7904211">
        <ele>2078.5078125</ele>
        <time>2008-07-10T08:56:24Z</time>
      </trkpt>
      <trkpt lat="46.7653947" lon="12.7903827">
        <ele>2078.5078125</ele>
        <time>2008-07-10T08:56:32Z</time>
      </trkpt>
      <trkpt lat="46.7653519" lon="12.7903650">
        <ele>2078.9882813</ele>
        <time>2008-07-10T08:56:42Z</time>
      </trkpt>
      <trkpt lat="46.7653545" lon="12.7903641">
        <ele>2078.9882813</ele>
        <time>2008-07-10T08:56:52Z</time>
      </trkpt>
      <trkpt lat="46.7653608" lon="12.7902966">
        <ele>2078.9882813</ele>
        <time>2008-07-10T08:57:01Z</time>
      </trkpt>
      <trkpt lat="46.7653685" lon="12.7902473">
        <ele>2078.9882813</ele>
        <time>2008-07-10T08:57:14Z</time>
      </trkpt>
      <trkpt lat="46.7653740" lon="12.7902382">
        <ele>2078.9882813</ele>
        <time>2008-07-10T08:57:15Z</time>
      </trkpt>
      <trkpt lat="46.7654037" lon="12.7901363">
        <ele>2079.9497070</ele>
        <time>2008-07-10T08:57:25Z</time>
      </trkpt>
      <trkpt lat="46.7654141" lon="12.7900663">
        <ele>2081.8723145</ele>
        <time>2008-07-10T08:57:33Z</time>
      </trkpt>
      <trkpt lat="46.7654182" lon="12.7900046">
        <ele>2082.8334961</ele>
        <time>2008-07-10T08:57:40Z</time>
      </trkpt>
      <trkpt lat="46.7654155" lon="12.7899213">
        <ele>2083.7949219</ele>
        <time>2008-07-10T08:57:50Z</time>
      </trkpt>
      <trkpt lat="46.7654042" lon="12.7898559">
        <ele>2083.7949219</ele>
        <time>2008-07-10T08:57:57Z</time>
      </trkpt>
      <trkpt lat="46.7653971" lon="12.7897731">
        <ele>2085.2368164</ele>
        <time>2008-07-10T08:58:07Z</time>
      </trkpt>
      <trkpt lat="46.7653865" lon="12.7897217">
        <ele>2086.6787109</ele>
        <time>2008-07-10T08:58:15Z</time>
      </trkpt>
      <trkpt lat="46.7653812" lon="12.7897050">
        <ele>2088.6015625</ele>
        <time>2008-07-10T08:58:18Z</time>
      </trkpt>
      <trkpt lat="46.7653892" lon="12.7896361">
        <ele>2089.0820313</ele>
        <time>2008-07-10T08:58:27Z</time>
      </trkpt>
      <trkpt lat="46.7653959" lon="12.7895533">
        <ele>2090.0434570</ele>
        <time>2008-07-10T08:58:36Z</time>
      </trkpt>
      <trkpt lat="46.7653597" lon="12.7895218">
        <ele>2091.4853516</ele>
        <time>2008-07-10T08:58:45Z</time>
      </trkpt>
      <trkpt lat="46.7653198" lon="12.7895476">
        <ele>2093.4082031</ele>
        <time>2008-07-10T08:58:55Z</time>
      </trkpt>
      <trkpt lat="46.7652854" lon="12.7895493">
        <ele>2093.8889160</ele>
        <time>2008-07-10T08:59:06Z</time>
      </trkpt>
      <trkpt lat="46.7652548" lon="12.7895478">
        <ele>2093.8889160</ele>
        <time>2008-07-10T08:59:14Z</time>
      </trkpt>
      <trkpt lat="46.7652347" lon="12.7895451">
        <ele>2095.8115234</ele>
        <time>2008-07-10T08:59:23Z</time>
      </trkpt>
      <trkpt lat="46.7652204" lon="12.7895368">
        <ele>2097.2534180</ele>
        <time>2008-07-10T08:59:33Z</time>
      </trkpt>
      <trkpt lat="46.7652228" lon="12.7894844">
        <ele>2098.2145996</ele>
        <time>2008-07-10T08:59:40Z</time>
      </trkpt>
      <trkpt lat="46.7652140" lon="12.7894574">
        <ele>2099.6567383</ele>
        <time>2008-07-10T08:59:48Z</time>
      </trkpt>
      <trkpt lat="46.7652093" lon="12.7894555">
        <ele>2100.1374512</ele>
        <time>2008-07-10T08:59:49Z</time>
      </trkpt>
      <trkpt lat="46.7652047" lon="12.7894125">
        <ele>2101.5793457</ele>
        <time>2008-07-10T08:59:56Z</time>
      </trkpt>
      <trkpt lat="46.7652007" lon="12.7893670">
        <ele>2101.5793457</ele>
        <time>2008-07-10T09:00:03Z</time>
      </trkpt>
      <trkpt lat="46.7652129" lon="12.7892883">
        <ele>2101.5793457</ele>
        <time>2008-07-10T09:00:13Z</time>
      </trkpt>
      <trkpt lat="46.7652214" lon="12.7892664">
        <ele>2103.5019531</ele>
        <time>2008-07-10T09:00:31Z</time>
      </trkpt>
      <trkpt lat="46.7652317" lon="12.7892375">
        <ele>2103.9826660</ele>
        <time>2008-07-10T09:00:41Z</time>
      </trkpt>
      <trkpt lat="46.7652266" lon="12.7891929">
        <ele>2104.9438477</ele>
        <time>2008-07-10T09:01:38Z</time>
      </trkpt>
      <trkpt lat="46.7652053" lon="12.7891595">
        <ele>2107.8278809</ele>
        <time>2008-07-10T09:01:46Z</time>
      </trkpt>
      <trkpt lat="46.7652006" lon="12.7891259">
        <ele>2107.8278809</ele>
        <time>2008-07-10T09:01:53Z</time>
      </trkpt>
      <trkpt lat="46.7651844" lon="12.7891126">
        <ele>2109.2700195</ele>
        <time>2008-07-10T09:02:00Z</time>
      </trkpt>
      <trkpt lat="46.7651779" lon="12.7890613">
        <ele>2110.7119141</ele>
        <time>2008-07-10T09:02:09Z</time>
      </trkpt>
      <trkpt lat="46.7651727" lon="12.7890194">
        <ele>2112.6345215</ele>
        <time>2008-07-10T09:02:15Z</time>
      </trkpt>
      <trkpt lat="46.7651751" lon="12.7889832">
        <ele>2112.6345215</ele>
        <time>2008-07-10T09:02:27Z</time>
      </trkpt>
      <trkpt lat="46.7651781" lon="12.7889236">
        <ele>2113.5957031</ele>
        <time>2008-07-10T09:02:36Z</time>
      </trkpt>
      <trkpt lat="46.7651657" lon="12.7888681">
        <ele>2114.5571289</ele>
        <time>2008-07-10T09:02:46Z</time>
      </trkpt>
      <trkpt lat="46.7651641" lon="12.7888173">
        <ele>2116.4797363</ele>
        <time>2008-07-10T09:02:55Z</time>
      </trkpt>
      <trkpt lat="46.7651504" lon="12.7888057">
        <ele>2118.4023438</ele>
        <time>2008-07-10T09:03:02Z</time>
      </trkpt>
      <trkpt lat="46.7651370" lon="12.7887722">
        <ele>2119.3637695</ele>
        <time>2008-07-10T09:03:21Z</time>
      </trkpt>
      <trkpt lat="46.7651327" lon="12.7887112">
        <ele>2119.8442383</ele>
        <time>2008-07-10T09:03:30Z</time>
      </trkpt>
      <trkpt lat="46.7651158" lon="12.7886588">
        <ele>2121.7668457</ele>
        <time>2008-07-10T09:03:38Z</time>
      </trkpt>
      <trkpt lat="46.7650932" lon="12.7886329">
        <ele>2123.2089844</ele>
        <time>2008-07-10T09:03:45Z</time>
      </trkpt>
      <trkpt lat="46.7650890" lon="12.7886149">
        <ele>2124.1704102</ele>
        <time>2008-07-10T09:03:48Z</time>
      </trkpt>
      <trkpt lat="46.7650913" lon="12.7886049">
        <ele>2124.1704102</ele>
        <time>2008-07-10T09:04:17Z</time>
      </trkpt>
      <trkpt lat="46.7650830" lon="12.7885800">
        <ele>2125.6123047</ele>
        <time>2008-07-10T09:04:28Z</time>
      </trkpt>
      <trkpt lat="46.7650514" lon="12.7885723">
        <ele>2127.5349121</ele>
        <time>2008-07-10T09:04:36Z</time>
      </trkpt>
      <trkpt lat="46.7650494" lon="12.7885529">
        <ele>2128.0156250</ele>
        <time>2008-07-10T09:04:38Z</time>
      </trkpt>
      <trkpt lat="46.7650308" lon="12.7885125">
        <ele>2128.9768066</ele>
        <time>2008-07-10T09:04:47Z</time>
      </trkpt>
      <trkpt lat="46.7650007" lon="12.7885123">
        <ele>2130.4189453</ele>
        <time>2008-07-10T09:04:55Z</time>
      </trkpt>
      <trkpt lat="46.7649818" lon="12.7884678">
        <ele>2131.8608398</ele>
        <time>2008-07-10T09:05:06Z</time>
      </trkpt>
      <trkpt lat="46.7649602" lon="12.7884392">
        <ele>2133.3027344</ele>
        <time>2008-07-10T09:05:34Z</time>
      </trkpt>
      <trkpt lat="46.7649339" lon="12.7883972">
        <ele>2135.2253418</ele>
        <time>2008-07-10T09:05:42Z</time>
      </trkpt>
      <trkpt lat="46.7649121" lon="12.7883677">
        <ele>2137.6286621</ele>
        <time>2008-07-10T09:05:49Z</time>
      </trkpt>
      <trkpt lat="46.7649096" lon="12.7883675">
        <ele>2138.1093750</ele>
        <time>2008-07-10T09:05:50Z</time>
      </trkpt>
      <trkpt lat="46.7649108" lon="12.7883592">
        <ele>2137.6286621</ele>
        <time>2008-07-10T09:06:12Z</time>
      </trkpt>
      <trkpt lat="46.7649587" lon="12.7882294">
        <ele>2139.5512695</ele>
        <time>2008-07-10T09:06:32Z</time>
      </trkpt>
      <trkpt lat="46.7649559" lon="12.7881957">
        <ele>2141.4741211</ele>
        <time>2008-07-10T09:06:46Z</time>
      </trkpt>
      <trkpt lat="46.7649958" lon="12.7881258">
        <ele>2143.3967285</ele>
        <time>2008-07-10T09:06:53Z</time>
      </trkpt>
      <trkpt lat="46.7650013" lon="12.7880857">
        <ele>2144.8386230</ele>
        <time>2008-07-10T09:07:01Z</time>
      </trkpt>
      <trkpt lat="46.7649768" lon="12.7880753">
        <ele>2148.2031250</ele>
        <time>2008-07-10T09:07:47Z</time>
      </trkpt>
      <trkpt lat="46.7649365" lon="12.7881076">
        <ele>2148.6838379</ele>
        <time>2008-07-10T09:07:54Z</time>
      </trkpt>
      <trkpt lat="46.7649314" lon="12.7880772">
        <ele>2148.6838379</ele>
        <time>2008-07-10T09:08:02Z</time>
      </trkpt>
      <trkpt lat="46.7649105" lon="12.7880960">
        <ele>2149.1645508</ele>
        <time>2008-07-10T09:08:11Z</time>
      </trkpt>
      <trkpt lat="46.7649181" lon="12.7880746">
        <ele>2149.6452637</ele>
        <time>2008-07-10T09:08:13Z</time>
      </trkpt>
      <trkpt lat="46.7649291" lon="12.7880414">
        <ele>2151.5678711</ele>
        <time>2008-07-10T09:08:20Z</time>
      </trkpt>
      <trkpt lat="46.7649546" lon="12.7879681">
        <ele>2153.0097656</ele>
        <time>2008-07-10T09:08:28Z</time>
      </trkpt>
      <trkpt lat="46.7649825" lon="12.7878961">
        <ele>2154.9323730</ele>
        <time>2008-07-10T09:08:37Z</time>
      </trkpt>
      <trkpt lat="46.7650491" lon="12.7878422">
        <ele>2154.9323730</ele>
        <time>2008-07-10T09:09:01Z</time>
      </trkpt>
      <trkpt lat="46.7650685" lon="12.7878118">
        <ele>2156.3745117</ele>
        <time>2008-07-10T09:09:27Z</time>
      </trkpt>
      <trkpt lat="46.7651519" lon="12.7877619">
        <ele>2158.2971191</ele>
        <time>2008-07-10T09:09:36Z</time>
      </trkpt>
      <trkpt lat="46.7651950" lon="12.7877637">
        <ele>2158.2971191</ele>
        <time>2008-07-10T09:09:45Z</time>
      </trkpt>
      <trkpt lat="46.7651846" lon="12.7877533">
        <ele>2159.7390137</ele>
        <time>2008-07-10T09:09:52Z</time>
      </trkpt>
      <trkpt lat="46.7651772" lon="12.7877638">
        <ele>2161.1811523</ele>
        <time>2008-07-10T09:10:09Z</time>
      </trkpt>
      <trkpt lat="46.7651750" lon="12.7877552">
        <ele>2162.1423340</ele>
        <time>2008-07-10T09:10:17Z</time>
      </trkpt>
      <trkpt lat="46.7650970" lon="12.7877445">
        <ele>2164.0649414</ele>
        <time>2008-07-10T09:10:26Z</time>
      </trkpt>
      <trkpt lat="46.7650897" lon="12.7877510">
        <ele>2164.0649414</ele>
        <time>2008-07-10T09:10:36Z</time>
      </trkpt>
      <trkpt lat="46.7650782" lon="12.7876689">
        <ele>2164.5456543</ele>
        <time>2008-07-10T09:10:44Z</time>
      </trkpt>
      <trkpt lat="46.7651570" lon="12.7874767">
        <ele>2165.5070801</ele>
        <time>2008-07-10T09:10:58Z</time>
      </trkpt>
      <trkpt lat="46.7651504" lon="12.7874641">
        <ele>2165.9875488</ele>
        <time>2008-07-10T09:11:06Z</time>
      </trkpt>
      <trkpt lat="46.7651820" lon="12.7874239">
        <ele>2168.3908691</ele>
        <time>2008-07-10T09:11:20Z</time>
      </trkpt>
      <trkpt lat="46.7652492" lon="12.7873425">
        <ele>2169.3522949</ele>
        <time>2008-07-10T09:11:32Z</time>
      </trkpt>
      <trkpt lat="46.7653016" lon="12.7872658">
        <ele>2170.3134766</ele>
        <time>2008-07-10T09:11:41Z</time>
      </trkpt>
      <trkpt lat="46.7652685" lon="12.7872553">
        <ele>2171.2746582</ele>
        <time>2008-07-10T09:11:48Z</time>
      </trkpt>
      <trkpt lat="46.7652731" lon="12.7872379">
        <ele>2171.7553711</ele>
        <time>2008-07-10T09:11:51Z</time>
      </trkpt>
      <trkpt lat="46.7652808" lon="12.7872146">
        <ele>2172.7170410</ele>
        <time>2008-07-10T09:11:53Z</time>
      </trkpt>
      <trkpt lat="46.7652715" lon="12.7871700">
        <ele>2174.1589355</ele>
        <time>2008-07-10T09:12:02Z</time>
      </trkpt>
      <trkpt lat="46.7652726" lon="12.7871476">
        <ele>2176.0815430</ele>
        <time>2008-07-10T09:13:12Z</time>
      </trkpt>
      <trkpt lat="46.7652742" lon="12.7871519">
        <ele>2177.5234375</ele>
        <time>2008-07-10T09:13:21Z</time>
      </trkpt>
      <trkpt lat="46.7653038" lon="12.7871042">
        <ele>2178.0041504</ele>
        <time>2008-07-10T09:13:26Z</time>
      </trkpt>
      <trkpt lat="46.7653363" lon="12.7870964">
        <ele>2179.9267578</ele>
        <time>2008-07-10T09:13:33Z</time>
      </trkpt>
      <trkpt lat="46.7653667" lon="12.7871151">
        <ele>2179.9267578</ele>
        <time>2008-07-10T09:13:38Z</time>
      </trkpt>
      <trkpt lat="46.7654164" lon="12.7870618">
        <ele>2181.3686523</ele>
        <time>2008-07-10T09:13:45Z</time>
      </trkpt>
      <trkpt lat="46.7654670" lon="12.7870067">
        <ele>2183.2912598</ele>
        <time>2008-07-10T09:13:52Z</time>
      </trkpt>
      <trkpt lat="46.7654830" lon="12.7869899">
        <ele>2182.8105469</ele>
        <time>2008-07-10T09:13:53Z</time>
      </trkpt>
      <trkpt lat="46.7655300" lon="12.7869582">
        <ele>2182.8105469</ele>
        <time>2008-07-10T09:14:01Z</time>
      </trkpt>
      <trkpt lat="46.7655232" lon="12.7870219">
        <ele>2183.2912598</ele>
        <time>2008-07-10T09:14:08Z</time>
      </trkpt>
      <trkpt lat="46.7655756" lon="12.7869904">
        <ele>2184.2526855</ele>
        <time>2008-07-10T09:14:14Z</time>
      </trkpt>
      <trkpt lat="46.7656706" lon="12.7869046">
        <ele>2185.2138672</ele>
        <time>2008-07-10T09:14:24Z</time>
      </trkpt>
      <trkpt lat="46.7656990" lon="12.7869245">
        <ele>2186.1752930</ele>
        <time>2008-07-10T09:14:30Z</time>
      </trkpt>
      <trkpt lat="46.7657604" lon="12.7868611">
        <ele>2188.0981445</ele>
        <time>2008-07-10T09:14:38Z</time>
      </trkpt>
      <trkpt lat="46.7657829" lon="12.7868261">
        <ele>2189.0593262</ele>
        <time>2008-07-10T09:14:40Z</time>
      </trkpt>
      <trkpt lat="46.7658226" lon="12.7867763">
        <ele>2189.5400391</ele>
        <time>2008-07-10T09:14:50Z</time>
      </trkpt>
      <trkpt lat="46.7658558" lon="12.7867523">
        <ele>2191.4626465</ele>
        <time>2008-07-10T09:14:56Z</time>
      </trkpt>
      <trkpt lat="46.7658843" lon="12.7867432">
        <ele>2191.9433594</ele>
        <time>2008-07-10T09:15:04Z</time>
      </trkpt>
      <trkpt lat="46.7659600" lon="12.7866769">
        <ele>2193.3852539</ele>
        <time>2008-07-10T09:15:12Z</time>
      </trkpt>
      <trkpt lat="46.7659709" lon="12.7866692">
        <ele>2193.3852539</ele>
        <time>2008-07-10T09:15:13Z</time>
      </trkpt>
      <trkpt lat="46.7659932" lon="12.7866692">
        <ele>2194.3464355</ele>
        <time>2008-07-10T09:15:19Z</time>
      </trkpt>
      <trkpt lat="46.7660018" lon="12.7866539">
        <ele>2193.8659668</ele>
        <time>2008-07-10T09:15:20Z</time>
      </trkpt>
      <trkpt lat="46.7660423" lon="12.7865775">
        <ele>2196.2692871</ele>
        <time>2008-07-10T09:15:25Z</time>
      </trkpt>
      <trkpt lat="46.7660714" lon="12.7865503">
        <ele>2197.7111816</ele>
        <time>2008-07-10T09:15:33Z</time>
      </trkpt>
      <trkpt lat="46.7660927" lon="12.7865281">
        <ele>2198.6723633</ele>
        <time>2008-07-10T09:15:41Z</time>
      </trkpt>
      <trkpt lat="46.7661104" lon="12.7864956">
        <ele>2200.5949707</ele>
        <time>2008-07-10T09:15:49Z</time>
      </trkpt>
      <trkpt lat="46.7661196" lon="12.7864867">
        <ele>2201.0756836</ele>
        <time>2008-07-10T09:15:57Z</time>
      </trkpt>
      <trkpt lat="46.7661345" lon="12.7864705">
        <ele>2201.0756836</ele>
        <time>2008-07-10T09:15:59Z</time>
      </trkpt>
      <trkpt lat="46.7661696" lon="12.7864478">
        <ele>2201.5563965</ele>
        <time>2008-07-10T09:16:04Z</time>
      </trkpt>
      <trkpt lat="46.7662195" lon="12.7864149">
        <ele>2201.5563965</ele>
        <time>2008-07-10T09:16:13Z</time>
      </trkpt>
      <trkpt lat="46.7662723" lon="12.7863790">
        <ele>2203.4790039</ele>
        <time>2008-07-10T09:16:21Z</time>
      </trkpt>
      <trkpt lat="46.7662765" lon="12.7863811">
        <ele>2203.4790039</ele>
        <time>2008-07-10T09:16:22Z</time>
      </trkpt>
      <trkpt lat="46.7662734" lon="12.7863519">
        <ele>2204.4404297</ele>
        <time>2008-07-10T09:16:34Z</time>
      </trkpt>
      <trkpt lat="46.7663190" lon="12.7862900">
        <ele>2204.9211426</ele>
        <time>2008-07-10T09:16:42Z</time>
      </trkpt>
      <trkpt lat="46.7663464" lon="12.7862418">
        <ele>2205.4018555</ele>
        <time>2008-07-10T09:16:53Z</time>
      </trkpt>
      <trkpt lat="46.7663677" lon="12.7861723">
        <ele>2207.8051758</ele>
        <time>2008-07-10T09:17:07Z</time>
      </trkpt>
      <trkpt lat="46.7663393" lon="12.7861486">
        <ele>2210.6889648</ele>
        <time>2008-07-10T09:17:14Z</time>
      </trkpt>
      <trkpt lat="46.7663221" lon="12.7860812">
        <ele>2214.5341797</ele>
        <time>2008-07-10T09:17:45Z</time>
      </trkpt>
      <trkpt lat="46.7663240" lon="12.7860775">
        <ele>2214.5341797</ele>
        <time>2008-07-10T09:17:46Z</time>
      </trkpt>
      <trkpt lat="46.7663050" lon="12.7860079">
        <ele>2217.8986816</ele>
        <time>2008-07-10T09:18:04Z</time>
      </trkpt>
      <trkpt lat="46.7662910" lon="12.7860082">
        <ele>2218.8601074</ele>
        <time>2008-07-10T09:18:10Z</time>
      </trkpt>
      <trkpt lat="46.7662844" lon="12.7859672">
        <ele>2221.2634277</ele>
        <time>2008-07-10T09:18:29Z</time>
      </trkpt>
      <trkpt lat="46.7662623" lon="12.7859351">
        <ele>2223.1862793</ele>
        <time>2008-07-10T09:18:38Z</time>
      </trkpt>
      <trkpt lat="46.7662225" lon="12.7859002">
        <ele>2226.5507813</ele>
        <time>2008-07-10T09:19:13Z</time>
      </trkpt>
      <trkpt lat="46.7662106" lon="12.7858479">
        <ele>2229.4345703</ele>
        <time>2008-07-10T09:19:31Z</time>
      </trkpt>
      <trkpt lat="46.7662388" lon="12.7857516">
        <ele>2232.7990723</ele>
        <time>2008-07-10T09:19:45Z</time>
      </trkpt>
      <trkpt lat="46.7662038" lon="12.7857296">
        <ele>2235.6831055</ele>
        <time>2008-07-10T09:20:24Z</time>
      </trkpt>
      <trkpt lat="46.7661735" lon="12.7856870">
        <ele>2239.0478516</ele>
        <time>2008-07-10T09:20:38Z</time>
      </trkpt>
      <trkpt lat="46.7661593" lon="12.7856201">
        <ele>2242.4125977</ele>
        <time>2008-07-10T09:20:48Z</time>
      </trkpt>
      <trkpt lat="46.7661618" lon="12.7855959">
        <ele>2243.8544922</ele>
        <time>2008-07-10T09:20:52Z</time>
      </trkpt>
      <trkpt lat="46.7661313" lon="12.7855726">
        <ele>2247.2189941</ele>
        <time>2008-07-10T09:21:23Z</time>
      </trkpt>
      <trkpt lat="46.7661363" lon="12.7854179">
        <ele>2250.5834961</ele>
        <time>2008-07-10T09:21:44Z</time>
      </trkpt>
      <trkpt lat="46.7661497" lon="12.7853099">
        <ele>2253.4677734</ele>
        <time>2008-07-10T09:22:12Z</time>
      </trkpt>
      <trkpt lat="46.7660190" lon="12.7854912">
        <ele>2253.4677734</ele>
        <time>2008-07-10T09:25:47Z</time>
      </trkpt>
      <trkpt lat="46.7659858" lon="12.7854730">
        <ele>2254.4289551</ele>
        <time>2008-07-10T09:26:00Z</time>
      </trkpt>
      <trkpt lat="46.7658982" lon="12.7854539">
        <ele>2257.3129883</ele>
        <time>2008-07-10T09:26:45Z</time>
      </trkpt>
      <trkpt lat="46.7658523" lon="12.7854438">
        <ele>2260.6774902</ele>
        <time>2008-07-10T09:27:00Z</time>
      </trkpt>
      <trkpt lat="46.7658775" lon="12.7853514">
        <ele>2260.6774902</ele>
        <time>2008-07-10T09:27:19Z</time>
      </trkpt>
      <trkpt lat="46.7658217" lon="12.7853445">
        <ele>2262.6000977</ele>
        <time>2008-07-10T09:28:15Z</time>
      </trkpt>
      <trkpt lat="46.7657917" lon="12.7853917">
        <ele>2267.4064941</ele>
        <time>2008-07-10T10:11:46Z</time>
      </trkpt>
      <trkpt lat="46.7657766" lon="12.7854150">
        <ele>2266.9260254</ele>
        <time>2008-07-10T10:14:04Z</time>
      </trkpt>
      <trkpt lat="46.7657724" lon="12.7854283">
        <ele>2266.9260254</ele>
        <time>2008-07-10T10:14:20Z</time>
      </trkpt>
      <trkpt lat="46.7657674" lon="12.7854290">
        <ele>2267.4064941</ele>
        <time>2008-07-10T10:14:28Z</time>
      </trkpt>
      <trkpt lat="46.7657622" lon="12.7854293">
        <ele>2267.8872070</ele>
        <time>2008-07-10T10:14:44Z</time>
      </trkpt>
      <trkpt lat="46.7657507" lon="12.7854337">
        <ele>2269.8100586</ele>
        <time>2008-07-10T10:15:07Z</time>
      </trkpt>
      <trkpt lat="46.7657417" lon="12.7854369">
        <ele>2270.7714844</ele>
        <time>2008-07-10T10:15:18Z</time>
      </trkpt>
      <trkpt lat="46.7657342" lon="12.7854345">
        <ele>2271.7326660</ele>
        <time>2008-07-10T10:15:32Z</time>
      </trkpt>
      <trkpt lat="46.7657212" lon="12.7854350">
        <ele>2274.6166992</ele>
        <time>2008-07-10T10:15:57Z</time>
      </trkpt>
      <trkpt lat="46.7657135" lon="12.7854438">
        <ele>2274.6166992</ele>
        <time>2008-07-10T10:16:07Z</time>
      </trkpt>
      <trkpt lat="46.7657115" lon="12.7854352">
        <ele>2274.6166992</ele>
        <time>2008-07-10T10:16:25Z</time>
      </trkpt>
      <trkpt lat="46.7656984" lon="12.7854310">
        <ele>2276.5393066</ele>
        <time>2008-07-10T10:16:48Z</time>
      </trkpt>
      <trkpt lat="46.7656724" lon="12.7854274">
        <ele>2279.9038086</ele>
        <time>2008-07-10T10:19:02Z</time>
      </trkpt>
      <trkpt lat="46.7656454" lon="12.7854190">
        <ele>2281.3457031</ele>
        <time>2008-07-10T10:20:13Z</time>
      </trkpt>
      <trkpt lat="46.7656244" lon="12.7854129">
        <ele>2282.3071289</ele>
        <time>2008-07-10T10:20:52Z</time>
      </trkpt>
      <trkpt lat="46.7655677" lon="12.7853903">
        <ele>2282.7875977</ele>
        <time>2008-07-10T10:32:44Z</time>
      </trkpt>
      <trkpt lat="46.7655527" lon="12.7853860">
        <ele>2283.2683105</ele>
        <time>2008-07-10T10:32:53Z</time>
      </trkpt>
      <trkpt lat="46.7655558" lon="12.7853751">
        <ele>2294.3234863</ele>
        <time>2008-07-10T10:38:45Z</time>
      </trkpt>
      <trkpt lat="46.7655644" lon="12.7853601">
        <ele>2294.3234863</ele>
        <time>2008-07-10T10:39:15Z</time>
      </trkpt>
      <trkpt lat="46.7655595" lon="12.7853538">
        <ele>2294.8041992</ele>
        <time>2008-07-10T10:39:32Z</time>
      </trkpt>
      <trkpt lat="46.7655582" lon="12.7853570">
        <ele>2295.2849121</ele>
        <time>2008-07-10T10:40:04Z</time>
      </trkpt>
      <trkpt lat="46.7655576" lon="12.7853462">
        <ele>2296.7268066</ele>
        <time>2008-07-10T10:54:23Z</time>
      </trkpt>
      <trkpt lat="46.7655503" lon="12.7853533">
        <ele>2296.7268066</ele>
        <time>2008-07-10T10:54:32Z</time>
      </trkpt>
      <trkpt lat="46.7655394" lon="12.7853640">
        <ele>2298.6494141</ele>
        <time>2008-07-10T10:55:20Z</time>
      </trkpt>
      <trkpt lat="46.7655359" lon="12.7853539">
        <ele>2300.0917969</ele>
        <time>2008-07-10T10:55:36Z</time>
      </trkpt>
      <trkpt lat="46.7655358" lon="12.7853569">
        <ele>2299.6108398</ele>
        <time>2008-07-10T10:56:04Z</time>
      </trkpt>
      <trkpt lat="46.7655245" lon="12.7853565">
        <ele>2301.0529785</ele>
        <time>2008-07-10T10:56:40Z</time>
      </trkpt>
      <trkpt lat="46.7655179" lon="12.7853481">
        <ele>2302.0141602</ele>
        <time>2008-07-10T10:56:51Z</time>
      </trkpt>
      <trkpt lat="46.7654869" lon="12.7853951">
        <ele>2307.3015137</ele>
        <time>2008-07-10T11:00:43Z</time>
      </trkpt>
      <trkpt lat="46.7654573" lon="12.7854153">
        <ele>2308.2626953</ele>
        <time>2008-07-10T11:01:42Z</time>
      </trkpt>
      <trkpt lat="46.7654524" lon="12.7854071">
        <ele>2308.7434082</ele>
        <time>2008-07-10T11:01:53Z</time>
      </trkpt>
      <trkpt lat="46.7654347" lon="12.7853938">
        <ele>2311.1467285</ele>
        <time>2008-07-10T11:02:31Z</time>
      </trkpt>
      <trkpt lat="46.7654278" lon="12.7853880">
        <ele>2310.6660156</ele>
        <time>2008-07-10T11:02:38Z</time>
      </trkpt>
      <trkpt lat="46.7654197" lon="12.7853969">
        <ele>2311.1467285</ele>
        <time>2008-07-10T11:02:47Z</time>
      </trkpt>
      <trkpt lat="46.7654079" lon="12.7854161">
        <ele>2311.6274414</ele>
        <time>2008-07-10T11:03:07Z</time>
      </trkpt>
      <trkpt lat="46.7654130" lon="12.7853933">
        <ele>2313.5498047</ele>
        <time>2008-07-10T11:03:46Z</time>
      </trkpt>
      <trkpt lat="46.7654109" lon="12.7853889">
        <ele>2314.5112305</ele>
        <time>2008-07-10T11:04:03Z</time>
      </trkpt>
      <trkpt lat="46.7654057" lon="12.7853825">
        <ele>2315.9531250</ele>
        <time>2008-07-10T11:04:14Z</time>
      </trkpt>
      <trkpt lat="46.7653714" lon="12.7853954">
        <ele>2320.2792969</ele>
        <time>2008-07-10T11:06:36Z</time>
      </trkpt>
      <trkpt lat="46.7653751" lon="12.7853918">
        <ele>2323.6437988</ele>
        <time>2008-07-10T11:07:25Z</time>
      </trkpt>
      <trkpt lat="46.7653691" lon="12.7853843">
        <ele>2323.6437988</ele>
        <time>2008-07-10T11:07:36Z</time>
      </trkpt>
      <trkpt lat="46.7653675" lon="12.7853709">
        <ele>2325.0856934</ele>
        <time>2008-07-10T11:11:42Z</time>
      </trkpt>
      <trkpt lat="46.7653902" lon="12.7853565">
        <ele>2324.6052246</ele>
        <time>2008-07-10T11:16:37Z</time>
      </trkpt>
      <trkpt lat="46.7653895" lon="12.7853550">
        <ele>2324.6052246</ele>
        <time>2008-07-10T11:17:46Z</time>
      </trkpt>
      <trkpt lat="46.7653913" lon="12.7853575">
        <ele>2325.5664063</ele>
        <time>2008-07-10T11:19:32Z</time>
      </trkpt>
      <trkpt lat="46.7653949" lon="12.7853589">
        <ele>2327.0085449</ele>
        <time>2008-07-10T11:20:03Z</time>
      </trkpt>
      <trkpt lat="46.7653971" lon="12.7853596">
        <ele>2327.0085449</ele>
        <time>2008-07-10T11:20:27Z</time>
      </trkpt>
      <trkpt lat="46.7653994" lon="12.7853464">
        <ele>2328.4504395</ele>
        <time>2008-07-10T11:20:39Z</time>
      </trkpt>
      <trkpt lat="46.7653963" lon="12.7853436">
        <ele>2329.4116211</ele>
        <time>2008-07-10T11:20:51Z</time>
      </trkpt>
      <trkpt lat="46.7653910" lon="12.7853364">
        <ele>2330.3730469</ele>
        <time>2008-07-10T11:21:13Z</time>
      </trkpt>
      <trkpt lat="46.7653891" lon="12.7853335">
        <ele>2331.3342285</ele>
        <time>2008-07-10T11:21:22Z</time>
      </trkpt>
      <trkpt lat="46.7653877" lon="12.7853228">
        <ele>2331.3342285</ele>
        <time>2008-07-10T11:21:39Z</time>
      </trkpt>
      <trkpt lat="46.7653880" lon="12.7853200">
        <ele>2331.8149414</ele>
        <time>2008-07-10T11:21:48Z</time>
      </trkpt>
      <trkpt lat="46.7653824" lon="12.7853222">
        <ele>2333.2570801</ele>
        <time>2008-07-10T11:21:56Z</time>
      </trkpt>
      <trkpt lat="46.7653814" lon="12.7853192">
        <ele>2334.2185059</ele>
        <time>2008-07-10T11:22:06Z</time>
      </trkpt>
      <trkpt lat="46.7653762" lon="12.7853119">
        <ele>2334.6992188</ele>
        <time>2008-07-10T11:22:15Z</time>
      </trkpt>
      <trkpt lat="46.7653779" lon="12.7853175">
        <ele>2335.1796875</ele>
        <time>2008-07-10T11:22:30Z</time>
      </trkpt>
      <trkpt lat="46.7653739" lon="12.7853139">
        <ele>2335.6604004</ele>
        <time>2008-07-10T11:22:49Z</time>
      </trkpt>
      <trkpt lat="46.7653724" lon="12.7853052">
        <ele>2335.6604004</ele>
        <time>2008-07-10T11:22:57Z</time>
      </trkpt>
      <trkpt lat="46.7653688" lon="12.7852979">
        <ele>2337.5830078</ele>
        <time>2008-07-10T11:23:08Z</time>
      </trkpt>
      <trkpt lat="46.7653617" lon="12.7852895">
        <ele>2337.5830078</ele>
        <time>2008-07-10T11:23:32Z</time>
      </trkpt>
      <trkpt lat="46.7653571" lon="12.7852802">
        <ele>2339.0249023</ele>
        <time>2008-07-10T11:23:41Z</time>
      </trkpt>
      <trkpt lat="46.7653507" lon="12.7852705">
        <ele>2340.4667969</ele>
        <time>2008-07-10T11:24:04Z</time>
      </trkpt>
      <trkpt lat="46.7653460" lon="12.7852638">
        <ele>2340.9475098</ele>
        <time>2008-07-10T11:24:26Z</time>
      </trkpt>
      <trkpt lat="46.7653382" lon="12.7852622">
        <ele>2342.3896484</ele>
        <time>2008-07-10T11:24:34Z</time>
      </trkpt>
      <trkpt lat="46.7653348" lon="12.7852532">
        <ele>2342.8701172</ele>
        <time>2008-07-10T11:24:43Z</time>
      </trkpt>
      <trkpt lat="46.7653317" lon="12.7852452">
        <ele>2343.3508301</ele>
        <time>2008-07-10T11:24:51Z</time>
      </trkpt>
      <trkpt lat="46.7653270" lon="12.7852441">
        <ele>2343.8315430</ele>
        <time>2008-07-10T11:25:03Z</time>
      </trkpt>
      <trkpt lat="46.7653234" lon="12.7852353">
        <ele>2344.3120117</ele>
        <time>2008-07-10T11:25:14Z</time>
      </trkpt>
      <trkpt lat="46.7653201" lon="12.7852292">
        <ele>2345.2734375</ele>
        <time>2008-07-10T11:25:30Z</time>
      </trkpt>
      <trkpt lat="46.7653196" lon="12.7852162">
        <ele>2346.2348633</ele>
        <time>2008-07-10T11:25:42Z</time>
      </trkpt>
      <trkpt lat="46.7653180" lon="12.7852084">
        <ele>2346.7153320</ele>
        <time>2008-07-10T11:25:51Z</time>
      </trkpt>
      <trkpt lat="46.7653161" lon="12.7852010">
        <ele>2348.1574707</ele>
        <time>2008-07-10T11:26:04Z</time>
      </trkpt>
      <trkpt lat="46.7653128" lon="12.7851890">
        <ele>2348.6381836</ele>
        <time>2008-07-10T11:26:17Z</time>
      </trkpt>
      <trkpt lat="46.7653025" lon="12.7851827">
        <ele>2349.5996094</ele>
        <time>2008-07-10T11:26:29Z</time>
      </trkpt>
      <trkpt lat="46.7652957" lon="12.7851781">
        <ele>2350.5607910</ele>
        <time>2008-07-10T11:26:37Z</time>
      </trkpt>
      <trkpt lat="46.7652892" lon="12.7851612">
        <ele>2351.5222168</ele>
        <time>2008-07-10T11:26:45Z</time>
      </trkpt>
      <trkpt lat="46.7652828" lon="12.7851576">
        <ele>2352.0026855</ele>
        <time>2008-07-10T11:26:59Z</time>
      </trkpt>
      <trkpt lat="46.7652783" lon="12.7851437">
        <ele>2353.4448242</ele>
        <time>2008-07-10T11:27:08Z</time>
      </trkpt>
      <trkpt lat="46.7652743" lon="12.7851233">
        <ele>2354.4060059</ele>
        <time>2008-07-10T11:27:18Z</time>
      </trkpt>
      <trkpt lat="46.7652726" lon="12.7851098">
        <ele>2355.3674316</ele>
        <time>2008-07-10T11:27:29Z</time>
      </trkpt>
      <trkpt lat="46.7652710" lon="12.7850856">
        <ele>2355.8479004</ele>
        <time>2008-07-10T11:27:41Z</time>
      </trkpt>
      <trkpt lat="46.7652670" lon="12.7850721">
        <ele>2356.8093262</ele>
        <time>2008-07-10T11:27:51Z</time>
      </trkpt>
      <trkpt lat="46.7652607" lon="12.7850683">
        <ele>2356.8093262</ele>
        <time>2008-07-10T11:28:00Z</time>
      </trkpt>
      <trkpt lat="46.7652567" lon="12.7850598">
        <ele>2358.2512207</ele>
        <time>2008-07-10T11:28:08Z</time>
      </trkpt>
      <trkpt lat="46.7652502" lon="12.7850611">
        <ele>2359.2126465</ele>
        <time>2008-07-10T11:28:17Z</time>
      </trkpt>
      <trkpt lat="46.7652517" lon="12.7850589">
        <ele>2358.7319336</ele>
        <time>2008-07-10T11:28:30Z</time>
      </trkpt>
      <trkpt lat="46.7652432" lon="12.7850508">
        <ele>2359.6931152</ele>
        <time>2008-07-10T11:28:41Z</time>
      </trkpt>
      <trkpt lat="46.7652440" lon="12.7850458">
        <ele>2360.1738281</ele>
        <time>2008-07-10T11:28:57Z</time>
      </trkpt>
      <trkpt lat="46.7652450" lon="12.7850378">
        <ele>2360.6545410</ele>
        <time>2008-07-10T11:29:42Z</time>
      </trkpt>
      <trkpt lat="46.7652444" lon="12.7850425">
        <ele>2359.6931152</ele>
        <time>2008-07-10T11:29:56Z</time>
      </trkpt>
      <trkpt lat="46.7652453" lon="12.7850600">
        <ele>2360.6545410</ele>
        <time>2008-07-10T11:30:39Z</time>
      </trkpt>
      <trkpt lat="46.7652367" lon="12.7850478">
        <ele>2360.6545410</ele>
        <time>2008-07-10T11:34:07Z</time>
      </trkpt>
      <trkpt lat="46.7652305" lon="12.7850451">
        <ele>2361.1352539</ele>
        <time>2008-07-10T11:34:16Z</time>
      </trkpt>
      <trkpt lat="46.7652197" lon="12.7850451">
        <ele>2362.0964355</ele>
        <time>2008-07-10T11:34:26Z</time>
      </trkpt>
      <trkpt lat="46.7652126" lon="12.7850452">
        <ele>2363.0578613</ele>
        <time>2008-07-10T11:34:36Z</time>
      </trkpt>
      <trkpt lat="46.7652049" lon="12.7850574">
        <ele>2363.0578613</ele>
        <time>2008-07-10T11:34:47Z</time>
      </trkpt>
      <trkpt lat="46.7651942" lon="12.7850560">
        <ele>2364.0192871</ele>
        <time>2008-07-10T11:34:57Z</time>
      </trkpt>
      <trkpt lat="46.7651869" lon="12.7850475">
        <ele>2364.5000000</ele>
        <time>2008-07-10T11:35:05Z</time>
      </trkpt>
      <trkpt lat="46.7651794" lon="12.7850560">
        <ele>2365.4614258</ele>
        <time>2008-07-10T11:35:15Z</time>
      </trkpt>
      <trkpt lat="46.7651737" lon="12.7850525">
        <ele>2366.4226074</ele>
        <time>2008-07-10T11:35:23Z</time>
      </trkpt>
      <trkpt lat="46.7651602" lon="12.7850475">
        <ele>2366.9033203</ele>
        <time>2008-07-10T11:35:29Z</time>
      </trkpt>
      <trkpt lat="46.7651448" lon="12.7850404">
        <ele>2367.8645020</ele>
        <time>2008-07-10T11:35:36Z</time>
      </trkpt>
      <trkpt lat="46.7651266" lon="12.7850332">
        <ele>2369.3066406</ele>
        <time>2008-07-10T11:35:44Z</time>
      </trkpt>
      <trkpt lat="46.7651223" lon="12.7850224">
        <ele>2368.8259277</ele>
        <time>2008-07-10T11:35:53Z</time>
      </trkpt>
      <trkpt lat="46.7651069" lon="12.7850170">
        <ele>2369.7871094</ele>
        <time>2008-07-10T11:36:04Z</time>
      </trkpt>
      <trkpt lat="46.7650811" lon="12.7850111">
        <ele>2370.7485352</ele>
        <time>2008-07-10T11:36:14Z</time>
      </trkpt>
      <trkpt lat="46.7650570" lon="12.7850040">
        <ele>2372.1904297</ele>
        <time>2008-07-10T11:36:21Z</time>
      </trkpt>
      <trkpt lat="46.7650608" lon="12.7850073">
        <ele>2372.1904297</ele>
        <time>2008-07-10T11:36:36Z</time>
      </trkpt>
      <trkpt lat="46.7650681" lon="12.7850228">
        <ele>2372.1904297</ele>
        <time>2008-07-10T11:37:02Z</time>
      </trkpt>
      <trkpt lat="46.7650725" lon="12.7850286">
        <ele>2372.1904297</ele>
        <time>2008-07-10T11:37:14Z</time>
      </trkpt>
      <trkpt lat="46.7650769" lon="12.7850287">
        <ele>2372.6711426</ele>
        <time>2008-07-10T11:37:29Z</time>
      </trkpt>
      <trkpt lat="46.7650779" lon="12.7850331">
        <ele>2372.1904297</ele>
        <time>2008-07-10T11:37:45Z</time>
      </trkpt>
      <trkpt lat="46.7650795" lon="12.7850363">
        <ele>2372.1904297</ele>
        <time>2008-07-10T11:38:04Z</time>
      </trkpt>
      <trkpt lat="46.7650815" lon="12.7850375">
        <ele>2372.1904297</ele>
        <time>2008-07-10T11:38:14Z</time>
      </trkpt>
      <trkpt lat="46.7650829" lon="12.7850422">
        <ele>2372.1904297</ele>
        <time>2008-07-10T11:38:21Z</time>
      </trkpt>
      <trkpt lat="46.7650841" lon="12.7850452">
        <ele>2372.1904297</ele>
        <time>2008-07-10T11:38:39Z</time>
      </trkpt>
      <trkpt lat="46.7650850" lon="12.7850468">
        <ele>2372.1904297</ele>
        <time>2008-07-10T11:38:55Z</time>
      </trkpt>
      <trkpt lat="46.7650868" lon="12.7850502">
        <ele>2372.6711426</ele>
        <time>2008-07-10T11:39:34Z</time>
      </trkpt>
      <trkpt lat="46.7650892" lon="12.7850503">
        <ele>2372.1904297</ele>
        <time>2008-07-10T11:39:56Z</time>
      </trkpt>
      <trkpt lat="46.7650918" lon="12.7850529">
        <ele>2372.6711426</ele>
        <time>2008-07-10T11:40:11Z</time>
      </trkpt>
      <trkpt lat="46.7650914" lon="12.7850538">
        <ele>2372.1904297</ele>
        <time>2008-07-10T11:41:02Z</time>
      </trkpt>
      <trkpt lat="46.7650891" lon="12.7850544">
        <ele>2371.7097168</ele>
        <time>2008-07-10T11:41:10Z</time>
      </trkpt>
      <trkpt lat="46.7650911" lon="12.7850555">
        <ele>2372.6711426</ele>
        <time>2008-07-10T11:41:36Z</time>
      </trkpt>
      <trkpt lat="46.7650901" lon="12.7850553">
        <ele>2372.1904297</ele>
        <time>2008-07-10T11:41:55Z</time>
      </trkpt>
      <trkpt lat="46.7650865" lon="12.7850545">
        <ele>2373.1518555</ele>
        <time>2008-07-10T11:42:42Z</time>
      </trkpt>
      <trkpt lat="46.7650807" lon="12.7850491">
        <ele>2373.6323242</ele>
        <time>2008-07-10T11:43:22Z</time>
      </trkpt>
      <trkpt lat="46.7650846" lon="12.7850487">
        <ele>2373.6323242</ele>
        <time>2008-07-10T11:43:51Z</time>
      </trkpt>
      <trkpt lat="46.7650763" lon="12.7850475">
        <ele>2373.6323242</ele>
        <time>2008-07-10T11:44:04Z</time>
      </trkpt>
      <trkpt lat="46.7650776" lon="12.7850507">
        <ele>2373.1518555</ele>
        <time>2008-07-10T11:44:38Z</time>
      </trkpt>
      <trkpt lat="46.7650659" lon="12.7850487">
        <ele>2373.6323242</ele>
        <time>2008-07-10T11:44:50Z</time>
      </trkpt>
      <trkpt lat="46.7650624" lon="12.7850481">
        <ele>2374.1130371</ele>
        <time>2008-07-10T11:44:58Z</time>
      </trkpt>
      <trkpt lat="46.7650580" lon="12.7850484">
        <ele>2374.5937500</ele>
        <time>2008-07-10T11:45:08Z</time>
      </trkpt>
      <trkpt lat="46.7650497" lon="12.7850453">
        <ele>2375.0742188</ele>
        <time>2008-07-10T11:45:15Z</time>
      </trkpt>
      <trkpt lat="46.7650414" lon="12.7850457">
        <ele>2375.0742188</ele>
        <time>2008-07-10T11:45:26Z</time>
      </trkpt>
      <trkpt lat="46.7650364" lon="12.7850496">
        <ele>2375.5549316</ele>
        <time>2008-07-10T11:45:37Z</time>
      </trkpt>
      <trkpt lat="46.7650328" lon="12.7850447">
        <ele>2376.0356445</ele>
        <time>2008-07-10T11:45:49Z</time>
      </trkpt>
      <trkpt lat="46.7650328" lon="12.7850447">
        <ele>2376.9970703</ele>
        <time>2008-07-10T11:46:00Z</time>
      </trkpt>
      <trkpt lat="46.7650290" lon="12.7850462">
        <ele>2378.9194336</ele>
        <time>2008-07-10T11:46:09Z</time>
      </trkpt>
      <trkpt lat="46.7650224" lon="12.7850496">
        <ele>2379.8808594</ele>
        <time>2008-07-10T11:46:16Z</time>
      </trkpt>
      <trkpt lat="46.7650192" lon="12.7850566">
        <ele>2380.8425293</ele>
        <time>2008-07-10T11:46:25Z</time>
      </trkpt>
      <trkpt lat="46.7650131" lon="12.7850638">
        <ele>2381.3229980</ele>
        <time>2008-07-10T11:46:43Z</time>
      </trkpt>
      <trkpt lat="46.7650115" lon="12.7850772">
        <ele>2381.8037109</ele>
        <time>2008-07-10T11:46:57Z</time>
      </trkpt>
      <trkpt lat="46.7649955" lon="12.7850684">
        <ele>2383.2456055</ele>
        <time>2008-07-10T11:47:17Z</time>
      </trkpt>
      <trkpt lat="46.7649907" lon="12.7850673">
        <ele>2384.2070313</ele>
        <time>2008-07-10T11:47:27Z</time>
      </trkpt>
      <trkpt lat="46.7649836" lon="12.7850738">
        <ele>2384.6877441</ele>
        <time>2008-07-10T11:47:33Z</time>
      </trkpt>
      <trkpt lat="46.7649792" lon="12.7850575">
        <ele>2385.6489258</ele>
        <time>2008-07-10T11:47:49Z</time>
      </trkpt>
      <trkpt lat="46.7649706" lon="12.7850610">
        <ele>2386.6101074</ele>
        <time>2008-07-10T11:48:01Z</time>
      </trkpt>
      <trkpt lat="46.7649630" lon="12.7850766">
        <ele>2387.0908203</ele>
        <time>2008-07-10T11:48:21Z</time>
      </trkpt>
      <trkpt lat="46.7649573" lon="12.7850607">
        <ele>2388.0522461</ele>
        <time>2008-07-10T11:48:33Z</time>
      </trkpt>
      <trkpt lat="46.7649540" lon="12.7850628">
        <ele>2388.5329590</ele>
        <time>2008-07-10T11:48:42Z</time>
      </trkpt>
      <trkpt lat="46.7649457" lon="12.7850734">
        <ele>2389.9748535</ele>
        <time>2008-07-10T11:48:54Z</time>
      </trkpt>
      <trkpt lat="46.7649435" lon="12.7850751">
        <ele>2390.9360352</ele>
        <time>2008-07-10T11:49:03Z</time>
      </trkpt>
      <trkpt lat="46.7649380" lon="12.7850787">
        <ele>2391.4167480</ele>
        <time>2008-07-10T11:49:13Z</time>
      </trkpt>
      <trkpt lat="46.7649348" lon="12.7850760">
        <ele>2392.3781738</ele>
        <time>2008-07-10T11:49:25Z</time>
      </trkpt>
      <trkpt lat="46.7649178" lon="12.7850711">
        <ele>2394.7812500</ele>
        <time>2008-07-10T11:50:07Z</time>
      </trkpt>
      <trkpt lat="46.7649086" lon="12.7850629">
        <ele>2395.2619629</ele>
        <time>2008-07-10T11:50:22Z</time>
      </trkpt>
      <trkpt lat="46.7649069" lon="12.7850701">
        <ele>2396.7041016</ele>
        <time>2008-07-10T11:50:34Z</time>
      </trkpt>
      <trkpt lat="46.7649005" lon="12.7850715">
        <ele>2396.7041016</ele>
        <time>2008-07-10T11:50:46Z</time>
      </trkpt>
      <trkpt lat="46.7648857" lon="12.7850587">
        <ele>2397.6655273</ele>
        <time>2008-07-10T11:51:08Z</time>
      </trkpt>
      <trkpt lat="46.7648784" lon="12.7850581">
        <ele>2399.5881348</ele>
        <time>2008-07-10T11:51:24Z</time>
      </trkpt>
      <trkpt lat="46.7648798" lon="12.7850563">
        <ele>2400.5493164</ele>
        <time>2008-07-10T11:51:39Z</time>
      </trkpt>
      <trkpt lat="46.7648718" lon="12.7850598">
        <ele>2401.0300293</ele>
        <time>2008-07-10T11:51:46Z</time>
      </trkpt>
      <trkpt lat="46.7648669" lon="12.7850566">
        <ele>2401.0300293</ele>
        <time>2008-07-10T11:51:55Z</time>
      </trkpt>
      <trkpt lat="46.7648769" lon="12.7850524">
        <ele>2401.5107422</ele>
        <time>2008-07-10T11:52:48Z</time>
      </trkpt>
      <trkpt lat="46.7648438" lon="12.7850364">
        <ele>2403.4333496</ele>
        <time>2008-07-10T12:05:30Z</time>
      </trkpt>
      <trkpt lat="46.7648209" lon="12.7850493">
        <ele>2405.3559570</ele>
        <time>2008-07-10T12:07:14Z</time>
      </trkpt>
      <trkpt lat="46.7648267" lon="12.7850395">
        <ele>2406.7978516</ele>
        <time>2008-07-10T12:07:26Z</time>
      </trkpt>
      <trkpt lat="46.7648219" lon="12.7850362">
        <ele>2406.7978516</ele>
        <time>2008-07-10T12:07:35Z</time>
      </trkpt>
      <trkpt lat="46.7648155" lon="12.7850421">
        <ele>2405.8364258</ele>
        <time>2008-07-10T12:07:54Z</time>
      </trkpt>
      <trkpt lat="46.7648067" lon="12.7850188">
        <ele>2408.7204590</ele>
        <time>2008-07-10T12:08:56Z</time>
      </trkpt>
      <trkpt lat="46.7647997" lon="12.7850175">
        <ele>2409.2011719</ele>
        <time>2008-07-10T12:09:06Z</time>
      </trkpt>
      <trkpt lat="46.7647554" lon="12.7849870">
        <ele>2412.5659180</ele>
        <time>2008-07-10T12:10:38Z</time>
      </trkpt>
      <trkpt lat="46.7647583" lon="12.7849802">
        <ele>2413.0466309</ele>
        <time>2008-07-10T12:11:03Z</time>
      </trkpt>
      <trkpt lat="46.7647576" lon="12.7849752">
        <ele>2415.9304199</ele>
        <time>2008-07-10T12:11:30Z</time>
      </trkpt>
      <trkpt lat="46.7647592" lon="12.7849597">
        <ele>2419.2951660</ele>
        <time>2008-07-10T12:13:04Z</time>
      </trkpt>
      <trkpt lat="46.7647536" lon="12.7849520">
        <ele>2419.7756348</ele>
        <time>2008-07-10T12:13:27Z</time>
      </trkpt>
      <trkpt lat="46.7647467" lon="12.7849473">
        <ele>2423.1403809</ele>
        <time>2008-07-10T12:15:01Z</time>
      </trkpt>
      <trkpt lat="46.7647380" lon="12.7849432">
        <ele>2426.0241699</ele>
        <time>2008-07-10T12:16:28Z</time>
      </trkpt>
      <trkpt lat="46.7647256" lon="12.7849281">
        <ele>2432.2729492</ele>
        <time>2008-07-10T12:31:22Z</time>
      </trkpt>
      <trkpt lat="46.7647245" lon="12.7849343">
        <ele>2433.2341309</ele>
        <time>2008-07-10T12:31:40Z</time>
      </trkpt>
      <trkpt lat="46.7647215" lon="12.7849327">
        <ele>2433.7148438</ele>
        <time>2008-07-10T12:31:48Z</time>
      </trkpt>
      <trkpt lat="46.7647063" lon="12.7849215">
        <ele>2434.1955566</ele>
        <time>2008-07-10T12:32:27Z</time>
      </trkpt>
      <trkpt lat="46.7646986" lon="12.7849242">
        <ele>2440.9245605</ele>
        <time>2008-07-10T12:35:20Z</time>
      </trkpt>
      <trkpt lat="46.7647018" lon="12.7849120">
        <ele>2444.7700195</ele>
        <time>2008-07-10T12:36:50Z</time>
      </trkpt>
      <trkpt lat="46.7646931" lon="12.7849197">
        <ele>2445.7314453</ele>
        <time>2008-07-10T12:37:00Z</time>
      </trkpt>
      <trkpt lat="46.7646871" lon="12.7849178">
        <ele>2446.2121582</ele>
        <time>2008-07-10T12:37:12Z</time>
      </trkpt>
      <trkpt lat="46.7646882" lon="12.7849254">
        <ele>2446.2121582</ele>
        <time>2008-07-10T12:37:25Z</time>
      </trkpt>
      <trkpt lat="46.7646878" lon="12.7849275">
        <ele>2447.1733398</ele>
        <time>2008-07-10T12:37:40Z</time>
      </trkpt>
      <trkpt lat="46.7646744" lon="12.7849306">
        <ele>2448.1345215</ele>
        <time>2008-07-10T12:37:52Z</time>
      </trkpt>
      <trkpt lat="46.7646645" lon="12.7849327">
        <ele>2449.5766602</ele>
        <time>2008-07-10T12:38:01Z</time>
      </trkpt>
      <trkpt lat="46.7646567" lon="12.7849405">
        <ele>2450.0573730</ele>
        <time>2008-07-10T12:38:11Z</time>
      </trkpt>
      <trkpt lat="46.7646615" lon="12.7849363">
        <ele>2450.5378418</ele>
        <time>2008-07-10T12:38:19Z</time>
      </trkpt>
      <trkpt lat="46.7646593" lon="12.7849417">
        <ele>2450.5378418</ele>
        <time>2008-07-10T12:38:28Z</time>
      </trkpt>
      <trkpt lat="46.7646525" lon="12.7849435">
        <ele>2451.0185547</ele>
        <time>2008-07-10T12:38:37Z</time>
      </trkpt>
      <trkpt lat="46.7646501" lon="12.7849527">
        <ele>2451.4992676</ele>
        <time>2008-07-10T12:38:51Z</time>
      </trkpt>
      <trkpt lat="46.7646405" lon="12.7849590">
        <ele>2451.9797363</ele>
        <time>2008-07-10T12:39:02Z</time>
      </trkpt>
      <trkpt lat="46.7646316" lon="12.7849657">
        <ele>2451.4992676</ele>
        <time>2008-07-10T12:39:15Z</time>
      </trkpt>
      <trkpt lat="46.7646257" lon="12.7849695">
        <ele>2451.9797363</ele>
        <time>2008-07-10T12:39:24Z</time>
      </trkpt>
      <trkpt lat="46.7646297" lon="12.7849688">
        <ele>2453.4218750</ele>
        <time>2008-07-10T12:39:34Z</time>
      </trkpt>
      <trkpt lat="46.7646204" lon="12.7849581">
        <ele>2453.9025879</ele>
        <time>2008-07-10T12:39:45Z</time>
      </trkpt>
      <trkpt lat="46.7646224" lon="12.7849536">
        <ele>2453.9025879</ele>
        <time>2008-07-10T12:40:03Z</time>
      </trkpt>
      <trkpt lat="46.7646197" lon="12.7849476">
        <ele>2455.3444824</ele>
        <time>2008-07-10T12:40:13Z</time>
      </trkpt>
      <trkpt lat="46.7646037" lon="12.7849435">
        <ele>2455.3444824</ele>
        <time>2008-07-10T12:40:23Z</time>
      </trkpt>
      <trkpt lat="46.7645951" lon="12.7849354">
        <ele>2456.3056641</ele>
        <time>2008-07-10T12:40:32Z</time>
      </trkpt>
      <trkpt lat="46.7645951" lon="12.7849290">
        <ele>2455.8249512</ele>
        <time>2008-07-10T12:40:41Z</time>
      </trkpt>
      <trkpt lat="46.7645900" lon="12.7849404">
        <ele>2456.7863770</ele>
        <time>2008-07-10T12:40:52Z</time>
      </trkpt>
      <trkpt lat="46.7645729" lon="12.7849395">
        <ele>2457.2670898</ele>
        <time>2008-07-10T12:42:56Z</time>
      </trkpt>
      <trkpt lat="46.7645649" lon="12.7849358">
        <ele>2458.7089844</ele>
        <time>2008-07-10T12:45:08Z</time>
      </trkpt>
      <trkpt lat="46.7645602" lon="12.7849378">
        <ele>2458.2282715</ele>
        <time>2008-07-10T12:45:25Z</time>
      </trkpt>
      <trkpt lat="46.7645593" lon="12.7849354">
        <ele>2458.2282715</ele>
        <time>2008-07-10T12:45:40Z</time>
      </trkpt>
      <trkpt lat="46.7645519" lon="12.7849336">
        <ele>2458.2282715</ele>
        <time>2008-07-10T12:45:52Z</time>
      </trkpt>
      <trkpt lat="46.7645504" lon="12.7849193">
        <ele>2458.2282715</ele>
        <time>2008-07-10T12:46:02Z</time>
      </trkpt>
      <trkpt lat="46.7645396" lon="12.7849212">
        <ele>2458.2282715</ele>
        <time>2008-07-10T12:46:12Z</time>
      </trkpt>
      <trkpt lat="46.7645323" lon="12.7849230">
        <ele>2458.2282715</ele>
        <time>2008-07-10T12:46:37Z</time>
      </trkpt>
      <trkpt lat="46.7645318" lon="12.7849167">
        <ele>2458.2282715</ele>
        <time>2008-07-10T12:47:01Z</time>
      </trkpt>
      <trkpt lat="46.7645293" lon="12.7849180">
        <ele>2458.2282715</ele>
        <time>2008-07-10T12:47:13Z</time>
      </trkpt>
      <trkpt lat="46.7645225" lon="12.7849184">
        <ele>2457.2670898</ele>
        <time>2008-07-10T12:47:23Z</time>
      </trkpt>
      <trkpt lat="46.7645138" lon="12.7849194">
        <ele>2456.3056641</ele>
        <time>2008-07-10T12:47:36Z</time>
      </trkpt>
      <trkpt lat="46.7645091" lon="12.7849103">
        <ele>2455.8249512</ele>
        <time>2008-07-10T12:47:48Z</time>
      </trkpt>
      <trkpt lat="46.7645087" lon="12.7848968">
        <ele>2454.8637695</ele>
        <time>2008-07-10T12:47:57Z</time>
      </trkpt>
      <trkpt lat="46.7645047" lon="12.7848826">
        <ele>2455.3444824</ele>
        <time>2008-07-10T12:48:05Z</time>
      </trkpt>
      <trkpt lat="46.7645096" lon="12.7848436">
        <ele>2456.7863770</ele>
        <time>2008-07-10T12:48:14Z</time>
      </trkpt>
      <trkpt lat="46.7645066" lon="12.7848175">
        <ele>2458.2282715</ele>
        <time>2008-07-10T12:48:23Z</time>
      </trkpt>
      <trkpt lat="46.7645257" lon="12.7848094">
        <ele>2459.6701660</ele>
        <time>2008-07-10T12:48:29Z</time>
      </trkpt>
      <trkpt lat="46.7645376" lon="12.7848244">
        <ele>2462.5544434</ele>
        <time>2008-07-10T13:25:43Z</time>
      </trkpt>
      <trkpt lat="46.7645407" lon="12.7848417">
        <ele>2462.0737305</ele>
        <time>2008-07-10T13:25:53Z</time>
      </trkpt>
      <trkpt lat="46.7645442" lon="12.7848587">
        <ele>2460.6318359</ele>
        <time>2008-07-10T13:26:05Z</time>
      </trkpt>
      <trkpt lat="46.7645421" lon="12.7848838">
        <ele>2458.7089844</ele>
        <time>2008-07-10T13:26:14Z</time>
      </trkpt>
      <trkpt lat="46.7645275" lon="12.7848932">
        <ele>2458.7089844</ele>
        <time>2008-07-10T13:26:29Z</time>
      </trkpt>
      <trkpt lat="46.7645125" lon="12.7848970">
        <ele>2456.7863770</ele>
        <time>2008-07-10T13:26:37Z</time>
      </trkpt>
      <trkpt lat="46.7645064" lon="12.7849020">
        <ele>2456.3056641</ele>
        <time>2008-07-10T13:26:51Z</time>
      </trkpt>
      <trkpt lat="46.7644940" lon="12.7849001">
        <ele>2455.3444824</ele>
        <time>2008-07-10T13:27:03Z</time>
      </trkpt>
      <trkpt lat="46.7644853" lon="12.7849002">
        <ele>2455.3444824</ele>
        <time>2008-07-10T13:27:18Z</time>
      </trkpt>
      <trkpt lat="46.7644469" lon="12.7849105">
        <ele>2453.9025879</ele>
        <time>2008-07-10T13:27:33Z</time>
      </trkpt>
      <trkpt lat="46.7644406" lon="12.7849007">
        <ele>2449.5766602</ele>
        <time>2008-07-10T13:28:59Z</time>
      </trkpt>
      <trkpt lat="46.7644118" lon="12.7849087">
        <ele>2448.1345215</ele>
        <time>2008-07-10T13:29:08Z</time>
      </trkpt>
      <trkpt lat="46.7643982" lon="12.7849013">
        <ele>2447.6540527</ele>
        <time>2008-07-10T13:29:15Z</time>
      </trkpt>
      <trkpt lat="46.7643740" lon="12.7849120">
        <ele>2447.6540527</ele>
        <time>2008-07-10T13:29:22Z</time>
      </trkpt>
      <trkpt lat="46.7643509" lon="12.7848820">
        <ele>2445.7314453</ele>
        <time>2008-07-10T13:29:31Z</time>
      </trkpt>
      <trkpt lat="46.7643148" lon="12.7849031">
        <ele>2443.8085938</ele>
        <time>2008-07-10T13:29:38Z</time>
      </trkpt>
      <trkpt lat="46.7642875" lon="12.7848987">
        <ele>2442.3666992</ele>
        <time>2008-07-10T13:29:47Z</time>
      </trkpt>
      <trkpt lat="46.7642879" lon="12.7848903">
        <ele>2442.8471680</ele>
        <time>2008-07-10T13:29:56Z</time>
      </trkpt>
      <trkpt lat="46.7642941" lon="12.7849184">
        <ele>2441.4052734</ele>
        <time>2008-07-10T13:30:04Z</time>
      </trkpt>
      <trkpt lat="46.7642749" lon="12.7849270">
        <ele>2441.4052734</ele>
        <time>2008-07-10T13:30:12Z</time>
      </trkpt>
      <trkpt lat="46.7642474" lon="12.7849338">
        <ele>2440.4438477</ele>
        <time>2008-07-10T13:30:21Z</time>
      </trkpt>
      <trkpt lat="46.7642376" lon="12.7849420">
        <ele>2438.5214844</ele>
        <time>2008-07-10T13:30:29Z</time>
      </trkpt>
      <trkpt lat="46.7642097" lon="12.7849296">
        <ele>2437.5600586</ele>
        <time>2008-07-10T13:30:41Z</time>
      </trkpt>
      <trkpt lat="46.7642035" lon="12.7849649">
        <ele>2436.5986328</ele>
        <time>2008-07-10T13:30:48Z</time>
      </trkpt>
      <trkpt lat="46.7641848" lon="12.7849845">
        <ele>2435.6374512</ele>
        <time>2008-07-10T13:30:54Z</time>
      </trkpt>
      <trkpt lat="46.7641864" lon="12.7850419">
        <ele>2433.7148438</ele>
        <time>2008-07-10T13:31:02Z</time>
      </trkpt>
      <trkpt lat="46.7641624" lon="12.7850708">
        <ele>2431.7922363</ele>
        <time>2008-07-10T13:31:11Z</time>
      </trkpt>
      <trkpt lat="46.7641689" lon="12.7851250">
        <ele>2429.3889160</ele>
        <time>2008-07-10T13:31:21Z</time>
      </trkpt>
      <trkpt lat="46.7641773" lon="12.7851409">
        <ele>2428.4277344</ele>
        <time>2008-07-10T13:31:29Z</time>
      </trkpt>
      <trkpt lat="46.7641945" lon="12.7851690">
        <ele>2426.5048828</ele>
        <time>2008-07-10T13:31:36Z</time>
      </trkpt>
      <trkpt lat="46.7641998" lon="12.7852000">
        <ele>2425.0627441</ele>
        <time>2008-07-10T13:31:42Z</time>
      </trkpt>
      <trkpt lat="46.7641722" lon="12.7852211">
        <ele>2424.1015625</ele>
        <time>2008-07-10T13:31:51Z</time>
      </trkpt>
      <trkpt lat="46.7641804" lon="12.7852399">
        <ele>2423.6208496</ele>
        <time>2008-07-10T13:32:01Z</time>
      </trkpt>
      <trkpt lat="46.7641661" lon="12.7852657">
        <ele>2422.1789551</ele>
        <time>2008-07-10T13:32:09Z</time>
      </trkpt>
      <trkpt lat="46.7641548" lon="12.7852737">
        <ele>2419.7756348</ele>
        <time>2008-07-10T13:32:16Z</time>
      </trkpt>
      <trkpt lat="46.7641501" lon="12.7852894">
        <ele>2417.3723145</ele>
        <time>2008-07-10T13:32:22Z</time>
      </trkpt>
      <trkpt lat="46.7641081" lon="12.7852923">
        <ele>2415.9304199</ele>
        <time>2008-07-10T13:32:29Z</time>
      </trkpt>
      <trkpt lat="46.7640820" lon="12.7852894">
        <ele>2413.5270996</ele>
        <time>2008-07-10T13:32:39Z</time>
      </trkpt>
      <trkpt lat="46.7640604" lon="12.7852882">
        <ele>2413.0466309</ele>
        <time>2008-07-10T13:32:46Z</time>
      </trkpt>
      <trkpt lat="46.7640338" lon="12.7852875">
        <ele>2411.1237793</ele>
        <time>2008-07-10T13:32:53Z</time>
      </trkpt>
      <trkpt lat="46.7640009" lon="12.7852922">
        <ele>2408.7204590</ele>
        <time>2008-07-10T13:32:59Z</time>
      </trkpt>
      <trkpt lat="46.7639604" lon="12.7852932">
        <ele>2406.7978516</ele>
        <time>2008-07-10T13:33:07Z</time>
      </trkpt>
      <trkpt lat="46.7639273" lon="12.7853025">
        <ele>2405.3559570</ele>
        <time>2008-07-10T13:33:17Z</time>
      </trkpt>
      <trkpt lat="46.7639241" lon="12.7853600">
        <ele>2402.9526367</ele>
        <time>2008-07-10T13:33:30Z</time>
      </trkpt>
      <trkpt lat="46.7639418" lon="12.7854238">
        <ele>2401.0300293</ele>
        <time>2008-07-10T13:33:37Z</time>
      </trkpt>
      <trkpt lat="46.7639569" lon="12.7854578">
        <ele>2400.0688477</ele>
        <time>2008-07-10T13:33:44Z</time>
      </trkpt>
      <trkpt lat="46.7639406" lon="12.7854693">
        <ele>2397.1848145</ele>
        <time>2008-07-10T13:33:59Z</time>
      </trkpt>
      <trkpt lat="46.7639273" lon="12.7854668">
        <ele>2396.2236328</ele>
        <time>2008-07-10T13:34:05Z</time>
      </trkpt>
      <trkpt lat="46.7639314" lon="12.7854751">
        <ele>2394.3005371</ele>
        <time>2008-07-10T13:34:11Z</time>
      </trkpt>
      <trkpt lat="46.7638968" lon="12.7854730">
        <ele>2392.8586426</ele>
        <time>2008-07-10T13:34:18Z</time>
      </trkpt>
      <trkpt lat="46.7639181" lon="12.7855041">
        <ele>2391.4167480</ele>
        <time>2008-07-10T13:34:24Z</time>
      </trkpt>
      <trkpt lat="46.7639155" lon="12.7855593">
        <ele>2390.4553223</ele>
        <time>2008-07-10T13:34:32Z</time>
      </trkpt>
      <trkpt lat="46.7638998" lon="12.7855626">
        <ele>2389.4941406</ele>
        <time>2008-07-10T13:34:44Z</time>
      </trkpt>
      <trkpt lat="46.7639070" lon="12.7855772">
        <ele>2389.4941406</ele>
        <time>2008-07-10T13:34:50Z</time>
      </trkpt>
      <trkpt lat="46.7638943" lon="12.7855967">
        <ele>2388.5329590</ele>
        <time>2008-07-10T13:34:56Z</time>
      </trkpt>
      <trkpt lat="46.7638678" lon="12.7855811">
        <ele>2387.0908203</ele>
        <time>2008-07-10T13:35:05Z</time>
      </trkpt>
      <trkpt lat="46.7638387" lon="12.7855742">
        <ele>2385.1682129</ele>
        <time>2008-07-10T13:35:15Z</time>
      </trkpt>
      <trkpt lat="46.7638247" lon="12.7855718">
        <ele>2385.1682129</ele>
        <time>2008-07-10T13:35:27Z</time>
      </trkpt>
      <trkpt lat="46.7638223" lon="12.7855829">
        <ele>2383.7263184</ele>
        <time>2008-07-10T13:35:41Z</time>
      </trkpt>
      <trkpt lat="46.7638170" lon="12.7855983">
        <ele>2383.2456055</ele>
        <time>2008-07-10T13:35:53Z</time>
      </trkpt>
      <trkpt lat="46.7638055" lon="12.7856019">
        <ele>2382.2844238</ele>
        <time>2008-07-10T13:35:59Z</time>
      </trkpt>
      <trkpt lat="46.7637935" lon="12.7856113">
        <ele>2379.4001465</ele>
        <time>2008-07-10T13:36:07Z</time>
      </trkpt>
      <trkpt lat="46.7637905" lon="12.7856116">
        <ele>2378.9194336</ele>
        <time>2008-07-10T13:36:15Z</time>
      </trkpt>
      <trkpt lat="46.7637822" lon="12.7856089">
        <ele>2378.4389648</ele>
        <time>2008-07-10T13:36:28Z</time>
      </trkpt>
      <trkpt lat="46.7637728" lon="12.7856200">
        <ele>2376.9970703</ele>
        <time>2008-07-10T13:36:39Z</time>
      </trkpt>
      <trkpt lat="46.7637568" lon="12.7856481">
        <ele>2376.0356445</ele>
        <time>2008-07-10T13:36:45Z</time>
      </trkpt>
      <trkpt lat="46.7637564" lon="12.7856661">
        <ele>2375.0742188</ele>
        <time>2008-07-10T13:36:48Z</time>
      </trkpt>
      <trkpt lat="46.7637523" lon="12.7856891">
        <ele>2374.1130371</ele>
        <time>2008-07-10T13:36:55Z</time>
      </trkpt>
      <trkpt lat="46.7637796" lon="12.7857460">
        <ele>2371.2290039</ele>
        <time>2008-07-10T13:37:08Z</time>
      </trkpt>
      <trkpt lat="46.7637801" lon="12.7857577">
        <ele>2370.2678223</ele>
        <time>2008-07-10T13:37:10Z</time>
      </trkpt>
      <trkpt lat="46.7637842" lon="12.7857775">
        <ele>2368.8259277</ele>
        <time>2008-07-10T13:37:14Z</time>
      </trkpt>
      <trkpt lat="46.7637795" lon="12.7858057">
        <ele>2365.9418945</ele>
        <time>2008-07-10T13:37:29Z</time>
      </trkpt>
      <trkpt lat="46.7637778" lon="12.7858041">
        <ele>2365.9418945</ele>
        <time>2008-07-10T13:37:30Z</time>
      </trkpt>
      <trkpt lat="46.7637554" lon="12.7858351">
        <ele>2364.0192871</ele>
        <time>2008-07-10T13:37:40Z</time>
      </trkpt>
      <trkpt lat="46.7637405" lon="12.7858527">
        <ele>2363.0578613</ele>
        <time>2008-07-10T13:37:47Z</time>
      </trkpt>
      <trkpt lat="46.7637309" lon="12.7858477">
        <ele>2360.6545410</ele>
        <time>2008-07-10T13:39:34Z</time>
      </trkpt>
      <trkpt lat="46.7637160" lon="12.7858466">
        <ele>2361.6159668</ele>
        <time>2008-07-10T13:43:17Z</time>
      </trkpt>
      <trkpt lat="46.7637041" lon="12.7858497">
        <ele>2361.6159668</ele>
        <time>2008-07-10T13:43:54Z</time>
      </trkpt>
      <trkpt lat="46.7636861" lon="12.7858848">
        <ele>2360.6545410</ele>
        <time>2008-07-10T13:44:03Z</time>
      </trkpt>
      <trkpt lat="46.7636643" lon="12.7859134">
        <ele>2358.2512207</ele>
        <time>2008-07-10T13:44:11Z</time>
      </trkpt>
      <trkpt lat="46.7636231" lon="12.7859041">
        <ele>2356.8093262</ele>
        <time>2008-07-10T13:44:21Z</time>
      </trkpt>
      <trkpt lat="46.7636004" lon="12.7859220">
        <ele>2354.8867188</ele>
        <time>2008-07-10T13:44:28Z</time>
      </trkpt>
      <trkpt lat="46.7635835" lon="12.7859152">
        <ele>2353.4448242</ele>
        <time>2008-07-10T13:44:35Z</time>
      </trkpt>
      <trkpt lat="46.7635678" lon="12.7859079">
        <ele>2352.4833984</ele>
        <time>2008-07-10T13:44:44Z</time>
      </trkpt>
      <trkpt lat="46.7635645" lon="12.7858912">
        <ele>2350.5607910</ele>
        <time>2008-07-10T13:44:51Z</time>
      </trkpt>
      <trkpt lat="46.7635471" lon="12.7858591">
        <ele>2348.1574707</ele>
        <time>2008-07-10T13:45:15Z</time>
      </trkpt>
      <trkpt lat="46.7635423" lon="12.7858589">
        <ele>2347.6767578</ele>
        <time>2008-07-10T13:45:24Z</time>
      </trkpt>
      <trkpt lat="46.7635395" lon="12.7858491">
        <ele>2346.7153320</ele>
        <time>2008-07-10T13:45:30Z</time>
      </trkpt>
      <trkpt lat="46.7635259" lon="12.7858547">
        <ele>2346.2348633</ele>
        <time>2008-07-10T13:45:36Z</time>
      </trkpt>
      <trkpt lat="46.7635171" lon="12.7858584">
        <ele>2345.7541504</ele>
        <time>2008-07-10T13:45:50Z</time>
      </trkpt>
      <trkpt lat="46.7634846" lon="12.7858671">
        <ele>2343.8315430</ele>
        <time>2008-07-10T13:46:01Z</time>
      </trkpt>
      <trkpt lat="46.7634827" lon="12.7859021">
        <ele>2341.9089355</ele>
        <time>2008-07-10T13:47:13Z</time>
      </trkpt>
      <trkpt lat="46.7634868" lon="12.7859185">
        <ele>2340.4667969</ele>
        <time>2008-07-10T13:47:25Z</time>
      </trkpt>
      <trkpt lat="46.7634964" lon="12.7859328">
        <ele>2340.9475098</ele>
        <time>2008-07-10T13:47:40Z</time>
      </trkpt>
      <trkpt lat="46.7634974" lon="12.7859376">
        <ele>2339.9863281</ele>
        <time>2008-07-10T13:47:49Z</time>
      </trkpt>
      <trkpt lat="46.7634918" lon="12.7859492">
        <ele>2339.5056152</ele>
        <time>2008-07-10T13:47:57Z</time>
      </trkpt>
      <trkpt lat="46.7634870" lon="12.7859501">
        <ele>2337.1022949</ele>
        <time>2008-07-10T13:48:10Z</time>
      </trkpt>
      <trkpt lat="46.7634932" lon="12.7859486">
        <ele>2336.6215820</ele>
        <time>2008-07-10T13:48:38Z</time>
      </trkpt>
      <trkpt lat="46.7634984" lon="12.7859625">
        <ele>2335.1796875</ele>
        <time>2008-07-10T13:48:51Z</time>
      </trkpt>
      <trkpt lat="46.7635032" lon="12.7859600">
        <ele>2335.1796875</ele>
        <time>2008-07-10T13:49:01Z</time>
      </trkpt>
      <trkpt lat="46.7634860" lon="12.7859666">
        <ele>2335.1796875</ele>
        <time>2008-07-10T13:49:22Z</time>
      </trkpt>
      <trkpt lat="46.7634630" lon="12.7859707">
        <ele>2334.6992188</ele>
        <time>2008-07-10T13:49:32Z</time>
      </trkpt>
      <trkpt lat="46.7634579" lon="12.7859782">
        <ele>2334.2185059</ele>
        <time>2008-07-10T13:49:43Z</time>
      </trkpt>
      <trkpt lat="46.7634529" lon="12.7859848">
        <ele>2333.7377930</ele>
        <time>2008-07-10T13:49:50Z</time>
      </trkpt>
      <trkpt lat="46.7634524" lon="12.7859874">
        <ele>2332.7763672</ele>
        <time>2008-07-10T13:49:57Z</time>
      </trkpt>
      <trkpt lat="46.7634394" lon="12.7860054">
        <ele>2332.2958984</ele>
        <time>2008-07-10T13:50:06Z</time>
      </trkpt>
      <trkpt lat="46.7634398" lon="12.7860460">
        <ele>2331.3342285</ele>
        <time>2008-07-10T13:50:20Z</time>
      </trkpt>
      <trkpt lat="46.7634461" lon="12.7860848">
        <ele>2330.8537598</ele>
        <time>2008-07-10T13:50:28Z</time>
      </trkpt>
      <trkpt lat="46.7634388" lon="12.7861004">
        <ele>2330.3730469</ele>
        <time>2008-07-10T13:50:33Z</time>
      </trkpt>
      <trkpt lat="46.7634345" lon="12.7861292">
        <ele>2329.4116211</ele>
        <time>2008-07-10T13:50:39Z</time>
      </trkpt>
      <trkpt lat="46.7634202" lon="12.7861584">
        <ele>2328.4504395</ele>
        <time>2008-07-10T13:50:47Z</time>
      </trkpt>
      <trkpt lat="46.7634262" lon="12.7861884">
        <ele>2326.5278320</ele>
        <time>2008-07-10T13:50:53Z</time>
      </trkpt>
      <trkpt lat="46.7634213" lon="12.7862201">
        <ele>2324.6052246</ele>
        <time>2008-07-10T13:51:00Z</time>
      </trkpt>
      <trkpt lat="46.7634047" lon="12.7862273">
        <ele>2322.6826172</ele>
        <time>2008-07-10T13:51:05Z</time>
      </trkpt>
      <trkpt lat="46.7634016" lon="12.7862296">
        <ele>2322.6826172</ele>
        <time>2008-07-10T13:51:06Z</time>
      </trkpt>
      <trkpt lat="46.7633814" lon="12.7862361">
        <ele>2320.7600098</ele>
        <time>2008-07-10T13:51:10Z</time>
      </trkpt>
      <trkpt lat="46.7633881" lon="12.7862775">
        <ele>2320.7600098</ele>
        <time>2008-07-10T13:51:18Z</time>
      </trkpt>
      <trkpt lat="46.7633803" lon="12.7862861">
        <ele>2319.3181152</ele>
        <time>2008-07-10T13:51:25Z</time>
      </trkpt>
      <trkpt lat="46.7633602" lon="12.7863085">
        <ele>2317.8759766</ele>
        <time>2008-07-10T13:51:32Z</time>
      </trkpt>
      <trkpt lat="46.7633447" lon="12.7863137">
        <ele>2316.9147949</ele>
        <time>2008-07-10T13:51:39Z</time>
      </trkpt>
      <trkpt lat="46.7633353" lon="12.7863515">
        <ele>2314.9919434</ele>
        <time>2008-07-10T13:51:46Z</time>
      </trkpt>
      <trkpt lat="46.7633306" lon="12.7863827">
        <ele>2313.5498047</ele>
        <time>2008-07-10T13:51:53Z</time>
      </trkpt>
      <trkpt lat="46.7633123" lon="12.7864118">
        <ele>2311.1467285</ele>
        <time>2008-07-10T13:52:00Z</time>
      </trkpt>
      <trkpt lat="46.7632855" lon="12.7864034">
        <ele>2310.1853027</ele>
        <time>2008-07-10T13:52:06Z</time>
      </trkpt>
      <trkpt lat="46.7632682" lon="12.7864629">
        <ele>2309.2241211</ele>
        <time>2008-07-10T13:52:14Z</time>
      </trkpt>
      <trkpt lat="46.7632539" lon="12.7864894">
        <ele>2307.7822266</ele>
        <time>2008-07-10T13:52:17Z</time>
      </trkpt>
      <trkpt lat="46.7632363" lon="12.7865783">
        <ele>2306.8208008</ele>
        <time>2008-07-10T13:52:25Z</time>
      </trkpt>
      <trkpt lat="46.7632275" lon="12.7867464">
        <ele>2304.8981934</ele>
        <time>2008-07-10T13:52:37Z</time>
      </trkpt>
      <trkpt lat="46.7631975" lon="12.7868813">
        <ele>2303.9370117</ele>
        <time>2008-07-10T13:52:49Z</time>
      </trkpt>
      <trkpt lat="46.7631859" lon="12.7869115">
        <ele>2302.9755859</ele>
        <time>2008-07-10T13:52:53Z</time>
      </trkpt>
      <trkpt lat="46.7631572" lon="12.7869783">
        <ele>2300.5722656</ele>
        <time>2008-07-10T13:53:00Z</time>
      </trkpt>
      <trkpt lat="46.7631427" lon="12.7870114">
        <ele>2301.0529785</ele>
        <time>2008-07-10T13:53:09Z</time>
      </trkpt>
      <trkpt lat="46.7631457" lon="12.7870232">
        <ele>2301.0529785</ele>
        <time>2008-07-10T13:53:14Z</time>
      </trkpt>
      <trkpt lat="46.7631363" lon="12.7870134">
        <ele>2300.5722656</ele>
        <time>2008-07-10T13:53:42Z</time>
      </trkpt>
      <trkpt lat="46.7631458" lon="12.7870017">
        <ele>2300.0917969</ele>
        <time>2008-07-10T13:56:21Z</time>
      </trkpt>
      <trkpt lat="46.7631601" lon="12.7869934">
        <ele>2300.0917969</ele>
        <time>2008-07-10T14:02:11Z</time>
      </trkpt>
      <trkpt lat="46.7631959" lon="12.7869846">
        <ele>2299.1301270</ele>
        <time>2008-07-10T14:02:22Z</time>
      </trkpt>
      <trkpt lat="46.7631954" lon="12.7870017">
        <ele>2298.1687012</ele>
        <time>2008-07-10T14:02:31Z</time>
      </trkpt>
      <trkpt lat="46.7632309" lon="12.7870540">
        <ele>2296.2463379</ele>
        <time>2008-07-10T14:02:39Z</time>
      </trkpt>
      <trkpt lat="46.7632949" lon="12.7870810">
        <ele>2294.8041992</ele>
        <time>2008-07-10T14:02:48Z</time>
      </trkpt>
      <trkpt lat="46.7632705" lon="12.7871073">
        <ele>2293.3623047</ele>
        <time>2008-07-10T14:02:54Z</time>
      </trkpt>
      <trkpt lat="46.7632931" lon="12.7871358">
        <ele>2291.4396973</ele>
        <time>2008-07-10T14:03:00Z</time>
      </trkpt>
      <trkpt lat="46.7633455" lon="12.7871636">
        <ele>2289.9978027</ele>
        <time>2008-07-10T14:03:10Z</time>
      </trkpt>
      <trkpt lat="46.7633756" lon="12.7871835">
        <ele>2288.0751953</ele>
        <time>2008-07-10T14:03:16Z</time>
      </trkpt>
      <trkpt lat="46.7634004" lon="12.7872114">
        <ele>2286.6330566</ele>
        <time>2008-07-10T14:03:23Z</time>
      </trkpt>
      <trkpt lat="46.7634279" lon="12.7872497">
        <ele>2284.7106934</ele>
        <time>2008-07-10T14:03:31Z</time>
      </trkpt>
      <trkpt lat="46.7634174" lon="12.7872762">
        <ele>2283.2683105</ele>
        <time>2008-07-10T14:03:35Z</time>
      </trkpt>
      <trkpt lat="46.7634153" lon="12.7873342">
        <ele>2280.8652344</ele>
        <time>2008-07-10T14:03:43Z</time>
      </trkpt>
      <trkpt lat="46.7634081" lon="12.7873750">
        <ele>2279.9038086</ele>
        <time>2008-07-10T14:03:49Z</time>
      </trkpt>
      <trkpt lat="46.7634113" lon="12.7874296">
        <ele>2277.0200195</ele>
        <time>2008-07-10T14:03:56Z</time>
      </trkpt>
      <trkpt lat="46.7634736" lon="12.7874512">
        <ele>2275.0971680</ele>
        <time>2008-07-10T14:04:04Z</time>
      </trkpt>
      <trkpt lat="46.7635019" lon="12.7874403">
        <ele>2273.6552734</ele>
        <time>2008-07-10T14:04:11Z</time>
      </trkpt>
      <trkpt lat="46.7635424" lon="12.7874834">
        <ele>2272.6940918</ele>
        <time>2008-07-10T14:04:19Z</time>
      </trkpt>
      <trkpt lat="46.7635680" lon="12.7874454">
        <ele>2272.6940918</ele>
        <time>2008-07-10T14:04:25Z</time>
      </trkpt>
      <trkpt lat="46.7635792" lon="12.7874811">
        <ele>2272.2133789</ele>
        <time>2008-07-10T14:04:30Z</time>
      </trkpt>
      <trkpt lat="46.7635553" lon="12.7875566">
        <ele>2270.7714844</ele>
        <time>2008-07-10T14:04:38Z</time>
      </trkpt>
      <trkpt lat="46.7635896" lon="12.7875791">
        <ele>2267.4064941</ele>
        <time>2008-07-10T14:04:45Z</time>
      </trkpt>
      <trkpt lat="46.7635730" lon="12.7876163">
        <ele>2265.9645996</ele>
        <time>2008-07-10T14:04:54Z</time>
      </trkpt>
      <trkpt lat="46.7635685" lon="12.7876429">
        <ele>2264.5227051</ele>
        <time>2008-07-10T14:05:01Z</time>
      </trkpt>
      <trkpt lat="46.7636031" lon="12.7876689">
        <ele>2264.0419922</ele>
        <time>2008-07-10T14:05:07Z</time>
      </trkpt>
      <trkpt lat="46.7636845" lon="12.7877493">
        <ele>2261.6389160</ele>
        <time>2008-07-10T14:05:18Z</time>
      </trkpt>
      <trkpt lat="46.7637051" lon="12.7877647">
        <ele>2260.6774902</ele>
        <time>2008-07-10T14:05:22Z</time>
      </trkpt>
      <trkpt lat="46.7636885" lon="12.7877796">
        <ele>2260.1967773</ele>
        <time>2008-07-10T14:05:24Z</time>
      </trkpt>
      <trkpt lat="46.7636221" lon="12.7877891">
        <ele>2257.7937012</ele>
        <time>2008-07-10T14:05:33Z</time>
      </trkpt>
      <trkpt lat="46.7636652" lon="12.7878316">
        <ele>2256.8322754</ele>
        <time>2008-07-10T14:05:39Z</time>
      </trkpt>
      <trkpt lat="46.7637034" lon="12.7878852">
        <ele>2254.9096680</ele>
        <time>2008-07-10T14:05:48Z</time>
      </trkpt>
      <trkpt lat="46.7637247" lon="12.7879118">
        <ele>2253.4677734</ele>
        <time>2008-07-10T14:05:52Z</time>
      </trkpt>
      <trkpt lat="46.7636885" lon="12.7879186">
        <ele>2252.5063477</ele>
        <time>2008-07-10T14:05:58Z</time>
      </trkpt>
      <trkpt lat="46.7637199" lon="12.7879714">
        <ele>2250.5834961</ele>
        <time>2008-07-10T14:06:06Z</time>
      </trkpt>
      <trkpt lat="46.7637543" lon="12.7880164">
        <ele>2248.6608887</ele>
        <time>2008-07-10T14:06:14Z</time>
      </trkpt>
      <trkpt lat="46.7637604" lon="12.7880233">
        <ele>2248.6608887</ele>
        <time>2008-07-10T14:06:15Z</time>
      </trkpt>
      <trkpt lat="46.7637845" lon="12.7880476">
        <ele>2247.6997070</ele>
        <time>2008-07-10T14:06:19Z</time>
      </trkpt>
      <trkpt lat="46.7638088" lon="12.7881014">
        <ele>2245.7770996</ele>
        <time>2008-07-10T14:06:27Z</time>
      </trkpt>
      <trkpt lat="46.7638194" lon="12.7881548">
        <ele>2244.3349609</ele>
        <time>2008-07-10T14:06:35Z</time>
      </trkpt>
      <trkpt lat="46.7637842" lon="12.7881574">
        <ele>2242.8930664</ele>
        <time>2008-07-10T14:06:39Z</time>
      </trkpt>
      <trkpt lat="46.7636904" lon="12.7881486">
        <ele>2240.0092773</ele>
        <time>2008-07-10T14:06:50Z</time>
      </trkpt>
      <trkpt lat="46.7636234" lon="12.7881212">
        <ele>2237.6059570</ele>
        <time>2008-07-10T14:06:59Z</time>
      </trkpt>
      <trkpt lat="46.7635735" lon="12.7881497">
        <ele>2237.1252441</ele>
        <time>2008-07-10T14:07:08Z</time>
      </trkpt>
      <trkpt lat="46.7635393" lon="12.7881968">
        <ele>2236.1640625</ele>
        <time>2008-07-10T14:07:16Z</time>
      </trkpt>
      <trkpt lat="46.7635236" lon="12.7882577">
        <ele>2235.2023926</ele>
        <time>2008-07-10T14:07:24Z</time>
      </trkpt>
      <trkpt lat="46.7635242" lon="12.7883082">
        <ele>2231.8378906</ele>
        <time>2008-07-10T14:07:31Z</time>
      </trkpt>
      <trkpt lat="46.7635443" lon="12.7883253">
        <ele>2230.8767090</ele>
        <time>2008-07-10T14:07:38Z</time>
      </trkpt>
      <trkpt lat="46.7635550" lon="12.7883354">
        <ele>2230.3959961</ele>
        <time>2008-07-10T14:07:41Z</time>
      </trkpt>
      <trkpt lat="46.7635310" lon="12.7884151">
        <ele>2227.5119629</ele>
        <time>2008-07-10T14:07:50Z</time>
      </trkpt>
      <trkpt lat="46.7635399" lon="12.7884688">
        <ele>2226.5507813</ele>
        <time>2008-07-10T14:07:59Z</time>
      </trkpt>
      <trkpt lat="46.7635585" lon="12.7885307">
        <ele>2224.1474609</ele>
        <time>2008-07-10T14:08:08Z</time>
      </trkpt>
      <trkpt lat="46.7635460" lon="12.7885710">
        <ele>2223.1862793</ele>
        <time>2008-07-10T14:08:13Z</time>
      </trkpt>
      <trkpt lat="46.7635519" lon="12.7886075">
        <ele>2222.7055664</ele>
        <time>2008-07-10T14:08:18Z</time>
      </trkpt>
      <trkpt lat="46.7635388" lon="12.7886674">
        <ele>2220.7829590</ele>
        <time>2008-07-10T14:08:25Z</time>
      </trkpt>
      <trkpt lat="46.7635500" lon="12.7887257">
        <ele>2219.3408203</ele>
        <time>2008-07-10T14:08:31Z</time>
      </trkpt>
      <trkpt lat="46.7635355" lon="12.7887852">
        <ele>2217.8986816</ele>
        <time>2008-07-10T14:08:37Z</time>
      </trkpt>
      <trkpt lat="46.7635632" lon="12.7887820">
        <ele>2216.4567871</ele>
        <time>2008-07-10T14:08:44Z</time>
      </trkpt>
      <trkpt lat="46.7635901" lon="12.7887850">
        <ele>2215.4956055</ele>
        <time>2008-07-10T14:08:50Z</time>
      </trkpt>
      <trkpt lat="46.7636167" lon="12.7887785">
        <ele>2214.0534668</ele>
        <time>2008-07-10T14:08:56Z</time>
      </trkpt>
      <trkpt lat="46.7636471" lon="12.7887463">
        <ele>2212.6115723</ele>
        <time>2008-07-10T14:09:01Z</time>
      </trkpt>
      <trkpt lat="46.7636683" lon="12.7887427">
        <ele>2211.6503906</ele>
        <time>2008-07-10T14:09:10Z</time>
      </trkpt>
      <trkpt lat="46.7636876" lon="12.7887887">
        <ele>2208.2856445</ele>
        <time>2008-07-10T14:09:21Z</time>
      </trkpt>
      <trkpt lat="46.7636999" lon="12.7887977">
        <ele>2206.8437500</ele>
        <time>2008-07-10T14:09:26Z</time>
      </trkpt>
      <trkpt lat="46.7636886" lon="12.7888824">
        <ele>2205.4018555</ele>
        <time>2008-07-10T14:09:35Z</time>
      </trkpt>
      <trkpt lat="46.7636772" lon="12.7889727">
        <ele>2202.9982910</ele>
        <time>2008-07-10T14:09:44Z</time>
      </trkpt>
      <trkpt lat="46.7636667" lon="12.7890530">
        <ele>2201.5563965</ele>
        <time>2008-07-10T14:09:50Z</time>
      </trkpt>
      <trkpt lat="46.7636030" lon="12.7890894">
        <ele>2201.0756836</ele>
        <time>2008-07-10T14:09:59Z</time>
      </trkpt>
      <trkpt lat="46.7635881" lon="12.7891210">
        <ele>2200.1145020</ele>
        <time>2008-07-10T14:10:04Z</time>
      </trkpt>
      <trkpt lat="46.7636171" lon="12.7892041">
        <ele>2198.1916504</ele>
        <time>2008-07-10T14:10:13Z</time>
      </trkpt>
      <trkpt lat="46.7636232" lon="12.7892752">
        <ele>2195.7885742</ele>
        <time>2008-07-10T14:10:22Z</time>
      </trkpt>
      <trkpt lat="46.7635818" lon="12.7894006">
        <ele>2192.4240723</ele>
        <time>2008-07-10T14:10:35Z</time>
      </trkpt>
      <trkpt lat="46.7635711" lon="12.7894466">
        <ele>2190.5012207</ele>
        <time>2008-07-10T14:10:40Z</time>
      </trkpt>
      <trkpt lat="46.7635332" lon="12.7895633">
        <ele>2187.6171875</ele>
        <time>2008-07-10T14:10:54Z</time>
      </trkpt>
      <trkpt lat="46.7635197" lon="12.7897311">
        <ele>2184.2526855</ele>
        <time>2008-07-10T14:11:07Z</time>
      </trkpt>
      <trkpt lat="46.7635466" lon="12.7899637">
        <ele>2173.1977539</ele>
        <time>2008-07-10T14:12:38Z</time>
      </trkpt>
      <trkpt lat="46.7635843" lon="12.7899543">
        <ele>2170.3134766</ele>
        <time>2008-07-10T14:12:51Z</time>
      </trkpt>
      <trkpt lat="46.7635987" lon="12.7899174">
        <ele>2168.3908691</ele>
        <time>2008-07-10T14:13:02Z</time>
      </trkpt>
      <trkpt lat="46.7636486" lon="12.7899165">
        <ele>2166.4682617</ele>
        <time>2008-07-10T14:13:11Z</time>
      </trkpt>
      <trkpt lat="46.7636462" lon="12.7899309">
        <ele>2165.0263672</ele>
        <time>2008-07-10T14:13:13Z</time>
      </trkpt>
      <trkpt lat="46.7636300" lon="12.7900099">
        <ele>2164.0649414</ele>
        <time>2008-07-10T14:13:21Z</time>
      </trkpt>
      <trkpt lat="46.7636472" lon="12.7900300">
        <ele>2162.6230469</ele>
        <time>2008-07-10T14:13:27Z</time>
      </trkpt>
      <trkpt lat="46.7636802" lon="12.7900321">
        <ele>2161.6618652</ele>
        <time>2008-07-10T14:13:35Z</time>
      </trkpt>
      <trkpt lat="46.7637098" lon="12.7900300">
        <ele>2159.7390137</ele>
        <time>2008-07-10T14:13:43Z</time>
      </trkpt>
      <trkpt lat="46.7637377" lon="12.7900458">
        <ele>2158.7778320</ele>
        <time>2008-07-10T14:13:49Z</time>
      </trkpt>
      <trkpt lat="46.7637491" lon="12.7900516">
        <ele>2157.8166504</ele>
        <time>2008-07-10T14:13:57Z</time>
      </trkpt>
      <trkpt lat="46.7637807" lon="12.7900735">
        <ele>2156.3745117</ele>
        <time>2008-07-10T14:14:11Z</time>
      </trkpt>
      <trkpt lat="46.7638204" lon="12.7900699">
        <ele>2154.9323730</ele>
        <time>2008-07-10T14:14:20Z</time>
      </trkpt>
      <trkpt lat="46.7638258" lon="12.7901093">
        <ele>2153.9711914</ele>
        <time>2008-07-10T14:14:29Z</time>
      </trkpt>
      <trkpt lat="46.7638707" lon="12.7900699">
        <ele>2151.0871582</ele>
        <time>2008-07-10T14:14:37Z</time>
      </trkpt>
      <trkpt lat="46.7639216" lon="12.7900360">
        <ele>2149.1645508</ele>
        <time>2008-07-10T14:14:46Z</time>
      </trkpt>
      <trkpt lat="46.7639595" lon="12.7900303">
        <ele>2147.2419434</ele>
        <time>2008-07-10T14:14:54Z</time>
      </trkpt>
      <trkpt lat="46.7640070" lon="12.7900266">
        <ele>2145.8000488</ele>
        <time>2008-07-10T14:15:01Z</time>
      </trkpt>
      <trkpt lat="46.7640247" lon="12.7900722">
        <ele>2143.3967285</ele>
        <time>2008-07-10T14:15:09Z</time>
      </trkpt>
      <trkpt lat="46.7640401" lon="12.7901165">
        <ele>2141.4741211</ele>
        <time>2008-07-10T14:15:17Z</time>
      </trkpt>
      <trkpt lat="46.7640481" lon="12.7901507">
        <ele>2141.4741211</ele>
        <time>2008-07-10T14:15:23Z</time>
      </trkpt>
      <trkpt lat="46.7640667" lon="12.7901455">
        <ele>2140.0322266</ele>
        <time>2008-07-10T14:15:28Z</time>
      </trkpt>
      <trkpt lat="46.7640796" lon="12.7901869">
        <ele>2138.1093750</ele>
        <time>2008-07-10T14:15:37Z</time>
      </trkpt>
      <trkpt lat="46.7641127" lon="12.7901743">
        <ele>2135.7060547</ele>
        <time>2008-07-10T14:15:44Z</time>
      </trkpt>
      <trkpt lat="46.7641335" lon="12.7901946">
        <ele>2134.7448730</ele>
        <time>2008-07-10T14:15:51Z</time>
      </trkpt>
      <trkpt lat="46.7641641" lon="12.7901991">
        <ele>2133.3027344</ele>
        <time>2008-07-10T14:15:58Z</time>
      </trkpt>
      <trkpt lat="46.7642034" lon="12.7901838">
        <ele>2131.3801270</ele>
        <time>2008-07-10T14:16:05Z</time>
      </trkpt>
      <trkpt lat="46.7642633" lon="12.7901802">
        <ele>2129.4575195</ele>
        <time>2008-07-10T14:16:16Z</time>
      </trkpt>
      <trkpt lat="46.7643245" lon="12.7901460">
        <ele>2126.5737305</ele>
        <time>2008-07-10T14:16:25Z</time>
      </trkpt>
      <trkpt lat="46.7643602" lon="12.7901530">
        <ele>2125.6123047</ele>
        <time>2008-07-10T14:16:31Z</time>
      </trkpt>
      <trkpt lat="46.7644133" lon="12.7901621">
        <ele>2123.6894531</ele>
        <time>2008-07-10T14:16:40Z</time>
      </trkpt>
      <trkpt lat="46.7644500" lon="12.7901883">
        <ele>2122.2475586</ele>
        <time>2008-07-10T14:16:48Z</time>
      </trkpt>
      <trkpt lat="46.7645021" lon="12.7901756">
        <ele>2119.8442383</ele>
        <time>2008-07-10T14:16:57Z</time>
      </trkpt>
      <trkpt lat="46.7645121" lon="12.7902367">
        <ele>2118.8830566</ele>
        <time>2008-07-10T14:17:07Z</time>
      </trkpt>
      <trkpt lat="46.7645555" lon="12.7902445">
        <ele>2117.4409180</ele>
        <time>2008-07-10T14:17:15Z</time>
      </trkpt>
      <trkpt lat="46.7645822" lon="12.7902646">
        <ele>2115.0378418</ele>
        <time>2008-07-10T14:17:22Z</time>
      </trkpt>
      <trkpt lat="46.7646064" lon="12.7902884">
        <ele>2113.5957031</ele>
        <time>2008-07-10T14:17:28Z</time>
      </trkpt>
      <trkpt lat="46.7646256" lon="12.7903261">
        <ele>2111.6733398</ele>
        <time>2008-07-10T14:17:36Z</time>
      </trkpt>
      <trkpt lat="46.7646681" lon="12.7903237">
        <ele>2109.2700195</ele>
        <time>2008-07-10T14:17:43Z</time>
      </trkpt>
      <trkpt lat="46.7646992" lon="12.7903049">
        <ele>2108.7893066</ele>
        <time>2008-07-10T14:17:49Z</time>
      </trkpt>
      <trkpt lat="46.7647318" lon="12.7903210">
        <ele>2106.8664551</ele>
        <time>2008-07-10T14:17:55Z</time>
      </trkpt>
      <trkpt lat="46.7647639" lon="12.7902998">
        <ele>2105.4245605</ele>
        <time>2008-07-10T14:18:02Z</time>
      </trkpt>
      <trkpt lat="46.7648116" lon="12.7903091">
        <ele>2103.9826660</ele>
        <time>2008-07-10T14:18:09Z</time>
      </trkpt>
      <trkpt lat="46.7648914" lon="12.7903625">
        <ele>2102.0598145</ele>
        <time>2008-07-10T14:18:25Z</time>
      </trkpt>
      <trkpt lat="46.7649139" lon="12.7904136">
        <ele>2099.6567383</ele>
        <time>2008-07-10T14:18:32Z</time>
      </trkpt>
      <trkpt lat="46.7649741" lon="12.7904485">
        <ele>2096.7727051</ele>
        <time>2008-07-10T14:18:43Z</time>
      </trkpt>
      <trkpt lat="46.7650277" lon="12.7904951">
        <ele>2095.3308105</ele>
        <time>2008-07-10T14:18:53Z</time>
      </trkpt>
      <trkpt lat="46.7650944" lon="12.7905040">
        <ele>2092.9274902</ele>
        <time>2008-07-10T14:19:03Z</time>
      </trkpt>
      <trkpt lat="46.7651380" lon="12.7905076">
        <ele>2091.9660645</ele>
        <time>2008-07-10T14:19:08Z</time>
      </trkpt>
      <trkpt lat="46.7651810" lon="12.7904794">
        <ele>2090.5239258</ele>
        <time>2008-07-10T14:19:14Z</time>
      </trkpt>
      <trkpt lat="46.7652006" lon="12.7904770">
        <ele>2090.5239258</ele>
        <time>2008-07-10T14:19:16Z</time>
      </trkpt>
      <trkpt lat="46.7652662" lon="12.7904257">
        <ele>2089.5627441</ele>
        <time>2008-07-10T14:19:24Z</time>
      </trkpt>
      <trkpt lat="46.7653067" lon="12.7904434">
        <ele>2089.0820313</ele>
        <time>2008-07-10T14:19:30Z</time>
      </trkpt>
      <trkpt lat="46.7653341" lon="12.7905060">
        <ele>2089.5627441</ele>
        <time>2008-07-10T14:19:45Z</time>
      </trkpt>
      <trkpt lat="46.7653398" lon="12.7905718">
        <ele>2091.0046387</ele>
        <time>2008-07-10T14:19:54Z</time>
      </trkpt>
      <trkpt lat="46.7653642" lon="12.7905967">
        <ele>2092.4470215</ele>
        <time>2008-07-10T14:20:02Z</time>
      </trkpt>
      <trkpt lat="46.7653777" lon="12.7906262">
        <ele>2093.8889160</ele>
        <time>2008-07-10T14:20:10Z</time>
      </trkpt>
      <trkpt lat="46.7653871" lon="12.7906646">
        <ele>2094.3693848</ele>
        <time>2008-07-10T14:20:18Z</time>
      </trkpt>
      <trkpt lat="46.7653864" lon="12.7907033">
        <ele>2094.8500977</ele>
        <time>2008-07-10T14:20:25Z</time>
      </trkpt>
      <trkpt lat="46.7653960" lon="12.7907433">
        <ele>2097.2534180</ele>
        <time>2008-07-10T14:20:32Z</time>
      </trkpt>
      <trkpt lat="46.7654182" lon="12.7907874">
        <ele>2097.7341309</ele>
        <time>2008-07-10T14:20:39Z</time>
      </trkpt>
      <trkpt lat="46.7654499" lon="12.7908376">
        <ele>2097.7341309</ele>
        <time>2008-07-10T14:20:46Z</time>
      </trkpt>
      <trkpt lat="46.7655026" lon="12.7908743">
        <ele>2098.6953125</ele>
        <time>2008-07-10T14:20:54Z</time>
      </trkpt>
      <trkpt lat="46.7655535" lon="12.7908905">
        <ele>2097.7341309</ele>
        <time>2008-07-10T14:21:02Z</time>
      </trkpt>
      <trkpt lat="46.7655913" lon="12.7909256">
        <ele>2096.7727051</ele>
        <time>2008-07-10T14:21:09Z</time>
      </trkpt>
      <trkpt lat="46.7656537" lon="12.7909215">
        <ele>2095.8115234</ele>
        <time>2008-07-10T14:21:18Z</time>
      </trkpt>
      <trkpt lat="46.7656685" lon="12.7909158">
        <ele>2094.3693848</ele>
        <time>2008-07-10T14:21:21Z</time>
      </trkpt>
      <trkpt lat="46.7656835" lon="12.7909384">
        <ele>2092.4470215</ele>
        <time>2008-07-10T14:21:24Z</time>
      </trkpt>
      <trkpt lat="46.7657154" lon="12.7909017">
        <ele>2091.0046387</ele>
        <time>2008-07-10T14:21:30Z</time>
      </trkpt>
      <trkpt lat="46.7657217" lon="12.7908987">
        <ele>2090.5239258</ele>
        <time>2008-07-10T14:21:31Z</time>
      </trkpt>
      <trkpt lat="46.7657479" lon="12.7909205">
        <ele>2089.5627441</ele>
        <time>2008-07-10T14:21:34Z</time>
      </trkpt>
      <trkpt lat="46.7658341" lon="12.7909106">
        <ele>2090.5239258</ele>
        <time>2008-07-10T14:21:44Z</time>
      </trkpt>
      <trkpt lat="46.7658663" lon="12.7908603">
        <ele>2090.0434570</ele>
        <time>2008-07-10T14:21:50Z</time>
      </trkpt>
      <trkpt lat="46.7658906" lon="12.7908531">
        <ele>2090.5239258</ele>
        <time>2008-07-10T14:21:55Z</time>
      </trkpt>
      <trkpt lat="46.7659041" lon="12.7908359">
        <ele>2090.5239258</ele>
        <time>2008-07-10T14:22:02Z</time>
      </trkpt>
      <trkpt lat="46.7659049" lon="12.7908515">
        <ele>2090.5239258</ele>
        <time>2008-07-10T14:22:09Z</time>
      </trkpt>
      <trkpt lat="46.7659107" lon="12.7908311">
        <ele>2090.0434570</ele>
        <time>2008-07-10T14:22:20Z</time>
      </trkpt>
      <trkpt lat="46.7659176" lon="12.7908401">
        <ele>2090.0434570</ele>
        <time>2008-07-10T14:22:42Z</time>
      </trkpt>
      <trkpt lat="46.7659207" lon="12.7908410">
        <ele>2090.5239258</ele>
        <time>2008-07-10T14:22:55Z</time>
      </trkpt>
      <trkpt lat="46.7659241" lon="12.7908291">
        <ele>2090.5239258</ele>
        <time>2008-07-10T14:23:04Z</time>
      </trkpt>
      <trkpt lat="46.7659244" lon="12.7908373">
        <ele>2091.4853516</ele>
        <time>2008-07-10T14:23:32Z</time>
      </trkpt>
      <trkpt lat="46.7659253" lon="12.7908387">
        <ele>2090.0434570</ele>
        <time>2008-07-10T14:23:45Z</time>
      </trkpt>
      <trkpt lat="46.7659434" lon="12.7908518">
        <ele>2090.5239258</ele>
        <time>2008-07-10T14:24:06Z</time>
      </trkpt>
      <trkpt lat="46.7659729" lon="12.7909012">
        <ele>2093.4082031</ele>
        <time>2008-07-10T14:24:15Z</time>
      </trkpt>
      <trkpt lat="46.7660003" lon="12.7909034">
        <ele>2092.9274902</ele>
        <time>2008-07-10T14:24:19Z</time>
      </trkpt>
      <trkpt lat="46.7660811" lon="12.7909701">
        <ele>2093.8889160</ele>
        <time>2008-07-10T14:24:30Z</time>
      </trkpt>
      <trkpt lat="46.7661615" lon="12.7909981">
        <ele>2095.8115234</ele>
        <time>2008-07-10T14:24:41Z</time>
      </trkpt>
      <trkpt lat="46.7662212" lon="12.7910570">
        <ele>2098.2145996</ele>
        <time>2008-07-10T14:24:50Z</time>
      </trkpt>
      <trkpt lat="46.7662490" lon="12.7910598">
        <ele>2097.7341309</ele>
        <time>2008-07-10T14:24:53Z</time>
      </trkpt>
      <trkpt lat="46.7662711" lon="12.7910570">
        <ele>2097.7341309</ele>
        <time>2008-07-10T14:24:55Z</time>
      </trkpt>
      <trkpt lat="46.7664080" lon="12.7910188">
        <ele>2094.8500977</ele>
        <time>2008-07-10T14:25:07Z</time>
      </trkpt>
      <trkpt lat="46.7664735" lon="12.7909762">
        <ele>2094.3693848</ele>
        <time>2008-07-10T14:25:15Z</time>
      </trkpt>
      <trkpt lat="46.7665766" lon="12.7908943">
        <ele>2092.9274902</ele>
        <time>2008-07-10T14:25:25Z</time>
      </trkpt>
      <trkpt lat="46.7666060" lon="12.7908843">
        <ele>2092.9274902</ele>
        <time>2008-07-10T14:25:28Z</time>
      </trkpt>
      <trkpt lat="46.7666234" lon="12.7908710">
        <ele>2091.9660645</ele>
        <time>2008-07-10T14:25:30Z</time>
      </trkpt>
      <trkpt lat="46.7666676" lon="12.7908629">
        <ele>2091.0046387</ele>
        <time>2008-07-10T14:25:34Z</time>
      </trkpt>
      <trkpt lat="46.7667565" lon="12.7908011">
        <ele>2087.6401367</ele>
        <time>2008-07-10T14:25:43Z</time>
      </trkpt>
      <trkpt lat="46.7667767" lon="12.7907944">
        <ele>2087.1594238</ele>
        <time>2008-07-10T14:25:45Z</time>
      </trkpt>
      <trkpt lat="46.7668083" lon="12.7907971">
        <ele>2086.1982422</ele>
        <time>2008-07-10T14:25:48Z</time>
      </trkpt>
      <trkpt lat="46.7668281" lon="12.7907887">
        <ele>2085.2368164</ele>
        <time>2008-07-10T14:25:50Z</time>
      </trkpt>
      <trkpt lat="46.7668971" lon="12.7908023">
        <ele>2081.8723145</ele>
        <time>2008-07-10T14:25:57Z</time>
      </trkpt>
      <trkpt lat="46.7669448" lon="12.7908116">
        <ele>2081.3916016</ele>
        <time>2008-07-10T14:26:01Z</time>
      </trkpt>
      <trkpt lat="46.7669903" lon="12.7908484">
        <ele>2080.9111328</ele>
        <time>2008-07-10T14:26:05Z</time>
      </trkpt>
      <trkpt lat="46.7671186" lon="12.7908350">
        <ele>2079.4689941</ele>
        <time>2008-07-10T14:26:15Z</time>
      </trkpt>
      <trkpt lat="46.7671650" lon="12.7908216">
        <ele>2078.0270996</ele>
        <time>2008-07-10T14:26:19Z</time>
      </trkpt>
      <trkpt lat="46.7671841" lon="12.7908333">
        <ele>2077.0659180</ele>
        <time>2008-07-10T14:26:21Z</time>
      </trkpt>
      <trkpt lat="46.7672201" lon="12.7908270">
        <ele>2075.6235352</ele>
        <time>2008-07-10T14:26:24Z</time>
      </trkpt>
      <trkpt lat="46.7673106" lon="12.7908407">
        <ele>2074.1816406</ele>
        <time>2008-07-10T14:26:31Z</time>
      </trkpt>
      <trkpt lat="46.7674041" lon="12.7908381">
        <ele>2070.3364258</ele>
        <time>2008-07-10T14:26:38Z</time>
      </trkpt>
      <trkpt lat="46.7674157" lon="12.7908417">
        <ele>2069.8557129</ele>
        <time>2008-07-10T14:26:39Z</time>
      </trkpt>
      <trkpt lat="46.7674954" lon="12.7908417">
        <ele>2067.4523926</ele>
        <time>2008-07-10T14:26:45Z</time>
      </trkpt>
      <trkpt lat="46.7675203" lon="12.7908385">
        <ele>2066.9719238</ele>
        <time>2008-07-10T14:26:47Z</time>
      </trkpt>
      <trkpt lat="46.7675518" lon="12.7908034">
        <ele>2066.0104980</ele>
        <time>2008-07-10T14:26:51Z</time>
      </trkpt>
      <trkpt lat="46.7675928" lon="12.7908348">
        <ele>2064.5686035</ele>
        <time>2008-07-10T14:26:55Z</time>
      </trkpt>
      <trkpt lat="46.7676113" lon="12.7908288">
        <ele>2063.6071777</ele>
        <time>2008-07-10T14:26:57Z</time>
      </trkpt>
      <trkpt lat="46.7676423" lon="12.7907122">
        <ele>2062.1652832</ele>
        <time>2008-07-10T14:27:02Z</time>
      </trkpt>
      <trkpt lat="46.7676472" lon="12.7907004">
        <ele>2061.6848145</ele>
        <time>2008-07-10T14:27:03Z</time>
      </trkpt>
      <trkpt lat="46.7676910" lon="12.7907194">
        <ele>2060.2426758</ele>
        <time>2008-07-10T14:27:08Z</time>
      </trkpt>
      <trkpt lat="46.7677294" lon="12.7908021">
        <ele>2058.8005371</ele>
        <time>2008-07-10T14:27:14Z</time>
      </trkpt>
      <trkpt lat="46.7677689" lon="12.7907543">
        <ele>2058.3198242</ele>
        <time>2008-07-10T14:27:21Z</time>
      </trkpt>
      <trkpt lat="46.7677829" lon="12.7906845">
        <ele>2056.3972168</ele>
        <time>2008-07-10T14:27:28Z</time>
      </trkpt>
      <trkpt lat="46.7678174" lon="12.7906205">
        <ele>2053.9941406</ele>
        <time>2008-07-10T14:27:35Z</time>
      </trkpt>
      <trkpt lat="46.7678689" lon="12.7906336">
        <ele>2051.5908203</ele>
        <time>2008-07-10T14:27:42Z</time>
      </trkpt>
      <trkpt lat="46.7678999" lon="12.7906310">
        <ele>2051.5908203</ele>
        <time>2008-07-10T14:27:50Z</time>
      </trkpt>
      <trkpt lat="46.7679061" lon="12.7906360">
        <ele>2051.5908203</ele>
        <time>2008-07-10T14:28:02Z</time>
      </trkpt>
      <trkpt lat="46.7679144" lon="12.7906283">
        <ele>2051.1101074</ele>
        <time>2008-07-10T14:28:07Z</time>
      </trkpt>
      <trkpt lat="46.7679479" lon="12.7906379">
        <ele>2050.1489258</ele>
        <time>2008-07-10T14:28:10Z</time>
      </trkpt>
      <trkpt lat="46.7679958" lon="12.7906785">
        <ele>2048.7067871</ele>
        <time>2008-07-10T14:28:17Z</time>
      </trkpt>
      <trkpt lat="46.7680427" lon="12.7906329">
        <ele>2047.2648926</ele>
        <time>2008-07-10T14:28:26Z</time>
      </trkpt>
      <trkpt lat="46.7680880" lon="12.7905997">
        <ele>2043.4194336</ele>
        <time>2008-07-10T14:28:33Z</time>
      </trkpt>
      <trkpt lat="46.7681376" lon="12.7906531">
        <ele>2041.9775391</ele>
        <time>2008-07-10T14:28:41Z</time>
      </trkpt>
      <trkpt lat="46.7681667" lon="12.7906110">
        <ele>2041.0161133</ele>
        <time>2008-07-10T14:28:46Z</time>
      </trkpt>
      <trkpt lat="46.7682152" lon="12.7905967">
        <ele>2039.0935059</ele>
        <time>2008-07-10T14:28:53Z</time>
      </trkpt>
      <trkpt lat="46.7682192" lon="12.7905830">
        <ele>2039.0935059</ele>
        <time>2008-07-10T14:28:54Z</time>
      </trkpt>
      <trkpt lat="46.7682515" lon="12.7905511">
        <ele>2037.6516113</ele>
        <time>2008-07-10T14:28:59Z</time>
      </trkpt>
      <trkpt lat="46.7683071" lon="12.7905511">
        <ele>2036.2097168</ele>
        <time>2008-07-10T14:29:07Z</time>
      </trkpt>
      <trkpt lat="46.7683440" lon="12.7905210">
        <ele>2033.8063965</ele>
        <time>2008-07-10T14:29:14Z</time>
      </trkpt>
      <trkpt lat="46.7683910" lon="12.7905398">
        <ele>2031.8837891</ele>
        <time>2008-07-10T14:29:20Z</time>
      </trkpt>
      <trkpt lat="46.7684231" lon="12.7905075">
        <ele>2029.9611816</ele>
        <time>2008-07-10T14:29:25Z</time>
      </trkpt>
      <trkpt lat="46.7684264" lon="12.7904825">
        <ele>2029.9611816</ele>
        <time>2008-07-10T14:29:27Z</time>
      </trkpt>
      <trkpt lat="46.7684392" lon="12.7904319">
        <ele>2028.9997559</ele>
        <time>2008-07-10T14:29:31Z</time>
      </trkpt>
      <trkpt lat="46.7685027" lon="12.7904136">
        <ele>2027.0771484</ele>
        <time>2008-07-10T14:29:39Z</time>
      </trkpt>
      <trkpt lat="46.7685574" lon="12.7904729">
        <ele>2026.1157227</ele>
        <time>2008-07-10T14:29:46Z</time>
      </trkpt>
      <trkpt lat="46.7686353" lon="12.7904558">
        <ele>2022.7512207</ele>
        <time>2008-07-10T14:29:56Z</time>
      </trkpt>
      <trkpt lat="46.7686879" lon="12.7904238">
        <ele>2020.3479004</ele>
        <time>2008-07-10T14:30:04Z</time>
      </trkpt>
      <trkpt lat="46.7687137" lon="12.7903913">
        <ele>2019.3867188</ele>
        <time>2008-07-10T14:30:08Z</time>
      </trkpt>
      <trkpt lat="46.7687335" lon="12.7903994">
        <ele>2018.4252930</ele>
        <time>2008-07-10T14:30:10Z</time>
      </trkpt>
      <trkpt lat="46.7687530" lon="12.7904330">
        <ele>2017.4638672</ele>
        <time>2008-07-10T14:30:13Z</time>
      </trkpt>
      <trkpt lat="46.7687857" lon="12.7904760">
        <ele>2016.0219727</ele>
        <time>2008-07-10T14:30:18Z</time>
      </trkpt>
      <trkpt lat="46.7688470" lon="12.7905381">
        <ele>2014.5800781</ele>
        <time>2008-07-10T14:30:27Z</time>
      </trkpt>
      <trkpt lat="46.7688851" lon="12.7905722">
        <ele>2013.6186523</ele>
        <time>2008-07-10T14:30:33Z</time>
      </trkpt>
      <trkpt lat="46.7689306" lon="12.7906131">
        <ele>2012.1767578</ele>
        <time>2008-07-10T14:30:40Z</time>
      </trkpt>
      <trkpt lat="46.7689627" lon="12.7906397">
        <ele>2010.7346191</ele>
        <time>2008-07-10T14:30:47Z</time>
      </trkpt>
      <trkpt lat="46.7690313" lon="12.7907514">
        <ele>2008.8120117</ele>
        <time>2008-07-10T14:30:56Z</time>
      </trkpt>
      <trkpt lat="46.7691331" lon="12.7908343">
        <ele>2006.8894043</ele>
        <time>2008-07-10T14:31:05Z</time>
      </trkpt>
      <trkpt lat="46.7691706" lon="12.7908492">
        <ele>2006.8894043</ele>
        <time>2008-07-10T14:31:08Z</time>
      </trkpt>
      <trkpt lat="46.7693060" lon="12.7908764">
        <ele>2006.4086914</ele>
        <time>2008-07-10T14:31:19Z</time>
      </trkpt>
      <trkpt lat="46.7693924" lon="12.7909131">
        <ele>2005.9279785</ele>
        <time>2008-07-10T14:31:29Z</time>
      </trkpt>
      <trkpt lat="46.7694441" lon="12.7909228">
        <ele>2003.5249023</ele>
        <time>2008-07-10T14:31:36Z</time>
      </trkpt>
      <trkpt lat="46.7694968" lon="12.7909554">
        <ele>2001.6022949</ele>
        <time>2008-07-10T14:31:44Z</time>
      </trkpt>
      <trkpt lat="46.7695343" lon="12.7909049">
        <ele>2000.1604004</ele>
        <time>2008-07-10T14:31:53Z</time>
      </trkpt>
      <trkpt lat="46.7695581" lon="12.7908624">
        <ele>1998.7182617</ele>
        <time>2008-07-10T14:32:01Z</time>
      </trkpt>
      <trkpt lat="46.7695937" lon="12.7908141">
        <ele>1998.2375488</ele>
        <time>2008-07-10T14:32:09Z</time>
      </trkpt>
      <trkpt lat="46.7696190" lon="12.7907407">
        <ele>1997.2763672</ele>
        <time>2008-07-10T14:32:17Z</time>
      </trkpt>
      <trkpt lat="46.7696451" lon="12.7907060">
        <ele>1995.8342285</ele>
        <time>2008-07-10T14:32:24Z</time>
      </trkpt>
      <trkpt lat="46.7696876" lon="12.7907289">
        <ele>1994.3920898</ele>
        <time>2008-07-10T14:32:29Z</time>
      </trkpt>
      <trkpt lat="46.7697471" lon="12.7907648">
        <ele>1992.9501953</ele>
        <time>2008-07-10T14:32:38Z</time>
      </trkpt>
      <trkpt lat="46.7697885" lon="12.7907810">
        <ele>1991.0275879</ele>
        <time>2008-07-10T14:32:46Z</time>
      </trkpt>
      <trkpt lat="46.7697974" lon="12.7907914">
        <ele>1989.5856934</ele>
        <time>2008-07-10T14:32:48Z</time>
      </trkpt>
      <trkpt lat="46.7698268" lon="12.7908116">
        <ele>1989.1049805</ele>
        <time>2008-07-10T14:32:54Z</time>
      </trkpt>
      <trkpt lat="46.7698615" lon="12.7908003">
        <ele>1987.1823730</ele>
        <time>2008-07-10T14:33:00Z</time>
      </trkpt>
      <trkpt lat="46.7698870" lon="12.7907804">
        <ele>1987.1823730</ele>
        <time>2008-07-10T14:33:06Z</time>
      </trkpt>
      <trkpt lat="46.7699156" lon="12.7908061">
        <ele>1984.2985840</ele>
        <time>2008-07-10T14:33:12Z</time>
      </trkpt>
      <trkpt lat="46.7699658" lon="12.7908090">
        <ele>1982.3759766</ele>
        <time>2008-07-10T14:33:20Z</time>
      </trkpt>
      <trkpt lat="46.7699869" lon="12.7908112">
        <ele>1980.9340820</ele>
        <time>2008-07-10T14:33:26Z</time>
      </trkpt>
      <trkpt lat="46.7700303" lon="12.7908254">
        <ele>1978.5305176</ele>
        <time>2008-07-10T14:33:33Z</time>
      </trkpt>
      <trkpt lat="46.7700668" lon="12.7907645">
        <ele>1978.0498047</ele>
        <time>2008-07-10T14:33:41Z</time>
      </trkpt>
      <trkpt lat="46.7701113" lon="12.7907935">
        <ele>1975.6464844</ele>
        <time>2008-07-10T14:33:47Z</time>
      </trkpt>
      <trkpt lat="46.7701580" lon="12.7907791">
        <ele>1974.6853027</ele>
        <time>2008-07-10T14:33:55Z</time>
      </trkpt>
      <trkpt lat="46.7701912" lon="12.7907598">
        <ele>1972.7626953</ele>
        <time>2008-07-10T14:34:01Z</time>
      </trkpt>
      <trkpt lat="46.7702078" lon="12.7907950">
        <ele>1971.8012695</ele>
        <time>2008-07-10T14:34:04Z</time>
      </trkpt>
      <trkpt lat="46.7702222" lon="12.7907791">
        <ele>1971.8012695</ele>
        <time>2008-07-10T14:34:06Z</time>
      </trkpt>
      <trkpt lat="46.7702625" lon="12.7907323">
        <ele>1969.3981934</ele>
        <time>2008-07-10T14:34:13Z</time>
      </trkpt>
      <trkpt lat="46.7702756" lon="12.7907441">
        <ele>1968.9174805</ele>
        <time>2008-07-10T14:34:15Z</time>
      </trkpt>
      <trkpt lat="46.7703221" lon="12.7907083">
        <ele>1967.4753418</ele>
        <time>2008-07-10T14:34:22Z</time>
      </trkpt>
      <trkpt lat="46.7703687" lon="12.7907201">
        <ele>1966.0334473</ele>
        <time>2008-07-10T14:34:28Z</time>
      </trkpt>
      <trkpt lat="46.7704138" lon="12.7907110">
        <ele>1963.6298828</ele>
        <time>2008-07-10T14:34:34Z</time>
      </trkpt>
      <trkpt lat="46.7704551" lon="12.7907135">
        <ele>1960.7460938</ele>
        <time>2008-07-10T14:34:41Z</time>
      </trkpt>
      <trkpt lat="46.7704911" lon="12.7907273">
        <ele>1960.2653809</ele>
        <time>2008-07-10T14:34:46Z</time>
      </trkpt>
      <trkpt lat="46.7704968" lon="12.7907390">
        <ele>1959.3041992</ele>
        <time>2008-07-10T14:34:47Z</time>
      </trkpt>
      <trkpt lat="46.7705143" lon="12.7907508">
        <ele>1959.7846680</ele>
        <time>2008-07-10T14:34:49Z</time>
      </trkpt>
      <trkpt lat="46.7705561" lon="12.7907174">
        <ele>1958.3427734</ele>
        <time>2008-07-10T14:34:54Z</time>
      </trkpt>
      <trkpt lat="46.7705831" lon="12.7907612">
        <ele>1957.8623047</ele>
        <time>2008-07-10T14:34:58Z</time>
      </trkpt>
      <trkpt lat="46.7706176" lon="12.7907902">
        <ele>1957.3815918</ele>
        <time>2008-07-10T14:35:04Z</time>
      </trkpt>
      <trkpt lat="46.7706380" lon="12.7908086">
        <ele>1957.3815918</ele>
        <time>2008-07-10T14:35:06Z</time>
      </trkpt>
      <trkpt lat="46.7707071" lon="12.7908395">
        <ele>1954.0170898</ele>
        <time>2008-07-10T14:35:12Z</time>
      </trkpt>
      <trkpt lat="46.7708018" lon="12.7908568">
        <ele>1951.6137695</ele>
        <time>2008-07-10T14:35:22Z</time>
      </trkpt>
      <trkpt lat="46.7708899" lon="12.7908976">
        <ele>1948.7297363</ele>
        <time>2008-07-10T14:35:30Z</time>
      </trkpt>
      <trkpt lat="46.7709812" lon="12.7909246">
        <ele>1945.8457031</ele>
        <time>2008-07-10T14:35:37Z</time>
      </trkpt>
      <trkpt lat="46.7710577" lon="12.7909588">
        <ele>1944.4035645</ele>
        <time>2008-07-10T14:35:43Z</time>
      </trkpt>
      <trkpt lat="46.7711018" lon="12.7909161">
        <ele>1942.4812012</ele>
        <time>2008-07-10T14:35:48Z</time>
      </trkpt>
      <trkpt lat="46.7712088" lon="12.7908863">
        <ele>1939.1164551</ele>
        <time>2008-07-10T14:35:58Z</time>
      </trkpt>
      <trkpt lat="46.7712639" lon="12.7908619">
        <ele>1937.1938477</ele>
        <time>2008-07-10T14:36:03Z</time>
      </trkpt>
      <trkpt lat="46.7712884" lon="12.7908724">
        <ele>1936.2326660</ele>
        <time>2008-07-10T14:36:05Z</time>
      </trkpt>
      <trkpt lat="46.7713006" lon="12.7908800">
        <ele>1936.2326660</ele>
        <time>2008-07-10T14:36:06Z</time>
      </trkpt>
      <trkpt lat="46.7713336" lon="12.7909308">
        <ele>1935.2712402</ele>
        <time>2008-07-10T14:36:10Z</time>
      </trkpt>
      <trkpt lat="46.7713637" lon="12.7909235">
        <ele>1934.3100586</ele>
        <time>2008-07-10T14:36:13Z</time>
      </trkpt>
      <trkpt lat="46.7713863" lon="12.7908898">
        <ele>1932.8679199</ele>
        <time>2008-07-10T14:36:16Z</time>
      </trkpt>
      <trkpt lat="46.7714251" lon="12.7908879">
        <ele>1931.4257813</ele>
        <time>2008-07-10T14:36:22Z</time>
      </trkpt>
      <trkpt lat="46.7714753" lon="12.7909378">
        <ele>1929.0224609</ele>
        <time>2008-07-10T14:36:28Z</time>
      </trkpt>
      <trkpt lat="46.7714849" lon="12.7909395">
        <ele>1929.0224609</ele>
        <time>2008-07-10T14:36:29Z</time>
      </trkpt>
      <trkpt lat="46.7715171" lon="12.7909545">
        <ele>1928.0612793</ele>
        <time>2008-07-10T14:36:33Z</time>
      </trkpt>
      <trkpt lat="46.7715321" lon="12.7909710">
        <ele>1927.5805664</ele>
        <time>2008-07-10T14:36:35Z</time>
      </trkpt>
      <trkpt lat="46.7715663" lon="12.7909303">
        <ele>1926.6193848</ele>
        <time>2008-07-10T14:36:39Z</time>
      </trkpt>
      <trkpt lat="46.7716142" lon="12.7909321">
        <ele>1925.6579590</ele>
        <time>2008-07-10T14:36:46Z</time>
      </trkpt>
      <trkpt lat="46.7716462" lon="12.7908753">
        <ele>1924.2160645</ele>
        <time>2008-07-10T14:36:52Z</time>
      </trkpt>
      <trkpt lat="46.7716629" lon="12.7908779">
        <ele>1924.2160645</ele>
        <time>2008-07-10T14:36:54Z</time>
      </trkpt>
      <trkpt lat="46.7716814" lon="12.7909132">
        <ele>1922.2934570</ele>
        <time>2008-07-10T14:36:57Z</time>
      </trkpt>
      <trkpt lat="46.7717411" lon="12.7909045">
        <ele>1920.8515625</ele>
        <time>2008-07-10T14:37:05Z</time>
      </trkpt>
      <trkpt lat="46.7717646" lon="12.7908795">
        <ele>1919.8901367</ele>
        <time>2008-07-10T14:37:08Z</time>
      </trkpt>
      <trkpt lat="46.7718079" lon="12.7909158">
        <ele>1919.4096680</ele>
        <time>2008-07-10T14:37:13Z</time>
      </trkpt>
      <trkpt lat="46.7718261" lon="12.7909365">
        <ele>1918.4482422</ele>
        <time>2008-07-10T14:37:15Z</time>
      </trkpt>
      <trkpt lat="46.7718436" lon="12.7909255">
        <ele>1917.9675293</ele>
        <time>2008-07-10T14:37:17Z</time>
      </trkpt>
      <trkpt lat="46.7718886" lon="12.7908296">
        <ele>1915.5642090</ele>
        <time>2008-07-10T14:37:24Z</time>
      </trkpt>
      <trkpt lat="46.7719087" lon="12.7908280">
        <ele>1914.6027832</ele>
        <time>2008-07-10T14:37:26Z</time>
      </trkpt>
      <trkpt lat="46.7719223" lon="12.7908508">
        <ele>1914.1220703</ele>
        <time>2008-07-10T14:37:28Z</time>
      </trkpt>
      <trkpt lat="46.7720021" lon="12.7908871">
        <ele>1911.7189941</ele>
        <time>2008-07-10T14:37:35Z</time>
      </trkpt>
      <trkpt lat="46.7720197" lon="12.7909086">
        <ele>1911.2382813</ele>
        <time>2008-07-10T14:37:37Z</time>
      </trkpt>
      <trkpt lat="46.7720758" lon="12.7909747">
        <ele>1909.3156738</ele>
        <time>2008-07-10T14:37:45Z</time>
      </trkpt>
      <trkpt lat="46.7720993" lon="12.7909731">
        <ele>1907.8737793</ele>
        <time>2008-07-10T14:37:48Z</time>
      </trkpt>
      <trkpt lat="46.7721306" lon="12.7909585">
        <ele>1906.4316406</ele>
        <time>2008-07-10T14:37:51Z</time>
      </trkpt>
      <trkpt lat="46.7722103" lon="12.7909453">
        <ele>1904.5090332</ele>
        <time>2008-07-10T14:37:59Z</time>
      </trkpt>
      <trkpt lat="46.7723279" lon="12.7909720">
        <ele>1903.0671387</ele>
        <time>2008-07-10T14:38:10Z</time>
      </trkpt>
      <trkpt lat="46.7723879" lon="12.7909787">
        <ele>1901.6252441</ele>
        <time>2008-07-10T14:38:16Z</time>
      </trkpt>
      <trkpt lat="46.7724232" lon="12.7909741">
        <ele>1899.7023926</ele>
        <time>2008-07-10T14:38:19Z</time>
      </trkpt>
      <trkpt lat="46.7725211" lon="12.7909782">
        <ele>1896.8183594</ele>
        <time>2008-07-10T14:38:28Z</time>
      </trkpt>
      <trkpt lat="46.7725881" lon="12.7909970">
        <ele>1894.4150391</ele>
        <time>2008-07-10T14:38:36Z</time>
      </trkpt>
      <trkpt lat="46.7726492" lon="12.7910138">
        <ele>1892.9731445</ele>
        <time>2008-07-10T14:38:42Z</time>
      </trkpt>
      <trkpt lat="46.7727268" lon="12.7909525">
        <ele>1890.0893555</ele>
        <time>2008-07-10T14:38:51Z</time>
      </trkpt>
      <trkpt lat="46.7727893" lon="12.7909373">
        <ele>1888.1667480</ele>
        <time>2008-07-10T14:38:58Z</time>
      </trkpt>
      <trkpt lat="46.7728081" lon="12.7909238">
        <ele>1887.2053223</ele>
        <time>2008-07-10T14:39:00Z</time>
      </trkpt>
      <trkpt lat="46.7728323" lon="12.7909282">
        <ele>1886.7246094</ele>
        <time>2008-07-10T14:39:03Z</time>
      </trkpt>
      <trkpt lat="46.7728734" lon="12.7909070">
        <ele>1886.7246094</ele>
        <time>2008-07-10T14:39:07Z</time>
      </trkpt>
      <trkpt lat="46.7729250" lon="12.7909251">
        <ele>1885.7634277</ele>
        <time>2008-07-10T14:39:12Z</time>
      </trkpt>
      <trkpt lat="46.7729991" lon="12.7908692">
        <ele>1883.8405762</ele>
        <time>2008-07-10T14:39:19Z</time>
      </trkpt>
      <trkpt lat="46.7730051" lon="12.7908588">
        <ele>1884.3215332</ele>
        <time>2008-07-10T14:39:20Z</time>
      </trkpt>
      <trkpt lat="46.7730666" lon="12.7908323">
        <ele>1881.9179688</ele>
        <time>2008-07-10T14:39:27Z</time>
      </trkpt>
      <trkpt lat="46.7731272" lon="12.7907868">
        <ele>1879.5146484</ele>
        <time>2008-07-10T14:39:35Z</time>
      </trkpt>
      <trkpt lat="46.7731831" lon="12.7907712">
        <ele>1878.0727539</ele>
        <time>2008-07-10T14:39:40Z</time>
      </trkpt>
      <trkpt lat="46.7732052" lon="12.7908076">
        <ele>1877.1115723</ele>
        <time>2008-07-10T14:39:43Z</time>
      </trkpt>
      <trkpt lat="46.7732934" lon="12.7907717">
        <ele>1874.7082520</ele>
        <time>2008-07-10T14:39:52Z</time>
      </trkpt>
      <trkpt lat="46.7733356" lon="12.7907420">
        <ele>1873.2663574</ele>
        <time>2008-07-10T14:39:57Z</time>
      </trkpt>
      <trkpt lat="46.7733546" lon="12.7907215">
        <ele>1872.7856445</ele>
        <time>2008-07-10T14:39:59Z</time>
      </trkpt>
      <trkpt lat="46.7734380" lon="12.7907337">
        <ele>1870.8630371</ele>
        <time>2008-07-10T14:40:06Z</time>
      </trkpt>
      <trkpt lat="46.7734563" lon="12.7906876">
        <ele>1870.3823242</ele>
        <time>2008-07-10T14:40:11Z</time>
      </trkpt>
      <trkpt lat="46.7734730" lon="12.7906728">
        <ele>1869.9016113</ele>
        <time>2008-07-10T14:40:13Z</time>
      </trkpt>
      <trkpt lat="46.7735158" lon="12.7906536">
        <ele>1868.9404297</ele>
        <time>2008-07-10T14:40:18Z</time>
      </trkpt>
      <trkpt lat="46.7735773" lon="12.7906434">
        <ele>1867.0175781</ele>
        <time>2008-07-10T14:40:26Z</time>
      </trkpt>
      <trkpt lat="46.7735784" lon="12.7906454">
        <ele>1866.5368652</ele>
        <time>2008-07-10T14:40:27Z</time>
      </trkpt>
      <trkpt lat="46.7736530" lon="12.7906831">
        <ele>1865.5756836</ele>
        <time>2008-07-10T14:40:33Z</time>
      </trkpt>
      <trkpt lat="46.7736971" lon="12.7906277">
        <ele>1865.0949707</ele>
        <time>2008-07-10T14:40:38Z</time>
      </trkpt>
      <trkpt lat="46.7737766" lon="12.7906749">
        <ele>1862.6916504</ele>
        <time>2008-07-10T14:40:47Z</time>
      </trkpt>
      <trkpt lat="46.7738156" lon="12.7906706">
        <ele>1861.2497559</ele>
        <time>2008-07-10T14:40:51Z</time>
      </trkpt>
      <trkpt lat="46.7738929" lon="12.7907025">
        <ele>1857.8852539</ele>
        <time>2008-07-10T14:41:00Z</time>
      </trkpt>
      <trkpt lat="46.7739006" lon="12.7907111">
        <ele>1857.8852539</ele>
        <time>2008-07-10T14:41:01Z</time>
      </trkpt>
      <trkpt lat="46.7739260" lon="12.7907213">
        <ele>1856.9238281</ele>
        <time>2008-07-10T14:41:04Z</time>
      </trkpt>
      <trkpt lat="46.7739703" lon="12.7907671">
        <ele>1856.9238281</ele>
        <time>2008-07-10T14:41:09Z</time>
      </trkpt>
      <trkpt lat="46.7740114" lon="12.7908023">
        <ele>1855.9624023</ele>
        <time>2008-07-10T14:41:14Z</time>
      </trkpt>
      <trkpt lat="46.7740283" lon="12.7908085">
        <ele>1854.5205078</ele>
        <time>2008-07-10T14:41:16Z</time>
      </trkpt>
      <trkpt lat="46.7740652" lon="12.7907796">
        <ele>1853.0786133</ele>
        <time>2008-07-10T14:41:21Z</time>
      </trkpt>
      <trkpt lat="46.7741021" lon="12.7908474">
        <ele>1851.6364746</ele>
        <time>2008-07-10T14:41:27Z</time>
      </trkpt>
      <trkpt lat="46.7741960" lon="12.7908577">
        <ele>1848.7524414</ele>
        <time>2008-07-10T14:41:36Z</time>
      </trkpt>
      <trkpt lat="46.7742772" lon="12.7909011">
        <ele>1846.8298340</ele>
        <time>2008-07-10T14:41:43Z</time>
      </trkpt>
      <trkpt lat="46.7743347" lon="12.7908386">
        <ele>1844.9072266</ele>
        <time>2008-07-10T14:41:51Z</time>
      </trkpt>
      <trkpt lat="46.7743502" lon="12.7908355">
        <ele>1844.4265137</ele>
        <time>2008-07-10T14:41:53Z</time>
      </trkpt>
      <trkpt lat="46.7743926" lon="12.7908609">
        <ele>1844.4265137</ele>
        <time>2008-07-10T14:41:57Z</time>
      </trkpt>
      <trkpt lat="46.7745082" lon="12.7909074">
        <ele>1841.5427246</ele>
        <time>2008-07-10T14:42:09Z</time>
      </trkpt>
      <trkpt lat="46.7745361" lon="12.7909229">
        <ele>1841.0620117</ele>
        <time>2008-07-10T14:42:12Z</time>
      </trkpt>
      <trkpt lat="46.7745684" lon="12.7909168">
        <ele>1841.0620117</ele>
        <time>2008-07-10T14:42:15Z</time>
      </trkpt>
      <trkpt lat="46.7746139" lon="12.7909324">
        <ele>1840.5812988</ele>
        <time>2008-07-10T14:42:19Z</time>
      </trkpt>
      <trkpt lat="46.7747097" lon="12.7909330">
        <ele>1838.6589355</ele>
        <time>2008-07-10T14:42:28Z</time>
      </trkpt>
      <trkpt lat="46.7747308" lon="12.7909454">
        <ele>1837.2167969</ele>
        <time>2008-07-10T14:42:30Z</time>
      </trkpt>
      <trkpt lat="46.7747444" lon="12.7909349">
        <ele>1837.2167969</ele>
        <time>2008-07-10T14:42:32Z</time>
      </trkpt>
      <trkpt lat="46.7747951" lon="12.7908426">
        <ele>1834.8134766</ele>
        <time>2008-07-10T14:42:42Z</time>
      </trkpt>
      <trkpt lat="46.7748232" lon="12.7908317">
        <ele>1834.3327637</ele>
        <time>2008-07-10T14:42:46Z</time>
      </trkpt>
      <trkpt lat="46.7749288" lon="12.7908183">
        <ele>1831.4487305</ele>
        <time>2008-07-10T14:42:56Z</time>
      </trkpt>
      <trkpt lat="46.7750101" lon="12.7908577">
        <ele>1830.9682617</ele>
        <time>2008-07-10T14:43:05Z</time>
      </trkpt>
      <trkpt lat="46.7750483" lon="12.7908382">
        <ele>1829.5261230</ele>
        <time>2008-07-10T14:43:10Z</time>
      </trkpt>
      <trkpt lat="46.7750888" lon="12.7908215">
        <ele>1827.6035156</ele>
        <time>2008-07-10T14:43:14Z</time>
      </trkpt>
      <trkpt lat="46.7751141" lon="12.7907929">
        <ele>1826.6423340</ele>
        <time>2008-07-10T14:43:17Z</time>
      </trkpt>
      <trkpt lat="46.7751495" lon="12.7907928">
        <ele>1825.2001953</ele>
        <time>2008-07-10T14:43:20Z</time>
      </trkpt>
      <trkpt lat="46.7752029" lon="12.7908111">
        <ele>1823.2778320</ele>
        <time>2008-07-10T14:43:26Z</time>
      </trkpt>
      <trkpt lat="46.7752506" lon="12.7908101">
        <ele>1822.7971191</ele>
        <time>2008-07-10T14:43:31Z</time>
      </trkpt>
      <trkpt lat="46.7752692" lon="12.7907987">
        <ele>1821.8356934</ele>
        <time>2008-07-10T14:43:33Z</time>
      </trkpt>
      <trkpt lat="46.7753064" lon="12.7907947">
        <ele>1820.8745117</ele>
        <time>2008-07-10T14:43:37Z</time>
      </trkpt>
      <trkpt lat="46.7753746" lon="12.7908246">
        <ele>1819.4323730</ele>
        <time>2008-07-10T14:43:44Z</time>
      </trkpt>
      <trkpt lat="46.7754033" lon="12.7908645">
        <ele>1818.4709473</ele>
        <time>2008-07-10T14:43:47Z</time>
      </trkpt>
      <trkpt lat="46.7754287" lon="12.7908661">
        <ele>1817.5095215</ele>
        <time>2008-07-10T14:43:49Z</time>
      </trkpt>
      <trkpt lat="46.7754386" lon="12.7907987">
        <ele>1816.0676270</ele>
        <time>2008-07-10T14:43:53Z</time>
      </trkpt>
      <trkpt lat="46.7754772" lon="12.7907293">
        <ele>1814.6257324</ele>
        <time>2008-07-10T14:43:59Z</time>
      </trkpt>
      <trkpt lat="46.7755208" lon="12.7907102">
        <ele>1813.1838379</ele>
        <time>2008-07-10T14:44:04Z</time>
      </trkpt>
      <trkpt lat="46.7755816" lon="12.7907163">
        <ele>1811.7419434</ele>
        <time>2008-07-10T14:44:12Z</time>
      </trkpt>
      <trkpt lat="46.7755927" lon="12.7907153">
        <ele>1811.7419434</ele>
        <time>2008-07-10T14:44:13Z</time>
      </trkpt>
      <trkpt lat="46.7756738" lon="12.7906648">
        <ele>1809.3386230</ele>
        <time>2008-07-10T14:44:22Z</time>
      </trkpt>
      <trkpt lat="46.7757213" lon="12.7906437">
        <ele>1807.4160156</ele>
        <time>2008-07-10T14:44:29Z</time>
      </trkpt>
      <trkpt lat="46.7757955" lon="12.7906095">
        <ele>1805.4934082</ele>
        <time>2008-07-10T14:44:38Z</time>
      </trkpt>
      <trkpt lat="46.7758193" lon="12.7906029">
        <ele>1805.0126953</ele>
        <time>2008-07-10T14:44:41Z</time>
      </trkpt>
      <trkpt lat="46.7759323" lon="12.7906371">
        <ele>1803.0898438</ele>
        <time>2008-07-10T14:44:49Z</time>
      </trkpt>
      <trkpt lat="46.7759959" lon="12.7905790">
        <ele>1802.6091309</ele>
        <time>2008-07-10T14:44:58Z</time>
      </trkpt>
      <trkpt lat="46.7760787" lon="12.7905568">
        <ele>1800.6865234</ele>
        <time>2008-07-10T14:45:07Z</time>
      </trkpt>
      <trkpt lat="46.7761349" lon="12.7905683">
        <ele>1798.2832031</ele>
        <time>2008-07-10T14:45:13Z</time>
      </trkpt>
      <trkpt lat="46.7761589" lon="12.7905796">
        <ele>1796.8413086</ele>
        <time>2008-07-10T14:45:16Z</time>
      </trkpt>
      <trkpt lat="46.7762109" lon="12.7906092">
        <ele>1794.9187012</ele>
        <time>2008-07-10T14:45:23Z</time>
      </trkpt>
      <trkpt lat="46.7762290" lon="12.7906588">
        <ele>1793.9575195</ele>
        <time>2008-07-10T14:45:26Z</time>
      </trkpt>
      <trkpt lat="46.7762408" lon="12.7906739">
        <ele>1793.4768066</ele>
        <time>2008-07-10T14:45:27Z</time>
      </trkpt>
      <trkpt lat="46.7762922" lon="12.7906074">
        <ele>1791.5541992</ele>
        <time>2008-07-10T14:45:33Z</time>
      </trkpt>
      <trkpt lat="46.7763359" lon="12.7905770">
        <ele>1791.0734863</ele>
        <time>2008-07-10T14:45:38Z</time>
      </trkpt>
      <trkpt lat="46.7763960" lon="12.7905698">
        <ele>1789.6315918</ele>
        <time>2008-07-10T14:45:42Z</time>
      </trkpt>
      <trkpt lat="46.7764767" lon="12.7904796">
        <ele>1788.1896973</ele>
        <time>2008-07-10T14:45:51Z</time>
      </trkpt>
      <trkpt lat="46.7764942" lon="12.7904666">
        <ele>1787.7087402</ele>
        <time>2008-07-10T14:45:53Z</time>
      </trkpt>
      <trkpt lat="46.7765238" lon="12.7904479">
        <ele>1786.2668457</ele>
        <time>2008-07-10T14:45:57Z</time>
      </trkpt>
      <trkpt lat="46.7765606" lon="12.7904295">
        <ele>1785.7861328</ele>
        <time>2008-07-10T14:46:00Z</time>
      </trkpt>
      <trkpt lat="46.7765937" lon="12.7903942">
        <ele>1784.3442383</ele>
        <time>2008-07-10T14:46:05Z</time>
      </trkpt>
      <trkpt lat="46.7766778" lon="12.7903822">
        <ele>1781.9409180</ele>
        <time>2008-07-10T14:46:12Z</time>
      </trkpt>
      <trkpt lat="46.7767266" lon="12.7903869">
        <ele>1782.4216309</ele>
        <time>2008-07-10T14:46:16Z</time>
      </trkpt>
      <trkpt lat="46.7767971" lon="12.7903946">
        <ele>1780.9797363</ele>
        <time>2008-07-10T14:46:24Z</time>
      </trkpt>
      <trkpt lat="46.7768284" lon="12.7903941">
        <ele>1780.0183105</ele>
        <time>2008-07-10T14:46:27Z</time>
      </trkpt>
      <trkpt lat="46.7768678" lon="12.7903485">
        <ele>1779.0568848</ele>
        <time>2008-07-10T14:46:34Z</time>
      </trkpt>
      <trkpt lat="46.7769541" lon="12.7903491">
        <ele>1777.1345215</ele>
        <time>2008-07-10T14:46:43Z</time>
      </trkpt>
      <trkpt lat="46.7769948" lon="12.7903651">
        <ele>1775.6923828</ele>
        <time>2008-07-10T14:46:49Z</time>
      </trkpt>
      <trkpt lat="46.7770191" lon="12.7903378">
        <ele>1774.7312012</ele>
        <time>2008-07-10T14:46:54Z</time>
      </trkpt>
      <trkpt lat="46.7770585" lon="12.7903321">
        <ele>1772.8085938</ele>
        <time>2008-07-10T14:46:58Z</time>
      </trkpt>
      <trkpt lat="46.7770893" lon="12.7903349">
        <ele>1772.3278809</ele>
        <time>2008-07-10T14:47:01Z</time>
      </trkpt>
      <trkpt lat="46.7771102" lon="12.7902723">
        <ele>1772.3278809</ele>
        <time>2008-07-10T14:47:06Z</time>
      </trkpt>
      <trkpt lat="46.7771836" lon="12.7902701">
        <ele>1771.3662109</ele>
        <time>2008-07-10T14:47:12Z</time>
      </trkpt>
      <trkpt lat="46.7772359" lon="12.7902869">
        <ele>1770.4050293</ele>
        <time>2008-07-10T14:47:18Z</time>
      </trkpt>
      <trkpt lat="46.7772463" lon="12.7902920">
        <ele>1769.9243164</ele>
        <time>2008-07-10T14:47:19Z</time>
      </trkpt>
      <trkpt lat="46.7773151" lon="12.7902916">
        <ele>1768.0017090</ele>
        <time>2008-07-10T14:47:27Z</time>
      </trkpt>
      <trkpt lat="46.7773581" lon="12.7902772">
        <ele>1766.5598145</ele>
        <time>2008-07-10T14:47:34Z</time>
      </trkpt>
      <trkpt lat="46.7773754" lon="12.7902605">
        <ele>1765.5986328</ele>
        <time>2008-07-10T14:47:36Z</time>
      </trkpt>
      <trkpt lat="46.7773905" lon="12.7902330">
        <ele>1764.6372070</ele>
        <time>2008-07-10T14:47:39Z</time>
      </trkpt>
      <trkpt lat="46.7773970" lon="12.7902197">
        <ele>1764.6372070</ele>
        <time>2008-07-10T14:47:41Z</time>
      </trkpt>
      <trkpt lat="46.7774484" lon="12.7901657">
        <ele>1762.2338867</ele>
        <time>2008-07-10T14:47:48Z</time>
      </trkpt>
      <trkpt lat="46.7774558" lon="12.7901624">
        <ele>1761.2727051</ele>
        <time>2008-07-10T14:47:49Z</time>
      </trkpt>
      <trkpt lat="46.7774770" lon="12.7901610">
        <ele>1760.7919922</ele>
        <time>2008-07-10T14:47:51Z</time>
      </trkpt>
      <trkpt lat="46.7775267" lon="12.7901246">
        <ele>1759.8305664</ele>
        <time>2008-07-10T14:47:57Z</time>
      </trkpt>
      <trkpt lat="46.7775847" lon="12.7901261">
        <ele>1757.4274902</ele>
        <time>2008-07-10T14:48:04Z</time>
      </trkpt>
      <trkpt lat="46.7776270" lon="12.7901668">
        <ele>1755.5046387</ele>
        <time>2008-07-10T14:48:10Z</time>
      </trkpt>
      <trkpt lat="46.7776703" lon="12.7902164">
        <ele>1754.5432129</ele>
        <time>2008-07-10T14:48:17Z</time>
      </trkpt>
      <trkpt lat="46.7776976" lon="12.7901978">
        <ele>1753.5820313</ele>
        <time>2008-07-10T14:48:21Z</time>
      </trkpt>
      <trkpt lat="46.7777231" lon="12.7901589">
        <ele>1752.6206055</ele>
        <time>2008-07-10T14:48:24Z</time>
      </trkpt>
      <trkpt lat="46.7777772" lon="12.7901611">
        <ele>1751.6594238</ele>
        <time>2008-07-10T14:48:29Z</time>
      </trkpt>
      <trkpt lat="46.7778394" lon="12.7901961">
        <ele>1751.1787109</ele>
        <time>2008-07-10T14:48:36Z</time>
      </trkpt>
      <trkpt lat="46.7779113" lon="12.7901962">
        <ele>1750.6979980</ele>
        <time>2008-07-10T14:48:43Z</time>
      </trkpt>
      <trkpt lat="46.7779671" lon="12.7901848">
        <ele>1749.2561035</ele>
        <time>2008-07-10T14:48:50Z</time>
      </trkpt>
      <trkpt lat="46.7780337" lon="12.7901891">
        <ele>1748.2946777</ele>
        <time>2008-07-10T14:48:57Z</time>
      </trkpt>
      <trkpt lat="46.7780410" lon="12.7901955">
        <ele>1746.3723145</ele>
        <time>2008-07-10T14:48:58Z</time>
      </trkpt>
      <trkpt lat="46.7780773" lon="12.7901972">
        <ele>1746.8527832</ele>
        <time>2008-07-10T14:49:01Z</time>
      </trkpt>
      <trkpt lat="46.7781466" lon="12.7901765">
        <ele>1744.4494629</ele>
        <time>2008-07-10T14:49:08Z</time>
      </trkpt>
      <trkpt lat="46.7782032" lon="12.7901238">
        <ele>1743.4882813</ele>
        <time>2008-07-10T14:49:16Z</time>
      </trkpt>
      <trkpt lat="46.7782804" lon="12.7900662">
        <ele>1741.5656738</ele>
        <time>2008-07-10T14:49:23Z</time>
      </trkpt>
      <trkpt lat="46.7783543" lon="12.7899974">
        <ele>1740.6042480</ele>
        <time>2008-07-10T14:49:33Z</time>
      </trkpt>
      <trkpt lat="46.7783646" lon="12.7899422">
        <ele>1740.1237793</ele>
        <time>2008-07-10T14:49:40Z</time>
      </trkpt>
      <trkpt lat="46.7783622" lon="12.7898837">
        <ele>1738.6816406</ele>
        <time>2008-07-10T14:49:46Z</time>
      </trkpt>
      <trkpt lat="46.7783455" lon="12.7898471">
        <ele>1737.2395020</ele>
        <time>2008-07-10T14:49:50Z</time>
      </trkpt>
      <trkpt lat="46.7782367" lon="12.7897720">
        <ele>1734.8364258</ele>
        <time>2008-07-10T14:50:00Z</time>
      </trkpt>
      <trkpt lat="46.7782451" lon="12.7897310">
        <ele>1733.3942871</ele>
        <time>2008-07-10T14:50:06Z</time>
      </trkpt>
      <trkpt lat="46.7783063" lon="12.7897026">
        <ele>1730.9912109</ele>
        <time>2008-07-10T14:50:13Z</time>
      </trkpt>
      <trkpt lat="46.7783156" lon="12.7896973">
        <ele>1730.0297852</ele>
        <time>2008-07-10T14:50:14Z</time>
      </trkpt>
      <trkpt lat="46.7784260" lon="12.7896792">
        <ele>1727.6264648</ele>
        <time>2008-07-10T14:50:24Z</time>
      </trkpt>
      <trkpt lat="46.7784957" lon="12.7896604">
        <ele>1725.2231445</ele>
        <time>2008-07-10T14:50:31Z</time>
      </trkpt>
      <trkpt lat="46.7785642" lon="12.7896446">
        <ele>1725.2231445</ele>
        <time>2008-07-10T14:50:38Z</time>
      </trkpt>
      <trkpt lat="46.7786190" lon="12.7896265">
        <ele>1723.3005371</ele>
        <time>2008-07-10T14:50:45Z</time>
      </trkpt>
      <trkpt lat="46.7786990" lon="12.7895718">
        <ele>1720.4165039</ele>
        <time>2008-07-10T14:50:53Z</time>
      </trkpt>
      <trkpt lat="46.7787705" lon="12.7894923">
        <ele>1720.8972168</ele>
        <time>2008-07-10T14:51:01Z</time>
      </trkpt>
      <trkpt lat="46.7788600" lon="12.7894508">
        <ele>1718.9746094</ele>
        <time>2008-07-10T14:51:10Z</time>
      </trkpt>
      <trkpt lat="46.7789697" lon="12.7894079">
        <ele>1718.9746094</ele>
        <time>2008-07-10T14:51:20Z</time>
      </trkpt>
      <trkpt lat="46.7790646" lon="12.7893867">
        <ele>1717.5324707</ele>
        <time>2008-07-10T14:51:28Z</time>
      </trkpt>
      <trkpt lat="46.7792055" lon="12.7893330">
        <ele>1714.6486816</ele>
        <time>2008-07-10T14:51:39Z</time>
      </trkpt>
      <trkpt lat="46.7792329" lon="12.7893379">
        <ele>1714.1679688</ele>
        <time>2008-07-10T14:51:41Z</time>
      </trkpt>
      <trkpt lat="46.7793697" lon="12.7893658">
        <ele>1711.7648926</ele>
        <time>2008-07-10T14:51:52Z</time>
      </trkpt>
      <trkpt lat="46.7794672" lon="12.7894128">
        <ele>1709.3615723</ele>
        <time>2008-07-10T14:52:01Z</time>
      </trkpt>
      <trkpt lat="46.7795810" lon="12.7894465">
        <ele>1707.9194336</ele>
        <time>2008-07-10T14:52:10Z</time>
      </trkpt>
      <trkpt lat="46.7796800" lon="12.7894322">
        <ele>1705.0354004</ele>
        <time>2008-07-10T14:52:19Z</time>
      </trkpt>
      <trkpt lat="46.7798049" lon="12.7893830">
        <ele>1704.5546875</ele>
        <time>2008-07-10T14:52:30Z</time>
      </trkpt>
      <trkpt lat="46.7799309" lon="12.7893426">
        <ele>1703.1127930</ele>
        <time>2008-07-10T14:52:40Z</time>
      </trkpt>
      <trkpt lat="46.7800721" lon="12.7892766">
        <ele>1700.7094727</ele>
        <time>2008-07-10T14:52:52Z</time>
      </trkpt>
      <trkpt lat="46.7801965" lon="12.7892767">
        <ele>1698.7868652</ele>
        <time>2008-07-10T14:53:02Z</time>
      </trkpt>
      <trkpt lat="46.7802840" lon="12.7893031">
        <ele>1697.3449707</ele>
        <time>2008-07-10T14:53:11Z</time>
      </trkpt>
      <trkpt lat="46.7803446" lon="12.7893275">
        <ele>1696.8642578</ele>
        <time>2008-07-10T14:53:19Z</time>
      </trkpt>
      <trkpt lat="46.7804660" lon="12.7893237">
        <ele>1695.4223633</ele>
        <time>2008-07-10T14:53:30Z</time>
      </trkpt>
      <trkpt lat="46.7804964" lon="12.7893237">
        <ele>1694.9416504</ele>
        <time>2008-07-10T14:53:37Z</time>
      </trkpt>
      <trkpt lat="46.7805673" lon="12.7893320">
        <ele>1694.9416504</ele>
        <time>2008-07-10T14:53:45Z</time>
      </trkpt>
      <trkpt lat="46.7806803" lon="12.7893206">
        <ele>1693.4997559</ele>
        <time>2008-07-10T14:53:55Z</time>
      </trkpt>
      <trkpt lat="46.7807031" lon="12.7893172">
        <ele>1693.4997559</ele>
        <time>2008-07-10T14:53:57Z</time>
      </trkpt>
      <trkpt lat="46.7808083" lon="12.7892731">
        <ele>1692.5385742</ele>
        <time>2008-07-10T14:54:07Z</time>
      </trkpt>
      <trkpt lat="46.7808740" lon="12.7892685">
        <ele>1691.5769043</ele>
        <time>2008-07-10T14:54:12Z</time>
      </trkpt>
      <trkpt lat="46.7810062" lon="12.7892494">
        <ele>1690.1350098</ele>
        <time>2008-07-10T14:54:22Z</time>
      </trkpt>
      <trkpt lat="46.7811363" lon="12.7892478">
        <ele>1688.2124023</ele>
        <time>2008-07-10T14:54:32Z</time>
      </trkpt>
      <trkpt lat="46.7812549" lon="12.7892232">
        <ele>1686.7702637</ele>
        <time>2008-07-10T14:54:41Z</time>
      </trkpt>
      <trkpt lat="46.7813981" lon="12.7891743">
        <ele>1685.3283691</ele>
        <time>2008-07-10T14:54:52Z</time>
      </trkpt>
      <trkpt lat="46.7814982" lon="12.7891435">
        <ele>1683.4057617</ele>
        <time>2008-07-10T14:55:00Z</time>
      </trkpt>
      <trkpt lat="46.7816034" lon="12.7890731">
        <ele>1681.4831543</ele>
        <time>2008-07-10T14:55:09Z</time>
      </trkpt>
      <trkpt lat="46.7817350" lon="12.7890343">
        <ele>1680.0412598</ele>
        <time>2008-07-10T14:55:19Z</time>
      </trkpt>
      <trkpt lat="46.7817465" lon="12.7890282">
        <ele>1680.0412598</ele>
        <time>2008-07-10T14:55:20Z</time>
      </trkpt>
      <trkpt lat="46.7818498" lon="12.7889588">
        <ele>1678.5993652</ele>
        <time>2008-07-10T14:55:29Z</time>
      </trkpt>
      <trkpt lat="46.7818891" lon="12.7889220">
        <ele>1678.1186523</ele>
        <time>2008-07-10T14:55:35Z</time>
      </trkpt>
      <trkpt lat="46.7819576" lon="12.7888105">
        <ele>1677.6379395</ele>
        <time>2008-07-10T14:55:45Z</time>
      </trkpt>
      <trkpt lat="46.7820306" lon="12.7886841">
        <ele>1676.6767578</ele>
        <time>2008-07-10T14:55:56Z</time>
      </trkpt>
      <trkpt lat="46.7820820" lon="12.7886063">
        <ele>1676.1960449</ele>
        <time>2008-07-10T14:56:05Z</time>
      </trkpt>
      <trkpt lat="46.7821526" lon="12.7884883">
        <ele>1675.7150879</ele>
        <time>2008-07-10T14:56:14Z</time>
      </trkpt>
      <trkpt lat="46.7822441" lon="12.7884182">
        <ele>1674.2731934</ele>
        <time>2008-07-10T14:56:23Z</time>
      </trkpt>
      <trkpt lat="46.7823559" lon="12.7883205">
        <ele>1672.3505859</ele>
        <time>2008-07-10T14:56:34Z</time>
      </trkpt>
      <trkpt lat="46.7824509" lon="12.7882911">
        <ele>1671.3891602</ele>
        <time>2008-07-10T14:56:41Z</time>
      </trkpt>
      <trkpt lat="46.7825546" lon="12.7883286">
        <ele>1669.9472656</ele>
        <time>2008-07-10T14:56:49Z</time>
      </trkpt>
      <trkpt lat="46.7826007" lon="12.7883069">
        <ele>1668.9860840</ele>
        <time>2008-07-10T14:56:56Z</time>
      </trkpt>
      <trkpt lat="46.7826729" lon="12.7883510">
        <ele>1668.0246582</ele>
        <time>2008-07-10T14:57:03Z</time>
      </trkpt>
      <trkpt lat="46.7828139" lon="12.7883467">
        <ele>1667.0634766</ele>
        <time>2008-07-10T14:57:14Z</time>
      </trkpt>
      <trkpt lat="46.7829513" lon="12.7883118">
        <ele>1664.6601563</ele>
        <time>2008-07-10T14:57:25Z</time>
      </trkpt>
      <trkpt lat="46.7830072" lon="12.7883061">
        <ele>1663.2182617</ele>
        <time>2008-07-10T14:57:29Z</time>
      </trkpt>
      <trkpt lat="46.7831034" lon="12.7882411">
        <ele>1662.2568359</ele>
        <time>2008-07-10T14:57:37Z</time>
      </trkpt>
      <trkpt lat="46.7831409" lon="12.7881625">
        <ele>1660.8149414</ele>
        <time>2008-07-10T14:57:42Z</time>
      </trkpt>
      <trkpt lat="46.7831569" lon="12.7881328">
        <ele>1660.8149414</ele>
        <time>2008-07-10T14:57:44Z</time>
      </trkpt>
      <trkpt lat="46.7832455" lon="12.7880337">
        <ele>1658.8920898</ele>
        <time>2008-07-10T14:57:53Z</time>
      </trkpt>
      <trkpt lat="46.7832635" lon="12.7880087">
        <ele>1658.8920898</ele>
        <time>2008-07-10T14:57:55Z</time>
      </trkpt>
      <trkpt lat="46.7833126" lon="12.7879792">
        <ele>1657.9309082</ele>
        <time>2008-07-10T14:58:00Z</time>
      </trkpt>
      <trkpt lat="46.7834230" lon="12.7879004">
        <ele>1655.5275879</ele>
        <time>2008-07-10T14:58:10Z</time>
      </trkpt>
      <trkpt lat="46.7835431" lon="12.7878082">
        <ele>1653.6049805</ele>
        <time>2008-07-10T14:58:21Z</time>
      </trkpt>
      <trkpt lat="46.7836179" lon="12.7877103">
        <ele>1653.1242676</ele>
        <time>2008-07-10T14:58:30Z</time>
      </trkpt>
      <trkpt lat="46.7836816" lon="12.7875947">
        <ele>1652.6435547</ele>
        <time>2008-07-10T14:58:39Z</time>
      </trkpt>
      <trkpt lat="46.7836945" lon="12.7876025">
        <ele>1652.1628418</ele>
        <time>2008-07-10T14:58:43Z</time>
      </trkpt>
      <trkpt lat="46.7837380" lon="12.7875483">
        <ele>1651.6823730</ele>
        <time>2008-07-10T14:58:50Z</time>
      </trkpt>
      <trkpt lat="46.7837739" lon="12.7874523">
        <ele>1651.2016602</ele>
        <time>2008-07-10T14:58:58Z</time>
      </trkpt>
      <trkpt lat="46.7838003" lon="12.7873905">
        <ele>1650.7209473</ele>
        <time>2008-07-10T14:59:05Z</time>
      </trkpt>
      <trkpt lat="46.7838842" lon="12.7872855">
        <ele>1650.2404785</ele>
        <time>2008-07-10T14:59:15Z</time>
      </trkpt>
      <trkpt lat="46.7840090" lon="12.7873364">
        <ele>1650.2404785</ele>
        <time>2008-07-10T14:59:25Z</time>
      </trkpt>
      <trkpt lat="46.7841204" lon="12.7874679">
        <ele>1649.2790527</ele>
        <time>2008-07-10T14:59:35Z</time>
      </trkpt>
      <trkpt lat="46.7842167" lon="12.7875524">
        <ele>1649.2790527</ele>
        <time>2008-07-10T14:59:44Z</time>
      </trkpt>
      <trkpt lat="46.7843168" lon="12.7876550">
        <ele>1648.7983398</ele>
        <time>2008-07-10T14:59:54Z</time>
      </trkpt>
      <trkpt lat="46.7844419" lon="12.7877187">
        <ele>1649.2790527</ele>
        <time>2008-07-10T15:00:04Z</time>
      </trkpt>
      <trkpt lat="46.7845787" lon="12.7876352">
        <ele>1648.7983398</ele>
        <time>2008-07-10T15:00:15Z</time>
      </trkpt>
      <trkpt lat="46.7846962" lon="12.7875389">
        <ele>1648.7983398</ele>
        <time>2008-07-10T15:00:25Z</time>
      </trkpt>
      <trkpt lat="46.7848446" lon="12.7874881">
        <ele>1648.3176270</ele>
        <time>2008-07-10T15:00:37Z</time>
      </trkpt>
      <trkpt lat="46.7849995" lon="12.7874901">
        <ele>1647.8371582</ele>
        <time>2008-07-10T15:00:49Z</time>
      </trkpt>
      <trkpt lat="46.7851351" lon="12.7874357">
        <ele>1646.3952637</ele>
        <time>2008-07-10T15:01:00Z</time>
      </trkpt>
      <trkpt lat="46.7852485" lon="12.7873643">
        <ele>1645.9145508</ele>
        <time>2008-07-10T15:01:10Z</time>
      </trkpt>
      <trkpt lat="46.7854002" lon="12.7872608">
        <ele>1645.9145508</ele>
        <time>2008-07-10T15:01:23Z</time>
      </trkpt>
      <trkpt lat="46.7854874" lon="12.7871307">
        <ele>1645.9145508</ele>
        <time>2008-07-10T15:01:33Z</time>
      </trkpt>
      <trkpt lat="46.7856304" lon="12.7869430">
        <ele>1646.3952637</ele>
        <time>2008-07-10T15:01:48Z</time>
      </trkpt>
      <trkpt lat="46.7857825" lon="12.7867826">
        <ele>1645.9145508</ele>
        <time>2008-07-10T15:02:02Z</time>
      </trkpt>
      <trkpt lat="46.7858174" lon="12.7867541">
        <ele>1645.4338379</ele>
        <time>2008-07-10T15:02:05Z</time>
      </trkpt>
      <trkpt lat="46.7858742" lon="12.7867179">
        <ele>1645.9145508</ele>
        <time>2008-07-10T15:02:10Z</time>
      </trkpt>
      <trkpt lat="46.7860022" lon="12.7865651">
        <ele>1645.9145508</ele>
        <time>2008-07-10T15:02:23Z</time>
      </trkpt>
      <trkpt lat="46.7861060" lon="12.7864013">
        <ele>1646.8757324</ele>
        <time>2008-07-10T15:02:35Z</time>
      </trkpt>
      <trkpt lat="46.7861272" lon="12.7863348">
        <ele>1646.8757324</ele>
        <time>2008-07-10T15:02:44Z</time>
      </trkpt>
      <trkpt lat="46.7861311" lon="12.7863298">
        <ele>1646.3952637</ele>
        <time>2008-07-10T15:02:48Z</time>
      </trkpt>
      <trkpt lat="46.7861868" lon="12.7862211">
        <ele>1646.3952637</ele>
        <time>2008-07-10T15:02:55Z</time>
      </trkpt>
      <trkpt lat="46.7861945" lon="12.7862006">
        <ele>1646.8757324</ele>
        <time>2008-07-10T15:02:56Z</time>
      </trkpt>
      <trkpt lat="46.7862202" lon="12.7861242">
        <ele>1646.8757324</ele>
        <time>2008-07-10T15:03:00Z</time>
      </trkpt>
      <trkpt lat="46.7862836" lon="12.7859681">
        <ele>1645.9145508</ele>
        <time>2008-07-10T15:03:09Z</time>
      </trkpt>
      <trkpt lat="46.7863516" lon="12.7857958">
        <ele>1645.9145508</ele>
        <time>2008-07-10T15:03:18Z</time>
      </trkpt>
      <trkpt lat="46.7864225" lon="12.7856377">
        <ele>1645.9145508</ele>
        <time>2008-07-10T15:03:27Z</time>
      </trkpt>
      <trkpt lat="46.7864428" lon="12.7855881">
        <ele>1645.9145508</ele>
        <time>2008-07-10T15:03:30Z</time>
      </trkpt>
      <trkpt lat="46.7864638" lon="12.7855154">
        <ele>1645.4338379</ele>
        <time>2008-07-10T15:03:34Z</time>
      </trkpt>
      <trkpt lat="46.7865183" lon="12.7853679">
        <ele>1645.4338379</ele>
        <time>2008-07-10T15:03:43Z</time>
      </trkpt>
      <trkpt lat="46.7865907" lon="12.7852387">
        <ele>1645.4338379</ele>
        <time>2008-07-10T15:03:52Z</time>
      </trkpt>
      <trkpt lat="46.7866948" lon="12.7850727">
        <ele>1645.4338379</ele>
        <time>2008-07-10T15:04:04Z</time>
      </trkpt>
      <trkpt lat="46.7867642" lon="12.7849601">
        <ele>1644.4724121</ele>
        <time>2008-07-10T15:04:12Z</time>
      </trkpt>
      <trkpt lat="46.7868964" lon="12.7848566">
        <ele>1644.4724121</ele>
        <time>2008-07-10T15:04:22Z</time>
      </trkpt>
      <trkpt lat="46.7870213" lon="12.7848006">
        <ele>1643.9916992</ele>
        <time>2008-07-10T15:04:31Z</time>
      </trkpt>
      <trkpt lat="46.7871799" lon="12.7848096">
        <ele>1643.5109863</ele>
        <time>2008-07-10T15:04:42Z</time>
      </trkpt>
      <trkpt lat="46.7872902" lon="12.7848934">
        <ele>1642.5498047</ele>
        <time>2008-07-10T15:04:52Z</time>
      </trkpt>
      <trkpt lat="46.7872974" lon="12.7849038">
        <ele>1643.0302734</ele>
        <time>2008-07-10T15:04:53Z</time>
      </trkpt>
      <trkpt lat="46.7873793" lon="12.7849711">
        <ele>1643.5109863</ele>
        <time>2008-07-10T15:05:01Z</time>
      </trkpt>
      <trkpt lat="46.7874616" lon="12.7850061">
        <ele>1643.0302734</ele>
        <time>2008-07-10T15:05:10Z</time>
      </trkpt>
      <trkpt lat="46.7875533" lon="12.7850654">
        <ele>1642.0690918</ele>
        <time>2008-07-10T15:05:18Z</time>
      </trkpt>
      <trkpt lat="46.7877210" lon="12.7851682">
        <ele>1642.0690918</ele>
        <time>2008-07-10T15:05:31Z</time>
      </trkpt>
      <trkpt lat="46.7878325" lon="12.7851115">
        <ele>1642.0690918</ele>
        <time>2008-07-10T15:05:41Z</time>
      </trkpt>
      <trkpt lat="46.7879371" lon="12.7849949">
        <ele>1642.0690918</ele>
        <time>2008-07-10T15:05:51Z</time>
      </trkpt>
      <trkpt lat="46.7880702" lon="12.7849778">
        <ele>1642.0690918</ele>
        <time>2008-07-10T15:06:00Z</time>
      </trkpt>
      <trkpt lat="46.7882169" lon="12.7850216">
        <ele>1641.5883789</ele>
        <time>2008-07-10T15:06:10Z</time>
      </trkpt>
      <trkpt lat="46.7883535" lon="12.7849010">
        <ele>1641.1076660</ele>
        <time>2008-07-10T15:06:21Z</time>
      </trkpt>
      <trkpt lat="46.7884780" lon="12.7848710">
        <ele>1641.1076660</ele>
        <time>2008-07-10T15:06:31Z</time>
      </trkpt>
      <trkpt lat="46.7886363" lon="12.7849020">
        <ele>1640.6269531</ele>
        <time>2008-07-10T15:06:43Z</time>
      </trkpt>
      <trkpt lat="46.7888380" lon="12.7848778">
        <ele>1640.1464844</ele>
        <time>2008-07-10T15:06:58Z</time>
      </trkpt>
      <trkpt lat="46.7889551" lon="12.7848582">
        <ele>1639.6657715</ele>
        <time>2008-07-10T15:07:07Z</time>
      </trkpt>
      <trkpt lat="46.7890975" lon="12.7848302">
        <ele>1640.1464844</ele>
        <time>2008-07-10T15:07:18Z</time>
      </trkpt>
      <trkpt lat="46.7892788" lon="12.7847896">
        <ele>1640.1464844</ele>
        <time>2008-07-10T15:07:33Z</time>
      </trkpt>
      <trkpt lat="46.7893807" lon="12.7846777">
        <ele>1640.1464844</ele>
        <time>2008-07-10T15:07:43Z</time>
      </trkpt>
      <trkpt lat="46.7894560" lon="12.7845443">
        <ele>1640.1464844</ele>
        <time>2008-07-10T15:07:52Z</time>
      </trkpt>
      <trkpt lat="46.7895322" lon="12.7844138">
        <ele>1640.1464844</ele>
        <time>2008-07-10T15:08:01Z</time>
      </trkpt>
      <trkpt lat="46.7896424" lon="12.7842335">
        <ele>1639.6657715</ele>
        <time>2008-07-10T15:08:12Z</time>
      </trkpt>
      <trkpt lat="46.7897745" lon="12.7840442">
        <ele>1639.1850586</ele>
        <time>2008-07-10T15:08:23Z</time>
      </trkpt>
      <trkpt lat="46.7897941" lon="12.7840183">
        <ele>1638.2238770</ele>
        <time>2008-07-10T15:08:26Z</time>
      </trkpt>
      <trkpt lat="46.7899412" lon="12.7840526">
        <ele>1637.7431641</ele>
        <time>2008-07-10T15:08:32Z</time>
      </trkpt>
      <trkpt lat="46.7900123" lon="12.7841457">
        <ele>1637.2624512</ele>
        <time>2008-07-10T15:08:38Z</time>
      </trkpt>
      <trkpt lat="46.7900036" lon="12.7841708">
        <ele>1637.2624512</ele>
        <time>2008-07-10T15:08:59Z</time>
      </trkpt>
      <trkpt lat="46.7900281" lon="12.7841785">
        <ele>1637.2624512</ele>
        <time>2008-07-10T15:09:14Z</time>
      </trkpt>
      <trkpt lat="46.7900439" lon="12.7841976">
        <ele>1637.2624512</ele>
        <time>2008-07-10T15:09:21Z</time>
      </trkpt>
      <trkpt lat="46.7900592" lon="12.7841957">
        <ele>1637.7431641</ele>
        <time>2008-07-10T15:09:26Z</time>
      </trkpt>
      <trkpt lat="46.7902065" lon="12.7844262">
        <ele>1635.3398438</ele>
        <time>2008-07-10T15:09:34Z</time>
      </trkpt>
      <trkpt lat="46.7902211" lon="12.7844479">
        <ele>1634.3786621</ele>
        <time>2008-07-10T15:09:35Z</time>
      </trkpt>
      <trkpt lat="46.7902821" lon="12.7846053">
        <ele>1634.3786621</ele>
        <time>2008-07-10T15:09:43Z</time>
      </trkpt>
      <trkpt lat="46.7903221" lon="12.7847127">
        <ele>1633.8979492</ele>
        <time>2008-07-10T15:09:49Z</time>
      </trkpt>
      <trkpt lat="46.7904239" lon="12.7848359">
        <ele>1632.9365234</ele>
        <time>2008-07-10T15:09:59Z</time>
      </trkpt>
      <trkpt lat="46.7904422" lon="12.7849313">
        <ele>1631.9753418</ele>
        <time>2008-07-10T15:10:05Z</time>
      </trkpt>
      <trkpt lat="46.7905070" lon="12.7849533">
        <ele>1631.4946289</ele>
        <time>2008-07-10T15:10:09Z</time>
      </trkpt>
      <trkpt lat="46.7905898" lon="12.7849446">
        <ele>1631.4946289</ele>
        <time>2008-07-10T15:10:16Z</time>
      </trkpt>
      <trkpt lat="46.7906763" lon="12.7848918">
        <ele>1631.0141602</ele>
        <time>2008-07-10T15:10:23Z</time>
      </trkpt>
      <trkpt lat="46.7907314" lon="12.7848524">
        <ele>1630.5334473</ele>
        <time>2008-07-10T15:10:27Z</time>
      </trkpt>
      <trkpt lat="46.7908524" lon="12.7847502">
        <ele>1630.0527344</ele>
        <time>2008-07-10T15:10:36Z</time>
      </trkpt>
      <trkpt lat="46.7909074" lon="12.7846987">
        <ele>1629.0913086</ele>
        <time>2008-07-10T15:10:44Z</time>
      </trkpt>
      <trkpt lat="46.7909742" lon="12.7845418">
        <ele>1629.0913086</ele>
        <time>2008-07-10T15:10:53Z</time>
      </trkpt>
      <trkpt lat="46.7910364" lon="12.7843930">
        <ele>1628.6108398</ele>
        <time>2008-07-10T15:11:02Z</time>
      </trkpt>
      <trkpt lat="46.7910821" lon="12.7843028">
        <ele>1628.1301270</ele>
        <time>2008-07-10T15:11:07Z</time>
      </trkpt>
      <trkpt lat="46.7910939" lon="12.7841481">
        <ele>1626.6879883</ele>
        <time>2008-07-10T15:11:17Z</time>
      </trkpt>
      <trkpt lat="46.7910942" lon="12.7841441">
        <ele>1626.6879883</ele>
        <time>2008-07-10T15:11:26Z</time>
      </trkpt>
    </trkseg>
  </trk>

</gpx>
