<?xml version="1.0" encoding="utf-8"?><gpx creator="Garmin Desktop App" version="1.1" xsi:schemaLocation="http://www.topografix.com/GPX/1/1 http://www.topografix.com/GPX/1/1/gpx.xsd http://www.garmin.com/xmlschemas/WaypointExtension/v1 http://www8.garmin.com/xmlschemas/WaypointExtensionv1.xsd http://www.garmin.com/xmlschemas/TrackPointExtension/v1 http://www.garmin.com/xmlschemas/TrackPointExtensionv1.xsd http://www.garmin.com/xmlschemas/GpxExtensions/v3 http://www8.garmin.com/xmlschemas/GpxExtensionsv3.xsd http://www.garmin.com/xmlschemas/ActivityExtension/v1 http://www8.garmin.com/xmlschemas/ActivityExtensionv1.xsd http://www.garmin.com/xmlschemas/AdventuresExtensions/v1 http://www8.garmin.com/xmlschemas/AdventuresExtensionv1.xsd http://www.garmin.com/xmlschemas/PressureExtension/v1 http://www.garmin.com/xmlschemas/PressureExtensionv1.xsd http://www.garmin.com/xmlschemas/TripExtensions/v1 http://www.garmin.com/xmlschemas/TripExtensionsv1.xsd http://www.garmin.com/xmlschemas/TripMetaDataExtensions/v1 http://www.garmin.com/xmlschemas/TripMetaDataExtensionsv1.xsd http://www.garmin.com/xmlschemas/ViaPointTransportationModeExtensions/v1 http://www.garmin.com/xmlschemas/ViaPointTransportationModeExtensionsv1.xsd http://www.garmin.com/xmlschemas/CreationTimeExtension/v1 http://www.garmin.com/xmlschemas/CreationTimeExtensionsv1.xsd http://www.garmin.com/xmlschemas/AccelerationExtension/v1 http://www.garmin.com/xmlschemas/AccelerationExtensionv1.xsd http://www.garmin.com/xmlschemas/PowerExtension/v1 http://www.garmin.com/xmlschemas/PowerExtensionv1.xsd http://www.garmin.com/xmlschemas/VideoExtension/v1 http://www.garmin.com/xmlschemas/VideoExtensionv1.xsd" xmlns="http://www.topografix.com/GPX/1/1" xmlns:xsi="http://www.w3.org/2001/XMLSchema-instance" xmlns:wptx1="http://www.garmin.com/xmlschemas/WaypointExtension/v1" xmlns:gpxtrx="http://www.garmin.com/xmlschemas/GpxExtensions/v3" xmlns:gpxtpx="http://www.garmin.com/xmlschemas/TrackPointExtension/v1" xmlns:gpxx="http://www.garmin.com/xmlschemas/GpxExtensions/v3" xmlns:trp="http://www.garmin.com/xmlschemas/TripExtensions/v1" xmlns:adv="http://www.garmin.com/xmlschemas/AdventuresExtensions/v1" xmlns:prs="http://www.garmin.com/xmlschemas/PressureExtension/v1" xmlns:tmd="http://www.garmin.com/xmlschemas/TripMetaDataExtensions/v1" xmlns:vptm="http://www.garmin.com/xmlschemas/ViaPointTransportationModeExtensions/v1" xmlns:ctx="http://www.garmin.com/xmlschemas/CreationTimeExtension/v1" xmlns:gpxacc="http://www.garmin.com/xmlschemas/AccelerationExtension/v1" xmlns:gpxpx="http://www.garmin.com/xmlschemas/PowerExtension/v1" xmlns:vidx1="http://www.garmin.com/xmlschemas/VideoExtension/v1">

  <metadata>
    <link href="http://www.garmin.com">
      <text>Garmin International</text>
    </link>
    <time>2015-02-10T17:30:02Z</time>
    <bounds maxlat="45.724112363532186" maxlon="11.140524800866842" minlat="45.694739995524287" minlon="11.115919975563884" />
  </metadata>

  <trk>
    <name>Via Ferrata Carlo Campalani</name>
    <extensions>
      <gpxx:TrackExtension>
        <gpxx:DisplayColor>DarkGray</gpxx:DisplayColor>
      </gpxx:TrackExtension>
    </extensions>
    <trkseg>
      <trkpt lat="45.694839991629124" lon="11.118909968063235">
        <ele>1333</ele>
      </trkpt>
      <trkpt lat="45.695079965516925" lon="11.118690026924014">
        <ele>1333</ele>
      </trkpt>
      <trkpt lat="45.695529989898205" lon="11.119039971381426">
        <ele>1333</ele>
      </trkpt>
      <trkpt lat="45.695829978212714" lon="11.118939975276589">
        <ele>1339</ele>
      </trkpt>
      <trkpt lat="45.696149999275804" lon="11.118769990280271">
        <ele>1349</ele>
      </trkpt>
      <trkpt lat="45.696500027552247" lon="11.11866001971066">
        <ele>1358</ele>
      </trkpt>
      <trkpt lat="45.696849972009659" lon="11.118779964745045">
        <ele>1366</ele>
      </trkpt>
      <trkpt lat="45.696979975327849" lon="11.118600005283952">
        <ele>1370</ele>
      </trkpt>
      <trkpt lat="45.697369985282421" lon="11.118620038032532">
        <ele>1380</ele>
      </trkpt>
      <trkpt lat="45.697780027985573" lon="11.118530016392469">
        <ele>1397</ele>
      </trkpt>
      <trkpt lat="45.698170037940145" lon="11.118300016969442">
        <ele>1414</ele>
      </trkpt>
      <trkpt lat="45.698410011827946" lon="11.118390038609505">
        <ele>1416</ele>
      </trkpt>
      <trkpt lat="45.698719974607229" lon="11.118709975853562">
        <ele>1421</ele>
      </trkpt>
      <trkpt lat="45.699100010097027" lon="11.118790023028851">
        <ele>1426</ele>
      </trkpt>
      <trkpt lat="45.699230013415217" lon="11.118649961426854">
        <ele>1429</ele>
      </trkpt>
      <trkpt lat="45.699220038950443" lon="11.118500009179115">
        <ele>1431</ele>
      </trkpt>
      <trkpt lat="45.698830028995872" lon="11.118200020864606">
        <ele>1439</ele>
      </trkpt>
      <trkpt lat="45.698519982397556" lon="11.117859967052937">
        <ele>1444</ele>
      </trkpt>
      <trkpt lat="45.698110023513436" lon="11.117700040340424">
        <ele>1450</ele>
      </trkpt>
      <trkpt lat="45.698150005191565" lon="11.117610018700361">
        <ele>1451</ele>
      </trkpt>
      <trkpt lat="45.69857002235949" lon="11.117710014805198">
        <ele>1451</ele>
      </trkpt>
      <trkpt lat="45.698830028995872" lon="11.117959963157773">
        <ele>1451</ele>
      </trkpt>
      <trkpt lat="45.699169998988509" lon="11.118010003119707">
        <ele>1453</ele>
      </trkpt>
      <trkpt lat="45.699399998411536" lon="11.117719989269972">
        <ele>1459</ele>
      </trkpt>
      <trkpt lat="45.700110029429197" lon="11.117269964888692">
        <ele>1469</ele>
      </trkpt>
      <trkpt lat="45.700470032170415" lon="11.117459982633591">
        <ele>1472</ele>
      </trkpt>
      <trkpt lat="45.700800027698278" lon="11.117159994319081">
        <ele>1472</ele>
      </trkpt>
      <trkpt lat="45.70104000158608" lon="11.116929994896054">
        <ele>1472</ele>
      </trkpt>
      <trkpt lat="45.701590022072196" lon="11.1168999876827">
        <ele>1476</ele>
      </trkpt>
      <trkpt lat="45.701909959316254" lon="11.116590024903417">
        <ele>1487</ele>
      </trkpt>
      <trkpt lat="45.702310027554631" lon="11.116420039907098">
        <ele>1497</ele>
      </trkpt>
      <trkpt lat="45.703109996393323" lon="11.116400007158518">
        <ele>1504</ele>
      </trkpt>
      <trkpt lat="45.703460024669766" lon="11.117410026490688">
        <ele>1515</ele>
      </trkpt>
      <trkpt lat="45.703560020774603" lon="11.11735001206398">
        <ele>1517</ele>
      </trkpt>
      <trkpt lat="45.703419959172606" lon="11.116869980469346">
        <ele>1521</ele>
      </trkpt>
      <trkpt lat="45.703419959172606" lon="11.116290036588907">
        <ele>1525</ele>
      </trkpt>
      <trkpt lat="45.703460024669766" lon="11.116100018844008">
        <ele>1526</ele>
      </trkpt>
      <trkpt lat="45.703579969704151" lon="11.115919975563884">
        <ele>1524</ele>
      </trkpt>
      <trkpt lat="45.703543340787292" lon="11.116722375154495">
        <ele>1529.1099999999999</ele>
        <time>2014-10-25T12:01:47Z</time>
      </trkpt>
      <trkpt lat="45.703591955825686" lon="11.116895629093051">
        <ele>1530.5599999999999</ele>
        <time>2014-10-25T12:01:38Z</time>
      </trkpt>
      <trkpt lat="45.703633446246386" lon="11.117057148367167">
        <ele>1531.04</ele>
        <time>2014-10-25T12:01:29Z</time>
      </trkpt>
      <trkpt lat="45.703668566420674" lon="11.117226127535105">
        <ele>1532.48</ele>
        <time>2014-10-25T12:01:21Z</time>
      </trkpt>
      <trkpt lat="45.703731765970588" lon="11.117430729791522">
        <ele>1533.4400000000001</ele>
        <time>2014-10-25T12:01:11Z</time>
      </trkpt>
      <trkpt lat="45.703794211149216" lon="11.117641869932413">
        <ele>1534.8800000000001</ele>
        <time>2014-10-25T12:01:00Z</time>
      </trkpt>
      <trkpt lat="45.703827403485775" lon="11.117787715047598">
        <ele>1535.3599999999999</ele>
        <time>2014-10-25T12:00:51Z</time>
      </trkpt>
      <trkpt lat="45.703905941918492" lon="11.117946719750762">
        <ele>1537.29</ele>
        <time>2014-10-25T12:00:41Z</time>
      </trkpt>
      <trkpt lat="45.70395028218627" lon="11.118097007274628">
        <ele>1538.25</ele>
        <time>2014-10-25T12:00:34Z</time>
      </trkpt>
      <trkpt lat="45.703965369611979" lon="11.118247881531715">
        <ele>1539.21</ele>
        <time>2014-10-25T12:00:27Z</time>
      </trkpt>
      <trkpt lat="45.703945504501462" lon="11.11844502389431">
        <ele>1540.6500000000001</ele>
        <time>2014-10-25T12:00:17Z</time>
      </trkpt>
      <trkpt lat="45.703920945525169" lon="11.118526998907328">
        <ele>1541.6099999999999</ele>
        <time>2014-10-25T12:00:12Z</time>
      </trkpt>
      <trkpt lat="45.703941565006971" lon="11.118689859285951">
        <ele>1542.5699999999999</ele>
        <time>2014-10-25T12:00:03Z</time>
      </trkpt>
      <trkpt lat="45.704031251370907" lon="11.118913823738694">
        <ele>1544.5</ele>
        <time>2014-10-25T11:59:51Z</time>
      </trkpt>
      <trkpt lat="45.704105095937848" lon="11.11904064193368">
        <ele>1544.98</ele>
        <time>2014-10-25T11:59:43Z</time>
      </trkpt>
      <trkpt lat="45.70415060967207" lon="11.119215320795774">
        <ele>1546.4200000000001</ele>
        <time>2014-10-25T11:59:34Z</time>
      </trkpt>
      <trkpt lat="45.704153878614306" lon="11.119487229734659">
        <ele>1548.3399999999999</ele>
        <time>2014-10-25T11:59:21Z</time>
      </trkpt>
      <trkpt lat="45.704136276617646" lon="11.119698788970709">
        <ele>1549.3</ele>
        <time>2014-10-25T11:59:11Z</time>
      </trkpt>
      <trkpt lat="45.704106520861387" lon="11.11985569819808">
        <ele>1549.78</ele>
        <time>2014-10-25T11:59:03Z</time>
      </trkpt>
      <trkpt lat="45.704066455364227" lon="11.120026437565684">
        <ele>1551.22</ele>
        <time>2014-10-25T11:58:55Z</time>
      </trkpt>
      <trkpt lat="45.704006608575583" lon="11.120247635990381">
        <ele>1552.6700000000001</ele>
        <time>2014-10-25T11:58:45Z</time>
      </trkpt>
      <trkpt lat="45.704001411795616" lon="11.120268506929278">
        <ele>1553.1500000000001</ele>
        <time>2014-10-25T11:58:44Z</time>
      </trkpt>
      <trkpt lat="45.704044830054045" lon="11.120411669835448">
        <ele>1553.6300000000001</ele>
        <time>2014-10-25T11:58:36Z</time>
      </trkpt>
      <trkpt lat="45.704099060967565" lon="11.120465900748968">
        <ele>1555.0699999999999</ele>
        <time>2014-10-25T11:58:28Z</time>
      </trkpt>
      <trkpt lat="45.704134600237012" lon="11.120509319007397">
        <ele>1556.51</ele>
        <time>2014-10-25T11:58:25Z</time>
      </trkpt>
      <trkpt lat="45.704211629927158" lon="11.120581571012735">
        <ele>1559.8800000000001</ele>
        <time>2014-10-25T11:58:18Z</time>
      </trkpt>
      <trkpt lat="45.704267621040344" lon="11.120646866038442">
        <ele>1563.24</ele>
        <time>2014-10-25T11:58:11Z</time>
      </trkpt>
      <trkpt lat="45.704293940216303" lon="11.120704114437103">
        <ele>1565.6400000000001</ele>
        <time>2014-10-25T11:58:05Z</time>
      </trkpt>
      <trkpt lat="45.704326126724482" lon="11.120745856314898">
        <ele>1566.1199999999999</ele>
        <time>2014-10-25T11:58:02Z</time>
      </trkpt>
      <trkpt lat="45.704362504184246" lon="11.120764212682843">
        <ele>1569.01</ele>
        <time>2014-10-25T11:57:59Z</time>
      </trkpt>
      <trkpt lat="45.70442721247673" lon="11.12077577970922">
        <ele>1571.4100000000001</ele>
        <time>2014-10-25T11:57:53Z</time>
      </trkpt>
      <trkpt lat="45.704473480582237" lon="11.120837135240436">
        <ele>1573.3299999999999</ele>
        <time>2014-10-25T11:57:48Z</time>
      </trkpt>
      <trkpt lat="45.704488148912787" lon="11.120836464688182">
        <ele>1573.8199999999999</ele>
        <time>2014-10-25T11:57:47Z</time>
      </trkpt>
      <trkpt lat="45.704503152519464" lon="11.120841158553958">
        <ele>1573.8199999999999</ele>
        <time>2014-10-25T11:57:46Z</time>
      </trkpt>
      <trkpt lat="45.704514300450683" lon="11.12085247412324">
        <ele>1574.78</ele>
        <time>2014-10-25T11:57:45Z</time>
      </trkpt>
      <trkpt lat="45.704597700387239" lon="11.120907543227077">
        <ele>1577.1800000000001</ele>
        <time>2014-10-25T11:57:38Z</time>
      </trkpt>
      <trkpt lat="45.704620247706771" lon="11.120928749442101">
        <ele>1578.1400000000001</ele>
        <time>2014-10-25T11:57:36Z</time>
      </trkpt>
      <trkpt lat="45.704707587137818" lon="11.120982225984335">
        <ele>1582.47</ele>
        <time>2014-10-25T11:57:29Z</time>
      </trkpt>
      <trkpt lat="45.704783275723457" lon="11.121071325615048">
        <ele>1583.4300000000001</ele>
        <time>2014-10-25T11:57:22Z</time>
      </trkpt>
      <trkpt lat="45.704820239916444" lon="11.121151205152273">
        <ele>1586.3099999999999</ele>
        <time>2014-10-25T11:57:16Z</time>
      </trkpt>
      <trkpt lat="45.70486499927938" lon="11.121207782998681">
        <ele>1589.2</ele>
        <time>2014-10-25T11:57:08Z</time>
      </trkpt>
      <trkpt lat="45.70490900427103" lon="11.121270563453436">
        <ele>1591.5999999999999</ele>
        <time>2014-10-25T11:57:02Z</time>
      </trkpt>
      <trkpt lat="45.704922918230295" lon="11.121277771890163">
        <ele>1592.0799999999999</ele>
        <time>2014-10-25T11:57:00Z</time>
      </trkpt>
      <trkpt lat="45.704938927665353" lon="11.121306102722883">
        <ele>1593.52</ele>
        <time>2014-10-25T11:56:57Z</time>
      </trkpt>
      <trkpt lat="45.704969353973866" lon="11.121332924813032">
        <ele>1594.96</ele>
        <time>2014-10-25T11:56:54Z</time>
      </trkpt>
      <trkpt lat="45.705022076144814" lon="11.121385060250759">
        <ele>1595.45</ele>
        <time>2014-10-25T11:56:48Z</time>
      </trkpt>
      <trkpt lat="45.704998271539807" lon="11.121296882629395">
        <ele>1595.45</ele>
        <time>2014-10-25T11:56:35Z</time>
      </trkpt>
      <trkpt lat="45.705031715333462" lon="11.121344910934567">
        <ele>1595.9300000000001</ele>
        <time>2014-10-25T11:56:15Z</time>
      </trkpt>
      <trkpt lat="45.705056777223945" lon="11.121359914541245">
        <ele>1596.4100000000001</ele>
        <time>2014-10-25T11:56:12Z</time>
      </trkpt>
      <trkpt lat="45.705102039501071" lon="11.121462089940906">
        <ele>1597.3699999999999</ele>
        <time>2014-10-25T11:56:06Z</time>
      </trkpt>
      <trkpt lat="45.705174207687378" lon="11.121617741882801">
        <ele>1598.3299999999999</ele>
        <time>2014-10-25T11:55:56Z</time>
      </trkpt>
      <trkpt lat="45.705218380317092" lon="11.121682785451412">
        <ele>1599.77</ele>
        <time>2014-10-25T11:55:51Z</time>
      </trkpt>
      <trkpt lat="45.705290632322431" lon="11.121708853170276">
        <ele>1599.77</ele>
        <time>2014-10-25T11:55:45Z</time>
      </trkpt>
      <trkpt lat="45.705329356715083" lon="11.121740704402328">
        <ele>1600.73</ele>
        <time>2014-10-25T11:55:41Z</time>
      </trkpt>
      <trkpt lat="45.705353748053312" lon="11.12171689979732">
        <ele>1602.1700000000001</ele>
        <time>2014-10-25T11:55:37Z</time>
      </trkpt>
      <trkpt lat="45.705422814935446" lon="11.121808597818017">
        <ele>1602.6600000000001</ele>
        <time>2014-10-25T11:55:29Z</time>
      </trkpt>
      <trkpt lat="45.705528594553471" lon="11.121908091008663">
        <ele>1606.5</ele>
        <time>2014-10-25T11:55:19Z</time>
      </trkpt>
      <trkpt lat="45.705576036125422" lon="11.121932649984956">
        <ele>1608.4200000000001</ele>
        <time>2014-10-25T11:55:11Z</time>
      </trkpt>
      <trkpt lat="45.705604534596205" lon="11.121925190091133">
        <ele>1610.8299999999999</ele>
        <time>2014-10-25T11:55:06Z</time>
      </trkpt>
      <trkpt lat="45.70564242079854" lon="11.121906079351902">
        <ele>1611.79</ele>
        <time>2014-10-25T11:55:00Z</time>
      </trkpt>
      <trkpt lat="45.705752810463309" lon="11.121986545622349">
        <ele>1613.23</ele>
        <time>2014-10-25T11:54:50Z</time>
      </trkpt>
      <trkpt lat="45.705860015004873" lon="11.122035915032029">
        <ele>1614.1900000000001</ele>
        <time>2014-10-25T11:54:41Z</time>
      </trkpt>
      <trkpt lat="45.706018600612879" lon="11.122032897546887">
        <ele>1616.5899999999999</ele>
        <time>2014-10-25T11:54:30Z</time>
      </trkpt>
      <trkpt lat="45.706151369959116" lon="11.121983863413334">
        <ele>1618.04</ele>
        <time>2014-10-25T11:54:21Z</time>
      </trkpt>
      <trkpt lat="45.706290090456605" lon="11.121973134577274">
        <ele>1619.48</ele>
        <time>2014-10-25T11:54:12Z</time>
      </trkpt>
      <trkpt lat="45.706358989700675" lon="11.122001297771931">
        <ele>1619.96</ele>
        <time>2014-10-25T11:54:07Z</time>
      </trkpt>
      <trkpt lat="45.706457812339067" lon="11.122062569484115">
        <ele>1620.9200000000001</ele>
        <time>2014-10-25T11:54:00Z</time>
      </trkpt>
      <trkpt lat="45.706545151770115" lon="11.122113615274429">
        <ele>1622.8399999999999</ele>
        <time>2014-10-25T11:53:54Z</time>
      </trkpt>
      <trkpt lat="45.706578176468611" lon="11.122117219492793">
        <ele>1622.8399999999999</ele>
        <time>2014-10-25T11:53:52Z</time>
      </trkpt>
      <trkpt lat="45.706702563911676" lon="11.122096264734864">
        <ele>1624.77</ele>
        <time>2014-10-25T11:53:45Z</time>
      </trkpt>
      <trkpt lat="45.706870034337044" lon="11.122010517865419">
        <ele>1625.73</ele>
        <time>2014-10-25T11:53:35Z</time>
      </trkpt>
      <trkpt lat="45.706988219171762" lon="11.121980343014002">
        <ele>1627.6500000000001</ele>
        <time>2014-10-25T11:53:27Z</time>
      </trkpt>
      <trkpt lat="45.707071954384446" lon="11.122055444866419">
        <ele>1628.6099999999999</ele>
        <time>2014-10-25T11:53:20Z</time>
      </trkpt>
      <trkpt lat="45.707103721797466" lon="11.122234733775258">
        <ele>1630.05</ele>
        <time>2014-10-25T11:53:11Z</time>
      </trkpt>
      <trkpt lat="45.707110511139035" lon="11.122454926371574">
        <ele>1631.01</ele>
        <time>2014-10-25T11:53:01Z</time>
      </trkpt>
      <trkpt lat="45.70711906068027" lon="11.122689032927155">
        <ele>1632.9400000000001</ele>
        <time>2014-10-25T11:52:50Z</time>
      </trkpt>
      <trkpt lat="45.707192067056894" lon="11.122952476143837">
        <ele>1635.3399999999999</ele>
        <time>2014-10-25T11:52:37Z</time>
      </trkpt>
      <trkpt lat="45.707253254950047" lon="11.123019782826304">
        <ele>1636.3</ele>
        <time>2014-10-25T11:52:32Z</time>
      </trkpt>
      <trkpt lat="45.707306982949376" lon="11.1229751072824">
        <ele>1636.78</ele>
        <time>2014-10-25T11:52:27Z</time>
      </trkpt>
      <trkpt lat="45.707243196666241" lon="11.122862957417965">
        <ele>1638.22</ele>
        <time>2014-10-25T11:52:20Z</time>
      </trkpt>
      <trkpt lat="45.707174297422171" lon="11.122688194736838">
        <ele>1639.6700000000001</ele>
        <time>2014-10-25T11:52:11Z</time>
      </trkpt>
      <trkpt lat="45.707183182239532" lon="11.122484179213643">
        <ele>1640.6300000000001</ele>
        <time>2014-10-25T11:52:01Z</time>
      </trkpt>
      <trkpt lat="45.707194413989782" lon="11.122294245287776">
        <ele>1642.0699999999999</ele>
        <time>2014-10-25T11:51:52Z</time>
      </trkpt>
      <trkpt lat="45.707175387069583" lon="11.122138928622007">
        <ele>1643.51</ele>
        <time>2014-10-25T11:51:44Z</time>
      </trkpt>
      <trkpt lat="45.707168346270919" lon="11.122118644416332">
        <ele>1643.99</ele>
        <time>2014-10-25T11:51:43Z</time>
      </trkpt>
      <trkpt lat="45.707160718739033" lon="11.122095007449389">
        <ele>1643.99</ele>
        <time>2014-10-25T11:51:42Z</time>
      </trkpt>
      <trkpt lat="45.707154851406813" lon="11.12206868827343">
        <ele>1644.47</ele>
        <time>2014-10-25T11:51:41Z</time>
      </trkpt>
      <trkpt lat="45.707148145884275" lon="11.122043877840042">
        <ele>1644.47</ele>
        <time>2014-10-25T11:51:40Z</time>
      </trkpt>
      <trkpt lat="45.707145212218165" lon="11.122019235044718">
        <ele>1644.47</ele>
        <time>2014-10-25T11:51:39Z</time>
      </trkpt>
      <trkpt lat="45.707148313522339" lon="11.121994843706489">
        <ele>1644.47</ele>
        <time>2014-10-25T11:51:38Z</time>
      </trkpt>
      <trkpt lat="45.707159461453557" lon="11.121968440711498">
        <ele>1644.95</ele>
        <time>2014-10-25T11:51:37Z</time>
      </trkpt>
      <trkpt lat="45.707171615213156" lon="11.121948407962918">
        <ele>1644.47</ele>
        <time>2014-10-25T11:51:36Z</time>
      </trkpt>
      <trkpt lat="45.707185277715325" lon="11.12193776294589">
        <ele>1644.95</ele>
        <time>2014-10-25T11:51:35Z</time>
      </trkpt>
      <trkpt lat="45.707276053726673" lon="11.122066173702478">
        <ele>1645.9100000000001</ele>
        <time>2014-10-25T11:51:26Z</time>
      </trkpt>
      <trkpt lat="45.70732869207859" lon="11.122211599722505">
        <ele>1647.8399999999999</ele>
        <time>2014-10-25T11:51:18Z</time>
      </trkpt>
      <trkpt lat="45.707354005426168" lon="11.122427433729172">
        <ele>1648.8</ele>
        <time>2014-10-25T11:51:08Z</time>
      </trkpt>
      <trkpt lat="45.707387197762728" lon="11.1226487159729">
        <ele>1650.72</ele>
        <time>2014-10-25T11:50:58Z</time>
      </trkpt>
      <trkpt lat="45.707469675689936" lon="11.122849881649017">
        <ele>1651.6800000000001</ele>
        <time>2014-10-25T11:50:46Z</time>
      </trkpt>
      <trkpt lat="45.707587189972401" lon="11.12291257828474">
        <ele>1654.0899999999999</ele>
        <time>2014-10-25T11:50:36Z</time>
      </trkpt>
      <trkpt lat="45.707691209390759" lon="11.12291450612247">
        <ele>1655.53</ele>
        <time>2014-10-25T11:50:29Z</time>
      </trkpt>
      <trkpt lat="45.707824397832155" lon="11.122846193611622">
        <ele>1656.97</ele>
        <time>2014-10-25T11:50:20Z</time>
      </trkpt>
      <trkpt lat="45.707948282361031" lon="11.122685261070728">
        <ele>1658.8900000000001</ele>
        <time>2014-10-25T11:50:11Z</time>
      </trkpt>
      <trkpt lat="45.707965632900596" lon="11.122673358768225">
        <ele>1658.8900000000001</ele>
        <time>2014-10-25T11:50:10Z</time>
      </trkpt>
      <trkpt lat="45.707985078915954" lon="11.122660869732499">
        <ele>1658.8900000000001</ele>
        <time>2014-10-25T11:50:09Z</time>
      </trkpt>
      <trkpt lat="45.708001339808106" lon="11.122652571648359">
        <ele>1659.3699999999999</ele>
        <time>2014-10-25T11:50:08Z</time>
      </trkpt>
      <trkpt lat="45.708017600700259" lon="11.122646620497108">
        <ele>1659.8499999999999</ele>
        <time>2014-10-25T11:50:07Z</time>
      </trkpt>
      <trkpt lat="45.708031849935651" lon="11.122642513364553">
        <ele>1658.8900000000001</ele>
        <time>2014-10-25T11:50:06Z</time>
      </trkpt>
      <trkpt lat="45.708046350628138" lon="11.122640753164887">
        <ele>1659.8499999999999</ele>
        <time>2014-10-25T11:50:05Z</time>
      </trkpt>
      <trkpt lat="45.708060516044497" lon="11.122641088441014">
        <ele>1659.8499999999999</ele>
        <time>2014-10-25T11:50:04Z</time>
      </trkpt>
      <trkpt lat="45.708074932917953" lon="11.122643686830997">
        <ele>1658.8900000000001</ele>
        <time>2014-10-25T11:50:03Z</time>
      </trkpt>
      <trkpt lat="45.708142574876547" lon="11.122683919966221">
        <ele>1660.3299999999999</ele>
        <time>2014-10-25T11:49:58Z</time>
      </trkpt>
      <trkpt lat="45.708247516304255" lon="11.122796153649688">
        <ele>1660.8099999999999</ele>
        <time>2014-10-25T11:49:49Z</time>
      </trkpt>
      <trkpt lat="45.708259586244822" lon="11.12281090579927">
        <ele>1661.78</ele>
        <time>2014-10-25T11:49:48Z</time>
      </trkpt>
      <trkpt lat="45.708273835480213" lon="11.122821886092424">
        <ele>1661.78</ele>
        <time>2014-10-25T11:49:47Z</time>
      </trkpt>
      <trkpt lat="45.708288252353668" lon="11.12283093854785">
        <ele>1661.78</ele>
        <time>2014-10-25T11:49:46Z</time>
      </trkpt>
      <trkpt lat="45.708347847685218" lon="11.122979717329144">
        <ele>1663.22</ele>
        <time>2014-10-25T11:49:37Z</time>
      </trkpt>
      <trkpt lat="45.708323875442147" lon="11.123193707317114">
        <ele>1664.1800000000001</ele>
        <time>2014-10-25T11:49:26Z</time>
      </trkpt>
      <trkpt lat="45.708289258182049" lon="11.123396465554833">
        <ele>1665.1400000000001</ele>
        <time>2014-10-25T11:49:17Z</time>
      </trkpt>
      <trkpt lat="45.708216084167361" lon="11.12361959181726">
        <ele>1667.54</ele>
        <time>2014-10-25T11:49:06Z</time>
      </trkpt>
      <trkpt lat="45.708180377259851" lon="11.123812878504395">
        <ele>1668.51</ele>
        <time>2014-10-25T11:48:57Z</time>
      </trkpt>
      <trkpt lat="45.708222538232803" lon="11.123984958976507">
        <ele>1668.99</ele>
        <time>2014-10-25T11:48:48Z</time>
      </trkpt>
      <trkpt lat="45.708264280110598" lon="11.124145053327084">
        <ele>1669.95</ele>
        <time>2014-10-25T11:48:40Z</time>
      </trkpt>
      <trkpt lat="45.708310212939978" lon="11.124312356114388">
        <ele>1671.8699999999999</ele>
        <time>2014-10-25T11:48:31Z</time>
      </trkpt>
      <trkpt lat="45.708396881818771" lon="11.124471444636583">
        <ele>1673.3099999999999</ele>
        <time>2014-10-25T11:48:22Z</time>
      </trkpt>
      <trkpt lat="45.708518670871854" lon="11.124654421582818">
        <ele>1674.75</ele>
        <time>2014-10-25T11:48:12Z</time>
      </trkpt>
      <trkpt lat="45.708527052775025" lon="11.124672191217542">
        <ele>1675.23</ele>
        <time>2014-10-25T11:48:11Z</time>
      </trkpt>
      <trkpt lat="45.708534764125943" lon="11.124707646667957">
        <ele>1675.23</ele>
        <time>2014-10-25T11:48:09Z</time>
      </trkpt>
      <trkpt lat="45.708540799096227" lon="11.124727595597506">
        <ele>1675.23</ele>
        <time>2014-10-25T11:48:08Z</time>
      </trkpt>
      <trkpt lat="45.708548510447145" lon="11.1247468739748">
        <ele>1675.72</ele>
        <time>2014-10-25T11:48:07Z</time>
      </trkpt>
      <trkpt lat="45.708555048331618" lon="11.124767158180475">
        <ele>1675.72</ele>
        <time>2014-10-25T11:48:06Z</time>
      </trkpt>
      <trkpt lat="45.708559909835458" lon="11.124788615852594">
        <ele>1675.23</ele>
        <time>2014-10-25T11:48:05Z</time>
      </trkpt>
      <trkpt lat="45.708565609529614" lon="11.124812169000506">
        <ele>1675.72</ele>
        <time>2014-10-25T11:48:04Z</time>
      </trkpt>
      <trkpt lat="45.708568627014756" lon="11.124834045767784">
        <ele>1676.2</ele>
        <time>2014-10-25T11:48:03Z</time>
      </trkpt>
      <trkpt lat="45.708580110222101" lon="11.124906297773123">
        <ele>1676.6800000000001</ele>
        <time>2014-10-25T11:47:58Z</time>
      </trkpt>
      <trkpt lat="45.708572650328279" lon="11.125077540054917">
        <ele>1678.1199999999999</ele>
        <time>2014-10-25T11:47:49Z</time>
      </trkpt>
      <trkpt lat="45.708588743582368" lon="11.125146858394146">
        <ele>1678.5999999999999</ele>
        <time>2014-10-25T11:47:45Z</time>
      </trkpt>
      <trkpt lat="45.708595952019095" lon="11.125164879485965">
        <ele>1678.5999999999999</ele>
        <time>2014-10-25T11:47:44Z</time>
      </trkpt>
      <trkpt lat="45.708602238446474" lon="11.125182062387466">
        <ele>1678.5999999999999</ele>
        <time>2014-10-25T11:47:43Z</time>
      </trkpt>
      <trkpt lat="45.708653284236789" lon="11.125232437625527">
        <ele>1680.04</ele>
        <time>2014-10-25T11:47:39Z</time>
      </trkpt>
      <trkpt lat="45.708763925358653" lon="11.125309215858579">
        <ele>1681</ele>
        <time>2014-10-25T11:47:31Z</time>
      </trkpt>
      <trkpt lat="45.708852522075176" lon="11.125450367107987">
        <ele>1681.96</ele>
        <time>2014-10-25T11:47:23Z</time>
      </trkpt>
      <trkpt lat="45.708840619772673" lon="11.125669302418828">
        <ele>1682.9300000000001</ele>
        <time>2014-10-25T11:47:13Z</time>
      </trkpt>
      <trkpt lat="45.70879653096199" lon="11.125844232738018">
        <ele>1683.4100000000001</ele>
        <time>2014-10-25T11:47:05Z</time>
      </trkpt>
      <trkpt lat="45.708771804347634" lon="11.126050846651196">
        <ele>1683.8900000000001</ele>
        <time>2014-10-25T11:46:56Z</time>
      </trkpt>
      <trkpt lat="45.708803571760654" lon="11.12626114860177">
        <ele>1684.3699999999999</ele>
        <time>2014-10-25T11:46:47Z</time>
      </trkpt>
      <trkpt lat="45.708888731896877" lon="11.126433312892914">
        <ele>1683.8900000000001</ele>
        <time>2014-10-25T11:46:39Z</time>
      </trkpt>
      <trkpt lat="45.708902310580015" lon="11.126451669260859">
        <ele>1684.3699999999999</ele>
        <time>2014-10-25T11:46:38Z</time>
      </trkpt>
      <trkpt lat="45.708916643634439" lon="11.12646977417171">
        <ele>1684.3699999999999</ele>
        <time>2014-10-25T11:46:37Z</time>
      </trkpt>
      <trkpt lat="45.70893089286983" lon="11.126481592655182">
        <ele>1684.3699999999999</ele>
        <time>2014-10-25T11:46:36Z</time>
      </trkpt>
      <trkpt lat="45.708943046629429" lon="11.12649324350059">
        <ele>1684.8499999999999</ele>
        <time>2014-10-25T11:46:35Z</time>
      </trkpt>
      <trkpt lat="45.708967354148626" lon="11.126506319269538">
        <ele>1684.8499999999999</ele>
        <time>2014-10-25T11:46:29Z</time>
      </trkpt>
      <trkpt lat="45.709040109068155" lon="11.126440605148673">
        <ele>1685.3299999999999</ele>
        <time>2014-10-25T11:46:21Z</time>
      </trkpt>
      <trkpt lat="45.709194084629416" lon="11.126518892124295">
        <ele>1685.3299999999999</ele>
        <time>2014-10-25T11:46:11Z</time>
      </trkpt>
      <trkpt lat="45.709302630275488" lon="11.126754004508257">
        <ele>1686.29</ele>
        <time>2014-10-25T11:45:58Z</time>
      </trkpt>
      <trkpt lat="45.709370188415051" lon="11.126930108293891">
        <ele>1686.77</ele>
        <time>2014-10-25T11:45:49Z</time>
      </trkpt>
      <trkpt lat="45.70943271741271" lon="11.127095567062497">
        <ele>1686.77</ele>
        <time>2014-10-25T11:45:40Z</time>
      </trkpt>
      <trkpt lat="45.709487283602357" lon="11.127274772152305">
        <ele>1686.77</ele>
        <time>2014-10-25T11:45:31Z</time>
      </trkpt>
      <trkpt lat="45.709512764587998" lon="11.127500329166651">
        <ele>1687.25</ele>
        <time>2014-10-25T11:45:21Z</time>
      </trkpt>
      <trkpt lat="45.709536736831069" lon="11.127731753513217">
        <ele>1687.73</ele>
        <time>2014-10-25T11:45:10Z</time>
      </trkpt>
      <trkpt lat="45.709612844511867" lon="11.127922274172306">
        <ele>1688.6900000000001</ele>
        <time>2014-10-25T11:45:00Z</time>
      </trkpt>
      <trkpt lat="45.709707140922546" lon="11.128139281645417">
        <ele>1689.6500000000001</ele>
        <time>2014-10-25T11:44:48Z</time>
      </trkpt>
      <trkpt lat="45.709778806194663" lon="11.12832460552454">
        <ele>1690.6199999999999</ele>
        <time>2014-10-25T11:44:38Z</time>
      </trkpt>
      <trkpt lat="45.709875700995326" lon="11.128514539450407">
        <ele>1692.54</ele>
        <time>2014-10-25T11:44:27Z</time>
      </trkpt>
      <trkpt lat="45.709968404844403" lon="11.128701204434037">
        <ele>1693.5</ele>
        <time>2014-10-25T11:44:17Z</time>
      </trkpt>
      <trkpt lat="45.710052475333214" lon="11.128962971270084">
        <ele>1694.46</ele>
        <time>2014-10-25T11:44:04Z</time>
      </trkpt>
      <trkpt lat="45.710118189454079" lon="11.129189366474748">
        <ele>1695.9000000000001</ele>
        <time>2014-10-25T11:43:52Z</time>
      </trkpt>
      <trkpt lat="45.71022572927177" lon="11.129397405311465">
        <ele>1697.8299999999999</ele>
        <time>2014-10-25T11:43:40Z</time>
      </trkpt>
      <trkpt lat="45.710308458656073" lon="11.129561858251691">
        <ele>1698.3099999999999</ele>
        <time>2014-10-25T11:43:31Z</time>
      </trkpt>
      <trkpt lat="45.710404850542545" lon="11.129767969250679">
        <ele>1699.75</ele>
        <time>2014-10-25T11:43:20Z</time>
      </trkpt>
      <trkpt lat="45.710501996800303" lon="11.129966620355844">
        <ele>1701.6700000000001</ele>
        <time>2014-10-25T11:43:09Z</time>
      </trkpt>
      <trkpt lat="45.710603585466743" lon="11.130209360271692">
        <ele>1703.5899999999999</ele>
        <time>2014-10-25T11:42:57Z</time>
      </trkpt>
      <trkpt lat="45.710652368143201" lon="11.130464170128107">
        <ele>1704.55</ele>
        <time>2014-10-25T11:42:45Z</time>
      </trkpt>
      <trkpt lat="45.710670975968242" lon="11.130668437108397">
        <ele>1705.52</ele>
        <time>2014-10-25T11:42:35Z</time>
      </trkpt>
      <trkpt lat="45.710718752816319" lon="11.130900448188186">
        <ele>1706.48</ele>
        <time>2014-10-25T11:42:25Z</time>
      </trkpt>
      <trkpt lat="45.710766864940524" lon="11.131082586944103">
        <ele>1709.3599999999999</ele>
        <time>2014-10-25T11:42:16Z</time>
      </trkpt>
      <trkpt lat="45.710774911567569" lon="11.131098093464971">
        <ele>1709.3599999999999</ele>
        <time>2014-10-25T11:42:15Z</time>
      </trkpt>
      <trkpt lat="45.710783796384931" lon="11.131223319098353">
        <ele>1708.8800000000001</ele>
        <time>2014-10-25T11:41:54Z</time>
      </trkpt>
      <trkpt lat="45.710804918780923" lon="11.131195155903697">
        <ele>1708.4000000000001</ele>
        <time>2014-10-25T11:41:35Z</time>
      </trkpt>
      <trkpt lat="45.710834506899118" lon="11.13119725137949">
        <ele>1708.4000000000001</ele>
        <time>2014-10-25T11:41:28Z</time>
      </trkpt>
      <trkpt lat="45.71086535230279" lon="11.131209069862962">
        <ele>1709.3599999999999</ele>
        <time>2014-10-25T11:41:23Z</time>
      </trkpt>
      <trkpt lat="45.710893850773573" lon="11.131245112046599">
        <ele>1709.8399999999999</ele>
        <time>2014-10-25T11:41:10Z</time>
      </trkpt>
      <trkpt lat="45.710993930697441" lon="11.131379473954439">
        <ele>1710.8</ele>
        <time>2014-10-25T11:41:02Z</time>
      </trkpt>
      <trkpt lat="45.711086550727487" lon="11.131516601890326">
        <ele>1711.28</ele>
        <time>2014-10-25T11:40:53Z</time>
      </trkpt>
      <trkpt lat="45.711177745833993" lon="11.131694465875626">
        <ele>1712.73</ele>
        <time>2014-10-25T11:40:43Z</time>
      </trkpt>
      <trkpt lat="45.71124505251646" lon="11.131875682622194">
        <ele>1713.21</ele>
        <time>2014-10-25T11:40:34Z</time>
      </trkpt>
      <trkpt lat="45.711292242631316" lon="11.132046170532703">
        <ele>1714.6500000000001</ele>
        <time>2014-10-25T11:40:25Z</time>
      </trkpt>
      <trkpt lat="45.711338007822633" lon="11.132205678150058">
        <ele>1715.6099999999999</ele>
        <time>2014-10-25T11:40:17Z</time>
      </trkpt>
      <trkpt lat="45.711380504071712" lon="11.132430816069245">
        <ele>1716.5699999999999</ele>
        <time>2014-10-25T11:40:05Z</time>
      </trkpt>
      <trkpt lat="45.711431549862027" lon="11.132623180747032">
        <ele>1717.53</ele>
        <time>2014-10-25T11:39:55Z</time>
      </trkpt>
      <trkpt lat="45.711500532925129" lon="11.132864831015468">
        <ele>1718.97</ele>
        <time>2014-10-25T11:39:44Z</time>
      </trkpt>
      <trkpt lat="45.711511094123125" lon="11.133035905659199">
        <ele>1720.4200000000001</ele>
        <time>2014-10-25T11:39:35Z</time>
      </trkpt>
      <trkpt lat="45.711559960618615" lon="11.133203208446503">
        <ele>1721.3800000000001</ele>
        <time>2014-10-25T11:39:27Z</time>
      </trkpt>
      <trkpt lat="45.711618633940816" lon="11.133412420749664">
        <ele>1722.8199999999999</ele>
        <time>2014-10-25T11:39:17Z</time>
      </trkpt>
      <trkpt lat="45.71167747490108" lon="11.133655915036798">
        <ele>1723.78</ele>
        <time>2014-10-25T11:39:05Z</time>
      </trkpt>
      <trkpt lat="45.71172340773046" lon="11.133903600275517">
        <ele>1725.22</ele>
        <time>2014-10-25T11:38:53Z</time>
      </trkpt>
      <trkpt lat="45.711752073839307" lon="11.134049613028765">
        <ele>1725.22</ele>
        <time>2014-10-25T11:38:46Z</time>
      </trkpt>
      <trkpt lat="45.711796078830957" lon="11.134276427328587">
        <ele>1726.1800000000001</ele>
        <time>2014-10-25T11:38:35Z</time>
      </trkpt>
      <trkpt lat="45.711819883435965" lon="11.134421266615391">
        <ele>1727.6300000000001</ele>
        <time>2014-10-25T11:38:28Z</time>
      </trkpt>
      <trkpt lat="45.711852991953492" lon="11.134620755910873">
        <ele>1728.1099999999999</ele>
        <time>2014-10-25T11:38:19Z</time>
      </trkpt>
      <trkpt lat="45.71192616596818" lon="11.134809097275138">
        <ele>1730.03</ele>
        <time>2014-10-25T11:38:09Z</time>
      </trkpt>
      <trkpt lat="45.712077543139458" lon="11.134937675669789">
        <ele>1730.99</ele>
        <time>2014-10-25T11:37:57Z</time>
      </trkpt>
      <trkpt lat="45.71217100135982" lon="11.135037001222372">
        <ele>1732.9100000000001</ele>
        <time>2014-10-25T11:37:49Z</time>
      </trkpt>
      <trkpt lat="45.712251048535109" lon="11.135165160521865">
        <ele>1732.9100000000001</ele>
        <time>2014-10-25T11:37:40Z</time>
      </trkpt>
      <trkpt lat="45.712362276390195" lon="11.135292397812009">
        <ele>1734.3599999999999</ele>
        <time>2014-10-25T11:37:31Z</time>
      </trkpt>
      <trkpt lat="45.712447017431259" lon="11.135426759719849">
        <ele>1735.3199999999999</ele>
        <time>2014-10-25T11:37:23Z</time>
      </trkpt>
      <trkpt lat="45.712567465379834" lon="11.13560764119029">
        <ele>1736.76</ele>
        <time>2014-10-25T11:37:12Z</time>
      </trkpt>
      <trkpt lat="45.712638627737761" lon="11.135791540145874">
        <ele>1737.72</ele>
        <time>2014-10-25T11:37:03Z</time>
      </trkpt>
      <trkpt lat="45.71266838349402" lon="11.135984072461724">
        <ele>1739.6400000000001</ele>
        <time>2014-10-25T11:36:54Z</time>
      </trkpt>
      <trkpt lat="45.712685901671648" lon="11.13618859089911">
        <ele>1740.5999999999999</ele>
        <time>2014-10-25T11:36:45Z</time>
      </trkpt>
      <trkpt lat="45.712727643549442" lon="11.136376261711121">
        <ele>1742.53</ele>
        <time>2014-10-25T11:36:36Z</time>
      </trkpt>
      <trkpt lat="45.71273879148066" lon="11.136545157060027">
        <ele>1743.49</ele>
        <time>2014-10-25T11:36:28Z</time>
      </trkpt>
      <trkpt lat="45.712756058201194" lon="11.136699803173542">
        <ele>1744.9300000000001</ele>
        <time>2014-10-25T11:36:21Z</time>
      </trkpt>
      <trkpt lat="45.712795034050941" lon="11.136874398216605">
        <ele>1745.8900000000001</ele>
        <time>2014-10-25T11:36:13Z</time>
      </trkpt>
      <trkpt lat="45.712801152840257" lon="11.137084113433957">
        <ele>1748.29</ele>
        <time>2014-10-25T11:36:03Z</time>
      </trkpt>
      <trkpt lat="45.712799225002527" lon="11.137127196416259">
        <ele>1749.74</ele>
        <time>2014-10-25T11:36:01Z</time>
      </trkpt>
      <trkpt lat="45.712815904989839" lon="11.137354597449303">
        <ele>1749.74</ele>
        <time>2014-10-25T11:35:50Z</time>
      </trkpt>
      <trkpt lat="45.712851192802191" lon="11.137532712891698">
        <ele>1751.1800000000001</ele>
        <time>2014-10-25T11:35:42Z</time>
      </trkpt>
      <trkpt lat="45.712864939123392" lon="11.137743266299367">
        <ele>1752.1400000000001</ele>
        <time>2014-10-25T11:35:32Z</time>
      </trkpt>
      <trkpt lat="45.712875751778483" lon="11.137804538011551">
        <ele>1753.0999999999999</ele>
        <time>2014-10-25T11:35:29Z</time>
      </trkpt>
      <trkpt lat="45.712922690436244" lon="11.138004949316382">
        <ele>1754.0599999999999</ele>
        <time>2014-10-25T11:35:20Z</time>
      </trkpt>
      <trkpt lat="45.712987650185823" lon="11.13818415440619">
        <ele>1755.99</ele>
        <time>2014-10-25T11:35:11Z</time>
      </trkpt>
      <trkpt lat="45.713002067059278" lon="11.138217682018876">
        <ele>1756.47</ele>
        <time>2014-10-25T11:35:09Z</time>
      </trkpt>
      <trkpt lat="45.713060656562448" lon="11.138379368931055">
        <ele>1761.75</ele>
        <time>2014-10-25T11:35:01Z</time>
      </trkpt>
      <trkpt lat="45.713118407875299" lon="11.138533176854253">
        <ele>1761.75</ele>
        <time>2014-10-25T11:34:53Z</time>
      </trkpt>
      <trkpt lat="45.713130980730057" lon="11.13872654736042">
        <ele>1761.75</ele>
        <time>2014-10-25T11:34:44Z</time>
      </trkpt>
      <trkpt lat="45.71310424245894" lon="11.138966018334031">
        <ele>1761.75</ele>
        <time>2014-10-25T11:34:32Z</time>
      </trkpt>
      <trkpt lat="45.71308228187263" lon="11.139120329171419">
        <ele>1762.71</ele>
        <time>2014-10-25T11:34:24Z</time>
      </trkpt>
      <trkpt lat="45.713083287701011" lon="11.139142625033855">
        <ele>1762.71</ele>
        <time>2014-10-25T11:34:23Z</time>
      </trkpt>
      <trkpt lat="45.713086221367121" lon="11.139249410480261">
        <ele>1763.6800000000001</ele>
        <time>2014-10-25T11:34:18Z</time>
      </trkpt>
      <trkpt lat="45.713060824200511" lon="11.139442780986428">
        <ele>1765.1199999999999</ele>
        <time>2014-10-25T11:34:09Z</time>
      </trkpt>
      <trkpt lat="45.713015645742416" lon="11.139579992741346">
        <ele>1766.0799999999999</ele>
        <time>2014-10-25T11:34:02Z</time>
      </trkpt>
      <trkpt lat="45.712924282997847" lon="11.139704380184412">
        <ele>1766.5599999999999</ele>
        <time>2014-10-25T11:33:54Z</time>
      </trkpt>
      <trkpt lat="45.712809450924397" lon="11.139819296076894">
        <ele>1767.52</ele>
        <time>2014-10-25T11:33:45Z</time>
      </trkpt>
      <trkpt lat="45.712714148685336" lon="11.1399329546839">
        <ele>1768</ele>
        <time>2014-10-25T11:33:37Z</time>
      </trkpt>
      <trkpt lat="45.712631167843938" lon="11.140060275793076">
        <ele>1769.4400000000001</ele>
        <time>2014-10-25T11:33:30Z</time>
      </trkpt>
      <trkpt lat="45.712485909461975" lon="11.14020804874599">
        <ele>1769.9200000000001</ele>
        <time>2014-10-25T11:33:18Z</time>
      </trkpt>
      <trkpt lat="45.712350038811564" lon="11.140344757586718">
        <ele>1771.3699999999999</ele>
        <time>2014-10-25T11:33:07Z</time>
      </trkpt>
      <trkpt lat="45.712258508428931" lon="11.140458583831787">
        <ele>1772.3299999999999</ele>
        <time>2014-10-25T11:32:59Z</time>
      </trkpt>
      <trkpt lat="45.712228585034609" lon="11.140524800866842">
        <ele>1769.4400000000001</ele>
        <time>2014-10-25T16:41:39Z</time>
      </trkpt>
      <trkpt lat="45.712330006062984" lon="11.140509294345975">
        <ele>1770.8900000000001</ele>
        <time>2014-10-25T16:41:30Z</time>
      </trkpt>
      <trkpt lat="45.712343752384186" lon="11.14050610922277">
        <ele>1770.8900000000001</ele>
        <time>2014-10-25T16:41:29Z</time>
      </trkpt>
      <trkpt lat="45.712449448183179" lon="11.140466881915927">
        <ele>1772.8099999999999</ele>
        <time>2014-10-25T16:41:20Z</time>
      </trkpt>
      <trkpt lat="45.712542403489351" lon="11.140399156138301">
        <ele>1772.8099999999999</ele>
        <time>2014-10-25T16:41:12Z</time>
      </trkpt>
      <trkpt lat="45.712652625516057" lon="11.140341991558671">
        <ele>1773.29</ele>
        <time>2014-10-25T16:41:03Z</time>
      </trkpt>
      <trkpt lat="45.712775588035583" lon="11.140303770080209">
        <ele>1775.21</ele>
        <time>2014-10-25T16:40:53Z</time>
      </trkpt>
      <trkpt lat="45.712887905538082" lon="11.140291867777705">
        <ele>1776.6500000000001</ele>
        <time>2014-10-25T16:40:44Z</time>
      </trkpt>
      <trkpt lat="45.713041042909026" lon="11.140222130343318">
        <ele>1779.0599999999999</ele>
        <time>2014-10-25T16:40:32Z</time>
      </trkpt>
      <trkpt lat="45.713109271600842" lon="11.140224477276206">
        <ele>1780.5</ele>
        <time>2014-10-25T16:40:27Z</time>
      </trkpt>
      <trkpt lat="45.713190324604511" lon="11.140173180028796">
        <ele>1781.9400000000001</ele>
        <time>2014-10-25T16:40:18Z</time>
      </trkpt>
      <trkpt lat="45.713289147242904" lon="11.140160523355007">
        <ele>1783.8599999999999</ele>
        <time>2014-10-25T16:40:09Z</time>
      </trkpt>
      <trkpt lat="45.713310269638896" lon="11.140157338231802">
        <ele>1784.8199999999999</ele>
        <time>2014-10-25T16:40:07Z</time>
      </trkpt>
      <trkpt lat="45.713335331529379" lon="11.140141831710935">
        <ele>1784.3399999999999</ele>
        <time>2014-10-25T16:39:59Z</time>
      </trkpt>
      <trkpt lat="45.713404649868608" lon="11.140118446201086">
        <ele>1785.79</ele>
        <time>2014-10-25T16:39:51Z</time>
      </trkpt>
      <trkpt lat="45.713430885225534" lon="11.140111740678549">
        <ele>1785.79</ele>
        <time>2014-10-25T16:39:49Z</time>
      </trkpt>
      <trkpt lat="45.713451588526368" lon="11.140106795355678">
        <ele>1786.75</ele>
        <time>2014-10-25T16:39:47Z</time>
      </trkpt>
      <trkpt lat="45.713493581861258" lon="11.140113500878215">
        <ele>1788.1900000000001</ele>
        <time>2014-10-25T16:39:42Z</time>
      </trkpt>
      <trkpt lat="45.713579664006829" lon="11.140147782862186">
        <ele>1789.6300000000001</ele>
        <time>2014-10-25T16:39:34Z</time>
      </trkpt>
      <trkpt lat="45.713625596836209" lon="11.140219196677208">
        <ele>1791.0699999999999</ele>
        <time>2014-10-25T16:39:28Z</time>
      </trkpt>
      <trkpt lat="45.713707990944386" lon="11.140278456732631">
        <ele>1792.03</ele>
        <time>2014-10-25T16:39:20Z</time>
      </trkpt>
      <trkpt lat="45.713777393102646" lon="11.14033805206418">
        <ele>1794.9200000000001</ele>
        <time>2014-10-25T16:39:11Z</time>
      </trkpt>
      <trkpt lat="45.713800191879272" lon="11.140335286036134">
        <ele>1794.9200000000001</ele>
        <time>2014-10-25T16:39:09Z</time>
      </trkpt>
      <trkpt lat="45.713900858536363" lon="11.140372334048152">
        <ele>1796.3599999999999</ele>
        <time>2014-10-25T16:39:01Z</time>
      </trkpt>
      <trkpt lat="45.713950311765075" lon="11.140387924388051">
        <ele>1797.3199999999999</ele>
        <time>2014-10-25T16:38:57Z</time>
      </trkpt>
      <trkpt lat="45.714007811620831" lon="11.140416506677866">
        <ele>1797.8</ele>
        <time>2014-10-25T16:38:51Z</time>
      </trkpt>
      <trkpt lat="45.714108645915985" lon="11.140364874154329">
        <ele>1798.28</ele>
        <time>2014-10-25T16:38:43Z</time>
      </trkpt>
      <trkpt lat="45.714224399998784" lon="11.140348026528955">
        <ele>1798.76</ele>
        <time>2014-10-25T16:38:34Z</time>
      </trkpt>
      <trkpt lat="45.714348955079913" lon="11.140228332951665">
        <ele>1800.6900000000001</ele>
        <time>2014-10-25T16:38:22Z</time>
      </trkpt>
      <trkpt lat="45.714432774111629" lon="11.140144765377045">
        <ele>1802.6099999999999</ele>
        <time>2014-10-25T16:38:14Z</time>
      </trkpt>
      <trkpt lat="45.714561939239502" lon="11.140103610232472">
        <ele>1805.49</ele>
        <time>2014-10-25T16:38:04Z</time>
      </trkpt>
      <trkpt lat="45.714686326682568" lon="11.140016606077552">
        <ele>1806.9400000000001</ele>
        <time>2014-10-25T16:37:53Z</time>
      </trkpt>
      <trkpt lat="45.714790178462863" lon="11.139932284131646">
        <ele>1808.8599999999999</ele>
        <time>2014-10-25T16:37:44Z</time>
      </trkpt>
      <trkpt lat="45.714920181781054" lon="11.139859361574054">
        <ele>1811.26</ele>
        <time>2014-10-25T16:37:33Z</time>
      </trkpt>
      <trkpt lat="45.715042222291231" lon="11.139766406267881">
        <ele>1812.7</ele>
        <time>2014-10-25T16:37:22Z</time>
      </trkpt>
      <trkpt lat="45.715125873684883" lon="11.139619136229157">
        <ele>1815.5899999999999</ele>
        <time>2014-10-25T16:37:11Z</time>
      </trkpt>
      <trkpt lat="45.715190749615431" lon="11.139555685222149">
        <ele>1816.55</ele>
        <time>2014-10-25T16:37:05Z</time>
      </trkpt>
      <trkpt lat="45.715252691879869" lon="11.139509920030832">
        <ele>1816.55</ele>
        <time>2014-10-25T16:36:59Z</time>
      </trkpt>
      <trkpt lat="45.71531237103045" lon="11.139506734907627">
        <ele>1818.47</ele>
        <time>2014-10-25T16:36:54Z</time>
      </trkpt>
      <trkpt lat="45.715333577245474" lon="11.139515032991767">
        <ele>1818.95</ele>
        <time>2014-10-25T16:36:52Z</time>
      </trkpt>
      <trkpt lat="45.715443463996053" lon="11.139496676623821">
        <ele>1820.3900000000001</ele>
        <time>2014-10-25T16:36:42Z</time>
      </trkpt>
      <trkpt lat="45.715512195602059" lon="11.139457616955042">
        <ele>1822.3199999999999</ele>
        <time>2014-10-25T16:36:36Z</time>
      </trkpt>
      <trkpt lat="45.715525522828102" lon="11.139425849542022">
        <ele>1822.3199999999999</ele>
        <time>2014-10-25T16:36:34Z</time>
      </trkpt>
      <trkpt lat="45.715626105666161" lon="11.139347814023495">
        <ele>1823.28</ele>
        <time>2014-10-25T16:36:24Z</time>
      </trkpt>
      <trkpt lat="45.715683856979012" lon="11.139283608645201">
        <ele>1823.28</ele>
        <time>2014-10-25T16:36:18Z</time>
      </trkpt>
      <trkpt lat="45.715790558606386" lon="11.13918537274003">
        <ele>1825.2</ele>
        <time>2014-10-25T16:36:08Z</time>
      </trkpt>
      <trkpt lat="45.715828277170658" lon="11.139171877875924">
        <ele>1825.2</ele>
        <time>2014-10-25T16:36:05Z</time>
      </trkpt>
      <trkpt lat="45.715847471728921" lon="11.13915896974504">
        <ele>1825.6800000000001</ele>
        <time>2014-10-25T16:36:03Z</time>
      </trkpt>
      <trkpt lat="45.715898768976331" lon="11.13910473883152">
        <ele>1827.1199999999999</ele>
        <time>2014-10-25T16:35:58Z</time>
      </trkpt>
      <trkpt lat="45.715990718454123" lon="11.139042042195797">
        <ele>1829.53</ele>
        <time>2014-10-25T16:35:49Z</time>
      </trkpt>
      <trkpt lat="45.716105801984668" lon="11.139026870951056">
        <ele>1832.4100000000001</ele>
        <time>2014-10-25T16:35:39Z</time>
      </trkpt>
      <trkpt lat="45.716233206912875" lon="11.138963000848889">
        <ele>1835.29</ele>
        <time>2014-10-25T16:35:28Z</time>
      </trkpt>
      <trkpt lat="45.716337226331234" lon="11.138940872624516">
        <ele>1836.74</ele>
        <time>2014-10-25T16:35:19Z</time>
      </trkpt>
      <trkpt lat="45.716471588239074" lon="11.138930814340711">
        <ele>1839.1400000000001</ele>
        <time>2014-10-25T16:35:09Z</time>
      </trkpt>
      <trkpt lat="45.716618523001671" lon="11.138934921473265">
        <ele>1841.54</ele>
        <time>2014-10-25T16:34:58Z</time>
      </trkpt>
      <trkpt lat="45.716710640117526" lon="11.138976830989122">
        <ele>1843.47</ele>
        <time>2014-10-25T16:34:50Z</time>
      </trkpt>
      <trkpt lat="45.716800829395652" lon="11.1390177346766">
        <ele>1844.4300000000001</ele>
        <time>2014-10-25T16:34:42Z</time>
      </trkpt>
      <trkpt lat="45.716935526579618" lon="11.139060733839869">
        <ele>1846.8299999999999</ele>
        <time>2014-10-25T16:34:31Z</time>
      </trkpt>
      <trkpt lat="45.717040132731199" lon="11.139064421877265">
        <ele>1848.75</ele>
        <time>2014-10-25T16:34:22Z</time>
      </trkpt>
      <trkpt lat="45.71708464063704" lon="11.139051597565413">
        <ele>1849.23</ele>
        <time>2014-10-25T16:34:18Z</time>
      </trkpt>
      <trkpt lat="45.717131830751896" lon="11.139002647250891">
        <ele>1850.6800000000001</ele>
        <time>2014-10-25T16:34:13Z</time>
      </trkpt>
      <trkpt lat="45.717225875705481" lon="11.138871973380446">
        <ele>1854.04</ele>
        <time>2014-10-25T16:34:02Z</time>
      </trkpt>
      <trkpt lat="45.717298462986946" lon="11.13876317627728">
        <ele>1855</ele>
        <time>2014-10-25T16:33:53Z</time>
      </trkpt>
      <trkpt lat="45.717406673356891" lon="11.138641890138388">
        <ele>1856.4400000000001</ele>
        <time>2014-10-25T16:33:42Z</time>
      </trkpt>
      <trkpt lat="45.717457802966237" lon="11.13856477662921">
        <ele>1858.3699999999999</ele>
        <time>2014-10-25T16:33:36Z</time>
      </trkpt>
      <trkpt lat="45.717541789636016" lon="11.13843142054975">
        <ele>1860.29</ele>
        <time>2014-10-25T16:33:26Z</time>
      </trkpt>
      <trkpt lat="45.717607084661722" lon="11.138310385867953">
        <ele>1861.73</ele>
        <time>2014-10-25T16:33:17Z</time>
      </trkpt>
      <trkpt lat="45.717675145715475" lon="11.138224387541413">
        <ele>1863.1700000000001</ele>
        <time>2014-10-25T16:33:09Z</time>
      </trkpt>
      <trkpt lat="45.717649748548865" lon="11.138081811368465">
        <ele>1864.6099999999999</ele>
        <time>2014-10-25T16:32:59Z</time>
      </trkpt>
      <trkpt lat="45.717642791569233" lon="11.137991454452276">
        <ele>1866.0599999999999</ele>
        <time>2014-10-25T16:32:53Z</time>
      </trkpt>
      <trkpt lat="45.717669781297445" lon="11.137884166091681">
        <ele>1867.98</ele>
        <time>2014-10-25T16:32:46Z</time>
      </trkpt>
      <trkpt lat="45.717703811824322" lon="11.13776782527566">
        <ele>1870.3800000000001</ele>
        <time>2014-10-25T16:32:38Z</time>
      </trkpt>
      <trkpt lat="45.71769836358726" lon="11.137739745900035">
        <ele>1870.3800000000001</ele>
        <time>2014-10-25T16:32:36Z</time>
      </trkpt>
      <trkpt lat="45.717718480154872" lon="11.137593816965818">
        <ele>1872.3</ele>
        <time>2014-10-25T16:32:27Z</time>
      </trkpt>
      <trkpt lat="45.717738596722484" lon="11.137485103681684">
        <ele>1874.23</ele>
        <time>2014-10-25T16:32:21Z</time>
      </trkpt>
      <trkpt lat="45.717769609764218" lon="11.137477224692702">
        <ele>1876.1500000000001</ele>
        <time>2014-10-25T16:32:16Z</time>
      </trkpt>
      <trkpt lat="45.717783691361547" lon="11.137494994327426">
        <ele>1877.1099999999999</ele>
        <time>2014-10-25T16:32:14Z</time>
      </trkpt>
      <trkpt lat="45.717807495966554" lon="11.137449312955141">
        <ele>1877.5899999999999</ele>
        <time>2014-10-25T16:32:09Z</time>
      </trkpt>
      <trkpt lat="45.717834401875734" lon="11.137439338490367">
        <ele>1879.03</ele>
        <time>2014-10-25T16:32:06Z</time>
      </trkpt>
      <trkpt lat="45.717860301956534" lon="11.137457024306059">
        <ele>1880.96</ele>
        <time>2014-10-25T16:32:03Z</time>
      </trkpt>
      <trkpt lat="45.717927105724812" lon="11.137526426464319">
        <ele>1882.8800000000001</ele>
        <time>2014-10-25T16:31:47Z</time>
      </trkpt>
      <trkpt lat="45.717947222292423" lon="11.137537742033601">
        <ele>1882.8800000000001</ele>
        <time>2014-10-25T16:31:44Z</time>
      </trkpt>
      <trkpt lat="45.718020731583238" lon="11.137505304068327">
        <ele>1885.76</ele>
        <time>2014-10-25T16:31:36Z</time>
      </trkpt>
      <trkpt lat="45.718042189255357" lon="11.137510500848293">
        <ele>1886.72</ele>
        <time>2014-10-25T16:31:34Z</time>
      </trkpt>
      <trkpt lat="45.718074291944504" lon="11.137505220249295">
        <ele>1887.6900000000001</ele>
        <time>2014-10-25T16:31:30Z</time>
      </trkpt>
      <trkpt lat="45.71810832247138" lon="11.137486360967159">
        <ele>1889.1300000000001</ele>
        <time>2014-10-25T16:31:26Z</time>
      </trkpt>
      <trkpt lat="45.718155261129141" lon="11.137466412037611">
        <ele>1890.5699999999999</ele>
        <time>2014-10-25T16:31:22Z</time>
      </trkpt>
      <trkpt lat="45.718182669952512" lon="11.137440260499716">
        <ele>1891.05</ele>
        <time>2014-10-25T16:31:19Z</time>
      </trkpt>
      <trkpt lat="45.718210246413946" lon="11.137434393167496">
        <ele>1892.01</ele>
        <time>2014-10-25T16:31:14Z</time>
      </trkpt>
      <trkpt lat="45.718330610543489" lon="11.137473117560148">
        <ele>1893.9300000000001</ele>
        <time>2014-10-25T16:31:04Z</time>
      </trkpt>
      <trkpt lat="45.718384673818946" lon="11.137432381510735">
        <ele>1894.9000000000001</ele>
        <time>2014-10-25T16:30:59Z</time>
      </trkpt>
      <trkpt lat="45.718431612476707" lon="11.137416958808899">
        <ele>1896.3399999999999</ele>
        <time>2014-10-25T16:30:55Z</time>
      </trkpt>
      <trkpt lat="45.718510989099741" lon="11.137389717623591">
        <ele>1896.8199999999999</ele>
        <time>2014-10-25T16:30:48Z</time>
      </trkpt>
      <trkpt lat="45.718630934134126" lon="11.137355603277683">
        <ele>1897.78</ele>
        <time>2014-10-25T16:30:39Z</time>
      </trkpt>
      <trkpt lat="45.718745933845639" lon="11.137366415932775">
        <ele>1899.7</ele>
        <time>2014-10-25T16:30:30Z</time>
      </trkpt>
      <trkpt lat="45.718862945213914" lon="11.137372031807899">
        <ele>1901.1400000000001</ele>
        <time>2014-10-25T16:30:21Z</time>
      </trkpt>
      <trkpt lat="45.719002168625593" lon="11.13742190413177">
        <ele>1901.6300000000001</ele>
        <time>2014-10-25T16:30:09Z</time>
      </trkpt>
      <trkpt lat="45.719101494178176" lon="11.13745367154479">
        <ele>1902.5899999999999</ele>
        <time>2014-10-25T16:30:00Z</time>
      </trkpt>
      <trkpt lat="45.71925513446331" lon="11.137454090639949">
        <ele>1905.47</ele>
        <time>2014-10-25T16:29:49Z</time>
      </trkpt>
      <trkpt lat="45.71940952911973" lon="11.137528354302049">
        <ele>1907.8699999999999</ele>
        <time>2014-10-25T16:29:36Z</time>
      </trkpt>
      <trkpt lat="45.719582866877317" lon="11.137504298239946">
        <ele>1909.8</ele>
        <time>2014-10-25T16:29:24Z</time>
      </trkpt>
      <trkpt lat="45.719702560454607" lon="11.137522906064987">
        <ele>1910.28</ele>
        <time>2014-10-25T16:29:15Z</time>
      </trkpt>
      <trkpt lat="45.719812111929059" lon="11.137571269646287">
        <ele>1911.72</ele>
        <time>2014-10-25T16:29:06Z</time>
      </trkpt>
      <trkpt lat="45.719908839091659" lon="11.137645952403545">
        <ele>1913.6400000000001</ele>
        <time>2014-10-25T16:28:57Z</time>
      </trkpt>
      <trkpt lat="45.720021408051252" lon="11.137704038992524">
        <ele>1915.0799999999999</ele>
        <time>2014-10-25T16:28:48Z</time>
      </trkpt>
      <trkpt lat="45.720099275931716" lon="11.137782577425241">
        <ele>1916.53</ele>
        <time>2014-10-25T16:28:39Z</time>
      </trkpt>
      <trkpt lat="45.720178987830877" lon="11.137808309867978">
        <ele>1916.53</ele>
        <time>2014-10-25T16:28:32Z</time>
      </trkpt>
      <trkpt lat="45.720281414687634" lon="11.13784359768033">
        <ele>1918.45</ele>
        <time>2014-10-25T16:28:24Z</time>
      </trkpt>
      <trkpt lat="45.720383170992136" lon="11.137871090322733">
        <ele>1920.8499999999999</ele>
        <time>2014-10-25T16:28:14Z</time>
      </trkpt>
      <trkpt lat="45.720513761043549" lon="11.137915095314384">
        <ele>1922.29</ele>
        <time>2014-10-25T16:28:03Z</time>
      </trkpt>
      <trkpt lat="45.720608560368419" lon="11.137960944324732">
        <ele>1924.7</ele>
        <time>2014-10-25T16:27:55Z</time>
      </trkpt>
      <trkpt lat="45.720710651949048" lon="11.138018360361457">
        <ele>1926.6199999999999</ele>
        <time>2014-10-25T16:27:46Z</time>
      </trkpt>
      <trkpt lat="45.720762787386775" lon="11.138122798874974">
        <ele>1928.0599999999999</ele>
        <time>2014-10-25T16:27:39Z</time>
      </trkpt>
      <trkpt lat="45.720879547297955" lon="11.138179125264287">
        <ele>1930.46</ele>
        <time>2014-10-25T16:27:28Z</time>
      </trkpt>
      <trkpt lat="45.72090326808393" lon="11.138192284852266">
        <ele>1930.46</ele>
        <time>2014-10-25T16:27:26Z</time>
      </trkpt>
      <trkpt lat="45.720980800688267" lon="11.138234697282314">
        <ele>1933.3499999999999</ele>
        <time>2014-10-25T16:27:18Z</time>
      </trkpt>
      <trkpt lat="45.721068559214473" lon="11.138272499665618">
        <ele>1935.75</ele>
        <time>2014-10-25T16:27:10Z</time>
      </trkpt>
      <trkpt lat="45.721087837591767" lon="11.138265458866954">
        <ele>1936.71</ele>
        <time>2014-10-25T16:27:08Z</time>
      </trkpt>
      <trkpt lat="45.721182720735669" lon="11.138232937082648">
        <ele>1939.1199999999999</ele>
        <time>2014-10-25T16:27:00Z</time>
      </trkpt>
      <trkpt lat="45.721258744597435" lon="11.138199577108026">
        <ele>1942</ele>
        <time>2014-10-25T16:26:53Z</time>
      </trkpt>
      <trkpt lat="45.721314316615462" lon="11.138171330094337">
        <ele>1942.96</ele>
        <time>2014-10-25T16:26:48Z</time>
      </trkpt>
      <trkpt lat="45.721396207809448" lon="11.138062868267298">
        <ele>1945.3599999999999</ele>
        <time>2014-10-25T16:26:38Z</time>
      </trkpt>
      <trkpt lat="45.721489666029811" lon="11.137959184125066">
        <ele>1948.25</ele>
        <time>2014-10-25T16:26:28Z</time>
      </trkpt>
      <trkpt lat="45.721529815346003" lon="11.137894811108708">
        <ele>1950.1700000000001</ele>
        <time>2014-10-25T16:26:23Z</time>
      </trkpt>
      <trkpt lat="45.721623105928302" lon="11.137820882722735">
        <ele>1952.5699999999999</ele>
        <time>2014-10-25T16:26:13Z</time>
      </trkpt>
      <trkpt lat="45.721727712079883" lon="11.137747038155794">
        <ele>1954.5</ele>
        <time>2014-10-25T16:26:04Z</time>
      </trkpt>
      <trkpt lat="45.721776243299246" lon="11.137751480564475">
        <ele>1955.9400000000001</ele>
        <time>2014-10-25T16:25:58Z</time>
      </trkpt>
      <trkpt lat="45.721793593838811" lon="11.137763550505042">
        <ele>1956.9000000000001</ele>
        <time>2014-10-25T16:25:56Z</time>
      </trkpt>
      <trkpt lat="45.72182435542345" lon="11.137764723971486">
        <ele>1957.8599999999999</ele>
        <time>2014-10-25T16:25:53Z</time>
      </trkpt>
      <trkpt lat="45.721889063715935" lon="11.137781823053956">
        <ele>1959.78</ele>
        <time>2014-10-25T16:25:46Z</time>
      </trkpt>
      <trkpt lat="45.72195234708488" lon="11.13778492435813">
        <ele>1961.23</ele>
        <time>2014-10-25T16:25:39Z</time>
      </trkpt>
      <trkpt lat="45.72202761657536" lon="11.137776039540768">
        <ele>1964.1099999999999</ele>
        <time>2014-10-25T16:25:31Z</time>
      </trkpt>
      <trkpt lat="45.722074890509248" lon="11.137788277119398">
        <ele>1964.5899999999999</ele>
        <time>2014-10-25T16:25:26Z</time>
      </trkpt>
      <trkpt lat="45.722095761448145" lon="11.137780398130417">
        <ele>1966.03</ele>
        <time>2014-10-25T16:25:24Z</time>
      </trkpt>
      <trkpt lat="45.722128199413419" lon="11.137764556333423">
        <ele>1966.99</ele>
        <time>2014-10-25T16:25:21Z</time>
      </trkpt>
      <trkpt lat="45.72220841422677" lon="11.1377277597785">
        <ele>1968.9200000000001</ele>
        <time>2014-10-25T16:25:14Z</time>
      </trkpt>
      <trkpt lat="45.722229536622763" lon="11.137705715373158">
        <ele>1970.8399999999999</ele>
        <time>2014-10-25T16:25:11Z</time>
      </trkpt>
      <trkpt lat="45.72231687605381" lon="11.137659531086683">
        <ele>1972.28</ele>
        <time>2014-10-25T16:25:03Z</time>
      </trkpt>
      <trkpt lat="45.722413687035441" lon="11.137611838057637">
        <ele>1974.6900000000001</ele>
        <time>2014-10-25T16:24:54Z</time>
      </trkpt>
      <trkpt lat="45.722452998161316" lon="11.137617537751794">
        <ele>1976.1300000000001</ele>
        <time>2014-10-25T16:24:51Z</time>
      </trkpt>
      <trkpt lat="45.722488453611732" lon="11.137618292123079">
        <ele>1976.6099999999999</ele>
        <time>2014-10-25T16:24:48Z</time>
      </trkpt>
      <trkpt lat="45.722591383382678" lon="11.137593314051628">
        <ele>1979.49</ele>
        <time>2014-10-25T16:24:39Z</time>
      </trkpt>
      <trkpt lat="45.722688613459468" lon="11.137559618800879">
        <ele>1981.9000000000001</ele>
        <time>2014-10-25T16:24:31Z</time>
      </trkpt>
      <trkpt lat="45.72274100035429" lon="11.137532461434603">
        <ele>1983.8199999999999</ele>
        <time>2014-10-25T16:24:26Z</time>
      </trkpt>
      <trkpt lat="45.722759440541267" lon="11.137525839731097">
        <ele>1983.8199999999999</ele>
        <time>2014-10-25T16:24:24Z</time>
      </trkpt>
      <trkpt lat="45.722871674224734" lon="11.137478314340115">
        <ele>1987.1800000000001</ele>
        <time>2014-10-25T16:24:14Z</time>
      </trkpt>
      <trkpt lat="45.722934622317553" lon="11.137436907738447">
        <ele>1989.5899999999999</ele>
        <time>2014-10-25T16:24:08Z</time>
      </trkpt>
      <trkpt lat="45.723005533218384" lon="11.137391645461321">
        <ele>1991.51</ele>
        <time>2014-10-25T16:24:01Z</time>
      </trkpt>
      <trkpt lat="45.723018776625395" lon="11.13738376647234">
        <ele>1991.51</ele>
        <time>2014-10-25T16:24:00Z</time>
      </trkpt>
      <trkpt lat="45.723111983388662" lon="11.137327775359154">
        <ele>1994.3900000000001</ele>
        <time>2014-10-25T16:23:52Z</time>
      </trkpt>
      <trkpt lat="45.723172752186656" lon="11.137285195291042">
        <ele>1995.8299999999999</ele>
        <time>2014-10-25T16:23:47Z</time>
      </trkpt>
      <trkpt lat="45.723261348903179" lon="11.137243956327438">
        <ele>1998.72</ele>
        <time>2014-10-25T16:23:40Z</time>
      </trkpt>
      <trkpt lat="45.723350113257766" lon="11.137188300490379">
        <ele>2000.6400000000001</ele>
        <time>2014-10-25T16:23:32Z</time>
      </trkpt>
      <trkpt lat="45.723445918411016" lon="11.137162987142801">
        <ele>2003.04</ele>
        <time>2014-10-25T16:23:23Z</time>
      </trkpt>
      <trkpt lat="45.723482295870781" lon="11.137156533077359">
        <ele>2004.49</ele>
        <time>2014-10-25T16:23:12Z</time>
      </trkpt>
      <trkpt lat="45.723565947264433" lon="11.137112779542804">
        <ele>2006.4100000000001</ele>
        <time>2014-10-25T16:23:04Z</time>
      </trkpt>
      <trkpt lat="45.723667955026031" lon="11.137024518102407">
        <ele>2010.73</ele>
        <time>2014-10-25T16:22:54Z</time>
      </trkpt>
      <trkpt lat="45.723747164011002" lon="11.136975735425949">
        <ele>2012.6600000000001</ele>
        <time>2014-10-25T16:22:47Z</time>
      </trkpt>
      <trkpt lat="45.723786810413003" lon="11.136944135650992">
        <ele>2013.6199999999999</ele>
        <time>2014-10-25T16:22:43Z</time>
      </trkpt>
      <trkpt lat="45.72381891310215" lon="11.136918151751161">
        <ele>2014.5799999999999</ele>
        <time>2014-10-25T16:22:39Z</time>
      </trkpt>
      <trkpt lat="45.72387708351016" lon="11.136846402660012">
        <ele>2016.98</ele>
        <time>2014-10-25T16:22:33Z</time>
      </trkpt>
      <trkpt lat="45.723941205069423" lon="11.136836679652333">
        <ele>2019.8699999999999</ele>
        <time>2014-10-25T16:21:02Z</time>
      </trkpt>
      <trkpt lat="45.724003985524178" lon="11.136770211160183">
        <ele>2019.3900000000001</ele>
        <time>2014-10-25T16:20:53Z</time>
      </trkpt>
      <trkpt lat="45.724007338285446" lon="11.136747915297747">
        <ele>2019.8699999999999</ele>
        <time>2014-10-25T16:20:31Z</time>
      </trkpt>
      <trkpt lat="45.72400021366775" lon="11.13665864802897">
        <ele>2020.8299999999999</ele>
        <time>2014-10-25T16:20:23Z</time>
      </trkpt>
      <trkpt lat="45.724002057686448" lon="11.136639369651675">
        <ele>2020.8299999999999</ele>
        <time>2014-10-25T16:20:22Z</time>
      </trkpt>
      <trkpt lat="45.724013037979603" lon="11.136559154838324">
        <ele>2024.6700000000001</ele>
        <time>2014-10-25T16:20:18Z</time>
      </trkpt>
      <trkpt lat="45.724028209224343" lon="11.136379279196262">
        <ele>2024.6700000000001</ele>
        <time>2014-10-25T16:20:08Z</time>
      </trkpt>
      <trkpt lat="45.724062491208315" lon="11.136231757700443">
        <ele>2024.6700000000001</ele>
        <time>2014-10-25T16:19:59Z</time>
      </trkpt>
      <trkpt lat="45.724072549492121" lon="11.136093204841018">
        <ele>2024.6700000000001</ele>
        <time>2014-10-25T16:19:51Z</time>
      </trkpt>
      <trkpt lat="45.724097695201635" lon="11.135947946459055">
        <ele>2027.5599999999999</ele>
        <time>2014-10-25T16:19:42Z</time>
      </trkpt>
      <trkpt lat="45.724112363532186" lon="11.135795312002301">
        <ele>2029</ele>
        <time>2014-10-25T16:19:33Z</time>
      </trkpt>
      <trkpt lat="45.724104652181268" lon="11.135633373633027">
        <ele>2029.96</ele>
        <time>2014-10-25T16:19:24Z</time>
      </trkpt>
      <trkpt lat="45.724081266671419" lon="11.135441595688462">
        <ele>2032.3599999999999</ele>
        <time>2014-10-25T16:19:13Z</time>
      </trkpt>
      <trkpt lat="45.724058803170919" lon="11.135364817455411">
        <ele>2032.8399999999999</ele>
        <time>2014-10-25T16:19:07Z</time>
      </trkpt>
      <trkpt lat="45.724022593349218" lon="11.13525627180934">
        <ele>2033.8099999999999</ele>
        <time>2014-10-25T16:18:59Z</time>
      </trkpt>
      <trkpt lat="45.723979007452726" lon="11.135118054226041">
        <ele>2034.77</ele>
        <time>2014-10-25T16:18:49Z</time>
      </trkpt>
      <trkpt lat="45.723910108208656" lon="11.134993080049753">
        <ele>2036.6900000000001</ele>
        <time>2014-10-25T16:18:39Z</time>
      </trkpt>
      <trkpt lat="45.72379301302135" lon="11.134939268231392">
        <ele>2037.6500000000001</ele>
        <time>2014-10-25T16:18:28Z</time>
      </trkpt>
      <trkpt lat="45.723656639456749" lon="11.13486198708415">
        <ele>2040.54</ele>
        <time>2014-10-25T16:18:16Z</time>
      </trkpt>
      <trkpt lat="45.723534431308508" lon="11.13476475700736">
        <ele>2041.98</ele>
        <time>2014-10-25T16:18:04Z</time>
      </trkpt>
      <trkpt lat="45.723420353606343" lon="11.134618911892176">
        <ele>2043.9000000000001</ele>
        <time>2014-10-25T16:17:51Z</time>
      </trkpt>
      <trkpt lat="45.723332343623042" lon="11.134536685422063">
        <ele>2044.3800000000001</ele>
        <time>2014-10-25T16:17:42Z</time>
      </trkpt>
      <trkpt lat="45.723259169608355" lon="11.134491674602032">
        <ele>2044.3800000000001</ele>
        <time>2014-10-25T16:17:35Z</time>
      </trkpt>
      <trkpt lat="45.7231998257339" lon="11.134441383183002">
        <ele>2044.8599999999999</ele>
        <time>2014-10-25T16:17:29Z</time>
      </trkpt>
      <trkpt lat="45.7231255620718" lon="11.134389163926244">
        <ele>2044.8599999999999</ele>
        <time>2014-10-25T16:17:22Z</time>
      </trkpt>
      <trkpt lat="45.723068984225392" lon="11.134295035153627">
        <ele>2046.3</ele>
        <time>2014-10-25T16:17:14Z</time>
      </trkpt>
      <trkpt lat="45.723045598715544" lon="11.134255472570658">
        <ele>2046.78</ele>
        <time>2014-10-25T16:17:11Z</time>
      </trkpt>
      <trkpt lat="45.723002096638083" lon="11.13422186113894">
        <ele>2046.78</ele>
        <time>2014-10-25T16:17:07Z</time>
      </trkpt>
      <trkpt lat="45.722888270393014" lon="11.13415396772325">
        <ele>2047.75</ele>
        <time>2014-10-25T16:16:58Z</time>
      </trkpt>
      <trkpt lat="45.722845606505871" lon="11.134145082905889">
        <ele>2048.23</ele>
        <time>2014-10-25T16:16:53Z</time>
      </trkpt>
      <trkpt lat="45.722749968990684" lon="11.134119015187025">
        <ele>2049.1900000000001</ele>
        <time>2014-10-25T16:16:45Z</time>
      </trkpt>
      <trkpt lat="45.72263547219336" lon="11.134014828130603">
        <ele>2052.0700000000002</ele>
        <time>2014-10-25T16:16:33Z</time>
      </trkpt>
      <trkpt lat="45.722614517435431" lon="11.134005691856146">
        <ele>2053.0300000000002</ele>
        <time>2014-10-25T16:16:31Z</time>
      </trkpt>
      <trkpt lat="45.722520807757974" lon="11.133954646065831">
        <ele>2053.5100000000002</ele>
        <time>2014-10-25T16:16:22Z</time>
      </trkpt>
      <trkpt lat="45.72247127071023" lon="11.133907539770007">
        <ele>2053.9899999999998</ele>
        <time>2014-10-25T16:16:17Z</time>
      </trkpt>
      <trkpt lat="45.722396252676845" lon="11.133889351040125">
        <ele>2053.5100000000002</ele>
        <time>2014-10-25T16:16:09Z</time>
      </trkpt>
      <trkpt lat="45.72237454354763" lon="11.133883316069841">
        <ele>2053.0300000000002</ele>
        <time>2014-10-25T16:16:07Z</time>
      </trkpt>
      <trkpt lat="45.722322491928935" lon="11.133867222815752">
        <ele>2053.5100000000002</ele>
        <time>2014-10-25T16:16:02Z</time>
      </trkpt>
      <trkpt lat="45.722278319299221" lon="11.133863618597388">
        <ele>2053.0300000000002</ele>
        <time>2014-10-25T16:15:58Z</time>
      </trkpt>
      <trkpt lat="45.72224797680974" lon="11.133846687152982">
        <ele>2053.0300000000002</ele>
        <time>2014-10-25T16:15:55Z</time>
      </trkpt>
      <trkpt lat="45.722179412841797" lon="11.133838975802064">
        <ele>2053.0300000000002</ele>
        <time>2014-10-25T16:15:48Z</time>
      </trkpt>
      <trkpt lat="45.722121996805072" lon="11.133885327726603">
        <ele>2052.5500000000002</ele>
        <time>2014-10-25T16:15:41Z</time>
      </trkpt>
      <trkpt lat="45.722040189430118" lon="11.133895721286535">
        <ele>2051.1100000000001</ele>
        <time>2014-10-25T16:15:33Z</time>
      </trkpt>
      <trkpt lat="45.722009008750319" lon="11.133905025199056">
        <ele>2051.1100000000001</ele>
        <time>2014-10-25T16:15:30Z</time>
      </trkpt>
      <trkpt lat="45.721994256600738" lon="11.133904103189707">
        <ele>2050.1500000000001</ele>
        <time>2014-10-25T16:15:28Z</time>
      </trkpt>
      <trkpt lat="45.721933571621776" lon="11.133943665772676">
        <ele>2049.1900000000001</ele>
        <time>2014-10-25T16:15:20Z</time>
      </trkpt>
      <trkpt lat="45.721862325444818" lon="11.133976355195045">
        <ele>2048.71</ele>
        <time>2014-10-25T16:15:12Z</time>
      </trkpt>
      <trkpt lat="45.72176962159574" lon="11.133992280811071">
        <ele>2048.23</ele>
        <time>2014-10-25T16:15:03Z</time>
      </trkpt>
      <trkpt lat="45.721753695979714" lon="11.13401030190289">
        <ele>2049.1900000000001</ele>
        <time>2014-10-25T16:15:01Z</time>
      </trkpt>
      <trkpt lat="45.721703320741653" lon="11.134011391550303">
        <ele>2051.5900000000001</ele>
        <time>2014-10-25T16:14:55Z</time>
      </trkpt>
      <trkpt lat="45.721634840592742" lon="11.134024132043123">
        <ele>2051.1100000000001</ele>
        <time>2014-10-25T16:14:47Z</time>
      </trkpt>
      <trkpt lat="45.72160835377872" lon="11.134019521996379">
        <ele>2050.6300000000001</ele>
        <time>2014-10-25T16:14:44Z</time>
      </trkpt>
      <trkpt lat="45.721580609679222" lon="11.134026311337948">
        <ele>2050.6300000000001</ele>
        <time>2014-10-25T16:14:41Z</time>
      </trkpt>
      <trkpt lat="45.721533251926303" lon="11.134026730433106">
        <ele>2049.6700000000001</ele>
        <time>2014-10-25T16:14:36Z</time>
      </trkpt>
      <trkpt lat="45.721517829224467" lon="11.134031005203724">
        <ele>2049.1900000000001</ele>
        <time>2014-10-25T16:14:34Z</time>
      </trkpt>
      <trkpt lat="45.721474075689912" lon="11.134038381278515">
        <ele>2048.23</ele>
        <time>2014-10-25T16:14:27Z</time>
      </trkpt>
      <trkpt lat="45.721430238336325" lon="11.134064448997378">
        <ele>2047.75</ele>
        <time>2014-10-25T16:14:21Z</time>
      </trkpt>
      <trkpt lat="45.721386317163706" lon="11.134065454825759">
        <ele>2045.8199999999999</ele>
        <time>2014-10-25T16:14:15Z</time>
      </trkpt>
      <trkpt lat="45.721329068765044" lon="11.134048774838448">
        <ele>2044.3800000000001</ele>
        <time>2014-10-25T16:14:07Z</time>
      </trkpt>
      <trkpt lat="45.721269389614463" lon="11.134064616635442">
        <ele>2043.4200000000001</ele>
        <time>2014-10-25T16:14:01Z</time>
      </trkpt>
      <trkpt lat="45.721171824261546" lon="11.134070735424757">
        <ele>2042.9400000000001</ele>
        <time>2014-10-25T16:13:51Z</time>
      </trkpt>
      <trkpt lat="45.721118850633502" lon="11.134011140093207">
        <ele>2043.9000000000001</ele>
        <time>2014-10-25T16:13:44Z</time>
      </trkpt>
      <trkpt lat="45.721085406839848" lon="11.134007032960653">
        <ele>2042.46</ele>
        <time>2014-10-25T16:13:40Z</time>
      </trkpt>
      <trkpt lat="45.721045844256878" lon="11.134016504511237">
        <ele>2041.98</ele>
        <time>2014-10-25T16:13:36Z</time>
      </trkpt>
      <trkpt lat="45.721008293330669" lon="11.133987670764327">
        <ele>2042.9400000000001</ele>
        <time>2014-10-25T16:13:32Z</time>
      </trkpt>
      <trkpt lat="45.720971412956715" lon="11.133981887251139">
        <ele>2043.9000000000001</ele>
        <time>2014-10-25T16:13:28Z</time>
      </trkpt>
      <trkpt lat="45.720951380208135" lon="11.133990939706564">
        <ele>2043.9000000000001</ele>
        <time>2014-10-25T16:13:26Z</time>
      </trkpt>
      <trkpt lat="45.720882229506969" lon="11.133952299132943">
        <ele>2044.8599999999999</ele>
        <time>2014-10-25T16:13:19Z</time>
      </trkpt>
      <trkpt lat="45.720776282250881" lon="11.133943079039454">
        <ele>2045.8199999999999</ele>
        <time>2014-10-25T16:13:12Z</time>
      </trkpt>
      <trkpt lat="45.720729175955057" lon="11.133894883096218">
        <ele>2046.78</ele>
        <time>2014-10-25T16:13:08Z</time>
      </trkpt>
      <trkpt lat="45.720695983618498" lon="11.133880382403731">
        <ele>2046.3</ele>
        <time>2014-10-25T16:13:05Z</time>
      </trkpt>
      <trkpt lat="45.72063697502017" lon="11.133891446515918">
        <ele>2045.8199999999999</ele>
        <time>2014-10-25T16:12:56Z</time>
      </trkpt>
      <trkpt lat="45.720607386901975" lon="11.133911898359656">
        <ele>2044.3800000000001</ele>
        <time>2014-10-25T16:12:50Z</time>
      </trkpt>
      <trkpt lat="45.720557682216167" lon="11.133937714621425">
        <ele>2044.3800000000001</ele>
        <time>2014-10-25T16:12:44Z</time>
      </trkpt>
      <trkpt lat="45.720469588413835" lon="11.133931512013078">
        <ele>2044.3800000000001</ele>
        <time>2014-10-25T16:12:38Z</time>
      </trkpt>
      <trkpt lat="45.720362132415175" lon="11.133923130109906">
        <ele>2043.4200000000001</ele>
        <time>2014-10-25T16:12:29Z</time>
      </trkpt>
      <trkpt lat="45.72030077688396" lon="11.133928578346968">
        <ele>2044.3800000000001</ele>
        <time>2014-10-25T16:09:49Z</time>
      </trkpt>
      <trkpt lat="45.720302117988467" lon="11.133904354646802">
        <ele>2044.8599999999999</ele>
        <time>2014-10-25T16:08:52Z</time>
      </trkpt>
      <trkpt lat="45.720322318375111" lon="11.133898152038455">
        <ele>2048.23</ele>
        <time>2014-10-25T16:05:43Z</time>
      </trkpt>
      <trkpt lat="45.720384176820517" lon="11.13390720449388">
        <ele>2059.2800000000002</ele>
        <time>2014-10-25T16:01:06Z</time>
      </trkpt>
      <trkpt lat="45.720407897606492" lon="11.133905695751309">
        <ele>2059.7600000000002</ele>
        <time>2014-10-25T16:00:52Z</time>
      </trkpt>
      <trkpt lat="45.720436479896307" lon="11.13386370241642">
        <ele>2062.6500000000001</ele>
        <time>2014-10-25T16:00:09Z</time>
      </trkpt>
      <trkpt lat="45.720452573150396" lon="11.133841741830111">
        <ele>2065.0500000000002</ele>
        <time>2014-10-25T15:59:39Z</time>
      </trkpt>
      <trkpt lat="45.720466235652566" lon="11.133863786235452">
        <ele>2066.9699999999998</ele>
        <time>2014-10-25T15:59:26Z</time>
      </trkpt>
      <trkpt lat="45.720488699153066" lon="11.133848195895553">
        <ele>2067.4499999999998</ele>
        <time>2014-10-25T15:59:19Z</time>
      </trkpt>
      <trkpt lat="45.720507558435202" lon="11.133847944438457">
        <ele>2067.4499999999998</ele>
        <time>2014-10-25T15:59:12Z</time>
      </trkpt>
      <trkpt lat="45.720532787963748" lon="11.133795976638794">
        <ele>2071.3000000000002</ele>
        <time>2014-10-25T15:57:43Z</time>
      </trkpt>
      <trkpt lat="45.720540583133698" lon="11.133771250024438">
        <ele>2070.3400000000001</ele>
        <time>2014-10-25T15:57:37Z</time>
      </trkpt>
      <trkpt lat="45.720571093261242" lon="11.133843585848808">
        <ele>2073.2199999999998</ele>
        <time>2014-10-25T15:56:59Z</time>
      </trkpt>
      <trkpt lat="45.720597244799137" lon="11.133847776800394">
        <ele>2085.7199999999998</ele>
        <time>2014-10-25T15:51:24Z</time>
      </trkpt>
      <trkpt lat="45.720626916736364" lon="11.133829420432448">
        <ele>2087.1599999999999</ele>
        <time>2014-10-25T15:51:03Z</time>
      </trkpt>
      <trkpt lat="45.720645608380437" lon="11.133790025487542">
        <ele>2090.52</ele>
        <time>2014-10-25T15:46:06Z</time>
      </trkpt>
      <trkpt lat="45.720665557309985" lon="11.133769070729613">
        <ele>2090.04</ele>
        <time>2014-10-25T15:45:59Z</time>
      </trkpt>
      <trkpt lat="45.720701850950718" lon="11.133771585300565">
        <ele>2091.4899999999998</ele>
        <time>2014-10-25T15:45:35Z</time>
      </trkpt>
      <trkpt lat="45.720763877034187" lon="11.133704865351319">
        <ele>2100.1399999999999</ele>
        <time>2014-10-25T15:43:27Z</time>
      </trkpt>
      <trkpt lat="45.720782903954387" lon="11.133704613894224">
        <ele>2099.1799999999998</ele>
        <time>2014-10-25T15:43:09Z</time>
      </trkpt>
      <trkpt lat="45.720863454043865" lon="11.133664129301906">
        <ele>2111.6700000000001</ele>
        <time>2014-10-25T15:40:47Z</time>
      </trkpt>
      <trkpt lat="45.720904022455215" lon="11.133617274463177">
        <ele>2117.4400000000001</ele>
        <time>2014-10-25T15:39:36Z</time>
      </trkpt>
      <trkpt lat="45.720917517319322" lon="11.133599421009421">
        <ele>2121.77</ele>
        <time>2014-10-25T15:38:56Z</time>
      </trkpt>
      <trkpt lat="45.720877703279257" lon="11.133515350520611">
        <ele>2126.0900000000001</ele>
        <time>2014-10-25T15:37:48Z</time>
      </trkpt>
      <trkpt lat="45.720890779048204" lon="11.133499927818775">
        <ele>2128.02</ele>
        <time>2014-10-25T15:37:18Z</time>
      </trkpt>
      <trkpt lat="45.720949117094278" lon="11.133489618077874">
        <ele>2136.1900000000001</ele>
        <time>2014-10-25T15:36:08Z</time>
      </trkpt>
      <trkpt lat="45.720967138186097" lon="11.133453156799078">
        <ele>2136.6700000000001</ele>
        <time>2014-10-25T15:35:50Z</time>
      </trkpt>
      <trkpt lat="45.720978202298284" lon="11.13344200886786">
        <ele>2139.5500000000002</ele>
        <time>2014-10-25T15:35:44Z</time>
      </trkpt>
      <trkpt lat="45.720990607514977" lon="11.133428681641817">
        <ele>2140.0300000000002</ele>
        <time>2014-10-25T15:35:36Z</time>
      </trkpt>
      <trkpt lat="45.720996223390102" lon="11.133405715227127">
        <ele>2141.9499999999998</ele>
        <time>2014-10-25T15:35:29Z</time>
      </trkpt>
      <trkpt lat="45.721003180369735" lon="11.133384257555008">
        <ele>2141.9499999999998</ele>
        <time>2014-10-25T15:35:11Z</time>
      </trkpt>
      <trkpt lat="45.721010556444526" lon="11.133340420201421">
        <ele>2142.9200000000001</ele>
        <time>2014-10-25T15:34:17Z</time>
      </trkpt>
      <trkpt lat="45.721024973317981" lon="11.13326515071094">
        <ele>2144.3600000000001</ele>
        <time>2014-10-25T15:34:10Z</time>
      </trkpt>
      <trkpt lat="45.721042826771736" lon="11.13321284763515">
        <ele>2144.8400000000001</ele>
        <time>2014-10-25T15:34:05Z</time>
      </trkpt>
      <trkpt lat="45.721079874783754" lon="11.133141266182065">
        <ele>2146.2800000000002</ele>
        <time>2014-10-25T15:33:57Z</time>
      </trkpt>
      <trkpt lat="45.721108121797442" lon="11.133095417171717">
        <ele>2148.6799999999998</ele>
        <time>2014-10-25T15:33:51Z</time>
      </trkpt>
      <trkpt lat="45.721138380467892" lon="11.133061805739999">
        <ele>2150.1300000000001</ele>
        <time>2014-10-25T15:33:45Z</time>
      </trkpt>
      <trkpt lat="45.721170399338007" lon="11.133017046377063">
        <ele>2151.5700000000002</ele>
        <time>2014-10-25T15:33:38Z</time>
      </trkpt>
      <trkpt lat="45.721184983849525" lon="11.13295728340745">
        <ele>2153.4899999999998</ele>
        <time>2014-10-25T15:33:31Z</time>
      </trkpt>
      <trkpt lat="45.721214823424816" lon="11.132945045828819">
        <ele>2153.9699999999998</ele>
        <time>2014-10-25T15:33:25Z</time>
      </trkpt>
      <trkpt lat="45.721242483705282" lon="11.132940016686916">
        <ele>2154.9299999999998</ele>
        <time>2014-10-25T15:33:19Z</time>
      </trkpt>
      <trkpt lat="45.72126243263483" lon="11.132927779108286">
        <ele>2155.4099999999999</ele>
        <time>2014-10-25T15:33:14Z</time>
      </trkpt>
      <trkpt lat="45.721282633021474" lon="11.132917134091258">
        <ele>2155.8899999999999</ele>
        <time>2014-10-25T15:33:06Z</time>
      </trkpt>
      <trkpt lat="45.721297217532992" lon="11.132906405255198">
        <ele>2154.9299999999998</ele>
        <time>2014-10-25T15:33:00Z</time>
      </trkpt>
      <trkpt lat="45.721308281645179" lon="11.132893748581409">
        <ele>2155.8899999999999</ele>
        <time>2014-10-25T15:32:52Z</time>
      </trkpt>
      <trkpt lat="45.721332924440503" lon="11.132824178785086">
        <ele>2157.8200000000002</ele>
        <time>2014-10-25T15:32:45Z</time>
      </trkpt>
      <trkpt lat="45.721348011866212" lon="11.132823843508959">
        <ele>2158.3000000000002</ele>
        <time>2014-10-25T15:32:38Z</time>
      </trkpt>
      <trkpt lat="45.721368882805109" lon="11.132796099409461">
        <ele>2159.7399999999998</ele>
        <time>2014-10-25T15:32:31Z</time>
      </trkpt>
      <trkpt lat="45.721391597762704" lon="11.132775228470564">
        <ele>2161.6599999999999</ele>
        <time>2014-10-25T15:32:16Z</time>
      </trkpt>
      <trkpt lat="45.721398973837495" lon="11.132752010598779">
        <ele>2161.1799999999998</ele>
        <time>2014-10-25T15:32:09Z</time>
      </trkpt>
      <trkpt lat="45.721423951908946" lon="11.132741030305624">
        <ele>2164.5500000000002</ele>
        <time>2014-10-25T15:32:04Z</time>
      </trkpt>
      <trkpt lat="45.721435016021132" lon="11.132727283984423">
        <ele>2165.5100000000002</ele>
        <time>2014-10-25T15:31:57Z</time>
      </trkpt>
      <trkpt lat="45.721477260813117" lon="11.1327163875103">
        <ele>2166.4699999999998</ele>
        <time>2014-10-25T15:31:49Z</time>
      </trkpt>
      <trkpt lat="45.721522690728307" lon="11.13268612883985">
        <ele>2167.9099999999999</ele>
        <time>2014-10-25T15:31:41Z</time>
      </trkpt>
      <trkpt lat="45.72155705653131" lon="11.132625611498952">
        <ele>2169.3499999999999</ele>
        <time>2014-10-25T15:31:32Z</time>
      </trkpt>
      <trkpt lat="45.721570132300258" lon="11.132599292322993">
        <ele>2171.7600000000002</ele>
        <time>2014-10-25T15:31:29Z</time>
      </trkpt>
      <trkpt lat="45.721591925248504" lon="11.13255956210196">
        <ele>2171.7600000000002</ele>
        <time>2014-10-25T15:31:23Z</time>
      </trkpt>
      <trkpt lat="45.72160642594099" lon="11.132556796073914">
        <ele>2173.1999999999998</ele>
        <time>2014-10-25T15:31:15Z</time>
      </trkpt>
      <trkpt lat="45.721635175868869" lon="11.132515054196119">
        <ele>2175.1199999999999</ele>
        <time>2014-10-25T15:30:59Z</time>
      </trkpt>
      <trkpt lat="45.721642803400755" lon="11.132495943456888">
        <ele>2176.0799999999999</ele>
        <time>2014-10-25T15:30:53Z</time>
      </trkpt>
      <trkpt lat="45.721664177253842" lon="11.132488399744034">
        <ele>2176.5599999999999</ele>
        <time>2014-10-25T15:30:44Z</time>
      </trkpt>
      <trkpt lat="45.721679097041488" lon="11.132466355338693">
        <ele>2178</ele>
        <time>2014-10-25T15:30:37Z</time>
      </trkpt>
      <trkpt lat="45.721692340448499" lon="11.132431402802467">
        <ele>2179.9299999999998</ele>
        <time>2014-10-25T15:30:29Z</time>
      </trkpt>
      <trkpt lat="45.721721090376377" lon="11.132399383932352">
        <ele>2180.8899999999999</ele>
        <time>2014-10-25T15:30:22Z</time>
      </trkpt>
      <trkpt lat="45.72177154943347" lon="11.132379937916994">
        <ele>2182.8099999999999</ele>
        <time>2014-10-25T15:30:13Z</time>
      </trkpt>
      <trkpt lat="45.721822427585721" lon="11.132365018129349">
        <ele>2183.29</ele>
        <time>2014-10-25T15:30:06Z</time>
      </trkpt>
      <trkpt lat="45.721850087866187" lon="11.13234699703753">
        <ele>2184.73</ele>
        <time>2014-10-25T15:30:03Z</time>
      </trkpt>
      <trkpt lat="45.721863750368357" lon="11.132324449717999">
        <ele>2185.21</ele>
        <time>2014-10-25T15:29:56Z</time>
      </trkpt>
      <trkpt lat="45.7218873873353" lon="11.132272146642208">
        <ele>2187.6199999999999</ele>
        <time>2014-10-25T15:29:48Z</time>
      </trkpt>
      <trkpt lat="45.7219029776752" lon="11.132264770567417">
        <ele>2189.0599999999999</ele>
        <time>2014-10-25T15:29:39Z</time>
      </trkpt>
      <trkpt lat="45.721957292407751" lon="11.132213221862912">
        <ele>2191.46</ele>
        <time>2014-10-25T15:29:24Z</time>
      </trkpt>
      <trkpt lat="45.721989395096898" lon="11.132158907130361">
        <ele>2192.9000000000001</ele>
        <time>2014-10-25T15:29:16Z</time>
      </trkpt>
      <trkpt lat="45.721996938809752" lon="11.132105933502316">
        <ele>2194.8299999999999</ele>
        <time>2014-10-25T15:29:08Z</time>
      </trkpt>
      <trkpt lat="45.722007500007749" lon="11.132075507193804">
        <ele>2196.27</ele>
        <time>2014-10-25T15:29:01Z</time>
      </trkpt>
      <trkpt lat="45.722017977386713" lon="11.132053881883621">
        <ele>2197.23</ele>
        <time>2014-10-25T15:28:54Z</time>
      </trkpt>
      <trkpt lat="45.722022419795394" lon="11.132030412554741">
        <ele>2198.6700000000001</ele>
        <time>2014-10-25T15:28:46Z</time>
      </trkpt>
      <trkpt lat="45.722043206915259" lon="11.132014486938715">
        <ele>2200.1100000000001</ele>
        <time>2014-10-25T15:28:38Z</time>
      </trkpt>
      <trkpt lat="45.72202954441309" lon="11.132007027044892">
        <ele>2201.5599999999999</ele>
        <time>2014-10-25T15:28:30Z</time>
      </trkpt>
      <trkpt lat="45.722038513049483" lon="11.131985737010837">
        <ele>2202.52</ele>
        <time>2014-10-25T15:28:23Z</time>
      </trkpt>
      <trkpt lat="45.722043961286545" lon="11.131964279338717">
        <ele>2203.96</ele>
        <time>2014-10-25T15:28:16Z</time>
      </trkpt>
      <trkpt lat="45.722057204693556" lon="11.131927818059921">
        <ele>2204.9200000000001</ele>
        <time>2014-10-25T15:28:09Z</time>
      </trkpt>
      <trkpt lat="45.722067849710584" lon="11.131910216063261">
        <ele>2205.8800000000001</ele>
        <time>2014-10-25T15:28:01Z</time>
      </trkpt>
      <trkpt lat="45.722069106996059" lon="11.131881130859256">
        <ele>2206.8400000000001</ele>
        <time>2014-10-25T15:27:54Z</time>
      </trkpt>
      <trkpt lat="45.722087044268847" lon="11.131840562447906">
        <ele>2208.77</ele>
        <time>2014-10-25T15:27:46Z</time>
      </trkpt>
      <trkpt lat="45.722132306545973" lon="11.131768897175789">
        <ele>2211.1700000000001</ele>
        <time>2014-10-25T15:27:35Z</time>
      </trkpt>
      <trkpt lat="45.722163571044803" lon="11.13171273842454">
        <ele>2213.0900000000001</ele>
        <time>2014-10-25T15:27:28Z</time>
      </trkpt>
      <trkpt lat="45.722205396741629" lon="11.131659680977464">
        <ele>2214.5300000000002</ele>
        <time>2014-10-25T15:27:14Z</time>
      </trkpt>
      <trkpt lat="45.722251078113914" lon="11.131581980735064">
        <ele>2217.9000000000001</ele>
        <time>2014-10-25T15:27:06Z</time>
      </trkpt>
      <trkpt lat="45.72227337397635" lon="11.131508555263281">
        <ele>2219.3400000000001</ele>
        <time>2014-10-25T15:26:59Z</time>
      </trkpt>
      <trkpt lat="45.722304722294211" lon="11.13145524635911">
        <ele>2220.7800000000002</ele>
        <time>2014-10-25T15:26:48Z</time>
      </trkpt>
      <trkpt lat="45.72230857796967" lon="11.131417527794838">
        <ele>2221.7399999999998</ele>
        <time>2014-10-25T15:26:41Z</time>
      </trkpt>
      <trkpt lat="45.722343027591705" lon="11.131354076787829">
        <ele>2222.2199999999998</ele>
        <time>2014-10-25T15:26:34Z</time>
      </trkpt>
      <trkpt lat="45.722377644851804" lon="11.131346533074975">
        <ele>2223.6700000000001</ele>
        <time>2014-10-25T15:26:29Z</time>
      </trkpt>
      <trkpt lat="45.722431624308228" lon="11.13132088445127">
        <ele>2224.1500000000001</ele>
        <time>2014-10-25T15:26:22Z</time>
      </trkpt>
      <trkpt lat="45.722494320943952" lon="11.131257265806198">
        <ele>2223.6700000000001</ele>
        <time>2014-10-25T15:26:13Z</time>
      </trkpt>
      <trkpt lat="45.722540253773332" lon="11.131220050156116">
        <ele>2224.1500000000001</ele>
        <time>2014-10-25T15:26:06Z</time>
      </trkpt>
      <trkpt lat="45.722558023408055" lon="11.131222061812878">
        <ele>2224.6300000000001</ele>
        <time>2014-10-25T15:25:54Z</time>
      </trkpt>
      <trkpt lat="45.722572105005383" lon="11.131200352683663">
        <ele>2224.6300000000001</ele>
        <time>2014-10-25T15:25:47Z</time>
      </trkpt>
      <trkpt lat="45.722564477473497" lon="11.13115961663425">
        <ele>2224.6300000000001</ele>
        <time>2014-10-25T15:25:36Z</time>
      </trkpt>
      <trkpt lat="45.722564477473497" lon="11.13112491555512">
        <ele>2223.6700000000001</ele>
        <time>2014-10-25T15:25:29Z</time>
      </trkpt>
      <trkpt lat="45.722542097792029" lon="11.131074707955122">
        <ele>2221.7399999999998</ele>
        <time>2014-10-25T15:25:05Z</time>
      </trkpt>
      <trkpt lat="45.722526339814067" lon="11.131028523668647">
        <ele>2221.2600000000002</ele>
        <time>2014-10-25T15:24:59Z</time>
      </trkpt>
      <trkpt lat="45.722533967345953" lon="11.130968509241939">
        <ele>2219.3400000000001</ele>
        <time>2014-10-25T15:24:52Z</time>
      </trkpt>
      <trkpt lat="45.722578642889857" lon="11.130911847576499">
        <ele>2217.4200000000001</ele>
        <time>2014-10-25T15:24:43Z</time>
      </trkpt>
      <trkpt lat="45.722618792206049" lon="11.130862897261977">
        <ele>2216.46</ele>
        <time>2014-10-25T15:24:35Z</time>
      </trkpt>
      <trkpt lat="45.722665563225746" lon="11.130801038816571">
        <ele>2215.5</ele>
        <time>2014-10-25T15:24:27Z</time>
      </trkpt>
      <trkpt lat="45.72270386852324" lon="11.130751334130764">
        <ele>2215.0100000000002</ele>
        <time>2014-10-25T15:24:20Z</time>
      </trkpt>
      <trkpt lat="45.722737144678831" lon="11.130706155672669">
        <ele>2214.0500000000002</ele>
        <time>2014-10-25T15:24:13Z</time>
      </trkpt>
      <trkpt lat="45.722735971212387" lon="11.130680590867996">
        <ele>2212.6100000000001</ele>
        <time>2014-10-25T15:24:09Z</time>
      </trkpt>
      <trkpt lat="45.7227663975209" lon="11.130623091012239">
        <ele>2211.1700000000001</ele>
        <time>2014-10-25T15:24:02Z</time>
      </trkpt>
      <trkpt lat="45.722796991467476" lon="11.130556873977184">
        <ele>2209.25</ele>
        <time>2014-10-25T15:23:54Z</time>
      </trkpt>
      <trkpt lat="45.722818365320563" lon="11.130517059937119">
        <ele>2207.3200000000002</ele>
        <time>2014-10-25T15:23:48Z</time>
      </trkpt>
      <trkpt lat="45.722850719466805" lon="11.130471043288708">
        <ele>2205.4000000000001</ele>
        <time>2014-10-25T15:23:42Z</time>
      </trkpt>
      <trkpt lat="45.722919451072812" lon="11.130394684150815">
        <ele>2203.96</ele>
        <time>2014-10-25T15:23:32Z</time>
      </trkpt>
      <trkpt lat="45.723000168800354" lon="11.130306674167514">
        <ele>2204.4400000000001</ele>
        <time>2014-10-25T15:23:23Z</time>
      </trkpt>
      <trkpt lat="45.723049035295844" lon="11.130241882055998">
        <ele>2203.48</ele>
        <time>2014-10-25T15:23:16Z</time>
      </trkpt>
      <trkpt lat="45.72309865616262" lon="11.130170887336135">
        <ele>2203</ele>
        <time>2014-10-25T15:23:09Z</time>
      </trkpt>
      <trkpt lat="45.723137632012367" lon="11.130132582038641">
        <ele>2202.52</ele>
        <time>2014-10-25T15:23:05Z</time>
      </trkpt>
      <trkpt lat="45.723152132704854" lon="11.130122691392899">
        <ele>2203</ele>
        <time>2014-10-25T15:23:02Z</time>
      </trkpt>
      <trkpt lat="45.723177026957273" lon="11.130118081346154">
        <ele>2203.96</ele>
        <time>2014-10-25T15:22:56Z</time>
      </trkpt>
      <trkpt lat="45.723236119374633" lon="11.130104167386889">
        <ele>2204.9200000000001</ele>
        <time>2014-10-25T15:22:51Z</time>
      </trkpt>
      <trkpt lat="45.723312478512526" lon="11.130035184323788">
        <ele>2205.8800000000001</ele>
        <time>2014-10-25T15:22:43Z</time>
      </trkpt>
      <trkpt lat="45.72338062338531" lon="11.129954298958182">
        <ele>2207.3200000000002</ele>
        <time>2014-10-25T15:22:35Z</time>
      </trkpt>
      <trkpt lat="45.723419347777963" lon="11.129880202934146">
        <ele>2208.77</ele>
        <time>2014-10-25T15:22:30Z</time>
      </trkpt>
      <trkpt lat="45.723429741337895" lon="11.129867797717452">
        <ele>2208.77</ele>
        <time>2014-10-25T15:22:29Z</time>
      </trkpt>
      <trkpt lat="45.723495706915855" lon="11.129755731672049">
        <ele>2209.25</ele>
        <time>2014-10-25T15:22:22Z</time>
      </trkpt>
      <trkpt lat="45.723581872880459" lon="11.129613155499101">
        <ele>2211.6500000000001</ele>
        <time>2014-10-25T15:22:13Z</time>
      </trkpt>
      <trkpt lat="45.723639456555247" lon="11.129465466365218">
        <ele>2213.5700000000002</ele>
        <time>2014-10-25T15:22:05Z</time>
      </trkpt>
      <trkpt lat="45.723668290302157" lon="11.129456246271729">
        <ele>2214.0500000000002</ele>
        <time>2014-10-25T15:22:03Z</time>
      </trkpt>
      <trkpt lat="45.723704835399985" lon="11.12943135201931">
        <ele>2215.0100000000002</ele>
        <time>2014-10-25T15:22:00Z</time>
      </trkpt>
      <trkpt lat="45.723765352740884" lon="11.129402099177241">
        <ele>2216.46</ele>
        <time>2014-10-25T15:21:55Z</time>
      </trkpt>
      <trkpt lat="45.723778596147895" lon="11.129391202703118">
        <ele>2216.9400000000001</ele>
        <time>2014-10-25T15:21:53Z</time>
      </trkpt>
      <trkpt lat="45.72380474768579" lon="11.12941718660295">
        <ele>2217.9000000000001</ele>
        <time>2014-10-25T15:21:48Z</time>
      </trkpt>
      <trkpt lat="45.723772812634706" lon="11.129452642053366">
        <ele>2219.8200000000002</ele>
        <time>2014-10-25T15:21:44Z</time>
      </trkpt>
      <trkpt lat="45.72378764860332" lon="11.129471836611629">
        <ele>2220.3000000000002</ele>
        <time>2014-10-25T15:21:41Z</time>
      </trkpt>
      <trkpt lat="45.723799718543887" lon="11.129507040604949">
        <ele>2220.7800000000002</ele>
        <time>2014-10-25T15:21:38Z</time>
      </trkpt>
      <trkpt lat="45.723809860646725" lon="11.12954962067306">
        <ele>2223.6700000000001</ele>
        <time>2014-10-25T15:21:32Z</time>
      </trkpt>
      <trkpt lat="45.723825786262751" lon="11.129590859636664">
        <ele>2225.1100000000001</ele>
        <time>2014-10-25T15:21:26Z</time>
      </trkpt>
      <trkpt lat="45.723812375217676" lon="11.129646934568882">
        <ele>2227.0300000000002</ele>
        <time>2014-10-25T15:21:19Z</time>
      </trkpt>
      <trkpt lat="45.723833413794637" lon="11.129657328128815">
        <ele>2228.4699999999998</ele>
        <time>2014-10-25T15:21:13Z</time>
      </trkpt>
      <trkpt lat="45.723848501220345" lon="11.129716672003269">
        <ele>2230.4000000000001</ele>
        <time>2014-10-25T15:21:06Z</time>
      </trkpt>
      <trkpt lat="45.723848836496472" lon="11.129802754148841">
        <ele>2232.8000000000002</ele>
        <time>2014-10-25T15:20:51Z</time>
      </trkpt>
      <trkpt lat="45.723842214792967" lon="11.129849776625633">
        <ele>2235.1999999999998</ele>
        <time>2014-10-25T15:20:45Z</time>
      </trkpt>
      <trkpt lat="45.723867444321513" lon="11.129821110516787">
        <ele>2236.1599999999999</ele>
        <time>2014-10-25T15:20:37Z</time>
      </trkpt>
      <trkpt lat="45.723875826224685" lon="11.129854638129473">
        <ele>2237.1300000000001</ele>
        <time>2014-10-25T15:20:31Z</time>
      </trkpt>
      <trkpt lat="45.723903570324183" lon="11.129899816587567">
        <ele>2239.0500000000002</ele>
        <time>2014-10-25T15:20:17Z</time>
      </trkpt>
      <trkpt lat="45.723903989419341" lon="11.129962680861354">
        <ele>2242.4099999999999</ele>
        <time>2014-10-25T15:20:08Z</time>
      </trkpt>
      <trkpt lat="45.72390248067677" lon="11.130010625347495">
        <ele>2244.3299999999999</ele>
        <time>2014-10-25T15:20:00Z</time>
      </trkpt>
      <trkpt lat="45.723916813731194" lon="11.130017498508096">
        <ele>2246.7399999999998</ele>
        <time>2014-10-25T15:19:55Z</time>
      </trkpt>
      <trkpt lat="45.72395327500999" lon="11.129999812692404">
        <ele>2245.7800000000002</ele>
        <time>2014-10-25T15:19:49Z</time>
      </trkpt>
      <trkpt lat="45.723952604457736" lon="11.130037028342485">
        <ele>2247.6999999999998</ele>
        <time>2014-10-25T15:19:44Z</time>
      </trkpt>
      <trkpt lat="45.723964674398303" lon="11.130073238164186">
        <ele>2249.6199999999999</ele>
        <time>2014-10-25T15:19:36Z</time>
      </trkpt>
      <trkpt lat="45.723983952775598" lon="11.130104251205921">
        <ele>2249.1399999999999</ele>
        <time>2014-10-25T15:19:24Z</time>
      </trkpt>
      <trkpt lat="45.723984204232693" lon="11.13014180213213">
        <ele>2250.5799999999999</ele>
        <time>2014-10-25T15:10:58Z</time>
      </trkpt>
      <trkpt lat="45.723946150392294" lon="11.130145490169525">
        <ele>2249.6199999999999</ele>
        <time>2014-10-25T15:10:51Z</time>
      </trkpt>
      <trkpt lat="45.723928548395634" lon="11.130104921758175">
        <ele>2248.1799999999998</ele>
        <time>2014-10-25T15:10:46Z</time>
      </trkpt>
      <trkpt lat="45.723934164270759" lon="11.130071813240647">
        <ele>2246.7399999999998</ele>
        <time>2014-10-25T15:10:39Z</time>
      </trkpt>
      <trkpt lat="45.723909605294466" lon="11.130081620067358">
        <ele>2246.2600000000002</ele>
        <time>2014-10-25T15:10:31Z</time>
      </trkpt>
      <trkpt lat="45.723892590031028" lon="11.130077093839645">
        <ele>2245.7800000000002</ele>
        <time>2014-10-25T15:10:26Z</time>
      </trkpt>
      <trkpt lat="45.723883034661412" lon="11.130039626732469">
        <ele>2244.3299999999999</ele>
        <time>2014-10-25T15:10:19Z</time>
      </trkpt>
      <trkpt lat="45.723879095166922" lon="11.130009703338146">
        <ele>2243.3699999999999</ele>
        <time>2014-10-25T15:10:12Z</time>
      </trkpt>
      <trkpt lat="45.723894517868757" lon="11.129977935925126">
        <ele>2242.8899999999999</ele>
        <time>2014-10-25T15:10:06Z</time>
      </trkpt>
      <trkpt lat="45.72388781234622" lon="11.129949605092406">
        <ele>2240.9699999999998</ele>
        <time>2014-10-25T15:09:59Z</time>
      </trkpt>
      <trkpt lat="45.723896194249392" lon="11.129929237067699">
        <ele>2240.0100000000002</ele>
        <time>2014-10-25T15:09:52Z</time>
      </trkpt>
      <trkpt lat="45.723888399079442" lon="11.129898224025965">
        <ele>2239.5300000000002</ele>
        <time>2014-10-25T15:09:46Z</time>
      </trkpt>
      <trkpt lat="45.723882196471095" lon="11.129860337823629">
        <ele>2236.6399999999999</ele>
        <time>2014-10-25T15:09:39Z</time>
      </trkpt>
      <trkpt lat="45.723876748234034" lon="11.129828570410609">
        <ele>2236.1599999999999</ele>
        <time>2014-10-25T15:09:34Z</time>
      </trkpt>
      <trkpt lat="45.723858810961246" lon="11.129797725006938">
        <ele>2233.7600000000002</ele>
        <time>2014-10-25T15:09:28Z</time>
      </trkpt>
      <trkpt lat="45.723825115710497" lon="11.129795964807272">
        <ele>2232.8000000000002</ele>
        <time>2014-10-25T15:09:21Z</time>
      </trkpt>
      <trkpt lat="45.723823355510831" lon="11.129762437194586">
        <ele>2231.3600000000001</ele>
        <time>2014-10-25T15:09:16Z</time>
      </trkpt>
      <trkpt lat="45.723825115710497" lon="11.129730585962534">
        <ele>2229.4299999999998</ele>
        <time>2014-10-25T15:09:11Z</time>
      </trkpt>
      <trkpt lat="45.723835341632366" lon="11.129699489101768">
        <ele>2228.4699999999998</ele>
        <time>2014-10-25T15:09:06Z</time>
      </trkpt>
      <trkpt lat="45.723837437108159" lon="11.129653807729483">
        <ele>2227.5100000000002</ele>
        <time>2014-10-25T15:09:00Z</time>
      </trkpt>
      <trkpt lat="45.723840370774269" lon="11.129622040316463">
        <ele>2226.0700000000002</ele>
        <time>2014-10-25T15:08:54Z</time>
      </trkpt>
      <trkpt lat="45.723817152902484" lon="11.129600750282407">
        <ele>2224.1500000000001</ele>
        <time>2014-10-25T15:08:47Z</time>
      </trkpt>
      <trkpt lat="45.723784295842052" lon="11.129610557109118">
        <ele>2223.6700000000001</ele>
        <time>2014-10-25T15:08:39Z</time>
      </trkpt>
      <trkpt lat="45.723756635561585" lon="11.129599409177899">
        <ele>2221.7399999999998</ele>
        <time>2014-10-25T15:08:33Z</time>
      </trkpt>
      <trkpt lat="45.723777925595641" lon="11.129531264305115">
        <ele>2220.3000000000002</ele>
        <time>2014-10-25T15:08:26Z</time>
      </trkpt>
      <trkpt lat="45.723758898675442" lon="11.12950025126338">
        <ele>2217.9000000000001</ele>
        <time>2014-10-25T15:08:20Z</time>
      </trkpt>
      <trkpt lat="45.723717072978616" lon="11.129540232941508">
        <ele>2216.46</ele>
        <time>2014-10-25T15:08:13Z</time>
      </trkpt>
      <trkpt lat="45.723684802651405" lon="11.129550375044346">
        <ele>2214.5300000000002</ele>
        <time>2014-10-25T15:08:07Z</time>
      </trkpt>
      <trkpt lat="45.723666697740555" lon="11.129541238769889">
        <ele>2213.0900000000001</ele>
        <time>2014-10-25T15:08:02Z</time>
      </trkpt>
      <trkpt lat="45.723629146814346" lon="11.129477536305785">
        <ele>2211.6500000000001</ele>
        <time>2014-10-25T15:07:54Z</time>
      </trkpt>
      <trkpt lat="45.723555302247405" lon="11.129434620961547">
        <ele>2209.73</ele>
        <time>2014-10-25T15:07:47Z</time>
      </trkpt>
      <trkpt lat="45.723522696644068" lon="11.129385167732835">
        <ele>2209.25</ele>
        <time>2014-10-25T15:07:43Z</time>
      </trkpt>
      <trkpt lat="45.723522361367941" lon="11.129361027851701">
        <ele>2209.73</ele>
        <time>2014-10-25T15:07:41Z</time>
      </trkpt>
      <trkpt lat="45.723515572026372" lon="11.129306210204959">
        <ele>2211.1700000000001</ele>
        <time>2014-10-25T15:07:37Z</time>
      </trkpt>
      <trkpt lat="45.723482295870781" lon="11.129197329282761">
        <ele>2211.6500000000001</ele>
        <time>2014-10-25T15:07:31Z</time>
      </trkpt>
      <trkpt lat="45.723433345556259" lon="11.12915282137692">
        <ele>2211.6500000000001</ele>
        <time>2014-10-25T15:07:24Z</time>
      </trkpt>
      <trkpt lat="45.723403422161937" lon="11.12910102121532">
        <ele>2211.6500000000001</ele>
        <time>2014-10-25T15:07:10Z</time>
      </trkpt>
      <trkpt lat="45.723379533737898" lon="11.129104122519493">
        <ele>2212.1300000000001</ele>
        <time>2014-10-25T15:07:04Z</time>
      </trkpt>
      <trkpt lat="45.723331337794662" lon="11.129042599350214">
        <ele>2212.1300000000001</ele>
        <time>2014-10-25T15:06:56Z</time>
      </trkpt>
      <trkpt lat="45.723315412178636" lon="11.129038156941533">
        <ele>2212.1300000000001</ele>
        <time>2014-10-25T15:06:48Z</time>
      </trkpt>
      <trkpt lat="45.7232999894768" lon="11.129040000960231">
        <ele>2191</ele>
      </trkpt>
      <trkpt lat="45.723139978945255" lon="11.129030026495457">
        <ele>2186</ele>
      </trkpt>
      <trkpt lat="45.723280040547252" lon="11.129400003701448">
        <ele>2176</ele>
      </trkpt>
      <trkpt lat="45.723109971731901" lon="11.129400003701448">
        <ele>2171</ele>
      </trkpt>
      <trkpt lat="45.7228699978441" lon="11.129160029813647">
        <ele>2164</ele>
      </trkpt>
      <trkpt lat="45.722179999575019" lon="11.128970012068748">
        <ele>2147</ele>
      </trkpt>
      <trkpt lat="45.721720000728965" lon="11.129279974848032">
        <ele>2132</ele>
      </trkpt>
      <trkpt lat="45.721269976347685" lon="11.129739973694086">
        <ele>2117</ele>
      </trkpt>
      <trkpt lat="45.721050035208464" lon="11.129899984225631">
        <ele>2110</ele>
      </trkpt>
      <trkpt lat="45.72014001198113" lon="11.129969973117113">
        <ele>2083</ele>
      </trkpt>
      <trkpt lat="45.719540035352111" lon="11.129990005865693">
        <ele>2063</ele>
      </trkpt>
      <trkpt lat="45.719359992071986" lon="11.130259986966848">
        <ele>2053</ele>
      </trkpt>
      <trkpt lat="45.718560023233294" lon="11.130419997498393">
        <ele>2031</ele>
      </trkpt>
      <trkpt lat="45.717770028859377" lon="11.130210030823946">
        <ele>2008</ele>
      </trkpt>
      <trkpt lat="45.717840017750859" lon="11.130870021879673">
        <ele>1992</ele>
      </trkpt>
      <trkpt lat="45.717770028859377" lon="11.130879996344447">
        <ele>1990</ele>
      </trkpt>
      <trkpt lat="45.71709000505507" lon="11.130459979176521">
        <ele>1971</ele>
      </trkpt>
      <trkpt lat="45.716590024530888" lon="11.13064999692142">
        <ele>1964</ele>
      </trkpt>
      <trkpt lat="45.716360025107861" lon="11.130640022456646">
        <ele>1961</ele>
      </trkpt>
      <trkpt lat="45.716009996831417" lon="11.130340034142137">
        <ele>1954</ele>
      </trkpt>
      <trkpt lat="45.715269958600402" lon="11.130389990285039">
        <ele>1934</ele>
      </trkpt>
      <trkpt lat="45.715540023520589" lon="11.130830040201545">
        <ele>1922</ele>
      </trkpt>
      <trkpt lat="45.715250009670854" lon="11.131009999662638">
        <ele>1914</ele>
      </trkpt>
      <trkpt lat="45.715440027415752" lon="11.131449965760112">
        <ele>1903</ele>
      </trkpt>
      <trkpt lat="45.715450001880527" lon="11.131850033998489">
        <ele>1896</ele>
      </trkpt>
      <trkpt lat="45.715129980817437" lon="11.132090007886291">
        <ele>1885</ele>
      </trkpt>
      <trkpt lat="45.714799985289574" lon="11.132150022312999">
        <ele>1875</ele>
      </trkpt>
      <trkpt lat="45.714349960908294" lon="11.132250018417835">
        <ele>1860</ele>
      </trkpt>
      <trkpt lat="45.714230015873909" lon="11.132080033421516">
        <ele>1854</ele>
      </trkpt>
      <trkpt lat="45.71401996538043" lon="11.132529973983765">
        <ele>1843</ele>
      </trkpt>
      <trkpt lat="45.713840005919337" lon="11.132440036162734">
        <ele>1837</ele>
      </trkpt>
      <trkpt lat="45.713679995387793" lon="11.132440036162734">
        <ele>1832</ele>
      </trkpt>
      <trkpt lat="45.71302997879684" lon="11.131270006299019">
        <ele>1809</ele>
      </trkpt>
      <trkpt lat="45.712030017748475" lon="11.130340034142137">
        <ele>1780</ele>
      </trkpt>
      <trkpt lat="45.71176003664732" lon="11.129720024764538">
        <ele>1768</ele>
      </trkpt>
      <trkpt lat="45.711319986730814" lon="11.129049975425005">
        <ele>1754</ele>
      </trkpt>
      <trkpt lat="45.710520017892122" lon="11.128299962729216">
        <ele>1742</ele>
      </trkpt>
      <trkpt lat="45.710079967975616" lon="11.127580041065812">
        <ele>1729</ele>
      </trkpt>
      <trkpt lat="45.709579987451434" lon="11.126250000670552">
        <ele>1707</ele>
      </trkpt>
      <trkpt lat="45.709459958598018" lon="11.125840041786432">
        <ele>1701</ele>
      </trkpt>
      <trkpt lat="45.709489965811372" lon="11.125439973548055">
        <ele>1693</ele>
      </trkpt>
      <trkpt lat="45.709159970283508" lon="11.125810034573078">
        <ele>1682</ele>
      </trkpt>
      <trkpt lat="45.709019992500544" lon="11.125669972971082">
        <ele>1677</ele>
      </trkpt>
      <trkpt lat="45.708989985287189" lon="11.12529999576509">
        <ele>1672</ele>
      </trkpt>
      <trkpt lat="45.708650015294552" lon="11.124979974702001">
        <ele>1664</ele>
      </trkpt>
      <trkpt lat="45.708580110222101" lon="11.124906297773123">
        <ele>1676.6800000000001</ele>
        <time>2014-10-25T11:47:58Z</time>
      </trkpt>
      <trkpt lat="45.708568627014756" lon="11.124834045767784">
        <ele>1676.2</ele>
        <time>2014-10-25T11:48:03Z</time>
      </trkpt>
      <trkpt lat="45.708565609529614" lon="11.124812169000506">
        <ele>1675.72</ele>
        <time>2014-10-25T11:48:04Z</time>
      </trkpt>
      <trkpt lat="45.708559909835458" lon="11.124788615852594">
        <ele>1675.23</ele>
        <time>2014-10-25T11:48:05Z</time>
      </trkpt>
      <trkpt lat="45.708555048331618" lon="11.124767158180475">
        <ele>1675.72</ele>
        <time>2014-10-25T11:48:06Z</time>
      </trkpt>
      <trkpt lat="45.708548510447145" lon="11.1247468739748">
        <ele>1675.72</ele>
        <time>2014-10-25T11:48:07Z</time>
      </trkpt>
      <trkpt lat="45.708540799096227" lon="11.124727595597506">
        <ele>1675.23</ele>
        <time>2014-10-25T11:48:08Z</time>
      </trkpt>
      <trkpt lat="45.708534764125943" lon="11.124707646667957">
        <ele>1675.23</ele>
        <time>2014-10-25T11:48:09Z</time>
      </trkpt>
      <trkpt lat="45.708527052775025" lon="11.124672191217542">
        <ele>1675.23</ele>
        <time>2014-10-25T11:48:11Z</time>
      </trkpt>
      <trkpt lat="45.708518670871854" lon="11.124654421582818">
        <ele>1674.75</ele>
        <time>2014-10-25T11:48:12Z</time>
      </trkpt>
      <trkpt lat="45.708396881818771" lon="11.124471444636583">
        <ele>1673.3099999999999</ele>
        <time>2014-10-25T11:48:22Z</time>
      </trkpt>
      <trkpt lat="45.708310212939978" lon="11.124312356114388">
        <ele>1671.8699999999999</ele>
        <time>2014-10-25T11:48:31Z</time>
      </trkpt>
      <trkpt lat="45.708264280110598" lon="11.124145053327084">
        <ele>1669.95</ele>
        <time>2014-10-25T11:48:40Z</time>
      </trkpt>
      <trkpt lat="45.708222538232803" lon="11.123984958976507">
        <ele>1668.99</ele>
        <time>2014-10-25T11:48:48Z</time>
      </trkpt>
      <trkpt lat="45.708180377259851" lon="11.123812878504395">
        <ele>1668.51</ele>
        <time>2014-10-25T11:48:57Z</time>
      </trkpt>
      <trkpt lat="45.708216084167361" lon="11.12361959181726">
        <ele>1667.54</ele>
        <time>2014-10-25T11:49:06Z</time>
      </trkpt>
      <trkpt lat="45.708289258182049" lon="11.123396465554833">
        <ele>1665.1400000000001</ele>
        <time>2014-10-25T11:49:17Z</time>
      </trkpt>
      <trkpt lat="45.708323875442147" lon="11.123193707317114">
        <ele>1664.1800000000001</ele>
        <time>2014-10-25T11:49:26Z</time>
      </trkpt>
      <trkpt lat="45.708347847685218" lon="11.122979717329144">
        <ele>1663.22</ele>
        <time>2014-10-25T11:49:37Z</time>
      </trkpt>
      <trkpt lat="45.708288252353668" lon="11.12283093854785">
        <ele>1661.78</ele>
        <time>2014-10-25T11:49:46Z</time>
      </trkpt>
      <trkpt lat="45.708273835480213" lon="11.122821886092424">
        <ele>1661.78</ele>
        <time>2014-10-25T11:49:47Z</time>
      </trkpt>
      <trkpt lat="45.708259586244822" lon="11.12281090579927">
        <ele>1661.78</ele>
        <time>2014-10-25T11:49:48Z</time>
      </trkpt>
      <trkpt lat="45.708247516304255" lon="11.122796153649688">
        <ele>1660.8099999999999</ele>
        <time>2014-10-25T11:49:49Z</time>
      </trkpt>
      <trkpt lat="45.708142574876547" lon="11.122683919966221">
        <ele>1660.3299999999999</ele>
        <time>2014-10-25T11:49:58Z</time>
      </trkpt>
      <trkpt lat="45.708074932917953" lon="11.122643686830997">
        <ele>1658.8900000000001</ele>
        <time>2014-10-25T11:50:03Z</time>
      </trkpt>
      <trkpt lat="45.708060516044497" lon="11.122641088441014">
        <ele>1659.8499999999999</ele>
        <time>2014-10-25T11:50:04Z</time>
      </trkpt>
      <trkpt lat="45.708046350628138" lon="11.122640753164887">
        <ele>1659.8499999999999</ele>
        <time>2014-10-25T11:50:05Z</time>
      </trkpt>
      <trkpt lat="45.708031849935651" lon="11.122642513364553">
        <ele>1658.8900000000001</ele>
        <time>2014-10-25T11:50:06Z</time>
      </trkpt>
      <trkpt lat="45.708017600700259" lon="11.122646620497108">
        <ele>1659.8499999999999</ele>
        <time>2014-10-25T11:50:07Z</time>
      </trkpt>
      <trkpt lat="45.708001339808106" lon="11.122652571648359">
        <ele>1659.3699999999999</ele>
        <time>2014-10-25T11:50:08Z</time>
      </trkpt>
      <trkpt lat="45.707985078915954" lon="11.122660869732499">
        <ele>1658.8900000000001</ele>
        <time>2014-10-25T11:50:09Z</time>
      </trkpt>
      <trkpt lat="45.707965632900596" lon="11.122673358768225">
        <ele>1658.8900000000001</ele>
        <time>2014-10-25T11:50:10Z</time>
      </trkpt>
      <trkpt lat="45.707948282361031" lon="11.122685261070728">
        <ele>1658.8900000000001</ele>
        <time>2014-10-25T11:50:11Z</time>
      </trkpt>
      <trkpt lat="45.707824397832155" lon="11.122846193611622">
        <ele>1656.97</ele>
        <time>2014-10-25T11:50:20Z</time>
      </trkpt>
      <trkpt lat="45.707691209390759" lon="11.12291450612247">
        <ele>1655.53</ele>
        <time>2014-10-25T11:50:29Z</time>
      </trkpt>
      <trkpt lat="45.707587189972401" lon="11.12291257828474">
        <ele>1654.0899999999999</ele>
        <time>2014-10-25T11:50:36Z</time>
      </trkpt>
      <trkpt lat="45.707469675689936" lon="11.122849881649017">
        <ele>1651.6800000000001</ele>
        <time>2014-10-25T11:50:46Z</time>
      </trkpt>
      <trkpt lat="45.707387197762728" lon="11.1226487159729">
        <ele>1650.72</ele>
        <time>2014-10-25T11:50:58Z</time>
      </trkpt>
      <trkpt lat="45.707354005426168" lon="11.122427433729172">
        <ele>1648.8</ele>
        <time>2014-10-25T11:51:08Z</time>
      </trkpt>
      <trkpt lat="45.70732869207859" lon="11.122211599722505">
        <ele>1647.8399999999999</ele>
        <time>2014-10-25T11:51:18Z</time>
      </trkpt>
      <trkpt lat="45.707276053726673" lon="11.122066173702478">
        <ele>1645.9100000000001</ele>
        <time>2014-10-25T11:51:26Z</time>
      </trkpt>
      <trkpt lat="45.707185277715325" lon="11.12193776294589">
        <ele>1644.95</ele>
        <time>2014-10-25T11:51:35Z</time>
      </trkpt>
      <trkpt lat="45.707171615213156" lon="11.121948407962918">
        <ele>1644.47</ele>
        <time>2014-10-25T11:51:36Z</time>
      </trkpt>
      <trkpt lat="45.707159461453557" lon="11.121968440711498">
        <ele>1644.95</ele>
        <time>2014-10-25T11:51:37Z</time>
      </trkpt>
      <trkpt lat="45.707148313522339" lon="11.121994843706489">
        <ele>1644.47</ele>
        <time>2014-10-25T11:51:38Z</time>
      </trkpt>
      <trkpt lat="45.707145212218165" lon="11.122019235044718">
        <ele>1644.47</ele>
        <time>2014-10-25T11:51:39Z</time>
      </trkpt>
      <trkpt lat="45.707148145884275" lon="11.122043877840042">
        <ele>1644.47</ele>
        <time>2014-10-25T11:51:40Z</time>
      </trkpt>
      <trkpt lat="45.707154851406813" lon="11.12206868827343">
        <ele>1644.47</ele>
        <time>2014-10-25T11:51:41Z</time>
      </trkpt>
      <trkpt lat="45.707160718739033" lon="11.122095007449389">
        <ele>1643.99</ele>
        <time>2014-10-25T11:51:42Z</time>
      </trkpt>
      <trkpt lat="45.707168346270919" lon="11.122118644416332">
        <ele>1643.99</ele>
        <time>2014-10-25T11:51:43Z</time>
      </trkpt>
      <trkpt lat="45.707175387069583" lon="11.122138928622007">
        <ele>1643.51</ele>
        <time>2014-10-25T11:51:44Z</time>
      </trkpt>
      <trkpt lat="45.707194413989782" lon="11.122294245287776">
        <ele>1642.0699999999999</ele>
        <time>2014-10-25T11:51:52Z</time>
      </trkpt>
      <trkpt lat="45.707183182239532" lon="11.122484179213643">
        <ele>1640.6300000000001</ele>
        <time>2014-10-25T11:52:01Z</time>
      </trkpt>
      <trkpt lat="45.707174297422171" lon="11.122688194736838">
        <ele>1639.6700000000001</ele>
        <time>2014-10-25T11:52:11Z</time>
      </trkpt>
      <trkpt lat="45.707243196666241" lon="11.122862957417965">
        <ele>1638.22</ele>
        <time>2014-10-25T11:52:20Z</time>
      </trkpt>
      <trkpt lat="45.707306982949376" lon="11.1229751072824">
        <ele>1636.78</ele>
        <time>2014-10-25T11:52:27Z</time>
      </trkpt>
      <trkpt lat="45.707253254950047" lon="11.123019782826304">
        <ele>1636.3</ele>
        <time>2014-10-25T11:52:32Z</time>
      </trkpt>
      <trkpt lat="45.707192067056894" lon="11.122952476143837">
        <ele>1635.3399999999999</ele>
        <time>2014-10-25T11:52:37Z</time>
      </trkpt>
      <trkpt lat="45.70711906068027" lon="11.122689032927155">
        <ele>1632.9400000000001</ele>
        <time>2014-10-25T11:52:50Z</time>
      </trkpt>
      <trkpt lat="45.707110511139035" lon="11.122454926371574">
        <ele>1631.01</ele>
        <time>2014-10-25T11:53:01Z</time>
      </trkpt>
      <trkpt lat="45.707103721797466" lon="11.122234733775258">
        <ele>1630.05</ele>
        <time>2014-10-25T11:53:11Z</time>
      </trkpt>
      <trkpt lat="45.707071954384446" lon="11.122055444866419">
        <ele>1628.6099999999999</ele>
        <time>2014-10-25T11:53:20Z</time>
      </trkpt>
      <trkpt lat="45.706988219171762" lon="11.121980343014002">
        <ele>1627.6500000000001</ele>
        <time>2014-10-25T11:53:27Z</time>
      </trkpt>
      <trkpt lat="45.706870034337044" lon="11.122010517865419">
        <ele>1625.73</ele>
        <time>2014-10-25T11:53:35Z</time>
      </trkpt>
      <trkpt lat="45.706702563911676" lon="11.122096264734864">
        <ele>1624.77</ele>
        <time>2014-10-25T11:53:45Z</time>
      </trkpt>
      <trkpt lat="45.706578176468611" lon="11.122117219492793">
        <ele>1622.8399999999999</ele>
        <time>2014-10-25T11:53:52Z</time>
      </trkpt>
      <trkpt lat="45.706545151770115" lon="11.122113615274429">
        <ele>1622.8399999999999</ele>
        <time>2014-10-25T11:53:54Z</time>
      </trkpt>
      <trkpt lat="45.706457812339067" lon="11.122062569484115">
        <ele>1620.9200000000001</ele>
        <time>2014-10-25T11:54:00Z</time>
      </trkpt>
      <trkpt lat="45.706358989700675" lon="11.122001297771931">
        <ele>1619.96</ele>
        <time>2014-10-25T11:54:07Z</time>
      </trkpt>
      <trkpt lat="45.706290090456605" lon="11.121973134577274">
        <ele>1619.48</ele>
        <time>2014-10-25T11:54:12Z</time>
      </trkpt>
      <trkpt lat="45.706151369959116" lon="11.121983863413334">
        <ele>1618.04</ele>
        <time>2014-10-25T11:54:21Z</time>
      </trkpt>
      <trkpt lat="45.706018600612879" lon="11.122032897546887">
        <ele>1616.5899999999999</ele>
        <time>2014-10-25T11:54:30Z</time>
      </trkpt>
      <trkpt lat="45.705860015004873" lon="11.122035915032029">
        <ele>1614.1900000000001</ele>
        <time>2014-10-25T11:54:41Z</time>
      </trkpt>
      <trkpt lat="45.705752810463309" lon="11.121986545622349">
        <ele>1613.23</ele>
        <time>2014-10-25T11:54:50Z</time>
      </trkpt>
      <trkpt lat="45.70564242079854" lon="11.121906079351902">
        <ele>1611.79</ele>
        <time>2014-10-25T11:55:00Z</time>
      </trkpt>
      <trkpt lat="45.705604534596205" lon="11.121925190091133">
        <ele>1610.8299999999999</ele>
        <time>2014-10-25T11:55:06Z</time>
      </trkpt>
      <trkpt lat="45.705576036125422" lon="11.121932649984956">
        <ele>1608.4200000000001</ele>
        <time>2014-10-25T11:55:11Z</time>
      </trkpt>
      <trkpt lat="45.705528594553471" lon="11.121908091008663">
        <ele>1606.5</ele>
        <time>2014-10-25T11:55:19Z</time>
      </trkpt>
      <trkpt lat="45.705422814935446" lon="11.121808597818017">
        <ele>1602.6600000000001</ele>
        <time>2014-10-25T11:55:29Z</time>
      </trkpt>
      <trkpt lat="45.705353748053312" lon="11.12171689979732">
        <ele>1602.1700000000001</ele>
        <time>2014-10-25T11:55:37Z</time>
      </trkpt>
      <trkpt lat="45.705329356715083" lon="11.121740704402328">
        <ele>1600.73</ele>
        <time>2014-10-25T11:55:41Z</time>
      </trkpt>
      <trkpt lat="45.705290632322431" lon="11.121708853170276">
        <ele>1599.77</ele>
        <time>2014-10-25T11:55:45Z</time>
      </trkpt>
      <trkpt lat="45.705218380317092" lon="11.121682785451412">
        <ele>1599.77</ele>
        <time>2014-10-25T11:55:51Z</time>
      </trkpt>
      <trkpt lat="45.705174207687378" lon="11.121617741882801">
        <ele>1598.3299999999999</ele>
        <time>2014-10-25T11:55:56Z</time>
      </trkpt>
      <trkpt lat="45.705102039501071" lon="11.121462089940906">
        <ele>1597.3699999999999</ele>
        <time>2014-10-25T11:56:06Z</time>
      </trkpt>
      <trkpt lat="45.705056777223945" lon="11.121359914541245">
        <ele>1596.4100000000001</ele>
        <time>2014-10-25T11:56:12Z</time>
      </trkpt>
      <trkpt lat="45.705031715333462" lon="11.121344910934567">
        <ele>1595.9300000000001</ele>
        <time>2014-10-25T11:56:15Z</time>
      </trkpt>
      <trkpt lat="45.704998271539807" lon="11.121296882629395">
        <ele>1595.45</ele>
        <time>2014-10-25T11:56:35Z</time>
      </trkpt>
      <trkpt lat="45.705022076144814" lon="11.121385060250759">
        <ele>1595.45</ele>
        <time>2014-10-25T11:56:48Z</time>
      </trkpt>
      <trkpt lat="45.704969353973866" lon="11.121332924813032">
        <ele>1594.96</ele>
        <time>2014-10-25T11:56:54Z</time>
      </trkpt>
      <trkpt lat="45.704938927665353" lon="11.121306102722883">
        <ele>1593.52</ele>
        <time>2014-10-25T11:56:57Z</time>
      </trkpt>
      <trkpt lat="45.704922918230295" lon="11.121277771890163">
        <ele>1592.0799999999999</ele>
        <time>2014-10-25T11:57:00Z</time>
      </trkpt>
      <trkpt lat="45.70490900427103" lon="11.121270563453436">
        <ele>1591.5999999999999</ele>
        <time>2014-10-25T11:57:02Z</time>
      </trkpt>
      <trkpt lat="45.70486499927938" lon="11.121207782998681">
        <ele>1589.2</ele>
        <time>2014-10-25T11:57:08Z</time>
      </trkpt>
      <trkpt lat="45.704820239916444" lon="11.121151205152273">
        <ele>1586.3099999999999</ele>
        <time>2014-10-25T11:57:16Z</time>
      </trkpt>
      <trkpt lat="45.704783275723457" lon="11.121071325615048">
        <ele>1583.4300000000001</ele>
        <time>2014-10-25T11:57:22Z</time>
      </trkpt>
      <trkpt lat="45.704707587137818" lon="11.120982225984335">
        <ele>1582.47</ele>
        <time>2014-10-25T11:57:29Z</time>
      </trkpt>
      <trkpt lat="45.704620247706771" lon="11.120928749442101">
        <ele>1578.1400000000001</ele>
        <time>2014-10-25T11:57:36Z</time>
      </trkpt>
      <trkpt lat="45.704597700387239" lon="11.120907543227077">
        <ele>1577.1800000000001</ele>
        <time>2014-10-25T11:57:38Z</time>
      </trkpt>
      <trkpt lat="45.704514300450683" lon="11.12085247412324">
        <ele>1574.78</ele>
        <time>2014-10-25T11:57:45Z</time>
      </trkpt>
      <trkpt lat="45.704503152519464" lon="11.120841158553958">
        <ele>1573.8199999999999</ele>
        <time>2014-10-25T11:57:46Z</time>
      </trkpt>
      <trkpt lat="45.704488148912787" lon="11.120836464688182">
        <ele>1573.8199999999999</ele>
        <time>2014-10-25T11:57:47Z</time>
      </trkpt>
      <trkpt lat="45.704473480582237" lon="11.120837135240436">
        <ele>1573.3299999999999</ele>
        <time>2014-10-25T11:57:48Z</time>
      </trkpt>
      <trkpt lat="45.70442721247673" lon="11.12077577970922">
        <ele>1571.4100000000001</ele>
        <time>2014-10-25T11:57:53Z</time>
      </trkpt>
      <trkpt lat="45.704362504184246" lon="11.120764212682843">
        <ele>1569.01</ele>
        <time>2014-10-25T11:57:59Z</time>
      </trkpt>
      <trkpt lat="45.704326126724482" lon="11.120745856314898">
        <ele>1566.1199999999999</ele>
        <time>2014-10-25T11:58:02Z</time>
      </trkpt>
      <trkpt lat="45.704293940216303" lon="11.120704114437103">
        <ele>1565.6400000000001</ele>
        <time>2014-10-25T11:58:05Z</time>
      </trkpt>
      <trkpt lat="45.704267621040344" lon="11.120646866038442">
        <ele>1563.24</ele>
        <time>2014-10-25T11:58:11Z</time>
      </trkpt>
      <trkpt lat="45.704211629927158" lon="11.120581571012735">
        <ele>1559.8800000000001</ele>
        <time>2014-10-25T11:58:18Z</time>
      </trkpt>
      <trkpt lat="45.704134600237012" lon="11.120509319007397">
        <ele>1556.51</ele>
        <time>2014-10-25T11:58:25Z</time>
      </trkpt>
      <trkpt lat="45.704099060967565" lon="11.120465900748968">
        <ele>1555.0699999999999</ele>
        <time>2014-10-25T11:58:28Z</time>
      </trkpt>
      <trkpt lat="45.704044830054045" lon="11.120411669835448">
        <ele>1553.6300000000001</ele>
        <time>2014-10-25T11:58:36Z</time>
      </trkpt>
      <trkpt lat="45.704001411795616" lon="11.120268506929278">
        <ele>1553.1500000000001</ele>
        <time>2014-10-25T11:58:44Z</time>
      </trkpt>
      <trkpt lat="45.704006608575583" lon="11.120247635990381">
        <ele>1552.6700000000001</ele>
        <time>2014-10-25T11:58:45Z</time>
      </trkpt>
      <trkpt lat="45.704066455364227" lon="11.120026437565684">
        <ele>1551.22</ele>
        <time>2014-10-25T11:58:55Z</time>
      </trkpt>
      <trkpt lat="45.704106520861387" lon="11.11985569819808">
        <ele>1549.78</ele>
        <time>2014-10-25T11:59:03Z</time>
      </trkpt>
      <trkpt lat="45.704136276617646" lon="11.119698788970709">
        <ele>1549.3</ele>
        <time>2014-10-25T11:59:11Z</time>
      </trkpt>
      <trkpt lat="45.704153878614306" lon="11.119487229734659">
        <ele>1548.3399999999999</ele>
        <time>2014-10-25T11:59:21Z</time>
      </trkpt>
      <trkpt lat="45.70415060967207" lon="11.119215320795774">
        <ele>1546.4200000000001</ele>
        <time>2014-10-25T11:59:34Z</time>
      </trkpt>
      <trkpt lat="45.704105095937848" lon="11.11904064193368">
        <ele>1544.98</ele>
        <time>2014-10-25T11:59:43Z</time>
      </trkpt>
      <trkpt lat="45.704031251370907" lon="11.118913823738694">
        <ele>1544.5</ele>
        <time>2014-10-25T11:59:51Z</time>
      </trkpt>
      <trkpt lat="45.703941565006971" lon="11.118689859285951">
        <ele>1542.5699999999999</ele>
        <time>2014-10-25T12:00:03Z</time>
      </trkpt>
      <trkpt lat="45.703920945525169" lon="11.118526998907328">
        <ele>1541.6099999999999</ele>
        <time>2014-10-25T12:00:12Z</time>
      </trkpt>
      <trkpt lat="45.703945504501462" lon="11.11844502389431">
        <ele>1540.6500000000001</ele>
        <time>2014-10-25T12:00:17Z</time>
      </trkpt>
      <trkpt lat="45.703965369611979" lon="11.118247881531715">
        <ele>1539.21</ele>
        <time>2014-10-25T12:00:27Z</time>
      </trkpt>
      <trkpt lat="45.70395028218627" lon="11.118097007274628">
        <ele>1538.25</ele>
        <time>2014-10-25T12:00:34Z</time>
      </trkpt>
      <trkpt lat="45.703905941918492" lon="11.117946719750762">
        <ele>1537.29</ele>
        <time>2014-10-25T12:00:41Z</time>
      </trkpt>
      <trkpt lat="45.703827403485775" lon="11.117787715047598">
        <ele>1535.3599999999999</ele>
        <time>2014-10-25T12:00:51Z</time>
      </trkpt>
      <trkpt lat="45.703794211149216" lon="11.117641869932413">
        <ele>1534.8800000000001</ele>
        <time>2014-10-25T12:01:00Z</time>
      </trkpt>
      <trkpt lat="45.703731765970588" lon="11.117430729791522">
        <ele>1533.4400000000001</ele>
        <time>2014-10-25T12:01:11Z</time>
      </trkpt>
      <trkpt lat="45.703668566420674" lon="11.117226127535105">
        <ele>1532.48</ele>
        <time>2014-10-25T12:01:21Z</time>
      </trkpt>
      <trkpt lat="45.703633446246386" lon="11.117057148367167">
        <ele>1531.04</ele>
        <time>2014-10-25T12:01:29Z</time>
      </trkpt>
      <trkpt lat="45.703591955825686" lon="11.116895629093051">
        <ele>1530.5599999999999</ele>
        <time>2014-10-25T12:01:38Z</time>
      </trkpt>
      <trkpt lat="45.703543340787292" lon="11.116722375154495">
        <ele>1529.1099999999999</ele>
        <time>2014-10-25T12:01:47Z</time>
      </trkpt>
      <trkpt lat="45.703530013561249" lon="11.116190040484071">
        <ele>1515</ele>
      </trkpt>
      <trkpt lat="45.703469999134541" lon="11.11593003384769">
        <ele>1512</ele>
      </trkpt>
      <trkpt lat="45.703390035778284" lon="11.116279978305101">
        <ele>1507</ele>
      </trkpt>
      <trkpt lat="45.703439991921186" lon="11.117009958252311">
        <ele>1499</ele>
      </trkpt>
      <trkpt lat="45.703449966385961" lon="11.117510022595525">
        <ele>1496</ele>
      </trkpt>
      <trkpt lat="45.703079989179969" lon="11.11646999605">
        <ele>1489</ele>
      </trkpt>
      <trkpt lat="45.702289994806051" lon="11.11646999605">
        <ele>1480</ele>
      </trkpt>
      <trkpt lat="45.701729999855161" lon="11.116699995473027">
        <ele>1479</ele>
      </trkpt>
      <trkpt lat="45.701479967683554" lon="11.116960002109408">
        <ele>1478</ele>
      </trkpt>
      <trkpt lat="45.701049976050854" lon="11.116839973255992">
        <ele>1475</ele>
      </trkpt>
      <trkpt lat="45.700470032170415" lon="11.117519997060299">
        <ele>1463</ele>
      </trkpt>
      <trkpt lat="45.700040040537715" lon="11.117229983210564">
        <ele>1453</ele>
      </trkpt>
      <trkpt lat="45.699169998988509" lon="11.118019977584481">
        <ele>1454</ele>
      </trkpt>
      <trkpt lat="45.698540015146136" lon="11.117610018700361">
        <ele>1443</ele>
      </trkpt>
      <trkpt lat="45.69798999466002" lon="11.117659974843264">
        <ele>1439</ele>
      </trkpt>
      <trkpt lat="45.6984400190413" lon="11.117910007014871">
        <ele>1434</ele>
      </trkpt>
      <trkpt lat="45.699239987879992" lon="11.118400013074279">
        <ele>1416</ele>
      </trkpt>
      <trkpt lat="45.699139991775155" lon="11.118669994175434">
        <ele>1412</ele>
      </trkpt>
      <trkpt lat="45.699049970135093" lon="11.118860011920333">
        <ele>1409</ele>
      </trkpt>
      <trkpt lat="45.698110023513436" lon="11.118270009756088">
        <ele>1381</ele>
      </trkpt>
      <trkpt lat="45.697409966960549" lon="11.118700001388788">
        <ele>1361</ele>
      </trkpt>
      <trkpt lat="45.696909986436367" lon="11.118600005283952">
        <ele>1350</ele>
      </trkpt>
      <trkpt lat="45.696809990331531" lon="11.118860011920333">
        <ele>1344</ele>
      </trkpt>
      <trkpt lat="45.696370024234056" lon="11.11863998696208">
        <ele>1331</ele>
      </trkpt>
      <trkpt lat="45.695520015433431" lon="11.119129993021488">
        <ele>1329</ele>
      </trkpt>
      <trkpt lat="45.695000002160668" lon="11.11863998696208">
        <ele>1329</ele>
      </trkpt>
      <trkpt lat="45.694739995524287" lon="11.118980040773749">
        <ele>1329</ele>
      </trkpt>
    </trkseg>
  </trk>

</gpx>