<?xml version="1.0" encoding="UTF-8" standalone="yes"?>
<gpx xmlns="http://www.topografix.com/GPX/1/1" xmlns:gpxtrx="http://www.garmin.com/xmlschemas/GpxExtensions/v3" xmlns:rcxx="http://www.routeconverter.de/xmlschemas/RouteCatalogExtensions/1.0" xmlns:xsi="http://www.w3.org/2001/XMLSchema-instance" xmlns:gpxtpx="http://www.garmin.com/xmlschemas/TrackPointExtension/v1" xmlns:gpxx="http://www.garmin.com/xmlschemas/WaypointExtension/v1" xmlns:nmea="http://trekbuddy.net/2009/01/gpx/nmea" version="1.1" creator="Generated by Christian Pesch's RouteConverter. See http://www.routeconverter.com">
    <metadata>
        <name>2016-08-04 05:50</name>
        <desc></desc>
        <link href="http://www.oruxmaps.com">
            <text>OruxMaps</text>
        </link>
        <time>2016-08-04T03:50:20Z</time>
        <bounds minlat="46.7549902" minlon="12.7840186" maxlat="46.7911160" maxlon="12.8038718"/>
    </metadata>
    <trk>
        <name>2016-08-04 05:50</name>
        <desc>&lt;p&gt;Startzeit: 08/04/2016 05:50&lt;/p&gt;&lt;p&gt;Zielzeit: 08/04/2016 14:52&lt;/p&gt;&lt;p&gt;Strecke: 14,
7 km (09:01)&lt;/p&gt;&lt;p&gt;Bewegungszeit: 03:27&lt;/p&gt;&lt;p&gt;Ø-Geschwindigkeit: 1,
63 km/h&lt;/p&gt;&lt;p&gt;Netto-Geschwindigkeit: 4,
24 km/h&lt;/p&gt;&lt;p&gt;Max. Geschwindigkeit: 24,
28km/h&lt;/p&gt;&lt;p&gt;Minimale Höhe: 1592 m&lt;/p&gt;&lt;p&gt;Maximale Höhe: 2739 m&lt;/p&gt;&lt;p&gt;Steig-Geschw.: 186,
4 m/h&lt;/p&gt;&lt;p&gt;Sink-Geschw.: -663,
9 m/h&lt;/p&gt;&lt;p&gt;Aufstieg: 1262 m&lt;/p&gt;&lt;p&gt;Abstieg: -1253 m&lt;/p&gt;&lt;p&gt;Steigzeit: 06:46&lt;/p&gt;&lt;p&gt;Sinkzeit: 01:53&lt;/p&gt;&lt;hr align="center" width="480" style="height: 2px; width: 517px"/&gt;</desc>
        <type>Unbestimmt</type>
        <extensions>
            <om:oruxmapsextensions xmlns:om="http://www.oruxmaps.com/oruxmapsextensions/1/0">
                <om:ext subtype="0" type="TYPE">0</om:ext>
                <om:ext type="DIFFICULTY">0</om:ext>
</om:oruxmapsextensions>
        </extensions>
        <trkseg>
            <trkpt lat="46.791116" lon="12.7842709">
                <ele>1592.2</ele>
                <time>2016-08-04T03:50:26.000Z</time>
                <name>Position 1</name>
            </trkpt>
            <trkpt lat="46.791041" lon="12.7845149">
                <ele>1615.7</ele>
                <time>2016-08-04T03:54:00.000Z</time>
                <name>Position 2</name>
            </trkpt>
            <trkpt lat="46.7909406" lon="12.7847386">
                <ele>1616.7</ele>
                <time>2016-08-04T03:54:10.000Z</time>
                <name>Position 3</name>
            </trkpt>
            <trkpt lat="46.7907813" lon="12.7848989">
                <ele>1616.7</ele>
                <time>2016-08-04T03:54:22.000Z</time>
                <name>Position 4</name>
            </trkpt>
            <trkpt lat="46.7905881" lon="12.784845">
                <ele>1613.0</ele>
                <time>2016-08-04T03:54:32.000Z</time>
                <name>Position 5</name>
            </trkpt>
            <trkpt lat="46.7904252" lon="12.7847103">
                <ele>1614.7</ele>
                <time>2016-08-04T03:54:42.000Z</time>
                <name>Position 6</name>
            </trkpt>
            <trkpt lat="46.7902649" lon="12.7845469">
                <ele>1615.7</ele>
                <time>2016-08-04T03:54:53.000Z</time>
                <name>Position 7</name>
            </trkpt>
            <trkpt lat="46.7901692" lon="12.7843092">
                <ele>1621.4</ele>
                <time>2016-08-04T03:55:03.000Z</time>
                <name>Position 8</name>
            </trkpt>
            <trkpt lat="46.7900117" lon="12.7841659">
                <ele>1617.1</ele>
                <time>2016-08-04T03:55:13.000Z</time>
                <name>Position 9</name>
            </trkpt>
            <trkpt lat="46.7898456" lon="12.7840634">
                <ele>1616.1</ele>
                <time>2016-08-04T03:55:22.000Z</time>
                <name>Position 10</name>
            </trkpt>
            <trkpt lat="46.7896857" lon="12.78421">
                <ele>1619.9</ele>
                <time>2016-08-04T03:56:36.000Z</time>
                <name>Position 11</name>
            </trkpt>
            <trkpt lat="46.7895209" lon="12.7843699">
                <ele>1625.8</ele>
                <time>2016-08-04T03:56:45.000Z</time>
                <name>Position 12</name>
            </trkpt>
            <trkpt lat="46.7893869" lon="12.7845736">
                <ele>1626.5</ele>
                <time>2016-08-04T03:56:52.000Z</time>
                <name>Position 13</name>
            </trkpt>
            <trkpt lat="46.7892543" lon="12.7847617">
                <ele>1624.1</ele>
                <time>2016-08-04T03:56:58.000Z</time>
                <name>Position 14</name>
            </trkpt>
            <trkpt lat="46.7890702" lon="12.7848375">
                <ele>1619.0</ele>
                <time>2016-08-04T03:57:03.000Z</time>
                <name>Position 15</name>
            </trkpt>
            <trkpt lat="46.7888623" lon="12.7848654">
                <ele>1620.1</ele>
                <time>2016-08-04T03:57:09.000Z</time>
                <name>Position 16</name>
            </trkpt>
            <trkpt lat="46.7886554" lon="12.7849325">
                <ele>1621.1</ele>
                <time>2016-08-04T03:57:16.000Z</time>
                <name>Position 17</name>
            </trkpt>
            <trkpt lat="46.7884642" lon="12.784911">
                <ele>1621.7</ele>
                <time>2016-08-04T03:57:21.000Z</time>
                <name>Position 18</name>
            </trkpt>
            <trkpt lat="46.7882836" lon="12.7850226">
                <ele>1620.6</ele>
                <time>2016-08-04T03:57:27.000Z</time>
                <name>Position 19</name>
            </trkpt>
            <trkpt lat="46.7880825" lon="12.7850955">
                <ele>1613.4</ele>
                <time>2016-08-04T03:57:35.000Z</time>
                <name>Position 20</name>
            </trkpt>
            <trkpt lat="46.7878951" lon="12.7851588">
                <ele>1612.9</ele>
                <time>2016-08-04T03:57:41.000Z</time>
                <name>Position 21</name>
            </trkpt>
            <trkpt lat="46.7877036" lon="12.7852404">
                <ele>1616.5</ele>
                <time>2016-08-04T03:57:49.000Z</time>
                <name>Position 22</name>
            </trkpt>
            <trkpt lat="46.787523" lon="12.7851325">
                <ele>1621.5</ele>
                <time>2016-08-04T03:57:57.000Z</time>
                <name>Position 23</name>
            </trkpt>
            <trkpt lat="46.7873592" lon="12.7849449">
                <ele>1622.1</ele>
                <time>2016-08-04T03:58:14.000Z</time>
                <name>Position 24</name>
            </trkpt>
            <trkpt lat="46.7871726" lon="12.7848163">
                <ele>1622.1</ele>
                <time>2016-08-04T03:58:20.000Z</time>
                <name>Position 25</name>
            </trkpt>
            <trkpt lat="46.7869725" lon="12.7848458">
                <ele>1622.7</ele>
                <time>2016-08-04T03:58:27.000Z</time>
                <name>Position 26</name>
            </trkpt>
            <trkpt lat="46.7868138" lon="12.7849803">
                <ele>1622.9</ele>
                <time>2016-08-04T03:58:33.000Z</time>
                <name>Position 27</name>
            </trkpt>
            <trkpt lat="46.7866549" lon="12.7851437">
                <ele>1624.9</ele>
                <time>2016-08-04T03:58:40.000Z</time>
                <name>Position 28</name>
            </trkpt>
            <trkpt lat="46.7865484" lon="12.7853737">
                <ele>1625.5</ele>
                <time>2016-08-04T03:58:47.000Z</time>
                <name>Position 29</name>
            </trkpt>
            <trkpt lat="46.7864734" lon="12.7856209">
                <ele>1626.3</ele>
                <time>2016-08-04T03:58:54.000Z</time>
                <name>Position 30</name>
            </trkpt>
            <trkpt lat="46.7863519" lon="12.7858432">
                <ele>1626.9</ele>
                <time>2016-08-04T03:59:01.000Z</time>
                <name>Position 31</name>
            </trkpt>
            <trkpt lat="46.7862532" lon="12.7860743">
                <ele>1628.1</ele>
                <time>2016-08-04T03:59:08.000Z</time>
                <name>Position 32</name>
            </trkpt>
            <trkpt lat="46.786123" lon="12.7863008">
                <ele>1624.1</ele>
                <time>2016-08-04T03:59:15.000Z</time>
                <name>Position 33</name>
            </trkpt>
            <trkpt lat="46.7859914" lon="12.7864946">
                <ele>1626.2</ele>
                <time>2016-08-04T03:59:21.000Z</time>
                <name>Position 34</name>
            </trkpt>
            <trkpt lat="46.7858269" lon="12.7866717">
                <ele>1625.1</ele>
                <time>2016-08-04T03:59:26.000Z</time>
                <name>Position 35</name>
            </trkpt>
            <trkpt lat="46.7856636" lon="12.7868415">
                <ele>1623.9</ele>
                <time>2016-08-04T03:59:30.000Z</time>
                <name>Position 36</name>
            </trkpt>
            <trkpt lat="46.785537" lon="12.7870869">
                <ele>1622.0</ele>
                <time>2016-08-04T03:59:36.000Z</time>
                <name>Position 37</name>
            </trkpt>
            <trkpt lat="46.7854061" lon="12.7873115">
                <ele>1622.1</ele>
                <time>2016-08-04T03:59:41.000Z</time>
                <name>Position 38</name>
            </trkpt>
            <trkpt lat="46.7852311" lon="12.7874363">
                <ele>1621.0</ele>
                <time>2016-08-04T03:59:46.000Z</time>
                <name>Position 39</name>
            </trkpt>
            <trkpt lat="46.7850346" lon="12.7875038">
                <ele>1623.9</ele>
                <time>2016-08-04T03:59:52.000Z</time>
                <name>Position 40</name>
            </trkpt>
            <trkpt lat="46.7848421" lon="12.7875188">
                <ele>1624.1</ele>
                <time>2016-08-04T04:00:00.000Z</time>
                <name>Position 41</name>
            </trkpt>
            <trkpt lat="46.7846555" lon="12.7875859">
                <ele>1622.0</ele>
                <time>2016-08-04T04:00:07.000Z</time>
                <name>Position 42</name>
            </trkpt>
            <trkpt lat="46.7844689" lon="12.7877124">
                <ele>1622.9</ele>
                <time>2016-08-04T04:00:14.000Z</time>
                <name>Position 43</name>
            </trkpt>
            <trkpt lat="46.784283" lon="12.7876657">
                <ele>1624.7</ele>
                <time>2016-08-04T04:00:20.000Z</time>
                <name>Position 44</name>
            </trkpt>
            <trkpt lat="46.7841399" lon="12.7875049">
                <ele>1624.9</ele>
                <time>2016-08-04T04:00:25.000Z</time>
                <name>Position 45</name>
            </trkpt>
            <trkpt lat="46.7839924" lon="12.7873482">
                <ele>1626.7</ele>
                <time>2016-08-04T04:00:32.000Z</time>
                <name>Position 46</name>
            </trkpt>
            <trkpt lat="46.7838206" lon="12.7874343">
                <ele>1628.9</ele>
                <time>2016-08-04T04:03:58.000Z</time>
                <name>Position 47</name>
            </trkpt>
            <trkpt lat="46.7836968" lon="12.7876387">
                <ele>1634.6</ele>
                <time>2016-08-04T04:04:36.000Z</time>
                <name>Position 48</name>
            </trkpt>
            <trkpt lat="46.783574" lon="12.7878496">
                <ele>1631.7</ele>
                <time>2016-08-04T04:04:48.000Z</time>
                <name>Position 49</name>
            </trkpt>
            <trkpt lat="46.7833989" lon="12.7879609">
                <ele>1630.5</ele>
                <time>2016-08-04T04:05:00.000Z</time>
                <name>Position 50</name>
            </trkpt>
            <trkpt lat="46.7832225" lon="12.788022">
                <ele>1632.0</ele>
                <time>2016-08-04T04:05:18.000Z</time>
                <name>Position 51</name>
            </trkpt>
            <trkpt lat="46.7830807" lon="12.788196">
                <ele>1633.0</ele>
                <time>2016-08-04T04:05:36.000Z</time>
                <name>Position 52</name>
            </trkpt>
            <trkpt lat="46.7829139" lon="12.7883077">
                <ele>1638.2</ele>
                <time>2016-08-04T04:05:57.000Z</time>
                <name>Position 53</name>
            </trkpt>
            <trkpt lat="46.7827462" lon="12.7884064">
                <ele>1641.7</ele>
                <time>2016-08-04T04:06:17.000Z</time>
                <name>Position 54</name>
            </trkpt>
            <trkpt lat="46.7825727" lon="12.7883259">
                <ele>1646.9</ele>
                <time>2016-08-04T04:06:38.000Z</time>
                <name>Position 55</name>
            </trkpt>
            <trkpt lat="46.7824011" lon="12.788411">
                <ele>1654.9</ele>
                <time>2016-08-04T04:06:58.000Z</time>
                <name>Position 56</name>
            </trkpt>
            <trkpt lat="46.7822206" lon="12.7884718">
                <ele>1651.9</ele>
                <time>2016-08-04T04:07:15.000Z</time>
                <name>Position 57</name>
            </trkpt>
            <trkpt lat="46.7820799" lon="12.7886629">
                <ele>1653.9</ele>
                <time>2016-08-04T04:07:30.000Z</time>
                <name>Position 58</name>
            </trkpt>
            <trkpt lat="46.7819556" lon="12.7888595">
                <ele>1653.9</ele>
                <time>2016-08-04T04:07:41.000Z</time>
                <name>Position 59</name>
            </trkpt>
            <trkpt lat="46.7818244" lon="12.7890569">
                <ele>1654.7</ele>
                <time>2016-08-04T04:07:53.000Z</time>
                <name>Position 60</name>
            </trkpt>
            <trkpt lat="46.781649" lon="12.7891293">
                <ele>1661.3</ele>
                <time>2016-08-04T04:08:07.000Z</time>
                <name>Position 61</name>
            </trkpt>
            <trkpt lat="46.7814753" lon="12.7892002">
                <ele>1659.9</ele>
                <time>2016-08-04T04:08:19.000Z</time>
                <name>Position 62</name>
            </trkpt>
            <trkpt lat="46.7812935" lon="12.7892524">
                <ele>1663.7</ele>
                <time>2016-08-04T04:08:33.000Z</time>
                <name>Position 63</name>
            </trkpt>
            <trkpt lat="46.7811073" lon="12.7892571">
                <ele>1664.9</ele>
                <time>2016-08-04T04:08:48.000Z</time>
                <name>Position 64</name>
            </trkpt>
            <trkpt lat="46.780929" lon="12.7893042">
                <ele>1670.9</ele>
                <time>2016-08-04T04:09:00.000Z</time>
                <name>Position 65</name>
            </trkpt>
            <trkpt lat="46.7807453" lon="12.7893234">
                <ele>1673.7</ele>
                <time>2016-08-04T04:09:13.000Z</time>
                <name>Position 66</name>
            </trkpt>
            <trkpt lat="46.7805624" lon="12.7893302">
                <ele>1675.9</ele>
                <time>2016-08-04T04:09:27.000Z</time>
                <name>Position 67</name>
            </trkpt>
            <trkpt lat="46.7803784" lon="12.7892947">
                <ele>1677.9</ele>
                <time>2016-08-04T04:09:40.000Z</time>
                <name>Position 68</name>
            </trkpt>
            <trkpt lat="46.7801891" lon="12.789294">
                <ele>1679.9</ele>
                <time>2016-08-04T04:09:53.000Z</time>
                <name>Position 69</name>
            </trkpt>
            <trkpt lat="46.7800107" lon="12.789366">
                <ele>1686.7</ele>
                <time>2016-08-04T04:10:06.000Z</time>
                <name>Position 70</name>
            </trkpt>
            <trkpt lat="46.779826" lon="12.7894416">
                <ele>1691.9</ele>
                <time>2016-08-04T04:10:20.000Z</time>
                <name>Position 71</name>
            </trkpt>
            <trkpt lat="46.779647" lon="12.7894725">
                <ele>1692.9</ele>
                <time>2016-08-04T04:10:34.000Z</time>
                <name>Position 72</name>
            </trkpt>
            <trkpt lat="46.77947" lon="12.7894129">
                <ele>1705.0</ele>
                <time>2016-08-04T04:10:59.000Z</time>
                <name>Position 73</name>
            </trkpt>
            <trkpt lat="46.7792953" lon="12.7893321">
                <ele>1707.9</ele>
                <time>2016-08-04T04:11:21.000Z</time>
                <name>Position 74</name>
            </trkpt>
            <trkpt lat="46.7791201" lon="12.7894049">
                <ele>1705.7</ele>
                <time>2016-08-04T04:11:38.000Z</time>
                <name>Position 75</name>
            </trkpt>
            <trkpt lat="46.7789544" lon="12.7895205">
                <ele>1701.9</ele>
                <time>2016-08-04T04:11:55.000Z</time>
                <name>Position 76</name>
            </trkpt>
            <trkpt lat="46.7790684" lon="12.7897248">
                <ele>1705.7</ele>
                <time>2016-08-04T04:12:20.000Z</time>
                <name>Position 77</name>
            </trkpt>
            <trkpt lat="46.7792527" lon="12.7897973">
                <ele>1710.5</ele>
                <time>2016-08-04T04:12:35.000Z</time>
                <name>Position 78</name>
            </trkpt>
            <trkpt lat="46.7794249" lon="12.7899159">
                <ele>1714.9</ele>
                <time>2016-08-04T04:12:49.000Z</time>
                <name>Position 79</name>
            </trkpt>
            <trkpt lat="46.7794671" lon="12.7901874">
                <ele>1710.9</ele>
                <time>2016-08-04T04:13:05.000Z</time>
                <name>Position 80</name>
            </trkpt>
            <trkpt lat="46.7794687" lon="12.7904591">
                <ele>1711.9</ele>
                <time>2016-08-04T04:13:19.000Z</time>
                <name>Position 81</name>
            </trkpt>
            <trkpt lat="46.7794617" lon="12.7907354">
                <ele>1713.9</ele>
                <time>2016-08-04T04:13:33.000Z</time>
                <name>Position 82</name>
            </trkpt>
            <trkpt lat="46.7793496" lon="12.7909559">
                <ele>1715.1</ele>
                <time>2016-08-04T04:13:48.000Z</time>
                <name>Position 83</name>
            </trkpt>
            <trkpt lat="46.7791964" lon="12.7910937">
                <ele>1718.0</ele>
                <time>2016-08-04T04:14:04.000Z</time>
                <name>Position 84</name>
            </trkpt>
            <trkpt lat="46.7790375" lon="12.7912219">
                <ele>1722.9</ele>
                <time>2016-08-04T04:14:24.000Z</time>
                <name>Position 85</name>
            </trkpt>
            <trkpt lat="46.7788556" lon="12.7912549">
                <ele>1726.7</ele>
                <time>2016-08-04T04:14:43.000Z</time>
                <name>Position 86</name>
            </trkpt>
            <trkpt lat="46.7786756" lon="12.7913155">
                <ele>1728.7</ele>
                <time>2016-08-04T04:15:01.000Z</time>
                <name>Position 87</name>
            </trkpt>
            <trkpt lat="46.7785021" lon="12.7913997">
                <ele>1736.1</ele>
                <time>2016-08-04T04:15:18.000Z</time>
                <name>Position 88</name>
            </trkpt>
            <trkpt lat="46.7783193" lon="12.7914171">
                <ele>1732.1</ele>
                <time>2016-08-04T04:15:35.000Z</time>
                <name>Position 89</name>
            </trkpt>
            <trkpt lat="46.7781369" lon="12.7914449">
                <ele>1736.7</ele>
                <time>2016-08-04T04:15:55.000Z</time>
                <name>Position 90</name>
            </trkpt>
            <trkpt lat="46.7779699" lon="12.7915606">
                <ele>1736.3</ele>
                <time>2016-08-04T04:16:14.000Z</time>
                <name>Position 91</name>
            </trkpt>
            <trkpt lat="46.7778042" lon="12.7916718">
                <ele>1737.9</ele>
                <time>2016-08-04T04:16:30.000Z</time>
                <name>Position 92</name>
            </trkpt>
            <trkpt lat="46.7776617" lon="12.7918403">
                <ele>1737.0</ele>
                <time>2016-08-04T04:16:43.000Z</time>
                <name>Position 93</name>
            </trkpt>
            <trkpt lat="46.7774709" lon="12.7918619">
                <ele>1740.7</ele>
                <time>2016-08-04T04:16:57.000Z</time>
                <name>Position 94</name>
            </trkpt>
            <trkpt lat="46.7772846" lon="12.7918679">
                <ele>1742.9</ele>
                <time>2016-08-04T04:17:12.000Z</time>
                <name>Position 95</name>
            </trkpt>
            <trkpt lat="46.7771458" lon="12.7920502">
                <ele>1745.9</ele>
                <time>2016-08-04T04:17:32.000Z</time>
                <name>Position 96</name>
            </trkpt>
            <trkpt lat="46.7769753" lon="12.7921602">
                <ele>1748.7</ele>
                <time>2016-08-04T04:17:50.000Z</time>
                <name>Position 97</name>
            </trkpt>
            <trkpt lat="46.7768025" lon="12.792248">
                <ele>1747.1</ele>
                <time>2016-08-04T04:18:08.000Z</time>
                <name>Position 98</name>
            </trkpt>
            <trkpt lat="46.7766822" lon="12.7924447">
                <ele>1755.9</ele>
                <time>2016-08-04T04:18:28.000Z</time>
                <name>Position 99</name>
            </trkpt>
            <trkpt lat="46.77658" lon="12.7926649">
                <ele>1754.9</ele>
                <time>2016-08-04T04:18:46.000Z</time>
                <name>Position 100</name>
            </trkpt>
            <trkpt lat="46.7764035" lon="12.7927455">
                <ele>1753.9</ele>
                <time>2016-08-04T04:19:07.000Z</time>
                <name>Position 101</name>
            </trkpt>
            <trkpt lat="46.7762224" lon="12.7927001">
                <ele>1763.7</ele>
                <time>2016-08-04T04:19:23.000Z</time>
                <name>Position 102</name>
            </trkpt>
            <trkpt lat="46.7760441" lon="12.7926184">
                <ele>1773.9</ele>
                <time>2016-08-04T04:19:40.000Z</time>
                <name>Position 103</name>
            </trkpt>
            <trkpt lat="46.7758618" lon="12.7925738">
                <ele>1784.9</ele>
                <time>2016-08-04T04:20:02.000Z</time>
                <name>Position 104</name>
            </trkpt>
            <trkpt lat="46.7757852" lon="12.7923303">
                <ele>1784.8</ele>
                <time>2016-08-04T04:20:25.000Z</time>
                <name>Position 105</name>
            </trkpt>
            <trkpt lat="46.7758618" lon="12.7920809">
                <ele>1780.9</ele>
                <time>2016-08-04T04:20:48.000Z</time>
                <name>Position 106</name>
            </trkpt>
            <trkpt lat="46.775804" lon="12.7918321">
                <ele>1782.9</ele>
                <time>2016-08-04T04:21:05.000Z</time>
                <name>Position 107</name>
            </trkpt>
            <trkpt lat="46.7756409" lon="12.7917029">
                <ele>1787.9</ele>
                <time>2016-08-04T04:21:24.000Z</time>
                <name>Position 108</name>
            </trkpt>
            <trkpt lat="46.7754814" lon="12.7915768">
                <ele>1792.9</ele>
                <time>2016-08-04T04:21:45.000Z</time>
                <name>Position 109</name>
            </trkpt>
            <trkpt lat="46.7753288" lon="12.7914261">
                <ele>1793.9</ele>
                <time>2016-08-04T04:22:05.000Z</time>
                <name>Position 110</name>
            </trkpt>
            <trkpt lat="46.7753192" lon="12.7911484">
                <ele>1794.9</ele>
                <time>2016-08-04T04:22:23.000Z</time>
                <name>Position 111</name>
            </trkpt>
            <trkpt lat="46.7754835" lon="12.7910038">
                <ele>1794.9</ele>
                <time>2016-08-04T04:22:37.000Z</time>
                <name>Position 112</name>
            </trkpt>
            <trkpt lat="46.7754402" lon="12.790744">
                <ele>1796.9</ele>
                <time>2016-08-04T04:22:55.000Z</time>
                <name>Position 113</name>
            </trkpt>
            <trkpt lat="46.7754377" lon="12.7904746">
                <ele>1798.7</ele>
                <time>2016-08-04T04:23:10.000Z</time>
                <name>Position 114</name>
            </trkpt>
            <trkpt lat="46.7754922" lon="12.7902117">
                <ele>1800.8</ele>
                <time>2016-08-04T04:23:29.000Z</time>
                <name>Position 115</name>
            </trkpt>
            <trkpt lat="46.7755366" lon="12.7899503">
                <ele>1800.9</ele>
                <time>2016-08-04T04:23:49.000Z</time>
                <name>Position 116</name>
            </trkpt>
            <trkpt lat="46.7755556" lon="12.7896832">
                <ele>1805.7</ele>
                <time>2016-08-04T04:24:13.000Z</time>
                <name>Position 117</name>
            </trkpt>
            <trkpt lat="46.7753794" lon="12.7896191">
                <ele>1809.7</ele>
                <time>2016-08-04T04:24:33.000Z</time>
                <name>Position 118</name>
            </trkpt>
            <trkpt lat="46.7751954" lon="12.7895804">
                <ele>1816.7</ele>
                <time>2016-08-04T04:24:55.000Z</time>
                <name>Position 119</name>
            </trkpt>
            <trkpt lat="46.7750138" lon="12.7896089">
                <ele>1813.9</ele>
                <time>2016-08-04T04:25:13.000Z</time>
                <name>Position 120</name>
            </trkpt>
            <trkpt lat="46.7748299" lon="12.7896426">
                <ele>1815.9</ele>
                <time>2016-08-04T04:25:34.000Z</time>
                <name>Position 121</name>
            </trkpt>
            <trkpt lat="46.7746432" lon="12.7896737">
                <ele>1818.9</ele>
                <time>2016-08-04T04:25:55.000Z</time>
                <name>Position 122</name>
            </trkpt>
            <trkpt lat="46.7744605" lon="12.7897174">
                <ele>1822.9</ele>
                <time>2016-08-04T04:26:17.000Z</time>
                <name>Position 123</name>
            </trkpt>
            <trkpt lat="46.7742767" lon="12.7896546">
                <ele>1829.9</ele>
                <time>2016-08-04T04:26:39.000Z</time>
                <name>Position 124</name>
            </trkpt>
            <trkpt lat="46.7742274" lon="12.7894006">
                <ele>1832.9</ele>
                <time>2016-08-04T04:27:02.000Z</time>
                <name>Position 125</name>
            </trkpt>
            <trkpt lat="46.7743898" lon="12.7892785">
                <ele>1836.7</ele>
                <time>2016-08-04T04:27:22.000Z</time>
                <name>Position 126</name>
            </trkpt>
            <trkpt lat="46.7743674" lon="12.7890077">
                <ele>1836.9</ele>
                <time>2016-08-04T04:27:41.000Z</time>
                <name>Position 127</name>
            </trkpt>
            <trkpt lat="46.7743664" lon="12.7887326">
                <ele>1838.9</ele>
                <time>2016-08-04T04:28:00.000Z</time>
                <name>Position 128</name>
            </trkpt>
            <trkpt lat="46.7743913" lon="12.7884631">
                <ele>1839.1</ele>
                <time>2016-08-04T04:28:19.000Z</time>
                <name>Position 129</name>
            </trkpt>
            <trkpt lat="46.7743414" lon="12.7882093">
                <ele>1844.1</ele>
                <time>2016-08-04T04:28:41.000Z</time>
                <name>Position 130</name>
            </trkpt>
            <trkpt lat="46.7743167" lon="12.7879384">
                <ele>1847.1</ele>
                <time>2016-08-04T04:29:05.000Z</time>
                <name>Position 131</name>
            </trkpt>
            <trkpt lat="46.7741356" lon="12.7879997">
                <ele>1852.9</ele>
                <time>2016-08-04T04:29:52.000Z</time>
                <name>Position 132</name>
            </trkpt>
            <trkpt lat="46.7740329" lon="12.7882161">
                <ele>1851.9</ele>
                <time>2016-08-04T04:30:12.000Z</time>
                <name>Position 133</name>
            </trkpt>
            <trkpt lat="46.7738992" lon="12.7883942">
                <ele>1854.9</ele>
                <time>2016-08-04T04:30:31.000Z</time>
                <name>Position 134</name>
            </trkpt>
            <trkpt lat="46.7737231" lon="12.7883136">
                <ele>1863.9</ele>
                <time>2016-08-04T04:30:55.000Z</time>
                <name>Position 135</name>
            </trkpt>
            <trkpt lat="46.7735394" lon="12.7883104">
                <ele>1867.9</ele>
                <time>2016-08-04T04:31:15.000Z</time>
                <name>Position 136</name>
            </trkpt>
            <trkpt lat="46.7733581" lon="12.7882611">
                <ele>1875.1</ele>
                <time>2016-08-04T04:31:38.000Z</time>
                <name>Position 137</name>
            </trkpt>
            <trkpt lat="46.7731753" lon="12.7881881">
                <ele>1882.1</ele>
                <time>2016-08-04T04:32:01.000Z</time>
                <name>Position 138</name>
            </trkpt>
            <trkpt lat="46.7729918" lon="12.7882014">
                <ele>1885.1</ele>
                <time>2016-08-04T04:32:19.000Z</time>
                <name>Position 139</name>
            </trkpt>
            <trkpt lat="46.7728118" lon="12.7882315">
                <ele>1880.7</ele>
                <time>2016-08-04T04:32:36.000Z</time>
                <name>Position 140</name>
            </trkpt>
            <trkpt lat="46.7726493" lon="12.7883596">
                <ele>1879.7</ele>
                <time>2016-08-04T04:32:54.000Z</time>
                <name>Position 141</name>
            </trkpt>
            <trkpt lat="46.7725321" lon="12.7885765">
                <ele>1879.7</ele>
                <time>2016-08-04T04:33:13.000Z</time>
                <name>Position 142</name>
            </trkpt>
            <trkpt lat="46.77239" lon="12.7887441">
                <ele>1883.9</ele>
                <time>2016-08-04T04:33:33.000Z</time>
                <name>Position 143</name>
            </trkpt>
            <trkpt lat="46.7722186" lon="12.7888454">
                <ele>1887.7</ele>
                <time>2016-08-04T04:33:53.000Z</time>
                <name>Position 144</name>
            </trkpt>
            <trkpt lat="46.7720388" lon="12.7888868">
                <ele>1897.7</ele>
                <time>2016-08-04T04:34:15.000Z</time>
                <name>Position 145</name>
            </trkpt>
            <trkpt lat="46.771856" lon="12.7889308">
                <ele>1903.9</ele>
                <time>2016-08-04T04:34:34.000Z</time>
                <name>Position 146</name>
            </trkpt>
            <trkpt lat="46.7716759" lon="12.7889844">
                <ele>1906.9</ele>
                <time>2016-08-04T04:34:55.000Z</time>
                <name>Position 147</name>
            </trkpt>
            <trkpt lat="46.7714973" lon="12.7890611">
                <ele>1909.9</ele>
                <time>2016-08-04T04:35:17.000Z</time>
                <name>Position 148</name>
            </trkpt>
            <trkpt lat="46.7713475" lon="12.7892231">
                <ele>1910.9</ele>
                <time>2016-08-04T04:35:36.000Z</time>
                <name>Position 149</name>
            </trkpt>
            <trkpt lat="46.7711853" lon="12.7893602">
                <ele>1912.7</ele>
                <time>2016-08-04T04:35:54.000Z</time>
                <name>Position 150</name>
            </trkpt>
            <trkpt lat="46.7710296" lon="12.7894967">
                <ele>1914.9</ele>
                <time>2016-08-04T04:36:15.000Z</time>
                <name>Position 151</name>
            </trkpt>
            <trkpt lat="46.7709314" lon="12.789727">
                <ele>1914.9</ele>
                <time>2016-08-04T04:36:34.000Z</time>
                <name>Position 152</name>
            </trkpt>
            <trkpt lat="46.770801" lon="12.7899203">
                <ele>1918.7</ele>
                <time>2016-08-04T04:36:54.000Z</time>
                <name>Position 153</name>
            </trkpt>
            <trkpt lat="46.7706324" lon="12.7900271">
                <ele>1919.9</ele>
                <time>2016-08-04T04:37:13.000Z</time>
                <name>Position 154</name>
            </trkpt>
            <trkpt lat="46.7704728" lon="12.7901502">
                <ele>1923.1</ele>
                <time>2016-08-04T04:37:34.000Z</time>
                <name>Position 155</name>
            </trkpt>
            <trkpt lat="46.7704524" lon="12.7904165">
                <ele>1925.9</ele>
                <time>2016-08-04T04:37:58.000Z</time>
                <name>Position 156</name>
            </trkpt>
            <trkpt lat="46.7706048" lon="12.7905797">
                <ele>1928.1</ele>
                <time>2016-08-04T04:38:18.000Z</time>
                <name>Position 157</name>
            </trkpt>
            <trkpt lat="46.7706222" lon="12.7908436">
                <ele>1929.1</ele>
                <time>2016-08-04T04:38:51.000Z</time>
                <name>Position 158</name>
            </trkpt>
            <trkpt lat="46.7704647" lon="12.7909757">
                <ele>1936.7</ele>
                <time>2016-08-04T04:39:11.000Z</time>
                <name>Position 159</name>
            </trkpt>
            <trkpt lat="46.7703118" lon="12.7911275">
                <ele>1942.9</ele>
                <time>2016-08-04T04:39:32.000Z</time>
                <name>Position 160</name>
            </trkpt>
            <trkpt lat="46.7701646" lon="12.7912978">
                <ele>1946.9</ele>
                <time>2016-08-04T04:39:51.000Z</time>
                <name>Position 161</name>
            </trkpt>
            <trkpt lat="46.7701628" lon="12.7915667">
                <ele>1946.1</ele>
                <time>2016-08-04T04:40:16.000Z</time>
                <name>Position 162</name>
            </trkpt>
            <trkpt lat="46.7703113" lon="12.7917153">
                <ele>1949.7</ele>
                <time>2016-08-04T04:40:38.000Z</time>
                <name>Position 163</name>
            </trkpt>
            <trkpt lat="46.7704151" lon="12.7919337">
                <ele>1954.9</ele>
                <time>2016-08-04T04:40:56.000Z</time>
                <name>Position 164</name>
            </trkpt>
            <trkpt lat="46.7705018" lon="12.792176">
                <ele>1958.9</ele>
                <time>2016-08-04T04:41:16.000Z</time>
                <name>Position 165</name>
            </trkpt>
            <trkpt lat="46.7704884" lon="12.7924413">
                <ele>1959.9</ele>
                <time>2016-08-04T04:41:35.000Z</time>
                <name>Position 166</name>
            </trkpt>
            <trkpt lat="46.7704991" lon="12.7927124">
                <ele>1962.1</ele>
                <time>2016-08-04T04:41:56.000Z</time>
                <name>Position 167</name>
            </trkpt>
            <trkpt lat="46.7703165" lon="12.7926637">
                <ele>1967.9</ele>
                <time>2016-08-04T04:42:36.000Z</time>
                <name>Position 168</name>
            </trkpt>
            <trkpt lat="46.7701942" lon="12.7924639">
                <ele>1970.9</ele>
                <time>2016-08-04T04:42:54.000Z</time>
                <name>Position 169</name>
            </trkpt>
            <trkpt lat="46.7701133" lon="12.7922288">
                <ele>1974.9</ele>
                <time>2016-08-04T04:43:14.000Z</time>
                <name>Position 170</name>
            </trkpt>
            <trkpt lat="46.769933" lon="12.7921839">
                <ele>1979.7</ele>
                <time>2016-08-04T04:43:37.000Z</time>
                <name>Position 171</name>
            </trkpt>
            <trkpt lat="46.7697515" lon="12.7922384">
                <ele>1977.0</ele>
                <time>2016-08-04T04:43:57.000Z</time>
                <name>Position 172</name>
            </trkpt>
            <trkpt lat="46.7695738" lon="12.7923291">
                <ele>1981.7</ele>
                <time>2016-08-04T04:44:18.000Z</time>
                <name>Position 173</name>
            </trkpt>
            <trkpt lat="46.7693917" lon="12.7923952">
                <ele>1980.7</ele>
                <time>2016-08-04T04:44:39.000Z</time>
                <name>Position 174</name>
            </trkpt>
            <trkpt lat="46.7692342" lon="12.7925338">
                <ele>1986.5</ele>
                <time>2016-08-04T04:44:59.000Z</time>
                <name>Position 175</name>
            </trkpt>
            <trkpt lat="46.7690636" lon="12.7926478">
                <ele>1988.7</ele>
                <time>2016-08-04T04:45:21.000Z</time>
                <name>Position 176</name>
            </trkpt>
            <trkpt lat="46.7689774" lon="12.7924166">
                <ele>1999.1</ele>
                <time>2016-08-04T04:46:04.000Z</time>
                <name>Position 177</name>
            </trkpt>
            <trkpt lat="46.7689362" lon="12.7921537">
                <ele>2000.7</ele>
                <time>2016-08-04T04:46:27.000Z</time>
                <name>Position 178</name>
            </trkpt>
            <trkpt lat="46.7687838" lon="12.791996">
                <ele>2003.9</ele>
                <time>2016-08-04T04:46:52.000Z</time>
                <name>Position 179</name>
            </trkpt>
            <trkpt lat="46.7686074" lon="12.7919322">
                <ele>2011.9</ele>
                <time>2016-08-04T04:47:14.000Z</time>
                <name>Position 180</name>
            </trkpt>
            <trkpt lat="46.7684414" lon="12.7918206">
                <ele>2013.9</ele>
                <time>2016-08-04T04:47:33.000Z</time>
                <name>Position 181</name>
            </trkpt>
            <trkpt lat="46.7682848" lon="12.7916858">
                <ele>2016.9</ele>
                <time>2016-08-04T04:47:54.000Z</time>
                <name>Position 182</name>
            </trkpt>
            <trkpt lat="46.768136" lon="12.7915298">
                <ele>2022.9</ele>
                <time>2016-08-04T04:48:14.000Z</time>
                <name>Position 183</name>
            </trkpt>
            <trkpt lat="46.768058" lon="12.7912825">
                <ele>2021.9</ele>
                <time>2016-08-04T04:48:35.000Z</time>
                <name>Position 184</name>
            </trkpt>
            <trkpt lat="46.7680599" lon="12.7910172">
                <ele>2024.9</ele>
                <time>2016-08-04T04:48:55.000Z</time>
                <name>Position 185</name>
            </trkpt>
            <trkpt lat="46.7680193" lon="12.7907606">
                <ele>2024.9</ele>
                <time>2016-08-04T04:49:14.000Z</time>
                <name>Position 186</name>
            </trkpt>
            <trkpt lat="46.7678427" lon="12.7908357">
                <ele>2026.9</ele>
                <time>2016-08-04T04:49:44.000Z</time>
                <name>Position 187</name>
            </trkpt>
            <trkpt lat="46.7676978" lon="12.7910072">
                <ele>2030.9</ele>
                <time>2016-08-04T04:50:04.000Z</time>
                <name>Position 188</name>
            </trkpt>
            <trkpt lat="46.7675326" lon="12.7911253">
                <ele>2031.7</ele>
                <time>2016-08-04T04:50:25.000Z</time>
                <name>Position 189</name>
            </trkpt>
            <trkpt lat="46.7674038" lon="12.7913157">
                <ele>2033.9</ele>
                <time>2016-08-04T04:50:45.000Z</time>
                <name>Position 190</name>
            </trkpt>
            <trkpt lat="46.7673706" lon="12.791574">
                <ele>2041.9</ele>
                <time>2016-08-04T04:51:05.000Z</time>
                <name>Position 191</name>
            </trkpt>
            <trkpt lat="46.7673854" lon="12.7918477">
                <ele>2044.9</ele>
                <time>2016-08-04T04:51:23.000Z</time>
                <name>Position 192</name>
            </trkpt>
            <trkpt lat="46.7674627" lon="12.7920969">
                <ele>2045.9</ele>
                <time>2016-08-04T04:51:42.000Z</time>
                <name>Position 193</name>
            </trkpt>
            <trkpt lat="46.7675518" lon="12.7923303">
                <ele>2046.9</ele>
                <time>2016-08-04T04:52:03.000Z</time>
                <name>Position 194</name>
            </trkpt>
            <trkpt lat="46.7673807" lon="12.7922398">
                <ele>2049.9</ele>
                <time>2016-08-04T04:52:26.000Z</time>
                <name>Position 195</name>
            </trkpt>
            <trkpt lat="46.7672633" lon="12.7920392">
                <ele>2051.9</ele>
                <time>2016-08-04T04:52:45.000Z</time>
                <name>Position 196</name>
            </trkpt>
            <trkpt lat="46.7671366" lon="12.7918356">
                <ele>2054.9</ele>
                <time>2016-08-04T04:53:05.000Z</time>
                <name>Position 197</name>
            </trkpt>
            <trkpt lat="46.7669734" lon="12.7917183">
                <ele>2059.9</ele>
                <time>2016-08-04T04:53:26.000Z</time>
                <name>Position 198</name>
            </trkpt>
            <trkpt lat="46.7668018" lon="12.7916155">
                <ele>2063.9</ele>
                <time>2016-08-04T04:53:48.000Z</time>
                <name>Position 199</name>
            </trkpt>
            <trkpt lat="46.7667059" lon="12.7913847">
                <ele>2066.9</ele>
                <time>2016-08-04T04:54:08.000Z</time>
                <name>Position 200</name>
            </trkpt>
            <trkpt lat="46.7666914" lon="12.7911113">
                <ele>2070.7</ele>
                <time>2016-08-04T04:54:28.000Z</time>
                <name>Position 201</name>
            </trkpt>
            <trkpt lat="46.7665339" lon="12.790974">
                <ele>2075.7</ele>
                <time>2016-08-04T04:54:48.000Z</time>
                <name>Position 202</name>
            </trkpt>
            <trkpt lat="46.7663476" lon="12.7910182">
                <ele>2078.9</ele>
                <time>2016-08-04T04:55:07.000Z</time>
                <name>Position 203</name>
            </trkpt>
            <trkpt lat="46.7661838" lon="12.7911427">
                <ele>2080.7</ele>
                <time>2016-08-04T04:55:25.000Z</time>
                <name>Position 204</name>
            </trkpt>
            <trkpt lat="46.7660825" lon="12.7913638">
                <ele>2082.9</ele>
                <time>2016-08-04T04:55:44.000Z</time>
                <name>Position 205</name>
            </trkpt>
            <trkpt lat="46.7660213" lon="12.7916177">
                <ele>2085.9</ele>
                <time>2016-08-04T04:56:04.000Z</time>
                <name>Position 206</name>
            </trkpt>
            <trkpt lat="46.7658829" lon="12.7917962">
                <ele>2088.9</ele>
                <time>2016-08-04T04:56:23.000Z</time>
                <name>Position 207</name>
            </trkpt>
            <trkpt lat="46.7657283" lon="12.7919463">
                <ele>2091.7</ele>
                <time>2016-08-04T04:56:42.000Z</time>
                <name>Position 208</name>
            </trkpt>
            <trkpt lat="46.7655874" lon="12.7921096">
                <ele>2093.9</ele>
                <time>2016-08-04T04:57:02.000Z</time>
                <name>Position 209</name>
            </trkpt>
            <trkpt lat="46.7655217" lon="12.7923572">
                <ele>2093.7</ele>
                <time>2016-08-04T04:57:24.000Z</time>
                <name>Position 210</name>
            </trkpt>
            <trkpt lat="46.765593" lon="12.7926015">
                <ele>2095.9</ele>
                <time>2016-08-04T04:57:43.000Z</time>
                <name>Position 211</name>
            </trkpt>
            <trkpt lat="46.7655459" lon="12.7928576">
                <ele>2098.9</ele>
                <time>2016-08-04T04:58:04.000Z</time>
                <name>Position 212</name>
            </trkpt>
            <trkpt lat="46.7654784" lon="12.793106">
                <ele>2101.1</ele>
                <time>2016-08-04T04:58:25.000Z</time>
                <name>Position 213</name>
            </trkpt>
            <trkpt lat="46.7654146" lon="12.7933569">
                <ele>2103.9</ele>
                <time>2016-08-04T04:58:46.000Z</time>
                <name>Position 214</name>
            </trkpt>
            <trkpt lat="46.7654293" lon="12.7936247">
                <ele>2105.9</ele>
                <time>2016-08-04T04:59:06.000Z</time>
                <name>Position 215</name>
            </trkpt>
            <trkpt lat="46.7655301" lon="12.793848">
                <ele>2108.9</ele>
                <time>2016-08-04T04:59:27.000Z</time>
                <name>Position 216</name>
            </trkpt>
            <trkpt lat="46.7656555" lon="12.7940463">
                <ele>2111.0</ele>
                <time>2016-08-04T04:59:48.000Z</time>
                <name>Position 217</name>
            </trkpt>
            <trkpt lat="46.7657207" lon="12.7942984">
                <ele>2114.9</ele>
                <time>2016-08-04T05:00:10.000Z</time>
                <name>Position 218</name>
            </trkpt>
            <trkpt lat="46.7657397" lon="12.7945666">
                <ele>2118.9</ele>
                <time>2016-08-04T05:00:30.000Z</time>
                <name>Position 219</name>
            </trkpt>
            <trkpt lat="46.765718" lon="12.794838">
                <ele>2122.9</ele>
                <time>2016-08-04T05:00:51.000Z</time>
                <name>Position 220</name>
            </trkpt>
            <trkpt lat="46.7657056" lon="12.7950999">
                <ele>2126.9</ele>
                <time>2016-08-04T05:01:10.000Z</time>
                <name>Position 221</name>
            </trkpt>
            <trkpt lat="46.7656984" lon="12.79537">
                <ele>2128.9</ele>
                <time>2016-08-04T05:01:30.000Z</time>
                <name>Position 222</name>
            </trkpt>
            <trkpt lat="46.7657054" lon="12.7956331">
                <ele>2131.9</ele>
                <time>2016-08-04T05:01:50.000Z</time>
                <name>Position 223</name>
            </trkpt>
            <trkpt lat="46.7657475" lon="12.7958996">
                <ele>2134.9</ele>
                <time>2016-08-04T05:02:12.000Z</time>
                <name>Position 224</name>
            </trkpt>
            <trkpt lat="46.7657824" lon="12.7961664">
                <ele>2137.7</ele>
                <time>2016-08-04T05:02:34.000Z</time>
                <name>Position 225</name>
            </trkpt>
            <trkpt lat="46.7658295" lon="12.7964268">
                <ele>2139.9</ele>
                <time>2016-08-04T05:02:55.000Z</time>
                <name>Position 226</name>
            </trkpt>
            <trkpt lat="46.765834" lon="12.7967">
                <ele>2144.9</ele>
                <time>2016-08-04T05:03:33.000Z</time>
                <name>Position 227</name>
            </trkpt>
            <trkpt lat="46.7658553" lon="12.796968">
                <ele>2149.9</ele>
                <time>2016-08-04T05:03:57.000Z</time>
                <name>Position 228</name>
            </trkpt>
            <trkpt lat="46.7658522" lon="12.7972358">
                <ele>2151.7</ele>
                <time>2016-08-04T05:04:19.000Z</time>
                <name>Position 229</name>
            </trkpt>
            <trkpt lat="46.7658243" lon="12.7975044">
                <ele>2156.7</ele>
                <time>2016-08-04T05:04:39.000Z</time>
                <name>Position 230</name>
            </trkpt>
            <trkpt lat="46.765851" lon="12.7977681">
                <ele>2158.9</ele>
                <time>2016-08-04T05:04:58.000Z</time>
                <name>Position 231</name>
            </trkpt>
            <trkpt lat="46.765913" lon="12.7980196">
                <ele>2160.9</ele>
                <time>2016-08-04T05:05:18.000Z</time>
                <name>Position 232</name>
            </trkpt>
            <trkpt lat="46.7659819" lon="12.7982634">
                <ele>2162.9</ele>
                <time>2016-08-04T05:05:39.000Z</time>
                <name>Position 233</name>
            </trkpt>
            <trkpt lat="46.7660665" lon="12.7984952">
                <ele>2165.1</ele>
                <time>2016-08-04T05:06:01.000Z</time>
                <name>Position 234</name>
            </trkpt>
            <trkpt lat="46.7661676" lon="12.7987158">
                <ele>2169.9</ele>
                <time>2016-08-04T05:06:26.000Z</time>
                <name>Position 235</name>
            </trkpt>
            <trkpt lat="46.7662609" lon="12.7989494">
                <ele>2172.9</ele>
                <time>2016-08-04T05:06:46.000Z</time>
                <name>Position 236</name>
            </trkpt>
            <trkpt lat="46.7662495" lon="12.7992213">
                <ele>2176.9</ele>
                <time>2016-08-04T05:07:06.000Z</time>
                <name>Position 237</name>
            </trkpt>
            <trkpt lat="46.7661859" lon="12.7994684">
                <ele>2180.9</ele>
                <time>2016-08-04T05:07:26.000Z</time>
                <name>Position 238</name>
            </trkpt>
            <trkpt lat="46.7660639" lon="12.7996657">
                <ele>2181.9</ele>
                <time>2016-08-04T05:07:46.000Z</time>
                <name>Position 239</name>
            </trkpt>
            <trkpt lat="46.7660114" lon="12.7999292">
                <ele>2184.9</ele>
                <time>2016-08-04T05:08:07.000Z</time>
                <name>Position 240</name>
            </trkpt>
            <trkpt lat="46.7660322" lon="12.8001941">
                <ele>2186.9</ele>
                <time>2016-08-04T05:08:29.000Z</time>
                <name>Position 241</name>
            </trkpt>
            <trkpt lat="46.7660588" lon="12.8004608">
                <ele>2191.7</ele>
                <time>2016-08-04T05:08:49.000Z</time>
                <name>Position 242</name>
            </trkpt>
            <trkpt lat="46.7660659" lon="12.8007314">
                <ele>2193.9</ele>
                <time>2016-08-04T05:09:10.000Z</time>
                <name>Position 243</name>
            </trkpt>
            <trkpt lat="46.7660864" lon="12.8009974">
                <ele>2196.9</ele>
                <time>2016-08-04T05:09:31.000Z</time>
                <name>Position 244</name>
            </trkpt>
            <trkpt lat="46.7661682" lon="12.8012331">
                <ele>2199.9</ele>
                <time>2016-08-04T05:09:53.000Z</time>
                <name>Position 245</name>
            </trkpt>
            <trkpt lat="46.766245" lon="12.8014741">
                <ele>2202.7</ele>
                <time>2016-08-04T05:10:12.000Z</time>
                <name>Position 246</name>
            </trkpt>
            <trkpt lat="46.7663346" lon="12.8017104">
                <ele>2204.9</ele>
                <time>2016-08-04T05:10:34.000Z</time>
                <name>Position 247</name>
            </trkpt>
            <trkpt lat="46.766385" lon="12.8019748">
                <ele>2206.8</ele>
                <time>2016-08-04T05:10:57.000Z</time>
                <name>Position 248</name>
            </trkpt>
            <trkpt lat="46.7664188" lon="12.802239">
                <ele>2208.9</ele>
                <time>2016-08-04T05:11:16.000Z</time>
                <name>Position 249</name>
            </trkpt>
            <trkpt lat="46.766528" lon="12.8024644">
                <ele>2208.9</ele>
                <time>2016-08-04T05:11:35.000Z</time>
                <name>Position 250</name>
            </trkpt>
            <trkpt lat="46.7666248" lon="12.8026866">
                <ele>2211.9</ele>
                <time>2016-08-04T05:11:53.000Z</time>
                <name>Position 251</name>
            </trkpt>
            <trkpt lat="46.7666276" lon="12.8029497">
                <ele>2213.9</ele>
                <time>2016-08-04T05:12:12.000Z</time>
                <name>Position 252</name>
            </trkpt>
            <trkpt lat="46.7665238" lon="12.8031752">
                <ele>2214.7</ele>
                <time>2016-08-04T05:12:29.000Z</time>
                <name>Position 253</name>
            </trkpt>
            <trkpt lat="46.7664232" lon="12.8033984">
                <ele>2215.7</ele>
                <time>2016-08-04T05:12:49.000Z</time>
                <name>Position 254</name>
            </trkpt>
            <trkpt lat="46.7662422" lon="12.8033456">
                <ele>2218.1</ele>
                <time>2016-08-04T05:13:09.000Z</time>
                <name>Position 255</name>
            </trkpt>
            <trkpt lat="46.766062" lon="12.8033166">
                <ele>2219.9</ele>
                <time>2016-08-04T05:13:26.000Z</time>
                <name>Position 256</name>
            </trkpt>
            <trkpt lat="46.7659126" lon="12.8031664">
                <ele>2221.9</ele>
                <time>2016-08-04T05:13:45.000Z</time>
                <name>Position 257</name>
            </trkpt>
            <trkpt lat="46.765794" lon="12.8029654">
                <ele>2222.9</ele>
                <time>2016-08-04T05:14:02.000Z</time>
                <name>Position 258</name>
            </trkpt>
            <trkpt lat="46.7656159" lon="12.8029133">
                <ele>2225.7</ele>
                <time>2016-08-04T05:14:20.000Z</time>
                <name>Position 259</name>
            </trkpt>
            <trkpt lat="46.7654264" lon="12.802882">
                <ele>2225.9</ele>
                <time>2016-08-04T05:14:33.000Z</time>
                <name>Position 260</name>
            </trkpt>
            <trkpt lat="46.7652338" lon="12.8028695">
                <ele>2227.9</ele>
                <time>2016-08-04T05:14:46.000Z</time>
                <name>Position 261</name>
            </trkpt>
            <trkpt lat="46.7650585" lon="12.8027645">
                <ele>2227.9</ele>
                <time>2016-08-04T05:14:59.000Z</time>
                <name>Position 262</name>
            </trkpt>
            <trkpt lat="46.7649006" lon="12.802893">
                <ele>2229.7</ele>
                <time>2016-08-04T05:15:11.000Z</time>
                <name>Position 263</name>
            </trkpt>
            <trkpt lat="46.7647209" lon="12.8028623">
                <ele>2232.9</ele>
                <time>2016-08-04T05:15:29.000Z</time>
                <name>Position 264</name>
            </trkpt>
            <trkpt lat="46.7645415" lon="12.8028333">
                <ele>2236.7</ele>
                <time>2016-08-04T05:15:49.000Z</time>
                <name>Position 265</name>
            </trkpt>
            <trkpt lat="46.7643701" lon="12.8029173">
                <ele>2239.7</ele>
                <time>2016-08-04T05:16:09.000Z</time>
                <name>Position 266</name>
            </trkpt>
            <trkpt lat="46.7641936" lon="12.8029962">
                <ele>2241.9</ele>
                <time>2016-08-04T05:16:27.000Z</time>
                <name>Position 267</name>
            </trkpt>
            <trkpt lat="46.7640187" lon="12.8031012">
                <ele>2244.1</ele>
                <time>2016-08-04T05:16:45.000Z</time>
                <name>Position 268</name>
            </trkpt>
            <trkpt lat="46.7638453" lon="12.8031795">
                <ele>2246.9</ele>
                <time>2016-08-04T05:17:04.000Z</time>
                <name>Position 269</name>
            </trkpt>
            <trkpt lat="46.7636826" lon="12.8033116">
                <ele>2245.9</ele>
                <time>2016-08-04T05:17:25.000Z</time>
                <name>Position 270</name>
            </trkpt>
            <trkpt lat="46.7635372" lon="12.8031327">
                <ele>2248.7</ele>
                <time>2016-08-04T05:17:48.000Z</time>
                <name>Position 271</name>
            </trkpt>
            <trkpt lat="46.7634444" lon="12.8028946">
                <ele>2250.9</ele>
                <time>2016-08-04T05:18:01.000Z</time>
                <name>Position 272</name>
            </trkpt>
            <trkpt lat="46.7633999" lon="12.8026255">
                <ele>2253.9</ele>
                <time>2016-08-04T05:18:15.000Z</time>
                <name>Position 273</name>
            </trkpt>
            <trkpt lat="46.7634162" lon="12.8023519">
                <ele>2253.9</ele>
                <time>2016-08-04T05:18:28.000Z</time>
                <name>Position 274</name>
            </trkpt>
            <trkpt lat="46.7633958" lon="12.8020734">
                <ele>2253.9</ele>
                <time>2016-08-04T05:18:37.000Z</time>
                <name>Position 275</name>
            </trkpt>
            <trkpt lat="46.7633161" lon="12.8018372">
                <ele>2255.9</ele>
                <time>2016-08-04T05:18:48.000Z</time>
                <name>Position 276</name>
            </trkpt>
            <trkpt lat="46.7632722" lon="12.8015808">
                <ele>2255.9</ele>
                <time>2016-08-04T05:19:00.000Z</time>
                <name>Position 277</name>
            </trkpt>
            <trkpt lat="46.7631351" lon="12.8013814">
                <ele>2257.7</ele>
                <time>2016-08-04T05:19:13.000Z</time>
                <name>Position 278</name>
            </trkpt>
            <trkpt lat="46.7629498" lon="12.801271">
                <ele>2255.1</ele>
                <time>2016-08-04T05:19:22.000Z</time>
                <name>Position 279</name>
            </trkpt>
            <trkpt lat="46.7629617" lon="12.8014487">
                <ele>2253.2</ele>
                <time>2016-08-04T05:21:02.764Z</time>
                <name>Position 280</name>
            </trkpt>
            <trkpt lat="46.7629674" lon="12.8015762">
                <ele>2253.8</ele>
                <time>2016-08-04T07:38:27.260Z</time>
                <name>Position 281</name>
            </trkpt>
            <trkpt lat="46.7629835" lon="12.8017588">
                <ele>2253.3</ele>
                <time>2016-08-04T08:45:18.647Z</time>
                <name>Position 282</name>
            </trkpt>
            <trkpt lat="46.7629695" lon="12.8022333">
                <ele>2253.6</ele>
                <time>2016-08-04T11:36:07.658Z</time>
                <name>Position 283</name>
            </trkpt>
            <trkpt lat="46.7629598" lon="12.8023615">
                <ele>2253.4</ele>
                <time>2016-08-04T11:36:30.648Z</time>
                <name>Position 284</name>
            </trkpt>
            <trkpt lat="46.7629329" lon="12.802556">
                <ele>2253.2</ele>
                <time>2016-08-04T11:37:16.671Z</time>
                <name>Position 285</name>
            </trkpt>
            <trkpt lat="46.7629827" lon="12.8027978">
                <ele>2251.2</ele>
                <time>2016-08-04T11:38:08.926Z</time>
                <name>Position 286</name>
            </trkpt>
            <trkpt lat="46.7629221" lon="12.8028157">
                <ele>2251.6</ele>
                <time>2016-08-04T11:38:41.889Z</time>
                <name>Position 287</name>
            </trkpt>
            <trkpt lat="46.7628677" lon="12.8030037">
                <ele>2248.7</ele>
                <time>2016-08-04T11:41:24.000Z</time>
                <name>Position 288</name>
            </trkpt>
            <trkpt lat="46.7629081" lon="12.8032674">
                <ele>2245.9</ele>
                <time>2016-08-04T11:41:41.000Z</time>
                <name>Position 289</name>
            </trkpt>
            <trkpt lat="46.7628822" lon="12.8035285">
                <ele>2251.7</ele>
                <time>2016-08-04T11:44:07.000Z</time>
                <name>Position 290</name>
            </trkpt>
            <trkpt lat="46.7627071" lon="12.8036526">
                <ele>2256.9</ele>
                <time>2016-08-04T11:49:28.000Z</time>
                <name>Position 291</name>
            </trkpt>
            <trkpt lat="46.7626062" lon="12.8038718">
                <ele>2248.9</ele>
                <time>2016-08-04T11:58:19.000Z</time>
                <name>Position 292</name>
            </trkpt>
            <trkpt lat="46.7626761" lon="12.8036254">
                <ele>2256.7</ele>
                <time>2016-08-04T12:06:00.000Z</time>
                <name>Position 293</name>
            </trkpt>
            <trkpt lat="46.7628546" lon="12.8035364">
                <ele>2258.9</ele>
                <time>2016-08-04T12:06:07.000Z</time>
                <name>Position 294</name>
            </trkpt>
            <trkpt lat="46.7629289" lon="12.8032958">
                <ele>2254.9</ele>
                <time>2016-08-04T12:08:44.000Z</time>
                <name>Position 295</name>
            </trkpt>
            <trkpt lat="46.762921" lon="12.8030311">
                <ele>2250.9</ele>
                <time>2016-08-04T12:09:06.000Z</time>
                <name>Position 296</name>
            </trkpt>
            <trkpt lat="46.7629899" lon="12.8027825">
                <ele>2247.5</ele>
                <time>2016-08-04T12:11:24.000Z</time>
                <name>Position 297</name>
            </trkpt>
            <trkpt lat="46.7629285" lon="12.8025314">
                <ele>2254.9</ele>
                <time>2016-08-04T12:11:48.000Z</time>
                <name>Position 298</name>
            </trkpt>
            <trkpt lat="46.7629728" lon="12.8022745">
                <ele>2255.9</ele>
                <time>2016-08-04T12:12:10.000Z</time>
                <name>Position 299</name>
            </trkpt>
            <trkpt lat="46.76297" lon="12.8020117">
                <ele>2256.1</ele>
                <time>2016-08-04T12:12:32.000Z</time>
                <name>Position 300</name>
            </trkpt>
            <trkpt lat="46.7629808" lon="12.8017433">
                <ele>2254.9</ele>
                <time>2016-08-04T12:12:48.000Z</time>
                <name>Position 301</name>
            </trkpt>
            <trkpt lat="46.7629666" lon="12.8014752">
                <ele>2253.9</ele>
                <time>2016-08-04T12:13:05.000Z</time>
                <name>Position 302</name>
            </trkpt>
            <trkpt lat="46.7629721" lon="12.8012062">
                <ele>2253.9</ele>
                <time>2016-08-04T12:13:23.000Z</time>
                <name>Position 303</name>
            </trkpt>
            <trkpt lat="46.7631379" lon="12.8013103">
                <ele>2251.7</ele>
                <time>2016-08-04T12:16:01.000Z</time>
                <name>Position 304</name>
            </trkpt>
            <trkpt lat="46.763266" lon="12.8015348">
                <ele>2262.0</ele>
                <time>2016-08-04T12:18:09.000Z</time>
                <name>Position 305</name>
            </trkpt>
            <trkpt lat="46.7633209" lon="12.801817">
                <ele>2259.9</ele>
                <time>2016-08-04T12:18:15.000Z</time>
                <name>Position 306</name>
            </trkpt>
            <trkpt lat="46.7634016" lon="12.8020779">
                <ele>2259.8</ele>
                <time>2016-08-04T12:18:20.000Z</time>
                <name>Position 307</name>
            </trkpt>
            <trkpt lat="46.7634329" lon="12.8023559">
                <ele>2259.9</ele>
                <time>2016-08-04T12:18:25.000Z</time>
                <name>Position 308</name>
            </trkpt>
            <trkpt lat="46.763416" lon="12.8026418">
                <ele>2258.0</ele>
                <time>2016-08-04T12:18:32.000Z</time>
                <name>Position 309</name>
            </trkpt>
            <trkpt lat="46.7634874" lon="12.8029302">
                <ele>2254.9</ele>
                <time>2016-08-04T12:18:38.000Z</time>
                <name>Position 310</name>
            </trkpt>
            <trkpt lat="46.7635967" lon="12.8031504">
                <ele>2252.9</ele>
                <time>2016-08-04T12:18:43.000Z</time>
                <name>Position 311</name>
            </trkpt>
            <trkpt lat="46.7637713" lon="12.8032345">
                <ele>2251.6</ele>
                <time>2016-08-04T12:18:53.000Z</time>
                <name>Position 312</name>
            </trkpt>
            <trkpt lat="46.7639493" lon="12.8031">
                <ele>2248.2</ele>
                <time>2016-08-04T12:18:59.000Z</time>
                <name>Position 313</name>
            </trkpt>
            <trkpt lat="46.7641378" lon="12.8029991">
                <ele>2244.2</ele>
                <time>2016-08-04T12:19:06.000Z</time>
                <name>Position 314</name>
            </trkpt>
            <trkpt lat="46.7643268" lon="12.8028947">
                <ele>2244.4</ele>
                <time>2016-08-04T12:19:11.000Z</time>
                <name>Position 315</name>
            </trkpt>
            <trkpt lat="46.7645055" lon="12.8027942">
                <ele>2240.1</ele>
                <time>2016-08-04T12:19:16.000Z</time>
                <name>Position 316</name>
            </trkpt>
            <trkpt lat="46.7646886" lon="12.8028191">
                <ele>2238.0</ele>
                <time>2016-08-04T12:19:21.000Z</time>
                <name>Position 317</name>
            </trkpt>
            <trkpt lat="46.7649076" lon="12.80284">
                <ele>2233.2</ele>
                <time>2016-08-04T12:19:26.000Z</time>
                <name>Position 318</name>
            </trkpt>
            <trkpt lat="46.7650941" lon="12.8027166">
                <ele>2232.0</ele>
                <time>2016-08-04T12:19:31.000Z</time>
                <name>Position 319</name>
            </trkpt>
            <trkpt lat="46.7652798" lon="12.8028363">
                <ele>2230.9</ele>
                <time>2016-08-04T12:19:37.000Z</time>
                <name>Position 320</name>
            </trkpt>
            <trkpt lat="46.765467" lon="12.8028351">
                <ele>2229.0</ele>
                <time>2016-08-04T12:19:41.000Z</time>
                <name>Position 321</name>
            </trkpt>
            <trkpt lat="46.7656678" lon="12.8029018">
                <ele>2228.1</ele>
                <time>2016-08-04T12:19:45.000Z</time>
                <name>Position 322</name>
            </trkpt>
            <trkpt lat="46.765856" lon="12.803027">
                <ele>2226.9</ele>
                <time>2016-08-04T12:19:49.000Z</time>
                <name>Position 323</name>
            </trkpt>
            <trkpt lat="46.7659766" lon="12.8032574">
                <ele>2223.2</ele>
                <time>2016-08-04T12:19:54.000Z</time>
                <name>Position 324</name>
            </trkpt>
            <trkpt lat="46.7661654" lon="12.8032483">
                <ele>2222.1</ele>
                <time>2016-08-04T12:19:59.000Z</time>
                <name>Position 325</name>
            </trkpt>
            <trkpt lat="46.7663334" lon="12.8033841">
                <ele>2219.9</ele>
                <time>2016-08-04T12:20:04.000Z</time>
                <name>Position 326</name>
            </trkpt>
            <trkpt lat="46.7664911" lon="12.8032188">
                <ele>2218.1</ele>
                <time>2016-08-04T12:20:16.000Z</time>
                <name>Position 327</name>
            </trkpt>
            <trkpt lat="46.7665937" lon="12.8029496">
                <ele>2216.0</ele>
                <time>2016-08-04T12:20:23.000Z</time>
                <name>Position 328</name>
            </trkpt>
            <trkpt lat="46.7666016" lon="12.8026685">
                <ele>2213.1</ele>
                <time>2016-08-04T12:20:29.000Z</time>
                <name>Position 329</name>
            </trkpt>
            <trkpt lat="46.7664888" lon="12.8024381">
                <ele>2210.1</ele>
                <time>2016-08-04T12:20:35.000Z</time>
                <name>Position 330</name>
            </trkpt>
            <trkpt lat="46.7663811" lon="12.8021903">
                <ele>2206.2</ele>
                <time>2016-08-04T12:21:27.000Z</time>
                <name>Position 331</name>
            </trkpt>
            <trkpt lat="46.7663736" lon="12.8018676">
                <ele>2203.1</ele>
                <time>2016-08-04T12:21:32.000Z</time>
                <name>Position 332</name>
            </trkpt>
            <trkpt lat="46.76627" lon="12.801587">
                <ele>2201.0</ele>
                <time>2016-08-04T12:21:38.000Z</time>
                <name>Position 333</name>
            </trkpt>
            <trkpt lat="46.7661748" lon="12.80131">
                <ele>2197.2</ele>
                <time>2016-08-04T12:21:43.000Z</time>
                <name>Position 334</name>
            </trkpt>
            <trkpt lat="46.766083" lon="12.8010799">
                <ele>2195.0</ele>
                <time>2016-08-04T12:21:47.000Z</time>
                <name>Position 335</name>
            </trkpt>
            <trkpt lat="46.7660355" lon="12.8007812">
                <ele>2191.2</ele>
                <time>2016-08-04T12:21:52.000Z</time>
                <name>Position 336</name>
            </trkpt>
            <trkpt lat="46.7660269" lon="12.8004572">
                <ele>2188.0</ele>
                <time>2016-08-04T12:21:57.000Z</time>
                <name>Position 337</name>
            </trkpt>
            <trkpt lat="46.7660098" lon="12.8001524">
                <ele>2185.0</ele>
                <time>2016-08-04T12:22:01.000Z</time>
                <name>Position 338</name>
            </trkpt>
            <trkpt lat="46.7659777" lon="12.799882">
                <ele>2183.1</ele>
                <time>2016-08-04T12:22:05.000Z</time>
                <name>Position 339</name>
            </trkpt>
            <trkpt lat="46.7660458" lon="12.7996223">
                <ele>2180.1</ele>
                <time>2016-08-04T12:22:10.000Z</time>
                <name>Position 340</name>
            </trkpt>
            <trkpt lat="46.76617" lon="12.7994303">
                <ele>2177.0</ele>
                <time>2016-08-04T12:22:15.000Z</time>
                <name>Position 341</name>
            </trkpt>
            <trkpt lat="46.7662336" lon="12.7991617">
                <ele>2174.2</ele>
                <time>2016-08-04T12:22:19.000Z</time>
                <name>Position 342</name>
            </trkpt>
            <trkpt lat="46.7662356" lon="12.7988491">
                <ele>2171.2</ele>
                <time>2016-08-04T12:22:23.000Z</time>
                <name>Position 343</name>
            </trkpt>
            <trkpt lat="46.7661199" lon="12.7986354">
                <ele>2169.1</ele>
                <time>2016-08-04T12:22:28.000Z</time>
                <name>Position 344</name>
            </trkpt>
            <trkpt lat="46.7660234" lon="12.7983945">
                <ele>2165.1</ele>
                <time>2016-08-04T12:22:35.000Z</time>
                <name>Position 345</name>
            </trkpt>
            <trkpt lat="46.7659255" lon="12.7981116">
                <ele>2161.1</ele>
                <time>2016-08-04T12:22:41.000Z</time>
                <name>Position 346</name>
            </trkpt>
            <trkpt lat="46.7658564" lon="12.7978262">
                <ele>2158.1</ele>
                <time>2016-08-04T12:22:46.000Z</time>
                <name>Position 347</name>
            </trkpt>
            <trkpt lat="46.7657994" lon="12.7975647">
                <ele>2156.0</ele>
                <time>2016-08-04T12:22:51.000Z</time>
                <name>Position 348</name>
            </trkpt>
            <trkpt lat="46.7658028" lon="12.7972836">
                <ele>2152.9</ele>
                <time>2016-08-04T12:22:58.000Z</time>
                <name>Position 349</name>
            </trkpt>
            <trkpt lat="46.7658202" lon="12.7969993">
                <ele>2149.2</ele>
                <time>2016-08-04T12:23:05.000Z</time>
                <name>Position 350</name>
            </trkpt>
            <trkpt lat="46.7658061" lon="12.7967011">
                <ele>2146.0</ele>
                <time>2016-08-04T12:23:11.000Z</time>
                <name>Position 351</name>
            </trkpt>
            <trkpt lat="46.7657874" lon="12.7963951">
                <ele>2141.2</ele>
                <time>2016-08-04T12:23:17.000Z</time>
                <name>Position 352</name>
            </trkpt>
            <trkpt lat="46.7657376" lon="12.7960958">
                <ele>2139.1</ele>
                <time>2016-08-04T12:23:22.000Z</time>
                <name>Position 353</name>
            </trkpt>
            <trkpt lat="46.7656951" lon="12.7958257">
                <ele>2135.2</ele>
                <time>2016-08-04T12:23:27.000Z</time>
                <name>Position 354</name>
            </trkpt>
            <trkpt lat="46.7656654" lon="12.795524">
                <ele>2132.1</ele>
                <time>2016-08-04T12:23:32.000Z</time>
                <name>Position 355</name>
            </trkpt>
            <trkpt lat="46.7656549" lon="12.7952434">
                <ele>2129.1</ele>
                <time>2016-08-04T12:23:37.000Z</time>
                <name>Position 356</name>
            </trkpt>
            <trkpt lat="46.7656587" lon="12.7949622">
                <ele>2126.2</ele>
                <time>2016-08-04T12:23:42.000Z</time>
                <name>Position 357</name>
            </trkpt>
            <trkpt lat="46.7656822" lon="12.7946465">
                <ele>2123.0</ele>
                <time>2016-08-04T12:23:47.000Z</time>
                <name>Position 358</name>
            </trkpt>
            <trkpt lat="46.7656956" lon="12.794371">
                <ele>2121.0</ele>
                <time>2016-08-04T12:23:52.000Z</time>
                <name>Position 359</name>
            </trkpt>
            <trkpt lat="46.7656346" lon="12.7941223">
                <ele>2117.9</ele>
                <time>2016-08-04T12:24:02.000Z</time>
                <name>Position 360</name>
            </trkpt>
            <trkpt lat="46.7655403" lon="12.7938839">
                <ele>2115.0</ele>
                <time>2016-08-04T12:24:09.000Z</time>
                <name>Position 361</name>
            </trkpt>
            <trkpt lat="46.7653985" lon="12.7937072">
                <ele>2112.0</ele>
                <time>2016-08-04T12:24:15.000Z</time>
                <name>Position 362</name>
            </trkpt>
            <trkpt lat="46.765372" lon="12.793441">
                <ele>2109.0</ele>
                <time>2016-08-04T12:24:21.000Z</time>
                <name>Position 363</name>
            </trkpt>
            <trkpt lat="46.7654044" lon="12.7931774">
                <ele>2107.0</ele>
                <time>2016-08-04T12:24:28.000Z</time>
                <name>Position 364</name>
            </trkpt>
            <trkpt lat="46.7654844" lon="12.7929236">
                <ele>2103.2</ele>
                <time>2016-08-04T12:24:34.000Z</time>
                <name>Position 365</name>
            </trkpt>
            <trkpt lat="46.7655505" lon="12.7926468">
                <ele>2100.0</ele>
                <time>2016-08-04T12:24:39.000Z</time>
                <name>Position 366</name>
            </trkpt>
            <trkpt lat="46.765537" lon="12.7923699">
                <ele>2097.9</ele>
                <time>2016-08-04T12:24:44.000Z</time>
                <name>Position 367</name>
            </trkpt>
            <trkpt lat="46.7655564" lon="12.7920977">
                <ele>2093.0</ele>
                <time>2016-08-04T12:25:03.000Z</time>
                <name>Position 368</name>
            </trkpt>
            <trkpt lat="46.7656881" lon="12.7919072">
                <ele>2089.2</ele>
                <time>2016-08-04T12:25:11.000Z</time>
                <name>Position 369</name>
            </trkpt>
            <trkpt lat="46.7658469" lon="12.7917822">
                <ele>2086.1</ele>
                <time>2016-08-04T12:25:17.000Z</time>
                <name>Position 370</name>
            </trkpt>
            <trkpt lat="46.7659852" lon="12.7915954">
                <ele>2082.2</ele>
                <time>2016-08-04T12:25:23.000Z</time>
                <name>Position 371</name>
            </trkpt>
            <trkpt lat="46.7660658" lon="12.7913436">
                <ele>2080.0</ele>
                <time>2016-08-04T12:25:29.000Z</time>
                <name>Position 372</name>
            </trkpt>
            <trkpt lat="46.7661711" lon="12.7911032">
                <ele>2076.1</ele>
                <time>2016-08-04T12:25:35.000Z</time>
                <name>Position 373</name>
            </trkpt>
            <trkpt lat="46.766341" lon="12.7909636">
                <ele>2073.9</ele>
                <time>2016-08-04T12:25:41.000Z</time>
                <name>Position 374</name>
            </trkpt>
            <trkpt lat="46.7665526" lon="12.7909309">
                <ele>2070.0</ele>
                <time>2016-08-04T12:25:47.000Z</time>
                <name>Position 375</name>
            </trkpt>
            <trkpt lat="46.7666958" lon="12.791122">
                <ele>2068.1</ele>
                <time>2016-08-04T12:25:54.000Z</time>
                <name>Position 376</name>
            </trkpt>
            <trkpt lat="46.7667163" lon="12.79141">
                <ele>2065.0</ele>
                <time>2016-08-04T12:25:59.000Z</time>
                <name>Position 377</name>
            </trkpt>
            <trkpt lat="46.7668858" lon="12.7916325">
                <ele>2062.1</ele>
                <time>2016-08-04T12:26:04.000Z</time>
                <name>Position 378</name>
            </trkpt>
            <trkpt lat="46.7670834" lon="12.7917447">
                <ele>2059.0</ele>
                <time>2016-08-04T12:26:09.000Z</time>
                <name>Position 379</name>
            </trkpt>
            <trkpt lat="46.7672533" lon="12.7919645">
                <ele>2055.0</ele>
                <time>2016-08-04T12:26:14.000Z</time>
                <name>Position 380</name>
            </trkpt>
            <trkpt lat="46.7673691" lon="12.792184">
                <ele>2051.1</ele>
                <time>2016-08-04T12:26:19.000Z</time>
                <name>Position 381</name>
            </trkpt>
            <trkpt lat="46.767517" lon="12.7923639">
                <ele>2048.0</ele>
                <time>2016-08-04T12:26:27.000Z</time>
                <name>Position 382</name>
            </trkpt>
            <trkpt lat="46.767447" lon="12.7921046">
                <ele>2044.1</ele>
                <time>2016-08-04T12:26:38.000Z</time>
                <name>Position 383</name>
            </trkpt>
            <trkpt lat="46.7673606" lon="12.791862">
                <ele>2041.1</ele>
                <time>2016-08-04T12:26:43.000Z</time>
                <name>Position 384</name>
            </trkpt>
            <trkpt lat="46.7673389" lon="12.7915368">
                <ele>2039.1</ele>
                <time>2016-08-04T12:26:48.000Z</time>
                <name>Position 385</name>
            </trkpt>
            <trkpt lat="46.7673987" lon="12.7912726">
                <ele>2036.2</ele>
                <time>2016-08-04T12:26:52.000Z</time>
                <name>Position 386</name>
            </trkpt>
            <trkpt lat="46.7675396" lon="12.7910961">
                <ele>2032.2</ele>
                <time>2016-08-04T12:26:57.000Z</time>
                <name>Position 387</name>
            </trkpt>
            <trkpt lat="46.7677196" lon="12.790946">
                <ele>2027.2</ele>
                <time>2016-08-04T12:27:02.000Z</time>
                <name>Position 388</name>
            </trkpt>
            <trkpt lat="46.7678332" lon="12.7907266">
                <ele>2024.1</ele>
                <time>2016-08-04T12:27:07.000Z</time>
                <name>Position 389</name>
            </trkpt>
            <trkpt lat="46.7680086" lon="12.7908482">
                <ele>2021.9</ele>
                <time>2016-08-04T12:28:13.000Z</time>
                <name>Position 390</name>
            </trkpt>
            <trkpt lat="46.7680587" lon="12.791113">
                <ele>2019.0</ele>
                <time>2016-08-04T12:28:18.000Z</time>
                <name>Position 391</name>
            </trkpt>
            <trkpt lat="46.7680912" lon="12.7914144">
                <ele>2016.2</ele>
                <time>2016-08-04T12:28:24.000Z</time>
                <name>Position 392</name>
            </trkpt>
            <trkpt lat="46.7682325" lon="12.7916284">
                <ele>2013.0</ele>
                <time>2016-08-04T12:28:30.000Z</time>
                <name>Position 393</name>
            </trkpt>
            <trkpt lat="46.7684129" lon="12.7917484">
                <ele>2010.0</ele>
                <time>2016-08-04T12:28:36.000Z</time>
                <name>Position 394</name>
            </trkpt>
            <trkpt lat="46.7685705" lon="12.7919011">
                <ele>2006.9</ele>
                <time>2016-08-04T12:28:42.000Z</time>
                <name>Position 395</name>
            </trkpt>
            <trkpt lat="46.7687665" lon="12.7919719">
                <ele>2003.2</ele>
                <time>2016-08-04T12:28:47.000Z</time>
                <name>Position 396</name>
            </trkpt>
            <trkpt lat="46.768928" lon="12.7921509">
                <ele>2000.1</ele>
                <time>2016-08-04T12:28:52.000Z</time>
                <name>Position 397</name>
            </trkpt>
            <trkpt lat="46.7689926" lon="12.7924032">
                <ele>1997.2</ele>
                <time>2016-08-04T12:28:57.000Z</time>
                <name>Position 398</name>
            </trkpt>
            <trkpt lat="46.7689465" lon="12.79269">
                <ele>1995.1</ele>
                <time>2016-08-04T12:29:02.000Z</time>
                <name>Position 399</name>
            </trkpt>
            <trkpt lat="46.7691427" lon="12.7926618">
                <ele>1989.9</ele>
                <time>2016-08-04T12:29:16.000Z</time>
                <name>Position 400</name>
            </trkpt>
            <trkpt lat="46.7693083" lon="12.7924994">
                <ele>1986.2</ele>
                <time>2016-08-04T12:29:22.000Z</time>
                <name>Position 401</name>
            </trkpt>
            <trkpt lat="46.7694719" lon="12.7923825">
                <ele>1983.1</ele>
                <time>2016-08-04T12:29:27.000Z</time>
                <name>Position 402</name>
            </trkpt>
            <trkpt lat="46.7696674" lon="12.79228">
                <ele>1979.1</ele>
                <time>2016-08-04T12:29:33.000Z</time>
                <name>Position 403</name>
            </trkpt>
            <trkpt lat="46.7698692" lon="12.7921897">
                <ele>1974.2</ele>
                <time>2016-08-04T12:29:39.000Z</time>
                <name>Position 404</name>
            </trkpt>
            <trkpt lat="46.7700496" lon="12.792142">
                <ele>1971.1</ele>
                <time>2016-08-04T12:29:44.000Z</time>
                <name>Position 405</name>
            </trkpt>
            <trkpt lat="46.7701944" lon="12.792354">
                <ele>1969.7</ele>
                <time>2016-08-04T12:29:51.000Z</time>
                <name>Position 406</name>
            </trkpt>
            <trkpt lat="46.7703281" lon="12.7925945">
                <ele>1967.1</ele>
                <time>2016-08-04T12:29:56.000Z</time>
                <name>Position 407</name>
            </trkpt>
            <trkpt lat="46.7704178" lon="12.7928273">
                <ele>1965.0</ele>
                <time>2016-08-04T12:30:02.000Z</time>
                <name>Position 408</name>
            </trkpt>
            <trkpt lat="46.7704852" lon="12.792555">
                <ele>1962.9</ele>
                <time>2016-08-04T12:30:14.000Z</time>
                <name>Position 409</name>
            </trkpt>
            <trkpt lat="46.7704309" lon="12.7923039">
                <ele>1960.3</ele>
                <time>2016-08-04T12:30:20.000Z</time>
                <name>Position 410</name>
            </trkpt>
            <trkpt lat="46.7703904" lon="12.792003">
                <ele>1956.0</ele>
                <time>2016-08-04T12:30:25.000Z</time>
                <name>Position 411</name>
            </trkpt>
            <trkpt lat="46.7703056" lon="12.791749">
                <ele>1953.1</ele>
                <time>2016-08-04T12:30:31.000Z</time>
                <name>Position 412</name>
            </trkpt>
            <trkpt lat="46.7701628" lon="12.7915736">
                <ele>1949.0</ele>
                <time>2016-08-04T12:30:37.000Z</time>
                <name>Position 413</name>
            </trkpt>
            <trkpt lat="46.7700944" lon="12.7913008">
                <ele>1948.1</ele>
                <time>2016-08-04T12:30:43.000Z</time>
                <name>Position 414</name>
            </trkpt>
            <trkpt lat="46.770269" lon="12.7911371">
                <ele>1945.0</ele>
                <time>2016-08-04T12:30:48.000Z</time>
                <name>Position 415</name>
            </trkpt>
            <trkpt lat="46.7704339" lon="12.7909752">
                <ele>1940.2</ele>
                <time>2016-08-04T12:30:53.000Z</time>
                <name>Position 416</name>
            </trkpt>
            <trkpt lat="46.7705812" lon="12.7908175">
                <ele>1936.1</ele>
                <time>2016-08-04T12:30:58.000Z</time>
                <name>Position 417</name>
            </trkpt>
            <trkpt lat="46.7707605" lon="12.7906697">
                <ele>1933.0</ele>
                <time>2016-08-04T12:31:03.000Z</time>
                <name>Position 418</name>
            </trkpt>
            <trkpt lat="46.7705852" lon="12.7905586">
                <ele>1931.0</ele>
                <time>2016-08-04T12:33:37.000Z</time>
                <name>Position 419</name>
            </trkpt>
            <trkpt lat="46.7704346" lon="12.7904137">
                <ele>1927.1</ele>
                <time>2016-08-04T12:33:43.000Z</time>
                <name>Position 420</name>
            </trkpt>
            <trkpt lat="46.7703811" lon="12.7901438">
                <ele>1925.9</ele>
                <time>2016-08-04T12:33:50.000Z</time>
                <name>Position 421</name>
            </trkpt>
            <trkpt lat="46.7705451" lon="12.7899933">
                <ele>1921.1</ele>
                <time>2016-08-04T12:33:59.000Z</time>
                <name>Position 422</name>
            </trkpt>
            <trkpt lat="46.7707191" lon="12.7898519">
                <ele>1917.1</ele>
                <time>2016-08-04T12:34:05.000Z</time>
                <name>Position 423</name>
            </trkpt>
            <trkpt lat="46.7708756" lon="12.7896671">
                <ele>1914.1</ele>
                <time>2016-08-04T12:34:10.000Z</time>
                <name>Position 424</name>
            </trkpt>
            <trkpt lat="46.7709974" lon="12.7894365">
                <ele>1911.0</ele>
                <time>2016-08-04T12:34:14.000Z</time>
                <name>Position 425</name>
            </trkpt>
            <trkpt lat="46.7711677" lon="12.7892677">
                <ele>1905.2</ele>
                <time>2016-08-04T12:34:20.000Z</time>
                <name>Position 426</name>
            </trkpt>
            <trkpt lat="46.7713556" lon="12.7891172">
                <ele>1902.1</ele>
                <time>2016-08-04T12:34:25.000Z</time>
                <name>Position 427</name>
            </trkpt>
            <trkpt lat="46.7715186" lon="12.7889587">
                <ele>1899.2</ele>
                <time>2016-08-04T12:34:29.000Z</time>
                <name>Position 428</name>
            </trkpt>
            <trkpt lat="46.7717131" lon="12.7888791">
                <ele>1896.1</ele>
                <time>2016-08-04T12:34:34.000Z</time>
                <name>Position 429</name>
            </trkpt>
            <trkpt lat="46.771899" lon="12.7888295">
                <ele>1893.1</ele>
                <time>2016-08-04T12:34:38.000Z</time>
                <name>Position 430</name>
            </trkpt>
            <trkpt lat="46.772081" lon="12.7888433">
                <ele>1889.2</ele>
                <time>2016-08-04T12:34:42.000Z</time>
                <name>Position 431</name>
            </trkpt>
            <trkpt lat="46.7722746" lon="12.7887863">
                <ele>1886.1</ele>
                <time>2016-08-04T12:34:47.000Z</time>
                <name>Position 432</name>
            </trkpt>
            <trkpt lat="46.7724628" lon="12.7886116">
                <ele>1882.2</ele>
                <time>2016-08-04T12:34:52.000Z</time>
                <name>Position 433</name>
            </trkpt>
            <trkpt lat="46.7725754" lon="12.7883994">
                <ele>1880.0</ele>
                <time>2016-08-04T12:34:56.000Z</time>
                <name>Position 434</name>
            </trkpt>
            <trkpt lat="46.7727502" lon="12.7882139">
                <ele>1876.2</ele>
                <time>2016-08-04T12:35:02.000Z</time>
                <name>Position 435</name>
            </trkpt>
            <trkpt lat="46.7729292" lon="12.7881516">
                <ele>1871.3</ele>
                <time>2016-08-04T12:35:06.000Z</time>
                <name>Position 436</name>
            </trkpt>
            <trkpt lat="46.7731472" lon="12.7881018">
                <ele>1868.9</ele>
                <time>2016-08-04T12:35:11.000Z</time>
                <name>Position 437</name>
            </trkpt>
            <trkpt lat="46.7733222" lon="12.7881842">
                <ele>1869.0</ele>
                <time>2016-08-04T12:35:16.000Z</time>
                <name>Position 438</name>
            </trkpt>
            <trkpt lat="46.7735087" lon="12.7882376">
                <ele>1866.1</ele>
                <time>2016-08-04T12:35:22.000Z</time>
                <name>Position 439</name>
            </trkpt>
            <trkpt lat="46.7737077" lon="12.7882388">
                <ele>1863.9</ele>
                <time>2016-08-04T12:35:28.000Z</time>
                <name>Position 440</name>
            </trkpt>
            <trkpt lat="46.7738859" lon="12.7883057">
                <ele>1861.0</ele>
                <time>2016-08-04T12:35:33.000Z</time>
                <name>Position 441</name>
            </trkpt>
            <trkpt lat="46.7740502" lon="12.7881669">
                <ele>1857.2</ele>
                <time>2016-08-04T12:35:39.000Z</time>
                <name>Position 442</name>
            </trkpt>
            <trkpt lat="46.7741457" lon="12.7879305">
                <ele>1854.0</ele>
                <time>2016-08-04T12:35:46.000Z</time>
                <name>Position 443</name>
            </trkpt>
            <trkpt lat="46.7742711" lon="12.78774">
                <ele>1852.2</ele>
                <time>2016-08-04T12:35:50.000Z</time>
                <name>Position 444</name>
            </trkpt>
            <trkpt lat="46.7743187" lon="12.7880106">
                <ele>1849.1</ele>
                <time>2016-08-04T12:36:25.000Z</time>
                <name>Position 445</name>
            </trkpt>
            <trkpt lat="46.7743721" lon="12.7882656">
                <ele>1845.0</ele>
                <time>2016-08-04T12:36:31.000Z</time>
                <name>Position 446</name>
            </trkpt>
            <trkpt lat="46.7744351" lon="12.7885225">
                <ele>1840.9</ele>
                <time>2016-08-04T12:36:37.000Z</time>
                <name>Position 447</name>
            </trkpt>
            <trkpt lat="46.7743971" lon="12.7887806">
                <ele>1840.8</ele>
                <time>2016-08-04T12:36:42.000Z</time>
                <name>Position 448</name>
            </trkpt>
            <trkpt lat="46.7743927" lon="12.7890536">
                <ele>1836.4</ele>
                <time>2016-08-04T12:36:47.000Z</time>
                <name>Position 449</name>
            </trkpt>
            <trkpt lat="46.7743616" lon="12.7893346">
                <ele>1832.1</ele>
                <time>2016-08-04T12:36:54.000Z</time>
                <name>Position 450</name>
            </trkpt>
            <trkpt lat="46.7741918" lon="12.7894659">
                <ele>1826.1</ele>
                <time>2016-08-04T12:37:01.000Z</time>
                <name>Position 451</name>
            </trkpt>
            <trkpt lat="46.774301" lon="12.7896839">
                <ele>1825.0</ele>
                <time>2016-08-04T12:37:10.000Z</time>
                <name>Position 452</name>
            </trkpt>
            <trkpt lat="46.7744894" lon="12.7896989">
                <ele>1821.1</ele>
                <time>2016-08-04T12:37:15.000Z</time>
                <name>Position 453</name>
            </trkpt>
            <trkpt lat="46.7746739" lon="12.7896535">
                <ele>1818.0</ele>
                <time>2016-08-04T12:37:20.000Z</time>
                <name>Position 454</name>
            </trkpt>
            <trkpt lat="46.7748792" lon="12.7896028">
                <ele>1814.1</ele>
                <time>2016-08-04T12:37:26.000Z</time>
                <name>Position 455</name>
            </trkpt>
            <trkpt lat="46.7750752" lon="12.7895563">
                <ele>1810.2</ele>
                <time>2016-08-04T12:37:31.000Z</time>
                <name>Position 456</name>
            </trkpt>
            <trkpt lat="46.7752736" lon="12.7895358">
                <ele>1807.9</ele>
                <time>2016-08-04T12:37:36.000Z</time>
                <name>Position 457</name>
            </trkpt>
            <trkpt lat="46.7754518" lon="12.7895764">
                <ele>1804.1</ele>
                <time>2016-08-04T12:37:41.000Z</time>
                <name>Position 458</name>
            </trkpt>
            <trkpt lat="46.7755956" lon="12.7897398">
                <ele>1800.2</ele>
                <time>2016-08-04T12:37:48.000Z</time>
                <name>Position 459</name>
            </trkpt>
            <trkpt lat="46.7755195" lon="12.7900241">
                <ele>1797.9</ele>
                <time>2016-08-04T12:37:55.000Z</time>
                <name>Position 460</name>
            </trkpt>
            <trkpt lat="46.7754701" lon="12.7902965">
                <ele>1796.1</ele>
                <time>2016-08-04T12:38:00.000Z</time>
                <name>Position 461</name>
            </trkpt>
            <trkpt lat="46.7754322" lon="12.7905752">
                <ele>1794.1</ele>
                <time>2016-08-04T12:38:05.000Z</time>
                <name>Position 462</name>
            </trkpt>
            <trkpt lat="46.7755331" lon="12.7908479">
                <ele>1792.2</ele>
                <time>2016-08-04T12:38:11.000Z</time>
                <name>Position 463</name>
            </trkpt>
            <trkpt lat="46.775379" lon="12.7910329">
                <ele>1787.2</ele>
                <time>2016-08-04T12:38:18.000Z</time>
                <name>Position 464</name>
            </trkpt>
            <trkpt lat="46.7752445" lon="12.791246">
                <ele>1784.1</ele>
                <time>2016-08-04T12:38:23.000Z</time>
                <name>Position 465</name>
            </trkpt>
            <trkpt lat="46.775357" lon="12.79149">
                <ele>1782.2</ele>
                <time>2016-08-04T12:39:22.000Z</time>
                <name>Position 466</name>
            </trkpt>
            <trkpt lat="46.775553" lon="12.7916385">
                <ele>1778.2</ele>
                <time>2016-08-04T12:39:28.000Z</time>
                <name>Position 467</name>
            </trkpt>
            <trkpt lat="46.775729" lon="12.791741">
                <ele>1777.0</ele>
                <time>2016-08-04T12:39:32.000Z</time>
                <name>Position 468</name>
            </trkpt>
            <trkpt lat="46.7758276" lon="12.7919949">
                <ele>1773.0</ele>
                <time>2016-08-04T12:39:38.000Z</time>
                <name>Position 469</name>
            </trkpt>
            <trkpt lat="46.7757408" lon="12.792276">
                <ele>1769.2</ele>
                <time>2016-08-04T12:39:43.000Z</time>
                <name>Position 470</name>
            </trkpt>
            <trkpt lat="46.7757578" lon="12.7925677">
                <ele>1767.0</ele>
                <time>2016-08-04T12:39:48.000Z</time>
                <name>Position 471</name>
            </trkpt>
            <trkpt lat="46.7759601" lon="12.7925742">
                <ele>1763.2</ele>
                <time>2016-08-04T12:39:57.000Z</time>
                <name>Position 472</name>
            </trkpt>
            <trkpt lat="46.7761609" lon="12.7926237">
                <ele>1761.9</ele>
                <time>2016-08-04T12:40:02.000Z</time>
                <name>Position 473</name>
            </trkpt>
            <trkpt lat="46.7763672" lon="12.792677">
                <ele>1760.0</ele>
                <time>2016-08-04T12:40:07.000Z</time>
                <name>Position 474</name>
            </trkpt>
            <trkpt lat="46.7765516" lon="12.7926289">
                <ele>1757.2</ele>
                <time>2016-08-04T12:40:11.000Z</time>
                <name>Position 475</name>
            </trkpt>
            <trkpt lat="46.7766683" lon="12.7924174">
                <ele>1755.0</ele>
                <time>2016-08-04T12:40:15.000Z</time>
                <name>Position 476</name>
            </trkpt>
            <trkpt lat="46.7767992" lon="12.7922144">
                <ele>1752.2</ele>
                <time>2016-08-04T12:40:19.000Z</time>
                <name>Position 477</name>
            </trkpt>
            <trkpt lat="46.7769976" lon="12.7920928">
                <ele>1747.4</ele>
                <time>2016-08-04T12:40:24.000Z</time>
                <name>Position 478</name>
            </trkpt>
            <trkpt lat="46.7771683" lon="12.7919652">
                <ele>1744.0</ele>
                <time>2016-08-04T12:40:29.000Z</time>
                <name>Position 479</name>
            </trkpt>
            <trkpt lat="46.7773177" lon="12.7917841">
                <ele>1741.0</ele>
                <time>2016-08-04T12:40:34.000Z</time>
                <name>Position 480</name>
            </trkpt>
            <trkpt lat="46.7775118" lon="12.79185">
                <ele>1738.9</ele>
                <time>2016-08-04T12:40:39.000Z</time>
                <name>Position 481</name>
            </trkpt>
            <trkpt lat="46.7776963" lon="12.7917731">
                <ele>1736.2</ele>
                <time>2016-08-04T12:40:44.000Z</time>
                <name>Position 482</name>
            </trkpt>
            <trkpt lat="46.7778602" lon="12.7915887">
                <ele>1733.2</ele>
                <time>2016-08-04T12:40:49.000Z</time>
                <name>Position 483</name>
            </trkpt>
            <trkpt lat="46.7780218" lon="12.7914394">
                <ele>1734.8</ele>
                <time>2016-08-04T12:40:54.000Z</time>
                <name>Position 484</name>
            </trkpt>
            <trkpt lat="46.7782296" lon="12.7913983">
                <ele>1733.0</ele>
                <time>2016-08-04T12:40:58.000Z</time>
                <name>Position 485</name>
            </trkpt>
            <trkpt lat="46.7784374" lon="12.7913327">
                <ele>1730.2</ele>
                <time>2016-08-04T12:41:02.000Z</time>
                <name>Position 486</name>
            </trkpt>
            <trkpt lat="46.7786307" lon="12.7912583">
                <ele>1727.1</ele>
                <time>2016-08-04T12:41:06.000Z</time>
                <name>Position 487</name>
            </trkpt>
            <trkpt lat="46.7788058" lon="12.7911977">
                <ele>1724.1</ele>
                <time>2016-08-04T12:41:10.000Z</time>
                <name>Position 488</name>
            </trkpt>
            <trkpt lat="46.7789896" lon="12.7912069">
                <ele>1721.0</ele>
                <time>2016-08-04T12:41:14.000Z</time>
                <name>Position 489</name>
            </trkpt>
            <trkpt lat="46.7791879" lon="12.7910261">
                <ele>1718.2</ele>
                <time>2016-08-04T12:41:19.000Z</time>
                <name>Position 490</name>
            </trkpt>
            <trkpt lat="46.7793476" lon="12.7908969">
                <ele>1717.1</ele>
                <time>2016-08-04T12:41:23.000Z</time>
                <name>Position 491</name>
            </trkpt>
            <trkpt lat="46.779446" lon="12.7906205">
                <ele>1714.2</ele>
                <time>2016-08-04T12:41:30.000Z</time>
                <name>Position 492</name>
            </trkpt>
            <trkpt lat="46.7794408" lon="12.7902884">
                <ele>1711.2</ele>
                <time>2016-08-04T12:41:34.000Z</time>
                <name>Position 493</name>
            </trkpt>
            <trkpt lat="46.7794172" lon="12.7900156">
                <ele>1709.9</ele>
                <time>2016-08-04T12:41:38.000Z</time>
                <name>Position 494</name>
            </trkpt>
            <trkpt lat="46.7792733" lon="12.7898188">
                <ele>1707.5</ele>
                <time>2016-08-04T12:41:45.000Z</time>
                <name>Position 495</name>
            </trkpt>
            <trkpt lat="46.7790854" lon="12.7897574">
                <ele>1704.0</ele>
                <time>2016-08-04T12:41:49.000Z</time>
                <name>Position 496</name>
            </trkpt>
            <trkpt lat="46.7789074" lon="12.7896738">
                <ele>1701.2</ele>
                <time>2016-08-04T12:41:53.000Z</time>
                <name>Position 497</name>
            </trkpt>
            <trkpt lat="46.7789092" lon="12.7894085">
                <ele>1694.2</ele>
                <time>2016-08-04T12:42:16.000Z</time>
                <name>Position 498</name>
            </trkpt>
            <trkpt lat="46.7790993" lon="12.7893615">
                <ele>1692.0</ele>
                <time>2016-08-04T12:43:25.000Z</time>
                <name>Position 499</name>
            </trkpt>
            <trkpt lat="46.7792825" lon="12.7893106">
                <ele>1690.0</ele>
                <time>2016-08-04T12:43:31.000Z</time>
                <name>Position 500</name>
            </trkpt>
            <trkpt lat="46.7794642" lon="12.7894085">
                <ele>1686.1</ele>
                <time>2016-08-04T12:43:38.000Z</time>
                <name>Position 501</name>
            </trkpt>
            <trkpt lat="46.779645" lon="12.7894807">
                <ele>1772.8</ele>
                <time>2016-08-04T12:43:59.000Z</time>
                <name>Position 502</name>
            </trkpt>
            <trkpt lat="46.7798334" lon="12.7893919">
                <ele>1698.9</ele>
                <time>2016-08-04T12:44:04.000Z</time>
                <name>Position 503</name>
            </trkpt>
            <trkpt lat="46.780038" lon="12.7892978">
                <ele>1683.4</ele>
                <time>2016-08-04T12:44:09.000Z</time>
                <name>Position 504</name>
            </trkpt>
            <trkpt lat="46.7802424" lon="12.7892312">
                <ele>1706.4</ele>
                <time>2016-08-04T12:44:14.000Z</time>
                <name>Position 505</name>
            </trkpt>
            <trkpt lat="46.7804457" lon="12.7892515">
                <ele>1681.5</ele>
                <time>2016-08-04T12:44:19.000Z</time>
                <name>Position 506</name>
            </trkpt>
            <trkpt lat="46.7806582" lon="12.7892131">
                <ele>1676.4</ele>
                <time>2016-08-04T12:44:23.000Z</time>
                <name>Position 507</name>
            </trkpt>
            <trkpt lat="46.7808711" lon="12.7892538">
                <ele>1672.2</ele>
                <time>2016-08-04T12:44:28.000Z</time>
                <name>Position 508</name>
            </trkpt>
            <trkpt lat="46.7810693" lon="12.7891924">
                <ele>1670.5</ele>
                <time>2016-08-04T12:44:32.000Z</time>
                <name>Position 509</name>
            </trkpt>
            <trkpt lat="46.7813002" lon="12.7891855">
                <ele>1666.0</ele>
                <time>2016-08-04T12:44:36.000Z</time>
                <name>Position 510</name>
            </trkpt>
            <trkpt lat="46.7815096" lon="12.7891344">
                <ele>1663.2</ele>
                <time>2016-08-04T12:44:40.000Z</time>
                <name>Position 511</name>
            </trkpt>
            <trkpt lat="46.7817219" lon="12.7890641">
                <ele>1661.1</ele>
                <time>2016-08-04T12:44:44.000Z</time>
                <name>Position 512</name>
            </trkpt>
            <trkpt lat="46.7819152" lon="12.7889001">
                <ele>1659.1</ele>
                <time>2016-08-04T12:44:48.000Z</time>
                <name>Position 513</name>
            </trkpt>
            <trkpt lat="46.7820484" lon="12.7886927">
                <ele>1657.9</ele>
                <time>2016-08-04T12:44:51.000Z</time>
                <name>Position 514</name>
            </trkpt>
            <trkpt lat="46.7821926" lon="12.788516">
                <ele>1660.3</ele>
                <time>2016-08-04T12:44:54.000Z</time>
                <name>Position 515</name>
            </trkpt>
            <trkpt lat="46.7823714" lon="12.7883284">
                <ele>1654.2</ele>
                <time>2016-08-04T12:44:59.000Z</time>
                <name>Position 516</name>
            </trkpt>
            <trkpt lat="46.7825759" lon="12.7883084">
                <ele>1651.8</ele>
                <time>2016-08-04T12:45:04.000Z</time>
                <name>Position 517</name>
            </trkpt>
            <trkpt lat="46.7827667" lon="12.7884018">
                <ele>1649.1</ele>
                <time>2016-08-04T12:45:10.000Z</time>
                <name>Position 518</name>
            </trkpt>
            <trkpt lat="46.7829696" lon="12.7883282">
                <ele>1645.2</ele>
                <time>2016-08-04T12:45:16.000Z</time>
                <name>Position 519</name>
            </trkpt>
            <trkpt lat="46.7831407" lon="12.7881607">
                <ele>1642.2</ele>
                <time>2016-08-04T12:45:20.000Z</time>
                <name>Position 520</name>
            </trkpt>
            <trkpt lat="46.7833174" lon="12.7879676">
                <ele>1636.2</ele>
                <time>2016-08-04T12:45:25.000Z</time>
                <name>Position 521</name>
            </trkpt>
            <trkpt lat="46.7835145" lon="12.7878686">
                <ele>1633.1</ele>
                <time>2016-08-04T12:45:29.000Z</time>
                <name>Position 522</name>
            </trkpt>
            <trkpt lat="46.7836644" lon="12.7876673">
                <ele>1632.0</ele>
                <time>2016-08-04T12:45:33.000Z</time>
                <name>Position 523</name>
            </trkpt>
            <trkpt lat="46.7837636" lon="12.7874274">
                <ele>1631.9</ele>
                <time>2016-08-04T12:46:44.000Z</time>
                <name>Position 524</name>
            </trkpt>
            <trkpt lat="46.7839046" lon="12.7872359">
                <ele>1629.9</ele>
                <time>2016-08-04T12:46:50.000Z</time>
                <name>Position 525</name>
            </trkpt>
            <trkpt lat="46.7841165" lon="12.7874258">
                <ele>1628.9</ele>
                <time>2016-08-04T12:46:55.000Z</time>
                <name>Position 526</name>
            </trkpt>
            <trkpt lat="46.7842782" lon="12.7875762">
                <ele>1627.9</ele>
                <time>2016-08-04T12:46:59.000Z</time>
                <name>Position 527</name>
            </trkpt>
            <trkpt lat="46.7844649" lon="12.7875979">
                <ele>1627.9</ele>
                <time>2016-08-04T12:47:04.000Z</time>
                <name>Position 528</name>
            </trkpt>
            <trkpt lat="46.7846465" lon="12.7874933">
                <ele>1628.7</ele>
                <time>2016-08-04T12:47:10.000Z</time>
                <name>Position 529</name>
            </trkpt>
            <trkpt lat="46.7848246" lon="12.787421">
                <ele>1628.9</ele>
                <time>2016-08-04T12:47:17.000Z</time>
                <name>Position 530</name>
            </trkpt>
            <trkpt lat="46.7850063" lon="12.787429">
                <ele>1628.9</ele>
                <time>2016-08-04T12:47:22.000Z</time>
                <name>Position 531</name>
            </trkpt>
            <trkpt lat="46.7851984" lon="12.7873568">
                <ele>1626.2</ele>
                <time>2016-08-04T12:47:26.000Z</time>
                <name>Position 532</name>
            </trkpt>
            <trkpt lat="46.7853843" lon="12.7872458">
                <ele>1624.9</ele>
                <time>2016-08-04T12:47:30.000Z</time>
                <name>Position 533</name>
            </trkpt>
            <trkpt lat="46.7855242" lon="12.7870567">
                <ele>1625.9</ele>
                <time>2016-08-04T12:47:35.000Z</time>
                <name>Position 534</name>
            </trkpt>
            <trkpt lat="46.7856695" lon="12.7868695">
                <ele>1625.9</ele>
                <time>2016-08-04T12:48:07.000Z</time>
                <name>Position 535</name>
            </trkpt>
            <trkpt lat="46.7858273" lon="12.7867262">
                <ele>1624.9</ele>
                <time>2016-08-04T12:48:12.000Z</time>
                <name>Position 536</name>
            </trkpt>
            <trkpt lat="46.7859925" lon="12.7865513">
                <ele>1625.9</ele>
                <time>2016-08-04T12:48:18.000Z</time>
                <name>Position 537</name>
            </trkpt>
            <trkpt lat="46.7861111" lon="12.7863365">
                <ele>1626.9</ele>
                <time>2016-08-04T12:48:24.000Z</time>
                <name>Position 538</name>
            </trkpt>
            <trkpt lat="46.7862113" lon="12.7860782">
                <ele>1626.9</ele>
                <time>2016-08-04T12:48:30.000Z</time>
                <name>Position 539</name>
            </trkpt>
            <trkpt lat="46.7863059" lon="12.7857997">
                <ele>1625.9</ele>
                <time>2016-08-04T12:48:35.000Z</time>
                <name>Position 540</name>
            </trkpt>
            <trkpt lat="46.7864365" lon="12.7855934">
                <ele>1625.1</ele>
                <time>2016-08-04T12:48:39.000Z</time>
                <name>Position 541</name>
            </trkpt>
            <trkpt lat="46.7865375" lon="12.7853418">
                <ele>1624.9</ele>
                <time>2016-08-04T12:48:43.000Z</time>
                <name>Position 542</name>
            </trkpt>
            <trkpt lat="46.7866458" lon="12.785116">
                <ele>1624.9</ele>
                <time>2016-08-04T12:48:47.000Z</time>
                <name>Position 543</name>
            </trkpt>
            <trkpt lat="46.786825" lon="12.7849207">
                <ele>1623.1</ele>
                <time>2016-08-04T12:48:52.000Z</time>
                <name>Position 544</name>
            </trkpt>
            <trkpt lat="46.7870162" lon="12.784799">
                <ele>1622.9</ele>
                <time>2016-08-04T12:48:56.000Z</time>
                <name>Position 545</name>
            </trkpt>
            <trkpt lat="46.7872329" lon="12.784847">
                <ele>1623.1</ele>
                <time>2016-08-04T12:49:00.000Z</time>
                <name>Position 546</name>
            </trkpt>
            <trkpt lat="46.7873941" lon="12.7849982">
                <ele>1623.9</ele>
                <time>2016-08-04T12:49:05.000Z</time>
                <name>Position 547</name>
            </trkpt>
            <trkpt lat="46.7875599" lon="12.7851102">
                <ele>1623.2</ele>
                <time>2016-08-04T12:49:21.000Z</time>
                <name>Position 548</name>
            </trkpt>
            <trkpt lat="46.7877818" lon="12.7851614">
                <ele>1622.0</ele>
                <time>2016-08-04T12:49:26.000Z</time>
                <name>Position 549</name>
            </trkpt>
            <trkpt lat="46.7879701" lon="12.785014">
                <ele>1622.9</ele>
                <time>2016-08-04T12:49:32.000Z</time>
                <name>Position 550</name>
            </trkpt>
            <trkpt lat="46.7881513" lon="12.7850179">
                <ele>1622.9</ele>
                <time>2016-08-04T12:49:37.000Z</time>
                <name>Position 551</name>
            </trkpt>
            <trkpt lat="46.7883367" lon="12.784952">
                <ele>1622.9</ele>
                <time>2016-08-04T12:49:42.000Z</time>
                <name>Position 552</name>
            </trkpt>
            <trkpt lat="46.7885213" lon="12.7848724">
                <ele>1623.7</ele>
                <time>2016-08-04T12:49:47.000Z</time>
                <name>Position 553</name>
            </trkpt>
            <trkpt lat="46.7887072" lon="12.7848711">
                <ele>1624.9</ele>
                <time>2016-08-04T12:49:52.000Z</time>
                <name>Position 554</name>
            </trkpt>
            <trkpt lat="46.7888837" lon="12.7848016">
                <ele>1624.9</ele>
                <time>2016-08-04T12:49:57.000Z</time>
                <name>Position 555</name>
            </trkpt>
            <trkpt lat="46.7890925" lon="12.784765">
                <ele>1625.9</ele>
                <time>2016-08-04T12:50:02.000Z</time>
                <name>Position 556</name>
            </trkpt>
            <trkpt lat="46.7892871" lon="12.7847236">
                <ele>1624.0</ele>
                <time>2016-08-04T12:50:07.000Z</time>
                <name>Position 557</name>
            </trkpt>
            <trkpt lat="46.7894413" lon="12.7845497">
                <ele>1623.9</ele>
                <time>2016-08-04T12:50:13.000Z</time>
                <name>Position 558</name>
            </trkpt>
            <trkpt lat="46.7895811" lon="12.7843036">
                <ele>1623.9</ele>
                <time>2016-08-04T12:50:19.000Z</time>
                <name>Position 559</name>
            </trkpt>
            <trkpt lat="46.7897062" lon="12.7841011">
                <ele>1622.9</ele>
                <time>2016-08-04T12:50:24.000Z</time>
                <name>Position 560</name>
            </trkpt>
            <trkpt lat="46.7898809" lon="12.7840186">
                <ele>1617.0</ele>
                <time>2016-08-04T12:51:34.000Z</time>
                <name>Position 561</name>
            </trkpt>
            <trkpt lat="46.790044" lon="12.7841796">
                <ele>1615.8</ele>
                <time>2016-08-04T12:51:40.000Z</time>
                <name>Position 562</name>
            </trkpt>
            <trkpt lat="46.7901974" lon="12.7843882">
                <ele>1615.0</ele>
                <time>2016-08-04T12:51:44.000Z</time>
                <name>Position 563</name>
            </trkpt>
            <trkpt lat="46.7903472" lon="12.7846039">
                <ele>1615.1</ele>
                <time>2016-08-04T12:51:48.000Z</time>
                <name>Position 564</name>
            </trkpt>
            <trkpt lat="46.7904954" lon="12.7847636">
                <ele>1610.9</ele>
                <time>2016-08-04T12:51:51.000Z</time>
                <name>Position 565</name>
            </trkpt>
            <trkpt lat="46.7906788" lon="12.7848347">
                <ele>1609.0</ele>
                <time>2016-08-04T12:51:55.000Z</time>
                <name>Position 566</name>
            </trkpt>
            <trkpt lat="46.7908435" lon="12.7847204">
                <ele>1608.2</ele>
                <time>2016-08-04T12:52:00.000Z</time>
                <name>Position 567</name>
            </trkpt>
            <trkpt lat="46.7909681" lon="12.7844895">
                <ele>1608.5</ele>
                <time>2016-08-04T12:52:05.000Z</time>
                <name>Position 568</name>
            </trkpt>
            <trkpt lat="46.7910792" lon="12.7842514">
                <ele>1603.2</ele>
                <time>2016-08-04T12:52:10.000Z</time>
                <name>Position 569</name>
            </trkpt>
        </trkseg>
    </trk>
</gpx>
