<?xml version="1.0" encoding="UTF-8" standalone="yes"?>
<gpx xmlns="http://www.topografix.com/GPX/1/0" version="1.0" creator="Generated by Christian Pesch's RouteConverter. See http://www.routeconverter.com">
    <name>2018-07-08 06:50</name>
    <trk>
        <name>2018-07-08 06:50</name>
        <desc>&lt;p&gt;Startzeit: 07/08/2018 05:50&lt;br/&gt;Zielzeit: 07/08/2018 17:41&lt;br/&gt;Strecke: 15,
9 km (11:51)&lt;br/&gt;Bewegungszeit: 04:36&lt;br/&gt;Ø-Geschwindigkeit: 1,
34 km/h&lt;br/&gt;Netto-Geschwindigkeit: 3,
44 km/h&lt;br/&gt;Max. Geschwindigkeit: 9,
62 km/h&lt;br/&gt;Minimale Höhe: 1259 m&lt;br/&gt;Maximale Höhe: 2534 m&lt;br/&gt;Steig-Geschw.: 235,
2 m/h&lt;br/&gt;Sink-Geschw.: -374,
2 m/h&lt;br/&gt;Aufstieg: 1702 m&lt;br/&gt;Abstieg: -1716 m&lt;br/&gt;Steigzeit: 07:14&lt;br/&gt;Sinkzeit: 04:35&lt;br/&gt;&lt;/p&gt;&lt;hr align="center" width="480" style="height: 2px; width: 517px"/&gt;</desc>
        <trkseg>
            <trkpt lat="47.1951683" lon="10.59665">
                <ele>1288.1</ele>
                <time>2018-07-08T03:50:02.000Z</time>
                <name>Position 1</name>
            </trkpt>
            <trkpt lat="47.1951667" lon="10.5968083">
                <ele>1285.9</ele>
                <time>2018-07-08T03:50:48.000Z</time>
                <name>Position 2</name>
            </trkpt>
            <trkpt lat="47.1952567" lon="10.5968183">
                <ele>1284.2</ele>
                <time>2018-07-08T03:54:19.000Z</time>
                <name>Position 3</name>
            </trkpt>
            <trkpt lat="47.19534" lon="10.5968983">
                <ele>1281.7</ele>
                <time>2018-07-08T03:54:37.000Z</time>
                <name>Position 4</name>
            </trkpt>
            <trkpt lat="47.1954317" lon="10.596955">
                <ele>1279.3</ele>
                <time>2018-07-08T03:54:49.000Z</time>
                <name>Position 5</name>
            </trkpt>
            <trkpt lat="47.195465" lon="10.5970883">
                <ele>1276.6</ele>
                <time>2018-07-08T03:55:11.000Z</time>
                <name>Position 6</name>
            </trkpt>
            <trkpt lat="47.1955067" lon="10.59722">
                <ele>1273.8</ele>
                <time>2018-07-08T03:55:23.000Z</time>
                <name>Position 7</name>
            </trkpt>
            <trkpt lat="47.19557" lon="10.59736">
                <ele>1270.7</ele>
                <time>2018-07-08T03:55:33.000Z</time>
                <name>Position 8</name>
            </trkpt>
            <trkpt lat="47.19564" lon="10.59746">
                <ele>1268.1</ele>
                <time>2018-07-08T03:55:39.000Z</time>
                <name>Position 9</name>
            </trkpt>
            <trkpt lat="47.1957233" lon="10.5975317">
                <ele>1265.5</ele>
                <time>2018-07-08T03:55:47.000Z</time>
                <name>Position 10</name>
            </trkpt>
            <trkpt lat="47.1957717" lon="10.597655">
                <ele>1263.2</ele>
                <time>2018-07-08T03:55:59.000Z</time>
                <name>Position 11</name>
            </trkpt>
            <trkpt lat="47.1957933" lon="10.5977867">
                <ele>1261.2</ele>
                <time>2018-07-08T03:56:11.000Z</time>
                <name>Position 12</name>
            </trkpt>
            <trkpt lat="47.1958533" lon="10.597925">
                <ele>1259.3</ele>
                <time>2018-07-08T03:56:21.000Z</time>
                <name>Position 13</name>
            </trkpt>
            <trkpt lat="47.1959233" lon="10.5978183">
                <ele>1261.2</ele>
                <time>2018-07-08T03:56:31.000Z</time>
                <name>Position 14</name>
            </trkpt>
            <trkpt lat="47.1959333" lon="10.5976633">
                <ele>1262.6</ele>
                <time>2018-07-08T03:56:39.000Z</time>
                <name>Position 15</name>
            </trkpt>
            <trkpt lat="47.1960133" lon="10.5975717">
                <ele>1263.7</ele>
                <time>2018-07-08T03:56:45.000Z</time>
                <name>Position 16</name>
            </trkpt>
            <trkpt lat="47.1960667" lon="10.5974583">
                <ele>1264.7</ele>
                <time>2018-07-08T03:56:59.000Z</time>
                <name>Position 17</name>
            </trkpt>
            <trkpt lat="47.1961633" lon="10.59741">
                <ele>1265.1</ele>
                <time>2018-07-08T03:57:11.000Z</time>
                <name>Position 18</name>
            </trkpt>
            <trkpt lat="47.196255" lon="10.5973467">
                <ele>1265.4</ele>
                <time>2018-07-08T03:57:19.000Z</time>
                <name>Position 19</name>
            </trkpt>
            <trkpt lat="47.1963233" lon="10.597245">
                <ele>1265.7</ele>
                <time>2018-07-08T03:57:27.000Z</time>
                <name>Position 20</name>
            </trkpt>
            <trkpt lat="47.19639" lon="10.5971517">
                <ele>1265.7</ele>
                <time>2018-07-08T03:57:35.000Z</time>
                <name>Position 21</name>
            </trkpt>
            <trkpt lat="47.19647" lon="10.5970833">
                <ele>1265.2</ele>
                <time>2018-07-08T03:57:43.000Z</time>
                <name>Position 22</name>
            </trkpt>
            <trkpt lat="47.1965733" lon="10.5971133">
                <ele>1264.4</ele>
                <time>2018-07-08T03:57:53.000Z</time>
                <name>Position 23</name>
            </trkpt>
            <trkpt lat="47.1966783" lon="10.5970583">
                <ele>1263.9</ele>
                <time>2018-07-08T03:58:03.000Z</time>
                <name>Position 24</name>
            </trkpt>
            <trkpt lat="47.1967533" lon="10.5969783">
                <ele>1267.1</ele>
                <time>2018-07-08T03:58:11.000Z</time>
                <name>Position 25</name>
            </trkpt>
            <trkpt lat="47.196825" lon="10.596895">
                <ele>1270.0</ele>
                <time>2018-07-08T03:58:19.000Z</time>
                <name>Position 26</name>
            </trkpt>
            <trkpt lat="47.196925" lon="10.5968083">
                <ele>1273.3</ele>
                <time>2018-07-08T03:58:29.000Z</time>
                <name>Position 27</name>
            </trkpt>
            <trkpt lat="47.1970083" lon="10.5967433">
                <ele>1275.9</ele>
                <time>2018-07-08T03:58:37.000Z</time>
                <name>Position 28</name>
            </trkpt>
            <trkpt lat="47.19709" lon="10.596655">
                <ele>1277.6</ele>
                <time>2018-07-08T03:58:45.000Z</time>
                <name>Position 29</name>
            </trkpt>
            <trkpt lat="47.1971683" lon="10.5965867">
                <ele>1280.3</ele>
                <time>2018-07-08T03:58:53.000Z</time>
                <name>Position 30</name>
            </trkpt>
            <trkpt lat="47.19726" lon="10.5965017">
                <ele>1282.8</ele>
                <time>2018-07-08T03:59:03.000Z</time>
                <name>Position 31</name>
            </trkpt>
            <trkpt lat="47.1973233" lon="10.5964">
                <ele>1283.6</ele>
                <time>2018-07-08T03:59:13.000Z</time>
                <name>Position 32</name>
            </trkpt>
            <trkpt lat="47.1973983" lon="10.5962967">
                <ele>1283.8</ele>
                <time>2018-07-08T03:59:23.000Z</time>
                <name>Position 33</name>
            </trkpt>
            <trkpt lat="47.1974633" lon="10.5962017">
                <ele>1283.2</ele>
                <time>2018-07-08T03:59:31.000Z</time>
                <name>Position 34</name>
            </trkpt>
            <trkpt lat="47.197525" lon="10.5960983">
                <ele>1283.0</ele>
                <time>2018-07-08T03:59:41.000Z</time>
                <name>Position 35</name>
            </trkpt>
            <trkpt lat="47.1975767" lon="10.5959867">
                <ele>1284.1</ele>
                <time>2018-07-08T03:59:51.000Z</time>
                <name>Position 36</name>
            </trkpt>
            <trkpt lat="47.1976233" lon="10.5958717">
                <ele>1284.3</ele>
                <time>2018-07-08T03:59:59.000Z</time>
                <name>Position 37</name>
            </trkpt>
            <trkpt lat="47.19767" lon="10.5957367">
                <ele>1285.5</ele>
                <time>2018-07-08T04:00:07.000Z</time>
                <name>Position 38</name>
            </trkpt>
            <trkpt lat="47.197715" lon="10.5955833">
                <ele>1286.8</ele>
                <time>2018-07-08T04:00:17.000Z</time>
                <name>Position 39</name>
            </trkpt>
            <trkpt lat="47.1977567" lon="10.595465">
                <ele>1287.6</ele>
                <time>2018-07-08T04:00:25.000Z</time>
                <name>Position 40</name>
            </trkpt>
            <trkpt lat="47.1978317" lon="10.5953767">
                <ele>1289.4</ele>
                <time>2018-07-08T04:00:37.000Z</time>
                <name>Position 41</name>
            </trkpt>
            <trkpt lat="47.197915" lon="10.5954367">
                <ele>1293.4</ele>
                <time>2018-07-08T04:00:51.000Z</time>
                <name>Position 42</name>
            </trkpt>
            <trkpt lat="47.197975" lon="10.5953333">
                <ele>1294.1</ele>
                <time>2018-07-08T04:01:07.000Z</time>
                <name>Position 43</name>
            </trkpt>
            <trkpt lat="47.1980317" lon="10.595205">
                <ele>1293.2</ele>
                <time>2018-07-08T04:01:25.000Z</time>
                <name>Position 44</name>
            </trkpt>
            <trkpt lat="47.1981283" lon="10.5952417">
                <ele>1296.7</ele>
                <time>2018-07-08T04:01:49.000Z</time>
                <name>Position 45</name>
            </trkpt>
            <trkpt lat="47.1982283" lon="10.5952617">
                <ele>1300.5</ele>
                <time>2018-07-08T04:02:09.000Z</time>
                <name>Position 46</name>
            </trkpt>
            <trkpt lat="47.1983167" lon="10.595215">
                <ele>1301.6</ele>
                <time>2018-07-08T04:02:25.000Z</time>
                <name>Position 47</name>
            </trkpt>
            <trkpt lat="47.19841" lon="10.5951733">
                <ele>1303.7</ele>
                <time>2018-07-08T04:02:37.000Z</time>
                <name>Position 48</name>
            </trkpt>
            <trkpt lat="47.198475" lon="10.5950683">
                <ele>1302.4</ele>
                <time>2018-07-08T04:02:49.000Z</time>
                <name>Position 49</name>
            </trkpt>
            <trkpt lat="47.198525" lon="10.5952">
                <ele>1309.4</ele>
                <time>2018-07-08T04:03:13.000Z</time>
                <name>Position 50</name>
            </trkpt>
            <trkpt lat="47.1985117" lon="10.595345">
                <ele>1315.0</ele>
                <time>2018-07-08T04:03:31.000Z</time>
                <name>Position 51</name>
            </trkpt>
            <trkpt lat="47.198505" lon="10.5954883">
                <ele>1320.3</ele>
                <time>2018-07-08T04:03:47.000Z</time>
                <name>Position 52</name>
            </trkpt>
            <trkpt lat="47.1985783" lon="10.5955783">
                <ele>1327.4</ele>
                <time>2018-07-08T04:04:01.000Z</time>
                <name>Position 53</name>
            </trkpt>
            <trkpt lat="47.1986717" lon="10.5955133">
                <ele>1329.6</ele>
                <time>2018-07-08T04:04:21.000Z</time>
                <name>Position 54</name>
            </trkpt>
            <trkpt lat="47.1987317" lon="10.5953983">
                <ele>1327.9</ele>
                <time>2018-07-08T04:04:33.000Z</time>
                <name>Position 55</name>
            </trkpt>
            <trkpt lat="47.198785" lon="10.5952817">
                <ele>1324.5</ele>
                <time>2018-07-08T04:04:47.000Z</time>
                <name>Position 56</name>
            </trkpt>
            <trkpt lat="47.198875" lon="10.59522">
                <ele>1325.2</ele>
                <time>2018-07-08T04:05:05.000Z</time>
                <name>Position 57</name>
            </trkpt>
            <trkpt lat="47.1989767" lon="10.59525">
                <ele>1331.2</ele>
                <time>2018-07-08T04:05:19.000Z</time>
                <name>Position 58</name>
            </trkpt>
            <trkpt lat="47.1990583" lon="10.5951783">
                <ele>1331.1</ele>
                <time>2018-07-08T04:05:27.000Z</time>
                <name>Position 59</name>
            </trkpt>
            <trkpt lat="47.1991517" lon="10.5951217">
                <ele>1332.0</ele>
                <time>2018-07-08T04:05:39.000Z</time>
                <name>Position 60</name>
            </trkpt>
            <trkpt lat="47.1992417" lon="10.5950983">
                <ele>1334.5</ele>
                <time>2018-07-08T04:05:53.000Z</time>
                <name>Position 61</name>
            </trkpt>
            <trkpt lat="47.1993417" lon="10.5950883">
                <ele>1338.4</ele>
                <time>2018-07-08T04:06:03.000Z</time>
                <name>Position 62</name>
            </trkpt>
            <trkpt lat="47.199435" lon="10.595085">
                <ele>1342.6</ele>
                <time>2018-07-08T04:06:19.000Z</time>
                <name>Position 63</name>
            </trkpt>
            <trkpt lat="47.1995317" lon="10.5950817">
                <ele>1346.5</ele>
                <time>2018-07-08T04:06:27.000Z</time>
                <name>Position 64</name>
            </trkpt>
            <trkpt lat="47.1996217" lon="10.5950933">
                <ele>1351.4</ele>
                <time>2018-07-08T04:06:37.000Z</time>
                <name>Position 65</name>
            </trkpt>
            <trkpt lat="47.1997033" lon="10.5950117">
                <ele>1351.4</ele>
                <time>2018-07-08T04:06:47.000Z</time>
                <name>Position 66</name>
            </trkpt>
            <trkpt lat="47.19979" lon="10.59493">
                <ele>1351.4</ele>
                <time>2018-07-08T04:06:59.000Z</time>
                <name>Position 67</name>
            </trkpt>
            <trkpt lat="47.19986" lon="10.5948383">
                <ele>1350.7</ele>
                <time>2018-07-08T04:07:09.000Z</time>
                <name>Position 68</name>
            </trkpt>
            <trkpt lat="47.1999467" lon="10.5947583">
                <ele>1350.8</ele>
                <time>2018-07-08T04:07:19.000Z</time>
                <name>Position 69</name>
            </trkpt>
            <trkpt lat="47.2000217" lon="10.5946783">
                <ele>1350.6</ele>
                <time>2018-07-08T04:07:35.000Z</time>
                <name>Position 70</name>
            </trkpt>
            <trkpt lat="47.2001033" lon="10.5946033">
                <ele>1351.2</ele>
                <time>2018-07-08T04:07:45.000Z</time>
                <name>Position 71</name>
            </trkpt>
            <trkpt lat="47.200175" lon="10.594495">
                <ele>1349.6</ele>
                <time>2018-07-08T04:07:57.000Z</time>
                <name>Position 72</name>
            </trkpt>
            <trkpt lat="47.200255" lon="10.5944183">
                <ele>1350.0</ele>
                <time>2018-07-08T04:08:11.000Z</time>
                <name>Position 73</name>
            </trkpt>
            <trkpt lat="47.2003367" lon="10.5943467">
                <ele>1350.7</ele>
                <time>2018-07-08T04:08:25.000Z</time>
                <name>Position 74</name>
            </trkpt>
            <trkpt lat="47.2004367" lon="10.5943633">
                <ele>1355.9</ele>
                <time>2018-07-08T04:08:43.000Z</time>
                <name>Position 75</name>
            </trkpt>
            <trkpt lat="47.200525" lon="10.5943183">
                <ele>1358.5</ele>
                <time>2018-07-08T04:08:57.000Z</time>
                <name>Position 76</name>
            </trkpt>
            <trkpt lat="47.2005817" lon="10.5941983">
                <ele>1356.3</ele>
                <time>2018-07-08T04:09:09.000Z</time>
                <name>Position 77</name>
            </trkpt>
            <trkpt lat="47.2006383" lon="10.59406">
                <ele>1353.9</ele>
                <time>2018-07-08T04:09:21.000Z</time>
                <name>Position 78</name>
            </trkpt>
            <trkpt lat="47.20073" lon="10.59401">
                <ele>1355.9</ele>
                <time>2018-07-08T04:09:37.000Z</time>
                <name>Position 79</name>
            </trkpt>
            <trkpt lat="47.20082" lon="10.5939917">
                <ele>1359.1</ele>
                <time>2018-07-08T04:09:47.000Z</time>
                <name>Position 80</name>
            </trkpt>
            <trkpt lat="47.200905" lon="10.5939217">
                <ele>1360.7</ele>
                <time>2018-07-08T04:10:01.000Z</time>
                <name>Position 81</name>
            </trkpt>
            <trkpt lat="47.20096" lon="10.5938">
                <ele>1358.6</ele>
                <time>2018-07-08T04:10:13.000Z</time>
                <name>Position 82</name>
            </trkpt>
            <trkpt lat="47.2010167" lon="10.5936833">
                <ele>1356.6</ele>
                <time>2018-07-08T04:10:21.000Z</time>
                <name>Position 83</name>
            </trkpt>
            <trkpt lat="47.2010767" lon="10.5935533">
                <ele>1353.8</ele>
                <time>2018-07-08T04:10:31.000Z</time>
                <name>Position 84</name>
            </trkpt>
            <trkpt lat="47.2011517" lon="10.5934667">
                <ele>1353.5</ele>
                <time>2018-07-08T04:10:41.000Z</time>
                <name>Position 85</name>
            </trkpt>
            <trkpt lat="47.2012367" lon="10.5934133">
                <ele>1354.7</ele>
                <time>2018-07-08T04:10:51.000Z</time>
                <name>Position 86</name>
            </trkpt>
            <trkpt lat="47.2013267" lon="10.5934">
                <ele>1358.2</ele>
                <time>2018-07-08T04:10:59.000Z</time>
                <name>Position 87</name>
            </trkpt>
            <trkpt lat="47.201425" lon="10.5934167">
                <ele>1363.3</ele>
                <time>2018-07-08T04:11:09.000Z</time>
                <name>Position 88</name>
            </trkpt>
            <trkpt lat="47.2015167" lon="10.59344">
                <ele>1368.9</ele>
                <time>2018-07-08T04:11:19.000Z</time>
                <name>Position 89</name>
            </trkpt>
            <trkpt lat="47.2016083" lon="10.5933933">
                <ele>1371.0</ele>
                <time>2018-07-08T04:11:29.000Z</time>
                <name>Position 90</name>
            </trkpt>
            <trkpt lat="47.2017067" lon="10.5933533">
                <ele>1373.2</ele>
                <time>2018-07-08T04:11:41.000Z</time>
                <name>Position 91</name>
            </trkpt>
            <trkpt lat="47.2018" lon="10.5933017">
                <ele>1373.5</ele>
                <time>2018-07-08T04:11:53.000Z</time>
                <name>Position 92</name>
            </trkpt>
            <trkpt lat="47.2018933" lon="10.5933033">
                <ele>1376.1</ele>
                <time>2018-07-08T04:12:05.000Z</time>
                <name>Position 93</name>
            </trkpt>
            <trkpt lat="47.201995" lon="10.593305">
                <ele>1379.1</ele>
                <time>2018-07-08T04:12:19.000Z</time>
                <name>Position 94</name>
            </trkpt>
            <trkpt lat="47.2021" lon="10.5932933">
                <ele>1381.7</ele>
                <time>2018-07-08T04:12:31.000Z</time>
                <name>Position 95</name>
            </trkpt>
            <trkpt lat="47.20219" lon="10.5932867">
                <ele>1383.9</ele>
                <time>2018-07-08T04:12:41.000Z</time>
                <name>Position 96</name>
            </trkpt>
            <trkpt lat="47.20228" lon="10.5932917">
                <ele>1386.7</ele>
                <time>2018-07-08T04:12:51.000Z</time>
                <name>Position 97</name>
            </trkpt>
            <trkpt lat="47.2023833" lon="10.5932683">
                <ele>1388.8</ele>
                <time>2018-07-08T04:13:03.000Z</time>
                <name>Position 98</name>
            </trkpt>
            <trkpt lat="47.2024783" lon="10.5932483">
                <ele>1390.8</ele>
                <time>2018-07-08T04:13:17.000Z</time>
                <name>Position 99</name>
            </trkpt>
            <trkpt lat="47.2025767" lon="10.5932467">
                <ele>1391.8</ele>
                <time>2018-07-08T04:13:35.000Z</time>
                <name>Position 100</name>
            </trkpt>
            <trkpt lat="47.202655" lon="10.5933217">
                <ele>1395.3</ele>
                <time>2018-07-08T04:13:57.000Z</time>
                <name>Position 101</name>
            </trkpt>
            <trkpt lat="47.202755" lon="10.5933283">
                <ele>1396.5</ele>
                <time>2018-07-08T04:14:17.000Z</time>
                <name>Position 102</name>
            </trkpt>
            <trkpt lat="47.2028267" lon="10.5934317">
                <ele>1400.5</ele>
                <time>2018-07-08T04:14:35.000Z</time>
                <name>Position 103</name>
            </trkpt>
            <trkpt lat="47.2029233" lon="10.5934483">
                <ele>1402.0</ele>
                <time>2018-07-08T04:14:53.000Z</time>
                <name>Position 104</name>
            </trkpt>
            <trkpt lat="47.20301" lon="10.59341">
                <ele>1401.4</ele>
                <time>2018-07-08T04:15:09.000Z</time>
                <name>Position 105</name>
            </trkpt>
            <trkpt lat="47.2030917" lon="10.5933517">
                <ele>1400.0</ele>
                <time>2018-07-08T04:15:21.000Z</time>
                <name>Position 106</name>
            </trkpt>
            <trkpt lat="47.2031867" lon="10.5933567">
                <ele>1400.7</ele>
                <time>2018-07-08T04:15:35.000Z</time>
                <name>Position 107</name>
            </trkpt>
            <trkpt lat="47.2032867" lon="10.5934017">
                <ele>1403.0</ele>
                <time>2018-07-08T04:15:47.000Z</time>
                <name>Position 108</name>
            </trkpt>
            <trkpt lat="47.2033717" lon="10.593495">
                <ele>1406.8</ele>
                <time>2018-07-08T04:15:57.000Z</time>
                <name>Position 109</name>
            </trkpt>
            <trkpt lat="47.2034617" lon="10.59355">
                <ele>1409.1</ele>
                <time>2018-07-08T04:16:11.000Z</time>
                <name>Position 110</name>
            </trkpt>
            <trkpt lat="47.2035483" lon="10.5935883">
                <ele>1411.2</ele>
                <time>2018-07-08T04:16:21.000Z</time>
                <name>Position 111</name>
            </trkpt>
            <trkpt lat="47.2036283" lon="10.5936617">
                <ele>1414.5</ele>
                <time>2018-07-08T04:16:31.000Z</time>
                <name>Position 112</name>
            </trkpt>
            <trkpt lat="47.2037033" lon="10.593745">
                <ele>1418.7</ele>
                <time>2018-07-08T04:16:47.000Z</time>
                <name>Position 113</name>
            </trkpt>
            <trkpt lat="47.2038217" lon="10.5937283">
                <ele>1419.1</ele>
                <time>2018-07-08T04:16:57.000Z</time>
                <name>Position 114</name>
            </trkpt>
            <trkpt lat="47.2039217" lon="10.5937">
                <ele>1418.2</ele>
                <time>2018-07-08T04:17:09.000Z</time>
                <name>Position 115</name>
            </trkpt>
            <trkpt lat="47.2040317" lon="10.593725">
                <ele>1420.0</ele>
                <time>2018-07-08T04:17:21.000Z</time>
                <name>Position 116</name>
            </trkpt>
            <trkpt lat="47.2041233" lon="10.5937717">
                <ele>1423.0</ele>
                <time>2018-07-08T04:17:31.000Z</time>
                <name>Position 117</name>
            </trkpt>
            <trkpt lat="47.204165" lon="10.59389">
                <ele>1429.7</ele>
                <time>2018-07-08T04:17:49.000Z</time>
                <name>Position 118</name>
            </trkpt>
            <trkpt lat="47.2041383" lon="10.594025">
                <ele>1436.6</ele>
                <time>2018-07-08T04:18:13.000Z</time>
                <name>Position 119</name>
            </trkpt>
            <trkpt lat="47.2042333" lon="10.5940433">
                <ele>1439.5</ele>
                <time>2018-07-08T04:18:25.000Z</time>
                <name>Position 120</name>
            </trkpt>
            <trkpt lat="47.20434" lon="10.5940217">
                <ele>1440.4</ele>
                <time>2018-07-08T04:18:35.000Z</time>
                <name>Position 121</name>
            </trkpt>
            <trkpt lat="47.20443" lon="10.5940183">
                <ele>1442.0</ele>
                <time>2018-07-08T04:18:47.000Z</time>
                <name>Position 122</name>
            </trkpt>
            <trkpt lat="47.20453" lon="10.594015">
                <ele>1443.9</ele>
                <time>2018-07-08T04:19:01.000Z</time>
                <name>Position 123</name>
            </trkpt>
            <trkpt lat="47.204615" lon="10.5939267">
                <ele>1441.3</ele>
                <time>2018-07-08T04:19:41.000Z</time>
                <name>Position 124</name>
            </trkpt>
            <trkpt lat="47.2047133" lon="10.59385">
                <ele>1439.5</ele>
                <time>2018-07-08T04:19:49.000Z</time>
                <name>Position 125</name>
            </trkpt>
            <trkpt lat="47.204805" lon="10.59379">
                <ele>1438.4</ele>
                <time>2018-07-08T04:19:59.000Z</time>
                <name>Position 126</name>
            </trkpt>
            <trkpt lat="47.204895" lon="10.5937217">
                <ele>1436.9</ele>
                <time>2018-07-08T04:20:11.000Z</time>
                <name>Position 127</name>
            </trkpt>
            <trkpt lat="47.2049867" lon="10.5936567">
                <ele>1436.0</ele>
                <time>2018-07-08T04:20:19.000Z</time>
                <name>Position 128</name>
            </trkpt>
            <trkpt lat="47.2050683" lon="10.5935567">
                <ele>1433.9</ele>
                <time>2018-07-08T04:20:31.000Z</time>
                <name>Position 129</name>
            </trkpt>
            <trkpt lat="47.20514" lon="10.593445">
                <ele>1431.0</ele>
                <time>2018-07-08T04:20:39.000Z</time>
                <name>Position 130</name>
            </trkpt>
            <trkpt lat="47.205215" lon="10.5933367">
                <ele>1428.5</ele>
                <time>2018-07-08T04:20:49.000Z</time>
                <name>Position 131</name>
            </trkpt>
            <trkpt lat="47.2052867" lon="10.5932517">
                <ele>1428.2</ele>
                <time>2018-07-08T04:20:57.000Z</time>
                <name>Position 132</name>
            </trkpt>
            <trkpt lat="47.2053833" lon="10.5932033">
                <ele>1429.9</ele>
                <time>2018-07-08T04:21:05.000Z</time>
                <name>Position 133</name>
            </trkpt>
            <trkpt lat="47.2054683" lon="10.59315">
                <ele>1431.3</ele>
                <time>2018-07-08T04:21:11.000Z</time>
                <name>Position 134</name>
            </trkpt>
            <trkpt lat="47.205565" lon="10.5930817">
                <ele>1432.7</ele>
                <time>2018-07-08T04:21:19.000Z</time>
                <name>Position 135</name>
            </trkpt>
            <trkpt lat="47.2056333" lon="10.5929683">
                <ele>1432.3</ele>
                <time>2018-07-08T04:21:27.000Z</time>
                <name>Position 136</name>
            </trkpt>
            <trkpt lat="47.2056867" lon="10.5928217">
                <ele>1429.9</ele>
                <time>2018-07-08T04:21:35.000Z</time>
                <name>Position 137</name>
            </trkpt>
            <trkpt lat="47.20575" lon="10.5927267">
                <ele>1429.3</ele>
                <time>2018-07-08T04:21:43.000Z</time>
                <name>Position 138</name>
            </trkpt>
            <trkpt lat="47.2058617" lon="10.59273">
                <ele>1433.0</ele>
                <time>2018-07-08T04:21:55.000Z</time>
                <name>Position 139</name>
            </trkpt>
            <trkpt lat="47.20595" lon="10.59269">
                <ele>1435.6</ele>
                <time>2018-07-08T04:22:03.000Z</time>
                <name>Position 140</name>
            </trkpt>
            <trkpt lat="47.206" lon="10.5925683">
                <ele>1434.4</ele>
                <time>2018-07-08T04:22:13.000Z</time>
                <name>Position 141</name>
            </trkpt>
            <trkpt lat="47.2059983" lon="10.5924117">
                <ele>1430.9</ele>
                <time>2018-07-08T04:22:23.000Z</time>
                <name>Position 142</name>
            </trkpt>
            <trkpt lat="47.20604" lon="10.5922617">
                <ele>1430.0</ele>
                <time>2018-07-08T04:22:33.000Z</time>
                <name>Position 143</name>
            </trkpt>
            <trkpt lat="47.2060833" lon="10.5921">
                <ele>1428.8</ele>
                <time>2018-07-08T04:22:43.000Z</time>
                <name>Position 144</name>
            </trkpt>
            <trkpt lat="47.2061683" lon="10.5919967">
                <ele>1430.1</ele>
                <time>2018-07-08T04:22:53.000Z</time>
                <name>Position 145</name>
            </trkpt>
            <trkpt lat="47.2062533" lon="10.59189">
                <ele>1431.2</ele>
                <time>2018-07-08T04:23:01.000Z</time>
                <name>Position 146</name>
            </trkpt>
            <trkpt lat="47.206325" lon="10.5917867">
                <ele>1432.1</ele>
                <time>2018-07-08T04:23:09.000Z</time>
                <name>Position 147</name>
            </trkpt>
            <trkpt lat="47.2063617" lon="10.591645">
                <ele>1431.2</ele>
                <time>2018-07-08T04:23:19.000Z</time>
                <name>Position 148</name>
            </trkpt>
            <trkpt lat="47.2064433" lon="10.5915483">
                <ele>1433.1</ele>
                <time>2018-07-08T04:23:31.000Z</time>
                <name>Position 149</name>
            </trkpt>
            <trkpt lat="47.2065217" lon="10.5914617">
                <ele>1434.8</ele>
                <time>2018-07-08T04:23:41.000Z</time>
                <name>Position 150</name>
            </trkpt>
            <trkpt lat="47.2066167" lon="10.59142">
                <ele>1437.3</ele>
                <time>2018-07-08T04:23:53.000Z</time>
                <name>Position 151</name>
            </trkpt>
            <trkpt lat="47.2067067" lon="10.591415">
                <ele>1440.0</ele>
                <time>2018-07-08T04:24:03.000Z</time>
                <name>Position 152</name>
            </trkpt>
            <trkpt lat="47.206805" lon="10.5913817">
                <ele>1442.8</ele>
                <time>2018-07-08T04:24:17.000Z</time>
                <name>Position 153</name>
            </trkpt>
            <trkpt lat="47.2069067" lon="10.5913433">
                <ele>1445.5</ele>
                <time>2018-07-08T04:24:33.000Z</time>
                <name>Position 154</name>
            </trkpt>
            <trkpt lat="47.2070017" lon="10.5913083">
                <ele>1448.1</ele>
                <time>2018-07-08T04:24:45.000Z</time>
                <name>Position 155</name>
            </trkpt>
            <trkpt lat="47.2070933" lon="10.5912717">
                <ele>1450.6</ele>
                <time>2018-07-08T04:24:57.000Z</time>
                <name>Position 156</name>
            </trkpt>
            <trkpt lat="47.2071883" lon="10.5912483">
                <ele>1453.4</ele>
                <time>2018-07-08T04:25:09.000Z</time>
                <name>Position 157</name>
            </trkpt>
            <trkpt lat="47.207285" lon="10.5912117">
                <ele>1456.0</ele>
                <time>2018-07-08T04:25:23.000Z</time>
                <name>Position 158</name>
            </trkpt>
            <trkpt lat="47.2073867" lon="10.5911733">
                <ele>1458.9</ele>
                <time>2018-07-08T04:25:39.000Z</time>
                <name>Position 159</name>
            </trkpt>
            <trkpt lat="47.2074733" lon="10.5911283">
                <ele>1461.2</ele>
                <time>2018-07-08T04:25:53.000Z</time>
                <name>Position 160</name>
            </trkpt>
            <trkpt lat="47.20757" lon="10.5910817">
                <ele>1463.6</ele>
                <time>2018-07-08T04:26:05.000Z</time>
                <name>Position 161</name>
            </trkpt>
            <trkpt lat="47.2076467" lon="10.5909767">
                <ele>1464.8</ele>
                <time>2018-07-08T04:26:21.000Z</time>
                <name>Position 162</name>
            </trkpt>
            <trkpt lat="47.2077017" lon="10.5908683">
                <ele>1464.8</ele>
                <time>2018-07-08T04:26:33.000Z</time>
                <name>Position 163</name>
            </trkpt>
            <trkpt lat="47.2077617" lon="10.59076">
                <ele>1465.1</ele>
                <time>2018-07-08T04:26:43.000Z</time>
                <name>Position 164</name>
            </trkpt>
            <trkpt lat="47.2078483" lon="10.5906667">
                <ele>1466.4</ele>
                <time>2018-07-08T04:26:55.000Z</time>
                <name>Position 165</name>
            </trkpt>
            <trkpt lat="47.20793" lon="10.590565">
                <ele>1467.4</ele>
                <time>2018-07-08T04:27:03.000Z</time>
                <name>Position 166</name>
            </trkpt>
            <trkpt lat="47.2079867" lon="10.590415">
                <ele>1467.3</ele>
                <time>2018-07-08T04:27:13.000Z</time>
                <name>Position 167</name>
            </trkpt>
            <trkpt lat="47.20803" lon="10.5902867">
                <ele>1466.9</ele>
                <time>2018-07-08T04:27:23.000Z</time>
                <name>Position 168</name>
            </trkpt>
            <trkpt lat="47.2080583" lon="10.5901467">
                <ele>1466.2</ele>
                <time>2018-07-08T04:27:33.000Z</time>
                <name>Position 169</name>
            </trkpt>
            <trkpt lat="47.2080883" lon="10.59001">
                <ele>1465.3</ele>
                <time>2018-07-08T04:27:41.000Z</time>
                <name>Position 170</name>
            </trkpt>
            <trkpt lat="47.2081167" lon="10.58986">
                <ele>1464.9</ele>
                <time>2018-07-08T04:27:51.000Z</time>
                <name>Position 171</name>
            </trkpt>
            <trkpt lat="47.2081817" lon="10.5897617">
                <ele>1465.6</ele>
                <time>2018-07-08T04:27:59.000Z</time>
                <name>Position 172</name>
            </trkpt>
            <trkpt lat="47.2082717" lon="10.5896983">
                <ele>1467.0</ele>
                <time>2018-07-08T04:28:09.000Z</time>
                <name>Position 173</name>
            </trkpt>
            <trkpt lat="47.208375" lon="10.589655">
                <ele>1468.9</ele>
                <time>2018-07-08T04:28:19.000Z</time>
                <name>Position 174</name>
            </trkpt>
            <trkpt lat="47.2084683" lon="10.5896733">
                <ele>1471.4</ele>
                <time>2018-07-08T04:28:27.000Z</time>
                <name>Position 175</name>
            </trkpt>
            <trkpt lat="47.208555" lon="10.5896217">
                <ele>1473.5</ele>
                <time>2018-07-08T04:28:35.000Z</time>
                <name>Position 176</name>
            </trkpt>
            <trkpt lat="47.20858" lon="10.5894617">
                <ele>1473.3</ele>
                <time>2018-07-08T04:28:47.000Z</time>
                <name>Position 177</name>
            </trkpt>
            <trkpt lat="47.208615" lon="10.589305">
                <ele>1473.3</ele>
                <time>2018-07-08T04:28:57.000Z</time>
                <name>Position 178</name>
            </trkpt>
            <trkpt lat="47.2086133" lon="10.5891667">
                <ele>1472.5</ele>
                <time>2018-07-08T04:29:05.000Z</time>
                <name>Position 179</name>
            </trkpt>
            <trkpt lat="47.2086133" lon="10.5890117">
                <ele>1472.5</ele>
                <time>2018-07-08T04:29:15.000Z</time>
                <name>Position 180</name>
            </trkpt>
            <trkpt lat="47.2087067" lon="10.5889517">
                <ele>1474.7</ele>
                <time>2018-07-08T04:29:31.000Z</time>
                <name>Position 181</name>
            </trkpt>
            <trkpt lat="47.2087867" lon="10.5888717">
                <ele>1476.5</ele>
                <time>2018-07-08T04:29:43.000Z</time>
                <name>Position 182</name>
            </trkpt>
            <trkpt lat="47.2088667" lon="10.5887917">
                <ele>1478.0</ele>
                <time>2018-07-08T04:29:53.000Z</time>
                <name>Position 183</name>
            </trkpt>
            <trkpt lat="47.2089483" lon="10.58873">
                <ele>1479.3</ele>
                <time>2018-07-08T04:30:01.000Z</time>
                <name>Position 184</name>
            </trkpt>
            <trkpt lat="47.2090183" lon="10.5885933">
                <ele>1479.6</ele>
                <time>2018-07-08T04:30:11.000Z</time>
                <name>Position 185</name>
            </trkpt>
            <trkpt lat="47.2091" lon="10.5885133">
                <ele>1480.1</ele>
                <time>2018-07-08T04:30:23.000Z</time>
                <name>Position 186</name>
            </trkpt>
            <trkpt lat="47.20916" lon="10.588375">
                <ele>1479.5</ele>
                <time>2018-07-08T04:30:33.000Z</time>
                <name>Position 187</name>
            </trkpt>
            <trkpt lat="47.2092283" lon="10.5882817">
                <ele>1480.0</ele>
                <time>2018-07-08T04:30:41.000Z</time>
                <name>Position 188</name>
            </trkpt>
            <trkpt lat="47.209335" lon="10.5882317">
                <ele>1481.8</ele>
                <time>2018-07-08T04:30:51.000Z</time>
                <name>Position 189</name>
            </trkpt>
            <trkpt lat="47.2094433" lon="10.58821">
                <ele>1483.6</ele>
                <time>2018-07-08T04:31:01.000Z</time>
                <name>Position 190</name>
            </trkpt>
            <trkpt lat="47.2095417" lon="10.5881633">
                <ele>1485.1</ele>
                <time>2018-07-08T04:31:11.000Z</time>
                <name>Position 191</name>
            </trkpt>
            <trkpt lat="47.2096517" lon="10.58813">
                <ele>1486.6</ele>
                <time>2018-07-08T04:31:21.000Z</time>
                <name>Position 192</name>
            </trkpt>
            <trkpt lat="47.2097517" lon="10.588075">
                <ele>1487.5</ele>
                <time>2018-07-08T04:31:31.000Z</time>
                <name>Position 193</name>
            </trkpt>
            <trkpt lat="47.20985" lon="10.5880233">
                <ele>1488.3</ele>
                <time>2018-07-08T04:31:41.000Z</time>
                <name>Position 194</name>
            </trkpt>
            <trkpt lat="47.209935" lon="10.58798">
                <ele>1488.7</ele>
                <time>2018-07-08T04:31:49.000Z</time>
                <name>Position 195</name>
            </trkpt>
            <trkpt lat="47.2100317" lon="10.5879383">
                <ele>1489.8</ele>
                <time>2018-07-08T04:31:57.000Z</time>
                <name>Position 196</name>
            </trkpt>
            <trkpt lat="47.2101317" lon="10.5878933">
                <ele>1492.2</ele>
                <time>2018-07-08T04:32:05.000Z</time>
                <name>Position 197</name>
            </trkpt>
            <trkpt lat="47.2102417" lon="10.5878767">
                <ele>1495.5</ele>
                <time>2018-07-08T04:32:15.000Z</time>
                <name>Position 198</name>
            </trkpt>
            <trkpt lat="47.210335" lon="10.587895">
                <ele>1498.8</ele>
                <time>2018-07-08T04:32:23.000Z</time>
                <name>Position 199</name>
            </trkpt>
            <trkpt lat="47.21043" lon="10.587915">
                <ele>1502.3</ele>
                <time>2018-07-08T04:32:31.000Z</time>
                <name>Position 200</name>
            </trkpt>
            <trkpt lat="47.2105383" lon="10.58789">
                <ele>1505.5</ele>
                <time>2018-07-08T04:32:39.000Z</time>
                <name>Position 201</name>
            </trkpt>
            <trkpt lat="47.21063" lon="10.58787">
                <ele>1508.2</ele>
                <time>2018-07-08T04:32:47.000Z</time>
                <name>Position 202</name>
            </trkpt>
            <trkpt lat="47.2106833" lon="10.5877417">
                <ele>1508.2</ele>
                <time>2018-07-08T04:32:57.000Z</time>
                <name>Position 203</name>
            </trkpt>
            <trkpt lat="47.210705" lon="10.5876017">
                <ele>1506.6</ele>
                <time>2018-07-08T04:33:07.000Z</time>
                <name>Position 204</name>
            </trkpt>
            <trkpt lat="47.210735" lon="10.5874533">
                <ele>1505.3</ele>
                <time>2018-07-08T04:33:15.000Z</time>
                <name>Position 205</name>
            </trkpt>
            <trkpt lat="47.21071" lon="10.5873183">
                <ele>1502.8</ele>
                <time>2018-07-08T04:33:25.000Z</time>
                <name>Position 206</name>
            </trkpt>
            <trkpt lat="47.2107317" lon="10.5871783">
                <ele>1501.6</ele>
                <time>2018-07-08T04:33:33.000Z</time>
                <name>Position 207</name>
            </trkpt>
            <trkpt lat="47.21076" lon="10.5870383">
                <ele>1500.6</ele>
                <time>2018-07-08T04:33:41.000Z</time>
                <name>Position 208</name>
            </trkpt>
            <trkpt lat="47.210795" lon="10.5868983">
                <ele>1499.5</ele>
                <time>2018-07-08T04:33:51.000Z</time>
                <name>Position 209</name>
            </trkpt>
            <trkpt lat="47.2108333" lon="10.5867417">
                <ele>1498.2</ele>
                <time>2018-07-08T04:33:59.000Z</time>
                <name>Position 210</name>
            </trkpt>
            <trkpt lat="47.210875" lon="10.5866167">
                <ele>1498.2</ele>
                <time>2018-07-08T04:34:07.000Z</time>
                <name>Position 211</name>
            </trkpt>
            <trkpt lat="47.210925" lon="10.5864717">
                <ele>1498.8</ele>
                <time>2018-07-08T04:34:17.000Z</time>
                <name>Position 212</name>
            </trkpt>
            <trkpt lat="47.2109833" lon="10.5863267">
                <ele>1499.1</ele>
                <time>2018-07-08T04:34:27.000Z</time>
                <name>Position 213</name>
            </trkpt>
            <trkpt lat="47.2110633" lon="10.5862267">
                <ele>1500.1</ele>
                <time>2018-07-08T04:34:35.000Z</time>
                <name>Position 214</name>
            </trkpt>
            <trkpt lat="47.211105" lon="10.5861033">
                <ele>1499.5</ele>
                <time>2018-07-08T04:34:43.000Z</time>
                <name>Position 215</name>
            </trkpt>
            <trkpt lat="47.21118" lon="10.5860183">
                <ele>1499.6</ele>
                <time>2018-07-08T04:34:53.000Z</time>
                <name>Position 216</name>
            </trkpt>
            <trkpt lat="47.21124" lon="10.585915">
                <ele>1499.1</ele>
                <time>2018-07-08T04:35:03.000Z</time>
                <name>Position 217</name>
            </trkpt>
            <trkpt lat="47.2112817" lon="10.5857867">
                <ele>1498.5</ele>
                <time>2018-07-08T04:35:13.000Z</time>
                <name>Position 218</name>
            </trkpt>
            <trkpt lat="47.2113417" lon="10.5856667">
                <ele>1500.9</ele>
                <time>2018-07-08T04:35:21.000Z</time>
                <name>Position 219</name>
            </trkpt>
            <trkpt lat="47.211435" lon="10.5856533">
                <ele>1502.3</ele>
                <time>2018-07-08T04:35:29.000Z</time>
                <name>Position 220</name>
            </trkpt>
            <trkpt lat="47.21155" lon="10.585635">
                <ele>1503.8</ele>
                <time>2018-07-08T04:35:39.000Z</time>
                <name>Position 221</name>
            </trkpt>
            <trkpt lat="47.2116567" lon="10.5856517">
                <ele>1504.9</ele>
                <time>2018-07-08T04:35:49.000Z</time>
                <name>Position 222</name>
            </trkpt>
            <trkpt lat="47.211765" lon="10.585635">
                <ele>1508.4</ele>
                <time>2018-07-08T04:35:57.000Z</time>
                <name>Position 223</name>
            </trkpt>
            <trkpt lat="47.211865" lon="10.5855883">
                <ele>1512.0</ele>
                <time>2018-07-08T04:36:07.000Z</time>
                <name>Position 224</name>
            </trkpt>
            <trkpt lat="47.2119533" lon="10.5855083">
                <ele>1514.6</ele>
                <time>2018-07-08T04:36:17.000Z</time>
                <name>Position 225</name>
            </trkpt>
            <trkpt lat="47.2120183" lon="10.5854067">
                <ele>1515.6</ele>
                <time>2018-07-08T04:36:29.000Z</time>
                <name>Position 226</name>
            </trkpt>
            <trkpt lat="47.21211" lon="10.5853833">
                <ele>1517.6</ele>
                <time>2018-07-08T04:36:39.000Z</time>
                <name>Position 227</name>
            </trkpt>
            <trkpt lat="47.2122" lon="10.58532">
                <ele>1518.7</ele>
                <time>2018-07-08T04:36:49.000Z</time>
                <name>Position 228</name>
            </trkpt>
            <trkpt lat="47.2123117" lon="10.5852933">
                <ele>1520.4</ele>
                <time>2018-07-08T04:36:59.000Z</time>
                <name>Position 229</name>
            </trkpt>
            <trkpt lat="47.2124033" lon="10.5852567">
                <ele>1521.5</ele>
                <time>2018-07-08T04:37:07.000Z</time>
                <name>Position 230</name>
            </trkpt>
            <trkpt lat="47.2124783" lon="10.5851783">
                <ele>1520.6</ele>
                <time>2018-07-08T04:37:17.000Z</time>
                <name>Position 231</name>
            </trkpt>
            <trkpt lat="47.2125283" lon="10.585065">
                <ele>1519.0</ele>
                <time>2018-07-08T04:37:27.000Z</time>
                <name>Position 232</name>
            </trkpt>
            <trkpt lat="47.2125733" lon="10.5849433">
                <ele>1520.0</ele>
                <time>2018-07-08T04:37:37.000Z</time>
                <name>Position 233</name>
            </trkpt>
            <trkpt lat="47.2126583" lon="10.5848583">
                <ele>1525.4</ele>
                <time>2018-07-08T04:37:49.000Z</time>
                <name>Position 234</name>
            </trkpt>
            <trkpt lat="47.212745" lon="10.5847783">
                <ele>1530.5</ele>
                <time>2018-07-08T04:38:01.000Z</time>
                <name>Position 235</name>
            </trkpt>
            <trkpt lat="47.212835" lon="10.5847067">
                <ele>1534.7</ele>
                <time>2018-07-08T04:38:13.000Z</time>
                <name>Position 236</name>
            </trkpt>
            <trkpt lat="47.2129133" lon="10.5846117">
                <ele>1537.7</ele>
                <time>2018-07-08T04:38:25.000Z</time>
                <name>Position 237</name>
            </trkpt>
            <trkpt lat="47.212985" lon="10.5845233">
                <ele>1539.5</ele>
                <time>2018-07-08T04:38:35.000Z</time>
                <name>Position 238</name>
            </trkpt>
            <trkpt lat="47.213025" lon="10.5843917">
                <ele>1539.3</ele>
                <time>2018-07-08T04:38:47.000Z</time>
                <name>Position 239</name>
            </trkpt>
            <trkpt lat="47.2130717" lon="10.5842567">
                <ele>1538.4</ele>
                <time>2018-07-08T04:39:01.000Z</time>
                <name>Position 240</name>
            </trkpt>
            <trkpt lat="47.2131367" lon="10.58416">
                <ele>1537.8</ele>
                <time>2018-07-08T04:39:13.000Z</time>
                <name>Position 241</name>
            </trkpt>
            <trkpt lat="47.2131983" lon="10.5840617">
                <ele>1539.2</ele>
                <time>2018-07-08T04:39:25.000Z</time>
                <name>Position 242</name>
            </trkpt>
            <trkpt lat="47.21328" lon="10.583965">
                <ele>1540.6</ele>
                <time>2018-07-08T04:39:41.000Z</time>
                <name>Position 243</name>
            </trkpt>
            <trkpt lat="47.2133433" lon="10.5838633">
                <ele>1541.7</ele>
                <time>2018-07-08T04:39:53.000Z</time>
                <name>Position 244</name>
            </trkpt>
            <trkpt lat="47.2134317" lon="10.5838033">
                <ele>1544.7</ele>
                <time>2018-07-08T04:40:09.000Z</time>
                <name>Position 245</name>
            </trkpt>
            <trkpt lat="47.2135283" lon="10.5837367">
                <ele>1547.6</ele>
                <time>2018-07-08T04:40:23.000Z</time>
                <name>Position 246</name>
            </trkpt>
            <trkpt lat="47.2136133" lon="10.5836717">
                <ele>1549.8</ele>
                <time>2018-07-08T04:40:35.000Z</time>
                <name>Position 247</name>
            </trkpt>
            <trkpt lat="47.21371" lon="10.58364">
                <ele>1552.2</ele>
                <time>2018-07-08T04:40:47.000Z</time>
                <name>Position 248</name>
            </trkpt>
            <trkpt lat="47.21381" lon="10.583605">
                <ele>1554.5</ele>
                <time>2018-07-08T04:41:03.000Z</time>
                <name>Position 249</name>
            </trkpt>
            <trkpt lat="47.2139083" lon="10.5835733">
                <ele>1556.5</ele>
                <time>2018-07-08T04:41:21.000Z</time>
                <name>Position 250</name>
            </trkpt>
            <trkpt lat="47.2140033" lon="10.5835617">
                <ele>1558.5</ele>
                <time>2018-07-08T04:41:35.000Z</time>
                <name>Position 251</name>
            </trkpt>
            <trkpt lat="47.2140983" lon="10.58354">
                <ele>1560.3</ele>
                <time>2018-07-08T04:41:47.000Z</time>
                <name>Position 252</name>
            </trkpt>
            <trkpt lat="47.2141783" lon="10.5834783">
                <ele>1560.9</ele>
                <time>2018-07-08T04:41:57.000Z</time>
                <name>Position 253</name>
            </trkpt>
            <trkpt lat="47.2142717" lon="10.583425">
                <ele>1563.4</ele>
                <time>2018-07-08T04:42:11.000Z</time>
                <name>Position 254</name>
            </trkpt>
            <trkpt lat="47.2143567" lon="10.5833417">
                <ele>1564.6</ele>
                <time>2018-07-08T04:42:27.000Z</time>
                <name>Position 255</name>
            </trkpt>
            <trkpt lat="47.2144467" lon="10.58329">
                <ele>1568.6</ele>
                <time>2018-07-08T04:42:43.000Z</time>
                <name>Position 256</name>
            </trkpt>
            <trkpt lat="47.2145167" lon="10.5832017">
                <ele>1572.4</ele>
                <time>2018-07-08T04:43:01.000Z</time>
                <name>Position 257</name>
            </trkpt>
            <trkpt lat="47.214575" lon="10.5830933">
                <ele>1575.5</ele>
                <time>2018-07-08T04:43:15.000Z</time>
                <name>Position 258</name>
            </trkpt>
            <trkpt lat="47.2146683" lon="10.5830317">
                <ele>1578.6</ele>
                <time>2018-07-08T04:43:29.000Z</time>
                <name>Position 259</name>
            </trkpt>
            <trkpt lat="47.2147733" lon="10.5830083">
                <ele>1581.4</ele>
                <time>2018-07-08T04:43:43.000Z</time>
                <name>Position 260</name>
            </trkpt>
            <trkpt lat="47.2148517" lon="10.5829267">
                <ele>1583.4</ele>
                <time>2018-07-08T04:43:57.000Z</time>
                <name>Position 261</name>
            </trkpt>
            <trkpt lat="47.2148233" lon="10.5830583">
                <ele>1582.9</ele>
                <time>2018-07-08T04:44:21.000Z</time>
                <name>Position 262</name>
            </trkpt>
            <trkpt lat="47.21488" lon="10.5831733">
                <ele>1584.5</ele>
                <time>2018-07-08T04:44:33.000Z</time>
                <name>Position 263</name>
            </trkpt>
            <trkpt lat="47.2149683" lon="10.5831417">
                <ele>1587.3</ele>
                <time>2018-07-08T04:44:51.000Z</time>
                <name>Position 264</name>
            </trkpt>
            <trkpt lat="47.2150567" lon="10.5830767">
                <ele>1590.3</ele>
                <time>2018-07-08T04:45:05.000Z</time>
                <name>Position 265</name>
            </trkpt>
            <trkpt lat="47.21516" lon="10.583065">
                <ele>1594.9</ele>
                <time>2018-07-08T04:45:19.000Z</time>
                <name>Position 266</name>
            </trkpt>
            <trkpt lat="47.21522" lon="10.5829467">
                <ele>1596.1</ele>
                <time>2018-07-08T04:45:31.000Z</time>
                <name>Position 267</name>
            </trkpt>
            <trkpt lat="47.2152883" lon="10.582855">
                <ele>1597.2</ele>
                <time>2018-07-08T04:45:43.000Z</time>
                <name>Position 268</name>
            </trkpt>
            <trkpt lat="47.2153867" lon="10.582815">
                <ele>1600.1</ele>
                <time>2018-07-08T04:45:57.000Z</time>
                <name>Position 269</name>
            </trkpt>
            <trkpt lat="47.2154667" lon="10.582745">
                <ele>1601.5</ele>
                <time>2018-07-08T04:46:13.000Z</time>
                <name>Position 270</name>
            </trkpt>
            <trkpt lat="47.2155483" lon="10.5826633">
                <ele>1602.1</ele>
                <time>2018-07-08T04:46:29.000Z</time>
                <name>Position 271</name>
            </trkpt>
            <trkpt lat="47.21563" lon="10.5825983">
                <ele>1602.6</ele>
                <time>2018-07-08T04:46:43.000Z</time>
                <name>Position 272</name>
            </trkpt>
            <trkpt lat="47.215705" lon="10.5825117">
                <ele>1602.1</ele>
                <time>2018-07-08T04:46:55.000Z</time>
                <name>Position 273</name>
            </trkpt>
            <trkpt lat="47.215785" lon="10.5824317">
                <ele>1603.6</ele>
                <time>2018-07-08T04:47:07.000Z</time>
                <name>Position 274</name>
            </trkpt>
            <trkpt lat="47.2158483" lon="10.5823333">
                <ele>1605.2</ele>
                <time>2018-07-08T04:47:17.000Z</time>
                <name>Position 275</name>
            </trkpt>
            <trkpt lat="47.2159167" lon="10.5822233">
                <ele>1607.4</ele>
                <time>2018-07-08T04:47:27.000Z</time>
                <name>Position 276</name>
            </trkpt>
            <trkpt lat="47.2160017" lon="10.5821533">
                <ele>1610.1</ele>
                <time>2018-07-08T04:47:37.000Z</time>
                <name>Position 277</name>
            </trkpt>
            <trkpt lat="47.2160667" lon="10.58206">
                <ele>1611.8</ele>
                <time>2018-07-08T04:47:45.000Z</time>
                <name>Position 278</name>
            </trkpt>
            <trkpt lat="47.21614" lon="10.5819517">
                <ele>1613.3</ele>
                <time>2018-07-08T04:47:59.000Z</time>
                <name>Position 279</name>
            </trkpt>
            <trkpt lat="47.2162217" lon="10.5818583">
                <ele>1614.7</ele>
                <time>2018-07-08T04:48:15.000Z</time>
                <name>Position 280</name>
            </trkpt>
            <trkpt lat="47.2162617" lon="10.582005">
                <ele>1617.3</ele>
                <time>2018-07-08T04:50:23.000Z</time>
                <name>Position 281</name>
            </trkpt>
            <trkpt lat="47.21633" lon="10.5820967">
                <ele>1620.5</ele>
                <time>2018-07-08T04:50:33.000Z</time>
                <name>Position 282</name>
            </trkpt>
            <trkpt lat="47.2164217" lon="10.5821367">
                <ele>1624.2</ele>
                <time>2018-07-08T04:50:49.000Z</time>
                <name>Position 283</name>
            </trkpt>
            <trkpt lat="47.2165183" lon="10.5821217">
                <ele>1627.2</ele>
                <time>2018-07-08T04:51:05.000Z</time>
                <name>Position 284</name>
            </trkpt>
            <trkpt lat="47.2166167" lon="10.5821617">
                <ele>1631.2</ele>
                <time>2018-07-08T04:51:23.000Z</time>
                <name>Position 285</name>
            </trkpt>
            <trkpt lat="47.21671" lon="10.5821917">
                <ele>1635.1</ele>
                <time>2018-07-08T04:51:39.000Z</time>
                <name>Position 286</name>
            </trkpt>
            <trkpt lat="47.2168033" lon="10.5822017">
                <ele>1638.7</ele>
                <time>2018-07-08T04:51:57.000Z</time>
                <name>Position 287</name>
            </trkpt>
            <trkpt lat="47.216895" lon="10.58217">
                <ele>1641.3</ele>
                <time>2018-07-08T04:52:19.000Z</time>
                <name>Position 288</name>
            </trkpt>
            <trkpt lat="47.2169867" lon="10.5822283">
                <ele>1645.9</ele>
                <time>2018-07-08T04:52:39.000Z</time>
                <name>Position 289</name>
            </trkpt>
            <trkpt lat="47.2170633" lon="10.5821567">
                <ele>1647.3</ele>
                <time>2018-07-08T04:52:55.000Z</time>
                <name>Position 290</name>
            </trkpt>
            <trkpt lat="47.2171567" lon="10.582215">
                <ele>1651.7</ele>
                <time>2018-07-08T04:53:15.000Z</time>
                <name>Position 291</name>
            </trkpt>
            <trkpt lat="47.2172567" lon="10.5822167">
                <ele>1655.5</ele>
                <time>2018-07-08T04:53:35.000Z</time>
                <name>Position 292</name>
            </trkpt>
            <trkpt lat="47.2173483" lon="10.5821967">
                <ele>1658.4</ele>
                <time>2018-07-08T04:53:55.000Z</time>
                <name>Position 293</name>
            </trkpt>
            <trkpt lat="47.2174433" lon="10.5821567">
                <ele>1660.7</ele>
                <time>2018-07-08T04:54:17.000Z</time>
                <name>Position 294</name>
            </trkpt>
            <trkpt lat="47.21754" lon="10.5821733">
                <ele>1664.5</ele>
                <time>2018-07-08T04:54:55.000Z</time>
                <name>Position 295</name>
            </trkpt>
            <trkpt lat="47.2176367" lon="10.5821417">
                <ele>1666.6</ele>
                <time>2018-07-08T04:55:15.000Z</time>
                <name>Position 296</name>
            </trkpt>
            <trkpt lat="47.21773" lon="10.582135">
                <ele>1669.3</ele>
                <time>2018-07-08T04:55:29.000Z</time>
                <name>Position 297</name>
            </trkpt>
            <trkpt lat="47.2178133" lon="10.5820667">
                <ele>1669.2</ele>
                <time>2018-07-08T04:55:45.000Z</time>
                <name>Position 298</name>
            </trkpt>
            <trkpt lat="47.217905" lon="10.5820717">
                <ele>1672.0</ele>
                <time>2018-07-08T04:56:11.000Z</time>
                <name>Position 299</name>
            </trkpt>
            <trkpt lat="47.218" lon="10.5820917">
                <ele>1675.4</ele>
                <time>2018-07-08T04:56:31.000Z</time>
                <name>Position 300</name>
            </trkpt>
            <trkpt lat="47.2180883" lon="10.58214">
                <ele>1680.0</ele>
                <time>2018-07-08T04:56:45.000Z</time>
                <name>Position 301</name>
            </trkpt>
            <trkpt lat="47.2181817" lon="10.5821367">
                <ele>1682.8</ele>
                <time>2018-07-08T04:56:57.000Z</time>
                <name>Position 302</name>
            </trkpt>
            <trkpt lat="47.2182833" lon="10.5821083">
                <ele>1684.5</ele>
                <time>2018-07-08T04:57:09.000Z</time>
                <name>Position 303</name>
            </trkpt>
            <trkpt lat="47.2183733" lon="10.582115">
                <ele>1687.8</ele>
                <time>2018-07-08T04:57:23.000Z</time>
                <name>Position 304</name>
            </trkpt>
            <trkpt lat="47.2184683" lon="10.5821383">
                <ele>1692.0</ele>
                <time>2018-07-08T04:57:41.000Z</time>
                <name>Position 305</name>
            </trkpt>
            <trkpt lat="47.2185667" lon="10.5821167">
                <ele>1694.7</ele>
                <time>2018-07-08T04:57:59.000Z</time>
                <name>Position 306</name>
            </trkpt>
            <trkpt lat="47.2186683" lon="10.5821217">
                <ele>1698.5</ele>
                <time>2018-07-08T04:58:15.000Z</time>
                <name>Position 307</name>
            </trkpt>
            <trkpt lat="47.2187683" lon="10.582125">
                <ele>1702.3</ele>
                <time>2018-07-08T04:58:31.000Z</time>
                <name>Position 308</name>
            </trkpt>
            <trkpt lat="47.218865" lon="10.58215">
                <ele>1707.0</ele>
                <time>2018-07-08T04:58:49.000Z</time>
                <name>Position 309</name>
            </trkpt>
            <trkpt lat="47.218965" lon="10.5821483">
                <ele>1710.5</ele>
                <time>2018-07-08T04:59:01.000Z</time>
                <name>Position 310</name>
            </trkpt>
            <trkpt lat="47.2190567" lon="10.5821617">
                <ele>1714.8</ele>
                <time>2018-07-08T04:59:21.000Z</time>
                <name>Position 311</name>
            </trkpt>
            <trkpt lat="47.2191383" lon="10.582105">
                <ele>1714.7</ele>
                <time>2018-07-08T04:59:33.000Z</time>
                <name>Position 312</name>
            </trkpt>
            <trkpt lat="47.2192217" lon="10.582055">
                <ele>1715.0</ele>
                <time>2018-07-08T04:59:47.000Z</time>
                <name>Position 313</name>
            </trkpt>
            <trkpt lat="47.2193117" lon="10.5820367">
                <ele>1717.5</ele>
                <time>2018-07-08T04:59:59.000Z</time>
                <name>Position 314</name>
            </trkpt>
            <trkpt lat="47.2194083" lon="10.5820067">
                <ele>1719.3</ele>
                <time>2018-07-08T05:00:13.000Z</time>
                <name>Position 315</name>
            </trkpt>
            <trkpt lat="47.2195067" lon="10.58198">
                <ele>1721.3</ele>
                <time>2018-07-08T05:00:29.000Z</time>
                <name>Position 316</name>
            </trkpt>
            <trkpt lat="47.2195983" lon="10.58198">
                <ele>1725.1</ele>
                <time>2018-07-08T05:00:51.000Z</time>
                <name>Position 317</name>
            </trkpt>
            <trkpt lat="47.219695" lon="10.58197">
                <ele>1727.8</ele>
                <time>2018-07-08T05:01:03.000Z</time>
                <name>Position 318</name>
            </trkpt>
            <trkpt lat="47.2197883" lon="10.5819467">
                <ele>1729.8</ele>
                <time>2018-07-08T05:01:23.000Z</time>
                <name>Position 319</name>
            </trkpt>
            <trkpt lat="47.2198783" lon="10.58197">
                <ele>1734.4</ele>
                <time>2018-07-08T05:01:41.000Z</time>
                <name>Position 320</name>
            </trkpt>
            <trkpt lat="47.2199733" lon="10.5819717">
                <ele>1738.2</ele>
                <time>2018-07-08T05:01:57.000Z</time>
                <name>Position 321</name>
            </trkpt>
            <trkpt lat="47.22006" lon="10.58203">
                <ele>1744.5</ele>
                <time>2018-07-08T05:02:17.000Z</time>
                <name>Position 322</name>
            </trkpt>
            <trkpt lat="47.220165" lon="10.5820583">
                <ele>1748.3</ele>
                <time>2018-07-08T05:02:43.000Z</time>
                <name>Position 323</name>
            </trkpt>
            <trkpt lat="47.2202617" lon="10.5820233">
                <ele>1748.5</ele>
                <time>2018-07-08T05:02:57.000Z</time>
                <name>Position 324</name>
            </trkpt>
            <trkpt lat="47.220355" lon="10.5820483">
                <ele>1751.9</ele>
                <time>2018-07-08T05:03:11.000Z</time>
                <name>Position 325</name>
            </trkpt>
            <trkpt lat="47.22045" lon="10.58205">
                <ele>1754.1</ele>
                <time>2018-07-08T05:03:25.000Z</time>
                <name>Position 326</name>
            </trkpt>
            <trkpt lat="47.2205517" lon="10.5820617">
                <ele>1756.7</ele>
                <time>2018-07-08T05:03:41.000Z</time>
                <name>Position 327</name>
            </trkpt>
            <trkpt lat="47.220645" lon="10.5820683">
                <ele>1759.2</ele>
                <time>2018-07-08T05:03:53.000Z</time>
                <name>Position 328</name>
            </trkpt>
            <trkpt lat="47.220745" lon="10.5820567">
                <ele>1760.7</ele>
                <time>2018-07-08T05:04:09.000Z</time>
                <name>Position 329</name>
            </trkpt>
            <trkpt lat="47.2208417" lon="10.58207">
                <ele>1763.3</ele>
                <time>2018-07-08T05:04:23.000Z</time>
                <name>Position 330</name>
            </trkpt>
            <trkpt lat="47.2209433" lon="10.5820783">
                <ele>1764.7</ele>
                <time>2018-07-08T05:04:41.000Z</time>
                <name>Position 331</name>
            </trkpt>
            <trkpt lat="47.2210317" lon="10.5821183">
                <ele>1767.5</ele>
                <time>2018-07-08T05:05:03.000Z</time>
                <name>Position 332</name>
            </trkpt>
            <trkpt lat="47.2211267" lon="10.5821333">
                <ele>1768.9</ele>
                <time>2018-07-08T05:05:25.000Z</time>
                <name>Position 333</name>
            </trkpt>
            <trkpt lat="47.221225" lon="10.5821733">
                <ele>1771.4</ele>
                <time>2018-07-08T05:05:39.000Z</time>
                <name>Position 334</name>
            </trkpt>
            <trkpt lat="47.2213183" lon="10.5821933">
                <ele>1772.8</ele>
                <time>2018-07-08T05:05:55.000Z</time>
                <name>Position 335</name>
            </trkpt>
            <trkpt lat="47.2214033" lon="10.582255">
                <ele>1776.0</ele>
                <time>2018-07-08T05:06:21.000Z</time>
                <name>Position 336</name>
            </trkpt>
            <trkpt lat="47.22149" lon="10.5823117">
                <ele>1778.8</ele>
                <time>2018-07-08T05:06:53.000Z</time>
                <name>Position 337</name>
            </trkpt>
            <trkpt lat="47.2215617" lon="10.5823983">
                <ele>1782.7</ele>
                <time>2018-07-08T05:07:17.000Z</time>
                <name>Position 338</name>
            </trkpt>
            <trkpt lat="47.2216467" lon="10.5824667">
                <ele>1785.6</ele>
                <time>2018-07-08T05:07:39.000Z</time>
                <name>Position 339</name>
            </trkpt>
            <trkpt lat="47.2216967" lon="10.58261">
                <ele>1791.6</ele>
                <time>2018-07-08T05:08:17.000Z</time>
                <name>Position 340</name>
            </trkpt>
            <trkpt lat="47.22178" lon="10.5826667">
                <ele>1795.7</ele>
                <time>2018-07-08T05:08:31.000Z</time>
                <name>Position 341</name>
            </trkpt>
            <trkpt lat="47.2218633" lon="10.5827267">
                <ele>1798.9</ele>
                <time>2018-07-08T05:08:43.000Z</time>
                <name>Position 342</name>
            </trkpt>
            <trkpt lat="47.2219633" lon="10.5827667">
                <ele>1801.2</ele>
                <time>2018-07-08T05:09:01.000Z</time>
                <name>Position 343</name>
            </trkpt>
            <trkpt lat="47.2220533" lon="10.5828133">
                <ele>1803.7</ele>
                <time>2018-07-08T05:09:13.000Z</time>
                <name>Position 344</name>
            </trkpt>
            <trkpt lat="47.2221467" lon="10.5828533">
                <ele>1805.7</ele>
                <time>2018-07-08T05:09:27.000Z</time>
                <name>Position 345</name>
            </trkpt>
            <trkpt lat="47.2222267" lon="10.5829183">
                <ele>1808.5</ele>
                <time>2018-07-08T05:09:39.000Z</time>
                <name>Position 346</name>
            </trkpt>
            <trkpt lat="47.2223183" lon="10.5829033">
                <ele>1808.7</ele>
                <time>2018-07-08T05:09:53.000Z</time>
                <name>Position 347</name>
            </trkpt>
            <trkpt lat="47.2223983" lon="10.582805">
                <ele>1805.3</ele>
                <time>2018-07-08T05:10:15.000Z</time>
                <name>Position 348</name>
            </trkpt>
            <trkpt lat="47.22248" lon="10.582725">
                <ele>1802.8</ele>
                <time>2018-07-08T05:10:27.000Z</time>
                <name>Position 349</name>
            </trkpt>
            <trkpt lat="47.2225467" lon="10.582615">
                <ele>1800.9</ele>
                <time>2018-07-08T05:10:45.000Z</time>
                <name>Position 350</name>
            </trkpt>
            <trkpt lat="47.2226467" lon="10.5826">
                <ele>1803.7</ele>
                <time>2018-07-08T05:10:59.000Z</time>
                <name>Position 351</name>
            </trkpt>
            <trkpt lat="47.2227267" lon="10.5826717">
                <ele>1809.1</ele>
                <time>2018-07-08T05:11:13.000Z</time>
                <name>Position 352</name>
            </trkpt>
            <trkpt lat="47.2228133" lon="10.582725">
                <ele>1814.2</ele>
                <time>2018-07-08T05:11:29.000Z</time>
                <name>Position 353</name>
            </trkpt>
            <trkpt lat="47.2229083" lon="10.5827017">
                <ele>1817.2</ele>
                <time>2018-07-08T05:11:47.000Z</time>
                <name>Position 354</name>
            </trkpt>
            <trkpt lat="47.2229967" lon="10.5826233">
                <ele>1817.6</ele>
                <time>2018-07-08T05:12:01.000Z</time>
                <name>Position 355</name>
            </trkpt>
            <trkpt lat="47.2230867" lon="10.582595">
                <ele>1820.1</ele>
                <time>2018-07-08T05:12:21.000Z</time>
                <name>Position 356</name>
            </trkpt>
            <trkpt lat="47.22312" lon="10.5827217">
                <ele>1825.3</ele>
                <time>2018-07-08T05:12:47.000Z</time>
                <name>Position 357</name>
            </trkpt>
            <trkpt lat="47.223065" lon="10.58285">
                <ele>1827.9</ele>
                <time>2018-07-08T05:13:07.000Z</time>
                <name>Position 358</name>
            </trkpt>
            <trkpt lat="47.2231583" lon="10.5828717">
                <ele>1831.9</ele>
                <time>2018-07-08T05:13:29.000Z</time>
                <name>Position 359</name>
            </trkpt>
            <trkpt lat="47.2232083" lon="10.5830067">
                <ele>1838.1</ele>
                <time>2018-07-08T05:14:11.000Z</time>
                <name>Position 360</name>
            </trkpt>
            <trkpt lat="47.2232967" lon="10.58304">
                <ele>1842.8</ele>
                <time>2018-07-08T05:14:43.000Z</time>
                <name>Position 361</name>
            </trkpt>
            <trkpt lat="47.2233867" lon="10.5830433">
                <ele>1845.1</ele>
                <time>2018-07-08T05:15:03.000Z</time>
                <name>Position 362</name>
            </trkpt>
            <trkpt lat="47.2234833" lon="10.58303">
                <ele>1846.4</ele>
                <time>2018-07-08T05:15:17.000Z</time>
                <name>Position 363</name>
            </trkpt>
            <trkpt lat="47.223525" lon="10.5831583">
                <ele>1850.4</ele>
                <time>2018-07-08T05:15:45.000Z</time>
                <name>Position 364</name>
            </trkpt>
            <trkpt lat="47.22356" lon="10.58329">
                <ele>1853.9</ele>
                <time>2018-07-08T05:16:09.000Z</time>
                <name>Position 365</name>
            </trkpt>
            <trkpt lat="47.2236217" lon="10.58339">
                <ele>1857.3</ele>
                <time>2018-07-08T05:16:31.000Z</time>
                <name>Position 366</name>
            </trkpt>
            <trkpt lat="47.223675" lon="10.5835033">
                <ele>1861.7</ele>
                <time>2018-07-08T05:16:49.000Z</time>
                <name>Position 367</name>
            </trkpt>
            <trkpt lat="47.22374" lon="10.583605">
                <ele>1865.7</ele>
                <time>2018-07-08T05:17:11.000Z</time>
                <name>Position 368</name>
            </trkpt>
            <trkpt lat="47.223645" lon="10.5836533">
                <ele>1867.3</ele>
                <time>2018-07-08T05:17:47.000Z</time>
                <name>Position 369</name>
            </trkpt>
            <trkpt lat="47.2236567" lon="10.58379">
                <ele>1872.1</ele>
                <time>2018-07-08T05:18:11.000Z</time>
                <name>Position 370</name>
            </trkpt>
            <trkpt lat="47.2237333" lon="10.58388">
                <ele>1875.9</ele>
                <time>2018-07-08T05:18:31.000Z</time>
                <name>Position 371</name>
            </trkpt>
            <trkpt lat="47.223765" lon="10.5840117">
                <ele>1880.7</ele>
                <time>2018-07-08T05:18:51.000Z</time>
                <name>Position 372</name>
            </trkpt>
            <trkpt lat="47.2236617" lon="10.5839983">
                <ele>1880.1</ele>
                <time>2018-07-08T05:19:11.000Z</time>
                <name>Position 373</name>
            </trkpt>
            <trkpt lat="47.2237" lon="10.5841283">
                <ele>1884.7</ele>
                <time>2018-07-08T05:19:43.000Z</time>
                <name>Position 374</name>
            </trkpt>
            <trkpt lat="47.2237517" lon="10.58425">
                <ele>1889.3</ele>
                <time>2018-07-08T05:19:57.000Z</time>
                <name>Position 375</name>
            </trkpt>
            <trkpt lat="47.2237767" lon="10.5843817">
                <ele>1894.5</ele>
                <time>2018-07-08T05:20:13.000Z</time>
                <name>Position 376</name>
            </trkpt>
            <trkpt lat="47.22387" lon="10.5844283">
                <ele>1896.9</ele>
                <time>2018-07-08T05:20:33.000Z</time>
                <name>Position 377</name>
            </trkpt>
            <trkpt lat="47.2239583" lon="10.5844">
                <ele>1896.2</ele>
                <time>2018-07-08T05:20:49.000Z</time>
                <name>Position 378</name>
            </trkpt>
            <trkpt lat="47.2240583" lon="10.5843683">
                <ele>1895.5</ele>
                <time>2018-07-08T05:21:07.000Z</time>
                <name>Position 379</name>
            </trkpt>
            <trkpt lat="47.2241483" lon="10.58436">
                <ele>1895.5</ele>
                <time>2018-07-08T05:21:25.000Z</time>
                <name>Position 380</name>
            </trkpt>
            <trkpt lat="47.2242467" lon="10.5843733">
                <ele>1896.6</ele>
                <time>2018-07-08T05:21:39.000Z</time>
                <name>Position 381</name>
            </trkpt>
            <trkpt lat="47.2243383" lon="10.584425">
                <ele>1898.6</ele>
                <time>2018-07-08T05:21:49.000Z</time>
                <name>Position 382</name>
            </trkpt>
            <trkpt lat="47.22441" lon="10.5845167">
                <ele>1902.1</ele>
                <time>2018-07-08T05:22:05.000Z</time>
                <name>Position 383</name>
            </trkpt>
            <trkpt lat="47.224475" lon="10.5846283">
                <ele>1906.0</ele>
                <time>2018-07-08T05:22:23.000Z</time>
                <name>Position 384</name>
            </trkpt>
            <trkpt lat="47.2245283" lon="10.5847417">
                <ele>1909.7</ele>
                <time>2018-07-08T05:22:47.000Z</time>
                <name>Position 385</name>
            </trkpt>
            <trkpt lat="47.2246083" lon="10.58483">
                <ele>1912.3</ele>
                <time>2018-07-08T05:22:57.000Z</time>
                <name>Position 386</name>
            </trkpt>
            <trkpt lat="47.22469" lon="10.5849233">
                <ele>1914.7</ele>
                <time>2018-07-08T05:23:09.000Z</time>
                <name>Position 387</name>
            </trkpt>
            <trkpt lat="47.2247633" lon="10.5850233">
                <ele>1917.4</ele>
                <time>2018-07-08T05:23:21.000Z</time>
                <name>Position 388</name>
            </trkpt>
            <trkpt lat="47.22481" lon="10.58514">
                <ele>1922.1</ele>
                <time>2018-07-08T05:23:37.000Z</time>
                <name>Position 389</name>
            </trkpt>
            <trkpt lat="47.2248733" lon="10.58526">
                <ele>1926.8</ele>
                <time>2018-07-08T05:23:53.000Z</time>
                <name>Position 390</name>
            </trkpt>
            <trkpt lat="47.2249017" lon="10.585395">
                <ele>1932.6</ele>
                <time>2018-07-08T05:24:09.000Z</time>
                <name>Position 391</name>
            </trkpt>
            <trkpt lat="47.224985" lon="10.585505">
                <ele>1937.2</ele>
                <time>2018-07-08T05:24:27.000Z</time>
                <name>Position 392</name>
            </trkpt>
            <trkpt lat="47.224965" lon="10.58564">
                <ele>1943.3</ele>
                <time>2018-07-08T05:25:21.000Z</time>
                <name>Position 393</name>
            </trkpt>
            <trkpt lat="47.2248683" lon="10.5855917">
                <ele>1941.7</ele>
                <time>2018-07-08T05:25:35.000Z</time>
                <name>Position 394</name>
            </trkpt>
            <trkpt lat="47.224775" lon="10.58553">
                <ele>1939.0</ele>
                <time>2018-07-08T05:25:49.000Z</time>
                <name>Position 395</name>
            </trkpt>
            <trkpt lat="47.2247067" lon="10.5856317">
                <ele>1942.9</ele>
                <time>2018-07-08T05:26:05.000Z</time>
                <name>Position 396</name>
            </trkpt>
            <trkpt lat="47.2246417" lon="10.5857317">
                <ele>1947.3</ele>
                <time>2018-07-08T05:26:29.000Z</time>
                <name>Position 397</name>
            </trkpt>
            <trkpt lat="47.2245733" lon="10.5858283">
                <ele>1951.0</ele>
                <time>2018-07-08T05:26:45.000Z</time>
                <name>Position 398</name>
            </trkpt>
            <trkpt lat="47.2246517" lon="10.58593">
                <ele>1955.2</ele>
                <time>2018-07-08T05:27:03.000Z</time>
                <name>Position 399</name>
            </trkpt>
            <trkpt lat="47.2246983" lon="10.5860517">
                <ele>1960.2</ele>
                <time>2018-07-08T05:27:17.000Z</time>
                <name>Position 400</name>
            </trkpt>
            <trkpt lat="47.2246717" lon="10.5861817">
                <ele>1965.7</ele>
                <time>2018-07-08T05:27:43.000Z</time>
                <name>Position 401</name>
            </trkpt>
            <trkpt lat="47.2247067" lon="10.5863083">
                <ele>1971.0</ele>
                <time>2018-07-08T05:28:07.000Z</time>
                <name>Position 402</name>
            </trkpt>
            <trkpt lat="47.2247733" lon="10.5864267">
                <ele>1976.0</ele>
                <time>2018-07-08T05:28:29.000Z</time>
                <name>Position 403</name>
            </trkpt>
            <trkpt lat="47.224845" lon="10.58652">
                <ele>1980.6</ele>
                <time>2018-07-08T05:28:45.000Z</time>
                <name>Position 404</name>
            </trkpt>
            <trkpt lat="47.2249283" lon="10.586585">
                <ele>1983.7</ele>
                <time>2018-07-08T05:29:05.000Z</time>
                <name>Position 405</name>
            </trkpt>
            <trkpt lat="47.2248467" lon="10.5866583">
                <ele>1986.5</ele>
                <time>2018-07-08T05:29:27.000Z</time>
                <name>Position 406</name>
            </trkpt>
            <trkpt lat="47.2248633" lon="10.58679">
                <ele>1992.1</ele>
                <time>2018-07-08T05:30:13.000Z</time>
                <name>Position 407</name>
            </trkpt>
            <trkpt lat="47.2247667" lon="10.5868183">
                <ele>1992.6</ele>
                <time>2018-07-08T05:30:27.000Z</time>
                <name>Position 408</name>
            </trkpt>
            <trkpt lat="47.2246783" lon="10.5868433">
                <ele>1992.6</ele>
                <time>2018-07-08T05:30:45.000Z</time>
                <name>Position 409</name>
            </trkpt>
            <trkpt lat="47.2247583" lon="10.58692">
                <ele>1996.5</ele>
                <time>2018-07-08T05:31:03.000Z</time>
                <name>Position 410</name>
            </trkpt>
            <trkpt lat="47.2248183" lon="10.5870217">
                <ele>2001.4</ele>
                <time>2018-07-08T05:31:21.000Z</time>
                <name>Position 411</name>
            </trkpt>
            <trkpt lat="47.22489" lon="10.58711">
                <ele>2006.0</ele>
                <time>2018-07-08T05:31:39.000Z</time>
                <name>Position 412</name>
            </trkpt>
            <trkpt lat="47.2249467" lon="10.5872333">
                <ele>2012.0</ele>
                <time>2018-07-08T05:31:57.000Z</time>
                <name>Position 413</name>
            </trkpt>
            <trkpt lat="47.22503" lon="10.587305">
                <ele>2016.8</ele>
                <time>2018-07-08T05:32:11.000Z</time>
                <name>Position 414</name>
            </trkpt>
            <trkpt lat="47.2249667" lon="10.5874117">
                <ele>2020.6</ele>
                <time>2018-07-08T05:32:39.000Z</time>
                <name>Position 415</name>
            </trkpt>
            <trkpt lat="47.224995" lon="10.587555">
                <ele>2026.7</ele>
                <time>2018-07-08T05:33:13.000Z</time>
                <name>Position 416</name>
            </trkpt>
            <trkpt lat="47.2250533" lon="10.5876667">
                <ele>2032.1</ele>
                <time>2018-07-08T05:33:27.000Z</time>
                <name>Position 417</name>
            </trkpt>
            <trkpt lat="47.225145" lon="10.587735">
                <ele>2036.6</ele>
                <time>2018-07-08T05:33:41.000Z</time>
                <name>Position 418</name>
            </trkpt>
            <trkpt lat="47.2252317" lon="10.5878017">
                <ele>2040.6</ele>
                <time>2018-07-08T05:33:57.000Z</time>
                <name>Position 419</name>
            </trkpt>
            <trkpt lat="47.2253317" lon="10.58784">
                <ele>2044.0</ele>
                <time>2018-07-08T05:34:13.000Z</time>
                <name>Position 420</name>
            </trkpt>
            <trkpt lat="47.225425" lon="10.587865">
                <ele>2046.3</ele>
                <time>2018-07-08T05:34:27.000Z</time>
                <name>Position 421</name>
            </trkpt>
            <trkpt lat="47.2255167" lon="10.5879033">
                <ele>2049.1</ele>
                <time>2018-07-08T05:34:41.000Z</time>
                <name>Position 422</name>
            </trkpt>
            <trkpt lat="47.22561" lon="10.5879117">
                <ele>2051.0</ele>
                <time>2018-07-08T05:34:53.000Z</time>
                <name>Position 423</name>
            </trkpt>
            <trkpt lat="47.2257083" lon="10.58792">
                <ele>2052.9</ele>
                <time>2018-07-08T05:35:05.000Z</time>
                <name>Position 424</name>
            </trkpt>
            <trkpt lat="47.2257983" lon="10.5878667">
                <ele>2053.1</ele>
                <time>2018-07-08T05:35:17.000Z</time>
                <name>Position 425</name>
            </trkpt>
            <trkpt lat="47.225865" lon="10.5877717">
                <ele>2051.8</ele>
                <time>2018-07-08T05:35:27.000Z</time>
                <name>Position 426</name>
            </trkpt>
            <trkpt lat="47.2259283" lon="10.587655">
                <ele>2049.7</ele>
                <time>2018-07-08T05:35:39.000Z</time>
                <name>Position 427</name>
            </trkpt>
            <trkpt lat="47.2259717" lon="10.5875383">
                <ele>2047.4</ele>
                <time>2018-07-08T05:35:49.000Z</time>
                <name>Position 428</name>
            </trkpt>
            <trkpt lat="47.22605" lon="10.5874683">
                <ele>2046.3</ele>
                <time>2018-07-08T05:35:59.000Z</time>
                <name>Position 429</name>
            </trkpt>
            <trkpt lat="47.2261383" lon="10.58739">
                <ele>2045.1</ele>
                <time>2018-07-08T05:36:11.000Z</time>
                <name>Position 430</name>
            </trkpt>
            <trkpt lat="47.226115" lon="10.5872567">
                <ele>2040.1</ele>
                <time>2018-07-08T05:36:43.000Z</time>
                <name>Position 431</name>
            </trkpt>
            <trkpt lat="47.2264367" lon="10.5878467">
                <ele>2062.0</ele>
                <time>2018-07-08T05:52:05.000Z</time>
                <name>Position 432</name>
            </trkpt>
            <trkpt lat="47.2263867" lon="10.58796">
                <ele>2064.1</ele>
                <time>2018-07-08T05:52:13.000Z</time>
                <name>Position 433</name>
            </trkpt>
            <trkpt lat="47.2263067" lon="10.5880367">
                <ele>2065.1</ele>
                <time>2018-07-08T05:52:25.000Z</time>
                <name>Position 434</name>
            </trkpt>
            <trkpt lat="47.2262567" lon="10.588175">
                <ele>2067.8</ele>
                <time>2018-07-08T05:52:41.000Z</time>
                <name>Position 435</name>
            </trkpt>
            <trkpt lat="47.22621" lon="10.5883017">
                <ele>2070.4</ele>
                <time>2018-07-08T05:52:55.000Z</time>
                <name>Position 436</name>
            </trkpt>
            <trkpt lat="47.226185" lon="10.5884433">
                <ele>2073.2</ele>
                <time>2018-07-08T05:53:07.000Z</time>
                <name>Position 437</name>
            </trkpt>
            <trkpt lat="47.2261983" lon="10.5885783">
                <ele>2076.0</ele>
                <time>2018-07-08T05:53:19.000Z</time>
                <name>Position 438</name>
            </trkpt>
            <trkpt lat="47.2262433" lon="10.5886967">
                <ele>2079.3</ele>
                <time>2018-07-08T05:53:31.000Z</time>
                <name>Position 439</name>
            </trkpt>
            <trkpt lat="47.226335" lon="10.5886883">
                <ele>2080.9</ele>
                <time>2018-07-08T05:53:59.000Z</time>
                <name>Position 440</name>
            </trkpt>
            <trkpt lat="47.2264233" lon="10.58877">
                <ele>2084.2</ele>
                <time>2018-07-08T05:54:23.000Z</time>
                <name>Position 441</name>
            </trkpt>
            <trkpt lat="47.2264983" lon="10.5888667">
                <ele>2087.9</ele>
                <time>2018-07-08T05:54:39.000Z</time>
                <name>Position 442</name>
            </trkpt>
            <trkpt lat="47.2266" lon="10.588825">
                <ele>2089.1</ele>
                <time>2018-07-08T05:54:57.000Z</time>
                <name>Position 443</name>
            </trkpt>
            <trkpt lat="47.2266917" lon="10.58882">
                <ele>2090.9</ele>
                <time>2018-07-08T05:55:13.000Z</time>
                <name>Position 444</name>
            </trkpt>
            <trkpt lat="47.226785" lon="10.5888283">
                <ele>2094.1</ele>
                <time>2018-07-08T05:55:25.000Z</time>
                <name>Position 445</name>
            </trkpt>
            <trkpt lat="47.226875" lon="10.5888083">
                <ele>2096.6</ele>
                <time>2018-07-08T05:55:39.000Z</time>
                <name>Position 446</name>
            </trkpt>
            <trkpt lat="47.226945" lon="10.5887233">
                <ele>2096.8</ele>
                <time>2018-07-08T05:55:59.000Z</time>
                <name>Position 447</name>
            </trkpt>
            <trkpt lat="47.2270183" lon="10.5886433">
                <ele>2097.4</ele>
                <time>2018-07-08T05:56:27.000Z</time>
                <name>Position 448</name>
            </trkpt>
            <trkpt lat="47.227095" lon="10.5887217">
                <ele>2101.4</ele>
                <time>2018-07-08T05:56:45.000Z</time>
                <name>Position 449</name>
            </trkpt>
            <trkpt lat="47.227105" lon="10.58887">
                <ele>2105.4</ele>
                <time>2018-07-08T05:56:59.000Z</time>
                <name>Position 450</name>
            </trkpt>
            <trkpt lat="47.227195" lon="10.5888267">
                <ele>2107.5</ele>
                <time>2018-07-08T05:57:57.000Z</time>
                <name>Position 451</name>
            </trkpt>
            <trkpt lat="47.2272817" lon="10.5887783">
                <ele>2109.0</ele>
                <time>2018-07-08T05:58:25.000Z</time>
                <name>Position 452</name>
            </trkpt>
            <trkpt lat="47.2273633" lon="10.588835">
                <ele>2112.8</ele>
                <time>2018-07-08T05:58:41.000Z</time>
                <name>Position 453</name>
            </trkpt>
            <trkpt lat="47.22742" lon="10.58895">
                <ele>2117.2</ele>
                <time>2018-07-08T05:58:57.000Z</time>
                <name>Position 454</name>
            </trkpt>
            <trkpt lat="47.2275033" lon="10.5890217">
                <ele>2121.5</ele>
                <time>2018-07-08T05:59:19.000Z</time>
                <name>Position 455</name>
            </trkpt>
            <trkpt lat="47.2275817" lon="10.5891267">
                <ele>2123.9</ele>
                <time>2018-07-08T05:59:39.000Z</time>
                <name>Position 456</name>
            </trkpt>
            <trkpt lat="47.227645" lon="10.5892267">
                <ele>2126.2</ele>
                <time>2018-07-08T05:59:51.000Z</time>
                <name>Position 457</name>
            </trkpt>
            <trkpt lat="47.22772" lon="10.58932">
                <ele>2128.0</ele>
                <time>2018-07-08T06:00:03.000Z</time>
                <name>Position 458</name>
            </trkpt>
            <trkpt lat="47.227785" lon="10.58945">
                <ele>2130.3</ele>
                <time>2018-07-08T06:00:15.000Z</time>
                <name>Position 459</name>
            </trkpt>
            <trkpt lat="47.227815" lon="10.589575">
                <ele>2132.6</ele>
                <time>2018-07-08T06:00:25.000Z</time>
                <name>Position 460</name>
            </trkpt>
            <trkpt lat="47.2278167" lon="10.5897133">
                <ele>2135.2</ele>
                <time>2018-07-08T06:00:35.000Z</time>
                <name>Position 461</name>
            </trkpt>
            <trkpt lat="47.2278467" lon="10.58985">
                <ele>2137.5</ele>
                <time>2018-07-08T06:00:45.000Z</time>
                <name>Position 462</name>
            </trkpt>
            <trkpt lat="47.2279117" lon="10.58996">
                <ele>2138.7</ele>
                <time>2018-07-08T06:00:59.000Z</time>
                <name>Position 463</name>
            </trkpt>
            <trkpt lat="47.2279667" lon="10.5900983">
                <ele>2141.2</ele>
                <time>2018-07-08T06:01:11.000Z</time>
                <name>Position 464</name>
            </trkpt>
            <trkpt lat="47.2280383" lon="10.5902">
                <ele>2142.9</ele>
                <time>2018-07-08T06:01:25.000Z</time>
                <name>Position 465</name>
            </trkpt>
            <trkpt lat="47.2281233" lon="10.59027">
                <ele>2143.5</ele>
                <time>2018-07-08T06:01:37.000Z</time>
                <name>Position 466</name>
            </trkpt>
            <trkpt lat="47.22821" lon="10.5903483">
                <ele>2144.4</ele>
                <time>2018-07-08T06:01:47.000Z</time>
                <name>Position 467</name>
            </trkpt>
            <trkpt lat="47.2282683" lon="10.5904567">
                <ele>2146.3</ele>
                <time>2018-07-08T06:01:57.000Z</time>
                <name>Position 468</name>
            </trkpt>
            <trkpt lat="47.22833" lon="10.5905683">
                <ele>2148.2</ele>
                <time>2018-07-08T06:02:07.000Z</time>
                <name>Position 469</name>
            </trkpt>
            <trkpt lat="47.2284167" lon="10.59064">
                <ele>2150.8</ele>
                <time>2018-07-08T06:02:17.000Z</time>
                <name>Position 470</name>
            </trkpt>
            <trkpt lat="47.2285167" lon="10.5906833">
                <ele>2152.8</ele>
                <time>2018-07-08T06:02:27.000Z</time>
                <name>Position 471</name>
            </trkpt>
            <trkpt lat="47.2286033" lon="10.590725">
                <ele>2154.6</ele>
                <time>2018-07-08T06:02:37.000Z</time>
                <name>Position 472</name>
            </trkpt>
            <trkpt lat="47.22868" lon="10.590655">
                <ele>2154.1</ele>
                <time>2018-07-08T06:02:47.000Z</time>
                <name>Position 473</name>
            </trkpt>
            <trkpt lat="47.2287583" lon="10.5905633">
                <ele>2153.2</ele>
                <time>2018-07-08T06:02:59.000Z</time>
                <name>Position 474</name>
            </trkpt>
            <trkpt lat="47.228835" lon="10.5904817">
                <ele>2152.5</ele>
                <time>2018-07-08T06:03:17.000Z</time>
                <name>Position 475</name>
            </trkpt>
            <trkpt lat="47.2289317" lon="10.5904683">
                <ele>2153.4</ele>
                <time>2018-07-08T06:03:29.000Z</time>
                <name>Position 476</name>
            </trkpt>
            <trkpt lat="47.2289583" lon="10.5905983">
                <ele>2155.8</ele>
                <time>2018-07-08T06:03:41.000Z</time>
                <name>Position 477</name>
            </trkpt>
            <trkpt lat="47.228945" lon="10.5907367">
                <ele>2157.8</ele>
                <time>2018-07-08T06:03:55.000Z</time>
                <name>Position 478</name>
            </trkpt>
            <trkpt lat="47.2289317" lon="10.590885">
                <ele>2160.3</ele>
                <time>2018-07-08T06:04:13.000Z</time>
                <name>Position 479</name>
            </trkpt>
            <trkpt lat="47.2289883" lon="10.5909983">
                <ele>2163.1</ele>
                <time>2018-07-08T06:04:29.000Z</time>
                <name>Position 480</name>
            </trkpt>
            <trkpt lat="47.2290767" lon="10.5909733">
                <ele>2162.9</ele>
                <time>2018-07-08T06:05:13.000Z</time>
                <name>Position 481</name>
            </trkpt>
            <trkpt lat="47.2291617" lon="10.5910433">
                <ele>2164.2</ele>
                <time>2018-07-08T06:07:05.000Z</time>
                <name>Position 482</name>
            </trkpt>
            <trkpt lat="47.2292117" lon="10.5911633">
                <ele>2167.2</ele>
                <time>2018-07-08T06:07:17.000Z</time>
                <name>Position 483</name>
            </trkpt>
            <trkpt lat="47.2292467" lon="10.5912983">
                <ele>2170.0</ele>
                <time>2018-07-08T06:07:27.000Z</time>
                <name>Position 484</name>
            </trkpt>
            <trkpt lat="47.22926" lon="10.5914333">
                <ele>2172.2</ele>
                <time>2018-07-08T06:07:35.000Z</time>
                <name>Position 485</name>
            </trkpt>
            <trkpt lat="47.2293067" lon="10.5915467">
                <ele>2174.7</ele>
                <time>2018-07-08T06:07:43.000Z</time>
                <name>Position 486</name>
            </trkpt>
            <trkpt lat="47.2293467" lon="10.59167">
                <ele>2177.1</ele>
                <time>2018-07-08T06:07:51.000Z</time>
                <name>Position 487</name>
            </trkpt>
            <trkpt lat="47.2294033" lon="10.59178">
                <ele>2180.0</ele>
                <time>2018-07-08T06:08:01.000Z</time>
                <name>Position 488</name>
            </trkpt>
            <trkpt lat="47.2294217" lon="10.5919367">
                <ele>2182.9</ele>
                <time>2018-07-08T06:08:11.000Z</time>
                <name>Position 489</name>
            </trkpt>
            <trkpt lat="47.2294633" lon="10.5920867">
                <ele>2185.8</ele>
                <time>2018-07-08T06:08:21.000Z</time>
                <name>Position 490</name>
            </trkpt>
            <trkpt lat="47.2295367" lon="10.59218">
                <ele>2188.2</ele>
                <time>2018-07-08T06:08:55.000Z</time>
                <name>Position 491</name>
            </trkpt>
            <trkpt lat="47.2296033" lon="10.5922717">
                <ele>2189.9</ele>
                <time>2018-07-08T06:09:07.000Z</time>
                <name>Position 492</name>
            </trkpt>
            <trkpt lat="47.2296933" lon="10.5922733">
                <ele>2190.5</ele>
                <time>2018-07-08T06:09:17.000Z</time>
                <name>Position 493</name>
            </trkpt>
            <trkpt lat="47.2297967" lon="10.5922583">
                <ele>2191.1</ele>
                <time>2018-07-08T06:09:29.000Z</time>
                <name>Position 494</name>
            </trkpt>
            <trkpt lat="47.2298917" lon="10.592255">
                <ele>2191.7</ele>
                <time>2018-07-08T06:09:41.000Z</time>
                <name>Position 495</name>
            </trkpt>
            <trkpt lat="47.22998" lon="10.5922167">
                <ele>2192.1</ele>
                <time>2018-07-08T06:09:57.000Z</time>
                <name>Position 496</name>
            </trkpt>
            <trkpt lat="47.2300767" lon="10.5921983">
                <ele>2195.9</ele>
                <time>2018-07-08T06:10:13.000Z</time>
                <name>Position 497</name>
            </trkpt>
            <trkpt lat="47.2301667" lon="10.5922333">
                <ele>2200.8</ele>
                <time>2018-07-08T06:10:33.000Z</time>
                <name>Position 498</name>
            </trkpt>
            <trkpt lat="47.2302583" lon="10.5922133">
                <ele>2205.5</ele>
                <time>2018-07-08T06:10:51.000Z</time>
                <name>Position 499</name>
            </trkpt>
            <trkpt lat="47.23035" lon="10.5921717">
                <ele>2210.0</ele>
                <time>2018-07-08T06:11:11.000Z</time>
                <name>Position 500</name>
            </trkpt>
            <trkpt lat="47.2304583" lon="10.5921567">
                <ele>2215.4</ele>
                <time>2018-07-08T06:11:29.000Z</time>
                <name>Position 501</name>
            </trkpt>
            <trkpt lat="47.230555" lon="10.5921867">
                <ele>2220.7</ele>
                <time>2018-07-08T06:11:53.000Z</time>
                <name>Position 502</name>
            </trkpt>
            <trkpt lat="47.23065" lon="10.5921883">
                <ele>2225.7</ele>
                <time>2018-07-08T06:12:21.000Z</time>
                <name>Position 503</name>
            </trkpt>
            <trkpt lat="47.2307383" lon="10.5921617">
                <ele>2230.2</ele>
                <time>2018-07-08T06:12:59.000Z</time>
                <name>Position 504</name>
            </trkpt>
            <trkpt lat="47.2308267" lon="10.5921183">
                <ele>2235.0</ele>
                <time>2018-07-08T06:13:29.000Z</time>
                <name>Position 505</name>
            </trkpt>
            <trkpt lat="47.23091" lon="10.5921917">
                <ele>2246.2</ele>
                <time>2018-07-08T06:14:01.000Z</time>
                <name>Position 506</name>
            </trkpt>
            <trkpt lat="47.2310017" lon="10.5921967">
                <ele>2259.7</ele>
                <time>2018-07-08T06:15:11.000Z</time>
                <name>Position 507</name>
            </trkpt>
            <trkpt lat="47.2309767" lon="10.5920683">
                <ele>2256.8</ele>
                <time>2018-07-08T06:23:21.000Z</time>
                <name>Position 508</name>
            </trkpt>
            <trkpt lat="47.2310983" lon="10.5921517">
                <ele>2272.5</ele>
                <time>2018-07-08T06:24:35.000Z</time>
                <name>Position 509</name>
            </trkpt>
            <trkpt lat="47.2311883" lon="10.5921883">
                <ele>2287.0</ele>
                <time>2018-07-08T06:25:01.000Z</time>
                <name>Position 510</name>
            </trkpt>
            <trkpt lat="47.2312783" lon="10.5922317">
                <ele>2299.3</ele>
                <time>2018-07-08T06:25:47.000Z</time>
                <name>Position 511</name>
            </trkpt>
            <trkpt lat="47.2313367" lon="10.5923333">
                <ele>2307.1</ele>
                <time>2018-07-08T06:26:21.000Z</time>
                <name>Position 512</name>
            </trkpt>
            <trkpt lat="47.2313967" lon="10.592435">
                <ele>2314.4</ele>
                <time>2018-07-08T06:26:45.000Z</time>
                <name>Position 513</name>
            </trkpt>
            <trkpt lat="47.2314017" lon="10.5924983">
                <ele>2312.2</ele>
                <time>2018-07-08T07:15:31.000Z</time>
                <name>Position 514</name>
            </trkpt>
            <trkpt lat="47.23149" lon="10.5925283">
                <ele>2324.8</ele>
                <time>2018-07-08T07:15:39.000Z</time>
                <name>Position 515</name>
            </trkpt>
            <trkpt lat="47.23158" lon="10.5925517">
                <ele>2335.4</ele>
                <time>2018-07-08T07:15:43.000Z</time>
                <name>Position 516</name>
            </trkpt>
            <trkpt lat="47.231705" lon="10.5925833">
                <ele>2349.3</ele>
                <time>2018-07-08T07:15:47.000Z</time>
                <name>Position 517</name>
            </trkpt>
            <trkpt lat="47.2317567" lon="10.5925883">
                <ele>2354.0</ele>
                <time>2018-07-08T08:25:23.000Z</time>
                <name>Position 518</name>
            </trkpt>
            <trkpt lat="47.2318433" lon="10.5925483">
                <ele>2361.7</ele>
                <time>2018-07-08T08:33:19.000Z</time>
                <name>Position 519</name>
            </trkpt>
            <trkpt lat="47.2319083" lon="10.5924517">
                <ele>2369.5</ele>
                <time>2018-07-08T08:46:39.000Z</time>
                <name>Position 520</name>
            </trkpt>
            <trkpt lat="47.2319783" lon="10.59254">
                <ele>2373.9</ele>
                <time>2018-07-08T08:55:41.000Z</time>
                <name>Position 521</name>
            </trkpt>
            <trkpt lat="47.232035" lon="10.5923717">
                <ele>2383.8</ele>
                <time>2018-07-08T09:12:55.000Z</time>
                <name>Position 522</name>
            </trkpt>
            <trkpt lat="47.2321817" lon="10.59238">
                <ele>2393.3</ele>
                <time>2018-07-08T09:21:15.000Z</time>
                <name>Position 523</name>
            </trkpt>
            <trkpt lat="47.2321967" lon="10.5925017">
                <ele>2394.8</ele>
                <time>2018-07-08T09:27:57.000Z</time>
                <name>Position 524</name>
            </trkpt>
            <trkpt lat="47.23219" lon="10.592685">
                <ele>2388.1</ele>
                <time>2018-07-08T09:29:01.000Z</time>
                <name>Position 525</name>
            </trkpt>
            <trkpt lat="47.2322183" lon="10.592795">
                <ele>2388.9</ele>
                <time>2018-07-08T09:42:39.000Z</time>
                <name>Position 526</name>
            </trkpt>
            <trkpt lat="47.23228" lon="10.5928933">
                <ele>2393.2</ele>
                <time>2018-07-08T09:48:55.000Z</time>
                <name>Position 527</name>
            </trkpt>
            <trkpt lat="47.232275" lon="10.5930733">
                <ele>2392.2</ele>
                <time>2018-07-08T09:51:29.000Z</time>
                <name>Position 528</name>
            </trkpt>
            <trkpt lat="47.2323333" lon="10.593185">
                <ele>2396.1</ele>
                <time>2018-07-08T09:53:03.000Z</time>
                <name>Position 529</name>
            </trkpt>
            <trkpt lat="47.232245" lon="10.5932517">
                <ele>2387.1</ele>
                <time>2018-07-08T09:54:39.000Z</time>
                <name>Position 530</name>
            </trkpt>
            <trkpt lat="47.2322083" lon="10.593375">
                <ele>2381.7</ele>
                <time>2018-07-08T09:54:55.000Z</time>
                <name>Position 531</name>
            </trkpt>
            <trkpt lat="47.2321283" lon="10.593455">
                <ele>2372.4</ele>
                <time>2018-07-08T09:55:33.000Z</time>
                <name>Position 532</name>
            </trkpt>
            <trkpt lat="47.23201" lon="10.5935017">
                <ele>2359.8</ele>
                <time>2018-07-08T09:56:27.000Z</time>
                <name>Position 533</name>
            </trkpt>
            <trkpt lat="47.23193" lon="10.5935767">
                <ele>2349.0</ele>
                <time>2018-07-08T09:56:51.000Z</time>
                <name>Position 534</name>
            </trkpt>
            <trkpt lat="47.2319" lon="10.5937017">
                <ele>2343.5</ele>
                <time>2018-07-08T09:57:19.000Z</time>
                <name>Position 535</name>
            </trkpt>
            <trkpt lat="47.23184" lon="10.593805">
                <ele>2335.7</ele>
                <time>2018-07-08T09:57:37.000Z</time>
                <name>Position 536</name>
            </trkpt>
            <trkpt lat="47.2318183" lon="10.593935">
                <ele>2331.2</ele>
                <time>2018-07-08T09:57:51.000Z</time>
                <name>Position 537</name>
            </trkpt>
            <trkpt lat="47.231765" lon="10.59406">
                <ele>2322.9</ele>
                <time>2018-07-08T09:58:05.000Z</time>
                <name>Position 538</name>
            </trkpt>
            <trkpt lat="47.23167" lon="10.5940917">
                <ele>2311.3</ele>
                <time>2018-07-08T09:58:47.000Z</time>
                <name>Position 539</name>
            </trkpt>
            <trkpt lat="47.231575" lon="10.5941167">
                <ele>2303.8</ele>
                <time>2018-07-08T09:59:07.000Z</time>
                <name>Position 540</name>
            </trkpt>
            <trkpt lat="47.2314867" lon="10.5940683">
                <ele>2298.0</ele>
                <time>2018-07-08T09:59:27.000Z</time>
                <name>Position 541</name>
            </trkpt>
            <trkpt lat="47.2314333" lon="10.59418">
                <ele>2293.2</ele>
                <time>2018-07-08T09:59:39.000Z</time>
                <name>Position 542</name>
            </trkpt>
            <trkpt lat="47.231345" lon="10.5942117">
                <ele>2287.1</ele>
                <time>2018-07-08T10:00:17.000Z</time>
                <name>Position 543</name>
            </trkpt>
            <trkpt lat="47.23124" lon="10.5941633">
                <ele>2280.6</ele>
                <time>2018-07-08T10:00:43.000Z</time>
                <name>Position 544</name>
            </trkpt>
            <trkpt lat="47.2311933" lon="10.5942833">
                <ele>2277.2</ele>
                <time>2018-07-08T10:01:11.000Z</time>
                <name>Position 545</name>
            </trkpt>
            <trkpt lat="47.23117" lon="10.5944167">
                <ele>2276.3</ele>
                <time>2018-07-08T10:01:33.000Z</time>
                <name>Position 546</name>
            </trkpt>
            <trkpt lat="47.2310683" lon="10.5944733">
                <ele>2270.5</ele>
                <time>2018-07-08T10:01:47.000Z</time>
                <name>Position 547</name>
            </trkpt>
            <trkpt lat="47.23098" lon="10.5944333">
                <ele>2263.9</ele>
                <time>2018-07-08T10:02:03.000Z</time>
                <name>Position 548</name>
            </trkpt>
            <trkpt lat="47.230945" lon="10.594295">
                <ele>2260.2</ele>
                <time>2018-07-08T10:02:15.000Z</time>
                <name>Position 549</name>
            </trkpt>
            <trkpt lat="47.23089" lon="10.5941783">
                <ele>2255.3</ele>
                <time>2018-07-08T10:02:25.000Z</time>
                <name>Position 550</name>
            </trkpt>
            <trkpt lat="47.2307883" lon="10.5941383">
                <ele>2249.2</ele>
                <time>2018-07-08T10:02:47.000Z</time>
                <name>Position 551</name>
            </trkpt>
            <trkpt lat="47.2307083" lon="10.5940533">
                <ele>2244.8</ele>
                <time>2018-07-08T10:02:59.000Z</time>
                <name>Position 552</name>
            </trkpt>
            <trkpt lat="47.2306267" lon="10.59398">
                <ele>2240.5</ele>
                <time>2018-07-08T10:03:23.000Z</time>
                <name>Position 553</name>
            </trkpt>
            <trkpt lat="47.230615" lon="10.59383">
                <ele>2238.5</ele>
                <time>2018-07-08T10:03:33.000Z</time>
                <name>Position 554</name>
            </trkpt>
            <trkpt lat="47.230525" lon="10.5937967">
                <ele>2234.0</ele>
                <time>2018-07-08T10:03:45.000Z</time>
                <name>Position 555</name>
            </trkpt>
            <trkpt lat="47.2304367" lon="10.59371">
                <ele>2229.1</ele>
                <time>2018-07-08T10:04:03.000Z</time>
                <name>Position 556</name>
            </trkpt>
            <trkpt lat="47.23034" lon="10.593685">
                <ele>2224.5</ele>
                <time>2018-07-08T10:04:15.000Z</time>
                <name>Position 557</name>
            </trkpt>
            <trkpt lat="47.2302333" lon="10.5937483">
                <ele>2221.0</ele>
                <time>2018-07-08T10:04:25.000Z</time>
                <name>Position 558</name>
            </trkpt>
            <trkpt lat="47.2301383" lon="10.5937617">
                <ele>2216.8</ele>
                <time>2018-07-08T10:04:59.000Z</time>
                <name>Position 559</name>
            </trkpt>
            <trkpt lat="47.230055" lon="10.5936867">
                <ele>2212.2</ele>
                <time>2018-07-08T10:05:31.000Z</time>
                <name>Position 560</name>
            </trkpt>
            <trkpt lat="47.2300233" lon="10.59356">
                <ele>2209.1</ele>
                <time>2018-07-08T10:05:43.000Z</time>
                <name>Position 561</name>
            </trkpt>
            <trkpt lat="47.229945" lon="10.5934917">
                <ele>2207.0</ele>
                <time>2018-07-08T10:05:49.000Z</time>
                <name>Position 562</name>
            </trkpt>
            <trkpt lat="47.229845" lon="10.5935217">
                <ele>2208.2</ele>
                <time>2018-07-08T10:05:59.000Z</time>
                <name>Position 563</name>
            </trkpt>
            <trkpt lat="47.2297483" lon="10.5935933">
                <ele>2210.3</ele>
                <time>2018-07-08T10:06:07.000Z</time>
                <name>Position 564</name>
            </trkpt>
            <trkpt lat="47.22963" lon="10.5936883">
                <ele>2212.7</ele>
                <time>2018-07-08T10:06:15.000Z</time>
                <name>Position 565</name>
            </trkpt>
            <trkpt lat="47.2295383" lon="10.59366">
                <ele>2213.6</ele>
                <time>2018-07-08T10:06:33.000Z</time>
                <name>Position 566</name>
            </trkpt>
            <trkpt lat="47.22947" lon="10.5935733">
                <ele>2212.9</ele>
                <time>2018-07-08T10:06:43.000Z</time>
                <name>Position 567</name>
            </trkpt>
            <trkpt lat="47.2294733" lon="10.5934267">
                <ele>2210.7</ele>
                <time>2018-07-08T10:07:07.000Z</time>
                <name>Position 568</name>
            </trkpt>
            <trkpt lat="47.2294817" lon="10.593285">
                <ele>2208.2</ele>
                <time>2018-07-08T10:07:17.000Z</time>
                <name>Position 569</name>
            </trkpt>
            <trkpt lat="47.2294567" lon="10.5931517">
                <ele>2205.8</ele>
                <time>2018-07-08T10:07:29.000Z</time>
                <name>Position 570</name>
            </trkpt>
            <trkpt lat="47.2295433" lon="10.5930533">
                <ele>2203.5</ele>
                <time>2018-07-08T10:07:41.000Z</time>
                <name>Position 571</name>
            </trkpt>
            <trkpt lat="47.22955" lon="10.5929117">
                <ele>2200.9</ele>
                <time>2018-07-08T10:07:49.000Z</time>
                <name>Position 572</name>
            </trkpt>
            <trkpt lat="47.22958" lon="10.5927833">
                <ele>2198.4</ele>
                <time>2018-07-08T10:08:27.000Z</time>
                <name>Position 573</name>
            </trkpt>
            <trkpt lat="47.229625" lon="10.59266">
                <ele>2196.5</ele>
                <time>2018-07-08T10:08:47.000Z</time>
                <name>Position 574</name>
            </trkpt>
            <trkpt lat="47.2296733" lon="10.59254">
                <ele>2194.3</ele>
                <time>2018-07-08T10:17:23.000Z</time>
                <name>Position 575</name>
            </trkpt>
            <trkpt lat="47.22976" lon="10.5924367">
                <ele>2192.9</ele>
                <time>2018-07-08T10:19:33.000Z</time>
                <name>Position 576</name>
            </trkpt>
            <trkpt lat="47.2297483" lon="10.5922883">
                <ele>2191.3</ele>
                <time>2018-07-08T10:19:49.000Z</time>
                <name>Position 577</name>
            </trkpt>
            <trkpt lat="47.2296633" lon="10.5922383">
                <ele>2190.1</ele>
                <time>2018-07-08T10:19:59.000Z</time>
                <name>Position 578</name>
            </trkpt>
            <trkpt lat="47.2297017" lon="10.5920733">
                <ele>2188.5</ele>
                <time>2018-07-08T10:22:03.000Z</time>
                <name>Position 579</name>
            </trkpt>
            <trkpt lat="47.229685" lon="10.5919367">
                <ele>2186.7</ele>
                <time>2018-07-08T10:22:19.000Z</time>
                <name>Position 580</name>
            </trkpt>
            <trkpt lat="47.2295933" lon="10.5918167">
                <ele>2184.1</ele>
                <time>2018-07-08T10:22:31.000Z</time>
                <name>Position 581</name>
            </trkpt>
            <trkpt lat="47.2295517" lon="10.5916867">
                <ele>2181.5</ele>
                <time>2018-07-08T10:22:39.000Z</time>
                <name>Position 582</name>
            </trkpt>
            <trkpt lat="47.22948" lon="10.5915917">
                <ele>2179.1</ele>
                <time>2018-07-08T10:22:47.000Z</time>
                <name>Position 583</name>
            </trkpt>
            <trkpt lat="47.229465" lon="10.591445">
                <ele>2177.3</ele>
                <time>2018-07-08T10:22:55.000Z</time>
                <name>Position 584</name>
            </trkpt>
            <trkpt lat="47.2294667" lon="10.5912917">
                <ele>2175.8</ele>
                <time>2018-07-08T10:23:03.000Z</time>
                <name>Position 585</name>
            </trkpt>
            <trkpt lat="47.2294233" lon="10.5911517">
                <ele>2173.3</ele>
                <time>2018-07-08T10:23:11.000Z</time>
                <name>Position 586</name>
            </trkpt>
            <trkpt lat="47.2293733" lon="10.5910117">
                <ele>2170.3</ele>
                <time>2018-07-08T10:23:19.000Z</time>
                <name>Position 587</name>
            </trkpt>
            <trkpt lat="47.229315" lon="10.5908983">
                <ele>2167.2</ele>
                <time>2018-07-08T10:23:27.000Z</time>
                <name>Position 588</name>
            </trkpt>
            <trkpt lat="47.2292333" lon="10.5908167">
                <ele>2163.5</ele>
                <time>2018-07-08T10:23:35.000Z</time>
                <name>Position 589</name>
            </trkpt>
            <trkpt lat="47.229235" lon="10.5906667">
                <ele>2161.2</ele>
                <time>2018-07-08T10:23:51.000Z</time>
                <name>Position 590</name>
            </trkpt>
            <trkpt lat="47.229195" lon="10.590545">
                <ele>2158.6</ele>
                <time>2018-07-08T10:24:17.000Z</time>
                <name>Position 591</name>
            </trkpt>
            <trkpt lat="47.22926" lon="10.5904233">
                <ele>2159.5</ele>
                <time>2018-07-08T10:24:25.000Z</time>
                <name>Position 592</name>
            </trkpt>
            <trkpt lat="47.22929" lon="10.5902883">
                <ele>2159.5</ele>
                <time>2018-07-08T10:24:37.000Z</time>
                <name>Position 593</name>
            </trkpt>
            <trkpt lat="47.229305" lon="10.5901383">
                <ele>2158.5</ele>
                <time>2018-07-08T10:24:47.000Z</time>
                <name>Position 594</name>
            </trkpt>
            <trkpt lat="47.22931" lon="10.58998">
                <ele>2157.4</ele>
                <time>2018-07-08T10:24:57.000Z</time>
                <name>Position 595</name>
            </trkpt>
            <trkpt lat="47.2292617" lon="10.5898483">
                <ele>2155.2</ele>
                <time>2018-07-08T10:25:25.000Z</time>
                <name>Position 596</name>
            </trkpt>
            <trkpt lat="47.2292667" lon="10.58971">
                <ele>2155.1</ele>
                <time>2018-07-08T10:25:39.000Z</time>
                <name>Position 597</name>
            </trkpt>
            <trkpt lat="47.22925" lon="10.58954">
                <ele>2154.5</ele>
                <time>2018-07-08T10:25:51.000Z</time>
                <name>Position 598</name>
            </trkpt>
            <trkpt lat="47.22924" lon="10.5893917">
                <ele>2154.0</ele>
                <time>2018-07-08T10:25:59.000Z</time>
                <name>Position 599</name>
            </trkpt>
            <trkpt lat="47.2292067" lon="10.589245">
                <ele>2152.8</ele>
                <time>2018-07-08T10:26:11.000Z</time>
                <name>Position 600</name>
            </trkpt>
            <trkpt lat="47.229225" lon="10.5890983">
                <ele>2153.5</ele>
                <time>2018-07-08T10:26:17.000Z</time>
                <name>Position 601</name>
            </trkpt>
            <trkpt lat="47.2292233" lon="10.588955">
                <ele>2153.9</ele>
                <time>2018-07-08T10:26:27.000Z</time>
                <name>Position 602</name>
            </trkpt>
            <trkpt lat="47.2292417" lon="10.58882">
                <ele>2155.2</ele>
                <time>2018-07-08T10:26:35.000Z</time>
                <name>Position 603</name>
            </trkpt>
            <trkpt lat="47.229215" lon="10.5886733">
                <ele>2154.7</ele>
                <time>2018-07-08T10:26:43.000Z</time>
                <name>Position 604</name>
            </trkpt>
            <trkpt lat="47.2291833" lon="10.5885367">
                <ele>2154.1</ele>
                <time>2018-07-08T10:26:51.000Z</time>
                <name>Position 605</name>
            </trkpt>
            <trkpt lat="47.22916" lon="10.588385">
                <ele>2153.6</ele>
                <time>2018-07-08T10:26:59.000Z</time>
                <name>Position 606</name>
            </trkpt>
            <trkpt lat="47.2291267" lon="10.588245">
                <ele>2151.8</ele>
                <time>2018-07-08T10:27:09.000Z</time>
                <name>Position 607</name>
            </trkpt>
            <trkpt lat="47.2267283" lon="10.587225">
                <ele>2052.7</ele>
                <time>2018-07-08T13:56:03.000Z</time>
                <name>Position 608</name>
            </trkpt>
            <trkpt lat="47.226645" lon="10.5873133">
                <ele>2052.4</ele>
                <time>2018-07-08T13:56:15.000Z</time>
                <name>Position 609</name>
            </trkpt>
            <trkpt lat="47.226555" lon="10.5873833">
                <ele>2052.4</ele>
                <time>2018-07-08T13:56:27.000Z</time>
                <name>Position 610</name>
            </trkpt>
            <trkpt lat="47.2264783" lon="10.5874783">
                <ele>2053.4</ele>
                <time>2018-07-08T13:56:47.000Z</time>
                <name>Position 611</name>
            </trkpt>
            <trkpt lat="47.2264017" lon="10.58758">
                <ele>2054.9</ele>
                <time>2018-07-08T13:56:59.000Z</time>
                <name>Position 612</name>
            </trkpt>
            <trkpt lat="47.226365" lon="10.587435">
                <ele>2050.7</ele>
                <time>2018-07-08T13:57:29.000Z</time>
                <name>Position 613</name>
            </trkpt>
            <trkpt lat="47.2263267" lon="10.58757">
                <ele>2053.3</ele>
                <time>2018-07-08T13:57:57.000Z</time>
                <name>Position 614</name>
            </trkpt>
            <trkpt lat="47.226265" lon="10.5874633">
                <ele>2049.9</ele>
                <time>2018-07-08T13:58:11.000Z</time>
                <name>Position 615</name>
            </trkpt>
            <trkpt lat="47.226175" lon="10.587395">
                <ele>2046.0</ele>
                <time>2018-07-08T13:58:25.000Z</time>
                <name>Position 616</name>
            </trkpt>
            <trkpt lat="47.2261233" lon="10.587265">
                <ele>2040.9</ele>
                <time>2018-07-08T13:58:35.000Z</time>
                <name>Position 617</name>
            </trkpt>
            <trkpt lat="47.22605" lon="10.587355">
                <ele>2042.1</ele>
                <time>2018-07-08T14:30:47.000Z</time>
                <name>Position 618</name>
            </trkpt>
            <trkpt lat="47.2259667" lon="10.58743">
                <ele>2043.2</ele>
                <time>2018-07-08T14:30:55.000Z</time>
                <name>Position 619</name>
            </trkpt>
            <trkpt lat="47.2259217" lon="10.58755">
                <ele>2046.4</ele>
                <time>2018-07-08T14:31:05.000Z</time>
                <name>Position 620</name>
            </trkpt>
            <trkpt lat="47.2258733" lon="10.58768">
                <ele>2049.2</ele>
                <time>2018-07-08T14:31:27.000Z</time>
                <name>Position 621</name>
            </trkpt>
            <trkpt lat="47.2257917" lon="10.5877633">
                <ele>2050.1</ele>
                <time>2018-07-08T14:31:37.000Z</time>
                <name>Position 622</name>
            </trkpt>
            <trkpt lat="47.225705" lon="10.5878017">
                <ele>2049.7</ele>
                <time>2018-07-08T14:31:49.000Z</time>
                <name>Position 623</name>
            </trkpt>
            <trkpt lat="47.225615" lon="10.5877617">
                <ele>2047.0</ele>
                <time>2018-07-08T14:31:59.000Z</time>
                <name>Position 624</name>
            </trkpt>
            <trkpt lat="47.2255133" lon="10.587735">
                <ele>2044.1</ele>
                <time>2018-07-08T14:32:11.000Z</time>
                <name>Position 625</name>
            </trkpt>
            <trkpt lat="47.2254433" lon="10.5876183">
                <ele>2039.3</ele>
                <time>2018-07-08T14:32:25.000Z</time>
                <name>Position 626</name>
            </trkpt>
            <trkpt lat="47.2253533" lon="10.587545">
                <ele>2034.9</ele>
                <time>2018-07-08T14:32:37.000Z</time>
                <name>Position 627</name>
            </trkpt>
            <trkpt lat="47.22525" lon="10.5874917">
                <ele>2030.7</ele>
                <time>2018-07-08T14:32:47.000Z</time>
                <name>Position 628</name>
            </trkpt>
            <trkpt lat="47.2252" lon="10.58737">
                <ele>2024.3</ele>
                <time>2018-07-08T14:33:03.000Z</time>
                <name>Position 629</name>
            </trkpt>
            <trkpt lat="47.2251167" lon="10.5872717">
                <ele>2018.1</ele>
                <time>2018-07-08T14:33:15.000Z</time>
                <name>Position 630</name>
            </trkpt>
            <trkpt lat="47.2250367" lon="10.58719">
                <ele>2012.7</ele>
                <time>2018-07-08T14:33:25.000Z</time>
                <name>Position 631</name>
            </trkpt>
            <trkpt lat="47.2249433" lon="10.5870917">
                <ele>2006.5</ele>
                <time>2018-07-08T14:33:37.000Z</time>
                <name>Position 632</name>
            </trkpt>
            <trkpt lat="47.2250333" lon="10.5870267">
                <ele>2004.6</ele>
                <time>2018-07-08T14:33:57.000Z</time>
                <name>Position 633</name>
            </trkpt>
            <trkpt lat="47.22498" lon="10.5868933">
                <ele>1998.2</ele>
                <time>2018-07-08T14:34:13.000Z</time>
                <name>Position 634</name>
            </trkpt>
            <trkpt lat="47.2249067" lon="10.5868117">
                <ele>1994.0</ele>
                <time>2018-07-08T14:34:23.000Z</time>
                <name>Position 635</name>
            </trkpt>
            <trkpt lat="47.224825" lon="10.5867083">
                <ele>1988.9</ele>
                <time>2018-07-08T14:34:35.000Z</time>
                <name>Position 636</name>
            </trkpt>
            <trkpt lat="47.2248717" lon="10.5865883">
                <ele>1983.8</ele>
                <time>2018-07-08T14:34:59.000Z</time>
                <name>Position 637</name>
            </trkpt>
            <trkpt lat="47.22489" lon="10.5864583">
                <ele>1978.6</ele>
                <time>2018-07-08T14:35:17.000Z</time>
                <name>Position 638</name>
            </trkpt>
            <trkpt lat="47.224815" lon="10.5863833">
                <ele>1975.1</ele>
                <time>2018-07-08T14:35:27.000Z</time>
                <name>Position 639</name>
            </trkpt>
            <trkpt lat="47.2247233" lon="10.5863067">
                <ele>1971.4</ele>
                <time>2018-07-08T14:35:37.000Z</time>
                <name>Position 640</name>
            </trkpt>
            <trkpt lat="47.2246767" lon="10.5861917">
                <ele>1966.6</ele>
                <time>2018-07-08T14:35:47.000Z</time>
                <name>Position 641</name>
            </trkpt>
            <trkpt lat="47.2247267" lon="10.5860767">
                <ele>1961.9</ele>
                <time>2018-07-08T14:36:05.000Z</time>
                <name>Position 642</name>
            </trkpt>
            <trkpt lat="47.2247017" lon="10.585935">
                <ele>1956.3</ele>
                <time>2018-07-08T14:36:15.000Z</time>
                <name>Position 643</name>
            </trkpt>
            <trkpt lat="47.2246817" lon="10.58579">
                <ele>1950.2</ele>
                <time>2018-07-08T14:36:31.000Z</time>
                <name>Position 644</name>
            </trkpt>
            <trkpt lat="47.22468" lon="10.585645">
                <ele>1944.4</ele>
                <time>2018-07-08T14:36:45.000Z</time>
                <name>Position 645</name>
            </trkpt>
            <trkpt lat="47.22472" lon="10.5855217">
                <ele>1938.9</ele>
                <time>2018-07-08T14:36:57.000Z</time>
                <name>Position 646</name>
            </trkpt>
            <trkpt lat="47.2248267" lon="10.5855817">
                <ele>1940.7</ele>
                <time>2018-07-08T14:37:07.000Z</time>
                <name>Position 647</name>
            </trkpt>
            <trkpt lat="47.22492" lon="10.585625">
                <ele>1942.9</ele>
                <time>2018-07-08T14:37:17.000Z</time>
                <name>Position 648</name>
            </trkpt>
            <trkpt lat="47.2249667" lon="10.5855083">
                <ele>1937.8</ele>
                <time>2018-07-08T14:37:39.000Z</time>
                <name>Position 649</name>
            </trkpt>
            <trkpt lat="47.2249217" lon="10.5853817">
                <ele>1932.8</ele>
                <time>2018-07-08T14:37:47.000Z</time>
                <name>Position 650</name>
            </trkpt>
            <trkpt lat="47.2248667" lon="10.58524">
                <ele>1926.9</ele>
                <time>2018-07-08T14:37:57.000Z</time>
                <name>Position 651</name>
            </trkpt>
            <trkpt lat="47.2248183" lon="10.58511">
                <ele>1921.5</ele>
                <time>2018-07-08T14:38:05.000Z</time>
                <name>Position 652</name>
            </trkpt>
            <trkpt lat="47.2247483" lon="10.585005">
                <ele>1917.4</ele>
                <time>2018-07-08T14:38:13.000Z</time>
                <name>Position 653</name>
            </trkpt>
            <trkpt lat="47.2246717" lon="10.5849233">
                <ele>1915.3</ele>
                <time>2018-07-08T14:38:21.000Z</time>
                <name>Position 654</name>
            </trkpt>
            <trkpt lat="47.22462" lon="10.5848083">
                <ele>1912.1</ele>
                <time>2018-07-08T14:38:31.000Z</time>
                <name>Position 655</name>
            </trkpt>
            <trkpt lat="47.224565" lon="10.5846883">
                <ele>1908.4</ele>
                <time>2018-07-08T14:38:41.000Z</time>
                <name>Position 656</name>
            </trkpt>
            <trkpt lat="47.224485" lon="10.58459">
                <ele>1905.2</ele>
                <time>2018-07-08T14:38:51.000Z</time>
                <name>Position 657</name>
            </trkpt>
            <trkpt lat="47.2243983" lon="10.5844967">
                <ele>1901.9</ele>
                <time>2018-07-08T14:39:01.000Z</time>
                <name>Position 658</name>
            </trkpt>
            <trkpt lat="47.2243367" lon="10.584395">
                <ele>1898.2</ele>
                <time>2018-07-08T14:39:09.000Z</time>
                <name>Position 659</name>
            </trkpt>
            <trkpt lat="47.2242483" lon="10.5843283">
                <ele>1895.1</ele>
                <time>2018-07-08T14:39:17.000Z</time>
                <name>Position 660</name>
            </trkpt>
            <trkpt lat="47.2241317" lon="10.584345">
                <ele>1894.8</ele>
                <time>2018-07-08T14:39:27.000Z</time>
                <name>Position 661</name>
            </trkpt>
            <trkpt lat="47.2240417" lon="10.5843533">
                <ele>1894.9</ele>
                <time>2018-07-08T14:39:35.000Z</time>
                <name>Position 662</name>
            </trkpt>
            <trkpt lat="47.2239583" lon="10.5844083">
                <ele>1896.3</ele>
                <time>2018-07-08T14:39:47.000Z</time>
                <name>Position 663</name>
            </trkpt>
            <trkpt lat="47.2238583" lon="10.5844033">
                <ele>1896.2</ele>
                <time>2018-07-08T14:39:59.000Z</time>
                <name>Position 664</name>
            </trkpt>
            <trkpt lat="47.2237817" lon="10.584325">
                <ele>1892.9</ele>
                <time>2018-07-08T14:40:07.000Z</time>
                <name>Position 665</name>
            </trkpt>
            <trkpt lat="47.223725" lon="10.5841783">
                <ele>1887.5</ele>
                <time>2018-07-08T14:40:17.000Z</time>
                <name>Position 666</name>
            </trkpt>
            <trkpt lat="47.2236567" lon="10.5840567">
                <ele>1882.4</ele>
                <time>2018-07-08T14:40:31.000Z</time>
                <name>Position 667</name>
            </trkpt>
            <trkpt lat="47.2237383" lon="10.58396">
                <ele>1878.9</ele>
                <time>2018-07-08T14:40:49.000Z</time>
                <name>Position 668</name>
            </trkpt>
            <trkpt lat="47.223695" lon="10.583805">
                <ele>1873.5</ele>
                <time>2018-07-08T14:41:11.000Z</time>
                <name>Position 669</name>
            </trkpt>
            <trkpt lat="47.2236433" lon="10.58369">
                <ele>1868.9</ele>
                <time>2018-07-08T14:41:21.000Z</time>
                <name>Position 670</name>
            </trkpt>
            <trkpt lat="47.2237267" lon="10.5836017">
                <ele>1865.8</ele>
                <time>2018-07-08T14:41:45.000Z</time>
                <name>Position 671</name>
            </trkpt>
            <trkpt lat="47.2237133" lon="10.58346">
                <ele>1860.7</ele>
                <time>2018-07-08T14:42:13.000Z</time>
                <name>Position 672</name>
            </trkpt>
            <trkpt lat="47.223645" lon="10.583355">
                <ele>1856.5</ele>
                <time>2018-07-08T14:42:25.000Z</time>
                <name>Position 673</name>
            </trkpt>
            <trkpt lat="47.2235817" lon="10.583235">
                <ele>1853.2</ele>
                <time>2018-07-08T14:42:37.000Z</time>
                <name>Position 674</name>
            </trkpt>
            <trkpt lat="47.22353" lon="10.5830983">
                <ele>1849.4</ele>
                <time>2018-07-08T14:42:49.000Z</time>
                <name>Position 675</name>
            </trkpt>
            <trkpt lat="47.2235033" lon="10.5829717">
                <ele>1845.6</ele>
                <time>2018-07-08T14:42:59.000Z</time>
                <name>Position 676</name>
            </trkpt>
            <trkpt lat="47.2234083" lon="10.5829683">
                <ele>1843.5</ele>
                <time>2018-07-08T14:43:11.000Z</time>
                <name>Position 677</name>
            </trkpt>
            <trkpt lat="47.2233067" lon="10.5829967">
                <ele>1841.8</ele>
                <time>2018-07-08T14:43:21.000Z</time>
                <name>Position 678</name>
            </trkpt>
            <trkpt lat="47.2232383" lon="10.5829033">
                <ele>1836.4</ele>
                <time>2018-07-08T14:43:43.000Z</time>
                <name>Position 679</name>
            </trkpt>
            <trkpt lat="47.22319" lon="10.5827767">
                <ele>1830.4</ele>
                <time>2018-07-08T14:43:59.000Z</time>
                <name>Position 680</name>
            </trkpt>
            <trkpt lat="47.2231" lon="10.58278">
                <ele>1827.3</ele>
                <time>2018-07-08T14:44:07.000Z</time>
                <name>Position 681</name>
            </trkpt>
            <trkpt lat="47.2231233" lon="10.5826317">
                <ele>1822.9</ele>
                <time>2018-07-08T14:44:27.000Z</time>
                <name>Position 682</name>
            </trkpt>
            <trkpt lat="47.223075" lon="10.5825067">
                <ele>1817.2</ele>
                <time>2018-07-08T14:44:37.000Z</time>
                <name>Position 683</name>
            </trkpt>
            <trkpt lat="47.222975" lon="10.5825733">
                <ele>1815.4</ele>
                <time>2018-07-08T14:44:49.000Z</time>
                <name>Position 684</name>
            </trkpt>
            <trkpt lat="47.2228867" lon="10.58266">
                <ele>1814.7</ele>
                <time>2018-07-08T14:44:57.000Z</time>
                <name>Position 685</name>
            </trkpt>
            <trkpt lat="47.2227883" lon="10.5826967">
                <ele>1812.7</ele>
                <time>2018-07-08T14:45:07.000Z</time>
                <name>Position 686</name>
            </trkpt>
            <trkpt lat="47.2227067" lon="10.5826117">
                <ele>1807.1</ele>
                <time>2018-07-08T14:45:23.000Z</time>
                <name>Position 687</name>
            </trkpt>
            <trkpt lat="47.2226067" lon="10.5825683">
                <ele>1801.8</ele>
                <time>2018-07-08T14:45:31.000Z</time>
                <name>Position 688</name>
            </trkpt>
            <trkpt lat="47.22252" lon="10.582625">
                <ele>1800.1</ele>
                <time>2018-07-08T14:45:39.000Z</time>
                <name>Position 689</name>
            </trkpt>
            <trkpt lat="47.2224267" lon="10.5826417">
                <ele>1799.4</ele>
                <time>2018-07-08T14:45:45.000Z</time>
                <name>Position 690</name>
            </trkpt>
            <trkpt lat="47.2223617" lon="10.5827333">
                <ele>1802.2</ele>
                <time>2018-07-08T14:45:59.000Z</time>
                <name>Position 691</name>
            </trkpt>
            <trkpt lat="47.22228" lon="10.5826683">
                <ele>1799.8</ele>
                <time>2018-07-08T14:47:07.000Z</time>
                <name>Position 692</name>
            </trkpt>
            <trkpt lat="47.2222517" lon="10.5825317">
                <ele>1794.2</ele>
                <time>2018-07-08T14:47:25.000Z</time>
                <name>Position 693</name>
            </trkpt>
            <trkpt lat="47.22225" lon="10.58238">
                <ele>1790.8</ele>
                <time>2018-07-08T14:47:35.000Z</time>
                <name>Position 694</name>
            </trkpt>
            <trkpt lat="47.222235" lon="10.5822233">
                <ele>1787.9</ele>
                <time>2018-07-08T14:47:47.000Z</time>
                <name>Position 695</name>
            </trkpt>
            <trkpt lat="47.22217" lon="10.58212">
                <ele>1784.6</ele>
                <time>2018-07-08T14:47:55.000Z</time>
                <name>Position 696</name>
            </trkpt>
            <trkpt lat="47.22214" lon="10.5819933">
                <ele>1781.1</ele>
                <time>2018-07-08T14:48:09.000Z</time>
                <name>Position 697</name>
            </trkpt>
            <trkpt lat="47.2220867" lon="10.5818567">
                <ele>1776.8</ele>
                <time>2018-07-08T14:48:23.000Z</time>
                <name>Position 698</name>
            </trkpt>
            <trkpt lat="47.2220117" lon="10.5817567">
                <ele>1772.0</ele>
                <time>2018-07-08T14:48:33.000Z</time>
                <name>Position 699</name>
            </trkpt>
            <trkpt lat="47.2219333" lon="10.5816833">
                <ele>1767.2</ele>
                <time>2018-07-08T14:48:41.000Z</time>
                <name>Position 700</name>
            </trkpt>
            <trkpt lat="47.2218483" lon="10.5816167">
                <ele>1763.5</ele>
                <time>2018-07-08T14:48:55.000Z</time>
                <name>Position 701</name>
            </trkpt>
            <trkpt lat="47.2217833" lon="10.5814967">
                <ele>1761.1</ele>
                <time>2018-07-08T14:49:07.000Z</time>
                <name>Position 702</name>
            </trkpt>
            <trkpt lat="47.2217267" lon="10.5813667">
                <ele>1759.3</ele>
                <time>2018-07-08T14:49:15.000Z</time>
                <name>Position 703</name>
            </trkpt>
            <trkpt lat="47.221655" lon="10.5812817">
                <ele>1756.2</ele>
                <time>2018-07-08T14:49:27.000Z</time>
                <name>Position 704</name>
            </trkpt>
            <trkpt lat="47.2215867" lon="10.58119">
                <ele>1753.8</ele>
                <time>2018-07-08T14:49:41.000Z</time>
                <name>Position 705</name>
            </trkpt>
            <trkpt lat="47.2214817" lon="10.5811383">
                <ele>1750.1</ele>
                <time>2018-07-08T14:49:53.000Z</time>
                <name>Position 706</name>
            </trkpt>
            <trkpt lat="47.2213833" lon="10.5810783">
                <ele>1745.9</ele>
                <time>2018-07-08T14:50:01.000Z</time>
                <name>Position 707</name>
            </trkpt>
            <trkpt lat="47.2213033" lon="10.5809933">
                <ele>1741.3</ele>
                <time>2018-07-08T14:50:13.000Z</time>
                <name>Position 708</name>
            </trkpt>
            <trkpt lat="47.2212117" lon="10.5809733">
                <ele>1737.2</ele>
                <time>2018-07-08T14:50:19.000Z</time>
                <name>Position 709</name>
            </trkpt>
            <trkpt lat="47.2211333" lon="10.5809067">
                <ele>1732.3</ele>
                <time>2018-07-08T14:50:25.000Z</time>
                <name>Position 710</name>
            </trkpt>
            <trkpt lat="47.22109" lon="10.5807683">
                <ele>1728.6</ele>
                <time>2018-07-08T14:50:33.000Z</time>
                <name>Position 711</name>
            </trkpt>
            <trkpt lat="47.2210217" lon="10.5806767">
                <ele>1726.5</ele>
                <time>2018-07-08T14:50:45.000Z</time>
                <name>Position 712</name>
            </trkpt>
            <trkpt lat="47.2209317" lon="10.5806633">
                <ele>1721.6</ele>
                <time>2018-07-08T14:50:59.000Z</time>
                <name>Position 713</name>
            </trkpt>
            <trkpt lat="47.2208283" lon="10.5806233">
                <ele>1717.0</ele>
                <time>2018-07-08T14:51:07.000Z</time>
                <name>Position 714</name>
            </trkpt>
            <trkpt lat="47.2207467" lon="10.5805483">
                <ele>1714.3</ele>
                <time>2018-07-08T14:51:15.000Z</time>
                <name>Position 715</name>
            </trkpt>
            <trkpt lat="47.2206383" lon="10.5804967">
                <ele>1710.8</ele>
                <time>2018-07-08T14:51:25.000Z</time>
                <name>Position 716</name>
            </trkpt>
            <trkpt lat="47.220555" lon="10.58044">
                <ele>1708.1</ele>
                <time>2018-07-08T14:51:33.000Z</time>
                <name>Position 717</name>
            </trkpt>
            <trkpt lat="47.22049" lon="10.5803317">
                <ele>1706.1</ele>
                <time>2018-07-08T14:51:45.000Z</time>
                <name>Position 718</name>
            </trkpt>
            <trkpt lat="47.22042" lon="10.5802317">
                <ele>1704.3</ele>
                <time>2018-07-08T14:51:55.000Z</time>
                <name>Position 719</name>
            </trkpt>
            <trkpt lat="47.2203183" lon="10.5801933">
                <ele>1700.7</ele>
                <time>2018-07-08T14:52:05.000Z</time>
                <name>Position 720</name>
            </trkpt>
            <trkpt lat="47.2202217" lon="10.580225">
                <ele>1696.9</ele>
                <time>2018-07-08T14:52:15.000Z</time>
                <name>Position 721</name>
            </trkpt>
            <trkpt lat="47.220115" lon="10.5802217">
                <ele>1693.2</ele>
                <time>2018-07-08T14:52:23.000Z</time>
                <name>Position 722</name>
            </trkpt>
            <trkpt lat="47.220015" lon="10.580265">
                <ele>1689.2</ele>
                <time>2018-07-08T14:52:35.000Z</time>
                <name>Position 723</name>
            </trkpt>
            <trkpt lat="47.2199117" lon="10.580295">
                <ele>1686.2</ele>
                <time>2018-07-08T14:52:43.000Z</time>
                <name>Position 724</name>
            </trkpt>
            <trkpt lat="47.2198067" lon="10.5803067">
                <ele>1683.3</ele>
                <time>2018-07-08T14:52:51.000Z</time>
                <name>Position 725</name>
            </trkpt>
            <trkpt lat="47.2197067" lon="10.580385">
                <ele>1680.4</ele>
                <time>2018-07-08T14:52:59.000Z</time>
                <name>Position 726</name>
            </trkpt>
            <trkpt lat="47.2196333" lon="10.5804883">
                <ele>1678.3</ele>
                <time>2018-07-08T14:53:09.000Z</time>
                <name>Position 727</name>
            </trkpt>
            <trkpt lat="47.21955" lon="10.5804317">
                <ele>1675.9</ele>
                <time>2018-07-08T14:54:17.000Z</time>
                <name>Position 728</name>
            </trkpt>
            <trkpt lat="47.2194717" lon="10.5803567">
                <ele>1674.0</ele>
                <time>2018-07-08T14:54:25.000Z</time>
                <name>Position 729</name>
            </trkpt>
            <trkpt lat="47.2193783" lon="10.5803233">
                <ele>1671.5</ele>
                <time>2018-07-08T14:54:37.000Z</time>
                <name>Position 730</name>
            </trkpt>
            <trkpt lat="47.2192867" lon="10.5803467">
                <ele>1668.9</ele>
                <time>2018-07-08T14:54:49.000Z</time>
                <name>Position 731</name>
            </trkpt>
            <trkpt lat="47.2191867" lon="10.5803183">
                <ele>1666.1</ele>
                <time>2018-07-08T14:55:01.000Z</time>
                <name>Position 732</name>
            </trkpt>
            <trkpt lat="47.2190767" lon="10.5803183">
                <ele>1663.6</ele>
                <time>2018-07-08T14:55:11.000Z</time>
                <name>Position 733</name>
            </trkpt>
            <trkpt lat="47.2189867" lon="10.5803183">
                <ele>1661.7</ele>
                <time>2018-07-08T14:55:17.000Z</time>
                <name>Position 734</name>
            </trkpt>
            <trkpt lat="47.2188733" lon="10.5803017">
                <ele>1659.2</ele>
                <time>2018-07-08T14:55:25.000Z</time>
                <name>Position 735</name>
            </trkpt>
            <trkpt lat="47.2187783" lon="10.5803583">
                <ele>1657.0</ele>
                <time>2018-07-08T14:55:35.000Z</time>
                <name>Position 736</name>
            </trkpt>
            <trkpt lat="47.218685" lon="10.5804317">
                <ele>1655.0</ele>
                <time>2018-07-08T14:55:43.000Z</time>
                <name>Position 737</name>
            </trkpt>
            <trkpt lat="47.2186167" lon="10.58052">
                <ele>1653.5</ele>
                <time>2018-07-08T14:55:53.000Z</time>
                <name>Position 738</name>
            </trkpt>
            <trkpt lat="47.2185367" lon="10.5805883">
                <ele>1651.7</ele>
                <time>2018-07-08T14:56:07.000Z</time>
                <name>Position 739</name>
            </trkpt>
            <trkpt lat="47.2184417" lon="10.5806333">
                <ele>1649.6</ele>
                <time>2018-07-08T14:56:23.000Z</time>
                <name>Position 740</name>
            </trkpt>
            <trkpt lat="47.2183517" lon="10.5806733">
                <ele>1647.7</ele>
                <time>2018-07-08T14:56:31.000Z</time>
                <name>Position 741</name>
            </trkpt>
            <trkpt lat="47.2182433" lon="10.580705">
                <ele>1645.8</ele>
                <time>2018-07-08T14:56:41.000Z</time>
                <name>Position 742</name>
            </trkpt>
            <trkpt lat="47.2181467" lon="10.5807383">
                <ele>1644.4</ele>
                <time>2018-07-08T14:56:51.000Z</time>
                <name>Position 743</name>
            </trkpt>
            <trkpt lat="47.2180567" lon="10.5807233">
                <ele>1643.1</ele>
                <time>2018-07-08T14:56:59.000Z</time>
                <name>Position 744</name>
            </trkpt>
            <trkpt lat="47.2179617" lon="10.58065">
                <ele>1641.6</ele>
                <time>2018-07-08T14:57:07.000Z</time>
                <name>Position 745</name>
            </trkpt>
            <trkpt lat="47.217875" lon="10.5805817">
                <ele>1640.2</ele>
                <time>2018-07-08T14:57:15.000Z</time>
                <name>Position 746</name>
            </trkpt>
            <trkpt lat="47.2178033" lon="10.5804733">
                <ele>1638.9</ele>
                <time>2018-07-08T14:57:23.000Z</time>
                <name>Position 747</name>
            </trkpt>
            <trkpt lat="47.21773" lon="10.5803667">
                <ele>1637.6</ele>
                <time>2018-07-08T14:57:37.000Z</time>
                <name>Position 748</name>
            </trkpt>
            <trkpt lat="47.21764" lon="10.580315">
                <ele>1636.1</ele>
                <time>2018-07-08T14:57:47.000Z</time>
                <name>Position 749</name>
            </trkpt>
            <trkpt lat="47.217555" lon="10.5802717">
                <ele>1634.7</ele>
                <time>2018-07-08T14:57:55.000Z</time>
                <name>Position 750</name>
            </trkpt>
            <trkpt lat="47.2174533" lon="10.5802533">
                <ele>1633.2</ele>
                <time>2018-07-08T14:58:07.000Z</time>
                <name>Position 751</name>
            </trkpt>
            <trkpt lat="47.217355" lon="10.5802467">
                <ele>1632.3</ele>
                <time>2018-07-08T14:58:17.000Z</time>
                <name>Position 752</name>
            </trkpt>
            <trkpt lat="47.2172583" lon="10.5802833">
                <ele>1631.4</ele>
                <time>2018-07-08T14:58:27.000Z</time>
                <name>Position 753</name>
            </trkpt>
            <trkpt lat="47.2171567" lon="10.5803433">
                <ele>1630.2</ele>
                <time>2018-07-08T14:58:37.000Z</time>
                <name>Position 754</name>
            </trkpt>
            <trkpt lat="47.217085" lon="10.5804533">
                <ele>1629.0</ele>
                <time>2018-07-08T14:58:49.000Z</time>
                <name>Position 755</name>
            </trkpt>
            <trkpt lat="47.2169983" lon="10.58055">
                <ele>1627.5</ele>
                <time>2018-07-08T14:58:57.000Z</time>
                <name>Position 756</name>
            </trkpt>
            <trkpt lat="47.21693" lon="10.580675">
                <ele>1625.8</ele>
                <time>2018-07-08T14:59:13.000Z</time>
                <name>Position 757</name>
            </trkpt>
            <trkpt lat="47.2168567" lon="10.5807667">
                <ele>1624.1</ele>
                <time>2018-07-08T14:59:21.000Z</time>
                <name>Position 758</name>
            </trkpt>
            <trkpt lat="47.2168017" lon="10.5808717">
                <ele>1622.8</ele>
                <time>2018-07-08T14:59:29.000Z</time>
                <name>Position 759</name>
            </trkpt>
            <trkpt lat="47.216705" lon="10.5809183">
                <ele>1621.3</ele>
                <time>2018-07-08T14:59:35.000Z</time>
                <name>Position 760</name>
            </trkpt>
            <trkpt lat="47.21662" lon="10.580995">
                <ele>1620.6</ele>
                <time>2018-07-08T14:59:43.000Z</time>
                <name>Position 761</name>
            </trkpt>
            <trkpt lat="47.216615" lon="10.5811433">
                <ele>1620.9</ele>
                <time>2018-07-08T14:59:53.000Z</time>
                <name>Position 762</name>
            </trkpt>
            <trkpt lat="47.2165333" lon="10.5812333">
                <ele>1620.5</ele>
                <time>2018-07-08T15:00:05.000Z</time>
                <name>Position 763</name>
            </trkpt>
            <trkpt lat="47.2164617" lon="10.5813133">
                <ele>1619.7</ele>
                <time>2018-07-08T15:00:11.000Z</time>
                <name>Position 764</name>
            </trkpt>
            <trkpt lat="47.2163833" lon="10.5813967">
                <ele>1618.4</ele>
                <time>2018-07-08T15:00:19.000Z</time>
                <name>Position 765</name>
            </trkpt>
            <trkpt lat="47.2163" lon="10.5815067">
                <ele>1616.3</ele>
                <time>2018-07-08T15:00:29.000Z</time>
                <name>Position 766</name>
            </trkpt>
            <trkpt lat="47.21627" lon="10.581635">
                <ele>1614.5</ele>
                <time>2018-07-08T15:00:37.000Z</time>
                <name>Position 767</name>
            </trkpt>
            <trkpt lat="47.2162233" lon="10.5817783">
                <ele>1614.0</ele>
                <time>2018-07-08T15:00:45.000Z</time>
                <name>Position 768</name>
            </trkpt>
            <trkpt lat="47.216175" lon="10.5818933">
                <ele>1614.0</ele>
                <time>2018-07-08T15:00:53.000Z</time>
                <name>Position 769</name>
            </trkpt>
            <trkpt lat="47.216095" lon="10.58199">
                <ele>1612.5</ele>
                <time>2018-07-08T15:01:03.000Z</time>
                <name>Position 770</name>
            </trkpt>
            <trkpt lat="47.2159933" lon="10.5820617">
                <ele>1609.9</ele>
                <time>2018-07-08T15:01:13.000Z</time>
                <name>Position 771</name>
            </trkpt>
            <trkpt lat="47.215915" lon="10.582165">
                <ele>1607.6</ele>
                <time>2018-07-08T15:01:21.000Z</time>
                <name>Position 772</name>
            </trkpt>
            <trkpt lat="47.2158383" lon="10.5822817">
                <ele>1605.1</ele>
                <time>2018-07-08T15:01:31.000Z</time>
                <name>Position 773</name>
            </trkpt>
            <trkpt lat="47.2157617" lon="10.5823567">
                <ele>1603.5</ele>
                <time>2018-07-08T15:01:41.000Z</time>
                <name>Position 774</name>
            </trkpt>
            <trkpt lat="47.2156817" lon="10.5824383">
                <ele>1601.5</ele>
                <time>2018-07-08T15:01:51.000Z</time>
                <name>Position 775</name>
            </trkpt>
            <trkpt lat="47.2156067" lon="10.5825183">
                <ele>1599.6</ele>
                <time>2018-07-08T15:02:01.000Z</time>
                <name>Position 776</name>
            </trkpt>
            <trkpt lat="47.2155267" lon="10.5825817">
                <ele>1599.3</ele>
                <time>2018-07-08T15:02:09.000Z</time>
                <name>Position 777</name>
            </trkpt>
            <trkpt lat="47.2154417" lon="10.5826267">
                <ele>1597.8</ele>
                <time>2018-07-08T15:02:17.000Z</time>
                <name>Position 778</name>
            </trkpt>
            <trkpt lat="47.2153783" lon="10.58273">
                <ele>1597.9</ele>
                <time>2018-07-08T15:02:25.000Z</time>
                <name>Position 779</name>
            </trkpt>
            <trkpt lat="47.2152883" lon="10.5827783">
                <ele>1596.2</ele>
                <time>2018-07-08T15:02:33.000Z</time>
                <name>Position 780</name>
            </trkpt>
            <trkpt lat="47.2151883" lon="10.5828583">
                <ele>1593.6</ele>
                <time>2018-07-08T15:02:41.000Z</time>
                <name>Position 781</name>
            </trkpt>
            <trkpt lat="47.2151083" lon="10.5829483">
                <ele>1591.5</ele>
                <time>2018-07-08T15:02:51.000Z</time>
                <name>Position 782</name>
            </trkpt>
            <trkpt lat="47.2150017" lon="10.58299">
                <ele>1587.9</ele>
                <time>2018-07-08T15:02:59.000Z</time>
                <name>Position 783</name>
            </trkpt>
            <trkpt lat="47.2148717" lon="10.5829683">
                <ele>1584.4</ele>
                <time>2018-07-08T15:03:05.000Z</time>
                <name>Position 784</name>
            </trkpt>
            <trkpt lat="47.2147917" lon="10.5830317">
                <ele>1582.2</ele>
                <time>2018-07-08T15:03:13.000Z</time>
                <name>Position 785</name>
            </trkpt>
            <trkpt lat="47.2146967" lon="10.5830117">
                <ele>1579.9</ele>
                <time>2018-07-08T15:03:21.000Z</time>
                <name>Position 786</name>
            </trkpt>
            <trkpt lat="47.214645" lon="10.5828933">
                <ele>1579.4</ele>
                <time>2018-07-08T15:03:53.000Z</time>
                <name>Position 787</name>
            </trkpt>
            <trkpt lat="47.2146083" lon="10.5830283">
                <ele>1577.5</ele>
                <time>2018-07-08T15:04:05.000Z</time>
                <name>Position 788</name>
            </trkpt>
            <trkpt lat="47.2145233" lon="10.5831217">
                <ele>1574.2</ele>
                <time>2018-07-08T15:04:21.000Z</time>
                <name>Position 789</name>
            </trkpt>
            <trkpt lat="47.2144267" lon="10.5831417">
                <ele>1571.0</ele>
                <time>2018-07-08T15:04:27.000Z</time>
                <name>Position 790</name>
            </trkpt>
            <trkpt lat="47.2143467" lon="10.5832267">
                <ele>1566.8</ele>
                <time>2018-07-08T15:04:35.000Z</time>
                <name>Position 791</name>
            </trkpt>
            <trkpt lat="47.2142917" lon="10.583335">
                <ele>1562.4</ele>
                <time>2018-07-08T15:04:43.000Z</time>
                <name>Position 792</name>
            </trkpt>
            <trkpt lat="47.21421" lon="10.583445">
                <ele>1561.7</ele>
                <time>2018-07-08T15:04:55.000Z</time>
                <name>Position 793</name>
            </trkpt>
            <trkpt lat="47.214115" lon="10.5834533">
                <ele>1558.9</ele>
                <time>2018-07-08T15:05:05.000Z</time>
                <name>Position 794</name>
            </trkpt>
            <trkpt lat="47.2140217" lon="10.5834683">
                <ele>1557.5</ele>
                <time>2018-07-08T15:05:15.000Z</time>
                <name>Position 795</name>
            </trkpt>
            <trkpt lat="47.2139283" lon="10.5834933">
                <ele>1556.0</ele>
                <time>2018-07-08T15:05:25.000Z</time>
                <name>Position 796</name>
            </trkpt>
            <trkpt lat="47.2138233" lon="10.5835267">
                <ele>1554.1</ele>
                <time>2018-07-08T15:05:35.000Z</time>
                <name>Position 797</name>
            </trkpt>
            <trkpt lat="47.2137233" lon="10.5835667">
                <ele>1552.3</ele>
                <time>2018-07-08T15:05:43.000Z</time>
                <name>Position 798</name>
            </trkpt>
            <trkpt lat="47.2136383" lon="10.5836483">
                <ele>1550.7</ele>
                <time>2018-07-08T15:05:53.000Z</time>
                <name>Position 799</name>
            </trkpt>
            <trkpt lat="47.2135433" lon="10.583695">
                <ele>1548.4</ele>
                <time>2018-07-08T15:06:01.000Z</time>
                <name>Position 800</name>
            </trkpt>
            <trkpt lat="47.2134117" lon="10.5837067">
                <ele>1544.9</ele>
                <time>2018-07-08T15:06:09.000Z</time>
                <name>Position 801</name>
            </trkpt>
            <trkpt lat="47.21332" lon="10.5837617">
                <ele>1542.1</ele>
                <time>2018-07-08T15:06:19.000Z</time>
                <name>Position 802</name>
            </trkpt>
            <trkpt lat="47.213215" lon="10.5838017">
                <ele>1541.9</ele>
                <time>2018-07-08T15:06:27.000Z</time>
                <name>Position 803</name>
            </trkpt>
            <trkpt lat="47.2131617" lon="10.5839133">
                <ele>1540.8</ele>
                <time>2018-07-08T15:06:35.000Z</time>
                <name>Position 804</name>
            </trkpt>
            <trkpt lat="47.2130683" lon="10.58397">
                <ele>1539.7</ele>
                <time>2018-07-08T15:06:43.000Z</time>
                <name>Position 805</name>
            </trkpt>
            <trkpt lat="47.2130517" lon="10.5841333">
                <ele>1537.3</ele>
                <time>2018-07-08T15:06:51.000Z</time>
                <name>Position 806</name>
            </trkpt>
            <trkpt lat="47.2129867" lon="10.58426">
                <ele>1536.9</ele>
                <time>2018-07-08T15:06:59.000Z</time>
                <name>Position 807</name>
            </trkpt>
            <trkpt lat="47.21292" lon="10.5843617">
                <ele>1536.3</ele>
                <time>2018-07-08T15:07:07.000Z</time>
                <name>Position 808</name>
            </trkpt>
            <trkpt lat="47.21284" lon="10.584425">
                <ele>1534.7</ele>
                <time>2018-07-08T15:07:15.000Z</time>
                <name>Position 809</name>
            </trkpt>
            <trkpt lat="47.2127783" lon="10.58453">
                <ele>1532.9</ele>
                <time>2018-07-08T15:07:23.000Z</time>
                <name>Position 810</name>
            </trkpt>
            <trkpt lat="47.21269" lon="10.584565">
                <ele>1530.0</ele>
                <time>2018-07-08T15:07:31.000Z</time>
                <name>Position 811</name>
            </trkpt>
            <trkpt lat="47.212665" lon="10.5847117">
                <ele>1527.8</ele>
                <time>2018-07-08T15:07:39.000Z</time>
                <name>Position 812</name>
            </trkpt>
            <trkpt lat="47.2125983" lon="10.584805">
                <ele>1524.0</ele>
                <time>2018-07-08T15:07:47.000Z</time>
                <name>Position 813</name>
            </trkpt>
            <trkpt lat="47.2125133" lon="10.58492">
                <ele>1517.9</ele>
                <time>2018-07-08T15:07:55.000Z</time>
                <name>Position 814</name>
            </trkpt>
            <trkpt lat="47.2124317" lon="10.5850183">
                <ele>1515.0</ele>
                <time>2018-07-08T15:08:03.000Z</time>
                <name>Position 815</name>
            </trkpt>
            <trkpt lat="47.212335" lon="10.5850683">
                <ele>1515.5</ele>
                <time>2018-07-08T15:08:15.000Z</time>
                <name>Position 816</name>
            </trkpt>
            <trkpt lat="47.21225" lon="10.5851167">
                <ele>1515.6</ele>
                <time>2018-07-08T15:08:23.000Z</time>
                <name>Position 817</name>
            </trkpt>
            <trkpt lat="47.2121533" lon="10.5851983">
                <ele>1515.9</ele>
                <time>2018-07-08T15:08:33.000Z</time>
                <name>Position 818</name>
            </trkpt>
            <trkpt lat="47.21206" lon="10.58523">
                <ele>1514.8</ele>
                <time>2018-07-08T15:08:39.000Z</time>
                <name>Position 819</name>
            </trkpt>
            <trkpt lat="47.21195" lon="10.5852617">
                <ele>1513.2</ele>
                <time>2018-07-08T15:08:45.000Z</time>
                <name>Position 820</name>
            </trkpt>
            <trkpt lat="47.211845" lon="10.5852967">
                <ele>1511.2</ele>
                <time>2018-07-08T15:08:53.000Z</time>
                <name>Position 821</name>
            </trkpt>
            <trkpt lat="47.2117383" lon="10.5853617">
                <ele>1508.9</ele>
                <time>2018-07-08T15:09:01.000Z</time>
                <name>Position 822</name>
            </trkpt>
            <trkpt lat="47.21165" lon="10.5854017">
                <ele>1506.6</ele>
                <time>2018-07-08T15:09:11.000Z</time>
                <name>Position 823</name>
            </trkpt>
            <trkpt lat="47.2115767" lon="10.5854983">
                <ele>1505.4</ele>
                <time>2018-07-08T15:09:23.000Z</time>
                <name>Position 824</name>
            </trkpt>
            <trkpt lat="47.21147" lon="10.58546">
                <ele>1504.9</ele>
                <time>2018-07-08T15:09:33.000Z</time>
                <name>Position 825</name>
            </trkpt>
            <trkpt lat="47.2113817" lon="10.5855167">
                <ele>1503.7</ele>
                <time>2018-07-08T15:09:41.000Z</time>
                <name>Position 826</name>
            </trkpt>
            <trkpt lat="47.211335" lon="10.5856567">
                <ele>1501.5</ele>
                <time>2018-07-08T15:09:49.000Z</time>
                <name>Position 827</name>
            </trkpt>
            <trkpt lat="47.21126" lon="10.5857567">
                <ele>1499.1</ele>
                <time>2018-07-08T15:09:57.000Z</time>
                <name>Position 828</name>
            </trkpt>
            <trkpt lat="47.2112017" lon="10.5858933">
                <ele>1497.7</ele>
                <time>2018-07-08T15:10:07.000Z</time>
                <name>Position 829</name>
            </trkpt>
            <trkpt lat="47.2111383" lon="10.5860083">
                <ele>1498.5</ele>
                <time>2018-07-08T15:10:13.000Z</time>
                <name>Position 830</name>
            </trkpt>
            <trkpt lat="47.2110683" lon="10.586115">
                <ele>1498.8</ele>
                <time>2018-07-08T15:10:23.000Z</time>
                <name>Position 831</name>
            </trkpt>
            <trkpt lat="47.2109917" lon="10.5862">
                <ele>1497.9</ele>
                <time>2018-07-08T15:10:31.000Z</time>
                <name>Position 832</name>
            </trkpt>
            <trkpt lat="47.2109633" lon="10.58634">
                <ele>1498.6</ele>
                <time>2018-07-08T15:10:39.000Z</time>
                <name>Position 833</name>
            </trkpt>
            <trkpt lat="47.2109067" lon="10.5864617">
                <ele>1498.2</ele>
                <time>2018-07-08T15:10:47.000Z</time>
                <name>Position 834</name>
            </trkpt>
            <trkpt lat="47.21082" lon="10.5865483">
                <ele>1496.0</ele>
                <time>2018-07-08T15:10:57.000Z</time>
                <name>Position 835</name>
            </trkpt>
            <trkpt lat="47.2107883" lon="10.586675">
                <ele>1496.1</ele>
                <time>2018-07-08T15:11:05.000Z</time>
                <name>Position 836</name>
            </trkpt>
            <trkpt lat="47.210725" lon="10.5868183">
                <ele>1496.7</ele>
                <time>2018-07-08T15:11:13.000Z</time>
                <name>Position 837</name>
            </trkpt>
            <trkpt lat="47.2107067" lon="10.586965">
                <ele>1498.0</ele>
                <time>2018-07-08T15:11:23.000Z</time>
                <name>Position 838</name>
            </trkpt>
            <trkpt lat="47.2106767" lon="10.5870967">
                <ele>1498.8</ele>
                <time>2018-07-08T15:11:31.000Z</time>
                <name>Position 839</name>
            </trkpt>
            <trkpt lat="47.210675" lon="10.5872583">
                <ele>1500.6</ele>
                <time>2018-07-08T15:11:41.000Z</time>
                <name>Position 840</name>
            </trkpt>
            <trkpt lat="47.2106767" lon="10.5874167">
                <ele>1502.6</ele>
                <time>2018-07-08T15:11:49.000Z</time>
                <name>Position 841</name>
            </trkpt>
            <trkpt lat="47.2106967" lon="10.5875617">
                <ele>1505.2</ele>
                <time>2018-07-08T15:11:57.000Z</time>
                <name>Position 842</name>
            </trkpt>
            <trkpt lat="47.2106367" lon="10.587665">
                <ele>1505.2</ele>
                <time>2018-07-08T15:12:09.000Z</time>
                <name>Position 843</name>
            </trkpt>
            <trkpt lat="47.2106217" lon="10.5878067">
                <ele>1507.0</ele>
                <time>2018-07-08T15:12:19.000Z</time>
                <name>Position 844</name>
            </trkpt>
            <trkpt lat="47.2105167" lon="10.5878333">
                <ele>1504.4</ele>
                <time>2018-07-08T15:12:31.000Z</time>
                <name>Position 845</name>
            </trkpt>
            <trkpt lat="47.2104083" lon="10.5878467">
                <ele>1501.0</ele>
                <time>2018-07-08T15:12:41.000Z</time>
                <name>Position 846</name>
            </trkpt>
            <trkpt lat="47.21031" lon="10.5878317">
                <ele>1497.7</ele>
                <time>2018-07-08T15:12:49.000Z</time>
                <name>Position 847</name>
            </trkpt>
            <trkpt lat="47.210205" lon="10.58783">
                <ele>1494.0</ele>
                <time>2018-07-08T15:12:57.000Z</time>
                <name>Position 848</name>
            </trkpt>
            <trkpt lat="47.2101083" lon="10.58783">
                <ele>1490.8</ele>
                <time>2018-07-08T15:13:05.000Z</time>
                <name>Position 849</name>
            </trkpt>
            <trkpt lat="47.2099917" lon="10.587895">
                <ele>1488.4</ele>
                <time>2018-07-08T15:13:11.000Z</time>
                <name>Position 850</name>
            </trkpt>
            <trkpt lat="47.209905" lon="10.58794">
                <ele>1487.8</ele>
                <time>2018-07-08T15:13:17.000Z</time>
                <name>Position 851</name>
            </trkpt>
            <trkpt lat="47.20983" lon="10.58802">
                <ele>1488.0</ele>
                <time>2018-07-08T15:13:25.000Z</time>
                <name>Position 852</name>
            </trkpt>
            <trkpt lat="47.2097217" lon="10.5880767">
                <ele>1487.3</ele>
                <time>2018-07-08T15:13:33.000Z</time>
                <name>Position 853</name>
            </trkpt>
            <trkpt lat="47.209605" lon="10.5881033">
                <ele>1485.8</ele>
                <time>2018-07-08T15:13:41.000Z</time>
                <name>Position 854</name>
            </trkpt>
            <trkpt lat="47.20951" lon="10.588145">
                <ele>1484.6</ele>
                <time>2018-07-08T15:13:49.000Z</time>
                <name>Position 855</name>
            </trkpt>
            <trkpt lat="47.2094067" lon="10.58816">
                <ele>1483.0</ele>
                <time>2018-07-08T15:13:59.000Z</time>
                <name>Position 856</name>
            </trkpt>
            <trkpt lat="47.20931" lon="10.5881683">
                <ele>1481.4</ele>
                <time>2018-07-08T15:14:07.000Z</time>
                <name>Position 857</name>
            </trkpt>
            <trkpt lat="47.20924" lon="10.588255">
                <ele>1480.4</ele>
                <time>2018-07-08T15:14:15.000Z</time>
                <name>Position 858</name>
            </trkpt>
            <trkpt lat="47.2091483" lon="10.58837">
                <ele>1479.3</ele>
                <time>2018-07-08T15:14:25.000Z</time>
                <name>Position 859</name>
            </trkpt>
            <trkpt lat="47.209065" lon="10.5884467">
                <ele>1479.1</ele>
                <time>2018-07-08T15:14:33.000Z</time>
                <name>Position 860</name>
            </trkpt>
            <trkpt lat="47.2089667" lon="10.588515">
                <ele>1478.3</ele>
                <time>2018-07-08T15:14:41.000Z</time>
                <name>Position 861</name>
            </trkpt>
            <trkpt lat="47.208875" lon="10.5886033">
                <ele>1477.3</ele>
                <time>2018-07-08T15:14:49.000Z</time>
                <name>Position 862</name>
            </trkpt>
            <trkpt lat="47.2088117" lon="10.5887183">
                <ele>1476.7</ele>
                <time>2018-07-08T15:14:57.000Z</time>
                <name>Position 863</name>
            </trkpt>
            <trkpt lat="47.2087717" lon="10.5888783">
                <ele>1476.3</ele>
                <time>2018-07-08T15:15:05.000Z</time>
                <name>Position 864</name>
            </trkpt>
            <trkpt lat="47.20868" lon="10.588925">
                <ele>1474.4</ele>
                <time>2018-07-08T15:15:13.000Z</time>
                <name>Position 865</name>
            </trkpt>
            <trkpt lat="47.20862" lon="10.5890267">
                <ele>1472.8</ele>
                <time>2018-07-08T15:15:23.000Z</time>
                <name>Position 866</name>
            </trkpt>
            <trkpt lat="47.20861" lon="10.5891883">
                <ele>1472.4</ele>
                <time>2018-07-08T15:15:33.000Z</time>
                <name>Position 867</name>
            </trkpt>
            <trkpt lat="47.20861" lon="10.5893367">
                <ele>1473.3</ele>
                <time>2018-07-08T15:15:43.000Z</time>
                <name>Position 868</name>
            </trkpt>
            <trkpt lat="47.2085467" lon="10.5894617">
                <ele>1472.5</ele>
                <time>2018-07-08T15:15:53.000Z</time>
                <name>Position 869</name>
            </trkpt>
            <trkpt lat="47.2084483" lon="10.5894883">
                <ele>1470.1</ele>
                <time>2018-07-08T15:16:05.000Z</time>
                <name>Position 870</name>
            </trkpt>
            <trkpt lat="47.2083517" lon="10.5895033">
                <ele>1467.5</ele>
                <time>2018-07-08T15:16:13.000Z</time>
                <name>Position 871</name>
            </trkpt>
            <trkpt lat="47.2082717" lon="10.5895933">
                <ele>1466.4</ele>
                <time>2018-07-08T15:16:21.000Z</time>
                <name>Position 872</name>
            </trkpt>
            <trkpt lat="47.208185" lon="10.589705">
                <ele>1465.4</ele>
                <time>2018-07-08T15:16:29.000Z</time>
                <name>Position 873</name>
            </trkpt>
            <trkpt lat="47.2081283" lon="10.5898383">
                <ele>1465.1</ele>
                <time>2018-07-08T15:16:39.000Z</time>
                <name>Position 874</name>
            </trkpt>
            <trkpt lat="47.2080983" lon="10.58997">
                <ele>1465.2</ele>
                <time>2018-07-08T15:16:47.000Z</time>
                <name>Position 875</name>
            </trkpt>
            <trkpt lat="47.2080383" lon="10.5900933">
                <ele>1465.0</ele>
                <time>2018-07-08T15:16:57.000Z</time>
                <name>Position 876</name>
            </trkpt>
            <trkpt lat="47.2080083" lon="10.5902217">
                <ele>1465.6</ele>
                <time>2018-07-08T15:17:05.000Z</time>
                <name>Position 877</name>
            </trkpt>
            <trkpt lat="47.2079617" lon="10.5903617">
                <ele>1466.0</ele>
                <time>2018-07-08T15:17:15.000Z</time>
                <name>Position 878</name>
            </trkpt>
            <trkpt lat="47.2079" lon="10.590495">
                <ele>1465.9</ele>
                <time>2018-07-08T15:17:25.000Z</time>
                <name>Position 879</name>
            </trkpt>
            <trkpt lat="47.20783" lon="10.590625">
                <ele>1465.5</ele>
                <time>2018-07-08T15:17:33.000Z</time>
                <name>Position 880</name>
            </trkpt>
            <trkpt lat="47.207775" lon="10.59073">
                <ele>1465.3</ele>
                <time>2018-07-08T15:17:41.000Z</time>
                <name>Position 881</name>
            </trkpt>
            <trkpt lat="47.20769" lon="10.5908383">
                <ele>1464.1</ele>
                <time>2018-07-08T15:17:49.000Z</time>
                <name>Position 882</name>
            </trkpt>
            <trkpt lat="47.2076233" lon="10.590965">
                <ele>1464.1</ele>
                <time>2018-07-08T15:17:57.000Z</time>
                <name>Position 883</name>
            </trkpt>
            <trkpt lat="47.207525" lon="10.5909733">
                <ele>1461.7</ele>
                <time>2018-07-08T15:18:03.000Z</time>
                <name>Position 884</name>
            </trkpt>
            <trkpt lat="47.2074233" lon="10.5909817">
                <ele>1458.4</ele>
                <time>2018-07-08T15:18:13.000Z</time>
                <name>Position 885</name>
            </trkpt>
            <trkpt lat="47.2073317" lon="10.5910633">
                <ele>1456.2</ele>
                <time>2018-07-08T15:18:23.000Z</time>
                <name>Position 886</name>
            </trkpt>
            <trkpt lat="47.2072233" lon="10.5910867">
                <ele>1453.3</ele>
                <time>2018-07-08T15:18:31.000Z</time>
                <name>Position 887</name>
            </trkpt>
            <trkpt lat="47.2071333" lon="10.5911467">
                <ele>1451.0</ele>
                <time>2018-07-08T15:18:39.000Z</time>
                <name>Position 888</name>
            </trkpt>
            <trkpt lat="47.2070767" lon="10.5912883">
                <ele>1450.2</ele>
                <time>2018-07-08T15:18:51.000Z</time>
                <name>Position 889</name>
            </trkpt>
            <trkpt lat="47.2069683" lon="10.5913017">
                <ele>1447.6</ele>
                <time>2018-07-08T15:19:01.000Z</time>
                <name>Position 890</name>
            </trkpt>
            <trkpt lat="47.2068583" lon="10.591325">
                <ele>1444.2</ele>
                <time>2018-07-08T15:19:09.000Z</time>
                <name>Position 891</name>
            </trkpt>
            <trkpt lat="47.206765" lon="10.5913667">
                <ele>1441.9</ele>
                <time>2018-07-08T15:19:15.000Z</time>
                <name>Position 892</name>
            </trkpt>
            <trkpt lat="47.206685" lon="10.5914383">
                <ele>1440.0</ele>
                <time>2018-07-08T15:19:23.000Z</time>
                <name>Position 893</name>
            </trkpt>
            <trkpt lat="47.2066033" lon="10.5915283">
                <ele>1438.5</ele>
                <time>2018-07-08T15:19:31.000Z</time>
                <name>Position 894</name>
            </trkpt>
            <trkpt lat="47.2065" lon="10.5915867">
                <ele>1435.8</ele>
                <time>2018-07-08T15:19:39.000Z</time>
                <name>Position 895</name>
            </trkpt>
            <trkpt lat="47.2064017" lon="10.5916517">
                <ele>1432.9</ele>
                <time>2018-07-08T15:19:49.000Z</time>
                <name>Position 896</name>
            </trkpt>
            <trkpt lat="47.206305" lon="10.591745">
                <ele>1431.0</ele>
                <time>2018-07-08T15:19:57.000Z</time>
                <name>Position 897</name>
            </trkpt>
            <trkpt lat="47.2062283" lon="10.5918267">
                <ele>1429.7</ele>
                <time>2018-07-08T15:20:03.000Z</time>
                <name>Position 898</name>
            </trkpt>
            <trkpt lat="47.2061583" lon="10.5919317">
                <ele>1428.7</ele>
                <time>2018-07-08T15:20:11.000Z</time>
                <name>Position 899</name>
            </trkpt>
            <trkpt lat="47.2061233" lon="10.5921">
                <ele>1430.1</ele>
                <time>2018-07-08T15:20:19.000Z</time>
                <name>Position 900</name>
            </trkpt>
            <trkpt lat="47.206065" lon="10.5922233">
                <ele>1430.1</ele>
                <time>2018-07-08T15:20:27.000Z</time>
                <name>Position 901</name>
            </trkpt>
            <trkpt lat="47.2060633" lon="10.5923733">
                <ele>1432.2</ele>
                <time>2018-07-08T15:20:35.000Z</time>
                <name>Position 902</name>
            </trkpt>
            <trkpt lat="47.2060583" lon="10.5925067">
                <ele>1434.4</ele>
                <time>2018-07-08T15:20:43.000Z</time>
                <name>Position 903</name>
            </trkpt>
            <trkpt lat="47.2059733" lon="10.592555">
                <ele>1433.0</ele>
                <time>2018-07-08T15:20:55.000Z</time>
                <name>Position 904</name>
            </trkpt>
            <trkpt lat="47.2058867" lon="10.592515">
                <ele>1428.9</ele>
                <time>2018-07-08T15:21:03.000Z</time>
                <name>Position 905</name>
            </trkpt>
            <trkpt lat="47.2058233" lon="10.59261">
                <ele>1428.4</ele>
                <time>2018-07-08T15:21:11.000Z</time>
                <name>Position 906</name>
            </trkpt>
            <trkpt lat="47.2057683" lon="10.59277">
                <ele>1431.0</ele>
                <time>2018-07-08T15:21:19.000Z</time>
                <name>Position 907</name>
            </trkpt>
            <trkpt lat="47.2057333" lon="10.5929167">
                <ele>1433.8</ele>
                <time>2018-07-08T15:21:27.000Z</time>
                <name>Position 908</name>
            </trkpt>
            <trkpt lat="47.20564" lon="10.59294">
                <ele>1431.9</ele>
                <time>2018-07-08T15:21:37.000Z</time>
                <name>Position 909</name>
            </trkpt>
            <trkpt lat="47.2055383" lon="10.592945">
                <ele>1428.2</ele>
                <time>2018-07-08T15:21:45.000Z</time>
                <name>Position 910</name>
            </trkpt>
            <trkpt lat="47.20547" lon="10.5930517">
                <ele>1428.6</ele>
                <time>2018-07-08T15:21:51.000Z</time>
                <name>Position 911</name>
            </trkpt>
            <trkpt lat="47.2053717" lon="10.5931333">
                <ele>1427.9</ele>
                <time>2018-07-08T15:21:59.000Z</time>
                <name>Position 912</name>
            </trkpt>
            <trkpt lat="47.2053067" lon="10.5932583">
                <ele>1428.9</ele>
                <time>2018-07-08T15:22:07.000Z</time>
                <name>Position 913</name>
            </trkpt>
            <trkpt lat="47.2052683" lon="10.59341">
                <ele>1432.7</ele>
                <time>2018-07-08T15:22:15.000Z</time>
                <name>Position 914</name>
            </trkpt>
            <trkpt lat="47.205195" lon="10.5934917">
                <ele>1434.6</ele>
                <time>2018-07-08T15:22:23.000Z</time>
                <name>Position 915</name>
            </trkpt>
            <trkpt lat="47.2051033" lon="10.5935217">
                <ele>1433.6</ele>
                <time>2018-07-08T15:22:31.000Z</time>
                <name>Position 916</name>
            </trkpt>
            <trkpt lat="47.205005" lon="10.5935317">
                <ele>1430.6</ele>
                <time>2018-07-08T15:22:39.000Z</time>
                <name>Position 917</name>
            </trkpt>
            <trkpt lat="47.20495" lon="10.5936467">
                <ele>1434.1</ele>
                <time>2018-07-08T15:22:49.000Z</time>
                <name>Position 918</name>
            </trkpt>
            <trkpt lat="47.2048517" lon="10.5936867">
                <ele>1434.4</ele>
                <time>2018-07-08T15:22:59.000Z</time>
                <name>Position 919</name>
            </trkpt>
            <trkpt lat="47.2047533" lon="10.593725">
                <ele>1433.9</ele>
                <time>2018-07-08T15:23:09.000Z</time>
                <name>Position 920</name>
            </trkpt>
            <trkpt lat="47.2046567" lon="10.59377">
                <ele>1434.1</ele>
                <time>2018-07-08T15:23:17.000Z</time>
                <name>Position 921</name>
            </trkpt>
            <trkpt lat="47.20461" lon="10.593885">
                <ele>1438.5</ele>
                <time>2018-07-08T15:23:25.000Z</time>
                <name>Position 922</name>
            </trkpt>
            <trkpt lat="47.204515" lon="10.5939317">
                <ele>1439.3</ele>
                <time>2018-07-08T15:23:35.000Z</time>
                <name>Position 923</name>
            </trkpt>
            <trkpt lat="47.2044233" lon="10.5939267">
                <ele>1437.4</ele>
                <time>2018-07-08T15:23:45.000Z</time>
                <name>Position 924</name>
            </trkpt>
            <trkpt lat="47.20432" lon="10.5938717">
                <ele>1433.0</ele>
                <time>2018-07-08T15:23:53.000Z</time>
                <name>Position 925</name>
            </trkpt>
            <trkpt lat="47.204215" lon="10.593825">
                <ele>1428.0</ele>
                <time>2018-07-08T15:23:59.000Z</time>
                <name>Position 926</name>
            </trkpt>
            <trkpt lat="47.2041183" lon="10.59385">
                <ele>1427.3</ele>
                <time>2018-07-08T15:24:09.000Z</time>
                <name>Position 927</name>
            </trkpt>
            <trkpt lat="47.2040967" lon="10.5937167">
                <ele>1420.6</ele>
                <time>2018-07-08T15:24:37.000Z</time>
                <name>Position 928</name>
            </trkpt>
            <trkpt lat="47.2040117" lon="10.5936583">
                <ele>1417.4</ele>
                <time>2018-07-08T15:24:41.000Z</time>
                <name>Position 929</name>
            </trkpt>
            <trkpt lat="47.2039117" lon="10.59361">
                <ele>1414.1</ele>
                <time>2018-07-08T15:24:49.000Z</time>
                <name>Position 930</name>
            </trkpt>
            <trkpt lat="47.2037983" lon="10.593635">
                <ele>1414.6</ele>
                <time>2018-07-08T15:24:59.000Z</time>
                <name>Position 931</name>
            </trkpt>
            <trkpt lat="47.2036933" lon="10.5936">
                <ele>1412.7</ele>
                <time>2018-07-08T15:25:07.000Z</time>
                <name>Position 932</name>
            </trkpt>
            <trkpt lat="47.203595" lon="10.5935267">
                <ele>1409.4</ele>
                <time>2018-07-08T15:25:13.000Z</time>
                <name>Position 933</name>
            </trkpt>
            <trkpt lat="47.203505" lon="10.5934467">
                <ele>1405.6</ele>
                <time>2018-07-08T15:25:23.000Z</time>
                <name>Position 934</name>
            </trkpt>
            <trkpt lat="47.2034067" lon="10.593435">
                <ele>1405.0</ele>
                <time>2018-07-08T15:25:37.000Z</time>
                <name>Position 935</name>
            </trkpt>
            <trkpt lat="47.2033267" lon="10.59337">
                <ele>1402.8</ele>
                <time>2018-07-08T15:25:45.000Z</time>
                <name>Position 936</name>
            </trkpt>
            <trkpt lat="47.2032417" lon="10.5933">
                <ele>1399.3</ele>
                <time>2018-07-08T15:25:53.000Z</time>
                <name>Position 937</name>
            </trkpt>
            <trkpt lat="47.2031333" lon="10.5932683">
                <ele>1397.2</ele>
                <time>2018-07-08T15:26:01.000Z</time>
                <name>Position 938</name>
            </trkpt>
            <trkpt lat="47.2030183" lon="10.5932667">
                <ele>1396.2</ele>
                <time>2018-07-08T15:26:11.000Z</time>
                <name>Position 939</name>
            </trkpt>
            <trkpt lat="47.2029117" lon="10.59331">
                <ele>1397.0</ele>
                <time>2018-07-08T15:26:23.000Z</time>
                <name>Position 940</name>
            </trkpt>
            <trkpt lat="47.20279" lon="10.59328">
                <ele>1395.6</ele>
                <time>2018-07-08T15:26:41.000Z</time>
                <name>Position 941</name>
            </trkpt>
            <trkpt lat="47.202695" lon="10.59325">
                <ele>1393.0</ele>
                <time>2018-07-08T15:26:57.000Z</time>
                <name>Position 942</name>
            </trkpt>
            <trkpt lat="47.2026083" lon="10.5932083">
                <ele>1390.9</ele>
                <time>2018-07-08T15:27:03.000Z</time>
                <name>Position 943</name>
            </trkpt>
            <trkpt lat="47.20251" lon="10.5931567">
                <ele>1387.8</ele>
                <time>2018-07-08T15:27:11.000Z</time>
                <name>Position 944</name>
            </trkpt>
            <trkpt lat="47.2024017" lon="10.5931883">
                <ele>1386.2</ele>
                <time>2018-07-08T15:27:23.000Z</time>
                <name>Position 945</name>
            </trkpt>
            <trkpt lat="47.2023017" lon="10.593195">
                <ele>1384.0</ele>
                <time>2018-07-08T15:27:33.000Z</time>
                <name>Position 946</name>
            </trkpt>
            <trkpt lat="47.2022" lon="10.5931883">
                <ele>1380.5</ele>
                <time>2018-07-08T15:27:43.000Z</time>
                <name>Position 947</name>
            </trkpt>
            <trkpt lat="47.2020783" lon="10.5932">
                <ele>1377.8</ele>
                <time>2018-07-08T15:27:51.000Z</time>
                <name>Position 948</name>
            </trkpt>
            <trkpt lat="47.2019683" lon="10.5931833">
                <ele>1374.0</ele>
                <time>2018-07-08T15:27:59.000Z</time>
                <name>Position 949</name>
            </trkpt>
            <trkpt lat="47.2018617" lon="10.593165">
                <ele>1370.4</ele>
                <time>2018-07-08T15:28:05.000Z</time>
                <name>Position 950</name>
            </trkpt>
            <trkpt lat="47.2017533" lon="10.5931683">
                <ele>1367.1</ele>
                <time>2018-07-08T15:28:15.000Z</time>
                <name>Position 951</name>
            </trkpt>
            <trkpt lat="47.2016483" lon="10.5932233">
                <ele>1366.0</ele>
                <time>2018-07-08T15:28:25.000Z</time>
                <name>Position 952</name>
            </trkpt>
            <trkpt lat="47.201585" lon="10.59332">
                <ele>1366.4</ele>
                <time>2018-07-08T15:28:31.000Z</time>
                <name>Position 953</name>
            </trkpt>
            <trkpt lat="47.2014917" lon="10.5933433">
                <ele>1364.5</ele>
                <time>2018-07-08T15:28:41.000Z</time>
                <name>Position 954</name>
            </trkpt>
            <trkpt lat="47.2014" lon="10.5933517">
                <ele>1360.0</ele>
                <time>2018-07-08T15:28:47.000Z</time>
                <name>Position 955</name>
            </trkpt>
            <trkpt lat="47.20129" lon="10.593375">
                <ele>1356.2</ele>
                <time>2018-07-08T15:28:57.000Z</time>
                <name>Position 956</name>
            </trkpt>
            <trkpt lat="47.2011933" lon="10.5933817">
                <ele>1351.9</ele>
                <time>2018-07-08T15:29:05.000Z</time>
                <name>Position 957</name>
            </trkpt>
            <trkpt lat="47.2011033" lon="10.59346">
                <ele>1350.8</ele>
                <time>2018-07-08T15:29:13.000Z</time>
                <name>Position 958</name>
            </trkpt>
            <trkpt lat="47.2010233" lon="10.593565">
                <ele>1351.5</ele>
                <time>2018-07-08T15:29:21.000Z</time>
                <name>Position 959</name>
            </trkpt>
            <trkpt lat="47.200965" lon="10.5936683">
                <ele>1352.8</ele>
                <time>2018-07-08T15:29:27.000Z</time>
                <name>Position 960</name>
            </trkpt>
            <trkpt lat="47.2009383" lon="10.5938017">
                <ele>1357.0</ele>
                <time>2018-07-08T15:29:35.000Z</time>
                <name>Position 961</name>
            </trkpt>
            <trkpt lat="47.2008483" lon="10.5938767">
                <ele>1356.0</ele>
                <time>2018-07-08T15:29:47.000Z</time>
                <name>Position 962</name>
            </trkpt>
            <trkpt lat="47.2007683" lon="10.5939417">
                <ele>1355.2</ele>
                <time>2018-07-08T15:29:57.000Z</time>
                <name>Position 963</name>
            </trkpt>
            <trkpt lat="47.2006617" lon="10.593955">
                <ele>1351.6</ele>
                <time>2018-07-08T15:30:05.000Z</time>
                <name>Position 964</name>
            </trkpt>
            <trkpt lat="47.200575" lon="10.5940217">
                <ele>1349.8</ele>
                <time>2018-07-08T15:30:13.000Z</time>
                <name>Position 965</name>
            </trkpt>
            <trkpt lat="47.20051" lon="10.59414">
                <ele>1350.4</ele>
                <time>2018-07-08T15:30:21.000Z</time>
                <name>Position 966</name>
            </trkpt>
            <trkpt lat="47.2004233" lon="10.594185">
                <ele>1348.7</ele>
                <time>2018-07-08T15:30:35.000Z</time>
                <name>Position 967</name>
            </trkpt>
            <trkpt lat="47.2003333" lon="10.5941817">
                <ele>1344.1</ele>
                <time>2018-07-08T15:30:43.000Z</time>
                <name>Position 968</name>
            </trkpt>
            <trkpt lat="47.2002383" lon="10.594195">
                <ele>1340.3</ele>
                <time>2018-07-08T15:30:49.000Z</time>
                <name>Position 969</name>
            </trkpt>
            <trkpt lat="47.2001467" lon="10.5942817">
                <ele>1339.1</ele>
                <time>2018-07-08T15:30:59.000Z</time>
                <name>Position 970</name>
            </trkpt>
            <trkpt lat="47.2000783" lon="10.5943767">
                <ele>1339.9</ele>
                <time>2018-07-08T15:31:09.000Z</time>
                <name>Position 971</name>
            </trkpt>
            <trkpt lat="47.1999783" lon="10.5943933">
                <ele>1336.9</ele>
                <time>2018-07-08T15:31:17.000Z</time>
                <name>Position 972</name>
            </trkpt>
            <trkpt lat="47.1998967" lon="10.5944517">
                <ele>1335.4</ele>
                <time>2018-07-08T15:31:25.000Z</time>
                <name>Position 973</name>
            </trkpt>
            <trkpt lat="47.199805" lon="10.5945517">
                <ele>1336.3</ele>
                <time>2018-07-08T15:31:33.000Z</time>
                <name>Position 974</name>
            </trkpt>
            <trkpt lat="47.1997167" lon="10.594655">
                <ele>1337.0</ele>
                <time>2018-07-08T15:31:41.000Z</time>
                <name>Position 975</name>
            </trkpt>
            <trkpt lat="47.1996433" lon="10.5947883">
                <ele>1338.9</ele>
                <time>2018-07-08T15:31:49.000Z</time>
                <name>Position 976</name>
            </trkpt>
            <trkpt lat="47.199555" lon="10.5948217">
                <ele>1337.1</ele>
                <time>2018-07-08T15:31:57.000Z</time>
                <name>Position 977</name>
            </trkpt>
            <trkpt lat="47.199465" lon="10.5948617">
                <ele>1334.3</ele>
                <time>2018-07-08T15:32:07.000Z</time>
                <name>Position 978</name>
            </trkpt>
            <trkpt lat="47.1993683" lon="10.594805">
                <ele>1328.5</ele>
                <time>2018-07-08T15:32:15.000Z</time>
                <name>Position 979</name>
            </trkpt>
            <trkpt lat="47.1992533" lon="10.5948067">
                <ele>1323.7</ele>
                <time>2018-07-08T15:32:23.000Z</time>
                <name>Position 980</name>
            </trkpt>
            <trkpt lat="47.19915" lon="10.59483">
                <ele>1320.0</ele>
                <time>2018-07-08T15:32:31.000Z</time>
                <name>Position 981</name>
            </trkpt>
            <trkpt lat="47.1990383" lon="10.5948917">
                <ele>1318.3</ele>
                <time>2018-07-08T15:32:39.000Z</time>
                <name>Position 982</name>
            </trkpt>
            <trkpt lat="47.19898" lon="10.5949967">
                <ele>1318.4</ele>
                <time>2018-07-08T15:32:45.000Z</time>
                <name>Position 983</name>
            </trkpt>
            <trkpt lat="47.1989" lon="10.59508">
                <ele>1319.8</ele>
                <time>2018-07-08T15:32:53.000Z</time>
                <name>Position 984</name>
            </trkpt>
            <trkpt lat="47.1988083" lon="10.5951">
                <ele>1317.1</ele>
                <time>2018-07-08T15:33:01.000Z</time>
                <name>Position 985</name>
            </trkpt>
            <trkpt lat="47.1987133" lon="10.5951733">
                <ele>1316.7</ele>
                <time>2018-07-08T15:33:09.000Z</time>
                <name>Position 986</name>
            </trkpt>
            <trkpt lat="47.1986517" lon="10.5952783">
                <ele>1318.2</ele>
                <time>2018-07-08T15:33:17.000Z</time>
                <name>Position 987</name>
            </trkpt>
            <trkpt lat="47.1985917" lon="10.5953917">
                <ele>1320.8</ele>
                <time>2018-07-08T15:33:27.000Z</time>
                <name>Position 988</name>
            </trkpt>
            <trkpt lat="47.1985183" lon="10.5955317">
                <ele>1322.2</ele>
                <time>2018-07-08T15:33:35.000Z</time>
                <name>Position 989</name>
            </trkpt>
            <trkpt lat="47.198535" lon="10.5953883">
                <ele>1318.3</ele>
                <time>2018-07-08T15:33:55.000Z</time>
                <name>Position 990</name>
            </trkpt>
            <trkpt lat="47.198565" lon="10.5952633">
                <ele>1314.6</ele>
                <time>2018-07-08T15:34:03.000Z</time>
                <name>Position 991</name>
            </trkpt>
            <trkpt lat="47.1985783" lon="10.5951117">
                <ele>1308.9</ele>
                <time>2018-07-08T15:34:11.000Z</time>
                <name>Position 992</name>
            </trkpt>
            <trkpt lat="47.1984967" lon="10.5950533">
                <ele>1303.4</ele>
                <time>2018-07-08T15:34:17.000Z</time>
                <name>Position 993</name>
            </trkpt>
            <trkpt lat="47.1983833" lon="10.5950267">
                <ele>1297.6</ele>
                <time>2018-07-08T15:34:25.000Z</time>
                <name>Position 994</name>
            </trkpt>
            <trkpt lat="47.198305" lon="10.5951">
                <ele>1297.0</ele>
                <time>2018-07-08T15:34:35.000Z</time>
                <name>Position 995</name>
            </trkpt>
            <trkpt lat="47.1982133" lon="10.5951817">
                <ele>1298.0</ele>
                <time>2018-07-08T15:34:45.000Z</time>
                <name>Position 996</name>
            </trkpt>
            <trkpt lat="47.19813" lon="10.5952583">
                <ele>1297.2</ele>
                <time>2018-07-08T15:34:55.000Z</time>
                <name>Position 997</name>
            </trkpt>
            <trkpt lat="47.1980667" lon="10.595385">
                <ele>1298.5</ele>
                <time>2018-07-08T15:35:05.000Z</time>
                <name>Position 998</name>
            </trkpt>
            <trkpt lat="47.1979833" lon="10.5954767">
                <ele>1297.2</ele>
                <time>2018-07-08T15:35:17.000Z</time>
                <name>Position 999</name>
            </trkpt>
            <trkpt lat="47.197895" lon="10.5954317">
                <ele>1293.5</ele>
                <time>2018-07-08T15:35:33.000Z</time>
                <name>Position 1000</name>
            </trkpt>
            <trkpt lat="47.197815" lon="10.59537">
                <ele>1289.0</ele>
                <time>2018-07-08T15:35:43.000Z</time>
                <name>Position 1001</name>
            </trkpt>
            <trkpt lat="47.1977333" lon="10.5954583">
                <ele>1286.7</ele>
                <time>2018-07-08T15:35:53.000Z</time>
                <name>Position 1002</name>
            </trkpt>
            <trkpt lat="47.197695" lon="10.59558">
                <ele>1286.0</ele>
                <time>2018-07-08T15:36:01.000Z</time>
                <name>Position 1003</name>
            </trkpt>
            <trkpt lat="47.19765" lon="10.5957283">
                <ele>1284.7</ele>
                <time>2018-07-08T15:36:09.000Z</time>
                <name>Position 1004</name>
            </trkpt>
            <trkpt lat="47.1975817" lon="10.595815">
                <ele>1281.4</ele>
                <time>2018-07-08T15:36:15.000Z</time>
                <name>Position 1005</name>
            </trkpt>
            <trkpt lat="47.1975217" lon="10.595935">
                <ele>1279.7</ele>
                <time>2018-07-08T15:36:25.000Z</time>
                <name>Position 1006</name>
            </trkpt>
            <trkpt lat="47.197465" lon="10.5960383">
                <ele>1279.9</ele>
                <time>2018-07-08T15:36:33.000Z</time>
                <name>Position 1007</name>
            </trkpt>
            <trkpt lat="47.1973667" lon="10.5961267">
                <ele>1281.0</ele>
                <time>2018-07-08T15:36:41.000Z</time>
                <name>Position 1008</name>
            </trkpt>
            <trkpt lat="47.1972783" lon="10.5961967">
                <ele>1281.1</ele>
                <time>2018-07-08T15:36:49.000Z</time>
                <name>Position 1009</name>
            </trkpt>
            <trkpt lat="47.1971867" lon="10.5963017">
                <ele>1280.4</ele>
                <time>2018-07-08T15:36:57.000Z</time>
                <name>Position 1010</name>
            </trkpt>
            <trkpt lat="47.1971" lon="10.5963383">
                <ele>1279.0</ele>
                <time>2018-07-08T15:37:03.000Z</time>
                <name>Position 1011</name>
            </trkpt>
            <trkpt lat="47.1970133" lon="10.5963917">
                <ele>1277.1</ele>
                <time>2018-07-08T15:37:11.000Z</time>
                <name>Position 1012</name>
            </trkpt>
            <trkpt lat="47.196935" lon="10.5964983">
                <ele>1274.2</ele>
                <time>2018-07-08T15:37:19.000Z</time>
                <name>Position 1013</name>
            </trkpt>
            <trkpt lat="47.196855" lon="10.5965733">
                <ele>1270.9</ele>
                <time>2018-07-08T15:37:27.000Z</time>
                <name>Position 1014</name>
            </trkpt>
            <trkpt lat="47.1967867" lon="10.596665">
                <ele>1267.0</ele>
                <time>2018-07-08T15:37:33.000Z</time>
                <name>Position 1015</name>
            </trkpt>
            <trkpt lat="47.196725" lon="10.5967833">
                <ele>1265.1</ele>
                <time>2018-07-08T15:37:41.000Z</time>
                <name>Position 1016</name>
            </trkpt>
            <trkpt lat="47.19667" lon="10.5969017">
                <ele>1263.1</ele>
                <time>2018-07-08T15:37:51.000Z</time>
                <name>Position 1017</name>
            </trkpt>
            <trkpt lat="47.1966083" lon="10.5970133">
                <ele>1263.7</ele>
                <time>2018-07-08T15:38:03.000Z</time>
                <name>Position 1018</name>
            </trkpt>
            <trkpt lat="47.1965183" lon="10.5970567">
                <ele>1264.6</ele>
                <time>2018-07-08T15:38:13.000Z</time>
                <name>Position 1019</name>
            </trkpt>
            <trkpt lat="47.1963967" lon="10.5970667">
                <ele>1265.7</ele>
                <time>2018-07-08T15:38:19.000Z</time>
                <name>Position 1020</name>
            </trkpt>
            <trkpt lat="47.1962933" lon="10.597105">
                <ele>1266.4</ele>
                <time>2018-07-08T15:38:25.000Z</time>
                <name>Position 1021</name>
            </trkpt>
            <trkpt lat="47.19622" lon="10.5971817">
                <ele>1266.6</ele>
                <time>2018-07-08T15:38:31.000Z</time>
                <name>Position 1022</name>
            </trkpt>
            <trkpt lat="47.1961867" lon="10.5973117">
                <ele>1265.9</ele>
                <time>2018-07-08T15:38:39.000Z</time>
                <name>Position 1023</name>
            </trkpt>
            <trkpt lat="47.196115" lon="10.5974017">
                <ele>1265.3</ele>
                <time>2018-07-08T15:38:49.000Z</time>
                <name>Position 1024</name>
            </trkpt>
            <trkpt lat="47.196015" lon="10.597435">
                <ele>1265.0</ele>
                <time>2018-07-08T15:38:57.000Z</time>
                <name>Position 1025</name>
            </trkpt>
            <trkpt lat="47.1959267" lon="10.5974033">
                <ele>1265.4</ele>
                <time>2018-07-08T15:39:07.000Z</time>
                <name>Position 1026</name>
            </trkpt>
            <trkpt lat="47.1958333" lon="10.5974267">
                <ele>1265.1</ele>
                <time>2018-07-08T15:39:15.000Z</time>
                <name>Position 1027</name>
            </trkpt>
            <trkpt lat="47.19576" lon="10.5973367">
                <ele>1267.6</ele>
                <time>2018-07-08T15:39:29.000Z</time>
                <name>Position 1028</name>
            </trkpt>
            <trkpt lat="47.1956917" lon="10.5972217">
                <ele>1270.4</ele>
                <time>2018-07-08T15:39:41.000Z</time>
                <name>Position 1029</name>
            </trkpt>
            <trkpt lat="47.1955967" lon="10.5972267">
                <ele>1272.0</ele>
                <time>2018-07-08T15:39:57.000Z</time>
                <name>Position 1030</name>
            </trkpt>
            <trkpt lat="47.1955133" lon="10.59716">
                <ele>1274.3</ele>
                <time>2018-07-08T15:40:27.000Z</time>
                <name>Position 1031</name>
            </trkpt>
            <trkpt lat="47.1954617" lon="10.5970333">
                <ele>1277.1</ele>
                <time>2018-07-08T15:40:43.000Z</time>
                <name>Position 1032</name>
            </trkpt>
            <trkpt lat="47.1954067" lon="10.59691">
                <ele>1280.0</ele>
                <time>2018-07-08T15:40:55.000Z</time>
                <name>Position 1033</name>
            </trkpt>
            <trkpt lat="47.1953267" lon="10.5968283">
                <ele>1282.7</ele>
                <time>2018-07-08T15:41:11.000Z</time>
                <name>Position 1034</name>
            </trkpt>
            <trkpt lat="47.1952417" lon="10.596775">
                <ele>1285.0</ele>
                <time>2018-07-08T15:41:37.000Z</time>
                <name>Position 1035</name>
            </trkpt>
        </trkseg>
    </trk>
</gpx>
