<?xml version="1.0" encoding="UTF-8" standalone="yes"?>
<gpx xmlns:gpxtpx1="http://www.garmin.com/xmlschemas/TrackPointExtension/v1" xmlns="http://www.topografix.com/GPX/1/1" xmlns:trp="http://www.garmin.com/xmlschemas/TripExtensions/v1" xmlns:gpxx="http://www.garmin.com/xmlschemas/GpxExtensions/v3" xmlns:gpxtpx="http://www.garmin.com/xmlschemas/TrackPointExtension/v2" version="1.1" creator="RouteConverter 2.27.2">
    <metadata>
        <name>2020-11-08 09:23</name>
        <link href="https://www.oruxmaps.com">
            <text>OruxMaps</text>
        </link>
        <time>2020-11-08T08:23:45Z</time>
        <bounds minlat="47.3998299" minlon="11.4347389" maxlat="47.5865574" maxlon="12.1152066"/>
    </metadata>
    <wpt lat="47.4489289" lon="11.4459704">
        <ele>1499.1</ele>
        <time>2020-11-08T09:57:14.000Z</time>
        <name>Tiefe rille</name>
        <sym>Waypoint</sym>
        <type>Wegpunkt</type>
        <extensions>
            <om:oruxmapsextensions xmlns:om="http://www.oruxmaps.com/oruxmapsextensions/1/0" xmlns:gpxtpx="http://www.garmin.com/xmlschemas/TrackPointExtension/v1" xmlns:xsi="http://www.w3.org/2001/XMLSchema-instance">
                <om:ext subtype="0" type="ICON">1</om:ext>
</om:oruxmapsextensions>
        </extensions>
    </wpt>
    <trk>
        <name>2020-11-08 09:23</name>
        <desc>&lt;p&gt;Startzeit: 09:23 08.11.2020&lt;br/&gt;Zielzeit: 17:06 08.11.2020&lt;br/&gt;Strecke: 100,
5 km (07:42)&lt;br/&gt;Bewegungszeit: 03:52&lt;br/&gt;Ø-Geschwindigkeit: 13,
02 km/h&lt;br/&gt;Netto-Geschwindigkeit: 25,
98 km/h&lt;br/&gt;Max. Geschwindigkeit: 113,
49 km/h&lt;br/&gt;Minimale Höhe: 501 m&lt;br/&gt;Maximale Höhe: 1493 m&lt;br/&gt;Steig-Geschw.: 512,
2 m/h&lt;br/&gt;Sink-Geschw.: -287,
8 m/h&lt;br/&gt;Aufstieg: 1195 m&lt;br/&gt;Abstieg: -1532 m&lt;br/&gt;Steigzeit: 02:20&lt;br/&gt;Sinkzeit: 05:19&lt;br/&gt;&lt;/p&gt;&lt;hr align="center" width="480" style="height: 2px; width: 517px"/&gt;</desc>
        <type>Berg/ Bergsteigen</type>
        <extensions>
            <om:oruxmapsextensions xmlns:om="http://www.oruxmaps.com/oruxmapsextensions/1/0" xmlns:gpxtpx="http://www.garmin.com/xmlschemas/TrackPointExtension/v1" xmlns:xsi="http://www.w3.org/2001/XMLSchema-instance">
                <om:ext subtype="0" type="TYPE">7</om:ext>
                <om:ext type="DIFFICULTY">0</om:ext>
</om:oruxmapsextensions>
        </extensions>
        <trkseg>
            <trkpt lat="47.4695723" lon="11.4716216">
                <ele>933.7</ele>
                <time>2020-11-08T08:27:05.000Z</time>
                <name>Position 1</name>
            </trkpt>
            <trkpt lat="47.4693781" lon="11.4716681">
                <ele>933.2</ele>
                <time>2020-11-08T08:27:45.000Z</time>
                <name>Position 2</name>
            </trkpt>
            <trkpt lat="47.4691876" lon="11.471697">
                <ele>931.9</ele>
                <time>2020-11-08T08:27:57.000Z</time>
                <name>Position 3</name>
            </trkpt>
            <trkpt lat="47.4690413" lon="11.4718532">
                <ele>934.0</ele>
                <time>2020-11-08T08:28:11.000Z</time>
                <name>Position 4</name>
            </trkpt>
            <trkpt lat="47.4689206" lon="11.4720621">
                <ele>935.3</ele>
                <time>2020-11-08T08:28:25.000Z</time>
                <name>Position 5</name>
            </trkpt>
            <trkpt lat="47.4687812" lon="11.4722701">
                <ele>937.1</ele>
                <time>2020-11-08T08:28:41.000Z</time>
                <name>Position 6</name>
            </trkpt>
            <trkpt lat="47.4686535" lon="11.4724694">
                <ele>939.9</ele>
                <time>2020-11-08T08:28:57.000Z</time>
                <name>Position 7</name>
            </trkpt>
            <trkpt lat="47.4685272" lon="11.472706">
                <ele>940.9</ele>
                <time>2020-11-08T08:29:13.000Z</time>
                <name>Position 8</name>
            </trkpt>
            <trkpt lat="47.4684192" lon="11.4729349">
                <ele>944.1</ele>
                <time>2020-11-08T08:29:29.000Z</time>
                <name>Position 9</name>
            </trkpt>
            <trkpt lat="47.4682669" lon="11.4731319">
                <ele>945.0</ele>
                <time>2020-11-08T08:29:43.000Z</time>
                <name>Position 10</name>
            </trkpt>
            <trkpt lat="47.4681433" lon="11.47333">
                <ele>946.6</ele>
                <time>2020-11-08T08:29:57.000Z</time>
                <name>Position 11</name>
            </trkpt>
            <trkpt lat="47.4680322" lon="11.4735819">
                <ele>948.4</ele>
                <time>2020-11-08T08:30:13.000Z</time>
                <name>Position 12</name>
            </trkpt>
            <trkpt lat="47.4678429" lon="11.4735033">
                <ele>951.9</ele>
                <time>2020-11-08T08:30:33.000Z</time>
                <name>Position 13</name>
            </trkpt>
            <trkpt lat="47.4677889" lon="11.4732494">
                <ele>954.5</ele>
                <time>2020-11-08T08:30:49.000Z</time>
                <name>Position 14</name>
            </trkpt>
            <trkpt lat="47.4678081" lon="11.4729635">
                <ele>957.0</ele>
                <time>2020-11-08T08:31:05.000Z</time>
                <name>Position 15</name>
            </trkpt>
            <trkpt lat="47.467816" lon="11.4726867">
                <ele>959.8</ele>
                <time>2020-11-08T08:31:23.000Z</time>
                <name>Position 16</name>
            </trkpt>
            <trkpt lat="47.4678816" lon="11.4724287">
                <ele>960.5</ele>
                <time>2020-11-08T08:31:37.000Z</time>
                <name>Position 17</name>
            </trkpt>
            <trkpt lat="47.4679191" lon="11.4721355">
                <ele>965.2</ele>
                <time>2020-11-08T08:31:57.000Z</time>
                <name>Position 18</name>
            </trkpt>
            <trkpt lat="47.4679699" lon="11.4718713">
                <ele>967.4</ele>
                <time>2020-11-08T08:32:11.000Z</time>
                <name>Position 19</name>
            </trkpt>
            <trkpt lat="47.4679888" lon="11.4715826">
                <ele>969.5</ele>
                <time>2020-11-08T08:32:25.000Z</time>
                <name>Position 20</name>
            </trkpt>
            <trkpt lat="47.4679257" lon="11.4712996">
                <ele>970.8</ele>
                <time>2020-11-08T08:32:41.000Z</time>
                <name>Position 21</name>
            </trkpt>
            <trkpt lat="47.4679146" lon="11.4710215">
                <ele>972.0</ele>
                <time>2020-11-08T08:32:55.000Z</time>
                <name>Position 22</name>
            </trkpt>
            <trkpt lat="47.4678792" lon="11.4707548">
                <ele>973.7</ele>
                <time>2020-11-08T08:33:09.000Z</time>
                <name>Position 23</name>
            </trkpt>
            <trkpt lat="47.4678407" lon="11.4704882">
                <ele>975.6</ele>
                <time>2020-11-08T08:33:25.000Z</time>
                <name>Position 24</name>
            </trkpt>
            <trkpt lat="47.4678814" lon="11.4702253">
                <ele>977.8</ele>
                <time>2020-11-08T08:33:39.000Z</time>
                <name>Position 25</name>
            </trkpt>
            <trkpt lat="47.4678831" lon="11.4699345">
                <ele>979.3</ele>
                <time>2020-11-08T08:33:55.000Z</time>
                <name>Position 26</name>
            </trkpt>
            <trkpt lat="47.4678696" lon="11.4696587">
                <ele>981.1</ele>
                <time>2020-11-08T08:34:11.000Z</time>
                <name>Position 27</name>
            </trkpt>
            <trkpt lat="47.4679836" lon="11.4694045">
                <ele>982.1</ele>
                <time>2020-11-08T08:34:25.000Z</time>
                <name>Position 28</name>
            </trkpt>
            <trkpt lat="47.4681093" lon="11.4691899">
                <ele>984.6</ele>
                <time>2020-11-08T08:34:41.000Z</time>
                <name>Position 29</name>
            </trkpt>
            <trkpt lat="47.4681545" lon="11.4689233">
                <ele>987.5</ele>
                <time>2020-11-08T08:34:59.000Z</time>
                <name>Position 30</name>
            </trkpt>
            <trkpt lat="47.4681317" lon="11.4686446">
                <ele>989.2</ele>
                <time>2020-11-08T08:35:15.000Z</time>
                <name>Position 31</name>
            </trkpt>
            <trkpt lat="47.468093" lon="11.4683719">
                <ele>991.3</ele>
                <time>2020-11-08T08:35:31.000Z</time>
                <name>Position 32</name>
            </trkpt>
            <trkpt lat="47.4680553" lon="11.4681023">
                <ele>992.4</ele>
                <time>2020-11-08T08:35:45.000Z</time>
                <name>Position 33</name>
            </trkpt>
            <trkpt lat="47.4680185" lon="11.4678078">
                <ele>993.5</ele>
                <time>2020-11-08T08:36:01.000Z</time>
                <name>Position 34</name>
            </trkpt>
            <trkpt lat="47.4679737" lon="11.4675247">
                <ele>994.1</ele>
                <time>2020-11-08T08:36:15.000Z</time>
                <name>Position 35</name>
            </trkpt>
            <trkpt lat="47.4678119" lon="11.4673605">
                <ele>996.9</ele>
                <time>2020-11-08T08:36:29.000Z</time>
                <name>Position 36</name>
            </trkpt>
            <trkpt lat="47.4676242" lon="11.4672789">
                <ele>996.9</ele>
                <time>2020-11-08T08:36:43.000Z</time>
                <name>Position 37</name>
            </trkpt>
            <trkpt lat="47.4674495" lon="11.4671828">
                <ele>995.5</ele>
                <time>2020-11-08T08:36:57.000Z</time>
                <name>Position 38</name>
            </trkpt>
            <trkpt lat="47.4672954" lon="11.4670358">
                <ele>998.3</ele>
                <time>2020-11-08T08:37:11.000Z</time>
                <name>Position 39</name>
            </trkpt>
            <trkpt lat="47.4671672" lon="11.4667795">
                <ele>998.9</ele>
                <time>2020-11-08T08:37:29.000Z</time>
                <name>Position 40</name>
            </trkpt>
            <trkpt lat="47.4669902" lon="11.4666265">
                <ele>999.5</ele>
                <time>2020-11-08T08:37:43.000Z</time>
                <name>Position 41</name>
            </trkpt>
            <trkpt lat="47.4668094" lon="11.4666776">
                <ele>1000.3</ele>
                <time>2020-11-08T08:37:59.000Z</time>
                <name>Position 42</name>
            </trkpt>
            <trkpt lat="47.4666039" lon="11.4666857">
                <ele>1002.0</ele>
                <time>2020-11-08T08:38:17.000Z</time>
                <name>Position 43</name>
            </trkpt>
            <trkpt lat="47.4664201" lon="11.4666382">
                <ele>1003.5</ele>
                <time>2020-11-08T08:38:33.000Z</time>
                <name>Position 44</name>
            </trkpt>
            <trkpt lat="47.4662842" lon="11.4664321">
                <ele>1003.8</ele>
                <time>2020-11-08T08:38:49.000Z</time>
                <name>Position 45</name>
            </trkpt>
            <trkpt lat="47.4661871" lon="11.4661941">
                <ele>1005.5</ele>
                <time>2020-11-08T08:39:03.000Z</time>
                <name>Position 46</name>
            </trkpt>
            <trkpt lat="47.4661282" lon="11.4659029">
                <ele>1006.1</ele>
                <time>2020-11-08T08:39:15.000Z</time>
                <name>Position 47</name>
            </trkpt>
            <trkpt lat="47.4659301" lon="11.4659085">
                <ele>1006.2</ele>
                <time>2020-11-08T08:39:41.000Z</time>
                <name>Position 48</name>
            </trkpt>
            <trkpt lat="47.4657535" lon="11.465986">
                <ele>1005.7</ele>
                <time>2020-11-08T08:39:53.000Z</time>
                <name>Position 49</name>
            </trkpt>
            <trkpt lat="47.4655677" lon="11.4660678">
                <ele>1005.5</ele>
                <time>2020-11-08T08:40:07.000Z</time>
                <name>Position 50</name>
            </trkpt>
            <trkpt lat="47.4653879" lon="11.4660301">
                <ele>1005.2</ele>
                <time>2020-11-08T08:40:21.000Z</time>
                <name>Position 51</name>
            </trkpt>
            <trkpt lat="47.465214" lon="11.46596">
                <ele>1005.7</ele>
                <time>2020-11-08T08:40:33.000Z</time>
                <name>Position 52</name>
            </trkpt>
            <trkpt lat="47.4650444" lon="11.4658247">
                <ele>1005.9</ele>
                <time>2020-11-08T08:40:47.000Z</time>
                <name>Position 53</name>
            </trkpt>
            <trkpt lat="47.4648723" lon="11.4657299">
                <ele>1005.8</ele>
                <time>2020-11-08T08:41:01.000Z</time>
                <name>Position 54</name>
            </trkpt>
            <trkpt lat="47.4646933" lon="11.4656813">
                <ele>1006.7</ele>
                <time>2020-11-08T08:41:15.000Z</time>
                <name>Position 55</name>
            </trkpt>
            <trkpt lat="47.4645087" lon="11.4656438">
                <ele>1007.5</ele>
                <time>2020-11-08T08:41:27.000Z</time>
                <name>Position 56</name>
            </trkpt>
            <trkpt lat="47.4643291" lon="11.4655924">
                <ele>1007.4</ele>
                <time>2020-11-08T08:41:39.000Z</time>
                <name>Position 57</name>
            </trkpt>
            <trkpt lat="47.4641222" lon="11.465576">
                <ele>1007.1</ele>
                <time>2020-11-08T08:41:53.000Z</time>
                <name>Position 58</name>
            </trkpt>
            <trkpt lat="47.463932" lon="11.4655841">
                <ele>1006.7</ele>
                <time>2020-11-08T08:42:05.000Z</time>
                <name>Position 59</name>
            </trkpt>
            <trkpt lat="47.4637438" lon="11.4655632">
                <ele>1007.3</ele>
                <time>2020-11-08T08:42:17.000Z</time>
                <name>Position 60</name>
            </trkpt>
            <trkpt lat="47.4635506" lon="11.4654663">
                <ele>1007.6</ele>
                <time>2020-11-08T08:42:31.000Z</time>
                <name>Position 61</name>
            </trkpt>
            <trkpt lat="47.4633626" lon="11.4653257">
                <ele>1008.2</ele>
                <time>2020-11-08T08:42:45.000Z</time>
                <name>Position 62</name>
            </trkpt>
            <trkpt lat="47.4632088" lon="11.4651485">
                <ele>1008.3</ele>
                <time>2020-11-08T08:42:57.000Z</time>
                <name>Position 63</name>
            </trkpt>
            <trkpt lat="47.46303" lon="11.4650057">
                <ele>1009.9</ele>
                <time>2020-11-08T08:43:11.000Z</time>
                <name>Position 64</name>
            </trkpt>
            <trkpt lat="47.4628387" lon="11.464909">
                <ele>1010.6</ele>
                <time>2020-11-08T08:43:25.000Z</time>
                <name>Position 65</name>
            </trkpt>
            <trkpt lat="47.4626622" lon="11.4648557">
                <ele>1012.2</ele>
                <time>2020-11-08T08:43:37.000Z</time>
                <name>Position 66</name>
            </trkpt>
            <trkpt lat="47.4624657" lon="11.4648235">
                <ele>1011.9</ele>
                <time>2020-11-08T08:43:51.000Z</time>
                <name>Position 67</name>
            </trkpt>
            <trkpt lat="47.4622686" lon="11.4648549">
                <ele>1013.7</ele>
                <time>2020-11-08T08:44:05.000Z</time>
                <name>Position 68</name>
            </trkpt>
            <trkpt lat="47.46208" lon="11.4649106">
                <ele>1014.8</ele>
                <time>2020-11-08T08:44:19.000Z</time>
                <name>Position 69</name>
            </trkpt>
            <trkpt lat="47.4618976" lon="11.4649878">
                <ele>1015.6</ele>
                <time>2020-11-08T08:44:31.000Z</time>
                <name>Position 70</name>
            </trkpt>
            <trkpt lat="47.4617156" lon="11.4650167">
                <ele>1016.9</ele>
                <time>2020-11-08T08:44:43.000Z</time>
                <name>Position 71</name>
            </trkpt>
            <trkpt lat="47.4615137" lon="11.4649768">
                <ele>1018.6</ele>
                <time>2020-11-08T08:44:57.000Z</time>
                <name>Position 72</name>
            </trkpt>
            <trkpt lat="47.4613148" lon="11.4649329">
                <ele>1020.2</ele>
                <time>2020-11-08T08:45:11.000Z</time>
                <name>Position 73</name>
            </trkpt>
            <trkpt lat="47.4611331" lon="11.4648447">
                <ele>1021.0</ele>
                <time>2020-11-08T08:45:25.000Z</time>
                <name>Position 74</name>
            </trkpt>
            <trkpt lat="47.4609603" lon="11.4647315">
                <ele>1022.6</ele>
                <time>2020-11-08T08:45:39.000Z</time>
                <name>Position 75</name>
            </trkpt>
            <trkpt lat="47.4607883" lon="11.4645935">
                <ele>1023.4</ele>
                <time>2020-11-08T08:45:53.000Z</time>
                <name>Position 76</name>
            </trkpt>
            <trkpt lat="47.4606404" lon="11.464417">
                <ele>1025.6</ele>
                <time>2020-11-08T08:46:07.000Z</time>
                <name>Position 77</name>
            </trkpt>
            <trkpt lat="47.4605274" lon="11.4641795">
                <ele>1026.8</ele>
                <time>2020-11-08T08:46:21.000Z</time>
                <name>Position 78</name>
            </trkpt>
            <trkpt lat="47.46042" lon="11.4639598">
                <ele>1028.0</ele>
                <time>2020-11-08T08:46:35.000Z</time>
                <name>Position 79</name>
            </trkpt>
            <trkpt lat="47.4602984" lon="11.46372">
                <ele>1028.8</ele>
                <time>2020-11-08T08:46:49.000Z</time>
                <name>Position 80</name>
            </trkpt>
            <trkpt lat="47.4600989" lon="11.4636516">
                <ele>1030.2</ele>
                <time>2020-11-08T08:47:05.000Z</time>
                <name>Position 81</name>
            </trkpt>
            <trkpt lat="47.4599476" lon="11.4634684">
                <ele>1031.8</ele>
                <time>2020-11-08T08:47:19.000Z</time>
                <name>Position 82</name>
            </trkpt>
            <trkpt lat="47.4598148" lon="11.4632472">
                <ele>1034.0</ele>
                <time>2020-11-08T08:47:35.000Z</time>
                <name>Position 83</name>
            </trkpt>
            <trkpt lat="47.4596482" lon="11.4631231">
                <ele>1034.5</ele>
                <time>2020-11-08T08:47:49.000Z</time>
                <name>Position 84</name>
            </trkpt>
            <trkpt lat="47.4594688" lon="11.4631799">
                <ele>1036.1</ele>
                <time>2020-11-08T08:48:03.000Z</time>
                <name>Position 85</name>
            </trkpt>
            <trkpt lat="47.4593183" lon="11.4633715">
                <ele>1037.1</ele>
                <time>2020-11-08T08:48:19.000Z</time>
                <name>Position 86</name>
            </trkpt>
            <trkpt lat="47.4591805" lon="11.4635515">
                <ele>1038.7</ele>
                <time>2020-11-08T08:48:33.000Z</time>
                <name>Position 87</name>
            </trkpt>
            <trkpt lat="47.4590366" lon="11.4637159">
                <ele>1039.0</ele>
                <time>2020-11-08T08:48:47.000Z</time>
                <name>Position 88</name>
            </trkpt>
            <trkpt lat="47.4588697" lon="11.4638268">
                <ele>1038.8</ele>
                <time>2020-11-08T08:48:59.000Z</time>
                <name>Position 89</name>
            </trkpt>
            <trkpt lat="47.4586879" lon="11.4638437">
                <ele>1039.1</ele>
                <time>2020-11-08T08:49:13.000Z</time>
                <name>Position 90</name>
            </trkpt>
            <trkpt lat="47.4584981" lon="11.4638048">
                <ele>1039.6</ele>
                <time>2020-11-08T08:49:27.000Z</time>
                <name>Position 91</name>
            </trkpt>
            <trkpt lat="47.4583344" lon="11.4636286">
                <ele>1040.1</ele>
                <time>2020-11-08T08:49:43.000Z</time>
                <name>Position 92</name>
            </trkpt>
            <trkpt lat="47.458154" lon="11.4634902">
                <ele>1040.1</ele>
                <time>2020-11-08T08:49:57.000Z</time>
                <name>Position 93</name>
            </trkpt>
            <trkpt lat="47.4579633" lon="11.4635686">
                <ele>1042.9</ele>
                <time>2020-11-08T08:50:13.000Z</time>
                <name>Position 94</name>
            </trkpt>
            <trkpt lat="47.4577886" lon="11.4636744">
                <ele>1044.4</ele>
                <time>2020-11-08T08:50:29.000Z</time>
                <name>Position 95</name>
            </trkpt>
            <trkpt lat="47.4576028" lon="11.4637318">
                <ele>1046.4</ele>
                <time>2020-11-08T08:50:45.000Z</time>
                <name>Position 96</name>
            </trkpt>
            <trkpt lat="47.4574258" lon="11.4637989">
                <ele>1048.8</ele>
                <time>2020-11-08T08:50:59.000Z</time>
                <name>Position 97</name>
            </trkpt>
            <trkpt lat="47.4572392" lon="11.4638667">
                <ele>1050.2</ele>
                <time>2020-11-08T08:51:15.000Z</time>
                <name>Position 98</name>
            </trkpt>
            <trkpt lat="47.4570531" lon="11.4639592">
                <ele>1052.4</ele>
                <time>2020-11-08T08:51:31.000Z</time>
                <name>Position 99</name>
            </trkpt>
            <trkpt lat="47.4568728" lon="11.4640274">
                <ele>1054.5</ele>
                <time>2020-11-08T08:51:47.000Z</time>
                <name>Position 100</name>
            </trkpt>
            <trkpt lat="47.4566803" lon="11.4639819">
                <ele>1053.2</ele>
                <time>2020-11-08T08:52:01.000Z</time>
                <name>Position 101</name>
            </trkpt>
            <trkpt lat="47.4567954" lon="11.4637426">
                <ele>1058.5</ele>
                <time>2020-11-08T08:52:25.000Z</time>
                <name>Position 102</name>
            </trkpt>
            <trkpt lat="47.4569284" lon="11.4635525">
                <ele>1059.5</ele>
                <time>2020-11-08T08:52:37.000Z</time>
                <name>Position 103</name>
            </trkpt>
            <trkpt lat="47.4570355" lon="11.4633366">
                <ele>1060.3</ele>
                <time>2020-11-08T08:52:49.000Z</time>
                <name>Position 104</name>
            </trkpt>
            <trkpt lat="47.4571283" lon="11.4630849">
                <ele>1061.3</ele>
                <time>2020-11-08T08:53:03.000Z</time>
                <name>Position 105</name>
            </trkpt>
            <trkpt lat="47.4572345" lon="11.4628523">
                <ele>1062.7</ele>
                <time>2020-11-08T08:53:17.000Z</time>
                <name>Position 106</name>
            </trkpt>
            <trkpt lat="47.4573414" lon="11.4626298">
                <ele>1064.8</ele>
                <time>2020-11-08T08:53:31.000Z</time>
                <name>Position 107</name>
            </trkpt>
            <trkpt lat="47.4571713" lon="11.4625364">
                <ele>1067.7</ele>
                <time>2020-11-08T08:54:01.000Z</time>
                <name>Position 108</name>
            </trkpt>
            <trkpt lat="47.4570052" lon="11.4626433">
                <ele>1069.3</ele>
                <time>2020-11-08T08:54:15.000Z</time>
                <name>Position 109</name>
            </trkpt>
            <trkpt lat="47.4568284" lon="11.4627183">
                <ele>1071.0</ele>
                <time>2020-11-08T08:54:33.000Z</time>
                <name>Position 110</name>
            </trkpt>
            <trkpt lat="47.456631" lon="11.462794">
                <ele>1072.5</ele>
                <time>2020-11-08T08:54:49.000Z</time>
                <name>Position 111</name>
            </trkpt>
            <trkpt lat="47.456436" lon="11.4628278">
                <ele>1075.1</ele>
                <time>2020-11-08T08:55:05.000Z</time>
                <name>Position 112</name>
            </trkpt>
            <trkpt lat="47.4562445" lon="11.4628931">
                <ele>1075.5</ele>
                <time>2020-11-08T08:55:19.000Z</time>
                <name>Position 113</name>
            </trkpt>
            <trkpt lat="47.4560532" lon="11.4629447">
                <ele>1076.3</ele>
                <time>2020-11-08T08:55:35.000Z</time>
                <name>Position 114</name>
            </trkpt>
            <trkpt lat="47.4558576" lon="11.4629618">
                <ele>1078.0</ele>
                <time>2020-11-08T08:55:49.000Z</time>
                <name>Position 115</name>
            </trkpt>
            <trkpt lat="47.4556716" lon="11.4629441">
                <ele>1079.0</ele>
                <time>2020-11-08T08:56:03.000Z</time>
                <name>Position 116</name>
            </trkpt>
            <trkpt lat="47.4554667" lon="11.4629217">
                <ele>1080.0</ele>
                <time>2020-11-08T08:56:19.000Z</time>
                <name>Position 117</name>
            </trkpt>
            <trkpt lat="47.4552607" lon="11.4629098">
                <ele>1081.9</ele>
                <time>2020-11-08T08:56:35.000Z</time>
                <name>Position 118</name>
            </trkpt>
            <trkpt lat="47.4550582" lon="11.462864">
                <ele>1083.2</ele>
                <time>2020-11-08T08:56:51.000Z</time>
                <name>Position 119</name>
            </trkpt>
            <trkpt lat="47.4548867" lon="11.4627813">
                <ele>1085.0</ele>
                <time>2020-11-08T08:57:07.000Z</time>
                <name>Position 120</name>
            </trkpt>
            <trkpt lat="47.4547025" lon="11.4627001">
                <ele>1087.7</ele>
                <time>2020-11-08T08:57:23.000Z</time>
                <name>Position 121</name>
            </trkpt>
            <trkpt lat="47.4545207" lon="11.4626566">
                <ele>1089.5</ele>
                <time>2020-11-08T08:57:39.000Z</time>
                <name>Position 122</name>
            </trkpt>
            <trkpt lat="47.4543524" lon="11.4625556">
                <ele>1090.3</ele>
                <time>2020-11-08T08:57:53.000Z</time>
                <name>Position 123</name>
            </trkpt>
            <trkpt lat="47.4541842" lon="11.4624129">
                <ele>1091.2</ele>
                <time>2020-11-08T08:58:07.000Z</time>
                <name>Position 124</name>
            </trkpt>
            <trkpt lat="47.4540171" lon="11.462249">
                <ele>1092.6</ele>
                <time>2020-11-08T08:58:23.000Z</time>
                <name>Position 125</name>
            </trkpt>
            <trkpt lat="47.4538413" lon="11.4621469">
                <ele>1092.2</ele>
                <time>2020-11-08T08:58:37.000Z</time>
                <name>Position 126</name>
            </trkpt>
            <trkpt lat="47.4536708" lon="11.4620207">
                <ele>1094.4</ele>
                <time>2020-11-08T08:58:53.000Z</time>
                <name>Position 127</name>
            </trkpt>
            <trkpt lat="47.4535297" lon="11.4618141">
                <ele>1096.8</ele>
                <time>2020-11-08T08:59:09.000Z</time>
                <name>Position 128</name>
            </trkpt>
            <trkpt lat="47.4533494" lon="11.4616862">
                <ele>1097.8</ele>
                <time>2020-11-08T08:59:25.000Z</time>
                <name>Position 129</name>
            </trkpt>
            <trkpt lat="47.4531565" lon="11.4616345">
                <ele>1099.6</ele>
                <time>2020-11-08T08:59:39.000Z</time>
                <name>Position 130</name>
            </trkpt>
            <trkpt lat="47.4529612" lon="11.4615858">
                <ele>1101.8</ele>
                <time>2020-11-08T08:59:55.000Z</time>
                <name>Position 131</name>
            </trkpt>
            <trkpt lat="47.4527819" lon="11.4615226">
                <ele>1103.0</ele>
                <time>2020-11-08T09:00:12.000Z</time>
                <name>Position 132</name>
            </trkpt>
            <trkpt lat="47.4525885" lon="11.461424">
                <ele>1104.0</ele>
                <time>2020-11-08T09:00:26.000Z</time>
                <name>Position 133</name>
            </trkpt>
            <trkpt lat="47.452427" lon="11.4612981">
                <ele>1104.8</ele>
                <time>2020-11-08T09:00:40.000Z</time>
                <name>Position 134</name>
            </trkpt>
            <trkpt lat="47.4522309" lon="11.4612124">
                <ele>1107.0</ele>
                <time>2020-11-08T09:00:58.000Z</time>
                <name>Position 135</name>
            </trkpt>
            <trkpt lat="47.4520466" lon="11.4611492">
                <ele>1107.4</ele>
                <time>2020-11-08T09:01:12.000Z</time>
                <name>Position 136</name>
            </trkpt>
            <trkpt lat="47.4518741" lon="11.4610597">
                <ele>1108.5</ele>
                <time>2020-11-08T09:01:26.000Z</time>
                <name>Position 137</name>
            </trkpt>
            <trkpt lat="47.4516886" lon="11.4609884">
                <ele>1108.5</ele>
                <time>2020-11-08T09:01:40.000Z</time>
                <name>Position 138</name>
            </trkpt>
            <trkpt lat="47.4515087" lon="11.4608861">
                <ele>1110.3</ele>
                <time>2020-11-08T09:01:56.000Z</time>
                <name>Position 139</name>
            </trkpt>
            <trkpt lat="47.4513495" lon="11.4607552">
                <ele>1111.9</ele>
                <time>2020-11-08T09:02:12.000Z</time>
                <name>Position 140</name>
            </trkpt>
            <trkpt lat="47.4511807" lon="11.4606472">
                <ele>1112.9</ele>
                <time>2020-11-08T09:02:26.000Z</time>
                <name>Position 141</name>
            </trkpt>
            <trkpt lat="47.4510413" lon="11.4604728">
                <ele>1117.1</ele>
                <time>2020-11-08T09:02:44.000Z</time>
                <name>Position 142</name>
            </trkpt>
            <trkpt lat="47.4508809" lon="11.4603077">
                <ele>1116.8</ele>
                <time>2020-11-08T09:02:58.000Z</time>
                <name>Position 143</name>
            </trkpt>
            <trkpt lat="47.4507441" lon="11.4601251">
                <ele>1118.3</ele>
                <time>2020-11-08T09:03:12.000Z</time>
                <name>Position 144</name>
            </trkpt>
            <trkpt lat="47.4505997" lon="11.4599293">
                <ele>1119.1</ele>
                <time>2020-11-08T09:03:28.000Z</time>
                <name>Position 145</name>
            </trkpt>
            <trkpt lat="47.4504953" lon="11.4596937">
                <ele>1119.7</ele>
                <time>2020-11-08T09:03:44.000Z</time>
                <name>Position 146</name>
            </trkpt>
            <trkpt lat="47.4503987" lon="11.4594453">
                <ele>1119.9</ele>
                <time>2020-11-08T09:03:58.000Z</time>
                <name>Position 147</name>
            </trkpt>
            <trkpt lat="47.4502572" lon="11.4592618">
                <ele>1121.0</ele>
                <time>2020-11-08T09:04:12.000Z</time>
                <name>Position 148</name>
            </trkpt>
            <trkpt lat="47.4501095" lon="11.4590734">
                <ele>1123.8</ele>
                <time>2020-11-08T09:04:28.000Z</time>
                <name>Position 149</name>
            </trkpt>
            <trkpt lat="47.4499846" lon="11.4588543">
                <ele>1125.2</ele>
                <time>2020-11-08T09:04:44.000Z</time>
                <name>Position 150</name>
            </trkpt>
            <trkpt lat="47.4498244" lon="11.4587038">
                <ele>1127.0</ele>
                <time>2020-11-08T09:05:00.000Z</time>
                <name>Position 151</name>
            </trkpt>
            <trkpt lat="47.4496566" lon="11.4585963">
                <ele>1128.8</ele>
                <time>2020-11-08T09:05:14.000Z</time>
                <name>Position 152</name>
            </trkpt>
            <trkpt lat="47.4494711" lon="11.4584949">
                <ele>1131.4</ele>
                <time>2020-11-08T09:05:30.000Z</time>
                <name>Position 153</name>
            </trkpt>
            <trkpt lat="47.4493027" lon="11.4583779">
                <ele>1133.3</ele>
                <time>2020-11-08T09:05:48.000Z</time>
                <name>Position 154</name>
            </trkpt>
            <trkpt lat="47.4491255" lon="11.4582589">
                <ele>1135.4</ele>
                <time>2020-11-08T09:06:04.000Z</time>
                <name>Position 155</name>
            </trkpt>
            <trkpt lat="47.4489636" lon="11.4581126">
                <ele>1136.8</ele>
                <time>2020-11-08T09:06:20.000Z</time>
                <name>Position 156</name>
            </trkpt>
            <trkpt lat="47.4487942" lon="11.4579848">
                <ele>1139.5</ele>
                <time>2020-11-08T09:06:36.000Z</time>
                <name>Position 157</name>
            </trkpt>
            <trkpt lat="47.4486586" lon="11.4577694">
                <ele>1142.0</ele>
                <time>2020-11-08T09:06:56.000Z</time>
                <name>Position 158</name>
            </trkpt>
            <trkpt lat="47.448468" lon="11.4577051">
                <ele>1145.3</ele>
                <time>2020-11-08T09:07:14.000Z</time>
                <name>Position 159</name>
            </trkpt>
            <trkpt lat="47.4482891" lon="11.4576426">
                <ele>1145.2</ele>
                <time>2020-11-08T09:07:28.000Z</time>
                <name>Position 160</name>
            </trkpt>
            <trkpt lat="47.4481156" lon="11.4575176">
                <ele>1148.8</ele>
                <time>2020-11-08T09:07:46.000Z</time>
                <name>Position 161</name>
            </trkpt>
            <trkpt lat="47.4479371" lon="11.4574142">
                <ele>1149.5</ele>
                <time>2020-11-08T09:08:02.000Z</time>
                <name>Position 162</name>
            </trkpt>
            <trkpt lat="47.4477507" lon="11.4573053">
                <ele>1152.8</ele>
                <time>2020-11-08T09:08:20.000Z</time>
                <name>Position 163</name>
            </trkpt>
            <trkpt lat="47.4476065" lon="11.4571464">
                <ele>1153.1</ele>
                <time>2020-11-08T09:08:34.000Z</time>
                <name>Position 164</name>
            </trkpt>
            <trkpt lat="47.4474654" lon="11.4569665">
                <ele>1154.9</ele>
                <time>2020-11-08T09:08:50.000Z</time>
                <name>Position 165</name>
            </trkpt>
            <trkpt lat="47.4472924" lon="11.4568506">
                <ele>1154.5</ele>
                <time>2020-11-08T09:09:06.000Z</time>
                <name>Position 166</name>
            </trkpt>
            <trkpt lat="47.4471083" lon="11.4568004">
                <ele>1157.9</ele>
                <time>2020-11-08T09:09:26.000Z</time>
                <name>Position 167</name>
            </trkpt>
            <trkpt lat="47.4469384" lon="11.4566836">
                <ele>1162.0</ele>
                <time>2020-11-08T09:09:48.000Z</time>
                <name>Position 168</name>
            </trkpt>
            <trkpt lat="47.4467892" lon="11.45653">
                <ele>1165.1</ele>
                <time>2020-11-08T09:10:06.000Z</time>
                <name>Position 169</name>
            </trkpt>
            <trkpt lat="47.446645" lon="11.4563584">
                <ele>1164.8</ele>
                <time>2020-11-08T09:10:22.000Z</time>
                <name>Position 170</name>
            </trkpt>
            <trkpt lat="47.4466061" lon="11.4560699">
                <ele>1167.8</ele>
                <time>2020-11-08T09:10:44.000Z</time>
                <name>Position 171</name>
            </trkpt>
            <trkpt lat="47.4464807" lon="11.4558734">
                <ele>1172.4</ele>
                <time>2020-11-08T09:11:38.000Z</time>
                <name>Position 172</name>
            </trkpt>
            <trkpt lat="47.4464071" lon="11.4556294">
                <ele>1173.3</ele>
                <time>2020-11-08T09:11:54.000Z</time>
                <name>Position 173</name>
            </trkpt>
            <trkpt lat="47.446262" lon="11.4554446">
                <ele>1176.6</ele>
                <time>2020-11-08T09:12:10.000Z</time>
                <name>Position 174</name>
            </trkpt>
            <trkpt lat="47.4461313" lon="11.4552438">
                <ele>1178.7</ele>
                <time>2020-11-08T09:12:26.000Z</time>
                <name>Position 175</name>
            </trkpt>
            <trkpt lat="47.4460148" lon="11.4550229">
                <ele>1180.6</ele>
                <time>2020-11-08T09:12:48.000Z</time>
                <name>Position 176</name>
            </trkpt>
            <trkpt lat="47.4458962" lon="11.454804">
                <ele>1184.0</ele>
                <time>2020-11-08T09:13:10.000Z</time>
                <name>Position 177</name>
            </trkpt>
            <trkpt lat="47.44578" lon="11.45458">
                <ele>1187.1</ele>
                <time>2020-11-08T09:13:32.000Z</time>
                <name>Position 178</name>
            </trkpt>
            <trkpt lat="47.4456778" lon="11.4543376">
                <ele>1191.0</ele>
                <time>2020-11-08T09:13:52.000Z</time>
                <name>Position 179</name>
            </trkpt>
            <trkpt lat="47.4456379" lon="11.4540755">
                <ele>1194.3</ele>
                <time>2020-11-08T09:14:10.000Z</time>
                <name>Position 180</name>
            </trkpt>
            <trkpt lat="47.4455624" lon="11.4537859">
                <ele>1193.4</ele>
                <time>2020-11-08T09:14:32.000Z</time>
                <name>Position 181</name>
            </trkpt>
            <trkpt lat="47.4455052" lon="11.4535292">
                <ele>1197.7</ele>
                <time>2020-11-08T09:14:54.000Z</time>
                <name>Position 182</name>
            </trkpt>
            <trkpt lat="47.445493" lon="11.4532503">
                <ele>1204.2</ele>
                <time>2020-11-08T09:15:30.000Z</time>
                <name>Position 183</name>
            </trkpt>
            <trkpt lat="47.4454042" lon="11.4529909">
                <ele>1208.1</ele>
                <time>2020-11-08T09:15:54.000Z</time>
                <name>Position 184</name>
            </trkpt>
            <trkpt lat="47.4453684" lon="11.452708">
                <ele>1211.4</ele>
                <time>2020-11-08T09:16:16.000Z</time>
                <name>Position 185</name>
            </trkpt>
            <trkpt lat="47.4452714" lon="11.4524805">
                <ele>1215.3</ele>
                <time>2020-11-08T09:16:38.000Z</time>
                <name>Position 186</name>
            </trkpt>
            <trkpt lat="47.4452474" lon="11.4521957">
                <ele>1218.0</ele>
                <time>2020-11-08T09:16:58.000Z</time>
                <name>Position 187</name>
            </trkpt>
            <trkpt lat="47.4453202" lon="11.45194">
                <ele>1224.8</ele>
                <time>2020-11-08T09:18:22.000Z</time>
                <name>Position 188</name>
            </trkpt>
            <trkpt lat="47.4453123" lon="11.45167">
                <ele>1229.9</ele>
                <time>2020-11-08T09:18:52.000Z</time>
                <name>Position 189</name>
            </trkpt>
            <trkpt lat="47.4453197" lon="11.4513997">
                <ele>1234.7</ele>
                <time>2020-11-08T09:19:22.000Z</time>
                <name>Position 190</name>
            </trkpt>
            <trkpt lat="47.4453292" lon="11.4511155">
                <ele>1240.7</ele>
                <time>2020-11-08T09:19:54.000Z</time>
                <name>Position 191</name>
            </trkpt>
            <trkpt lat="47.4453606" lon="11.450841">
                <ele>1246.6</ele>
                <time>2020-11-08T09:20:18.000Z</time>
                <name>Position 192</name>
            </trkpt>
            <trkpt lat="47.4454225" lon="11.450577">
                <ele>1251.4</ele>
                <time>2020-11-08T09:20:50.000Z</time>
                <name>Position 193</name>
            </trkpt>
            <trkpt lat="47.4454536" lon="11.4503117">
                <ele>1254.5</ele>
                <time>2020-11-08T09:21:22.000Z</time>
                <name>Position 194</name>
            </trkpt>
            <trkpt lat="47.4455144" lon="11.4500549">
                <ele>1260.5</ele>
                <time>2020-11-08T09:21:52.000Z</time>
                <name>Position 195</name>
            </trkpt>
            <trkpt lat="47.4455979" lon="11.4498192">
                <ele>1270.8</ele>
                <time>2020-11-08T09:22:28.000Z</time>
                <name>Position 196</name>
            </trkpt>
            <trkpt lat="47.4457073" lon="11.4495899">
                <ele>1269.5</ele>
                <time>2020-11-08T09:22:54.000Z</time>
                <name>Position 197</name>
            </trkpt>
            <trkpt lat="47.4458533" lon="11.4494008">
                <ele>1270.2</ele>
                <time>2020-11-08T09:23:20.000Z</time>
                <name>Position 198</name>
            </trkpt>
            <trkpt lat="47.4458771" lon="11.449125">
                <ele>1278.2</ele>
                <time>2020-11-08T09:24:02.000Z</time>
                <name>Position 199</name>
            </trkpt>
            <trkpt lat="47.4459226" lon="11.448858">
                <ele>1283.2</ele>
                <time>2020-11-08T09:24:34.000Z</time>
                <name>Position 200</name>
            </trkpt>
            <trkpt lat="47.4458783" lon="11.4485965">
                <ele>1285.7</ele>
                <time>2020-11-08T09:25:04.000Z</time>
                <name>Position 201</name>
            </trkpt>
            <trkpt lat="47.4460579" lon="11.4485477">
                <ele>1292.9</ele>
                <time>2020-11-08T09:26:02.000Z</time>
                <name>Position 202</name>
            </trkpt>
            <trkpt lat="47.4461809" lon="11.4483235">
                <ele>1311.2</ele>
                <time>2020-11-08T09:27:34.000Z</time>
                <name>Position 203</name>
            </trkpt>
            <trkpt lat="47.4461938" lon="11.4480536">
                <ele>1314.5</ele>
                <time>2020-11-08T09:28:04.000Z</time>
                <name>Position 204</name>
            </trkpt>
            <trkpt lat="47.4462376" lon="11.4477795">
                <ele>1316.0</ele>
                <time>2020-11-08T09:28:28.000Z</time>
                <name>Position 205</name>
            </trkpt>
            <trkpt lat="47.4462338" lon="11.4475094">
                <ele>1319.6</ele>
                <time>2020-11-08T09:28:58.000Z</time>
                <name>Position 206</name>
            </trkpt>
            <trkpt lat="47.4461902" lon="11.4472453">
                <ele>1323.1</ele>
                <time>2020-11-08T09:29:30.000Z</time>
                <name>Position 207</name>
            </trkpt>
            <trkpt lat="47.4463499" lon="11.447388">
                <ele>1326.4</ele>
                <time>2020-11-08T09:30:00.000Z</time>
                <name>Position 208</name>
            </trkpt>
            <trkpt lat="47.4464988" lon="11.4475673">
                <ele>1329.7</ele>
                <time>2020-11-08T09:30:28.000Z</time>
                <name>Position 209</name>
            </trkpt>
            <trkpt lat="47.4465939" lon="11.447807">
                <ele>1333.9</ele>
                <time>2020-11-08T09:30:54.000Z</time>
                <name>Position 210</name>
            </trkpt>
            <trkpt lat="47.4467095" lon="11.4475948">
                <ele>1341.2</ele>
                <time>2020-11-08T09:31:58.000Z</time>
                <name>Position 211</name>
            </trkpt>
            <trkpt lat="47.446663" lon="11.4473092">
                <ele>1343.7</ele>
                <time>2020-11-08T09:32:26.000Z</time>
                <name>Position 212</name>
            </trkpt>
            <trkpt lat="47.446702" lon="11.4470452">
                <ele>1348.9</ele>
                <time>2020-11-08T09:32:45.000Z</time>
                <name>Position 213</name>
            </trkpt>
            <trkpt lat="47.4466969" lon="11.4467532">
                <ele>1352.9</ele>
                <time>2020-11-08T09:33:13.000Z</time>
                <name>Position 214</name>
            </trkpt>
            <trkpt lat="47.4467548" lon="11.4464879">
                <ele>1356.2</ele>
                <time>2020-11-08T09:33:37.000Z</time>
                <name>Position 215</name>
            </trkpt>
            <trkpt lat="47.4468608" lon="11.4467083">
                <ele>1366.3</ele>
                <time>2020-11-08T09:34:33.000Z</time>
                <name>Position 216</name>
            </trkpt>
            <trkpt lat="47.4469564" lon="11.4469367">
                <ele>1370.0</ele>
                <time>2020-11-08T09:35:01.000Z</time>
                <name>Position 217</name>
            </trkpt>
            <trkpt lat="47.4470469" lon="11.4471867">
                <ele>1373.7</ele>
                <time>2020-11-08T09:35:31.000Z</time>
                <name>Position 218</name>
            </trkpt>
            <trkpt lat="47.4472205" lon="11.4472899">
                <ele>1380.9</ele>
                <time>2020-11-08T09:36:29.000Z</time>
                <name>Position 219</name>
            </trkpt>
            <trkpt lat="47.4472436" lon="11.4470079">
                <ele>1386.2</ele>
                <time>2020-11-08T09:36:55.000Z</time>
                <name>Position 220</name>
            </trkpt>
            <trkpt lat="47.4472841" lon="11.4467395">
                <ele>1390.7</ele>
                <time>2020-11-08T09:37:21.000Z</time>
                <name>Position 221</name>
            </trkpt>
            <trkpt lat="47.4473759" lon="11.4469693">
                <ele>1397.5</ele>
                <time>2020-11-08T09:38:03.000Z</time>
                <name>Position 222</name>
            </trkpt>
            <trkpt lat="47.4474701" lon="11.4472047">
                <ele>1402.2</ele>
                <time>2020-11-08T09:38:31.000Z</time>
                <name>Position 223</name>
            </trkpt>
            <trkpt lat="47.447479" lon="11.4474928">
                <ele>1406.0</ele>
                <time>2020-11-08T09:38:57.000Z</time>
                <name>Position 224</name>
            </trkpt>
            <trkpt lat="47.4474689" lon="11.4477674">
                <ele>1406.4</ele>
                <time>2020-11-08T09:39:19.000Z</time>
                <name>Position 225</name>
            </trkpt>
            <trkpt lat="47.4475274" lon="11.4480326">
                <ele>1408.4</ele>
                <time>2020-11-08T09:39:41.000Z</time>
                <name>Position 226</name>
            </trkpt>
            <trkpt lat="47.4475774" lon="11.4482959">
                <ele>1413.0</ele>
                <time>2020-11-08T09:40:09.000Z</time>
                <name>Position 227</name>
            </trkpt>
            <trkpt lat="47.4476544" lon="11.4485367">
                <ele>1418.4</ele>
                <time>2020-11-08T09:40:39.000Z</time>
                <name>Position 228</name>
            </trkpt>
            <trkpt lat="47.4476901" lon="11.4488153">
                <ele>1425.1</ele>
                <time>2020-11-08T09:41:25.000Z</time>
                <name>Position 229</name>
            </trkpt>
            <trkpt lat="47.4478243" lon="11.4486176">
                <ele>1430.1</ele>
                <time>2020-11-08T09:42:01.000Z</time>
                <name>Position 230</name>
            </trkpt>
            <trkpt lat="47.447927" lon="11.4483849">
                <ele>1436.6</ele>
                <time>2020-11-08T09:42:31.000Z</time>
                <name>Position 231</name>
            </trkpt>
            <trkpt lat="47.4480199" lon="11.4481521">
                <ele>1440.0</ele>
                <time>2020-11-08T09:42:57.000Z</time>
                <name>Position 232</name>
            </trkpt>
            <trkpt lat="47.4480902" lon="11.4478966">
                <ele>1443.2</ele>
                <time>2020-11-08T09:43:21.000Z</time>
                <name>Position 233</name>
            </trkpt>
            <trkpt lat="47.4481809" lon="11.4476537">
                <ele>1446.6</ele>
                <time>2020-11-08T09:43:45.000Z</time>
                <name>Position 234</name>
            </trkpt>
            <trkpt lat="47.4481994" lon="11.4473779">
                <ele>1448.7</ele>
                <time>2020-11-08T09:44:07.000Z</time>
                <name>Position 235</name>
            </trkpt>
            <trkpt lat="47.4482033" lon="11.4471105">
                <ele>1456.4</ele>
                <time>2020-11-08T09:44:39.000Z</time>
                <name>Position 236</name>
            </trkpt>
            <trkpt lat="47.4482167" lon="11.4468408">
                <ele>1461.0</ele>
                <time>2020-11-08T09:45:15.000Z</time>
                <name>Position 237</name>
            </trkpt>
            <trkpt lat="47.4483119" lon="11.4466056">
                <ele>1466.3</ele>
                <time>2020-11-08T09:46:27.000Z</time>
                <name>Position 238</name>
            </trkpt>
            <trkpt lat="47.4483838" lon="11.4463427">
                <ele>1468.6</ele>
                <time>2020-11-08T09:47:13.000Z</time>
                <name>Position 239</name>
            </trkpt>
            <trkpt lat="47.4484871" lon="11.4460994">
                <ele>1472.8</ele>
                <time>2020-11-08T09:48:09.000Z</time>
                <name>Position 240</name>
            </trkpt>
            <trkpt lat="47.4485728" lon="11.4458505">
                <ele>1475.9</ele>
                <time>2020-11-08T09:49:25.000Z</time>
                <name>Position 241</name>
            </trkpt>
            <trkpt lat="47.4486659" lon="11.445613">
                <ele>1478.8</ele>
                <time>2020-11-08T09:49:53.000Z</time>
                <name>Position 242</name>
            </trkpt>
            <trkpt lat="47.448829" lon="11.4457377">
                <ele>1489.5</ele>
                <time>2020-11-08T09:51:17.000Z</time>
                <name>Position 243</name>
            </trkpt>
            <trkpt lat="47.4489327" lon="11.4459587">
                <ele>1493.7</ele>
                <time>2020-11-08T09:55:35.000Z</time>
                <name>Position 244</name>
            </trkpt>
            <trkpt lat="47.4488256" lon="11.4457384">
                <ele>1490.5</ele>
                <time>2020-11-08T12:43:59.000Z</time>
                <name>Position 245</name>
            </trkpt>
            <trkpt lat="47.4486608" lon="11.4455879">
                <ele>1484.1</ele>
                <time>2020-11-08T12:44:37.000Z</time>
                <name>Position 246</name>
            </trkpt>
            <trkpt lat="47.4484823" lon="11.4455037">
                <ele>1483.1</ele>
                <time>2020-11-08T12:44:59.000Z</time>
                <name>Position 247</name>
            </trkpt>
            <trkpt lat="47.4483071" lon="11.4454149">
                <ele>1478.4</ele>
                <time>2020-11-08T12:45:25.000Z</time>
                <name>Position 248</name>
            </trkpt>
            <trkpt lat="47.4481232" lon="11.4454019">
                <ele>1477.4</ele>
                <time>2020-11-08T12:45:51.000Z</time>
                <name>Position 249</name>
            </trkpt>
            <trkpt lat="47.4481858" lon="11.4456602">
                <ele>1466.9</ele>
                <time>2020-11-08T12:50:15.000Z</time>
                <name>Position 250</name>
            </trkpt>
            <trkpt lat="47.4483188" lon="11.4458838">
                <ele>1469.8</ele>
                <time>2020-11-08T12:50:43.000Z</time>
                <name>Position 251</name>
            </trkpt>
            <trkpt lat="47.4483752" lon="11.4461589">
                <ele>1470.7</ele>
                <time>2020-11-08T12:51:09.000Z</time>
                <name>Position 252</name>
            </trkpt>
            <trkpt lat="47.4484279" lon="11.4464206">
                <ele>1477.6</ele>
                <time>2020-11-08T12:51:41.000Z</time>
                <name>Position 253</name>
            </trkpt>
            <trkpt lat="47.4483045" lon="11.4466236">
                <ele>1468.6</ele>
                <time>2020-11-08T13:05:05.000Z</time>
                <name>Position 254</name>
            </trkpt>
            <trkpt lat="47.4482454" lon="11.4468882">
                <ele>1472.0</ele>
                <time>2020-11-08T13:05:27.000Z</time>
                <name>Position 255</name>
            </trkpt>
            <trkpt lat="47.4482668" lon="11.4471582">
                <ele>1464.2</ele>
                <time>2020-11-08T13:05:47.000Z</time>
                <name>Position 256</name>
            </trkpt>
            <trkpt lat="47.4482026" lon="11.4474128">
                <ele>1459.1</ele>
                <time>2020-11-08T13:06:03.000Z</time>
                <name>Position 257</name>
            </trkpt>
            <trkpt lat="47.448162" lon="11.4477042">
                <ele>1455.1</ele>
                <time>2020-11-08T13:06:21.000Z</time>
                <name>Position 258</name>
            </trkpt>
            <trkpt lat="47.4480951" lon="11.4479546">
                <ele>1456.1</ele>
                <time>2020-11-08T13:06:39.000Z</time>
                <name>Position 259</name>
            </trkpt>
            <trkpt lat="47.4480465" lon="11.4482141">
                <ele>1450.2</ele>
                <time>2020-11-08T13:06:55.000Z</time>
                <name>Position 260</name>
            </trkpt>
            <trkpt lat="47.447964" lon="11.4484559">
                <ele>1449.8</ele>
                <time>2020-11-08T13:07:17.000Z</time>
                <name>Position 261</name>
            </trkpt>
            <trkpt lat="47.4478367" lon="11.4486707">
                <ele>1442.0</ele>
                <time>2020-11-08T13:07:43.000Z</time>
                <name>Position 262</name>
            </trkpt>
            <trkpt lat="47.4476497" lon="11.4486254">
                <ele>1433.7</ele>
                <time>2020-11-08T13:08:31.000Z</time>
                <name>Position 263</name>
            </trkpt>
            <trkpt lat="47.4476168" lon="11.448359">
                <ele>1429.3</ele>
                <time>2020-11-08T13:08:51.000Z</time>
                <name>Position 264</name>
            </trkpt>
            <trkpt lat="47.4475626" lon="11.4480902">
                <ele>1426.6</ele>
                <time>2020-11-08T13:09:09.000Z</time>
                <name>Position 265</name>
            </trkpt>
            <trkpt lat="47.4475221" lon="11.4478198">
                <ele>1420.6</ele>
                <time>2020-11-08T13:09:29.000Z</time>
                <name>Position 266</name>
            </trkpt>
            <trkpt lat="47.4474649" lon="11.4475654">
                <ele>1416.4</ele>
                <time>2020-11-08T13:09:47.000Z</time>
                <name>Position 267</name>
            </trkpt>
            <trkpt lat="47.4474453" lon="11.4472797">
                <ele>1409.9</ele>
                <time>2020-11-08T13:10:13.000Z</time>
                <name>Position 268</name>
            </trkpt>
            <trkpt lat="47.447354" lon="11.4470205">
                <ele>1406.7</ele>
                <time>2020-11-08T13:10:33.000Z</time>
                <name>Position 269</name>
            </trkpt>
            <trkpt lat="47.4473699" lon="11.4467307">
                <ele>1399.6</ele>
                <time>2020-11-08T13:10:47.000Z</time>
                <name>Position 270</name>
            </trkpt>
            <trkpt lat="47.4473185" lon="11.4469895">
                <ele>1397.5</ele>
                <time>2020-11-08T13:11:15.000Z</time>
                <name>Position 271</name>
            </trkpt>
            <trkpt lat="47.4472536" lon="11.4472594">
                <ele>1392.5</ele>
                <time>2020-11-08T13:11:33.000Z</time>
                <name>Position 272</name>
            </trkpt>
            <trkpt lat="47.4470596" lon="11.4473199">
                <ele>1383.6</ele>
                <time>2020-11-08T13:12:13.000Z</time>
                <name>Position 273</name>
            </trkpt>
            <trkpt lat="47.447023" lon="11.4470433">
                <ele>1374.9</ele>
                <time>2020-11-08T13:12:29.000Z</time>
                <name>Position 274</name>
            </trkpt>
            <trkpt lat="47.446918" lon="11.4468148">
                <ele>1376.6</ele>
                <time>2020-11-08T13:13:03.000Z</time>
                <name>Position 275</name>
            </trkpt>
            <trkpt lat="47.4467823" lon="11.4466172">
                <ele>1372.2</ele>
                <time>2020-11-08T13:13:29.000Z</time>
                <name>Position 276</name>
            </trkpt>
            <trkpt lat="47.446777" lon="11.4468876">
                <ele>1361.5</ele>
                <time>2020-11-08T13:14:11.000Z</time>
                <name>Position 277</name>
            </trkpt>
            <trkpt lat="47.4467418" lon="11.4471493">
                <ele>1358.3</ele>
                <time>2020-11-08T13:14:33.000Z</time>
                <name>Position 278</name>
            </trkpt>
            <trkpt lat="47.4467591" lon="11.4474319">
                <ele>1352.7</ele>
                <time>2020-11-08T13:14:55.000Z</time>
                <name>Position 279</name>
            </trkpt>
            <trkpt lat="47.4467437" lon="11.447729">
                <ele>1351.5</ele>
                <time>2020-11-08T13:15:15.000Z</time>
                <name>Position 280</name>
            </trkpt>
            <trkpt lat="47.4466599" lon="11.4479763">
                <ele>1346.9</ele>
                <time>2020-11-08T13:15:31.000Z</time>
                <name>Position 281</name>
            </trkpt>
            <trkpt lat="47.4465816" lon="11.4477127">
                <ele>1340.4</ele>
                <time>2020-11-08T13:16:05.000Z</time>
                <name>Position 282</name>
            </trkpt>
            <trkpt lat="47.4464494" lon="11.4475118">
                <ele>1330.5</ele>
                <time>2020-11-08T13:16:21.000Z</time>
                <name>Position 283</name>
            </trkpt>
            <trkpt lat="47.4463349" lon="11.4473007">
                <ele>1329.0</ele>
                <time>2020-11-08T13:16:41.000Z</time>
                <name>Position 284</name>
            </trkpt>
            <trkpt lat="47.446315" lon="11.447576">
                <ele>1327.6</ele>
                <time>2020-11-08T13:17:13.000Z</time>
                <name>Position 285</name>
            </trkpt>
            <trkpt lat="47.4463206" lon="11.4478478">
                <ele>1323.8</ele>
                <time>2020-11-08T13:17:33.000Z</time>
                <name>Position 286</name>
            </trkpt>
            <trkpt lat="47.4463246" lon="11.44814">
                <ele>1322.2</ele>
                <time>2020-11-08T13:17:51.000Z</time>
                <name>Position 287</name>
            </trkpt>
            <trkpt lat="47.4462691" lon="11.448411">
                <ele>1316.6</ele>
                <time>2020-11-08T13:18:17.000Z</time>
                <name>Position 288</name>
            </trkpt>
            <trkpt lat="47.4460822" lon="11.4484901">
                <ele>1304.0</ele>
                <time>2020-11-08T13:19:03.000Z</time>
                <name>Position 289</name>
            </trkpt>
            <trkpt lat="47.4460025" lon="11.4487325">
                <ele>1297.5</ele>
                <time>2020-11-08T13:19:45.000Z</time>
                <name>Position 290</name>
            </trkpt>
            <trkpt lat="47.4459699" lon="11.4489977">
                <ele>1289.6</ele>
                <time>2020-11-08T13:20:09.000Z</time>
                <name>Position 291</name>
            </trkpt>
            <trkpt lat="47.445948" lon="11.4492827">
                <ele>1284.4</ele>
                <time>2020-11-08T13:20:37.000Z</time>
                <name>Position 292</name>
            </trkpt>
            <trkpt lat="47.4458234" lon="11.4495029">
                <ele>1280.4</ele>
                <time>2020-11-08T13:20:57.000Z</time>
                <name>Position 293</name>
            </trkpt>
            <trkpt lat="47.4457253" lon="11.4497333">
                <ele>1276.1</ele>
                <time>2020-11-08T13:21:21.000Z</time>
                <name>Position 294</name>
            </trkpt>
            <trkpt lat="47.4456328" lon="11.4499647">
                <ele>1272.5</ele>
                <time>2020-11-08T13:21:43.000Z</time>
                <name>Position 295</name>
            </trkpt>
            <trkpt lat="47.4455673" lon="11.4502284">
                <ele>1269.1</ele>
                <time>2020-11-08T13:22:07.000Z</time>
                <name>Position 296</name>
            </trkpt>
            <trkpt lat="47.4455099" lon="11.4504874">
                <ele>1261.2</ele>
                <time>2020-11-08T13:22:29.000Z</time>
                <name>Position 297</name>
            </trkpt>
            <trkpt lat="47.445472" lon="11.4507571">
                <ele>1258.4</ele>
                <time>2020-11-08T13:22:57.000Z</time>
                <name>Position 298</name>
            </trkpt>
            <trkpt lat="47.4454601" lon="11.451039">
                <ele>1253.7</ele>
                <time>2020-11-08T13:23:19.000Z</time>
                <name>Position 299</name>
            </trkpt>
            <trkpt lat="47.4454126" lon="11.451335">
                <ele>1250.9</ele>
                <time>2020-11-08T13:23:37.000Z</time>
                <name>Position 300</name>
            </trkpt>
            <trkpt lat="47.4453604" lon="11.4515927">
                <ele>1245.6</ele>
                <time>2020-11-08T13:23:59.000Z</time>
                <name>Position 301</name>
            </trkpt>
            <trkpt lat="47.4453921" lon="11.4518562">
                <ele>1241.1</ele>
                <time>2020-11-08T13:24:15.000Z</time>
                <name>Position 302</name>
            </trkpt>
            <trkpt lat="47.4454306" lon="11.4521266">
                <ele>1239.3</ele>
                <time>2020-11-08T13:24:37.000Z</time>
                <name>Position 303</name>
            </trkpt>
            <trkpt lat="47.4453755" lon="11.4523828">
                <ele>1229.9</ele>
                <time>2020-11-08T13:25:15.000Z</time>
                <name>Position 304</name>
            </trkpt>
            <trkpt lat="47.4453964" lon="11.4526772">
                <ele>1226.0</ele>
                <time>2020-11-08T13:25:39.000Z</time>
                <name>Position 305</name>
            </trkpt>
            <trkpt lat="47.4454416" lon="11.4529542">
                <ele>1224.0</ele>
                <time>2020-11-08T13:25:55.000Z</time>
                <name>Position 306</name>
            </trkpt>
            <trkpt lat="47.4454944" lon="11.4532215">
                <ele>1220.7</ele>
                <time>2020-11-08T13:26:15.000Z</time>
                <name>Position 307</name>
            </trkpt>
            <trkpt lat="47.4455258" lon="11.4534905">
                <ele>1216.8</ele>
                <time>2020-11-08T13:26:35.000Z</time>
                <name>Position 308</name>
            </trkpt>
            <trkpt lat="47.4455745" lon="11.4537498">
                <ele>1211.8</ele>
                <time>2020-11-08T13:27:05.000Z</time>
                <name>Position 309</name>
            </trkpt>
            <trkpt lat="47.4456905" lon="11.4539985">
                <ele>1209.0</ele>
                <time>2020-11-08T13:27:23.000Z</time>
                <name>Position 310</name>
            </trkpt>
            <trkpt lat="47.4457658" lon="11.454243">
                <ele>1207.4</ele>
                <time>2020-11-08T13:27:39.000Z</time>
                <name>Position 311</name>
            </trkpt>
            <trkpt lat="47.4458102" lon="11.4545093">
                <ele>1204.3</ele>
                <time>2020-11-08T13:27:57.000Z</time>
                <name>Position 312</name>
            </trkpt>
            <trkpt lat="47.4459173" lon="11.4547548">
                <ele>1201.1</ele>
                <time>2020-11-08T13:28:15.000Z</time>
                <name>Position 313</name>
            </trkpt>
            <trkpt lat="47.4460153" lon="11.4549958">
                <ele>1197.8</ele>
                <time>2020-11-08T13:28:33.000Z</time>
                <name>Position 314</name>
            </trkpt>
            <trkpt lat="47.4461587" lon="11.4551927">
                <ele>1194.6</ele>
                <time>2020-11-08T13:28:51.000Z</time>
                <name>Position 315</name>
            </trkpt>
            <trkpt lat="47.4462691" lon="11.45541">
                <ele>1192.5</ele>
                <time>2020-11-08T13:29:05.000Z</time>
                <name>Position 316</name>
            </trkpt>
            <trkpt lat="47.4463687" lon="11.4556557">
                <ele>1189.6</ele>
                <time>2020-11-08T13:29:23.000Z</time>
                <name>Position 317</name>
            </trkpt>
            <trkpt lat="47.446514" lon="11.4558662">
                <ele>1186.5</ele>
                <time>2020-11-08T13:29:37.000Z</time>
                <name>Position 318</name>
            </trkpt>
            <trkpt lat="47.4466336" lon="11.4560911">
                <ele>1184.1</ele>
                <time>2020-11-08T13:29:53.000Z</time>
                <name>Position 319</name>
            </trkpt>
            <trkpt lat="47.4467135" lon="11.4563457">
                <ele>1182.0</ele>
                <time>2020-11-08T13:30:09.000Z</time>
                <name>Position 320</name>
            </trkpt>
            <trkpt lat="47.446818" lon="11.4565655">
                <ele>1177.1</ele>
                <time>2020-11-08T13:30:31.000Z</time>
                <name>Position 321</name>
            </trkpt>
            <trkpt lat="47.4469694" lon="11.4567202">
                <ele>1174.9</ele>
                <time>2020-11-08T13:30:53.000Z</time>
                <name>Position 322</name>
            </trkpt>
            <trkpt lat="47.4471468" lon="11.4568414">
                <ele>1172.7</ele>
                <time>2020-11-08T13:31:11.000Z</time>
                <name>Position 323</name>
            </trkpt>
            <trkpt lat="47.4473197" lon="11.4569511">
                <ele>1171.3</ele>
                <time>2020-11-08T13:31:29.000Z</time>
                <name>Position 324</name>
            </trkpt>
            <trkpt lat="47.4474834" lon="11.457069">
                <ele>1168.2</ele>
                <time>2020-11-08T13:31:45.000Z</time>
                <name>Position 325</name>
            </trkpt>
            <trkpt lat="47.4476335" lon="11.4572331">
                <ele>1167.2</ele>
                <time>2020-11-08T13:31:59.000Z</time>
                <name>Position 326</name>
            </trkpt>
            <trkpt lat="47.447796" lon="11.4574088">
                <ele>1164.8</ele>
                <time>2020-11-08T13:32:15.000Z</time>
                <name>Position 327</name>
            </trkpt>
            <trkpt lat="47.4479926" lon="11.4574955">
                <ele>1162.7</ele>
                <time>2020-11-08T13:32:29.000Z</time>
                <name>Position 328</name>
            </trkpt>
            <trkpt lat="47.4481554" lon="11.4576584">
                <ele>1162.1</ele>
                <time>2020-11-08T13:32:49.000Z</time>
                <name>Position 329</name>
            </trkpt>
            <trkpt lat="47.4483545" lon="11.4577326">
                <ele>1159.9</ele>
                <time>2020-11-08T13:33:09.000Z</time>
                <name>Position 330</name>
            </trkpt>
            <trkpt lat="47.4485451" lon="11.4577911">
                <ele>1158.9</ele>
                <time>2020-11-08T13:33:21.000Z</time>
                <name>Position 331</name>
            </trkpt>
            <trkpt lat="47.4487146" lon="11.4579256">
                <ele>1157.0</ele>
                <time>2020-11-08T13:33:47.000Z</time>
                <name>Position 332</name>
            </trkpt>
            <trkpt lat="47.448887" lon="11.4580271">
                <ele>1153.8</ele>
                <time>2020-11-08T13:34:35.000Z</time>
                <name>Position 333</name>
            </trkpt>
            <trkpt lat="47.4490725" lon="11.4581694">
                <ele>1151.0</ele>
                <time>2020-11-08T13:34:57.000Z</time>
                <name>Position 334</name>
            </trkpt>
            <trkpt lat="47.4492588" lon="11.4582807">
                <ele>1149.4</ele>
                <time>2020-11-08T13:35:09.000Z</time>
                <name>Position 335</name>
            </trkpt>
            <trkpt lat="47.4494288" lon="11.4584141">
                <ele>1147.0</ele>
                <time>2020-11-08T13:35:27.000Z</time>
                <name>Position 336</name>
            </trkpt>
            <trkpt lat="47.4496083" lon="11.4584688">
                <ele>1145.1</ele>
                <time>2020-11-08T13:35:45.000Z</time>
                <name>Position 337</name>
            </trkpt>
            <trkpt lat="47.4497512" lon="11.4586427">
                <ele>1143.2</ele>
                <time>2020-11-08T13:36:01.000Z</time>
                <name>Position 338</name>
            </trkpt>
            <trkpt lat="47.4498979" lon="11.4588005">
                <ele>1142.3</ele>
                <time>2020-11-08T13:36:17.000Z</time>
                <name>Position 339</name>
            </trkpt>
            <trkpt lat="47.4500727" lon="11.4589549">
                <ele>1140.0</ele>
                <time>2020-11-08T13:36:33.000Z</time>
                <name>Position 340</name>
            </trkpt>
            <trkpt lat="47.4502205" lon="11.4591563">
                <ele>1137.0</ele>
                <time>2020-11-08T13:36:51.000Z</time>
                <name>Position 341</name>
            </trkpt>
            <trkpt lat="47.450374" lon="11.4592996">
                <ele>1136.1</ele>
                <time>2020-11-08T13:37:07.000Z</time>
                <name>Position 342</name>
            </trkpt>
            <trkpt lat="47.4504832" lon="11.4595294">
                <ele>1135.9</ele>
                <time>2020-11-08T13:37:21.000Z</time>
                <name>Position 343</name>
            </trkpt>
            <trkpt lat="47.4506076" lon="11.4597244">
                <ele>1134.4</ele>
                <time>2020-11-08T13:37:33.000Z</time>
                <name>Position 344</name>
            </trkpt>
            <trkpt lat="47.4507033" lon="11.4599507">
                <ele>1134.0</ele>
                <time>2020-11-08T13:37:45.000Z</time>
                <name>Position 345</name>
            </trkpt>
            <trkpt lat="47.4508337" lon="11.4601619">
                <ele>1133.4</ele>
                <time>2020-11-08T13:38:03.000Z</time>
                <name>Position 346</name>
            </trkpt>
            <trkpt lat="47.4509789" lon="11.4603417">
                <ele>1132.0</ele>
                <time>2020-11-08T13:38:21.000Z</time>
                <name>Position 347</name>
            </trkpt>
            <trkpt lat="47.4511193" lon="11.4605223">
                <ele>1131.2</ele>
                <time>2020-11-08T13:38:35.000Z</time>
                <name>Position 348</name>
            </trkpt>
            <trkpt lat="47.4512605" lon="11.4606917">
                <ele>1127.6</ele>
                <time>2020-11-08T13:38:59.000Z</time>
                <name>Position 349</name>
            </trkpt>
            <trkpt lat="47.4513912" lon="11.460885">
                <ele>1126.5</ele>
                <time>2020-11-08T13:39:15.000Z</time>
                <name>Position 350</name>
            </trkpt>
            <trkpt lat="47.4515868" lon="11.460897">
                <ele>1124.0</ele>
                <time>2020-11-08T13:39:33.000Z</time>
                <name>Position 351</name>
            </trkpt>
            <trkpt lat="47.4517798" lon="11.4609925">
                <ele>1123.3</ele>
                <time>2020-11-08T13:39:47.000Z</time>
                <name>Position 352</name>
            </trkpt>
            <trkpt lat="47.4519345" lon="11.4611375">
                <ele>1122.6</ele>
                <time>2020-11-08T13:40:05.000Z</time>
                <name>Position 353</name>
            </trkpt>
            <trkpt lat="47.4521257" lon="11.4611585">
                <ele>1121.1</ele>
                <time>2020-11-08T13:40:17.000Z</time>
                <name>Position 354</name>
            </trkpt>
            <trkpt lat="47.4522923" lon="11.4612817">
                <ele>1120.6</ele>
                <time>2020-11-08T13:40:33.000Z</time>
                <name>Position 355</name>
            </trkpt>
            <trkpt lat="47.4524618" lon="11.461396">
                <ele>1119.6</ele>
                <time>2020-11-08T13:40:45.000Z</time>
                <name>Position 356</name>
            </trkpt>
            <trkpt lat="47.4526487" lon="11.4614432">
                <ele>1116.6</ele>
                <time>2020-11-08T13:40:57.000Z</time>
                <name>Position 357</name>
            </trkpt>
            <trkpt lat="47.4528281" lon="11.4615222">
                <ele>1117.9</ele>
                <time>2020-11-08T13:41:09.000Z</time>
                <name>Position 358</name>
            </trkpt>
            <trkpt lat="47.4530122" lon="11.461525">
                <ele>1116.5</ele>
                <time>2020-11-08T13:41:25.000Z</time>
                <name>Position 359</name>
            </trkpt>
            <trkpt lat="47.4531916" lon="11.4616205">
                <ele>1114.4</ele>
                <time>2020-11-08T13:41:39.000Z</time>
                <name>Position 360</name>
            </trkpt>
            <trkpt lat="47.4533816" lon="11.4616857">
                <ele>1114.0</ele>
                <time>2020-11-08T13:41:55.000Z</time>
                <name>Position 361</name>
            </trkpt>
            <trkpt lat="47.4535377" lon="11.4618578">
                <ele>1113.2</ele>
                <time>2020-11-08T13:42:09.000Z</time>
                <name>Position 362</name>
            </trkpt>
            <trkpt lat="47.4536851" lon="11.4620193">
                <ele>1112.2</ele>
                <time>2020-11-08T13:42:25.000Z</time>
                <name>Position 363</name>
            </trkpt>
            <trkpt lat="47.4538613" lon="11.4621155">
                <ele>1110.1</ele>
                <time>2020-11-08T13:42:41.000Z</time>
                <name>Position 364</name>
            </trkpt>
            <trkpt lat="47.4540212" lon="11.4622615">
                <ele>1108.8</ele>
                <time>2020-11-08T13:42:59.000Z</time>
                <name>Position 365</name>
            </trkpt>
            <trkpt lat="47.4541814" lon="11.4624611">
                <ele>1107.2</ele>
                <time>2020-11-08T13:43:15.000Z</time>
                <name>Position 366</name>
            </trkpt>
            <trkpt lat="47.4543711" lon="11.4625495">
                <ele>1105.9</ele>
                <time>2020-11-08T13:43:33.000Z</time>
                <name>Position 367</name>
            </trkpt>
            <trkpt lat="47.4545435" lon="11.4626452">
                <ele>1105.0</ele>
                <time>2020-11-08T13:43:45.000Z</time>
                <name>Position 368</name>
            </trkpt>
            <trkpt lat="47.4547304" lon="11.4626571">
                <ele>1103.5</ele>
                <time>2020-11-08T13:44:03.000Z</time>
                <name>Position 369</name>
            </trkpt>
            <trkpt lat="47.454897" lon="11.4627708">
                <ele>1102.1</ele>
                <time>2020-11-08T13:44:17.000Z</time>
                <name>Position 370</name>
            </trkpt>
            <trkpt lat="47.455078" lon="11.4628498">
                <ele>1100.0</ele>
                <time>2020-11-08T13:44:31.000Z</time>
                <name>Position 371</name>
            </trkpt>
            <trkpt lat="47.4552723" lon="11.4628718">
                <ele>1098.0</ele>
                <time>2020-11-08T13:44:47.000Z</time>
                <name>Position 372</name>
            </trkpt>
            <trkpt lat="47.4554723" lon="11.4628648">
                <ele>1096.5</ele>
                <time>2020-11-08T13:45:05.000Z</time>
                <name>Position 373</name>
            </trkpt>
            <trkpt lat="47.4556713" lon="11.4629251">
                <ele>1093.9</ele>
                <time>2020-11-08T13:45:21.000Z</time>
                <name>Position 374</name>
            </trkpt>
            <trkpt lat="47.4558694" lon="11.4629246">
                <ele>1093.6</ele>
                <time>2020-11-08T13:45:39.000Z</time>
                <name>Position 375</name>
            </trkpt>
            <trkpt lat="47.4560669" lon="11.4629079">
                <ele>1091.6</ele>
                <time>2020-11-08T13:45:53.000Z</time>
                <name>Position 376</name>
            </trkpt>
            <trkpt lat="47.4562528" lon="11.4628489">
                <ele>1090.1</ele>
                <time>2020-11-08T13:46:11.000Z</time>
                <name>Position 377</name>
            </trkpt>
            <trkpt lat="47.4564295" lon="11.4627517">
                <ele>1088.0</ele>
                <time>2020-11-08T13:46:27.000Z</time>
                <name>Position 378</name>
            </trkpt>
            <trkpt lat="47.4566261" lon="11.4627764">
                <ele>1086.8</ele>
                <time>2020-11-08T13:46:43.000Z</time>
                <name>Position 379</name>
            </trkpt>
            <trkpt lat="47.4567489" lon="11.462981">
                <ele>1083.7</ele>
                <time>2020-11-08T13:46:59.000Z</time>
                <name>Position 380</name>
            </trkpt>
            <trkpt lat="47.4567537" lon="11.4632476">
                <ele>1080.2</ele>
                <time>2020-11-08T13:47:27.000Z</time>
                <name>Position 381</name>
            </trkpt>
            <trkpt lat="47.456738" lon="11.4635307">
                <ele>1078.4</ele>
                <time>2020-11-08T13:47:57.000Z</time>
                <name>Position 382</name>
            </trkpt>
            <trkpt lat="47.4567604" lon="11.4638165">
                <ele>1074.5</ele>
                <time>2020-11-08T13:48:23.000Z</time>
                <name>Position 383</name>
            </trkpt>
            <trkpt lat="47.4568645" lon="11.4640569">
                <ele>1071.1</ele>
                <time>2020-11-08T13:48:55.000Z</time>
                <name>Position 384</name>
            </trkpt>
            <trkpt lat="47.4570517" lon="11.463965">
                <ele>1068.7</ele>
                <time>2020-11-08T13:49:13.000Z</time>
                <name>Position 385</name>
            </trkpt>
            <trkpt lat="47.4572259" lon="11.4638113">
                <ele>1066.3</ele>
                <time>2020-11-08T13:49:29.000Z</time>
                <name>Position 386</name>
            </trkpt>
            <trkpt lat="47.4574073" lon="11.4637432">
                <ele>1063.3</ele>
                <time>2020-11-08T13:49:47.000Z</time>
                <name>Position 387</name>
            </trkpt>
            <trkpt lat="47.4576088" lon="11.4637096">
                <ele>1062.5</ele>
                <time>2020-11-08T13:50:03.000Z</time>
                <name>Position 388</name>
            </trkpt>
            <trkpt lat="47.4578057" lon="11.4636754">
                <ele>1060.1</ele>
                <time>2020-11-08T13:50:18.000Z</time>
                <name>Position 389</name>
            </trkpt>
            <trkpt lat="47.4579686" lon="11.4635054">
                <ele>1058.3</ele>
                <time>2020-11-08T13:50:32.000Z</time>
                <name>Position 390</name>
            </trkpt>
            <trkpt lat="47.458153" lon="11.4634462">
                <ele>1058.3</ele>
                <time>2020-11-08T13:50:48.000Z</time>
                <name>Position 391</name>
            </trkpt>
            <trkpt lat="47.4582837" lon="11.4636398">
                <ele>1057.0</ele>
                <time>2020-11-08T13:51:02.000Z</time>
                <name>Position 392</name>
            </trkpt>
            <trkpt lat="47.4584302" lon="11.4638199">
                <ele>1055.4</ele>
                <time>2020-11-08T13:51:14.000Z</time>
                <name>Position 393</name>
            </trkpt>
            <trkpt lat="47.4586188" lon="11.4637901">
                <ele>1055.1</ele>
                <time>2020-11-08T13:51:28.000Z</time>
                <name>Position 394</name>
            </trkpt>
            <trkpt lat="47.4588039" lon="11.4638221">
                <ele>1054.5</ele>
                <time>2020-11-08T13:51:42.000Z</time>
                <name>Position 395</name>
            </trkpt>
            <trkpt lat="47.4589915" lon="11.4637959">
                <ele>1052.9</ele>
                <time>2020-11-08T13:52:00.000Z</time>
                <name>Position 396</name>
            </trkpt>
            <trkpt lat="47.4591627" lon="11.4636995">
                <ele>1052.7</ele>
                <time>2020-11-08T13:52:16.000Z</time>
                <name>Position 397</name>
            </trkpt>
            <trkpt lat="47.4592899" lon="11.4634771">
                <ele>1052.1</ele>
                <time>2020-11-08T13:52:28.000Z</time>
                <name>Position 398</name>
            </trkpt>
            <trkpt lat="47.4594211" lon="11.4632647">
                <ele>1050.9</ele>
                <time>2020-11-08T13:52:44.000Z</time>
                <name>Position 399</name>
            </trkpt>
            <trkpt lat="47.4595589" lon="11.4630653">
                <ele>1050.2</ele>
                <time>2020-11-08T13:53:00.000Z</time>
                <name>Position 400</name>
            </trkpt>
            <trkpt lat="47.4597217" lon="11.4632445">
                <ele>1050.1</ele>
                <time>2020-11-08T13:53:14.000Z</time>
                <name>Position 401</name>
            </trkpt>
            <trkpt lat="47.4598511" lon="11.4634654">
                <ele>1050.6</ele>
                <time>2020-11-08T13:53:28.000Z</time>
                <name>Position 402</name>
            </trkpt>
            <trkpt lat="47.4599532" lon="11.463695">
                <ele>1049.1</ele>
                <time>2020-11-08T13:53:44.000Z</time>
                <name>Position 403</name>
            </trkpt>
            <trkpt lat="47.4601509" lon="11.4637089">
                <ele>1046.8</ele>
                <time>2020-11-08T13:54:00.000Z</time>
                <name>Position 404</name>
            </trkpt>
            <trkpt lat="47.4603215" lon="11.4638228">
                <ele>1045.8</ele>
                <time>2020-11-08T13:54:14.000Z</time>
                <name>Position 405</name>
            </trkpt>
            <trkpt lat="47.4604311" lon="11.4640591">
                <ele>1045.3</ele>
                <time>2020-11-08T13:54:30.000Z</time>
                <name>Position 406</name>
            </trkpt>
            <trkpt lat="47.4605175" lon="11.4642942">
                <ele>1043.6</ele>
                <time>2020-11-08T13:54:46.000Z</time>
                <name>Position 407</name>
            </trkpt>
            <trkpt lat="47.4606159" lon="11.4645414">
                <ele>1042.4</ele>
                <time>2020-11-08T13:55:00.000Z</time>
                <name>Position 408</name>
            </trkpt>
            <trkpt lat="47.4607808" lon="11.4646879">
                <ele>1041.1</ele>
                <time>2020-11-08T13:55:20.000Z</time>
                <name>Position 409</name>
            </trkpt>
            <trkpt lat="47.4609576" lon="11.4648128">
                <ele>1037.8</ele>
                <time>2020-11-08T13:55:36.000Z</time>
                <name>Position 410</name>
            </trkpt>
            <trkpt lat="47.4611404" lon="11.4649355">
                <ele>1037.9</ele>
                <time>2020-11-08T13:55:54.000Z</time>
                <name>Position 411</name>
            </trkpt>
            <trkpt lat="47.4613242" lon="11.4650091">
                <ele>1036.5</ele>
                <time>2020-11-08T13:56:10.000Z</time>
                <name>Position 412</name>
            </trkpt>
            <trkpt lat="47.461519" lon="11.4649804">
                <ele>1035.1</ele>
                <time>2020-11-08T13:56:24.000Z</time>
                <name>Position 413</name>
            </trkpt>
            <trkpt lat="47.4617023" lon="11.464995">
                <ele>1033.5</ele>
                <time>2020-11-08T13:56:36.000Z</time>
                <name>Position 414</name>
            </trkpt>
            <trkpt lat="47.461886" lon="11.464995">
                <ele>1032.0</ele>
                <time>2020-11-08T13:56:50.000Z</time>
                <name>Position 415</name>
            </trkpt>
            <trkpt lat="47.4620669" lon="11.4648813">
                <ele>1030.4</ele>
                <time>2020-11-08T13:57:08.000Z</time>
                <name>Position 416</name>
            </trkpt>
            <trkpt lat="47.4622588" lon="11.4648849">
                <ele>1029.7</ele>
                <time>2020-11-08T13:57:22.000Z</time>
                <name>Position 417</name>
            </trkpt>
            <trkpt lat="47.4624378" lon="11.4648006">
                <ele>1029.7</ele>
                <time>2020-11-08T13:57:38.000Z</time>
                <name>Position 418</name>
            </trkpt>
            <trkpt lat="47.46263" lon="11.4648627">
                <ele>1028.2</ele>
                <time>2020-11-08T13:57:50.000Z</time>
                <name>Position 419</name>
            </trkpt>
            <trkpt lat="47.4628287" lon="11.4648983">
                <ele>1028.7</ele>
                <time>2020-11-08T13:58:04.000Z</time>
                <name>Position 420</name>
            </trkpt>
            <trkpt lat="47.4630134" lon="11.4649797">
                <ele>1027.8</ele>
                <time>2020-11-08T13:58:20.000Z</time>
                <name>Position 421</name>
            </trkpt>
            <trkpt lat="47.4631583" lon="11.4651648">
                <ele>1025.8</ele>
                <time>2020-11-08T13:58:38.000Z</time>
                <name>Position 422</name>
            </trkpt>
            <trkpt lat="47.4633059" lon="11.4653511">
                <ele>1024.6</ele>
                <time>2020-11-08T13:58:54.000Z</time>
                <name>Position 423</name>
            </trkpt>
            <trkpt lat="47.4634747" lon="11.4655001">
                <ele>1023.4</ele>
                <time>2020-11-08T13:59:08.000Z</time>
                <name>Position 424</name>
            </trkpt>
            <trkpt lat="47.4636483" lon="11.4656409">
                <ele>1023.0</ele>
                <time>2020-11-08T13:59:20.000Z</time>
                <name>Position 425</name>
            </trkpt>
            <trkpt lat="47.4638539" lon="11.4656418">
                <ele>1022.9</ele>
                <time>2020-11-08T13:59:40.000Z</time>
                <name>Position 426</name>
            </trkpt>
            <trkpt lat="47.4640349" lon="11.4656228">
                <ele>1021.9</ele>
                <time>2020-11-08T13:59:54.000Z</time>
                <name>Position 427</name>
            </trkpt>
            <trkpt lat="47.4642182" lon="11.465604">
                <ele>1022.6</ele>
                <time>2020-11-08T14:00:12.000Z</time>
                <name>Position 428</name>
            </trkpt>
            <trkpt lat="47.4644081" lon="11.4656777">
                <ele>1022.6</ele>
                <time>2020-11-08T14:00:28.000Z</time>
                <name>Position 429</name>
            </trkpt>
            <trkpt lat="47.4646022" lon="11.4656992">
                <ele>1020.4</ele>
                <time>2020-11-08T14:00:42.000Z</time>
                <name>Position 430</name>
            </trkpt>
            <trkpt lat="47.4647932" lon="11.4656771">
                <ele>1020.5</ele>
                <time>2020-11-08T14:00:54.000Z</time>
                <name>Position 431</name>
            </trkpt>
            <trkpt lat="47.4649743" lon="11.4658241">
                <ele>1021.6</ele>
                <time>2020-11-08T14:01:06.000Z</time>
                <name>Position 432</name>
            </trkpt>
            <trkpt lat="47.4651388" lon="11.4659858">
                <ele>1020.1</ele>
                <time>2020-11-08T14:01:20.000Z</time>
                <name>Position 433</name>
            </trkpt>
            <trkpt lat="47.4653116" lon="11.466118">
                <ele>1020.6</ele>
                <time>2020-11-08T14:01:36.000Z</time>
                <name>Position 434</name>
            </trkpt>
            <trkpt lat="47.4654948" lon="11.4661512">
                <ele>1019.7</ele>
                <time>2020-11-08T14:01:54.000Z</time>
                <name>Position 435</name>
            </trkpt>
            <trkpt lat="47.4656772" lon="11.4660525">
                <ele>1020.0</ele>
                <time>2020-11-08T14:02:12.000Z</time>
                <name>Position 436</name>
            </trkpt>
            <trkpt lat="47.4658456" lon="11.4659367">
                <ele>1018.8</ele>
                <time>2020-11-08T14:02:28.000Z</time>
                <name>Position 437</name>
            </trkpt>
            <trkpt lat="47.4660278" lon="11.4659297">
                <ele>1017.1</ele>
                <time>2020-11-08T14:02:40.000Z</time>
                <name>Position 438</name>
            </trkpt>
            <trkpt lat="47.4661639" lon="11.4661394">
                <ele>1019.7</ele>
                <time>2020-11-08T14:02:58.000Z</time>
                <name>Position 439</name>
            </trkpt>
            <trkpt lat="47.4662078" lon="11.466408">
                <ele>1018.8</ele>
                <time>2020-11-08T14:03:14.000Z</time>
                <name>Position 440</name>
            </trkpt>
            <trkpt lat="47.4662973" lon="11.4666826">
                <ele>1017.4</ele>
                <time>2020-11-08T14:03:34.000Z</time>
                <name>Position 441</name>
            </trkpt>
            <trkpt lat="47.4664735" lon="11.4667821">
                <ele>1014.8</ele>
                <time>2020-11-08T14:03:50.000Z</time>
                <name>Position 442</name>
            </trkpt>
            <trkpt lat="47.4666346" lon="11.4666569">
                <ele>1015.7</ele>
                <time>2020-11-08T14:04:08.000Z</time>
                <name>Position 443</name>
            </trkpt>
            <trkpt lat="47.4668204" lon="11.4665966">
                <ele>1015.9</ele>
                <time>2020-11-08T14:04:22.000Z</time>
                <name>Position 444</name>
            </trkpt>
            <trkpt lat="47.4669868" lon="11.4667183">
                <ele>1015.7</ele>
                <time>2020-11-08T14:04:34.000Z</time>
                <name>Position 445</name>
            </trkpt>
            <trkpt lat="47.4671174" lon="11.4669361">
                <ele>1013.2</ele>
                <time>2020-11-08T14:04:48.000Z</time>
                <name>Position 446</name>
            </trkpt>
            <trkpt lat="47.4672524" lon="11.4671572">
                <ele>1014.1</ele>
                <time>2020-11-08T14:05:04.000Z</time>
                <name>Position 447</name>
            </trkpt>
            <trkpt lat="47.4674597" lon="11.4672625">
                <ele>1014.3</ele>
                <time>2020-11-08T14:05:28.000Z</time>
                <name>Position 448</name>
            </trkpt>
            <trkpt lat="47.4676494" lon="11.4673408">
                <ele>1012.9</ele>
                <time>2020-11-08T14:05:40.000Z</time>
                <name>Position 449</name>
            </trkpt>
            <trkpt lat="47.4678204" lon="11.467483">
                <ele>1011.6</ele>
                <time>2020-11-08T14:05:54.000Z</time>
                <name>Position 450</name>
            </trkpt>
            <trkpt lat="47.4679443" lon="11.4677091">
                <ele>1009.4</ele>
                <time>2020-11-08T14:06:10.000Z</time>
                <name>Position 451</name>
            </trkpt>
            <trkpt lat="47.4680561" lon="11.4679333">
                <ele>1008.0</ele>
                <time>2020-11-08T14:06:32.000Z</time>
                <name>Position 452</name>
            </trkpt>
            <trkpt lat="47.4681597" lon="11.4681836">
                <ele>1005.9</ele>
                <time>2020-11-08T14:06:46.000Z</time>
                <name>Position 453</name>
            </trkpt>
            <trkpt lat="47.4682044" lon="11.4684454">
                <ele>1004.9</ele>
                <time>2020-11-08T14:07:02.000Z</time>
                <name>Position 454</name>
            </trkpt>
            <trkpt lat="47.4682101" lon="11.4687402">
                <ele>1003.2</ele>
                <time>2020-11-08T14:07:18.000Z</time>
                <name>Position 455</name>
            </trkpt>
            <trkpt lat="47.4682047" lon="11.4690149">
                <ele>1000.7</ele>
                <time>2020-11-08T14:07:34.000Z</time>
                <name>Position 456</name>
            </trkpt>
            <trkpt lat="47.4681112" lon="11.4692484">
                <ele>998.1</ele>
                <time>2020-11-08T14:07:48.000Z</time>
                <name>Position 457</name>
            </trkpt>
            <trkpt lat="47.4679954" lon="11.4694787">
                <ele>996.9</ele>
                <time>2020-11-08T14:08:04.000Z</time>
                <name>Position 458</name>
            </trkpt>
            <trkpt lat="47.4679621" lon="11.4697413">
                <ele>995.2</ele>
                <time>2020-11-08T14:08:24.000Z</time>
                <name>Position 459</name>
            </trkpt>
            <trkpt lat="47.4679797" lon="11.4700379">
                <ele>993.6</ele>
                <time>2020-11-08T14:08:38.000Z</time>
                <name>Position 460</name>
            </trkpt>
            <trkpt lat="47.467927" lon="11.470309">
                <ele>991.6</ele>
                <time>2020-11-08T14:08:54.000Z</time>
                <name>Position 461</name>
            </trkpt>
            <trkpt lat="47.4679246" lon="11.4706008">
                <ele>990.7</ele>
                <time>2020-11-08T14:09:14.000Z</time>
                <name>Position 462</name>
            </trkpt>
            <trkpt lat="47.4679644" lon="11.4708659">
                <ele>988.5</ele>
                <time>2020-11-08T14:09:28.000Z</time>
                <name>Position 463</name>
            </trkpt>
            <trkpt lat="47.4679651" lon="11.4711356">
                <ele>986.3</ele>
                <time>2020-11-08T14:09:42.000Z</time>
                <name>Position 464</name>
            </trkpt>
            <trkpt lat="47.4679728" lon="11.471419">
                <ele>984.3</ele>
                <time>2020-11-08T14:10:02.000Z</time>
                <name>Position 465</name>
            </trkpt>
            <trkpt lat="47.4680203" lon="11.4717015">
                <ele>982.6</ele>
                <time>2020-11-08T14:10:14.000Z</time>
                <name>Position 466</name>
            </trkpt>
            <trkpt lat="47.4679995" lon="11.4719688">
                <ele>980.8</ele>
                <time>2020-11-08T14:10:32.000Z</time>
                <name>Position 467</name>
            </trkpt>
            <trkpt lat="47.4679579" lon="11.4722334">
                <ele>978.6</ele>
                <time>2020-11-08T14:10:46.000Z</time>
                <name>Position 468</name>
            </trkpt>
            <trkpt lat="47.467969" lon="11.4724992">
                <ele>977.3</ele>
                <time>2020-11-08T14:11:00.000Z</time>
                <name>Position 469</name>
            </trkpt>
            <trkpt lat="47.467926" lon="11.4727714">
                <ele>973.3</ele>
                <time>2020-11-08T14:11:16.000Z</time>
                <name>Position 470</name>
            </trkpt>
            <trkpt lat="47.4678527" lon="11.4730162">
                <ele>971.5</ele>
                <time>2020-11-08T14:11:32.000Z</time>
                <name>Position 471</name>
            </trkpt>
            <trkpt lat="47.4678467" lon="11.4732859">
                <ele>968.5</ele>
                <time>2020-11-08T14:11:50.000Z</time>
                <name>Position 472</name>
            </trkpt>
            <trkpt lat="47.4678782" lon="11.473555">
                <ele>966.6</ele>
                <time>2020-11-08T14:12:10.000Z</time>
                <name>Position 473</name>
            </trkpt>
            <trkpt lat="47.4680743" lon="11.4735209">
                <ele>964.8</ele>
                <time>2020-11-08T14:12:30.000Z</time>
                <name>Position 474</name>
            </trkpt>
            <trkpt lat="47.4681827" lon="11.4732926">
                <ele>963.0</ele>
                <time>2020-11-08T14:12:56.000Z</time>
                <name>Position 475</name>
            </trkpt>
            <trkpt lat="47.4682935" lon="11.4730788">
                <ele>961.4</ele>
                <time>2020-11-08T14:13:10.000Z</time>
                <name>Position 476</name>
            </trkpt>
            <trkpt lat="47.4684376" lon="11.4728597">
                <ele>959.5</ele>
                <time>2020-11-08T14:13:30.000Z</time>
                <name>Position 477</name>
            </trkpt>
            <trkpt lat="47.4685504" lon="11.4726502">
                <ele>956.7</ele>
                <time>2020-11-08T14:13:46.000Z</time>
                <name>Position 478</name>
            </trkpt>
            <trkpt lat="47.468692" lon="11.4724326">
                <ele>955.2</ele>
                <time>2020-11-08T14:14:04.000Z</time>
                <name>Position 479</name>
            </trkpt>
            <trkpt lat="47.4688217" lon="11.4722037">
                <ele>954.1</ele>
                <time>2020-11-08T14:14:20.000Z</time>
                <name>Position 480</name>
            </trkpt>
            <trkpt lat="47.4689631" lon="11.4720377">
                <ele>952.2</ele>
                <time>2020-11-08T14:14:36.000Z</time>
                <name>Position 481</name>
            </trkpt>
            <trkpt lat="47.4690772" lon="11.4717732">
                <ele>948.6</ele>
                <time>2020-11-08T14:14:48.000Z</time>
                <name>Position 482</name>
            </trkpt>
            <trkpt lat="47.4692667" lon="11.4716746">
                <ele>946.2</ele>
                <time>2020-11-08T14:15:02.000Z</time>
                <name>Position 483</name>
            </trkpt>
            <trkpt lat="47.4694581" lon="11.4716583">
                <ele>945.1</ele>
                <time>2020-11-08T14:15:16.000Z</time>
                <name>Position 484</name>
            </trkpt>
        </trkseg>
    </trk>
</gpx>
