<?xml version="1.0" encoding="UTF-8" standalone="yes"?>
<gpx xmlns="http://www.topografix.com/GPX/1/1" creator="alpenkarte.eu">
    <metadata>
        <name>wachthüttelkamm</name>
        <link href="alpenkarte.eu">
            <text>Route von alpenkarte.eu</text>
        </link>
        <bounds minlat="47.7200950000000005957190296612679958343505859375" minlon="15.754436999999999358124114223755896091461181640625" maxlat="47.7482439999999996871338225901126861572265625" maxlon="15.770573999999999870169631321914494037628173828125"/>
    </metadata>
    <trk>
        <name>wachthüttelkamm</name>
        <trkseg>
            <trkpt lat="47.7469899999999967121766530908644199371337890625" lon="15.769695999999999713736542616970837116241455078125">
                <ele>556.84109439994472268153913319110870361328125</ele>
            </trkpt>
            <trkpt lat="47.7472920000000016216290532611310482025146484375" lon="15.7693969999999996645101418835110962390899658203125">
                <ele>555.744000640005424429546110332012176513671875</ele>
            </trkpt>
            <trkpt lat="47.747444999999999026840669102966785430908203125" lon="15.7691520000000000578666004003025591373443603515625">
                <ele>551.450086399999463537824340164661407470703125</ele>
            </trkpt>
            <trkpt lat="47.74768000000000256477505899965763092041015625" lon="15.7687410000000003407194526516832411289215087890625">
                <ele>556.05820160007124286494217813014984130859375</ele>
            </trkpt>
            <trkpt lat="47.74777399999999971669240039773285388946533203125" lon="15.7685340000000007165681381593458354473114013671875">
                <ele>558.2119251199923155581927858293056488037109375</ele>
            </trkpt>
            <trkpt lat="47.74784600000000267527866526506841182708740234375" lon="15.768428000000000110958353616297245025634765625">
                <ele>559.889500160070383572019636631011962890625</ele>
            </trkpt>
            <trkpt lat="47.7479000000000013415046851150691509246826171875" lon="15.7683890000000008768665793468244373798370361328125">
                <ele>561.2229920000366973908967338502407073974609375</ele>
            </trkpt>
            <trkpt lat="47.7480010000000021364030544646084308624267578125" lon="15.7683750000000006963318810448981821537017822265625">
                <ele>563.866580000057410870795138180255889892578125</ele>
            </trkpt>
            <trkpt lat="47.7482049999999986766852089203894138336181640625" lon="15.7684580000000007515836841776035726070404052734375">
                <ele>569.6412847999657742548151873052120208740234375</ele>
            </trkpt>
            <trkpt lat="47.7482439999999996871338225901126861572265625" lon="15.76836300000000079535311670042574405670166015625">
                <ele>570.272551039993459198740310966968536376953125</ele>
            </trkpt>
            <trkpt lat="47.74804100000000062209437601268291473388671875" lon="15.76812100000000071986505645327270030975341796875">
                <ele>566.53002224000783826340921223163604736328125</ele>
            </trkpt>
            <trkpt lat="47.74801599999999979218046064488589763641357421875" lon="15.767981999999999942474460112862288951873779296875">
                <ele>567.153198079995718217105604708194732666015625</ele>
            </trkpt>
            <trkpt lat="47.74808300000000116369847091846168041229248046875" lon="15.7675929999999997477289070957340300083160400390625">
                <ele>571.4920289600187288669985719025135040283203125</ele>
            </trkpt>
            <trkpt lat="47.7480699999999984584064804948866367340087890625" lon="15.7673419999999993024175637401640415191650390625">
                <ele>571.95422719997941385372541844844818115234375</ele>
            </trkpt>
            <trkpt lat="47.74786499999999733745426055975258350372314453125" lon="15.7671510000000001383568815072067081928253173828125">
                <ele>569.369931199966913482057861983776092529296875</ele>
            </trkpt>
            <trkpt lat="47.7478339999999974452293827198445796966552734375" lon="15.7671019999999995064854374504648149013519287109375">
                <ele>569.0035558399687261044164188206195831298828125</ele>
            </trkpt>
            <trkpt lat="47.74765599999999921010385151021182537078857421875" lon="15.7671030000000005344418241293169558048248291015625">
                <ele>566.857235839989471060107462108135223388671875</ele>
            </trkpt>
            <trkpt lat="47.7476529999999996789483702741563320159912109375" lon="15.766897000000000161890056915581226348876953125">
                <ele>566.9774940799956084447330795228481292724609375</ele>
            </trkpt>
            <trkpt lat="47.7476070000000021309460862539708614349365234375" lon="15.7665950000000005815081749460659921169281005859375">
                <ele>566.38889680002603199682198464870452880859375</ele>
            </trkpt>
            <trkpt lat="47.747535999999996647602529264986515045166015625" lon="15.7664810000000006340314939734525978565216064453125">
                <ele>565.0649747199595367419533431529998779296875</ele>
            </trkpt>
            <trkpt lat="47.747298000000000683940015733242034912109375" lon="15.76556599999999974670572555623948574066162109375">
                <ele>569.490723839975771625177003443241119384765625</ele>
            </trkpt>
            <trkpt lat="47.74709299999999956298779579810798168182373046875" lon="15.7650020000000008479901225655339658260345458984375">
                <ele>578.612455680016637415974400937557220458984375</ele>
            </trkpt>
            <trkpt lat="47.74680099999999782767190481536090373992919921875" lon="15.7643900000000005690026227966882288455963134765625">
                <ele>583.094347200030142630566842854022979736328125</ele>
            </trkpt>
            <trkpt lat="47.746543000000002621163730509579181671142578125" lon="15.7639750000000002927436071331612765789031982421875">
                <ele>588.14400399985743206343613564968109130859375</ele>
            </trkpt>
            <trkpt lat="47.7464829999999977871993905864655971527099609375" lon="15.7638470000000001647322278586216270923614501953125">
                <ele>591.9191636801195954831200651824474334716796875</ele>
            </trkpt>
            <trkpt lat="47.74645799999999695728547521866858005523681640625" lon="15.7638909999999992095354173216037452220916748046875">
                <ele>593.0931030401685575270676054060459136962890625</ele>
            </trkpt>
            <trkpt lat="47.74642999999999659621607861481606960296630859375" lon="15.7638839999999991192680681706406176090240478515625">
                <ele>594.6318016001881687770946882665157318115234375</ele>
            </trkpt>
            <trkpt lat="47.746386999999998579369275830686092376708984375" lon="15.763825000000000642330633127130568027496337890625">
                <ele>597.1648120000751305269659496843814849853515625</ele>
            </trkpt>
            <trkpt lat="47.7463570000000032678144634701311588287353515625" lon="15.7639060000000004180265023023821413516998291015625">
                <ele>598.496090559822960130986757576465606689453125</ele>
            </trkpt>
            <trkpt lat="47.7463089999999965584720484912395477294921875" lon="15.76387700000000080535755841992795467376708984375">
                <ele>601.1860302401840954189538024365901947021484375</ele>
            </trkpt>
            <trkpt lat="47.7462909999999993715391610749065876007080078125" lon="15.763947999999999183273757807910442352294921875">
                <ele>601.93153024003777318284846842288970947265625</ele>
            </trkpt>
            <trkpt lat="47.74623900000000276122591458261013031005859375" lon="15.763870000000000715090209268964827060699462890625">
                <ele>604.9831023998500540983513928949832916259765625</ele>
            </trkpt>
            <trkpt lat="47.746228999999999587089405395090579986572265625" lon="15.7637710000000001997477738768793642520904541015625">
                <ele>605.810305120022576375049538910388946533203125</ele>
            </trkpt>
            <trkpt lat="47.74627799999999666624717065133154392242431640625" lon="15.76371100000000069485395215451717376708984375">
                <ele>603.3765174401763715650304220616817474365234375</ele>
            </trkpt>
            <trkpt lat="47.74627799999999666624717065133154392242431640625" lon="15.7636780000000005230731403571553528308868408203125">
                <ele>603.4795091201764307697885669767856597900390625</ele>
            </trkpt>
            <trkpt lat="47.74626099999999695455699111334979534149169921875" lon="15.763690000000000424051904701627790927886962890625">
                <ele>604.3454512001616194538655690848827362060546875</ele>
            </trkpt>
            <trkpt lat="47.74624800000000135469235829077661037445068359375" lon="15.763633999999999701913111493922770023345947265625">
                <ele>605.203797759930239408276975154876708984375</ele>
            </trkpt>
            <trkpt lat="47.74622000000000099362296168692409992218017578125" lon="15.7636120000000001795115167624317109584808349609375">
                <ele>606.7481151999480744052561931312084197998046875</ele>
            </trkpt>
            <trkpt lat="47.74622600000000005593392415903508663177490234375" lon="15.763555000000000205773176276125013828277587890625">
                <ele>606.596382399997537504532374441623687744140625</ele>
            </trkpt>
            <trkpt lat="47.746206000000000813088263384997844696044921875" lon="15.7634840000000000515001374878920614719390869140625">
                <ele>607.847038719958391084219329059123992919921875</ele>
            </trkpt>
            <trkpt lat="47.74615000000000009094947017729282379150390625" lon="15.763453999999999410874806926585733890533447265625">
                <ele>610.85012799999776689219288527965545654296875</ele>
            </trkpt>
            <trkpt lat="47.74613099999999832334651728160679340362548828125" lon="15.7634120000000006456275514210574328899383544921875">
                <ele>611.9448409600864806634490378201007843017578125</ele>
            </trkpt>
            <trkpt lat="47.74607400000000012596501619555056095123291015625" lon="15.7633880000000008436700227321125566959381103515625">
                <ele>614.9591641599926106209750287234783172607421875</ele>
            </trkpt>
            <trkpt lat="47.74606200000000200134309125132858753204345703125" lon="15.7635459999999998359498931677080690860748291015625">
                <ele>615.235519359896215974004007875919342041015625</ele>
            </trkpt>
            <trkpt lat="47.74604000000000070258465711958706378936767578125" lon="15.7635090000000008814140528556890785694122314453125">
                <ele>616.4683647999623872237862087786197662353515625</ele>
            </trkpt>
            <trkpt lat="47.7459970000000026857378543354570865631103515625" lon="15.763498999999999483634383068419992923736572265625">
                <ele>618.7388670398614749501575715839862823486328125</ele>
            </trkpt>
            <trkpt lat="47.74598900000000156751411850564181804656982421875" lon="15.7634659999999993118535712710581719875335693359375">
                <ele>619.219184319920486814226023852825164794921875</ele>
            </trkpt>
            <trkpt lat="47.7459419999999994388417690061032772064208984375" lon="15.76343800000000072714101406745612621307373046875">
                <ele>621.718065280028895358555018901824951171875</ele>
            </trkpt>
            <trkpt lat="47.74592700000000178306436282582581043243408203125" lon="15.76338200000000000500222085975110530853271484375">
                <ele>622.5887075199085529675357975065708160400390625</ele>
            </trkpt>
            <trkpt lat="47.74586500000000199861460714600980281829833984375" lon="15.7632940000000001390390025335364043712615966796875">
                <ele>629.20993119988224862026982009410858154296875</ele>
            </trkpt>
            <trkpt lat="47.74587799999999759847923996858298778533935546875" lon="15.7632770000000004273488229955546557903289794921875">
                <ele>629.8968611201108842578832991421222686767578125</ele>
            </trkpt>
            <trkpt lat="47.7458629999999999427018337883055210113525390625" lon="15.763256999999999408146322821266949176788330078125">
                <ele>632.476940320060521116829477250576019287109375</ele>
            </trkpt>
            <trkpt lat="47.74582199999999687634044676087796688079833984375" lon="15.7632840000000005176161721465177834033966064453125">
                <ele>633.742128640472628831048496067523956298828125</ele>
            </trkpt>
            <trkpt lat="47.74584200000000322461346513591706752777099609375" lon="15.7633220000000005001083991373889148235321044921875">
                <ele>628.0474604797919937482220120728015899658203125</ele>
            </trkpt>
            <trkpt lat="47.7458170000000023946995497681200504302978515625" lon="15.7634249999999997982058630441315472126007080078125">
                <ele>630.0348239996122856609872542321681976318359375</ele>
            </trkpt>
            <trkpt lat="47.74578699999999997771737980656325817108154296875" lon="15.76345500000000043883119360543787479400634765625">
                <ele>634.76459040000145250814966857433319091796875</ele>
            </trkpt>
            <trkpt lat="47.7457629999999966230461723171174526214599609375" lon="15.763526999999999844703779672272503376007080078125">
                <ele>638.1813302405247441129176877439022064208984375</ele>
            </trkpt>
            <trkpt lat="47.74576400000000120371623779647052288055419921875" lon="15.76356200000000029604052542708814144134521484375">
                <ele>637.823416319814214148209430277347564697265625</ele>
            </trkpt>
            <trkpt lat="47.745756000000000085492501966655254364013671875" lon="15.763571999999999917463355814106762409210205078125">
                <ele>638.9830156799874885109602473676204681396484375</ele>
            </trkpt>
            <trkpt lat="47.7457270000000022491803974844515323638916015625" lon="15.763498999999999483634383068419992923736572265625">
                <ele>643.998323519651194146717898547649383544921875</ele>
            </trkpt>
            <trkpt lat="47.74569199999999824512997292913496494293212890625" lon="15.763327000000000310819814330898225307464599609375">
                <ele>651.738085120274263317696750164031982421875</ele>
            </trkpt>
            <trkpt lat="47.74567900000000264526534010656177997589111328125" lon="15.763332999999999373130776803009212017059326171875">
                <ele>653.453673759608363980078138411045074462890625</ele>
            </trkpt>
            <trkpt lat="47.74565599999999676583684049546718597412109375" lon="15.7635290000000001242597136297263205051422119140625">
                <ele>654.75878976050034907530061900615692138671875</ele>
            </trkpt>
            <trkpt lat="47.745508000000000947693479247391223907470703125" lon="15.7636629999999993145820553763769567012786865234375">
                <ele>674.656056959878469569957815110683441162109375</ele>
            </trkpt>
            <trkpt lat="47.745462000000003399691195227205753326416015625" lon="15.7635559999999994573727235547266900539398193359375">
                <ele>684.1398412794945897985599003732204437255859375</ele>
            </trkpt>
            <trkpt lat="47.745507000000003472450771369040012359619140625" lon="15.76348899999999986221155268140137195587158203125">
                <ele>678.7722595194569521481753326952457427978515625</ele>
            </trkpt>
            <trkpt lat="47.74549600000000282307155430316925048828125" lon="15.763400000000000744648787076584994792938232421875">
                <ele>682.60233599952198346727527678012847900390625</ele>
            </trkpt>
            <trkpt lat="47.74549600000000282307155430316925048828125" lon="15.763400000000000744648787076584994792938232421875">
                <ele>682.60233599952198346727527678012847900390625</ele>
            </trkpt>
            <trkpt lat="47.74547299999999694364305469207465648651123046875" lon="15.7633589999999994546442394494079053401947021484375">
                <ele>687.3925756805234641433344222605228424072265625</ele>
            </trkpt>
            <trkpt lat="47.74544499999999658257365808822214603424072265625" lon="15.7634050000000005553602022700943052768707275390625">
                <ele>690.810504000544597147381864488124847412109375</ele>
            </trkpt>
            <trkpt lat="47.7454230000000023892425815574824810028076171875" lon="15.7631990000000001828084350563585758209228515625">
                <ele>704.157931359615758992731571197509765625</ele>
            </trkpt>
            <trkpt lat="47.745406000000002677552402019500732421875" lon="15.763239999999999696456143283285200595855712890625">
                <ele>704.536019199589418349205516278743743896484375</ele>
            </trkpt>
            <trkpt lat="47.74538499999999885403667576611042022705078125" lon="15.76321599999999989449861459434032440185546875">
                <ele>709.2244288001910490493173711001873016357421875</ele>
            </trkpt>
            <trkpt lat="47.745373999999998204657458700239658355712890625" lon="15.7633050000000007884182195994071662425994873046875">
                <ele>706.190737600258216843940317630767822265625</ele>
            </trkpt>
            <trkpt lat="47.74534100000000336194716510362923145294189453125" lon="15.7633740000000006631353244301863014698028564453125">
                <ele>708.83697215942402181099168956279754638671875</ele>
            </trkpt>
            <trkpt lat="47.7453679999999991423464962281286716461181640625" lon="15.7635489999999993671053744037635624408721923828125">
                <ele>698.7695596801542023968067951500415802001953125</ele>
            </trkpt>
            <trkpt lat="47.74534299999999831243258086033165454864501953125" lon="15.7635839999999998184421201585792005062103271484375">
                <ele>701.4336268802638869601651094853878021240234375</ele>
            </trkpt>
            <trkpt lat="47.7453339999999997189661371521651744842529296875" lon="15.7635470000000008639062798465602099895477294921875">
                <ele>704.064395520015978036099113523960113525390625</ele>
            </trkpt>
            <trkpt lat="47.74528000000000105274011730216443538665771484375" lon="15.763541000000000025238477974198758602142333984375">
                <ele>712.5992351998391995948622934520244598388671875</ele>
            </trkpt>
            <trkpt lat="47.74525299999999816691342857666313648223876953125" lon="15.76347200000000015052137314341962337493896484375">
                <ele>719.49907584028778728679753839969635009765625</ele>
            </trkpt>
            <trkpt lat="47.74522300000000285535861621610820293426513671875" lon="15.7634980000000002320348357898183166980743408203125">
                <ele>723.1811769595445866798399947583675384521484375</ele>
            </trkpt>
            <trkpt lat="47.74521800000000126829036162234842777252197265625" lon="15.7635349999999991865706761018373072147369384765625">
                <ele>722.4141311998408809813554398715496063232421875</ele>
            </trkpt>
            <trkpt lat="47.74515199999999737201505922712385654449462890625" lon="15.763450999999999879719325690530240535736083984375">
                <ele>736.5123244804298110466334037482738494873046875</ele>
            </trkpt>
            <trkpt lat="47.74505400000000321369952871464192867279052734375" lon="15.7633679999999998244675225578248500823974609375">
                <ele>756.5968012794804735676734708249568939208984375</ele>
            </trkpt>
            <trkpt lat="47.74507100000000292538970825262367725372314453125" lon="15.76332599999999928286342765204608440399169921875">
                <ele>755.79653727953336783684790134429931640625</ele>
            </trkpt>
            <trkpt lat="47.74497099999999960573404678143560886383056640625" lon="15.7632549999999991285903888638131320476531982421875">
                <ele>772.6776880000765004297136329114437103271484375</ele>
            </trkpt>
            <trkpt lat="47.744855000000001155058271251618862152099609375" lon="15.7632110000000000837871994008310139179229736328125">
                <ele>786.5093679998823290588916279375553131103515625</ele>
            </trkpt>
            <trkpt lat="47.74491499999999888359525357373058795928955078125" lon="15.76313400000000086720319814048707485198974609375">
                <ele>781.7652160001117636056733317673206329345703125</ele>
            </trkpt>
            <trkpt lat="47.74495600000000194995664060115814208984375" lon="15.7631350000000001188027454190887510776519775390625">
                <ele>777.282735999796159376273863017559051513671875</ele>
            </trkpt>
            <trkpt lat="47.744945999999998775820131413638591766357421875" lon="15.7630999999999996674659996642731130123138427734375">
                <ele>779.224960000151668282342143356800079345703125</ele>
            </trkpt>
            <trkpt lat="47.7449849999999997862687450833618640899658203125" lon="15.76301600000000036061464925296604633331298828125">
                <ele>777.102256000024908644263632595539093017578125</ele>
            </trkpt>
            <trkpt lat="47.74500499999999902911440585739910602569580078125" lon="15.7630239999999997024815456825308501720428466796875">
                <ele>774.5732416001488900292315520346164703369140625</ele>
            </trkpt>
            <trkpt lat="47.74501699999999715373633080162107944488525390625" lon="15.762983999999999440433384734205901622772216796875">
                <ele>773.900439040418177683022804558277130126953125</ele>
            </trkpt>
            <trkpt lat="47.74500299999999697320163249969482421875" lon="15.7629420000000006751861292286776006221771240234375">
                <ele>776.947199680402036392479203641414642333984375</ele>
            </trkpt>
            <trkpt lat="47.74502700000000032787283998914062976837158203125" lon="15.762919000000000124828147818334400653839111328125">
                <ele>774.25899183995306884753517806529998779296875</ele>
            </trkpt>
            <trkpt lat="47.74503700000000350200934917666018009185791015625" lon="15.762871000000000520913090440444648265838623046875">
                <ele>774.2403553595219136695959605276584625244140625</ele>
            </trkpt>
            <trkpt lat="47.74500499999999902911440585739910602569580078125" lon="15.76284700000000071895556175149977207183837890625">
                <ele>779.1011848001097632732125930488109588623046875</ele>
            </trkpt>
            <trkpt lat="47.7450079999999985602698870934545993804931640625" lon="15.7628140000000005471747499541379511356353759765625">
                <ele>779.5602841601718182573677040636539459228515625</ele>
            </trkpt>
            <trkpt lat="47.74499200000000342924977303482592105865478515625" lon="15.7628029999999998977955328882671892642974853515625">
                <ele>781.6961055996567893089377321302890777587890625</ele>
            </trkpt>
            <trkpt lat="47.7449849999999997862687450833618640899658203125" lon="15.7627609999999993561914379824884235858917236328125">
                <ele>783.473176000048852074542082846164703369140625</ele>
            </trkpt>
            <trkpt lat="47.74502499999999827196006663143634796142578125" lon="15.7627199999999998425437297555617988109588623046875">
                <ele>779.9262400002149888678104616701602935791015625</ele>
            </trkpt>
            <trkpt lat="47.74501099999999809142536832951009273529052734375" lon="15.7626889999999999503188519156537950038909912109375">
                <ele>782.430130720229271901189349591732025146484375</ele>
            </trkpt>
            <trkpt lat="47.7450309999999973342710291035473346710205078125" lon="15.762677000000000049340087571181356906890869140625">
                <ele>780.3844321603143043830641545355319976806640625</ele>
            </trkpt>
            <trkpt lat="47.74497699999999866804500925354659557342529296875" lon="15.7625860000000006522213880089111626148223876953125">
                <ele>788.652083200128572570974938571453094482421875</ele>
            </trkpt>
            <trkpt lat="47.74502100000000126556187751702964305877685546875" lon="15.7625299999999999300825948012061417102813720703125">
                <ele>785.503518399868198684998787939548492431640625</ele>
            </trkpt>
            <trkpt lat="47.74490300000000075897332862950861454010009765625" lon="15.762378999999999251713234116323292255401611328125">
                <ele>796.912015359923543655895628035068511962890625</ele>
            </trkpt>
            <trkpt lat="47.744855000000001155058271251618862152099609375" lon="15.7622219999999995110329109593294560909271240234375">
                <ele>800.30255679988340489217080175876617431640625</ele>
            </trkpt>
            <trkpt lat="47.74488699999999852252585696987807750701904296875" lon="15.7621570000000001954276740434579551219940185546875">
                <ele>796.308555520166692076600156724452972412109375</ele>
            </trkpt>
            <trkpt lat="47.7449299999999965393726597540080547332763671875" lon="15.7618869999999997588702171924524009227752685546875">
                <ele>788.8574848003878514646203257143497467041015625</ele>
            </trkpt>
            <trkpt lat="47.74480199999999996407495927996933460235595703125" lon="15.7618360000000006237996785785071551799774169921875">
                <ele>802.524636160018644659430719912052154541015625</ele>
            </trkpt>
            <trkpt lat="47.74479999999999790816218592226505279541015625" lon="15.7618969999999993802930475794710218906402587890625">
                <ele>803.267968000234077408094890415668487548828125</ele>
            </trkpt>
            <trkpt lat="47.744607000000002017259248532354831695556640625" lon="15.7621079999999995635562299867160618305206298828125">
                <ele>825.6008876797922084733727388083934783935546875</ele>
            </trkpt>
            <trkpt lat="47.74463800000000190948412637226283550262451171875" lon="15.761863999999999208512235782109200954437255859375">
                <ele>820.901608959793747999356128275394439697265625</ele>
            </trkpt>
            <trkpt lat="47.74458800000000024965629563666880130767822265625" lon="15.761829999999999785131876706145703792572021484375">
                <ele>826.2651711999807275788043625652790069580078125</ele>
            </trkpt>
            <trkpt lat="47.74454200000000270165401161648333072662353515625" lon="15.7618810000000006965592547203414142131805419921875">
                <ele>831.5877145597142998667550273239612579345703125</ele>
            </trkpt>
            <trkpt lat="47.74448399999999992360244505107402801513671875" lon="15.761872000000000326735971611924469470977783203125">
                <ele>837.9571494400189521911670453846454620361328125</ele>
            </trkpt>
            <trkpt lat="47.74445999999999656893123756162822246551513671875" lon="15.76183999999999940655470709316432476043701171875">
                <ele>840.5225920003889541476382873952388763427734375</ele>
            </trkpt>
            <trkpt lat="47.74441300000000154568624566309154033660888671875" lon="15.761860999999999677356754546053707599639892578125">
                <ele>845.778807039838056880398653447628021240234375</ele>
            </trkpt>
            <trkpt lat="47.74441900000000060799720813520252704620361328125" lon="15.7619109999999995608277458813972771167755126953125">
                <ele>845.212971519941902442951686680316925048828125</ele>
            </trkpt>
            <trkpt lat="47.7443870000000032405296224169433116912841796875" lon="15.761945000000000760564944357611238956451416015625">
                <ele>848.7737151996567490641609765589237213134765625</ele>
            </trkpt>
            <trkpt lat="47.74430799999999663896232959814369678497314453125" lon="15.761900000000000687805368215776979923248291015625">
                <ele>857.39785600037930635153315961360931396484375</ele>
            </trkpt>
            <trkpt lat="47.74427800000000132740751723758876323699951171875" lon="15.761903000000000218960849451832473278045654296875">
                <ele>860.6954675198636550703668035566806793212890625</ele>
            </trkpt>
            <trkpt lat="47.74424400000000190402715816162526607513427734375" lon="15.7619489999999995433199728722684085369110107421875">
                <ele>864.3836876798023922674474306404590606689453125</ele>
            </trkpt>
            <trkpt lat="47.7441409999999990532160154543817043304443359375" lon="15.761815999999999604597178404219448566436767578125">
                <ele>875.33391936008774791844189167022705078125</ele>
            </trkpt>
            <trkpt lat="47.744089000000002442902768962085247039794921875" lon="15.7616929999999992872972143231891095638275146484375">
                <ele>880.05694511979936578427441418170928955078125</ele>
            </trkpt>
            <trkpt lat="47.74404100000000283898771158419549465179443359375" lon="15.761787999999999243527781800366938114166259765625">
                <ele>883.9375564797652486959123052656650543212890625</ele>
            </trkpt>
            <trkpt lat="47.74395899999999670626493752934038639068603515625" lon="15.761782000000000181216819328255951404571533203125">
                <ele>890.950889280286673965747468173503875732421875</ele>
            </trkpt>
            <trkpt lat="47.7439159999999986894181347452104091644287109375" lon="15.7617580000000003792592906393110752105712890625">
                <ele>894.6705676801169602185836993157863616943359375</ele>
            </trkpt>
            <trkpt lat="47.74391299999999915826265350915491580963134765625" lon="15.7617080000000004957882993039675056934356689453125">
                <ele>895.0282982400766513819689862430095672607421875</ele>
            </trkpt>
            <trkpt lat="47.74388900000000290901880362071096897125244140625" lon="15.7616460000000007113385436241514980792999267578125">
                <ele>896.9753862397652710569673217833042144775390625</ele>
            </trkpt>
            <trkpt lat="47.7438360000000017180354916490614414215087890625" lon="15.7616390000000006210711944731883704662322998046875">
                <ele>901.39561983986641280353069305419921875</ele>
            </trkpt>
            <trkpt lat="47.74381699999999995043253875337541103363037109375" lon="15.7615999999999996106225808034650981426239013671875">
                <ele>902.5945120000054657793953083455562591552734375</ele>
            </trkpt>
            <trkpt lat="47.74374499999999699184627388603985309600830078125" lon="15.7615440000000006648406269960105419158935546875">
                <ele>907.9398688002611379488371312618255615234375</ele>
            </trkpt>
            <trkpt lat="47.743740999999999985448084771633148193359375" lon="15.761561000000000376530806533992290496826171875">
                <ele>908.476888960011137896799482405185699462890625</ele>
            </trkpt>
            <trkpt lat="47.74369200000000290629031951539218425750732421875" lon="15.7615280000000002047499947366304695606231689453125">
                <ele>912.0922969597696692289900965988636016845703125</ele>
            </trkpt>
            <trkpt lat="47.74365399999999937108441372402012348175048828125" lon="15.7615689999999997183977029635570943355560302734375">
                <ele>915.791176960053462607902474701404571533203125</ele>
            </trkpt>
            <trkpt lat="47.74361999999999994770405464805662631988525390625" lon="15.761511999999999744659362477250397205352783203125">
                <ele>917.756742400005578019772656261920928955078125</ele>
            </trkpt>
            <trkpt lat="47.74364700000000283353074337355792522430419921875" lon="15.7614380000000000592308424529619514942169189453125">
                <ele>914.48894655977937873103655874729156494140625</ele>
            </trkpt>
            <trkpt lat="47.74360999999999677356754546053707599639892578125" lon="15.761426000000000158252078108489513397216796875">
                <ele>917.2637056002644158070324920117855072021484375</ele>
            </trkpt>
            <trkpt lat="47.743662999999997964550857432186603546142578125" lon="15.7612790000000000389945853385142982006072998046875">
                <ele>910.9833299201605996131547726690769195556640625</ele>
            </trkpt>
            <trkpt lat="47.7435540000000031568561098538339138031005859375" lon="15.7611989999999995148982634418644011020660400390625">
                <ele>917.975292159761693255859427154064178466796875</ele>
            </trkpt>
            <trkpt lat="47.74353099999999727742761024273931980133056640625" lon="15.761245999999999867213773541152477264404296875">
                <ele>920.4882169602079784453962929546833038330078125</ele>
            </trkpt>
            <trkpt lat="47.74345699999999936835592961870133876800537109375" lon="15.7612199999999997857003108947537839412689208984375">
                <ele>925.5882784000478977759485132992267608642578125</ele>
            </trkpt>
            <trkpt lat="47.743414999999998826751834712922573089599609375" lon="15.760996999999999701458364143036305904388427734375">
                <ele>924.3372448000801568923634476959705352783203125</ele>
            </trkpt>
            <trkpt lat="47.743212999999997236955096013844013214111328125" lon="15.7611100000000003973354978370480239391326904296875">
                <ele>936.221736000098417207482270896434783935546875</ele>
            </trkpt>
            <trkpt lat="47.743166999999999688952811993658542633056640625" lon="15.7611129999999999284909790731035172939300537109375">
                <ele>937.750759200008133120718412101268768310546875</ele>
            </trkpt>
            <trkpt lat="47.74315200000000203317540581338107585906982421875" lon="15.761233000000000714635461918078362941741943359375">
                <ele>942.2226431999453097887453623116016387939453125</ele>
            </trkpt>
            <trkpt lat="47.74303499999999900182956480421125888824462890625" lon="15.761191000000000173031367012299597263336181640625">
                <ele>945.07801200004405473009683191776275634765625</ele>
            </trkpt>
            <trkpt lat="47.743076000000002068190951831638813018798828125" lon="15.7613339999999997331769918673671782016754150390625">
                <ele>949.0599167998965413062251172959804534912109375</ele>
            </trkpt>
            <trkpt lat="47.74305799999999777583070681430399417877197265625" lon="15.76136999999999943611328490078449249267578125">
                <ele>951.3013920000856842307257466018199920654296875</ele>
            </trkpt>
            <trkpt lat="47.74295000000000044337866711430251598358154296875" lon="15.7613079999999996516635292209684848785400390625">
                <ele>953.6035199999652149926987476646900177001953125</ele>
            </trkpt>
            <trkpt lat="47.74281700000000228101271204650402069091796875" lon="15.761300999999999561396180070005357265472412109375">
                <ele>959.0645783998771776168723590672016143798828125</ele>
            </trkpt>
            <trkpt lat="47.74284800000000217323758988641202449798583984375" lon="15.7613859999999998962039171601645648479461669921875">
                <ele>962.22514559988894689013250172138214111328125</ele>
            </trkpt>
            <trkpt lat="47.7427909999999968704287311993539333343505859375" lon="15.7614479999999996806536728399805724620819091796875">
                <ele>968.5369536001488768306444399058818817138671875</ele>
            </trkpt>
            <trkpt lat="47.74275899999999950296114548109471797943115234375" lon="15.76151899999999983492671162821352481842041015625">
                <ele>974.409919200020112839411012828350067138671875</ele>
            </trkpt>
            <trkpt lat="47.7427009999999967249095789156854152679443359375" lon="15.7614380000000000592308424529619514942169189453125">
                <ele>972.6839376001761365841957740485668182373046875</ele>
            </trkpt>
            <trkpt lat="47.74268000000000000682121026329696178436279296875" lon="15.76150200000000012323653209023177623748779296875">
                <ele>977.875872000008484974387101829051971435546875</ele>
            </trkpt>
            <trkpt lat="47.74262399999999928468241705559194087982177734375" lon="15.7614649999999993923438523779623210430145263671875">
                <ele>978.5416319999984580135787837207317352294921875</ele>
            </trkpt>
            <trkpt lat="47.74263499999999993406163412146270275115966796875" lon="15.7615350000000002950173438875935971736907958984375">
                <ele>982.625820000024532419047318398952484130859375</ele>
            </trkpt>
            <trkpt lat="47.74261800000000022237145458348095417022705078125" lon="15.7615730000000002775095708784647285938262939453125">
                <ele>986.2054128000063428771682083606719970703125</ele>
            </trkpt>
            <trkpt lat="47.7426200000000022782842279411852359771728515625" lon="15.7617519999999995405914887669496238231658935546875">
                <ele>992.94718079984522773884236812591552734375</ele>
            </trkpt>
            <trkpt lat="47.74259399999999686770024709403514862060546875" lon="15.76183999999999940655470709316432476043701171875">
                <ele>995.2669632002152866334654390811920166015625</ele>
            </trkpt>
            <trkpt lat="47.7425860000000028549038688652217388153076171875" lon="15.761931000000000580030246055684983730316162109375">
                <ele>996.3948547198073129038675688207149505615234375</ele>
            </trkpt>
            <trkpt lat="47.74243700000000245609044213779270648956298828125" lon="15.7617019999999996571204974316060543060302734375">
                <ele>1000.507823040005177972489036619663238525390625</ele>
            </trkpt>
            <trkpt lat="47.7423840000000012651071301661431789398193359375" lon="15.7617980000000006413074515876360237598419189453125">
                <ele>1001.6490547200061200783238746225833892822265625</ele>
            </trkpt>
            <trkpt lat="47.7423840000000012651071301661431789398193359375" lon="15.7618829999999991997583492775447666645050048828125">
                <ele>1002.8431891199796837099711410701274871826171875</ele>
            </trkpt>
            <trkpt lat="47.74235300000000137288225232623517513275146484375" lon="15.7619950000000006440359356929548084735870361328125">
                <ele>1004.8315655999914497442659921944141387939453125</ele>
            </trkpt>
            <trkpt lat="47.74230899999999877536538406275212764739990234375" lon="15.7619530000000001024318407871760427951812744140625">
                <ele>1004.6444779200146513176150619983673095703125</ele>
            </trkpt>
            <trkpt lat="47.74229799999999812598616699688136577606201171875" lon="15.7618460000000002452225089655257761478424072265625">
                <ele>1002.717943680012467666529119014739990234375</ele>
            </trkpt>
            <trkpt lat="47.74225100000000310274117509834468364715576171875" lon="15.7619489999999995433199728722684085369110107421875">
                <ele>1005.189371039956085951416753232479095458984375</ele>
            </trkpt>
            <trkpt lat="47.742220000000003210516297258436679840087890625" lon="15.761967999999999534566086367703974246978759765625">
                <ele>1005.9710015999502275008126161992549896240234375</ele>
            </trkpt>
            <trkpt lat="47.74215000000000230784280574880540370941162109375" lon="15.762257999999999213969203992746770381927490234375">
                <ele>1014.876911999910817030468024313449859619140625</ele>
            </trkpt>
            <trkpt lat="47.742130000000003064997144974768161773681640625" lon="15.76229000000000013415046851150691509246826171875">
                <ele>1016.38459199990893466747365891933441162109375</ele>
            </trkpt>
            <trkpt lat="47.74208200000000346108208759687840938568115234375" lon="15.762164999999999537294570473022758960723876953125">
                <ele>1013.87822879990335422917269170284271240234375</ele>
            </trkpt>
            <trkpt lat="47.7420690000000007557900971733033657073974609375" lon="15.762164999999999537294570473022758960723876953125">
                <ele>1014.1827095999664152259356342256069183349609375</ele>
            </trkpt>
            <trkpt lat="47.74204499999999740111888968385756015777587890625" lon="15.7622309999999998808561940677464008331298828125">
                <ele>1016.9929992000661513884551823139190673828125</ele>
            </trkpt>
            <trkpt lat="47.7419670000000024856490199454128742218017578125" lon="15.7621430000000000148929757415316998958587646484375">
                <ele>1015.7210097599444225124898366630077362060546875</ele>
            </trkpt>
            <trkpt lat="47.74184799999999739839040557853877544403076171875" lon="15.7621839999999995285406839684583246707916259765625">
                <ele>1020.22707072004095607553608715534210205078125</ele>
            </trkpt>
            <trkpt lat="47.741793999999998732164385728538036346435546875" lon="15.7624230000000000728732629795558750629425048828125">
                <ele>1033.23526752005136586376465857028961181640625</ele>
            </trkpt>
            <trkpt lat="47.7417530000000027712303563021123409271240234375" lon="15.7624370000000002534079612814821302890777587890625">
                <ele>1035.538318559902336346567608416080474853515625</ele>
            </trkpt>
            <trkpt lat="47.74170099999999905548975220881402492523193359375" lon="15.76253799999999927194949123077094554901123046875">
                <ele>1040.93926176004470107727684080600738525390625</ele>
            </trkpt>
            <trkpt lat="47.74166100000000056979843066073954105377197265625" lon="15.762570000000000192130755749531090259552001953125">
                <ele>1042.596798399981935290270484983921051025390625</ele>
            </trkpt>
            <trkpt lat="47.7416410000000013269527698867022991180419921875" lon="15.7626399999999993184474078589119017124176025390625">
                <ele>1043.16902079995770691311918199062347412109375</ele>
            </trkpt>
            <trkpt lat="47.74158299999999854890120332129299640655517578125" lon="15.7626790000000003288960215286351740360260009765625">
                <ele>1045.046561440047980795498006045818328857421875</ele>
            </trkpt>
            <trkpt lat="47.7414950000000004592948243953287601470947265625" lon="15.762660000000000337649908033199608325958251953125">
                <ele>1047.940863999985367627232335507869720458984375</ele>
            </trkpt>
            <trkpt lat="47.74142599999999703186404076404869556427001953125" lon="15.762686999999999670762917958199977874755859375">
                <ele>1050.23804704009808119735680520534515380859375</ele>
            </trkpt>
            <trkpt lat="47.7413499999999970668795867823064327239990234375" lon="15.762772999999999257170202326960861682891845703125">
                <ele>1052.92381600009821340790949761867523193359375</ele>
            </trkpt>
            <trkpt lat="47.74131799999999969941200106404721736907958984375" lon="15.76284199999999913188730715773999691009521484375">
                <ele>1054.169979520008610052173025906085968017578125</ele>
            </trkpt>
            <trkpt lat="47.74128900000000186309989658184349536895751953125" lon="15.762795000000000555928636458702385425567626953125">
                <ele>1055.052229599937845705426298081874847412109375</ele>
            </trkpt>
            <trkpt lat="47.7412700000000000954969436861574649810791015625" lon="15.7628350000000008179767974070273339748382568359375">
                <ele>1055.813463999999157749698497354984283447265625</ele>
            </trkpt>
            <trkpt lat="47.7411230000000017525962903164327144622802734375" lon="15.76288699999999920464688329957425594329833984375">
                <ele>1061.118821919935044206795282661914825439453125</ele>
            </trkpt>
            <trkpt lat="47.7410560000000003810782800428569316864013671875" lon="15.7628760000000003316245056339539587497711181640625">
                <ele>1063.41607551998822600580751895904541015625</ele>
            </trkpt>
            <trkpt lat="47.74103000000000207592165679670870304107666015625" lon="15.7628970000000006024265530868433415889739990234375">
                <ele>1064.435387199929891721694730222225189208984375</ele>
            </trkpt>
            <trkpt lat="47.74103000000000207592165679670870304107666015625" lon="15.7628970000000006024265530868433415889739990234375">
                <ele>1064.435387199929891721694730222225189208984375</ele>
            </trkpt>
            <trkpt lat="47.74096899999999976671460899524390697479248046875" lon="15.7629439999999991783852237858809530735015869140625">
                <ele>1066.856821120003360192640684545040130615234375</ele>
            </trkpt>
            <trkpt lat="47.74092999999999875626599532552063465118408203125" lon="15.7629350000000005849187800777144730091094970703125">
                <ele>1068.1921360000478671281598508358001708984375</ele>
            </trkpt>
            <trkpt lat="47.74088400000000120826371130533516407012939453125" lon="15.7629680000000007566995918750762939453125">
                <ele>1070.049783039961539543583057820796966552734375</ele>
            </trkpt>
            <trkpt lat="47.74086700000000149657353176735341548919677734375" lon="15.762964000000000197587723960168659687042236328125">
                <ele>1070.63293695994752852129749953746795654296875</ele>
            </trkpt>
            <trkpt lat="47.7408410000000031914169085212051868438720703125" lon="15.762899000000000881982487044297158718109130859375">
                <ele>1071.102765279893674232880584895610809326171875</ele>
            </trkpt>
            <trkpt lat="47.7408089999999987185219652019441127777099609375" lon="15.7628690000000002413571564829908311367034912109375">
                <ele>1072.834994080096521429368294775485992431640625</ele>
            </trkpt>
            <trkpt lat="47.74077199999999976398612488992512226104736328125" lon="15.7628719999999997725126377190463244915008544921875">
                <ele>1075.403864320021739331423304975032806396484375</ele>
            </trkpt>
            <trkpt lat="47.74075500000000005229594535194337368011474609375" lon="15.762935999999999836518327356316149234771728515625">
                <ele>1076.913126400002283844514749944210052490234375</ele>
            </trkpt>
            <trkpt lat="47.7407060000000029731381800957024097442626953125" lon="15.762980999999999909277903498150408267974853515625">
                <ele>1080.3958652798091861768625676631927490234375</ele>
            </trkpt>
            <trkpt lat="47.74068199999999961846697260625660419464111328125" lon="15.763040000000000162572177941910922527313232421875">
                <ele>1082.191494400031615441548638045787811279296875</ele>
            </trkpt>
            <trkpt lat="47.74066499999999990677679306827485561370849609375" lon="15.763042999999999693727659177966415882110595703125">
                <ele>1083.302005600011625574552454054355621337890625</ele>
            </trkpt>
            <trkpt lat="47.7406179999999977781044435687363147735595703125" lon="15.7629789999999996297219695406965911388397216796875">
                <ele>1086.21981856015327139175496995449066162109375</ele>
            </trkpt>
            <trkpt lat="47.740578999999996767655829899013042449951171875" lon="15.762874000000000052068571676500141620635986328125">
                <ele>1088.70224608022954271291382610797882080078125</ele>
            </trkpt>
            <trkpt lat="47.740555000000000518411980010569095611572265625" lon="15.7629180000000008732286005397327244281768798828125">
                <ele>1090.371515199972009213524870574474334716796875</ele>
            </trkpt>
            <trkpt lat="47.74047500000000354702933691442012786865234375" lon="15.7629129999999992861603459459729492664337158203125">
                <ele>1095.800763999767468703794293105602264404296875</ele>
            </trkpt>
            <trkpt lat="47.7403809999999992896846379153430461883544921875" lon="15.762950000000000017053025658242404460906982421875">
                <ele>1102.03909600005454194615595042705535888671875</ele>
            </trkpt>
            <trkpt lat="47.7403350000000017416823538951575756072998046875" lon="15.7630520000000000635509422863833606243133544921875">
                <ele>1104.610441599894329556263983249664306640625</ele>
            </trkpt>
            <trkpt lat="47.74028299999999802594174980185925960540771484375" lon="15.7630560000000006226628102012909948825836181640625">
                <ele>1107.938679040130182329448871314525604248046875</ele>
            </trkpt>
            <trkpt lat="47.74025199999999813371687196195125579833984375" lon="15.7630189999999998917701304890215396881103515625">
                <ele>1110.194890240129780067945830523967742919921875</ele>
            </trkpt>
            <trkpt lat="47.74022099999999824149199412204325199127197265625" lon="15.7630239999999997024815456825308501720428466796875">
                <ele>1112.180081920124166572350077331066131591796875</ele>
            </trkpt>
            <trkpt lat="47.7401679999999970505086821503937244415283203125" lon="15.763059999999999405417838715948164463043212890625">
                <ele>1115.307078400202271950547583401203155517578125</ele>
            </trkpt>
            <trkpt lat="47.7401219999999995025063981302082538604736328125" lon="15.76315699999999964120434015057981014251708984375">
                <ele>1117.2737699200415590894408524036407470703125</ele>
            </trkpt>
            <trkpt lat="47.7400439999999974816091707907617092132568359375" lon="15.7632329999999996061887941323220729827880859375">
                <ele>1121.18192896016307713580317795276641845703125</ele>
            </trkpt>
            <trkpt lat="47.740015999999997120539774186909198760986328125" lon="15.763239999999999696456143283285200595855712890625">
                <ele>1122.7738432001833643880672752857208251953125</ele>
            </trkpt>
            <trkpt lat="47.7399860000000018089849618263542652130126953125" lon="15.76321599999999989449861459434032440185546875">
                <ele>1124.6997529599220797535963356494903564453125</ele>
            </trkpt>
            <trkpt lat="47.73996199999999845431375433690845966339111328125" lon="15.7631490000000002993374437210150063037872314453125">
                <ele>1126.641412480070130186504684388637542724609375</ele>
            </trkpt>
            <trkpt lat="47.739947000000000798536348156630992889404296875" lon="15.7630239999999997024815456825308501720428466796875">
                <ele>1128.813066879974257972207851707935333251953125</ele>
            </trkpt>
            <trkpt lat="47.73990500000000025693225325085222721099853515625" lon="15.7629649999999994491872712387703359127044677734375">
                <ele>1131.22979199999963384470902383327484130859375</ele>
            </trkpt>
            <trkpt lat="47.73987699999999989586285664699971675872802734375" lon="15.76283600000000006957634468562901020050048828125">
                <ele>1133.706997120006917612045072019100189208984375</ele>
            </trkpt>
            <trkpt lat="47.73984699999999747888068668544292449951171875" lon="15.7627690000000004744151738123036921024322509765625">
                <ele>1135.48745728009043887141160666942596435546875</ele>
            </trkpt>
            <trkpt lat="47.739823999999998704879544675350189208984375" lon="15.7627679999999994464587871334515511989593505859375">
                <ele>1136.3291507200556225143373012542724609375</ele>
            </trkpt>
            <trkpt lat="47.73979700000000292448021355085074901580810546875" lon="15.7626989999999995717416823026724159717559814453125">
                <ele>1137.89394687990579768666066229343414306640625</ele>
            </trkpt>
            <trkpt lat="47.73973600000000061527316574938595294952392578125" lon="15.7626860000000004191633706795983016490936279296875">
                <ele>1140.096156159979045696672983467578887939453125</ele>
            </trkpt>
            <trkpt lat="47.73971000000000231011654250323772430419921875" lon="15.7627039999999993824530974961817264556884765625">
                <ele>1140.870246399927282254793681204319000244140625</ele>
            </trkpt>
            <trkpt lat="47.73967900000000241789166466332972049713134765625" lon="15.7626299999999996970245774718932807445526123046875">
                <ele>1142.3754591999249896616674959659576416015625</ele>
            </trkpt>
            <trkpt lat="47.73961700000000263344190898351371288299560546875" lon="15.762581000000000841509972815401852130889892578125">
                <ele>1144.63556991991526956553570926189422607421875</ele>
            </trkpt>
            <trkpt lat="47.73951199999999772671799291856586933135986328125" lon="15.7626930000000005094307198305614292621612548828125">
                <ele>1147.762399360080280530382879078388214111328125</ele>
            </trkpt>
            <trkpt lat="47.7394680000000022346284822560846805572509765625" lon="15.7626380000000008152483133017085492610931396484375">
                <ele>1149.329904639927917742170393466949462890625</ele>
            </trkpt>
            <trkpt lat="47.7393119999999981928340275771915912628173828125" lon="15.7626589999999993096935213543474674224853515625">
                <ele>1154.561591680061610531993210315704345703125</ele>
            </trkpt>
            <trkpt lat="47.73926199999999653300619684159755706787109375" lon="15.7626410000000003464037945377640426158905029296875">
                <ele>1156.1762963201190359541215002536773681640625</ele>
            </trkpt>
            <trkpt lat="47.7391649999999998499333742074668407440185546875" lon="15.7626679999999996795168044627644121646881103515625">
                <ele>1159.54322560000218800269067287445068359375</ele>
            </trkpt>
            <trkpt lat="47.7391080000000016525518731214106082916259765625" lon="15.762657000000000806494426797144114971160888671875">
                <ele>1160.67450687997143177199177443981170654296875</ele>
            </trkpt>
            <trkpt lat="47.73899899999999973942976794205605983734130859375" lon="15.7625879999999991554204825661145150661468505859375">
                <ele>1162.417173759999286630772985517978668212890625</ele>
            </trkpt>
            <trkpt lat="47.73879600000000067439032136462628841400146484375" lon="15.7625480000000006697291610180400311946868896484375">
                <ele>1166.109763839994002410094253718852996826171875</ele>
            </trkpt>
            <trkpt lat="47.73865099999999728197508375160396099090576171875" lon="15.7625639999999993534629538771696388721466064453125">
                <ele>1169.164990720046944261412136256694793701171875</ele>
            </trkpt>
            <trkpt lat="47.73835199999999900910552241839468479156494140625" lon="15.7625480000000006697291610180400311946868896484375">
                <ele>1174.880078080029988996102474629878997802734375</ele>
            </trkpt>
            <trkpt lat="47.738190000000003010427462868392467498779296875" lon="15.7625709999999994437303030281327664852142333984375">
                <ele>1177.7009087999467737972736358642578125</ele>
            </trkpt>
            <trkpt lat="47.73799199999999842702891328372061252593994140625" lon="15.7626720000000002386286723776720464229583740234375">
                <ele>1182.267482880027046121540479362010955810546875</ele>
            </trkpt>
            <trkpt lat="47.73788400000000109457687358371913433074951171875" lon="15.762696999999999292185748345218598842620849609375">
                <ele>1184.29853375997117836959660053253173828125</ele>
            </trkpt>
            <trkpt lat="47.737673999999998386556399054825305938720703125" lon="15.7626699999999999590727384202182292938232421875">
                <ele>1186.969209600022850281675346195697784423828125</ele>
            </trkpt>
            <trkpt lat="47.7374870000000015579644241370260715484619140625" lon="15.7625910000000004629328032024204730987548828125">
                <ele>1188.455378879969657646142877638339996337890625</ele>
            </trkpt>
            <trkpt lat="47.7372110000000020590960048139095306396484375" lon="15.7625550000000007599965101690031588077545166015625">
                <ele>1194.635467199960430662031285464763641357421875</ele>
            </trkpt>
            <trkpt lat="47.73714199999999863166522118262946605682373046875" lon="15.7626410000000003464037945377640426158905029296875">
                <ele>1197.623470080037577645271085202693939208984375</ele>
            </trkpt>
            <trkpt lat="47.7370030000000014069883036427199840545654296875" lon="15.7627170000000003113882485195063054561614990234375">
                <ele>1201.998584639971113574574701488018035888671875</ele>
            </trkpt>
            <trkpt lat="47.73676499999999833789843250997364521026611328125" lon="15.7627059999999996620090314536355435848236083984375">
                <ele>1207.421817600034728457103483378887176513671875</ele>
            </trkpt>
            <trkpt lat="47.7363560000000006766640581190586090087890625" lon="15.7624650000000006144773578853346407413482666015625">
                <ele>1218.708921599990617323783226311206817626953125</ele>
            </trkpt>
            <trkpt lat="47.73617999999999739202394266612827777862548828125" lon="15.7624499999999994059862729045562446117401123046875">
                <ele>1225.41264000008914081263355910778045654296875</ele>
            </trkpt>
            <trkpt lat="47.73608300000000070895112003199756145477294921875" lon="15.7623920000000001806483851396478712558746337890625">
                <ele>1227.918349439973781045409850776195526123046875</ele>
            </trkpt>
            <trkpt lat="47.73598799999999897636371315456926822662353515625" lon="15.7622230000000005389892976381815969944000244140625">
                <ele>1228.069704960058516007848083972930908203125</ele>
            </trkpt>
            <trkpt lat="47.73590200000000294267010758630931377410888671875" lon="15.7621430000000000148929757415316998958587646484375">
                <ele>1230.3615974398589969496242702007293701171875</ele>
            </trkpt>
            <trkpt lat="47.73584100000000063346305978484451770782470703125" lon="15.7620400000000007167955118347890675067901611328125">
                <ele>1231.283145599981480700080282986164093017578125</ele>
            </trkpt>
            <trkpt lat="47.7357650000000006684786058031022548675537109375" lon="15.7619810000000004635012373910285532474517822265625">
                <ele>1233.09733919998643614235334098339080810546875</ele>
            </trkpt>
            <trkpt lat="47.73554500000000189174897968769073486328125" lon="15.761886000000000507270669913850724697113037109375">
                <ele>1239.601065599940511674503795802593231201171875</ele>
            </trkpt>
            <trkpt lat="47.735422999999997273334884084761142730712890625" lon="15.7618670000000005160245564184151589870452880859375">
                <ele>1243.86645408011509061907418072223663330078125</ele>
            </trkpt>
            <trkpt lat="47.73503600000000091085894382558763027191162109375" lon="15.761630000000000251247911364771425724029541015625">
                <ele>1253.688409599977831021533347666263580322265625</ele>
            </trkpt>
            <trkpt lat="47.7349760000000031823219615034759044647216796875" lon="15.7615940000000005483116183313541114330291748046875">
                <ele>1254.587706879896131795248948037624359130859375</ele>
            </trkpt>
            <trkpt lat="47.73495199999999982765075401403009891510009765625" lon="15.7616069999999997008899299544282257556915283203125">
                <ele>1256.08308927999678417108952999114990234375</ele>
            </trkpt>
            <trkpt lat="47.7349200000000024601831682957708835601806640625" lon="15.7617209999999996483666109270416200160980224609375">
                <ele>1260.77905919989325411734171211719512939453125</ele>
            </trkpt>
            <trkpt lat="47.73483300000000184581949724815785884857177734375" lon="15.761787999999999243527781800366938114166259765625">
                <ele>1265.58157823991177792777307331562042236328125</ele>
            </trkpt>
            <trkpt lat="47.7347809999999981300788931548595428466796875" lon="15.7620280000000008158167474903166294097900390625">
                <ele>1271.88235008009587545529939234256744384765625</ele>
            </trkpt>
            <trkpt lat="47.7347309999999964702510624192655086517333984375" lon="15.7619839999999999946567186270840466022491455078125">
                <ele>1273.25212224015240281005389988422393798828125</ele>
            </trkpt>
            <trkpt lat="47.73461300000000306908987113274633884429931640625" lon="15.761950999999999822875906829722225666046142578125">
                <ele>1277.6892532798692627693526446819305419921875</ele>
            </trkpt>
            <trkpt lat="47.73458099999999859619492781348526477813720703125" lon="15.7620400000000007167955118347890675067901611328125">
                <ele>1280.5952544000747366226278245449066162109375</ele>
            </trkpt>
            <trkpt lat="47.73458600000000018326318240724503993988037109375" lon="15.762133999999999645069692633114755153656005859375">
                <ele>1282.0178054399884786107577383518218994140625</ele>
            </trkpt>
            <trkpt lat="47.73451899999999881174517213366925716400146484375" lon="15.7622420000000005302354111336171627044677734375">
                <ele>1286.7660988800626000738702714443206787109375</ele>
            </trkpt>
            <trkpt lat="47.7344489999999979090716806240379810333251953125" lon="15.7621850000000005564970706473104655742645263671875">
                <ele>1288.7612664001017037662677466869354248046875</ele>
            </trkpt>
            <trkpt lat="47.734408999999999423380359075963497161865234375" lon="15.7621950000000001779199010343290865421295166015625">
                <ele>1290.64763280003035106346942484378814697265625</ele>
            </trkpt>
            <trkpt lat="47.73439400000000176760295289568603038787841796875" lon="15.7621610000000007545395419583655893802642822265625">
                <ele>1290.688175039940460919751785695552825927734375</ele>
            </trkpt>
            <trkpt lat="47.73430400000000162208380061201751232147216796875" lon="15.76208199999999948204276734031736850738525390625">
                <ele>1293.125863679924123061937279999256134033203125</ele>
            </trkpt>
            <trkpt lat="47.7342859999999973297235555946826934814453125" lon="15.7620850000000007895550879766233265399932861328125">
                <ele>1293.946113600130274789989925920963287353515625</ele>
            </trkpt>
            <trkpt lat="47.734251999999997906343196518719196319580078125" lon="15.7622599999999994935251379502005875110626220703125">
                <ele>1298.523091200083172225276939570903778076171875</ele>
            </trkpt>
            <trkpt lat="47.733980999999999994543031789362430572509765625" lon="15.7621430000000000148929757415316998958587646484375">
                <ele>1305.548285120001310133375227451324462890625</ele>
            </trkpt>
            <trkpt lat="47.73381299999999782812665216624736785888671875" lon="15.76218000000000074578565545380115509033203125">
                <ele>1311.054617600075516747892834246158599853515625</ele>
            </trkpt>
            <trkpt lat="47.733621999999996887709130533039569854736328125" lon="15.76206499999999977035258780233561992645263671875">
                <ele>1315.09627520009189538541249930858612060546875</ele>
            </trkpt>
            <trkpt lat="47.73344399999999865258359932340681552886962890625" lon="15.7620559999999994005293046939186751842498779296875">
                <ele>1320.358664960034957402967847883701324462890625</ele>
            </trkpt>
            <trkpt lat="47.7333110000000004902176442556083202362060546875" lon="15.761950999999999822875906829722225666046142578125">
                <ele>1323.12508831998638925142586231231689453125</ele>
            </trkpt>
            <trkpt lat="47.73318900000000297723090625368058681488037109375" lon="15.7618930000000005975380190648138523101806640625">
                <ele>1325.502482239933669916354119777679443359375</ele>
            </trkpt>
            <trkpt lat="47.73309499999999871988620725460350513458251953125" lon="15.7619080000000000296722646453417837619781494140625">
                <ele>1327.992051200032392443972639739513397216796875</ele>
            </trkpt>
            <trkpt lat="47.73302199999999828605723450891673564910888671875" lon="15.7618729999999995783355188905261456966400146484375">
                <ele>1329.38540672003773579490371048450469970703125</ele>
            </trkpt>
            <trkpt lat="47.7330060000000031550371204502880573272705078125" lon="15.7619290000000003004743120982311666011810302734375">
                <ele>1330.436506879925900648231618106365203857421875</ele>
            </trkpt>
            <trkpt lat="47.73298199999999980036591296084225177764892578125" lon="15.76195500000000038198777474462985992431640625">
                <ele>1331.337747200009971493273042142391204833984375</ele>
            </trkpt>
            <trkpt lat="47.73293000000000319005266646854579448699951171875" lon="15.7619699999999998141220203251577913761138916015625">
                <ele>1332.808351999918841102044098079204559326171875</ele>
            </trkpt>
            <trkpt lat="47.7329170000000004847606760449707508087158203125" lon="15.762078999999999950887286104261875152587890625">
                <ele>1334.439604159987766252015717327594757080078125</ele>
            </trkpt>
            <trkpt lat="47.73270000000000123918653116561472415924072265625" lon="15.7621880000000000876525518833659589290618896484375">
                <ele>1341.2813119999700575135648250579833984375</ele>
            </trkpt>
            <trkpt lat="47.73253299999999654801285942085087299346923828125" lon="15.7622079999999993304982126574032008647918701171875">
                <ele>1345.80215168007998727262020111083984375</ele>
            </trkpt>
            <trkpt lat="47.73235700000000036880010156892240047454833984375" lon="15.76226199999999977308107190765440464019775390625">
                <ele>1347.30952831999593399814330041408538818359375</ele>
            </trkpt>
            <trkpt lat="47.73224499999999892452251515351235866546630859375" lon="15.7622680000000006117488737800158560276031494140625">
                <ele>1347.368076800008793725282885134220123291015625</ele>
            </trkpt>
            <trkpt lat="47.73213299999999748024492873810231685638427734375" lon="15.7623210000000000263753463514149188995361328125">
                <ele>1348.2612166400003843591548502445220947265625</ele>
            </trkpt>
            <trkpt lat="47.73201000000000249201548285782337188720703125" lon="15.762427999999999883584678173065185546875">
                <ele>1350.319174399993016777443699538707733154296875</ele>
            </trkpt>
            <trkpt lat="47.73192399999999935289451968856155872344970703125" lon="15.762558999999999542751538683660328388214111328125">
                <ele>1351.702284800003326381556689739227294921875</ele>
            </trkpt>
            <trkpt lat="47.731841000000002850356395356357097625732421875" lon="15.7626399999999993184474078589119017124176025390625">
                <ele>1351.737871999992194105288945138454437255859375</ele>
            </trkpt>
            <trkpt lat="47.7317139999999966448740451596677303314208984375" lon="15.76269500000000078898665378801524639129638671875">
                <ele>1352.08594400001175017678178846836090087890625</ele>
            </trkpt>
            <trkpt lat="47.731549000000001115040504373610019683837890625" lon="15.7628280000000007277094482560642063617706298828125">
                <ele>1352.6411526399942886200733482837677001953125</ele>
            </trkpt>
            <trkpt lat="47.73141799999999790315996506251394748687744140625" lon="15.7629760000000000985664883046410977840423583984375">
                <ele>1353.164892160010595034691505134105682373046875</ele>
            </trkpt>
            <trkpt lat="47.73136099999999970577846397645771503448486328125" lon="15.762975000000000846966941026039421558380126953125">
                <ele>1353.448552000001427586539648473262786865234375</ele>
            </trkpt>
            <trkpt lat="47.73127000000000208501660381443798542022705078125" lon="15.762930000000000774207364884205162525177001953125">
                <ele>1353.903231999989884570823051035404205322265625</ele>
            </trkpt>
            <trkpt lat="47.73102300000000042246028897352516651153564453125" lon="15.7629210000000004043840817757882177829742431640625">
                <ele>1355.09243295999840484000742435455322265625</ele>
            </trkpt>
            <trkpt lat="47.730896000000001322405296377837657928466796875" lon="15.763023000000000450881998403929173946380615234375">
                <ele>1355.8076089599935585283674299716949462890625</ele>
            </trkpt>
            <trkpt lat="47.7307890000000014651959645561873912811279296875" lon="15.76304999999999978399500832892954349517822265625">
                <ele>1357.150583999968830539728514850139617919921875</ele>
            </trkpt>
            <trkpt lat="47.73064500000000265345079242251813411712646484375" lon="15.7629210000000004043840817757882177829742431640625">
                <ele>1359.968426399947247773525305092334747314453125</ele>
            </trkpt>
            <trkpt lat="47.7305980000000005247784429229795932769775390625" lon="15.7628439999999994114432411151938140392303466796875">
                <ele>1360.682423039988862001337110996246337890625</ele>
            </trkpt>
            <trkpt lat="47.730513999999999441570253111422061920166015625" lon="15.762786999999999437704900628887116909027099609375">
                <ele>1362.1330185600099866860546171665191650390625</ele>
            </trkpt>
            <trkpt lat="47.73047700000000048703441279940307140350341796875" lon="15.7628050000000001773514668457210063934326171875">
                <ele>1362.9479111999926317366771399974822998046875</ele>
            </trkpt>
            <trkpt lat="47.730322999999998501152731478214263916015625" lon="15.7630239999999997024815456825308501720428466796875">
                <ele>1367.39793984003290461259894073009490966796875</ele>
            </trkpt>
            <trkpt lat="47.7302779999999984283931553363800048828125" lon="15.763047000000000252839527092874050140380859375">
                <ele>1368.54797472003838265663944184780120849609375</ele>
            </trkpt>
            <trkpt lat="47.73016799999999904002834227867424488067626953125" lon="15.7630210000000001713260644464753568172454833984375">
                <ele>1370.796917760024143717600964009761810302734375</ele>
            </trkpt>
            <trkpt lat="47.73008999999999701913111493922770023345947265625" lon="15.762969999999999259898686432279646396636962890625">
                <ele>1372.07361600005924628931097686290740966796875</ele>
            </trkpt>
            <trkpt lat="47.7300249999999977035258780233561992645263671875" lon="15.762975000000000846966941026039421558380126953125">
                <ele>1373.52030000005879628588445484638214111328125</ele>
            </trkpt>
            <trkpt lat="47.72995499999999680085238651372492313385009765625" lon="15.7630210000000001713260644464753568172454833984375">
                <ele>1375.419686400067803333513438701629638671875</ele>
            </trkpt>
            <trkpt lat="47.72992599999999896454028203152120113372802734375" lon="15.7630970000000001363105184282176196575164794921875">
                <ele>1376.805730560024358055670745670795440673828125</ele>
            </trkpt>
            <trkpt lat="47.72981200000000256977727985940873622894287109375" lon="15.763161000000000200316208065487444400787353515625">
                <ele>1379.98436735994664559257216751575469970703125</ele>
            </trkpt>
            <trkpt lat="47.72969100000000253203324973583221435546875" lon="15.763130000000000308091330225579440593719482421875">
                <ele>1382.240198399950031671323813498020172119140625</ele>
            </trkpt>
            <trkpt lat="47.72953799999999802139427629299461841583251953125" lon="15.7630490000000005323954610503278672695159912109375">
                <ele>1384.34510976004958138219080865383148193359375</ele>
            </trkpt>
            <trkpt lat="47.72947400000000328645910485647618770599365234375" lon="15.763059999999999405417838715948164463043212890625">
                <ele>1385.84373119992278589052148163318634033203125</ele>
            </trkpt>
            <trkpt lat="47.72927800000000075897332862950861454010009765625" lon="15.7631770000000006604068403248675167560577392578125">
                <ele>1392.026906879995522103854455053806304931640625</ele>
            </trkpt>
            <trkpt lat="47.7292360000000002173692337237298488616943359375" lon="15.763242999999999227611624519340693950653076171875">
                <ele>1394.173751039981425492442212998867034912109375</ele>
            </trkpt>
            <trkpt lat="47.7291450000000025966073735617101192474365234375" lon="15.7633010000000002293063516844995319843292236328125">
                <ele>1397.444138399936718997196294367313385009765625</ele>
            </trkpt>
            <trkpt lat="47.72889599999999887813828536309301853179931640625" lon="15.7633840000000002845581548172049224376678466796875">
                <ele>1404.254826240030297412886284291744232177734375</ele>
            </trkpt>
            <trkpt lat="47.72879300000000313275450025685131549835205078125" lon="15.763476000000000709633241058327257633209228515625">
                <ele>1406.49722687990788472234271466732025146484375</ele>
            </trkpt>
            <trkpt lat="47.72865399999999880265022511593997478485107421875" lon="15.7635179999999994748804965638555586338043212890625">
                <ele>1410.318011520039135575643740594387054443359375</ele>
            </trkpt>
            <trkpt lat="47.72856900000000024419932742603123188018798828125" lon="15.7634179999999997079385138931684195995330810546875">
                <ele>1413.063942719995566221768967807292938232421875</ele>
            </trkpt>
            <trkpt lat="47.72846200000000038698999560438096523284912109375" lon="15.7634150000000001767830326571129262447357177734375">
                <ele>1416.034756799990645959042012691497802734375</ele>
            </trkpt>
            <trkpt lat="47.72837899999999677902451367117464542388916015625" lon="15.7635220000000000339923644787631928920745849609375">
                <ele>1418.384326080096116129425354301929473876953125</ele>
            </trkpt>
            <trkpt lat="47.728261000000003377863322384655475616455078125" lon="15.7635489999999993671053744037635624408721923828125">
                <ele>1421.7030852799080093973316252231597900390625</ele>
            </trkpt>
            <trkpt lat="47.728127999999998110070009715855121612548828125" lon="15.76361299999999943111106404103338718414306640625">
                <ele>1425.676561280050691493670456111431121826171875</ele>
            </trkpt>
            <trkpt lat="47.7280549999999976762410369701683521270751953125" lon="15.7636149999999997106669979984872043132781982421875">
                <ele>1427.769164000064165520598180592060089111328125</ele>
            </trkpt>
            <trkpt lat="47.7279630000000025802364689297974109649658203125" lon="15.7636850000000006133404895081184804439544677734375">
                <ele>1431.1093255999285247526131570339202880859375</ele>
            </trkpt>
            <trkpt lat="47.72775899999999893452695687301456928253173828125" lon="15.763754999999999739657141617499291896820068359375">
                <ele>1438.340098400029773983987979590892791748046875</ele>
            </trkpt>
            <trkpt lat="47.72772400000000203590388991869986057281494140625" lon="15.76378700000000065983840613625943660736083984375">
                <ele>1439.97310975994378168252296745777130126953125</ele>
            </trkpt>
            <trkpt lat="47.72760600000000152931534103117883205413818359375" lon="15.76433899999999965757524478249251842498779296875">
                <ele>1451.51057023993416805751621723175048828125</ele>
            </trkpt>
            <trkpt lat="47.72755699999999734473021817393600940704345703125" lon="15.7644970000000004262119546183384954929351806640625">
                <ele>1454.132517440122001062263734638690948486328125</ele>
            </trkpt>
            <trkpt lat="47.72748200000000196041582967154681682586669921875" lon="15.7646549999999994184918250539340078830718994140625">
                <ele>1457.88439999993033779901452362537384033203125</ele>
            </trkpt>
            <trkpt lat="47.72745400000000159934643306769430637359619140625" lon="15.764663999999999788315108162350952625274658203125">
                <ele>1458.89119999994409226928837597370147705078125</ele>
            </trkpt>
            <trkpt lat="47.7274230000000017071215552277863025665283203125" lon="15.764720000000000510453901370055973529815673828125">
                <ele>1460.171599999943055081530474126338958740234375</ele>
            </trkpt>
            <trkpt lat="47.72741599999999806414052727632224559783935546875" lon="15.7647750000000002046363078989088535308837890625">
                <ele>1460.613200000068673034547828137874603271484375</ele>
            </trkpt>
            <trkpt lat="47.72737300000000004729372449219226837158203125" lon="15.76483699999999998908606357872486114501953125">
                <ele>1462.33279999999876963556744158267974853515625</ele>
            </trkpt>
            <trkpt lat="47.727305999999998675775714218616485595703125" lon="15.7647549999999991854338077246211469173431396484375">
                <ele>1464.369200000043520049075596034526824951171875</ele>
            </trkpt>
            <trkpt lat="47.72720199999999834972186363302171230316162109375" lon="15.76452199999999947976903058588504791259765625">
                <ele>1467.1496000000561252818442881107330322265625</ele>
            </trkpt>
            <trkpt lat="47.727035999999998239218257367610931396484375" lon="15.764905999999999863803168409503996372222900390625">
                <ele>1474.30880000006118279998190701007843017578125</ele>
            </trkpt>
            <trkpt lat="47.7269509999999996807673596777021884918212890625" lon="15.764979000000000297632141155190765857696533203125">
                <ele>1477.52960000001257867552340030670166015625</ele>
            </trkpt>
            <trkpt lat="47.72693000000000296267899102531373500823974609375" lon="15.76494699999999937745087663643062114715576171875">
                <ele>1478.145199999895339715294539928436279296875</ele>
            </trkpt>
            <trkpt lat="47.72682999999999964302332955412566661834716796875" lon="15.76500899999999916190063231624662876129150390625">
                <ele>1481.79038240001546000712551176548004150390625</ele>
            </trkpt>
            <trkpt lat="47.72669599999999689998730900697410106658935546875" lon="15.7650389999999998025259628775529563426971435546875">
                <ele>1486.420868480109902520780451595783233642578125</ele>
            </trkpt>
            <trkpt lat="47.72663899999999870260580792091786861419677734375" lon="15.7650050000000003791456038015894591808319091796875">
                <ele>1488.4900000000461659510619938373565673828125</ele>
            </trkpt>
            <trkpt lat="47.7266029999999972233126754872500896453857421875" lon="15.7650190000000005596803021035157144069671630859375">
                <ele>1489.76920000009931754902936518192291259765625</ele>
            </trkpt>
            <trkpt lat="47.72653600000000295722202281467616558074951171875" lon="15.7650039999999993511892171227373182773590087890625">
                <ele>1492.199199999894290158408693969249725341796875</ele>
            </trkpt>
            <trkpt lat="47.7263429999999999608917278237640857696533203125" lon="15.7649220000000003238938006688840687274932861328125">
                <ele>1498.798491520002926336019299924373626708984375</ele>
            </trkpt>
            <trkpt lat="47.7262979999999998881321516819298267364501953125" lon="15.7649329999999991969161783345043659210205078125">
                <ele>1500.459662080000271089375019073486328125</ele>
            </trkpt>
            <trkpt lat="47.72623899999999963483787723816931247711181640625" lon="15.7648869999999998725570549140684306621551513671875">
                <ele>1502.350020160012491032830439507961273193359375</ele>
            </trkpt>
            <trkpt lat="47.72622100000000244790498982183635234832763671875" lon="15.7649010000000000530917532159946858882904052734375">
                <ele>1503.060531519912956355256028473377227783203125</ele>
            </trkpt>
            <trkpt lat="47.72615799999999808278516866266727447509765625" lon="15.76476100000000002410160959698259830474853515625">
                <ele>1504.601474560067799757234752178192138671875</ele>
            </trkpt>
            <trkpt lat="47.7261179999999995970938471145927906036376953125" lon="15.7647379999999994737436281866393983364105224609375">
                <ele>1505.894798080011469210148788988590240478515625</ele>
            </trkpt>
            <trkpt lat="47.72610300000000194131644093431532382965087890625" lon="15.7647589999999997445456756395287811756134033203125">
                <ele>1506.533170239930086609092541038990020751953125</ele>
            </trkpt>
            <trkpt lat="47.72604799999999869442035560496151447296142578125" lon="15.7647549999999991854338077246211469173431396484375">
                <ele>1508.45346880004171907785348594188690185546875</ele>
            </trkpt>
            <trkpt lat="47.725943999999998368366505019366741180419921875" lon="15.764720000000000510453901370055973529815673828125">
                <ele>1511.92524160006041711312718689441680908203125</ele>
            </trkpt>
            <trkpt lat="47.7259099999999989449861459434032440185546875" lon="15.76474699999999984356691129505634307861328125">
                <ele>1513.277862400036383405677042901515960693359375</ele>
            </trkpt>
            <trkpt lat="47.72578200000000236968844546936452388763427734375" lon="15.7647069999999995815187503467313945293426513671875">
                <ele>1516.65249727995660578017123043537139892578125</ele>
            </trkpt>
            <trkpt lat="47.7257469999999983656380209140479564666748046875" lon="15.764770999999999645524439984001219272613525390625">
                <ele>1517.752768640029898961074650287628173828125</ele>
            </trkpt>
            <trkpt lat="47.7253400000000027603164198808372020721435546875" lon="15.7647899999999996367705534794367849826812744140625">
                <ele>1525.6977919999435471254400908946990966796875</ele>
            </trkpt>
            <trkpt lat="47.72529300000000063164407038129866123199462890625" lon="15.7647630000000003036575435544364154338836669921875">
                <ele>1526.1847404799946161801926791667938232421875</ele>
            </trkpt>
            <trkpt lat="47.72527199999999680812834412790834903717041015625" lon="15.7646960000000007084963726811110973358154296875">
                <ele>1525.525648640068766326294280588626861572265625</ele>
            </trkpt>
            <trkpt lat="47.7250829999999979236235958524048328399658203125" lon="15.7646379999999997068016455159522593021392822265625">
                <ele>1527.741994880030460990383289754390716552734375</ele>
            </trkpt>
            <trkpt lat="47.72496199999999788587956572882831096649169921875" lon="15.764652999999999138935891096480190753936767578125">
                <ele>1529.9190608000108113628812134265899658203125</ele>
            </trkpt>
            <trkpt lat="47.724885000000000445652403868734836578369140625" lon="15.7647139999999996717860994976945221424102783203125">
                <ele>1532.22279199998820331529714167118072509765625</ele>
            </trkpt>
            <trkpt lat="47.7248120000000000118234311230480670928955078125" lon="15.7647420000000000328554961015470325946807861328125">
                <ele>1533.82037120000177310430444777011871337890625</ele>
            </trkpt>
            <trkpt lat="47.7246030000000018844730220735073089599609375" lon="15.7647390000000005017000148654915392398834228515625">
                <ele>1536.62275759998692592489533126354217529296875</ele>
            </trkpt>
            <trkpt lat="47.7243830000000031077433959580957889556884765625" lon="15.7649530000000002161186785087920725345611572265625">
                <ele>1544.957607199959284116630442440509796142578125</ele>
            </trkpt>
            <trkpt lat="47.7242949999999979127096594311296939849853515625" lon="15.76495800000000002683009370230138301849365234375">
                <ele>1546.42800800003396943793632090091705322265625</ele>
            </trkpt>
            <trkpt lat="47.7242430000000013023964129388332366943359375" lon="15.7650150000000000005684341886080801486968994140625">
                <ele>1548.44330719998060885700397193431854248046875</ele>
            </trkpt>
            <trkpt lat="47.72415399999999863211996853351593017578125" lon="15.7650570000000005421725290943868458271026611328125">
                <ele>1550.343922240038182280841283500194549560546875</ele>
            </trkpt>
            <trkpt lat="47.724052999999997837221599183976650238037109375" lon="15.7651579999999995607140590436756610870361328125">
                <ele>1553.56376992004561543581075966358184814453125</ele>
            </trkpt>
            <trkpt lat="47.72404300000000176851244759745895862579345703125" lon="15.765193000000000012050804798491299152374267578125">
                <ele>1554.080213919962034196942113339900970458984375</ele>
            </trkpt>
            <trkpt lat="47.72388000000000118916432256810367107391357421875" lon="15.7653300000000005098854671814478933811187744140625">
                <ele>1558.59443199997986084781587123870849609375</ele>
            </trkpt>
            <trkpt lat="47.72373400000000032150637707673013210296630859375" lon="15.76540800000000075442585512064397335052490234375">
                <ele>1562.021397759998535548220388591289520263671875</ele>
            </trkpt>
            <trkpt lat="47.7234959999999972524165059439837932586669921875" lon="15.765629000000000559111867914907634258270263671875">
                <ele>1567.382158720050938427448272705078125</ele>
            </trkpt>
            <trkpt lat="47.72325500000000175759851117618381977081298828125" lon="15.7657469999999992893435774021781980991363525390625">
                <ele>1571.582830399973545354441739618778228759765625</ele>
            </trkpt>
            <trkpt lat="47.72292800000000312365955323912203311920166015625" lon="15.7658030000000000114823706098832190036773681640625">
                <ele>1576.406629759954739711247384548187255859375</ele>
            </trkpt>
            <trkpt lat="47.72267699999999734927769168280065059661865234375" lon="15.7658059999999995426378518459387123584747314453125">
                <ele>1580.07339968004134789225645363330841064453125</ele>
            </trkpt>
            <trkpt lat="47.7223919999999992569428286515176296234130859375" lon="15.765713999999999117562765604816377162933349609375">
                <ele>1584.34528256001294721500016748905181884765625</ele>
            </trkpt>
            <trkpt lat="47.72228499999999939973349682986736297607421875" lon="15.76551500000000061163518694229423999786376953125">
                <ele>1586.5348880000028657377697527408599853515625</ele>
            </trkpt>
            <trkpt lat="47.72228100000000239333530771546065807342529296875" lon="15.76536899999999974397724145092070102691650390625">
                <ele>1587.358335679978836196823976933956146240234375</ele>
            </trkpt>
            <trkpt lat="47.7223690000000004829416866414248943328857421875" lon="15.76520599999999916462911642156541347503662109375">
                <ele>1587.442119680000587322865612804889678955078125</ele>
            </trkpt>
            <trkpt lat="47.72221499999999849706000532023608684539794921875" lon="15.7646960000000007084963726811110973358154296875">
                <ele>1590.037731200017105948063544929027557373046875</ele>
            </trkpt>
            <trkpt lat="47.72212900000000246336639975197613239288330078125" lon="15.7644870000000008047891242313198745250701904296875">
                <ele>1591.303655839965585983009077608585357666015625</ele>
            </trkpt>
            <trkpt lat="47.72205900000000156069290824234485626220703125" lon="15.764210999999999529563865507952868938446044921875">
                <ele>1592.818125919975727811106480658054351806640625</ele>
            </trkpt>
            <trkpt lat="47.721958999999998241037246771156787872314453125" lon="15.7636810000000000542286215932108461856842041015625">
                <ele>1595.897768800035919412039220333099365234375</ele>
            </trkpt>
            <trkpt lat="47.72194999999999964757080306299030780792236328125" lon="15.7635419999999992768380252528004348278045654296875">
                <ele>1596.464080000009971627150662243366241455078125</ele>
            </trkpt>
            <trkpt lat="47.7219539999999966539689921773970127105712890625" lon="15.7631789999999991636059348820708692073822021484375">
                <ele>1597.58099872007505837245844304561614990234375</ele>
            </trkpt>
            <trkpt lat="47.72185900000000202680894290097057819366455078125" lon="15.7629269999999994666950442478992044925689697265625">
                <ele>1600.390166559964200132526457309722900390625</ele>
            </trkpt>
            <trkpt lat="47.7217619999999982383087626658380031585693359375" lon="15.76225600000000071077010943554341793060302734375">
                <ele>1603.5539852800220614881254732608795166015625</ele>
            </trkpt>
            <trkpt lat="47.72177500000000094360075308941304683685302734375" lon="15.76203100000000034697222872637212276458740234375">
                <ele>1603.79545599998846228118054568767547607421875</ele>
            </trkpt>
            <trkpt lat="47.7217669999999998253770172595977783203125" lon="15.7617580000000003792592906393110752105712890625">
                <ele>1604.374416640001300038420595228672027587890625</ele>
            </trkpt>
            <trkpt lat="47.72186500000000108911990537308156490325927734375" lon="15.7613920000000007348717190325260162353515625">
                <ele>1604.647423999989086951245553791522979736328125</ele>
            </trkpt>
            <trkpt lat="47.72187699999999921374183031730353832244873046875" lon="15.7612790000000000389945853385142982006072998046875">
                <ele>1604.998282400005336967296898365020751953125</ele>
            </trkpt>
            <trkpt lat="47.7218519999999983838279149495065212249755859375" lon="15.7611170000000004876028469880111515522003173828125">
                <ele>1605.77347520000739677925594151020050048828125</ele>
            </trkpt>
            <trkpt lat="47.7219419999999985293470672331750392913818359375" lon="15.760998000000000729414750821888446807861328125">
                <ele>1605.787164800003893105895258486270904541015625</ele>
            </trkpt>
            <trkpt lat="47.722025000000002137312549166381359100341796875" lon="15.7607909999999993289065969293005764484405517578125">
                <ele>1606.173423999991200616932474076747894287109375</ele>
            </trkpt>
            <trkpt lat="47.72198999999999813326212461106479167938232421875" lon="15.760631000000000057070792536251246929168701171875">
                <ele>1606.2019744000090213376097381114959716796875</ele>
            </trkpt>
            <trkpt lat="47.72194999999999964757080306299030780792236328125" lon="15.7605599999999999027977537480182945728302001953125">
                <ele>1606.361920000001873631845228374004364013671875</ele>
            </trkpt>
            <trkpt lat="47.72169900000000097861629910767078399658203125" lon="15.76030300000000039517544792033731937408447265625">
                <ele>1607.921230719992990998434834182262420654296875</ele>
            </trkpt>
            <trkpt lat="47.7215709999999972978912410326302051544189453125" lon="15.7603109999999997370423443499021232128143310546875">
                <ele>1608.728260160017043745028786361217498779296875</ele>
            </trkpt>
            <trkpt lat="47.721530000000001336957211606204509735107421875" lon="15.7602489999999999525925886700861155986785888671875">
                <ele>1608.987219199992296125856228172779083251953125</ele>
            </trkpt>
            <trkpt lat="47.72146599999999949659468256868422031402587890625" lon="15.7600420000000003284412741777487099170684814453125">
                <ele>1609.244817920002105893217958509922027587890625</ele>
            </trkpt>
            <trkpt lat="47.72132599999999769124769954942166805267333984375" lon="15.75988399999999955980456434190273284912109375">
                <ele>1608.22059008000042013009078800678253173828125</ele>
            </trkpt>
            <trkpt lat="47.72119599999999906003722571767866611480712890625" lon="15.75967299999999937654138193465769290924072265625">
                <ele>1605.827144959992665462777949869632720947265625</ele>
            </trkpt>
            <trkpt lat="47.72095399999999898454916547052562236785888671875" lon="15.7595650000000002677325028344057500362396240234375">
                <ele>1604.952771200004690399509854614734649658203125</ele>
            </trkpt>
            <trkpt lat="47.7204559999999986530383466742932796478271484375" lon="15.7590179999999993043502399814315140247344970703125">
                <ele>1598.232554239997853073873557150363922119140625</ele>
            </trkpt>
            <trkpt lat="47.72014899999999926194504951126873493194580078125" lon="15.7587390000000002743263394222594797611236572265625">
                <ele>1598.604078080005137962871231138706207275390625</ele>
            </trkpt>
            <trkpt lat="47.72010499999999666442818124778568744659423828125" lon="15.75865399999999993951860233210027217864990234375">
                <ele>1598.92621760002612063544802367687225341796875</ele>
            </trkpt>
            <trkpt lat="47.7200950000000005957190296612679958343505859375" lon="15.75857799999999997453414835035800933837890625">
                <ele>1599.060444799995593712083064019680023193359375</ele>
            </trkpt>
            <trkpt lat="47.72022700000000128284227685071527957916259765625" lon="15.758326000000000277623257716186344623565673828125">
                <ele>1597.626011519980465891421772539615631103515625</ele>
            </trkpt>
            <trkpt lat="47.720404000000002042725100181996822357177734375" lon="15.7580930000000005719584805774502456188201904296875">
                <ele>1598.93393471996341759222559630870819091796875</ele>
            </trkpt>
            <trkpt lat="47.7205119999999993751771398819983005523681640625" lon="15.757825000000000414956957683898508548736572265625">
                <ele>1601.392464000006157220923341810703277587890625</ele>
            </trkpt>
            <trkpt lat="47.72060400000000157660906552337110042572021484375" lon="15.7575359999999999871533873374573886394500732421875">
                <ele>1604.105245439974396504112519323825836181640625</ele>
            </trkpt>
            <trkpt lat="47.72066399999999930514604784548282623291015625" lon="15.757509999999999905639924691058695316314697265625">
                <ele>1603.406246400016243569552898406982421875</ele>
            </trkpt>
            <trkpt lat="47.720720999999997502527548931539058685302734375" lon="15.7575190000000002754632077994756400585174560546875">
                <ele>1602.25890624004341589170508086681365966796875</ele>
            </trkpt>
            <trkpt lat="47.72076200000000056888893595896661281585693359375" lon="15.757369000000000625050233793444931507110595703125">
                <ele>1603.656943679982987305265851318836212158203125</ele>
            </trkpt>
            <trkpt lat="47.72075199999999739475242677144706249237060546875" lon="15.7571530000000006310756361926905810832977294921875">
                <ele>1606.92015936003872411674819886684417724609375</ele>
            </trkpt>
            <trkpt lat="47.72084699999999912733983364887535572052001953125" lon="15.7569549999999996003907654085196554660797119140625">
                <ele>1608.1941024000161633011884987354278564453125</ele>
            </trkpt>
            <trkpt lat="47.72094100000000338468453264795243740081787109375" lon="15.7568180000000008789129424258135259151458740234375">
                <ele>1609.19334911995201764511875808238983154296875</ele>
            </trkpt>
            <trkpt lat="47.72099800000000158206603373400866985321044921875" lon="15.7566749999999995424104781704954802989959716796875">
                <ele>1610.791295999992371434927918016910552978515625</ele>
            </trkpt>
            <trkpt lat="47.72099899999999905730874161235988140106201171875" lon="15.75663899999999983947418513707816600799560546875">
                <ele>1611.20179984001106276991777122020721435546875</ele>
            </trkpt>
            <trkpt lat="47.72137000000000028876456781290471553802490234375" lon="15.7562610000000002941078491858206689357757568359375">
                <ele>1611.41570079999428344308398663997650146484375</ele>
            </trkpt>
            <trkpt lat="47.72158300000000252794052357785403728485107421875" lon="15.7559290000000000731006366549991071224212646484375">
                <ele>1612.473674079972397521487437188625335693359375</ele>
            </trkpt>
            <trkpt lat="47.72208499999999986584953148849308490753173828125" lon="15.7553959999999992902530721039511263370513916015625">
                <ele>1613.165798400006679003126919269561767578125</ele>
            </trkpt>
            <trkpt lat="47.72271099999999677265805075876414775848388671875" lon="15.7549679999999998614157448173500597476959228515625">
                <ele>1612.189445760050375611172057688236236572265625</ele>
            </trkpt>
            <trkpt lat="47.7228419999999999845385900698602199554443359375" lon="15.7548180000000002110027708113193511962890625">
                <ele>1610.125662720000718763913027942180633544921875</ele>
            </trkpt>
            <trkpt lat="47.7229099999999988312993082217872142791748046875" lon="15.754784000000000787622411735355854034423828125">
                <ele>1609.099852800017970366752706468105316162109375</ele>
            </trkpt>
            <trkpt lat="47.72296899999999908459358266554772853851318359375" lon="15.7546990000000004528146746451966464519500732421875">
                <ele>1608.2289667200138865155167877674102783203125</ele>
            </trkpt>
            <trkpt lat="47.72308100000000052887116908095777034759521484375" lon="15.754659000000000190766513696871697902679443359375">
                <ele>1606.59778847999268691637553274631500244140625</ele>
            </trkpt>
            <trkpt lat="47.7232529999999997016857378184795379638671875" lon="15.754495999999999611418388667516410350799560546875">
                <ele>1604.24139456000511927413754165172576904296875</ele>
            </trkpt>
            <trkpt lat="47.72332099999999854844645597040653228759765625" lon="15.75446099999999916008164291270077228546142578125">
                <ele>1603.320054720021971661481074988842010498046875</ele>
            </trkpt>
            <trkpt lat="47.72332000000000107320374809205532073974609375" lon="15.754436999999999358124114223755896091461181640625">
                <ele>1603.36198079998621324193663895130157470703125</ele>
            </trkpt>
            <trkpt lat="47.72332000000000107320374809205532073974609375" lon="15.754436999999999358124114223755896091461181640625">
                <ele>1603.36198079998621324193663895130157470703125</ele>
            </trkpt>
            <trkpt lat="47.72332099999999854844645597040653228759765625" lon="15.75446099999999916008164291270077228546142578125">
                <ele>1603.320054720021971661481074988842010498046875</ele>
            </trkpt>
            <trkpt lat="47.7232529999999997016857378184795379638671875" lon="15.754495999999999611418388667516410350799560546875">
                <ele>1604.24139456000511927413754165172576904296875</ele>
            </trkpt>
            <trkpt lat="47.72308100000000052887116908095777034759521484375" lon="15.754659000000000190766513696871697902679443359375">
                <ele>1606.59778847999268691637553274631500244140625</ele>
            </trkpt>
            <trkpt lat="47.72296899999999908459358266554772853851318359375" lon="15.7546990000000004528146746451966464519500732421875">
                <ele>1608.2289667200138865155167877674102783203125</ele>
            </trkpt>
            <trkpt lat="47.7229099999999988312993082217872142791748046875" lon="15.754784000000000787622411735355854034423828125">
                <ele>1609.099852800017970366752706468105316162109375</ele>
            </trkpt>
            <trkpt lat="47.7228419999999999845385900698602199554443359375" lon="15.7548180000000002110027708113193511962890625">
                <ele>1610.125662720000718763913027942180633544921875</ele>
            </trkpt>
            <trkpt lat="47.72271099999999677265805075876414775848388671875" lon="15.7549679999999998614157448173500597476959228515625">
                <ele>1612.189445760050375611172057688236236572265625</ele>
            </trkpt>
            <trkpt lat="47.72208499999999986584953148849308490753173828125" lon="15.7553959999999992902530721039511263370513916015625">
                <ele>1613.165798400006679003126919269561767578125</ele>
            </trkpt>
            <trkpt lat="47.72158300000000252794052357785403728485107421875" lon="15.7559290000000000731006366549991071224212646484375">
                <ele>1612.473674079972397521487437188625335693359375</ele>
            </trkpt>
            <trkpt lat="47.72137000000000028876456781290471553802490234375" lon="15.7562610000000002941078491858206689357757568359375">
                <ele>1611.41570079999428344308398663997650146484375</ele>
            </trkpt>
            <trkpt lat="47.72099899999999905730874161235988140106201171875" lon="15.75663899999999983947418513707816600799560546875">
                <ele>1611.20179984001106276991777122020721435546875</ele>
            </trkpt>
            <trkpt lat="47.72099800000000158206603373400866985321044921875" lon="15.7566749999999995424104781704954802989959716796875">
                <ele>1610.791295999992371434927918016910552978515625</ele>
            </trkpt>
            <trkpt lat="47.72094100000000338468453264795243740081787109375" lon="15.7568180000000008789129424258135259151458740234375">
                <ele>1609.19334911995201764511875808238983154296875</ele>
            </trkpt>
            <trkpt lat="47.72084699999999912733983364887535572052001953125" lon="15.7569549999999996003907654085196554660797119140625">
                <ele>1608.1941024000161633011884987354278564453125</ele>
            </trkpt>
            <trkpt lat="47.72075199999999739475242677144706249237060546875" lon="15.7571530000000006310756361926905810832977294921875">
                <ele>1606.92015936003872411674819886684417724609375</ele>
            </trkpt>
            <trkpt lat="47.72076200000000056888893595896661281585693359375" lon="15.757369000000000625050233793444931507110595703125">
                <ele>1603.656943679982987305265851318836212158203125</ele>
            </trkpt>
            <trkpt lat="47.720720999999997502527548931539058685302734375" lon="15.7575190000000002754632077994756400585174560546875">
                <ele>1602.25890624004341589170508086681365966796875</ele>
            </trkpt>
            <trkpt lat="47.72066399999999930514604784548282623291015625" lon="15.757509999999999905639924691058695316314697265625">
                <ele>1603.406246400016243569552898406982421875</ele>
            </trkpt>
            <trkpt lat="47.72060400000000157660906552337110042572021484375" lon="15.7575359999999999871533873374573886394500732421875">
                <ele>1604.105245439974396504112519323825836181640625</ele>
            </trkpt>
            <trkpt lat="47.7205119999999993751771398819983005523681640625" lon="15.757825000000000414956957683898508548736572265625">
                <ele>1601.392464000006157220923341810703277587890625</ele>
            </trkpt>
            <trkpt lat="47.720404000000002042725100181996822357177734375" lon="15.7580930000000005719584805774502456188201904296875">
                <ele>1598.93393471996341759222559630870819091796875</ele>
            </trkpt>
            <trkpt lat="47.72022700000000128284227685071527957916259765625" lon="15.758326000000000277623257716186344623565673828125">
                <ele>1597.626011519980465891421772539615631103515625</ele>
            </trkpt>
            <trkpt lat="47.7200950000000005957190296612679958343505859375" lon="15.75857799999999997453414835035800933837890625">
                <ele>1599.060444799995593712083064019680023193359375</ele>
            </trkpt>
            <trkpt lat="47.72010499999999666442818124778568744659423828125" lon="15.75865399999999993951860233210027217864990234375">
                <ele>1598.92621760002612063544802367687225341796875</ele>
            </trkpt>
            <trkpt lat="47.72014899999999926194504951126873493194580078125" lon="15.7587390000000002743263394222594797611236572265625">
                <ele>1598.604078080005137962871231138706207275390625</ele>
            </trkpt>
            <trkpt lat="47.7204559999999986530383466742932796478271484375" lon="15.7590179999999993043502399814315140247344970703125">
                <ele>1598.232554239997853073873557150363922119140625</ele>
            </trkpt>
            <trkpt lat="47.72095399999999898454916547052562236785888671875" lon="15.7595650000000002677325028344057500362396240234375">
                <ele>1604.952771200004690399509854614734649658203125</ele>
            </trkpt>
            <trkpt lat="47.72119599999999906003722571767866611480712890625" lon="15.75967299999999937654138193465769290924072265625">
                <ele>1605.827144959992665462777949869632720947265625</ele>
            </trkpt>
            <trkpt lat="47.72132599999999769124769954942166805267333984375" lon="15.75988399999999955980456434190273284912109375">
                <ele>1608.22059008000042013009078800678253173828125</ele>
            </trkpt>
            <trkpt lat="47.72146599999999949659468256868422031402587890625" lon="15.7600420000000003284412741777487099170684814453125">
                <ele>1609.244817920002105893217958509922027587890625</ele>
            </trkpt>
            <trkpt lat="47.721530000000001336957211606204509735107421875" lon="15.7602489999999999525925886700861155986785888671875">
                <ele>1608.987219199992296125856228172779083251953125</ele>
            </trkpt>
            <trkpt lat="47.7215709999999972978912410326302051544189453125" lon="15.7603109999999997370423443499021232128143310546875">
                <ele>1608.728260160017043745028786361217498779296875</ele>
            </trkpt>
            <trkpt lat="47.72169900000000097861629910767078399658203125" lon="15.76030300000000039517544792033731937408447265625">
                <ele>1607.921230719992990998434834182262420654296875</ele>
            </trkpt>
            <trkpt lat="47.72194999999999964757080306299030780792236328125" lon="15.7605599999999999027977537480182945728302001953125">
                <ele>1606.361920000001873631845228374004364013671875</ele>
            </trkpt>
            <trkpt lat="47.72198999999999813326212461106479167938232421875" lon="15.760631000000000057070792536251246929168701171875">
                <ele>1606.2019744000090213376097381114959716796875</ele>
            </trkpt>
            <trkpt lat="47.722025000000002137312549166381359100341796875" lon="15.7607909999999993289065969293005764484405517578125">
                <ele>1606.173423999991200616932474076747894287109375</ele>
            </trkpt>
            <trkpt lat="47.7219419999999985293470672331750392913818359375" lon="15.760998000000000729414750821888446807861328125">
                <ele>1605.787164800003893105895258486270904541015625</ele>
            </trkpt>
            <trkpt lat="47.7218519999999983838279149495065212249755859375" lon="15.7611170000000004876028469880111515522003173828125">
                <ele>1605.77347520000739677925594151020050048828125</ele>
            </trkpt>
            <trkpt lat="47.72187699999999921374183031730353832244873046875" lon="15.7612790000000000389945853385142982006072998046875">
                <ele>1604.998282400005336967296898365020751953125</ele>
            </trkpt>
            <trkpt lat="47.72186500000000108911990537308156490325927734375" lon="15.7613920000000007348717190325260162353515625">
                <ele>1604.647423999989086951245553791522979736328125</ele>
            </trkpt>
            <trkpt lat="47.7217669999999998253770172595977783203125" lon="15.7617580000000003792592906393110752105712890625">
                <ele>1604.374416640001300038420595228672027587890625</ele>
            </trkpt>
            <trkpt lat="47.72177500000000094360075308941304683685302734375" lon="15.76203100000000034697222872637212276458740234375">
                <ele>1603.79545599998846228118054568767547607421875</ele>
            </trkpt>
            <trkpt lat="47.7217619999999982383087626658380031585693359375" lon="15.76225600000000071077010943554341793060302734375">
                <ele>1603.5539852800220614881254732608795166015625</ele>
            </trkpt>
            <trkpt lat="47.72185900000000202680894290097057819366455078125" lon="15.7629269999999994666950442478992044925689697265625">
                <ele>1600.390166559964200132526457309722900390625</ele>
            </trkpt>
            <trkpt lat="47.7219539999999966539689921773970127105712890625" lon="15.7631789999999991636059348820708692073822021484375">
                <ele>1597.58099872007505837245844304561614990234375</ele>
            </trkpt>
            <trkpt lat="47.721958999999998241037246771156787872314453125" lon="15.7636810000000000542286215932108461856842041015625">
                <ele>1595.897768800035919412039220333099365234375</ele>
            </trkpt>
            <trkpt lat="47.72205900000000156069290824234485626220703125" lon="15.764210999999999529563865507952868938446044921875">
                <ele>1592.818125919975727811106480658054351806640625</ele>
            </trkpt>
            <trkpt lat="47.72212900000000246336639975197613239288330078125" lon="15.7644870000000008047891242313198745250701904296875">
                <ele>1591.303655839965585983009077608585357666015625</ele>
            </trkpt>
            <trkpt lat="47.72221499999999849706000532023608684539794921875" lon="15.7646960000000007084963726811110973358154296875">
                <ele>1590.037731200017105948063544929027557373046875</ele>
            </trkpt>
            <trkpt lat="47.7223690000000004829416866414248943328857421875" lon="15.76520599999999916462911642156541347503662109375">
                <ele>1587.442119680000587322865612804889678955078125</ele>
            </trkpt>
            <trkpt lat="47.72228100000000239333530771546065807342529296875" lon="15.76536899999999974397724145092070102691650390625">
                <ele>1587.358335679978836196823976933956146240234375</ele>
            </trkpt>
            <trkpt lat="47.72228499999999939973349682986736297607421875" lon="15.76551500000000061163518694229423999786376953125">
                <ele>1586.5348880000028657377697527408599853515625</ele>
            </trkpt>
            <trkpt lat="47.7223919999999992569428286515176296234130859375" lon="15.765713999999999117562765604816377162933349609375">
                <ele>1584.34528256001294721500016748905181884765625</ele>
            </trkpt>
            <trkpt lat="47.72267699999999734927769168280065059661865234375" lon="15.7658059999999995426378518459387123584747314453125">
                <ele>1580.07339968004134789225645363330841064453125</ele>
            </trkpt>
            <trkpt lat="47.72292800000000312365955323912203311920166015625" lon="15.7658030000000000114823706098832190036773681640625">
                <ele>1576.406629759954739711247384548187255859375</ele>
            </trkpt>
            <trkpt lat="47.72325500000000175759851117618381977081298828125" lon="15.7657469999999992893435774021781980991363525390625">
                <ele>1571.582830399973545354441739618778228759765625</ele>
            </trkpt>
            <trkpt lat="47.7234959999999972524165059439837932586669921875" lon="15.765629000000000559111867914907634258270263671875">
                <ele>1567.382158720050938427448272705078125</ele>
            </trkpt>
            <trkpt lat="47.72373400000000032150637707673013210296630859375" lon="15.76540800000000075442585512064397335052490234375">
                <ele>1562.021397759998535548220388591289520263671875</ele>
            </trkpt>
            <trkpt lat="47.72388000000000118916432256810367107391357421875" lon="15.7653300000000005098854671814478933811187744140625">
                <ele>1558.59443199997986084781587123870849609375</ele>
            </trkpt>
            <trkpt lat="47.72404300000000176851244759745895862579345703125" lon="15.765193000000000012050804798491299152374267578125">
                <ele>1554.080213919962034196942113339900970458984375</ele>
            </trkpt>
            <trkpt lat="47.724052999999997837221599183976650238037109375" lon="15.7651579999999995607140590436756610870361328125">
                <ele>1553.56376992004561543581075966358184814453125</ele>
            </trkpt>
            <trkpt lat="47.72415399999999863211996853351593017578125" lon="15.7650570000000005421725290943868458271026611328125">
                <ele>1550.343922240038182280841283500194549560546875</ele>
            </trkpt>
            <trkpt lat="47.7242430000000013023964129388332366943359375" lon="15.7650150000000000005684341886080801486968994140625">
                <ele>1548.44330719998060885700397193431854248046875</ele>
            </trkpt>
            <trkpt lat="47.7242949999999979127096594311296939849853515625" lon="15.76495800000000002683009370230138301849365234375">
                <ele>1546.42800800003396943793632090091705322265625</ele>
            </trkpt>
            <trkpt lat="47.7243830000000031077433959580957889556884765625" lon="15.7649530000000002161186785087920725345611572265625">
                <ele>1544.957607199959284116630442440509796142578125</ele>
            </trkpt>
            <trkpt lat="47.7246030000000018844730220735073089599609375" lon="15.7647390000000005017000148654915392398834228515625">
                <ele>1536.62275759998692592489533126354217529296875</ele>
            </trkpt>
            <trkpt lat="47.7248120000000000118234311230480670928955078125" lon="15.7647420000000000328554961015470325946807861328125">
                <ele>1533.82037120000177310430444777011871337890625</ele>
            </trkpt>
            <trkpt lat="47.724885000000000445652403868734836578369140625" lon="15.7647139999999996717860994976945221424102783203125">
                <ele>1532.22279199998820331529714167118072509765625</ele>
            </trkpt>
            <trkpt lat="47.72496199999999788587956572882831096649169921875" lon="15.764652999999999138935891096480190753936767578125">
                <ele>1529.9190608000108113628812134265899658203125</ele>
            </trkpt>
            <trkpt lat="47.7250829999999979236235958524048328399658203125" lon="15.7646379999999997068016455159522593021392822265625">
                <ele>1527.741994880030460990383289754390716552734375</ele>
            </trkpt>
            <trkpt lat="47.72527199999999680812834412790834903717041015625" lon="15.7646960000000007084963726811110973358154296875">
                <ele>1525.525648640068766326294280588626861572265625</ele>
            </trkpt>
            <trkpt lat="47.72529300000000063164407038129866123199462890625" lon="15.7647630000000003036575435544364154338836669921875">
                <ele>1526.1847404799946161801926791667938232421875</ele>
            </trkpt>
            <trkpt lat="47.7253400000000027603164198808372020721435546875" lon="15.7647899999999996367705534794367849826812744140625">
                <ele>1525.6977919999435471254400908946990966796875</ele>
            </trkpt>
            <trkpt lat="47.7257469999999983656380209140479564666748046875" lon="15.764770999999999645524439984001219272613525390625">
                <ele>1517.752768640029898961074650287628173828125</ele>
            </trkpt>
            <trkpt lat="47.72578200000000236968844546936452388763427734375" lon="15.7647069999999995815187503467313945293426513671875">
                <ele>1516.65249727995660578017123043537139892578125</ele>
            </trkpt>
            <trkpt lat="47.7259099999999989449861459434032440185546875" lon="15.76474699999999984356691129505634307861328125">
                <ele>1513.277862400036383405677042901515960693359375</ele>
            </trkpt>
            <trkpt lat="47.725943999999998368366505019366741180419921875" lon="15.764720000000000510453901370055973529815673828125">
                <ele>1511.92524160006041711312718689441680908203125</ele>
            </trkpt>
            <trkpt lat="47.72604799999999869442035560496151447296142578125" lon="15.7647549999999991854338077246211469173431396484375">
                <ele>1508.45346880004171907785348594188690185546875</ele>
            </trkpt>
            <trkpt lat="47.72610300000000194131644093431532382965087890625" lon="15.7647589999999997445456756395287811756134033203125">
                <ele>1506.533170239930086609092541038990020751953125</ele>
            </trkpt>
            <trkpt lat="47.7261179999999995970938471145927906036376953125" lon="15.7647379999999994737436281866393983364105224609375">
                <ele>1505.894798080011469210148788988590240478515625</ele>
            </trkpt>
            <trkpt lat="47.72615799999999808278516866266727447509765625" lon="15.76476100000000002410160959698259830474853515625">
                <ele>1504.601474560067799757234752178192138671875</ele>
            </trkpt>
            <trkpt lat="47.72622100000000244790498982183635234832763671875" lon="15.7649010000000000530917532159946858882904052734375">
                <ele>1503.060531519912956355256028473377227783203125</ele>
            </trkpt>
            <trkpt lat="47.72623899999999963483787723816931247711181640625" lon="15.7648869999999998725570549140684306621551513671875">
                <ele>1502.350020160012491032830439507961273193359375</ele>
            </trkpt>
            <trkpt lat="47.7262979999999998881321516819298267364501953125" lon="15.7649329999999991969161783345043659210205078125">
                <ele>1500.459662080000271089375019073486328125</ele>
            </trkpt>
            <trkpt lat="47.7263429999999999608917278237640857696533203125" lon="15.7649220000000003238938006688840687274932861328125">
                <ele>1498.798491520002926336019299924373626708984375</ele>
            </trkpt>
            <trkpt lat="47.72653600000000295722202281467616558074951171875" lon="15.7650039999999993511892171227373182773590087890625">
                <ele>1492.199199999894290158408693969249725341796875</ele>
            </trkpt>
            <trkpt lat="47.7266029999999972233126754872500896453857421875" lon="15.7650190000000005596803021035157144069671630859375">
                <ele>1489.76920000009931754902936518192291259765625</ele>
            </trkpt>
            <trkpt lat="47.72663899999999870260580792091786861419677734375" lon="15.7650050000000003791456038015894591808319091796875">
                <ele>1488.4900000000461659510619938373565673828125</ele>
            </trkpt>
            <trkpt lat="47.72669599999999689998730900697410106658935546875" lon="15.7650389999999998025259628775529563426971435546875">
                <ele>1486.420868480109902520780451595783233642578125</ele>
            </trkpt>
            <trkpt lat="47.72682999999999964302332955412566661834716796875" lon="15.76500899999999916190063231624662876129150390625">
                <ele>1481.79038240001546000712551176548004150390625</ele>
            </trkpt>
            <trkpt lat="47.72693000000000296267899102531373500823974609375" lon="15.76494699999999937745087663643062114715576171875">
                <ele>1478.145199999895339715294539928436279296875</ele>
            </trkpt>
            <trkpt lat="47.7269509999999996807673596777021884918212890625" lon="15.764979000000000297632141155190765857696533203125">
                <ele>1477.52960000001257867552340030670166015625</ele>
            </trkpt>
            <trkpt lat="47.7270070000000004029061528854072093963623046875" lon="15.764931000000000693717083777301013469696044921875">
                <ele>1475.40799999998898783815093338489532470703125</ele>
            </trkpt>
            <trkpt lat="47.7270070000000004029061528854072093963623046875" lon="15.764931000000000693717083777301013469696044921875">
                <ele>1475.40799999998898783815093338489532470703125</ele>
            </trkpt>
            <trkpt lat="47.727035999999998239218257367610931396484375" lon="15.764905999999999863803168409503996372222900390625">
                <ele>1474.30880000006118279998190701007843017578125</ele>
            </trkpt>
            <trkpt lat="47.72720199999999834972186363302171230316162109375" lon="15.76452199999999947976903058588504791259765625">
                <ele>1467.1496000000561252818442881107330322265625</ele>
            </trkpt>
            <trkpt lat="47.727305999999998675775714218616485595703125" lon="15.7647549999999991854338077246211469173431396484375">
                <ele>1464.369200000043520049075596034526824951171875</ele>
            </trkpt>
            <trkpt lat="47.72737300000000004729372449219226837158203125" lon="15.76483699999999998908606357872486114501953125">
                <ele>1462.33279999999876963556744158267974853515625</ele>
            </trkpt>
            <trkpt lat="47.72741599999999806414052727632224559783935546875" lon="15.7647750000000002046363078989088535308837890625">
                <ele>1460.613200000068673034547828137874603271484375</ele>
            </trkpt>
            <trkpt lat="47.7274230000000017071215552277863025665283203125" lon="15.764720000000000510453901370055973529815673828125">
                <ele>1460.171599999943055081530474126338958740234375</ele>
            </trkpt>
            <trkpt lat="47.72745400000000159934643306769430637359619140625" lon="15.764663999999999788315108162350952625274658203125">
                <ele>1458.89119999994409226928837597370147705078125</ele>
            </trkpt>
            <trkpt lat="47.72748200000000196041582967154681682586669921875" lon="15.7646549999999994184918250539340078830718994140625">
                <ele>1457.88439999993033779901452362537384033203125</ele>
            </trkpt>
            <trkpt lat="47.72755699999999734473021817393600940704345703125" lon="15.7644970000000004262119546183384954929351806640625">
                <ele>1454.132517440122001062263734638690948486328125</ele>
            </trkpt>
            <trkpt lat="47.72760600000000152931534103117883205413818359375" lon="15.76433899999999965757524478249251842498779296875">
                <ele>1451.51057023993416805751621723175048828125</ele>
            </trkpt>
            <trkpt lat="47.72772400000000203590388991869986057281494140625" lon="15.76378700000000065983840613625943660736083984375">
                <ele>1439.97310975994378168252296745777130126953125</ele>
            </trkpt>
            <trkpt lat="47.72775899999999893452695687301456928253173828125" lon="15.763754999999999739657141617499291896820068359375">
                <ele>1438.340098400029773983987979590892791748046875</ele>
            </trkpt>
            <trkpt lat="47.7279630000000025802364689297974109649658203125" lon="15.7636850000000006133404895081184804439544677734375">
                <ele>1431.1093255999285247526131570339202880859375</ele>
            </trkpt>
            <trkpt lat="47.7280549999999976762410369701683521270751953125" lon="15.7636149999999997106669979984872043132781982421875">
                <ele>1427.769164000064165520598180592060089111328125</ele>
            </trkpt>
            <trkpt lat="47.728127999999998110070009715855121612548828125" lon="15.76361299999999943111106404103338718414306640625">
                <ele>1425.676561280050691493670456111431121826171875</ele>
            </trkpt>
            <trkpt lat="47.728261000000003377863322384655475616455078125" lon="15.7635489999999993671053744037635624408721923828125">
                <ele>1421.7030852799080093973316252231597900390625</ele>
            </trkpt>
            <trkpt lat="47.72837899999999677902451367117464542388916015625" lon="15.7635220000000000339923644787631928920745849609375">
                <ele>1418.384326080096116129425354301929473876953125</ele>
            </trkpt>
            <trkpt lat="47.72846200000000038698999560438096523284912109375" lon="15.7634150000000001767830326571129262447357177734375">
                <ele>1416.034756799990645959042012691497802734375</ele>
            </trkpt>
            <trkpt lat="47.72856900000000024419932742603123188018798828125" lon="15.7634179999999997079385138931684195995330810546875">
                <ele>1413.063942719995566221768967807292938232421875</ele>
            </trkpt>
            <trkpt lat="47.72865399999999880265022511593997478485107421875" lon="15.7635179999999994748804965638555586338043212890625">
                <ele>1410.318011520039135575643740594387054443359375</ele>
            </trkpt>
            <trkpt lat="47.72879300000000313275450025685131549835205078125" lon="15.763476000000000709633241058327257633209228515625">
                <ele>1406.49722687990788472234271466732025146484375</ele>
            </trkpt>
            <trkpt lat="47.72889599999999887813828536309301853179931640625" lon="15.7633840000000002845581548172049224376678466796875">
                <ele>1404.254826240030297412886284291744232177734375</ele>
            </trkpt>
            <trkpt lat="47.7291450000000025966073735617101192474365234375" lon="15.7633010000000002293063516844995319843292236328125">
                <ele>1397.444138399936718997196294367313385009765625</ele>
            </trkpt>
            <trkpt lat="47.7292360000000002173692337237298488616943359375" lon="15.763242999999999227611624519340693950653076171875">
                <ele>1394.173751039981425492442212998867034912109375</ele>
            </trkpt>
            <trkpt lat="47.72927800000000075897332862950861454010009765625" lon="15.7631770000000006604068403248675167560577392578125">
                <ele>1392.026906879995522103854455053806304931640625</ele>
            </trkpt>
            <trkpt lat="47.72947400000000328645910485647618770599365234375" lon="15.763059999999999405417838715948164463043212890625">
                <ele>1385.84373119992278589052148163318634033203125</ele>
            </trkpt>
            <trkpt lat="47.72953799999999802139427629299461841583251953125" lon="15.7630490000000005323954610503278672695159912109375">
                <ele>1384.34510976004958138219080865383148193359375</ele>
            </trkpt>
            <trkpt lat="47.72969100000000253203324973583221435546875" lon="15.763130000000000308091330225579440593719482421875">
                <ele>1382.240198399950031671323813498020172119140625</ele>
            </trkpt>
            <trkpt lat="47.72981200000000256977727985940873622894287109375" lon="15.763161000000000200316208065487444400787353515625">
                <ele>1379.98436735994664559257216751575469970703125</ele>
            </trkpt>
            <trkpt lat="47.72992599999999896454028203152120113372802734375" lon="15.7630970000000001363105184282176196575164794921875">
                <ele>1376.805730560024358055670745670795440673828125</ele>
            </trkpt>
            <trkpt lat="47.72995499999999680085238651372492313385009765625" lon="15.7630210000000001713260644464753568172454833984375">
                <ele>1375.419686400067803333513438701629638671875</ele>
            </trkpt>
            <trkpt lat="47.7300249999999977035258780233561992645263671875" lon="15.762975000000000846966941026039421558380126953125">
                <ele>1373.52030000005879628588445484638214111328125</ele>
            </trkpt>
            <trkpt lat="47.73008999999999701913111493922770023345947265625" lon="15.762969999999999259898686432279646396636962890625">
                <ele>1372.07361600005924628931097686290740966796875</ele>
            </trkpt>
            <trkpt lat="47.73016799999999904002834227867424488067626953125" lon="15.7630210000000001713260644464753568172454833984375">
                <ele>1370.796917760024143717600964009761810302734375</ele>
            </trkpt>
            <trkpt lat="47.7302779999999984283931553363800048828125" lon="15.763047000000000252839527092874050140380859375">
                <ele>1368.54797472003838265663944184780120849609375</ele>
            </trkpt>
            <trkpt lat="47.730322999999998501152731478214263916015625" lon="15.7630239999999997024815456825308501720428466796875">
                <ele>1367.39793984003290461259894073009490966796875</ele>
            </trkpt>
            <trkpt lat="47.73047700000000048703441279940307140350341796875" lon="15.7628050000000001773514668457210063934326171875">
                <ele>1362.9479111999926317366771399974822998046875</ele>
            </trkpt>
            <trkpt lat="47.730513999999999441570253111422061920166015625" lon="15.762786999999999437704900628887116909027099609375">
                <ele>1362.1330185600099866860546171665191650390625</ele>
            </trkpt>
            <trkpt lat="47.7305980000000005247784429229795932769775390625" lon="15.7628439999999994114432411151938140392303466796875">
                <ele>1360.682423039988862001337110996246337890625</ele>
            </trkpt>
            <trkpt lat="47.73064500000000265345079242251813411712646484375" lon="15.7629210000000004043840817757882177829742431640625">
                <ele>1359.968426399947247773525305092334747314453125</ele>
            </trkpt>
            <trkpt lat="47.7307890000000014651959645561873912811279296875" lon="15.76304999999999978399500832892954349517822265625">
                <ele>1357.150583999968830539728514850139617919921875</ele>
            </trkpt>
            <trkpt lat="47.730896000000001322405296377837657928466796875" lon="15.763023000000000450881998403929173946380615234375">
                <ele>1355.8076089599935585283674299716949462890625</ele>
            </trkpt>
            <trkpt lat="47.73102300000000042246028897352516651153564453125" lon="15.7629210000000004043840817757882177829742431640625">
                <ele>1355.09243295999840484000742435455322265625</ele>
            </trkpt>
            <trkpt lat="47.73127000000000208501660381443798542022705078125" lon="15.762930000000000774207364884205162525177001953125">
                <ele>1353.903231999989884570823051035404205322265625</ele>
            </trkpt>
            <trkpt lat="47.73136099999999970577846397645771503448486328125" lon="15.762975000000000846966941026039421558380126953125">
                <ele>1353.448552000001427586539648473262786865234375</ele>
            </trkpt>
            <trkpt lat="47.73141799999999790315996506251394748687744140625" lon="15.7629760000000000985664883046410977840423583984375">
                <ele>1353.164892160010595034691505134105682373046875</ele>
            </trkpt>
            <trkpt lat="47.731549000000001115040504373610019683837890625" lon="15.7628280000000007277094482560642063617706298828125">
                <ele>1352.6411526399942886200733482837677001953125</ele>
            </trkpt>
            <trkpt lat="47.7317139999999966448740451596677303314208984375" lon="15.76269500000000078898665378801524639129638671875">
                <ele>1352.08594400001175017678178846836090087890625</ele>
            </trkpt>
            <trkpt lat="47.731841000000002850356395356357097625732421875" lon="15.7626399999999993184474078589119017124176025390625">
                <ele>1351.737871999992194105288945138454437255859375</ele>
            </trkpt>
            <trkpt lat="47.73192399999999935289451968856155872344970703125" lon="15.762558999999999542751538683660328388214111328125">
                <ele>1351.702284800003326381556689739227294921875</ele>
            </trkpt>
            <trkpt lat="47.73201000000000249201548285782337188720703125" lon="15.762427999999999883584678173065185546875">
                <ele>1350.319174399993016777443699538707733154296875</ele>
            </trkpt>
            <trkpt lat="47.73213299999999748024492873810231685638427734375" lon="15.7623210000000000263753463514149188995361328125">
                <ele>1348.2612166400003843591548502445220947265625</ele>
            </trkpt>
            <trkpt lat="47.73224499999999892452251515351235866546630859375" lon="15.7622680000000006117488737800158560276031494140625">
                <ele>1347.368076800008793725282885134220123291015625</ele>
            </trkpt>
            <trkpt lat="47.73235700000000036880010156892240047454833984375" lon="15.76226199999999977308107190765440464019775390625">
                <ele>1347.30952831999593399814330041408538818359375</ele>
            </trkpt>
            <trkpt lat="47.73253299999999654801285942085087299346923828125" lon="15.7622079999999993304982126574032008647918701171875">
                <ele>1345.80215168007998727262020111083984375</ele>
            </trkpt>
            <trkpt lat="47.73270000000000123918653116561472415924072265625" lon="15.7621880000000000876525518833659589290618896484375">
                <ele>1341.2813119999700575135648250579833984375</ele>
            </trkpt>
            <trkpt lat="47.7329170000000004847606760449707508087158203125" lon="15.762078999999999950887286104261875152587890625">
                <ele>1334.439604159987766252015717327594757080078125</ele>
            </trkpt>
            <trkpt lat="47.73293000000000319005266646854579448699951171875" lon="15.7619699999999998141220203251577913761138916015625">
                <ele>1332.808351999918841102044098079204559326171875</ele>
            </trkpt>
            <trkpt lat="47.73298199999999980036591296084225177764892578125" lon="15.76195500000000038198777474462985992431640625">
                <ele>1331.337747200009971493273042142391204833984375</ele>
            </trkpt>
            <trkpt lat="47.7330060000000031550371204502880573272705078125" lon="15.7619290000000003004743120982311666011810302734375">
                <ele>1330.436506879925900648231618106365203857421875</ele>
            </trkpt>
            <trkpt lat="47.73302199999999828605723450891673564910888671875" lon="15.7618729999999995783355188905261456966400146484375">
                <ele>1329.38540672003773579490371048450469970703125</ele>
            </trkpt>
            <trkpt lat="47.73309499999999871988620725460350513458251953125" lon="15.7619080000000000296722646453417837619781494140625">
                <ele>1327.992051200032392443972639739513397216796875</ele>
            </trkpt>
            <trkpt lat="47.73318900000000297723090625368058681488037109375" lon="15.7618930000000005975380190648138523101806640625">
                <ele>1325.502482239933669916354119777679443359375</ele>
            </trkpt>
            <trkpt lat="47.7333110000000004902176442556083202362060546875" lon="15.761950999999999822875906829722225666046142578125">
                <ele>1323.12508831998638925142586231231689453125</ele>
            </trkpt>
            <trkpt lat="47.73344399999999865258359932340681552886962890625" lon="15.7620559999999994005293046939186751842498779296875">
                <ele>1320.358664960034957402967847883701324462890625</ele>
            </trkpt>
            <trkpt lat="47.733621999999996887709130533039569854736328125" lon="15.76206499999999977035258780233561992645263671875">
                <ele>1315.09627520009189538541249930858612060546875</ele>
            </trkpt>
            <trkpt lat="47.73381299999999782812665216624736785888671875" lon="15.76218000000000074578565545380115509033203125">
                <ele>1311.054617600075516747892834246158599853515625</ele>
            </trkpt>
            <trkpt lat="47.733980999999999994543031789362430572509765625" lon="15.7621430000000000148929757415316998958587646484375">
                <ele>1305.548285120001310133375227451324462890625</ele>
            </trkpt>
            <trkpt lat="47.734251999999997906343196518719196319580078125" lon="15.7622599999999994935251379502005875110626220703125">
                <ele>1298.523091200083172225276939570903778076171875</ele>
            </trkpt>
            <trkpt lat="47.7342859999999973297235555946826934814453125" lon="15.7620850000000007895550879766233265399932861328125">
                <ele>1293.946113600130274789989925920963287353515625</ele>
            </trkpt>
            <trkpt lat="47.73430400000000162208380061201751232147216796875" lon="15.76208199999999948204276734031736850738525390625">
                <ele>1293.125863679924123061937279999256134033203125</ele>
            </trkpt>
            <trkpt lat="47.73439400000000176760295289568603038787841796875" lon="15.7621610000000007545395419583655893802642822265625">
                <ele>1290.688175039940460919751785695552825927734375</ele>
            </trkpt>
            <trkpt lat="47.734408999999999423380359075963497161865234375" lon="15.7621950000000001779199010343290865421295166015625">
                <ele>1290.64763280003035106346942484378814697265625</ele>
            </trkpt>
            <trkpt lat="47.7344489999999979090716806240379810333251953125" lon="15.7621850000000005564970706473104655742645263671875">
                <ele>1288.7612664001017037662677466869354248046875</ele>
            </trkpt>
            <trkpt lat="47.73451899999999881174517213366925716400146484375" lon="15.7622420000000005302354111336171627044677734375">
                <ele>1286.7660988800626000738702714443206787109375</ele>
            </trkpt>
            <trkpt lat="47.73458600000000018326318240724503993988037109375" lon="15.762133999999999645069692633114755153656005859375">
                <ele>1282.0178054399884786107577383518218994140625</ele>
            </trkpt>
            <trkpt lat="47.73458099999999859619492781348526477813720703125" lon="15.7620400000000007167955118347890675067901611328125">
                <ele>1280.5952544000747366226278245449066162109375</ele>
            </trkpt>
            <trkpt lat="47.73461300000000306908987113274633884429931640625" lon="15.761950999999999822875906829722225666046142578125">
                <ele>1277.6892532798692627693526446819305419921875</ele>
            </trkpt>
            <trkpt lat="47.7347309999999964702510624192655086517333984375" lon="15.7619839999999999946567186270840466022491455078125">
                <ele>1273.25212224015240281005389988422393798828125</ele>
            </trkpt>
            <trkpt lat="47.7347809999999981300788931548595428466796875" lon="15.7620280000000008158167474903166294097900390625">
                <ele>1271.88235008009587545529939234256744384765625</ele>
            </trkpt>
            <trkpt lat="47.73483300000000184581949724815785884857177734375" lon="15.761787999999999243527781800366938114166259765625">
                <ele>1265.58157823991177792777307331562042236328125</ele>
            </trkpt>
            <trkpt lat="47.7349200000000024601831682957708835601806640625" lon="15.7617209999999996483666109270416200160980224609375">
                <ele>1260.77905919989325411734171211719512939453125</ele>
            </trkpt>
            <trkpt lat="47.73495199999999982765075401403009891510009765625" lon="15.7616069999999997008899299544282257556915283203125">
                <ele>1256.08308927999678417108952999114990234375</ele>
            </trkpt>
            <trkpt lat="47.7349760000000031823219615034759044647216796875" lon="15.7615940000000005483116183313541114330291748046875">
                <ele>1254.587706879896131795248948037624359130859375</ele>
            </trkpt>
            <trkpt lat="47.73503600000000091085894382558763027191162109375" lon="15.761630000000000251247911364771425724029541015625">
                <ele>1253.688409599977831021533347666263580322265625</ele>
            </trkpt>
            <trkpt lat="47.735422999999997273334884084761142730712890625" lon="15.7618670000000005160245564184151589870452880859375">
                <ele>1243.86645408011509061907418072223663330078125</ele>
            </trkpt>
            <trkpt lat="47.73554500000000189174897968769073486328125" lon="15.761886000000000507270669913850724697113037109375">
                <ele>1239.601065599940511674503795802593231201171875</ele>
            </trkpt>
            <trkpt lat="47.7357650000000006684786058031022548675537109375" lon="15.7619810000000004635012373910285532474517822265625">
                <ele>1233.09733919998643614235334098339080810546875</ele>
            </trkpt>
            <trkpt lat="47.73584100000000063346305978484451770782470703125" lon="15.7620400000000007167955118347890675067901611328125">
                <ele>1231.283145599981480700080282986164093017578125</ele>
            </trkpt>
            <trkpt lat="47.73590200000000294267010758630931377410888671875" lon="15.7621430000000000148929757415316998958587646484375">
                <ele>1230.3615974398589969496242702007293701171875</ele>
            </trkpt>
            <trkpt lat="47.73598799999999897636371315456926822662353515625" lon="15.7622230000000005389892976381815969944000244140625">
                <ele>1228.069704960058516007848083972930908203125</ele>
            </trkpt>
            <trkpt lat="47.73608300000000070895112003199756145477294921875" lon="15.7623920000000001806483851396478712558746337890625">
                <ele>1227.918349439973781045409850776195526123046875</ele>
            </trkpt>
            <trkpt lat="47.73617999999999739202394266612827777862548828125" lon="15.7624499999999994059862729045562446117401123046875">
                <ele>1225.41264000008914081263355910778045654296875</ele>
            </trkpt>
            <trkpt lat="47.7363560000000006766640581190586090087890625" lon="15.7624650000000006144773578853346407413482666015625">
                <ele>1218.708921599990617323783226311206817626953125</ele>
            </trkpt>
            <trkpt lat="47.73676499999999833789843250997364521026611328125" lon="15.7627059999999996620090314536355435848236083984375">
                <ele>1207.421817600034728457103483378887176513671875</ele>
            </trkpt>
            <trkpt lat="47.7370030000000014069883036427199840545654296875" lon="15.7627170000000003113882485195063054561614990234375">
                <ele>1201.998584639971113574574701488018035888671875</ele>
            </trkpt>
            <trkpt lat="47.73714199999999863166522118262946605682373046875" lon="15.7626410000000003464037945377640426158905029296875">
                <ele>1197.623470080037577645271085202693939208984375</ele>
            </trkpt>
            <trkpt lat="47.7372110000000020590960048139095306396484375" lon="15.7625550000000007599965101690031588077545166015625">
                <ele>1194.635467199960430662031285464763641357421875</ele>
            </trkpt>
            <trkpt lat="47.7374870000000015579644241370260715484619140625" lon="15.7625910000000004629328032024204730987548828125">
                <ele>1188.455378879969657646142877638339996337890625</ele>
            </trkpt>
            <trkpt lat="47.737673999999998386556399054825305938720703125" lon="15.7626699999999999590727384202182292938232421875">
                <ele>1186.969209600022850281675346195697784423828125</ele>
            </trkpt>
            <trkpt lat="47.73788400000000109457687358371913433074951171875" lon="15.762696999999999292185748345218598842620849609375">
                <ele>1184.29853375997117836959660053253173828125</ele>
            </trkpt>
            <trkpt lat="47.73799199999999842702891328372061252593994140625" lon="15.7626720000000002386286723776720464229583740234375">
                <ele>1182.267482880027046121540479362010955810546875</ele>
            </trkpt>
            <trkpt lat="47.738190000000003010427462868392467498779296875" lon="15.7625709999999994437303030281327664852142333984375">
                <ele>1177.7009087999467737972736358642578125</ele>
            </trkpt>
            <trkpt lat="47.73835199999999900910552241839468479156494140625" lon="15.7625480000000006697291610180400311946868896484375">
                <ele>1174.880078080029988996102474629878997802734375</ele>
            </trkpt>
            <trkpt lat="47.73865099999999728197508375160396099090576171875" lon="15.7625639999999993534629538771696388721466064453125">
                <ele>1169.164990720046944261412136256694793701171875</ele>
            </trkpt>
            <trkpt lat="47.73879600000000067439032136462628841400146484375" lon="15.7625480000000006697291610180400311946868896484375">
                <ele>1166.109763839994002410094253718852996826171875</ele>
            </trkpt>
            <trkpt lat="47.73899899999999973942976794205605983734130859375" lon="15.7625879999999991554204825661145150661468505859375">
                <ele>1162.417173759999286630772985517978668212890625</ele>
            </trkpt>
            <trkpt lat="47.7391080000000016525518731214106082916259765625" lon="15.762657000000000806494426797144114971160888671875">
                <ele>1160.67450687997143177199177443981170654296875</ele>
            </trkpt>
            <trkpt lat="47.7391649999999998499333742074668407440185546875" lon="15.7626679999999996795168044627644121646881103515625">
                <ele>1159.54322560000218800269067287445068359375</ele>
            </trkpt>
            <trkpt lat="47.73926199999999653300619684159755706787109375" lon="15.7626410000000003464037945377640426158905029296875">
                <ele>1156.1762963201190359541215002536773681640625</ele>
            </trkpt>
            <trkpt lat="47.7393119999999981928340275771915912628173828125" lon="15.7626589999999993096935213543474674224853515625">
                <ele>1154.561591680061610531993210315704345703125</ele>
            </trkpt>
            <trkpt lat="47.7394680000000022346284822560846805572509765625" lon="15.7626380000000008152483133017085492610931396484375">
                <ele>1149.329904639927917742170393466949462890625</ele>
            </trkpt>
            <trkpt lat="47.73951199999999772671799291856586933135986328125" lon="15.7626930000000005094307198305614292621612548828125">
                <ele>1147.762399360080280530382879078388214111328125</ele>
            </trkpt>
            <trkpt lat="47.73961700000000263344190898351371288299560546875" lon="15.762581000000000841509972815401852130889892578125">
                <ele>1144.63556991991526956553570926189422607421875</ele>
            </trkpt>
            <trkpt lat="47.73967900000000241789166466332972049713134765625" lon="15.7626299999999996970245774718932807445526123046875">
                <ele>1142.3754591999249896616674959659576416015625</ele>
            </trkpt>
            <trkpt lat="47.73971000000000231011654250323772430419921875" lon="15.7627039999999993824530974961817264556884765625">
                <ele>1140.870246399927282254793681204319000244140625</ele>
            </trkpt>
            <trkpt lat="47.73973600000000061527316574938595294952392578125" lon="15.7626860000000004191633706795983016490936279296875">
                <ele>1140.096156159979045696672983467578887939453125</ele>
            </trkpt>
            <trkpt lat="47.73979700000000292448021355085074901580810546875" lon="15.7626989999999995717416823026724159717559814453125">
                <ele>1137.89394687990579768666066229343414306640625</ele>
            </trkpt>
            <trkpt lat="47.739823999999998704879544675350189208984375" lon="15.7627679999999994464587871334515511989593505859375">
                <ele>1136.3291507200556225143373012542724609375</ele>
            </trkpt>
            <trkpt lat="47.73984699999999747888068668544292449951171875" lon="15.7627690000000004744151738123036921024322509765625">
                <ele>1135.48745728009043887141160666942596435546875</ele>
            </trkpt>
            <trkpt lat="47.73987699999999989586285664699971675872802734375" lon="15.76283600000000006957634468562901020050048828125">
                <ele>1133.706997120006917612045072019100189208984375</ele>
            </trkpt>
            <trkpt lat="47.73990500000000025693225325085222721099853515625" lon="15.7629649999999994491872712387703359127044677734375">
                <ele>1131.22979199999963384470902383327484130859375</ele>
            </trkpt>
            <trkpt lat="47.739947000000000798536348156630992889404296875" lon="15.7630239999999997024815456825308501720428466796875">
                <ele>1128.813066879974257972207851707935333251953125</ele>
            </trkpt>
            <trkpt lat="47.73996199999999845431375433690845966339111328125" lon="15.7631490000000002993374437210150063037872314453125">
                <ele>1126.641412480070130186504684388637542724609375</ele>
            </trkpt>
            <trkpt lat="47.7399860000000018089849618263542652130126953125" lon="15.76321599999999989449861459434032440185546875">
                <ele>1124.6997529599220797535963356494903564453125</ele>
            </trkpt>
            <trkpt lat="47.740015999999997120539774186909198760986328125" lon="15.763239999999999696456143283285200595855712890625">
                <ele>1122.7738432001833643880672752857208251953125</ele>
            </trkpt>
            <trkpt lat="47.7400439999999974816091707907617092132568359375" lon="15.7632329999999996061887941323220729827880859375">
                <ele>1121.18192896016307713580317795276641845703125</ele>
            </trkpt>
            <trkpt lat="47.7401219999999995025063981302082538604736328125" lon="15.76315699999999964120434015057981014251708984375">
                <ele>1117.2737699200415590894408524036407470703125</ele>
            </trkpt>
            <trkpt lat="47.7401679999999970505086821503937244415283203125" lon="15.763059999999999405417838715948164463043212890625">
                <ele>1115.307078400202271950547583401203155517578125</ele>
            </trkpt>
            <trkpt lat="47.74022099999999824149199412204325199127197265625" lon="15.7630239999999997024815456825308501720428466796875">
                <ele>1112.180081920124166572350077331066131591796875</ele>
            </trkpt>
            <trkpt lat="47.74025199999999813371687196195125579833984375" lon="15.7630189999999998917701304890215396881103515625">
                <ele>1110.194890240129780067945830523967742919921875</ele>
            </trkpt>
            <trkpt lat="47.74028299999999802594174980185925960540771484375" lon="15.7630560000000006226628102012909948825836181640625">
                <ele>1107.938679040130182329448871314525604248046875</ele>
            </trkpt>
            <trkpt lat="47.7403350000000017416823538951575756072998046875" lon="15.7630520000000000635509422863833606243133544921875">
                <ele>1104.610441599894329556263983249664306640625</ele>
            </trkpt>
            <trkpt lat="47.7403809999999992896846379153430461883544921875" lon="15.762950000000000017053025658242404460906982421875">
                <ele>1102.03909600005454194615595042705535888671875</ele>
            </trkpt>
            <trkpt lat="47.74047500000000354702933691442012786865234375" lon="15.7629129999999992861603459459729492664337158203125">
                <ele>1095.800763999767468703794293105602264404296875</ele>
            </trkpt>
            <trkpt lat="47.740555000000000518411980010569095611572265625" lon="15.7629180000000008732286005397327244281768798828125">
                <ele>1090.371515199972009213524870574474334716796875</ele>
            </trkpt>
            <trkpt lat="47.740578999999996767655829899013042449951171875" lon="15.762874000000000052068571676500141620635986328125">
                <ele>1088.70224608022954271291382610797882080078125</ele>
            </trkpt>
            <trkpt lat="47.7406179999999977781044435687363147735595703125" lon="15.7629789999999996297219695406965911388397216796875">
                <ele>1086.21981856015327139175496995449066162109375</ele>
            </trkpt>
            <trkpt lat="47.74066499999999990677679306827485561370849609375" lon="15.763042999999999693727659177966415882110595703125">
                <ele>1083.302005600011625574552454054355621337890625</ele>
            </trkpt>
            <trkpt lat="47.74068199999999961846697260625660419464111328125" lon="15.763040000000000162572177941910922527313232421875">
                <ele>1082.191494400031615441548638045787811279296875</ele>
            </trkpt>
            <trkpt lat="47.7407060000000029731381800957024097442626953125" lon="15.762980999999999909277903498150408267974853515625">
                <ele>1080.3958652798091861768625676631927490234375</ele>
            </trkpt>
            <trkpt lat="47.74075500000000005229594535194337368011474609375" lon="15.762935999999999836518327356316149234771728515625">
                <ele>1076.913126400002283844514749944210052490234375</ele>
            </trkpt>
            <trkpt lat="47.74077199999999976398612488992512226104736328125" lon="15.7628719999999997725126377190463244915008544921875">
                <ele>1075.403864320021739331423304975032806396484375</ele>
            </trkpt>
            <trkpt lat="47.7408089999999987185219652019441127777099609375" lon="15.7628690000000002413571564829908311367034912109375">
                <ele>1072.834994080096521429368294775485992431640625</ele>
            </trkpt>
            <trkpt lat="47.7408410000000031914169085212051868438720703125" lon="15.762899000000000881982487044297158718109130859375">
                <ele>1071.102765279893674232880584895610809326171875</ele>
            </trkpt>
            <trkpt lat="47.74086700000000149657353176735341548919677734375" lon="15.762964000000000197587723960168659687042236328125">
                <ele>1070.63293695994752852129749953746795654296875</ele>
            </trkpt>
            <trkpt lat="47.74088400000000120826371130533516407012939453125" lon="15.7629680000000007566995918750762939453125">
                <ele>1070.049783039961539543583057820796966552734375</ele>
            </trkpt>
            <trkpt lat="47.74092999999999875626599532552063465118408203125" lon="15.7629350000000005849187800777144730091094970703125">
                <ele>1068.1921360000478671281598508358001708984375</ele>
            </trkpt>
            <trkpt lat="47.74096899999999976671460899524390697479248046875" lon="15.7629439999999991783852237858809530735015869140625">
                <ele>1066.856821120003360192640684545040130615234375</ele>
            </trkpt>
            <trkpt lat="47.7410560000000003810782800428569316864013671875" lon="15.7628760000000003316245056339539587497711181640625">
                <ele>1063.41607551998822600580751895904541015625</ele>
            </trkpt>
            <trkpt lat="47.7411230000000017525962903164327144622802734375" lon="15.76288699999999920464688329957425594329833984375">
                <ele>1061.118821919935044206795282661914825439453125</ele>
            </trkpt>
            <trkpt lat="47.7412700000000000954969436861574649810791015625" lon="15.7628350000000008179767974070273339748382568359375">
                <ele>1055.813463999999157749698497354984283447265625</ele>
            </trkpt>
            <trkpt lat="47.74128900000000186309989658184349536895751953125" lon="15.762795000000000555928636458702385425567626953125">
                <ele>1055.052229599937845705426298081874847412109375</ele>
            </trkpt>
            <trkpt lat="47.74131799999999969941200106404721736907958984375" lon="15.76284199999999913188730715773999691009521484375">
                <ele>1054.169979520008610052173025906085968017578125</ele>
            </trkpt>
            <trkpt lat="47.7413499999999970668795867823064327239990234375" lon="15.762772999999999257170202326960861682891845703125">
                <ele>1052.92381600009821340790949761867523193359375</ele>
            </trkpt>
            <trkpt lat="47.74142599999999703186404076404869556427001953125" lon="15.762686999999999670762917958199977874755859375">
                <ele>1050.23804704009808119735680520534515380859375</ele>
            </trkpt>
            <trkpt lat="47.7414950000000004592948243953287601470947265625" lon="15.762660000000000337649908033199608325958251953125">
                <ele>1047.940863999985367627232335507869720458984375</ele>
            </trkpt>
            <trkpt lat="47.74158299999999854890120332129299640655517578125" lon="15.7626790000000003288960215286351740360260009765625">
                <ele>1045.046561440047980795498006045818328857421875</ele>
            </trkpt>
            <trkpt lat="47.7416410000000013269527698867022991180419921875" lon="15.7626399999999993184474078589119017124176025390625">
                <ele>1043.16902079995770691311918199062347412109375</ele>
            </trkpt>
            <trkpt lat="47.74166100000000056979843066073954105377197265625" lon="15.762570000000000192130755749531090259552001953125">
                <ele>1042.596798399981935290270484983921051025390625</ele>
            </trkpt>
            <trkpt lat="47.74170099999999905548975220881402492523193359375" lon="15.76253799999999927194949123077094554901123046875">
                <ele>1040.93926176004470107727684080600738525390625</ele>
            </trkpt>
            <trkpt lat="47.7417530000000027712303563021123409271240234375" lon="15.7624370000000002534079612814821302890777587890625">
                <ele>1035.538318559902336346567608416080474853515625</ele>
            </trkpt>
            <trkpt lat="47.741793999999998732164385728538036346435546875" lon="15.7624230000000000728732629795558750629425048828125">
                <ele>1033.23526752005136586376465857028961181640625</ele>
            </trkpt>
            <trkpt lat="47.74184799999999739839040557853877544403076171875" lon="15.7621839999999995285406839684583246707916259765625">
                <ele>1020.22707072004095607553608715534210205078125</ele>
            </trkpt>
            <trkpt lat="47.7419670000000024856490199454128742218017578125" lon="15.7621430000000000148929757415316998958587646484375">
                <ele>1015.7210097599444225124898366630077362060546875</ele>
            </trkpt>
            <trkpt lat="47.74204499999999740111888968385756015777587890625" lon="15.7622309999999998808561940677464008331298828125">
                <ele>1016.9929992000661513884551823139190673828125</ele>
            </trkpt>
            <trkpt lat="47.7420690000000007557900971733033657073974609375" lon="15.762164999999999537294570473022758960723876953125">
                <ele>1014.1827095999664152259356342256069183349609375</ele>
            </trkpt>
            <trkpt lat="47.74208200000000346108208759687840938568115234375" lon="15.762164999999999537294570473022758960723876953125">
                <ele>1013.87822879990335422917269170284271240234375</ele>
            </trkpt>
            <trkpt lat="47.742130000000003064997144974768161773681640625" lon="15.76229000000000013415046851150691509246826171875">
                <ele>1016.38459199990893466747365891933441162109375</ele>
            </trkpt>
            <trkpt lat="47.74215000000000230784280574880540370941162109375" lon="15.762257999999999213969203992746770381927490234375">
                <ele>1014.876911999910817030468024313449859619140625</ele>
            </trkpt>
            <trkpt lat="47.742220000000003210516297258436679840087890625" lon="15.761967999999999534566086367703974246978759765625">
                <ele>1005.9710015999502275008126161992549896240234375</ele>
            </trkpt>
            <trkpt lat="47.74225100000000310274117509834468364715576171875" lon="15.7619489999999995433199728722684085369110107421875">
                <ele>1005.189371039956085951416753232479095458984375</ele>
            </trkpt>
            <trkpt lat="47.74229799999999812598616699688136577606201171875" lon="15.7618460000000002452225089655257761478424072265625">
                <ele>1002.717943680012467666529119014739990234375</ele>
            </trkpt>
            <trkpt lat="47.74230899999999877536538406275212764739990234375" lon="15.7619530000000001024318407871760427951812744140625">
                <ele>1004.6444779200146513176150619983673095703125</ele>
            </trkpt>
            <trkpt lat="47.74235300000000137288225232623517513275146484375" lon="15.7619950000000006440359356929548084735870361328125">
                <ele>1004.8315655999914497442659921944141387939453125</ele>
            </trkpt>
            <trkpt lat="47.7423840000000012651071301661431789398193359375" lon="15.7618829999999991997583492775447666645050048828125">
                <ele>1002.8431891199796837099711410701274871826171875</ele>
            </trkpt>
            <trkpt lat="47.7423840000000012651071301661431789398193359375" lon="15.7617980000000006413074515876360237598419189453125">
                <ele>1001.6490547200061200783238746225833892822265625</ele>
            </trkpt>
            <trkpt lat="47.74243700000000245609044213779270648956298828125" lon="15.7617019999999996571204974316060543060302734375">
                <ele>1000.507823040005177972489036619663238525390625</ele>
            </trkpt>
            <trkpt lat="47.7425860000000028549038688652217388153076171875" lon="15.761931000000000580030246055684983730316162109375">
                <ele>996.3948547198073129038675688207149505615234375</ele>
            </trkpt>
            <trkpt lat="47.74259399999999686770024709403514862060546875" lon="15.76183999999999940655470709316432476043701171875">
                <ele>995.2669632002152866334654390811920166015625</ele>
            </trkpt>
            <trkpt lat="47.7426200000000022782842279411852359771728515625" lon="15.7617519999999995405914887669496238231658935546875">
                <ele>992.94718079984522773884236812591552734375</ele>
            </trkpt>
            <trkpt lat="47.74261800000000022237145458348095417022705078125" lon="15.7615730000000002775095708784647285938262939453125">
                <ele>986.2054128000063428771682083606719970703125</ele>
            </trkpt>
            <trkpt lat="47.74263499999999993406163412146270275115966796875" lon="15.7615350000000002950173438875935971736907958984375">
                <ele>982.625820000024532419047318398952484130859375</ele>
            </trkpt>
            <trkpt lat="47.74262399999999928468241705559194087982177734375" lon="15.7614649999999993923438523779623210430145263671875">
                <ele>978.5416319999984580135787837207317352294921875</ele>
            </trkpt>
            <trkpt lat="47.74268000000000000682121026329696178436279296875" lon="15.76150200000000012323653209023177623748779296875">
                <ele>977.875872000008484974387101829051971435546875</ele>
            </trkpt>
            <trkpt lat="47.7427009999999967249095789156854152679443359375" lon="15.7614380000000000592308424529619514942169189453125">
                <ele>972.6839376001761365841957740485668182373046875</ele>
            </trkpt>
            <trkpt lat="47.74275899999999950296114548109471797943115234375" lon="15.76151899999999983492671162821352481842041015625">
                <ele>974.409919200020112839411012828350067138671875</ele>
            </trkpt>
            <trkpt lat="47.7427909999999968704287311993539333343505859375" lon="15.7614479999999996806536728399805724620819091796875">
                <ele>968.5369536001488768306444399058818817138671875</ele>
            </trkpt>
            <trkpt lat="47.74284800000000217323758988641202449798583984375" lon="15.7613859999999998962039171601645648479461669921875">
                <ele>962.22514559988894689013250172138214111328125</ele>
            </trkpt>
            <trkpt lat="47.74281700000000228101271204650402069091796875" lon="15.761300999999999561396180070005357265472412109375">
                <ele>959.0645783998771776168723590672016143798828125</ele>
            </trkpt>
            <trkpt lat="47.74295000000000044337866711430251598358154296875" lon="15.7613079999999996516635292209684848785400390625">
                <ele>953.6035199999652149926987476646900177001953125</ele>
            </trkpt>
            <trkpt lat="47.74305799999999777583070681430399417877197265625" lon="15.76136999999999943611328490078449249267578125">
                <ele>951.3013920000856842307257466018199920654296875</ele>
            </trkpt>
            <trkpt lat="47.743076000000002068190951831638813018798828125" lon="15.7613339999999997331769918673671782016754150390625">
                <ele>949.0599167998965413062251172959804534912109375</ele>
            </trkpt>
            <trkpt lat="47.74303499999999900182956480421125888824462890625" lon="15.761191000000000173031367012299597263336181640625">
                <ele>945.07801200004405473009683191776275634765625</ele>
            </trkpt>
            <trkpt lat="47.74315200000000203317540581338107585906982421875" lon="15.761233000000000714635461918078362941741943359375">
                <ele>942.2226431999453097887453623116016387939453125</ele>
            </trkpt>
            <trkpt lat="47.743166999999999688952811993658542633056640625" lon="15.7611129999999999284909790731035172939300537109375">
                <ele>937.750759200008133120718412101268768310546875</ele>
            </trkpt>
            <trkpt lat="47.743212999999997236955096013844013214111328125" lon="15.7611100000000003973354978370480239391326904296875">
                <ele>936.221736000098417207482270896434783935546875</ele>
            </trkpt>
            <trkpt lat="47.743414999999998826751834712922573089599609375" lon="15.760996999999999701458364143036305904388427734375">
                <ele>924.3372448000801568923634476959705352783203125</ele>
            </trkpt>
            <trkpt lat="47.74345699999999936835592961870133876800537109375" lon="15.7612199999999997857003108947537839412689208984375">
                <ele>925.5882784000478977759485132992267608642578125</ele>
            </trkpt>
            <trkpt lat="47.74353099999999727742761024273931980133056640625" lon="15.761245999999999867213773541152477264404296875">
                <ele>920.4882169602079784453962929546833038330078125</ele>
            </trkpt>
            <trkpt lat="47.7435540000000031568561098538339138031005859375" lon="15.7611989999999995148982634418644011020660400390625">
                <ele>917.975292159761693255859427154064178466796875</ele>
            </trkpt>
            <trkpt lat="47.743662999999997964550857432186603546142578125" lon="15.7612790000000000389945853385142982006072998046875">
                <ele>910.9833299201605996131547726690769195556640625</ele>
            </trkpt>
            <trkpt lat="47.74360999999999677356754546053707599639892578125" lon="15.761426000000000158252078108489513397216796875">
                <ele>917.2637056002644158070324920117855072021484375</ele>
            </trkpt>
            <trkpt lat="47.74364700000000283353074337355792522430419921875" lon="15.7614380000000000592308424529619514942169189453125">
                <ele>914.48894655977937873103655874729156494140625</ele>
            </trkpt>
            <trkpt lat="47.74361999999999994770405464805662631988525390625" lon="15.761511999999999744659362477250397205352783203125">
                <ele>917.756742400005578019772656261920928955078125</ele>
            </trkpt>
            <trkpt lat="47.74365399999999937108441372402012348175048828125" lon="15.7615689999999997183977029635570943355560302734375">
                <ele>915.791176960053462607902474701404571533203125</ele>
            </trkpt>
            <trkpt lat="47.74369200000000290629031951539218425750732421875" lon="15.7615280000000002047499947366304695606231689453125">
                <ele>912.0922969597696692289900965988636016845703125</ele>
            </trkpt>
            <trkpt lat="47.743740999999999985448084771633148193359375" lon="15.761561000000000376530806533992290496826171875">
                <ele>908.476888960011137896799482405185699462890625</ele>
            </trkpt>
            <trkpt lat="47.74374499999999699184627388603985309600830078125" lon="15.7615440000000006648406269960105419158935546875">
                <ele>907.9398688002611379488371312618255615234375</ele>
            </trkpt>
            <trkpt lat="47.74381699999999995043253875337541103363037109375" lon="15.7615999999999996106225808034650981426239013671875">
                <ele>902.5945120000054657793953083455562591552734375</ele>
            </trkpt>
            <trkpt lat="47.7438360000000017180354916490614414215087890625" lon="15.7616390000000006210711944731883704662322998046875">
                <ele>901.39561983986641280353069305419921875</ele>
            </trkpt>
            <trkpt lat="47.74388900000000290901880362071096897125244140625" lon="15.7616460000000007113385436241514980792999267578125">
                <ele>896.9753862397652710569673217833042144775390625</ele>
            </trkpt>
            <trkpt lat="47.74391299999999915826265350915491580963134765625" lon="15.7617080000000004957882993039675056934356689453125">
                <ele>895.0282982400766513819689862430095672607421875</ele>
            </trkpt>
            <trkpt lat="47.7439159999999986894181347452104091644287109375" lon="15.7617580000000003792592906393110752105712890625">
                <ele>894.6705676801169602185836993157863616943359375</ele>
            </trkpt>
            <trkpt lat="47.74395899999999670626493752934038639068603515625" lon="15.761782000000000181216819328255951404571533203125">
                <ele>890.950889280286673965747468173503875732421875</ele>
            </trkpt>
            <trkpt lat="47.74404100000000283898771158419549465179443359375" lon="15.761787999999999243527781800366938114166259765625">
                <ele>883.9375564797652486959123052656650543212890625</ele>
            </trkpt>
            <trkpt lat="47.744089000000002442902768962085247039794921875" lon="15.7616929999999992872972143231891095638275146484375">
                <ele>880.05694511979936578427441418170928955078125</ele>
            </trkpt>
            <trkpt lat="47.7441409999999990532160154543817043304443359375" lon="15.761815999999999604597178404219448566436767578125">
                <ele>875.33391936008774791844189167022705078125</ele>
            </trkpt>
            <trkpt lat="47.744180000000000063664629124104976654052734375" lon="15.7618659999999994880681697395630180835723876953125">
                <ele>871.5475264000039032907807268202304840087890625</ele>
            </trkpt>
            <trkpt lat="47.744180000000000063664629124104976654052734375" lon="15.7618659999999994880681697395630180835723876953125">
                <ele>871.5475264000039032907807268202304840087890625</ele>
            </trkpt>
            <trkpt lat="47.74424400000000190402715816162526607513427734375" lon="15.7619489999999995433199728722684085369110107421875">
                <ele>864.3836876798023922674474306404590606689453125</ele>
            </trkpt>
            <trkpt lat="47.74427800000000132740751723758876323699951171875" lon="15.761903000000000218960849451832473278045654296875">
                <ele>860.6954675198636550703668035566806793212890625</ele>
            </trkpt>
            <trkpt lat="47.74430799999999663896232959814369678497314453125" lon="15.761900000000000687805368215776979923248291015625">
                <ele>857.39785600037930635153315961360931396484375</ele>
            </trkpt>
            <trkpt lat="47.7443870000000032405296224169433116912841796875" lon="15.761945000000000760564944357611238956451416015625">
                <ele>848.7737151996567490641609765589237213134765625</ele>
            </trkpt>
            <trkpt lat="47.74441900000000060799720813520252704620361328125" lon="15.7619109999999995608277458813972771167755126953125">
                <ele>845.212971519941902442951686680316925048828125</ele>
            </trkpt>
            <trkpt lat="47.74441300000000154568624566309154033660888671875" lon="15.761860999999999677356754546053707599639892578125">
                <ele>845.778807039838056880398653447628021240234375</ele>
            </trkpt>
            <trkpt lat="47.74445999999999656893123756162822246551513671875" lon="15.76183999999999940655470709316432476043701171875">
                <ele>840.5225920003889541476382873952388763427734375</ele>
            </trkpt>
            <trkpt lat="47.74448399999999992360244505107402801513671875" lon="15.761872000000000326735971611924469470977783203125">
                <ele>837.9571494400189521911670453846454620361328125</ele>
            </trkpt>
            <trkpt lat="47.74454200000000270165401161648333072662353515625" lon="15.7618810000000006965592547203414142131805419921875">
                <ele>831.5877145597142998667550273239612579345703125</ele>
            </trkpt>
            <trkpt lat="47.74458800000000024965629563666880130767822265625" lon="15.761829999999999785131876706145703792572021484375">
                <ele>826.2651711999807275788043625652790069580078125</ele>
            </trkpt>
            <trkpt lat="47.74463800000000190948412637226283550262451171875" lon="15.761863999999999208512235782109200954437255859375">
                <ele>820.901608959793747999356128275394439697265625</ele>
            </trkpt>
            <trkpt lat="47.744607000000002017259248532354831695556640625" lon="15.7621079999999995635562299867160618305206298828125">
                <ele>825.6008876797922084733727388083934783935546875</ele>
            </trkpt>
            <trkpt lat="47.74479999999999790816218592226505279541015625" lon="15.7618969999999993802930475794710218906402587890625">
                <ele>803.267968000234077408094890415668487548828125</ele>
            </trkpt>
            <trkpt lat="47.74480199999999996407495927996933460235595703125" lon="15.7618360000000006237996785785071551799774169921875">
                <ele>802.524636160018644659430719912052154541015625</ele>
            </trkpt>
            <trkpt lat="47.7449299999999965393726597540080547332763671875" lon="15.7618869999999997588702171924524009227752685546875">
                <ele>788.8574848003878514646203257143497467041015625</ele>
            </trkpt>
            <trkpt lat="47.74488699999999852252585696987807750701904296875" lon="15.7621570000000001954276740434579551219940185546875">
                <ele>796.308555520166692076600156724452972412109375</ele>
            </trkpt>
            <trkpt lat="47.744855000000001155058271251618862152099609375" lon="15.7622219999999995110329109593294560909271240234375">
                <ele>800.30255679988340489217080175876617431640625</ele>
            </trkpt>
            <trkpt lat="47.74490300000000075897332862950861454010009765625" lon="15.762378999999999251713234116323292255401611328125">
                <ele>796.912015359923543655895628035068511962890625</ele>
            </trkpt>
            <trkpt lat="47.74493499999999812644091434776782989501953125" lon="15.7623189999999997468194123939611017704010009765625">
                <ele>793.005299200198123799054883420467376708984375</ele>
            </trkpt>
            <trkpt lat="47.74501500000000220325091504491865634918212890625" lon="15.762240999999999502279024454765021800994873046875">
                <ele>783.8539719997671681994688697159290313720703125</ele>
            </trkpt>
            <trkpt lat="47.74502400000000079671735875308513641357421875" lon="15.7621859999999998080966179259121417999267578125">
                <ele>782.280659199915362478350289165973663330078125</ele>
            </trkpt>
            <trkpt lat="47.74510500000000234877006732858717441558837890625" lon="15.7620459999999997791064743069000542163848876953125">
                <ele>772.4332239997589795166277326643466949462890625</ele>
            </trkpt>
            <trkpt lat="47.74509299999999711872078478336334228515625" lon="15.7619910000000000849240677780471742153167724609375">
                <ele>773.0236264002902544234530068933963775634765625</ele>
            </trkpt>
            <trkpt lat="47.74510599999999982401277520693838596343994140625" lon="15.761967999999999534566086367703974246978759765625">
                <ele>771.4556224000115207672934047877788543701171875</ele>
            </trkpt>
            <trkpt lat="47.74520700000000061891114455647766590118408203125" lon="15.76195500000000038198777474462985992431640625">
                <ele>761.161467999940896334010176360607147216796875</ele>
            </trkpt>
            <trkpt lat="47.7451650000000000773070496506989002227783203125" lon="15.7618700000000000471800376544706523418426513671875">
                <ele>764.462439999991829608916305005550384521484375</ele>
            </trkpt>
            <trkpt lat="47.7451549999999969031705404631793498992919921875" lon="15.7617910000000005510401024366728961467742919921875">
                <ele>764.6012440003124766008113510906696319580078125</ele>
            </trkpt>
            <trkpt lat="47.7451650000000000773070496506989002227783203125" lon="15.7616700000000005132960723130963742733001708984375">
                <ele>762.3000399999970113640301860868930816650390625</ele>
            </trkpt>
            <trkpt lat="47.74519599999999996953192749060690402984619140625" lon="15.761689000000000504542185808531939983367919921875">
                <ele>759.450083200007384220953099429607391357421875</ele>
            </trkpt>
            <trkpt lat="47.74519099999999838246367289684712886810302734375" lon="15.761585000000000178488335222937166690826416015625">
                <ele>754.052215200169712261413224041461944580078125</ele>
            </trkpt>
            <trkpt lat="47.7452669999999983474481268785893917083740234375" lon="15.761568000000000466798155684955418109893798828125">
                <ele>745.3645939201933288131840527057647705078125</ele>
            </trkpt>
            <trkpt lat="47.7452719999999999345163814723491668701171875" lon="15.7614479999999996806536728399805724620819091796875">
                <ele>736.521457919981912709772586822509765625</ele>
            </trkpt>
            <trkpt lat="47.745418999999998277417034842073917388916015625" lon="15.76142899999999968940755934454500675201416015625">
                <ele>720.58380432014701000298373401165008544921875</ele>
            </trkpt>
            <trkpt lat="47.74547199999999946840034681372344493865966796875" lon="15.7613479999999999137116901692934334278106689453125">
                <ele>709.6086259200445738315465860068798065185546875</ele>
            </trkpt>
            <trkpt lat="47.745576999999997269696905277669429779052734375" lon="15.761348999999999165311237447895109653472900390625">
                <ele>699.202971360210767670650966465473175048828125</ele>
            </trkpt>
            <trkpt lat="47.74563599999999752299117972142994403839111328125" lon="15.7611930000000004525873009697534143924713134765625">
                <ele>682.217391360278497813851572573184967041015625</ele>
            </trkpt>
            <trkpt lat="47.74564099999999911005943431518971920013427734375" lon="15.761025000000000062527760746888816356658935546875">
                <ele>669.7587480000920550082810223102569580078125</ele>
            </trkpt>
            <trkpt lat="47.7455860000000029685907065868377685546875" lon="15.7609879999999993316350810346193611621856689453125">
                <ele>672.6987417596493514793110080063343048095703125</ele>
            </trkpt>
            <trkpt lat="47.74549300000000329191607306711375713348388671875" lon="15.7609860000000008284359864774160087108612060546875">
                <ele>681.9815433597224227924016304314136505126953125</ele>
            </trkpt>
            <trkpt lat="47.745237000000003035893314518034458160400390625" lon="15.760816999999999410420059575699269771575927734375">
                <ele>696.09551199964835177524946630001068115234375</ele>
            </trkpt>
            <trkpt lat="47.74513300000000270983946393243968486785888671875" lon="15.7606500000000000483169060316868126392364501953125">
                <ele>692.74959999976226754370145499706268310546875</ele>
            </trkpt>
            <trkpt lat="47.74508900000000011232259566895663738250732421875" lon="15.7605310000000002901288098655641078948974609375">
                <ele>686.4237520000148151666508056223392486572265625</ele>
            </trkpt>
            <trkpt lat="47.7451089999999993551682564429938793182373046875" lon="15.7604910000000000280806489172391593456268310546875">
                <ele>681.4370320000510901081725023686885833740234375</ele>
            </trkpt>
            <trkpt lat="47.74520299999999650708559784106910228729248046875" lon="15.760476000000000595946403336711227893829345703125">
                <ele>672.99918400031174314790405333042144775390625</ele>
            </trkpt>
            <trkpt lat="47.74522300000000285535861621610820293426513671875" lon="15.760450999999999766032487968914210796356201171875">
                <ele>669.565143999768451976706273853778839111328125</ele>
            </trkpt>
            <trkpt lat="47.7452660000000008722054190002381801605224609375" lon="15.760493000000000307636582874692976474761962890625">
                <ele>669.439263999953936945530585944652557373046875</ele>
            </trkpt>
            <trkpt lat="47.74527299999999740975908935070037841796875" lon="15.76042400000000043291947804391384124755859375">
                <ele>663.8774560002183307005907408893108367919921875</ele>
            </trkpt>
            <trkpt lat="47.74534200000000083718987298198044300079345703125" lon="15.760419999999999873807610129006206989288330078125">
                <ele>658.601919999930032645352184772491455078125</ele>
            </trkpt>
            <trkpt lat="47.7453909999999979163476382382214069366455078125" lon="15.7603509999999999990905052982270717620849609375">
                <ele>650.629048000139164287247695028781890869140625</ele>
            </trkpt>
            <trkpt lat="47.74565299999999723468135925941169261932373046875" lon="15.7605880000000002638671503518708050251007080078125">
                <ele>643.7597920002443743214826099574565887451171875</ele>
            </trkpt>
            <trkpt lat="47.745778999999998859493643976747989654541015625" lon="15.760749000000000563659341423772275447845458984375">
                <ele>638.9796880001291583539568819105625152587890625</ele>
            </trkpt>
            <trkpt lat="47.74586000000000041154635255225002765655517578125" lon="15.7608910000000008722054190002381801605224609375">
                <ele>638.7645632000303521635942161083221435546875</ele>
            </trkpt>
            <trkpt lat="47.7462569999999999481588019989430904388427734375" lon="15.761157000000000749651007936336100101470947265625">
                <ele>618.133095680026826812536455690860748291015625</ele>
            </trkpt>
            <trkpt lat="47.74626500000000106638253782875835895538330078125" lon="15.7612830000000005981064532534219324588775634765625">
                <ele>620.7790783998983670244342647492885589599609375</ele>
            </trkpt>
            <trkpt lat="47.74624000000000023646862246096134185791015625" lon="15.7614070000000001670059646130539476871490478515625">
                <ele>627.264377599976569399586878716945648193359375</ele>
            </trkpt>
            <trkpt lat="47.74605799999999788951754453592002391815185546875" lon="15.7616139999999997911572791053913533687591552734375">
                <ele>659.9651878402981992621789686381816864013671875</ele>
            </trkpt>
            <trkpt lat="47.74603400000000164027369464747607707977294921875" lon="15.7616549999999993048049873323179781436920166015625">
                <ele>665.56192639971914104535244405269622802734375</ele>
            </trkpt>
            <trkpt lat="47.74597399999999680630935472436249256134033203125" lon="15.7618869999999997588702171924524009227752685546875">
                <ele>676.553200000483457188238389790058135986328125</ele>
            </trkpt>
            <trkpt lat="47.74597399999999680630935472436249256134033203125" lon="15.7621769999999994382733348174951970577239990234375">
                <ele>678.2932000004815336069441400468349456787109375</ele>
            </trkpt>
            <trkpt lat="47.7460669999999964829839882440865039825439453125" lon="15.762888000000000232603269978426396846771240234375">
                <ele>642.55120192036019943770952522754669189453125</ele>
            </trkpt>
            <trkpt lat="47.74606200000000200134309125132858753204345703125" lon="15.76299900000000064892446971498429775238037109375">
                <ele>636.252189759782368128071539103984832763671875</ele>
            </trkpt>
            <trkpt lat="47.7461109999999990805008565075695514678955078125" lon="15.7632390000000004448565960046835243701934814453125">
                <ele>618.4185860800376985935145057737827301025390625</ele>
            </trkpt>
            <trkpt lat="47.746228999999999587089405395090579986572265625" lon="15.763339999999999463398125953972339630126953125">
                <ele>607.0642048000239583416259847581386566162109375</ele>
            </trkpt>
            <trkpt lat="47.74624299999999976762410369701683521270751953125" lon="15.7634050000000005553602022700943052768707275390625">
                <ele>606.1483672000114211186883039772510528564453125</ele>
            </trkpt>
            <trkpt lat="47.7462909999999993715391610749065876007080078125" lon="15.7635009999999997631903170258738100528717041015625">
                <ele>603.35170288003473615390248596668243408203125</ele>
            </trkpt>
            <trkpt lat="47.746296000000000958607415668666362762451171875" lon="15.7636009999999995301322996965609490871429443359375">
                <ele>602.770209279952041470096446573734283447265625</ele>
            </trkpt>
            <trkpt lat="47.74627799999999666624717065133154392242431640625" lon="15.7636780000000005230731403571553528308868408203125">
                <ele>603.4795091201764307697885669767856597900390625</ele>
            </trkpt>
            <trkpt lat="47.74627799999999666624717065133154392242431640625" lon="15.76371100000000069485395215451717376708984375">
                <ele>603.3765174401763715650304220616817474365234375</ele>
            </trkpt>
            <trkpt lat="47.746228999999999587089405395090579986572265625" lon="15.7637710000000001997477738768793642520904541015625">
                <ele>605.810305120022576375049538910388946533203125</ele>
            </trkpt>
            <trkpt lat="47.74623900000000276122591458261013031005859375" lon="15.763870000000000715090209268964827060699462890625">
                <ele>604.9831023998500540983513928949832916259765625</ele>
            </trkpt>
            <trkpt lat="47.7462909999999993715391610749065876007080078125" lon="15.763947999999999183273757807910442352294921875">
                <ele>601.93153024003777318284846842288970947265625</ele>
            </trkpt>
            <trkpt lat="47.7463089999999965584720484912395477294921875" lon="15.76387700000000080535755841992795467376708984375">
                <ele>601.1860302401840954189538024365901947021484375</ele>
            </trkpt>
            <trkpt lat="47.7463570000000032678144634701311588287353515625" lon="15.7639060000000004180265023023821413516998291015625">
                <ele>598.496090559822960130986757576465606689453125</ele>
            </trkpt>
            <trkpt lat="47.746386999999998579369275830686092376708984375" lon="15.763825000000000642330633127130568027496337890625">
                <ele>597.1648120000751305269659496843814849853515625</ele>
            </trkpt>
            <trkpt lat="47.74642999999999659621607861481606960296630859375" lon="15.7638839999999991192680681706406176090240478515625">
                <ele>594.6318016001881687770946882665157318115234375</ele>
            </trkpt>
            <trkpt lat="47.74645799999999695728547521866858005523681640625" lon="15.7638909999999992095354173216037452220916748046875">
                <ele>593.0931030401685575270676054060459136962890625</ele>
            </trkpt>
            <trkpt lat="47.7464829999999977871993905864655971527099609375" lon="15.7638470000000001647322278586216270923614501953125">
                <ele>591.9191636801195954831200651824474334716796875</ele>
            </trkpt>
            <trkpt lat="47.746543000000002621163730509579181671142578125" lon="15.7639750000000002927436071331612765789031982421875">
                <ele>588.14400399985743206343613564968109130859375</ele>
            </trkpt>
            <trkpt lat="47.74680099999999782767190481536090373992919921875" lon="15.7643900000000005690026227966882288455963134765625">
                <ele>583.094347200030142630566842854022979736328125</ele>
            </trkpt>
            <trkpt lat="47.746994999999998299244907684624195098876953125" lon="15.76477799999999973579178913496434688568115234375">
                <ele>581.9657328000497500397614203393459320068359375</ele>
            </trkpt>
            <trkpt lat="47.74709299999999956298779579810798168182373046875" lon="15.7650020000000008479901225655339658260345458984375">
                <ele>578.612455680016637415974400937557220458984375</ele>
            </trkpt>
            <trkpt lat="47.747298000000000683940015733242034912109375" lon="15.76556599999999974670572555623948574066162109375">
                <ele>569.490723839975771625177003443241119384765625</ele>
            </trkpt>
            <trkpt lat="47.74736399999999747478796052746474742889404296875" lon="15.7657959999999999212150214589200913906097412109375">
                <ele>566.61862272009557273122482001781463623046875</ele>
            </trkpt>
            <trkpt lat="47.747535999999996647602529264986515045166015625" lon="15.7664810000000006340314939734525978565216064453125">
                <ele>565.0649747199595367419533431529998779296875</ele>
            </trkpt>
            <trkpt lat="47.7476070000000021309460862539708614349365234375" lon="15.7665950000000005815081749460659921169281005859375">
                <ele>566.38889680002603199682198464870452880859375</ele>
            </trkpt>
            <trkpt lat="47.7476529999999996789483702741563320159912109375" lon="15.766897000000000161890056915581226348876953125">
                <ele>566.9774940799956084447330795228481292724609375</ele>
            </trkpt>
            <trkpt lat="47.74765599999999921010385151021182537078857421875" lon="15.7671030000000005344418241293169558048248291015625">
                <ele>566.857235839989471060107462108135223388671875</ele>
            </trkpt>
            <trkpt lat="47.74763300000000043610270950011909008026123046875" lon="15.767286999999999608235157211311161518096923828125">
                <ele>566.4296124800051757119945250451564788818359375</ele>
            </trkpt>
            <trkpt lat="47.74765599999999921010385151021182537078857421875" lon="15.7674430000000000973159330897033214569091796875">
                <ele>566.6019910399890022745239548385143280029296875</ele>
            </trkpt>
            <trkpt lat="47.7474610000000012632881407625973224639892578125" lon="15.7679810000000006908749128342606127262115478515625">
                <ele>557.8878963199430245367693714797496795654296875</ele>
            </trkpt>
            <trkpt lat="47.74728300000000302816260955296456813812255859375" lon="15.7681799999999991968024914967827498912811279296875">
                <ele>560.7505087999110173768713138997554779052734375</ele>
            </trkpt>
            <trkpt lat="47.74718500000000176441972143948078155517578125" lon="15.7683359999999996858832673751749098300933837890625">
                <ele>561.0521215999468722657184116542339324951171875</ele>
            </trkpt>
            <trkpt lat="47.746667999999999665305949747562408447265625" lon="15.769035999999999830833985470235347747802734375">
                <ele>554.8847244800102771478123031556606292724609375</ele>
            </trkpt>
            <trkpt lat="47.74647300000000171849023899994790554046630859375" lon="15.769346999999999781039150548167526721954345703125">
                <ele>556.515698719951842576847411692142486572265625</ele>
            </trkpt>
            <trkpt lat="47.74631099999999861438482184894382953643798828125" lon="15.769662000000000290356183541007339954376220703125">
                <ele>558.2311318400230675251805223524570465087890625</ele>
            </trkpt>
            <trkpt lat="47.746251999999998361090547405183315277099609375" lon="15.7698160000000004998810254619456827640533447265625">
                <ele>557.571011840016353744431398808956146240234375</ele>
            </trkpt>
            <trkpt lat="47.746251999999998361090547405183315277099609375" lon="15.7698160000000004998810254619456827640533447265625">
                <ele>557.571011840016353744431398808956146240234375</ele>
            </trkpt>
            <trkpt lat="47.74615099999999756619217805564403533935546875" lon="15.7700809999999993493702277191914618015289306640625">
                <ele>556.4264844800067066898918710649013519287109375</ele>
            </trkpt>
            <trkpt lat="47.74602399999999846613718545995652675628662109375" lon="15.770573999999999870169631321914494037628173828125">
                <ele>555.2823180799706506149959750473499298095703125</ele>
            </trkpt>
            <trkpt lat="47.746093999999999368810676969587802886962890625" lon="15.7704970000000006535856300615705549716949462890625">
                <ele>556.6289254399898709380067884922027587890625</ele>
            </trkpt>
            <trkpt lat="47.74619899999999717010723543353378772735595703125" lon="15.7702749999999998209432305884547531604766845703125">
                <ele>557.2009279999834916452527977526187896728515625</ele>
            </trkpt>
            <trkpt lat="47.7463539999999966312316246330738067626953125" lon="15.7700809999999993493702277191914618015289306640625">
                <ele>555.722577920003686813288368284702301025390625</ele>
            </trkpt>
            <trkpt lat="47.74646599999999807550921104848384857177734375" lon="15.7700099999999991950971889309585094451904296875">
                <ele>554.1163327999989860472851432859897613525390625</ele>
            </trkpt>
            <trkpt lat="47.7466289999999986548573360778391361236572265625" lon="15.7699459999999991310914992936886847019195556640625">
                <ele>552.7089660800112369543057866394519805908203125</ele>
            </trkpt>
            <trkpt lat="47.74668100000000237059794017113745212554931640625" lon="15.77000100000000060163074522279202938079833984375">
                <ele>552.8707921600718009358388371765613555908203125</ele>
            </trkpt>
            <trkpt lat="47.7468020000000024083419702947139739990234375" lon="15.7700499999999994571453498792834579944610595703125">
                <ele>557.2531360000433551249443553388118743896484375</ele>
            </trkpt>
            <trkpt lat="47.7469449999999966394170769490301609039306640625" lon="15.7700119999999994746531228884123265743255615234375">
                <ele>559.5881823998989830215577967464923858642578125</ele>
            </trkpt>
            <trkpt lat="47.747151000000002341039362363517284393310546875" lon="15.7699219999999993291339706047438085079193115234375">
                <ele>562.90319392003993925754912197589874267578125</ele>
            </trkpt>
            <trkpt lat="47.74730799999999675264916731975972652435302734375" lon="15.7698060000000008784581950749270617961883544921875">
                <ele>564.0223052799561855863430537283420562744140625</ele>
            </trkpt>
            <trkpt lat="47.7474320000000034269760362803936004638671875" lon="15.7696740000000001913349478854797780513763427734375">
                <ele>563.2593164800556451154989190399646759033203125</ele>
            </trkpt>
        </trkseg>
    </trk>
</gpx>
