<?xml version="1.0" encoding="UTF-8" standalone="yes"?>
<gpx xmlns="http://www.topografix.com/GPX/1/1" creator="alpenkarte.eu">
    <metadata>
        <name>Hofersteig</name>
        <link href="alpenkarte.eu">
            <text>Route von alpenkarte.eu</text>
        </link>
        <bounds minlat="47.63722800000000034970071283169090747833251953125" minlon="14.360291000000000138925315695814788341522216796875" maxlat="47.65289200000000136014932650141417980194091796875" maxlon="14.397498999999999824694896233268082141876220703125"/>
    </metadata>
    <trk>
        <name>Hofersteig</name>
        <trkseg>
            <trkpt lat="47.64000200000000262434696196578443050384521484375" lon="14.3608840000000004266667019692249596118927001953125">
                <ele>1020.63775104002206717268563807010650634765625</ele>
            </trkpt>
            <trkpt lat="47.63983300000000298268787446431815624237060546875" lon="14.3615750000000002017941369558684527873992919921875">
                <ele>1023.392219999980397915351204574108123779296875</ele>
            </trkpt>
            <trkpt lat="47.63963600000000297995939035899937152862548828125" lon="14.362610000000000098907548817805945873260498046875">
                <ele>1030.756569600005832398892380297183990478515625</ele>
            </trkpt>
            <trkpt lat="47.6396069999999980382199282757937908172607421875" lon="14.3628769999999992279526850325055420398712158203125">
                <ele>1032.34179263998839815030805766582489013671875</ele>
            </trkpt>
            <trkpt lat="47.63963199999999886813384364359080791473388671875" lon="14.3639740000000006858726919745095074176788330078125">
                <ele>1039.74488959999280268675647675991058349609375</ele>
            </trkpt>
            <trkpt lat="47.6396299999999968122210702858865261077880859375" lon="14.3643699999999991945287547423504292964935302734375">
                <ele>1042.361983999950780344079248607158660888671875</ele>
            </trkpt>
            <trkpt lat="47.63960800000000261888999375514686107635498046875" lon="14.364644999999999441797626786865293979644775390625">
                <ele>1043.767942400038691630470566451549530029296875</ele>
            </trkpt>
            <trkpt lat="47.63961400000000168120095622725784778594970703125" lon="14.365213000000000675981937092728912830352783203125">
                <ele>1047.423236480039349771686829626560211181640625</ele>
            </trkpt>
            <trkpt lat="47.63957099999999655892679584212601184844970703125" lon="14.36548499999999961573848850093781948089599609375">
                <ele>1048.12151839991702217957936227321624755859375</ele>
            </trkpt>
            <trkpt lat="47.6395380000000017162165022455155849456787109375" lon="14.365581999999999851524989935569465160369873046875">
                <ele>1047.89364224004066272755153477191925048828125</ele>
            </trkpt>
            <trkpt lat="47.63948500000000052523319027386605739593505859375" lon="14.3662550000000006633626981056295335292816162109375">
                <ele>1049.495876000017460683011449873447418212890625</ele>
            </trkpt>
            <trkpt lat="47.63936000000000348109097103588283061981201171875" lon="14.366842999999999364035829785279929637908935546875">
                <ele>1048.407091200101376671227626502513885498046875</ele>
            </trkpt>
            <trkpt lat="47.639284000000003516106517054140567779541015625" lon="14.3670919999999995297912391833961009979248046875">
                <ele>1047.643864320104739817907102406024932861328125</ele>
            </trkpt>
            <trkpt lat="47.63923799999999886267687543295323848724365234375" lon="14.36737600000000014688339433632791042327880859375">
                <ele>1047.9688627199657275923527777194976806640625</ele>
            </trkpt>
            <trkpt lat="47.63925499999999857436705497093498706817626953125" lon="14.3675909999999991129016052582301199436187744140625">
                <ele>1049.80199999995011239661835134029388427734375</ele>
            </trkpt>
            <trkpt lat="47.6393640000000004874891601502895355224609375" lon="14.3682269999999991938466337160207331180572509765625">
                <ele>1057.01880000001028747647069394588470458984375</ele>
            </trkpt>
            <trkpt lat="47.63947699999999940700945444405078887939453125" lon="14.3685700000000000642330633127130568027496337890625">
                <ele>1061.75630719998343920451588928699493408203125</ele>
            </trkpt>
            <trkpt lat="47.6394499999999965211827657185494899749755859375" lon="14.369251999999999469537215190939605236053466796875">
                <ele>1063.295839999924965013633482158184051513671875</ele>
            </trkpt>
            <trkpt lat="47.63950700000000182399162440560758113861083984375" lon="14.369540000000000645741238258779048919677734375">
                <ele>1066.501568000034012584364973008632659912109375</ele>
            </trkpt>
            <trkpt lat="47.6395049999999997680788510479032993316650390625" lon="14.3699150000000006599520929739810526371002197265625">
                <ele>1069.142120000002023516572080552577972412109375</ele>
            </trkpt>
            <trkpt lat="47.6396060000000005629772203974425792694091796875" lon="14.3703179999999992588755048927851021289825439453125">
                <ele>1074.006686719993695078301243484020233154296875</ele>
            </trkpt>
            <trkpt lat="47.639826999999996814949554391205310821533203125" lon="14.3709620000000004580442691803909838199615478515625">
                <ele>1078.779894720034235433558933436870574951171875</ele>
            </trkpt>
            <trkpt lat="47.6399899999999973942976794205605983734130859375" lon="14.3712929999999996510950950323604047298431396484375">
                <ele>1078.86444960003927917568944394588470458984375</ele>
            </trkpt>
            <trkpt lat="47.64019600000000309591996483504772186279296875" lon="14.371579000000000547743184142746031284332275390625">
                <ele>1087.197198720115693504340015351772308349609375</ele>
            </trkpt>
            <trkpt lat="47.64024400000000269983502221293747425079345703125" lon="14.3718540000000007950120561872608959674835205078125">
                <ele>1091.73164288011003009160049259662628173828125</ele>
            </trkpt>
            <trkpt lat="47.64026299999999736201061750762164592742919921875" lon="14.372111000000000302634362014941871166229248046875">
                <ele>1095.418955839900945647968910634517669677734375</ele>
            </trkpt>
            <trkpt lat="47.64021600000000233876562560908496379852294921875" lon="14.3728219999999993206074577756226062774658203125">
                <ele>1101.102141440072728073573671281337738037109375</ele>
            </trkpt>
            <trkpt lat="47.64028700000000071668182499706745147705078125" lon="14.3735510000000008545839591533876955509185791015625">
                <ele>1108.5712699200184943038038909435272216796875</ele>
            </trkpt>
            <trkpt lat="47.64006599999999735928213340230286121368408203125" lon="14.3744379999999996044834915664978325366973876953125">
                <ele>1111.077312639956289785914123058319091796875</ele>
            </trkpt>
            <trkpt lat="47.63994600000000190220816875807940959930419921875" lon="14.3751949999999997231725501478649675846099853515625">
                <ele>1119.505273599914062288007698953151702880859375</ele>
            </trkpt>
            <trkpt lat="47.63990199999999930469130049459636211395263671875" lon="14.375645999999999702367858844809234142303466796875">
                <ele>1125.095272960026932196342386305332183837890625</ele>
            </trkpt>
            <trkpt lat="47.63990499999999883584678173065185546875" lon="14.3760189999999994370227796025574207305908203125">
                <ele>1128.81380400003990871482528746128082275390625</ele>
            </trkpt>
            <trkpt lat="47.63988299999999753708834759891033172607421875" lon="14.3760759999999994107611200888641178607940673828125">
                <ele>1130.412777600091430940665304660797119140625</ele>
            </trkpt>
            <trkpt lat="47.6398750000000035242919693700969219207763671875" lon="14.3762039999999995387724993634037673473358154296875">
                <ele>1132.309199999855309215490706264972686767578125</ele>
            </trkpt>
            <trkpt lat="47.63992600000000265936250798404216766357421875" lon="14.377126000000000516365616931580007076263427734375">
                <ele>1142.4719327999018787522800266742706298828125</ele>
            </trkpt>
            <trkpt lat="47.63998500000000291265678242780268192291259765625" lon="14.377300999999999220335666905157268047332763671875">
                <ele>1142.48170799987065038294531404972076416015625</ele>
            </trkpt>
            <trkpt lat="47.64010499999999836973074707202613353729248046875" lon="14.37742300000000028603608370758593082427978515625">
                <ele>1147.321811999943065529805608093738555908203125</ele>
            </trkpt>
            <trkpt lat="47.64014800000000349200490745715796947479248046875" lon="14.3775600000000007838707460905425250530242919921875">
                <ele>1151.021702400138337907264940440654754638671875</ele>
            </trkpt>
            <trkpt lat="47.64014399999999938017936074174940586090087890625" lon="14.377734000000000236241248785518109798431396484375">
                <ele>1154.350222079983495859778486192226409912109375</ele>
            </trkpt>
            <trkpt lat="47.64005399999999923466020845808088779449462890625" lon="14.378043999999999158490027184598147869110107421875">
                <ele>1157.855988479959023607079870998859405517578125</ele>
            </trkpt>
            <trkpt lat="47.64008199999999959572960506193339824676513671875" lon="14.3782219999999991699723977944813668727874755859375">
                <ele>1162.365169919971094714128412306308746337890625</ele>
            </trkpt>
            <trkpt lat="47.63999700000000103727870737202465534210205078125" lon="14.37893700000000052341420087032020092010498046875">
                <ele>1174.925776479971545995795167982578277587890625</ele>
            </trkpt>
            <trkpt lat="47.63999299999999692545316065661609172821044921875" lon="14.3790490000000001913349478854797780513763427734375">
                <ele>1177.35515824011554286698810756206512451171875</ele>
            </trkpt>
            <trkpt lat="47.6400119999999986930561135523021221160888671875" lon="14.3792430000000006629079507547430694103240966796875">
                <ele>1181.25359999998045168467797338962554931640625</ele>
            </trkpt>
            <trkpt lat="47.63998600000000038789949030615389347076416015625" lon="14.379357999999999861984179005958139896392822265625">
                <ele>1183.64288447998342235223390161991119384765625</ele>
            </trkpt>
            <trkpt lat="47.64000800000000168665792443789541721343994140625" lon="14.37941000000000002501110429875552654266357421875">
                <ele>1184.36400000004005050868727266788482666015625</ele>
            </trkpt>
            <trkpt lat="47.63999499999999898136593401432037353515625" lon="14.3794540000000008461711331619881093502044677734375">
                <ele>1185.178180800048039600369520485401153564453125</ele>
            </trkpt>
            <trkpt lat="47.64000899999999916190063231624662876129150390625" lon="14.3794699999999995299049260211177170276641845703125">
                <ele>1185.539999999969950295053422451019287109375</ele>
            </trkpt>
            <trkpt lat="47.6400220000000018671926227398216724395751953125" lon="14.3795610000000007033804649836383759975433349609375">
                <ele>1187.59920000005740803317166864871978759765625</ele>
            </trkpt>
            <trkpt lat="47.6399899999999973942976794205605983734130859375" lon="14.3796499999999998209432305884547531604766845703125">
                <ele>1189.0773600000729857129044830799102783203125</ele>
            </trkpt>
            <trkpt lat="47.63998600000000038789949030615389347076416015625" lon="14.3797639999999997684199115610681474208831787109375">
                <ele>1191.364419839983611382194794714450836181640625</ele>
            </trkpt>
            <trkpt lat="47.63992600000000265936250798404216766357421875" lon="14.379934999999999689634933019988238811492919921875">
                <ele>1196.17913759992416089517064392566680908203125</ele>
            </trkpt>
            <trkpt lat="47.63985799999999670717443223111331462860107421875" lon="14.380067000000000376758180209435522556304931640625">
                <ele>1200.094398720086019238806329667568206787109375</ele>
            </trkpt>
            <trkpt lat="47.6398099999999971032593748532235622406005859375" lon="14.38029900000000083082341006956994533538818359375">
                <ele>1204.656748800074865357601083815097808837890625</ele>
            </trkpt>
            <trkpt lat="47.639668000000000347426976077258586883544921875" lon="14.380617000000000871295924298465251922607421875">
                <ele>1211.872197120005012038745917379856109619140625</ele>
            </trkpt>
            <trkpt lat="47.63959299999999785768522997386753559112548828125" lon="14.38073299999999932197169982828199863433837890625">
                <ele>1214.634026880027477091061882674694061279296875</ele>
            </trkpt>
            <trkpt lat="47.63949099999999958754415274597704410552978515625" lon="14.381202999999999292413122020661830902099609375">
                <ele>1221.21224207999694044701755046844482421875</ele>
            </trkpt>
            <trkpt lat="47.63947900000000146292222780175507068634033203125" lon="14.38143099999999918736648396588861942291259765625">
                <ele>1223.632859039980075976927764713764190673828125</ele>
            </trkpt>
            <trkpt lat="47.6394030000000014979377738200128078460693359375" lon="14.3816900000000007509015631512738764286041259765625">
                <ele>1226.56912639999927705503068864345550537109375</ele>
            </trkpt>
            <trkpt lat="47.6393259999999969522832543589174747467041015625" lon="14.38178500000000070713213062845170497894287109375">
                <ele>1227.662403200015660331700928509235382080078125</ele>
            </trkpt>
            <trkpt lat="47.63938699999999926149030216038227081298828125" lon="14.381878000000000383806764148175716400146484375">
                <ele>1228.24681472000474968808703124523162841796875</ele>
            </trkpt>
            <trkpt lat="47.63956300000000254613041761331260204315185546875" lon="14.382073999999999358578861574642360210418701171875">
                <ele>1229.9013862399924619239754974842071533203125</ele>
            </trkpt>
            <trkpt lat="47.63961400000000168120095622725784778594970703125" lon="14.382253999999999649617166141979396343231201171875">
                <ele>1231.90349311999898418434895575046539306640625</ele>
            </trkpt>
            <trkpt lat="47.6397419999999982564986567012965679168701171875" lon="14.38251699999999999590727384202182292938232421875">
                <ele>1235.41507327999124754569493234157562255859375</ele>
            </trkpt>
            <trkpt lat="47.6397649999999970304997987113893032073974609375" lon="14.3826300000000006917844075360335409641265869140625">
                <ele>1236.580063999987714851158671081066131591796875</ele>
            </trkpt>
            <trkpt lat="47.6397180000000020072548068128526210784912109375" lon="14.3829879999999992179482433130033314228057861328125">
                <ele>1239.41706368001405280665494501590728759765625</ele>
            </trkpt>
            <trkpt lat="47.63989600000000024238033802248537540435791015625" lon="14.384133999999999531382854911498725414276123046875">
                <ele>1251.969352960001060637296177446842193603515625</ele>
            </trkpt>
            <trkpt lat="47.63994799999999685269358451478183269500732421875" lon="14.3851659999999998973407855373807251453399658203125">
                <ele>1262.733049599904688875540159642696380615234375</ele>
            </trkpt>
            <trkpt lat="47.6399959999999964566086418926715850830078125" lon="14.38551400000000057843863032758235931396484375">
                <ele>1267.92119679989127689623273909091949462890625</ele>
            </trkpt>
            <trkpt lat="47.63995800000000002683009370230138301849365234375" lon="14.3859510000000003770992407226003706455230712890625">
                <ele>1271.4575164800053244107402861118316650390625</ele>
            </trkpt>
            <trkpt lat="47.63972199999999901365299592725932598114013671875" lon="14.3866899999999997561417330871336162090301513671875">
                <ele>1272.44856319996370075386948883533477783203125</ele>
            </trkpt>
            <trkpt lat="47.63947600000000193176674656569957733154296875" lon="14.3876819999999998600515027646906673908233642578125">
                <ele>1277.867459840052788422326557338237762451171875</ele>
            </trkpt>
            <trkpt lat="47.639273000000002866727299988269805908203125" lon="14.3884769999999999612327883369289338588714599609375">
                <ele>1283.460407040072595918900333344936370849609375</ele>
            </trkpt>
            <trkpt lat="47.63870200000000210138750844635069370269775390625" lon="14.3899519999999991881622918299399316310882568359375">
                <ele>1296.47028224001769558526575565338134765625</ele>
            </trkpt>
            <trkpt lat="47.6385920000000027130226953886449337005615234375" lon="14.3901470000000006876916813780553638935089111328125">
                <ele>1298.8320454400554808671586215496063232421875</ele>
            </trkpt>
            <trkpt lat="47.63838799999999906731318333186209201812744140625" lon="14.390181999999999362671587732620537281036376953125">
                <ele>1296.488072959969713338068686425685882568359375</ele>
            </trkpt>
            <trkpt lat="47.6382440000000002555680111981928348541259765625" lon="14.3903739999999995546886566444300115108489990234375">
                <ele>1299.856709119990455292281694710254669189453125</ele>
            </trkpt>
            <trkpt lat="47.6381319999999988112904247827827930450439453125" lon="14.3905890000000002970637069665826857089996337890625">
                <ele>1304.0462969600002907100133597850799560546875</ele>
            </trkpt>
            <trkpt lat="47.6379510000000010450094123370945453643798828125" lon="14.3912139999999997286295183585025370121002197265625">
                <ele>1316.5393209600033515016548335552215576171875</ele>
            </trkpt>
            <trkpt lat="47.63785699999999678766471333801746368408203125" lon="14.391425999999999163492248044349253177642822265625">
                <ele>1320.277668479940302859176881611347198486328125</ele>
            </trkpt>
            <trkpt lat="47.63762100000000287991497316397726535797119140625" lon="14.3917599999999996640553945326246321201324462890625">
                <ele>1323.52318720003631824511103332042694091796875</ele>
            </trkpt>
            <trkpt lat="47.6373990000000020472725736908614635467529296875" lon="14.3919270000000008025153874768875539302825927734375">
                <ele>1321.694296960053407019586302340030670166015625</ele>
            </trkpt>
            <trkpt lat="47.637326000000001613443600945174694061279296875" lon="14.392208000000000112095221993513405323028564453125">
                <ele>1323.219708160040454458794556558132171630859375</ele>
            </trkpt>
            <trkpt lat="47.6373109999999968522388371638953685760498046875" lon="14.3923539999999992033963280846364796161651611328125">
                <ele>1324.447482879904100627754814922809600830078125</ele>
            </trkpt>
            <trkpt lat="47.637326000000001613443600945174694061279296875" lon="14.392683999999999144847606658004224300384521484375">
                <ele>1327.80388480004103257670067250728607177734375</ele>
            </trkpt>
            <trkpt lat="47.6374009999999969977579894475638866424560546875" lon="14.3929449999999992115817804005928337574005126953125">
                <ele>1332.069603999896344248554669320583343505859375</ele>
            </trkpt>
            <trkpt lat="47.63739600000000251611709245480597019195556640625" lon="14.3932459999999995403641150915063917636871337890625">
                <ele>1334.212595200080613722093403339385986328125</ele>
            </trkpt>
            <trkpt lat="47.63742500000000035242919693700969219207763671875" lon="14.393416999999999461579136550426483154296875">
                <ele>1336.246420000008356510079465806484222412109375</ele>
            </trkpt>
            <trkpt lat="47.63733400000000273166733677498996257781982421875" lon="14.3935910000000006903064786456525325775146484375">
                <ele>1333.65203680010063180816359817981719970703125</ele>
            </trkpt>
            <trkpt lat="47.63722800000000034970071283169090747833251953125" lon="14.3936810000000008358256309293210506439208984375">
                <ele>1330.02232960001356332213617861270904541015625</ele>
            </trkpt>
            <trkpt lat="47.63730199999999825877239345572888851165771484375" lon="14.393862999999999630063030053861439228057861328125">
                <ele>1333.39690719992950107553042471408843994140625</ele>
            </trkpt>
            <trkpt lat="47.63743000000000193949745153076946735382080078125" lon="14.3939629999999993970050127245485782623291015625">
                <ele>1338.76904800007150697638280689716339111328125</ele>
            </trkpt>
            <trkpt lat="47.637461000000001831722329370677471160888671875" lon="14.39427200000000084401108324527740478515625">
                <ele>1341.63170688008040087879635393619537353515625</ele>
            </trkpt>
            <trkpt lat="47.63757700000000028239810490049421787261962890625" lon="14.394493000000000648697096039541065692901611328125">
                <ele>1347.9834384000141653814353048801422119140625</ele>
            </trkpt>
            <trkpt lat="47.63757700000000028239810490049421787261962890625" lon="14.394493000000000648697096039541065692901611328125">
                <ele>1347.9834384000141653814353048801422119140625</ele>
            </trkpt>
            <trkpt lat="47.63763200000000352929419022984802722930908203125" lon="14.394598999999999477950041182339191436767578125">
                <ele>1351.186579200141522960620932281017303466796875</ele>
            </trkpt>
            <trkpt lat="47.63772999999999768760972074232995510101318359375" lon="14.3946710000000006601794666494242846965789794921875">
                <ele>1356.081551999903922478551976382732391357421875</ele>
            </trkpt>
            <trkpt lat="47.63779099999999999681676854379475116729736328125" lon="14.39488899999999915735315880738198757171630859375">
                <ele>1361.20366559998728916980326175689697265625</ele>
            </trkpt>
            <trkpt lat="47.6378399999999970759745338000357151031494140625" lon="14.3949529999999992213588484446518123149871826171875">
                <ele>1364.251487999849132393137551844120025634765625</ele>
            </trkpt>
            <trkpt lat="47.6379749999999972942532622255384922027587890625" lon="14.39492500000000063664629124104976654052734375">
                <ele>1370.24699999987888077157549560070037841796875</ele>
            </trkpt>
            <trkpt lat="47.63806100000000043337422539480030536651611328125" lon="14.394861999999999824240148882381618022918701171875">
                <ele>1373.31958080001413691206835210323333740234375</ele>
            </trkpt>
            <trkpt lat="47.63812800000000180489223566837608814239501953125" lon="14.3947260000000003543618731782771646976470947265625">
                <ele>1374.19336320008233087719418108463287353515625</ele>
            </trkpt>
            <trkpt lat="47.63821399999999783858584123663604259490966796875" lon="14.3947710000000004271214493201114237308502197265625">
                <ele>1378.768713599907869138405658304691314697265625</ele>
            </trkpt>
            <trkpt lat="47.63828699999999827241481398232281208038330078125" lon="14.394643999999999550709617324173450469970703125">
                <ele>1379.67832319991475742426700890064239501953125</ele>
            </trkpt>
            <trkpt lat="47.63870299999999957663021632470190525054931640625" lon="14.39439899999999994406607584096491336822509765625">
                <ele>1387.279113439985167133272625505924224853515625</ele>
            </trkpt>
            <trkpt lat="47.63878299999999654801285942085087299346923828125" lon="14.39432599999999951023710309527814388275146484375">
                <ele>1388.914084159890990122221410274505615234375</ele>
            </trkpt>
            <trkpt lat="47.6390329999999977417246554978191852569580078125" lon="14.3942350000000001131184035330079495906829833984375">
                <ele>1396.15039759992532708565704524517059326171875</ele>
            </trkpt>
            <trkpt lat="47.63954100000000124737198348157107830047607421875" lon="14.3939269999999996940687196911312639713287353515625">
                <ele>1403.485929440024619907489977777004241943359375</ele>
            </trkpt>
            <trkpt lat="47.63995100000000348927642335183918476104736328125" lon="14.393736000000000530008037458173930644989013671875">
                <ele>1410.325685120109483250416815280914306640625</ele>
            </trkpt>
            <trkpt lat="47.6401350000000007867129170335829257965087890625" lon="14.3936270000000003932427716790698468685150146484375">
                <ele>1413.104112800026769036776386201381683349609375</ele>
            </trkpt>
            <trkpt lat="47.6402140000000002828528522513806819915771484375" lon="14.3936539999999997263557816040702164173126220703125">
                <ele>1415.611283840002442957484163343906402587890625</ele>
            </trkpt>
            <trkpt lat="47.6403609999999986257535056211054325103759765625" lon="14.3935910000000006903064786456525325775146484375">
                <ele>1418.77423663996842151391319930553436279296875</ele>
            </trkpt>
            <trkpt lat="47.64047699999999707642928115092217922210693359375" lon="14.393473000000000183717929758131504058837890625">
                <ele>1421.126049439910048022284172475337982177734375</ele>
            </trkpt>
            <trkpt lat="47.64059300000000263253241428174078464508056640625" lon="14.3934270000000008593588063376955687999725341796875">
                <ele>1424.527507040087812129058875143527984619140625</ele>
            </trkpt>
            <trkpt lat="47.64071299999999808960637892596423625946044921875" lon="14.3934639999999998138946466497145593166351318359375">
                <ele>1428.42899647993954204139299690723419189453125</ele>
            </trkpt>
            <trkpt lat="47.64091499999999967940311762504279613494873046875" lon="14.3933999999999997498889570124447345733642578125">
                <ele>1434.033439999993788660503923892974853515625</ele>
            </trkpt>
            <trkpt lat="47.64100599999999730016497778706252574920654296875" lon="14.393326999999999316059984266757965087890625">
                <ele>1436.027549439918630014290101826190948486328125</ele>
            </trkpt>
            <trkpt lat="47.64111700000000126919985632412135601043701171875" lon="14.3932819999999992433004081249237060546875">
                <ele>1437.005937280002626721397973597049713134765625</ele>
            </trkpt>
            <trkpt lat="47.6411719999999974106685840524733066558837890625" lon="14.39320000000000021600499167107045650482177734375">
                <ele>1435.625247999948669530567713081836700439453125</ele>
            </trkpt>
            <trkpt lat="47.64134299999999910824044491164386272430419921875" lon="14.3932179999999991792947184876538813114166259765625">
                <ele>1439.941290879953839976224116981029510498046875</ele>
            </trkpt>
            <trkpt lat="47.64156700000000199679561774246394634246826171875" lon="14.393046999999999258079697028733789920806884765625">
                <ele>1439.67501088002109099761582911014556884765625</ele>
            </trkpt>
            <trkpt lat="47.6416899999999969850250636227428913116455078125" lon="14.3930589999999991590584613732062280178070068359375">
                <ele>1443.137305599860383154009468853473663330078125</ele>
            </trkpt>
            <trkpt lat="47.6417440000000027566784410737454891204833984375" lon="14.3931520000000006120899342931807041168212890625">
                <ele>1447.872359680115778246545232832431793212890625</ele>
            </trkpt>
            <trkpt lat="47.641807999999997491613612510263919830322265625" lon="14.3931459999999997734221324208192527294158935546875">
                <ele>1450.027156479899758778628893196582794189453125</ele>
            </trkpt>
            <trkpt lat="47.64196100000000200225258595310151576995849609375" lon="14.393236999999999170540831983089447021484375">
                <ele>1458.097779520046287871082313358783721923828125</ele>
            </trkpt>
            <trkpt lat="47.6421380000000027621354092843830585479736328125" lon="14.393173000000000882891981746070086956024169921875">
                <ele>1462.7453286401205332367680966854095458984375</ele>
            </trkpt>
            <trkpt lat="47.6422060000000016088961274363100528717041015625" lon="14.3932179999999991792947184876538813114166259765625">
                <ele>1466.34623488003444435889832675457000732421875</ele>
            </trkpt>
            <trkpt lat="47.64229999999999876081346883438527584075927734375" lon="14.3931710000000006033360477886162698268890380859375">
                <ele>1468.558287999967660653055645525455474853515625</ele>
            </trkpt>
            <trkpt lat="47.64236199999999854526322451420128345489501953125" lon="14.393209999999999837427822058089077472686767578125">
                <ele>1471.73854719994187689735554158687591552734375</ele>
            </trkpt>
            <trkpt lat="47.64250299999999782585291541181504726409912109375" lon="14.393090000000000827640178613364696502685546875">
                <ele>1474.115497599896343672298826277256011962890625</ele>
            </trkpt>
            <trkpt lat="47.6425219999999995934558683075010776519775390625" lon="14.3931400000000007111111699487082660198211669921875">
                <ele>1476.294150399989803190692327916622161865234375</ele>
            </trkpt>
            <trkpt lat="47.642560000000003128661774098873138427734375" lon="14.3930910000000000792397258919663727283477783203125">
                <ele>1477.244924800168291767477057874202728271484375</ele>
            </trkpt>
            <trkpt lat="47.6426909999999992351149558089673519134521484375" lon="14.3930769999999998987050275900401175022125244140625">
                <ele>1484.057796159951749359606765210628509521484375</ele>
            </trkpt>
            <trkpt lat="47.6426909999999992351149558089673519134521484375" lon="14.39321100000000086538420873694121837615966796875">
                <ele>1487.186706879974053663318045437335968017578125</ele>
            </trkpt>
            <trkpt lat="47.6428259999999994533936842344701290130615234375" lon="14.393226999999999549118001596070826053619384765625">
                <ele>1494.9709657599551064777188003063201904296875</ele>
            </trkpt>
            <trkpt lat="47.6429150000000021236701286397874355316162109375" lon="14.3931459999999997734221324208192527294158935546875">
                <ele>1497.91289920010649439063854515552520751953125</ele>
            </trkpt>
            <trkpt lat="47.64294100000000042882675188593566417694091796875" lon="14.39320000000000021600499167107045650482177734375">
                <ele>1500.63385600002447972656227648258209228515625</ele>
            </trkpt>
            <trkpt lat="47.64295200000000107820596895180642604827880859375" lon="14.3933599999999994878407960641197860240936279296875">
                <ele>1504.422752000056789256632328033447265625</ele>
            </trkpt>
            <trkpt lat="47.643101999999998952262103557586669921875" lon="14.393202999999999747160472907125949859619140625">
                <ele>1509.53283327993221973883919417858123779296875</ele>
            </trkpt>
            <trkpt lat="47.64322800000000057707438827492296695709228515625" lon="14.3931860000000000354702933691442012786865234375">
                <ele>1516.01749504002827961812727153301239013671875</ele>
            </trkpt>
            <trkpt lat="47.643270000000001118678483180701732635498046875" lon="14.3931459999999997734221324208192527294158935546875">
                <ele>1517.3173696000512791215442121028900146484375</ele>
            </trkpt>
            <trkpt lat="47.64338599999999956935425871051847934722900390625" lon="14.3932319999999993598294167895801365375518798828125">
                <ele>1526.611999999947101969155482947826385498046875</ele>
            </trkpt>
            <trkpt lat="47.6434229999999985238900990225374698638916015625" lon="14.3933640000000000469526639790274202823638916015625">
                <ele>1531.8705273598925487021915614604949951171875</ele>
            </trkpt>
            <trkpt lat="47.643563999999997804479789920151233673095703125" lon="14.393299999999999982946974341757595539093017578125">
                <ele>1540.714399999839997690287418663501739501953125</ele>
            </trkpt>
            <trkpt lat="47.64359300000000274621925200335681438446044921875" lon="14.3932610000000007488552000722847878932952880859375">
                <ele>1541.75000000020327206584624946117401123046875</ele>
            </trkpt>
            <trkpt lat="47.64366799999999813053364050574600696563720703125" lon="14.393299999999999982946974341757595539093017578125">
                <ele>1547.952799999862691038288176059722900390625</ele>
            </trkpt>
            <trkpt lat="47.64381900000000058525984059087932109832763671875" lon="14.3931810000000002247588781756348907947540283203125">
                <ele>1555.46360000003960522008128464221954345703125</ele>
            </trkpt>
            <trkpt lat="47.64386999999999972033037920482456684112548828125" lon="14.3932640000000002800106813083402812480926513671875">
                <ele>1561.104799999980741631588898599147796630859375</ele>
            </trkpt>
            <trkpt lat="47.64393400000000156069290824234485626220703125" lon="14.3931640000000005130686986376531422138214111328125">
                <ele>1563.0392000001147607690654695034027099609375</ele>
            </trkpt>
            <trkpt lat="47.6440759999999983165253070183098316192626953125" lon="14.393046999999999258079697028733789920806884765625">
                <ele>1569.9739999998573694028891623020172119140625</ele>
            </trkpt>
            <trkpt lat="47.6441640000000035115590435452759265899658203125" lon="14.392863999999999435885911225341260433197021484375">
                <ele>1571.487200000223538154386915266513824462890625</ele>
            </trkpt>
            <trkpt lat="47.64420499999999947249307297170162200927734375" lon="14.392903000000000446334524895064532756805419921875">
                <ele>1574.8801967999797852826304733753204345703125</ele>
            </trkpt>
            <trkpt lat="47.6443129999999968049451126717031002044677734375" lon="14.3927829999999996601900420500896871089935302734375">
                <ele>1578.68005727979516450432129204273223876953125</ele>
            </trkpt>
            <trkpt lat="47.64461899999999872079570195637643337249755859375" lon="14.3927829999999996601900420500896871089935302734375">
                <ele>1597.6014326399172205128706991672515869140625</ele>
            </trkpt>
            <trkpt lat="47.64467400000000196769178728573024272918701171875" lon="14.392863999999999435885911225341260433197021484375">
                <ele>1601.741675520111357400310225784778594970703125</ele>
            </trkpt>
            <trkpt lat="47.64493900000000081718098954297602176666259765625" lon="14.3926829999999998932480593794025480747222900390625">
                <ele>1617.315243840053199164685793220996856689453125</ele>
            </trkpt>
            <trkpt lat="47.64496799999999865349309402517974376678466796875" lon="14.392607999999999179863152676261961460113525390625">
                <ele>1619.2142860799094705726020038127899169921875</ele>
            </trkpt>
            <trkpt lat="47.64504099999999908732206677086651325225830078125" lon="14.39259200000000049612935981713235378265380859375">
                <ele>1624.528481279927291325293481349945068359375</ele>
            </trkpt>
            <trkpt lat="47.64524899999999973942976794205605983734130859375" lon="14.3924830000000003593640940380282700061798095703125">
                <ele>1641.266591039982131405849941074848175048828125</ele>
            </trkpt>
            <trkpt lat="47.64538999999999902001945883966982364654541015625" lon="14.392374000000000222598828258924186229705810546875">
                <ele>1651.031923199921948253177106380462646484375</ele>
            </trkpt>
            <trkpt lat="47.64548099999999664078131900168955326080322265625" lon="14.3922200000000000130739863379858434200286865234375">
                <ele>1656.19227839972518268041312694549560546875</ele>
            </trkpt>
            <trkpt lat="47.6455509999999975434548105113208293914794921875" lon="14.3920060000000002986553226946853101253509521484375">
                <ele>1658.87791871980107316630892455577850341796875</ele>
            </trkpt>
            <trkpt lat="47.64557099999999678630047128535807132720947265625" lon="14.391859000000000179397829924710094928741455078125">
                <ele>1658.4629116797359529300592839717864990234375</ele>
            </trkpt>
            <trkpt lat="47.6455619999999981928340275771915912628173828125" lon="14.391673000000000826048562885262072086334228515625">
                <ele>1655.12214911985984144848771393299102783203125</ele>
            </trkpt>
            <trkpt lat="47.64560900000000032150637707673013210296630859375" lon="14.391501999999999128476702026091516017913818359375">
                <ele>1654.501963520000344942673109471797943115234375</ele>
            </trkpt>
            <trkpt lat="47.64566500000000104364517028443515300750732421875" lon="14.391448000000000462250682176090776920318603515625">
                <ele>1657.582428800094703547074459493160247802734375</ele>
            </trkpt>
            <trkpt lat="47.64575099999999707733877585269510746002197265625" lon="14.3914749999999997953636921010911464691162109375">
                <ele>1665.299143999754733158624731004238128662109375</ele>
            </trkpt>
            <trkpt lat="47.64584899999999834108166396617889404296875" lon="14.3915839999999999321289578801952302455902099609375">
                <ele>1676.367610239861960508278571069240570068359375</ele>
            </trkpt>
            <trkpt lat="47.6459990000000033205651561729609966278076171875" lon="14.3914749999999997953636921010911464691162109375">
                <ele>1685.02525600025137464399449527263641357421875</ele>
            </trkpt>
            <trkpt lat="47.64608100000000234786057262681424617767333984375" lon="14.3914749999999997953636921010911464691162109375">
                <ele>1691.482264000174609464011155068874359130859375</ele>
            </trkpt>
            <trkpt lat="47.64635700000000184672899194993078708648681640625" lon="14.3909760000000002122533260262571275234222412109375">
                <ele>1696.58669248014075492392294108867645263671875</ele>
            </trkpt>
            <trkpt lat="47.646422000000001162334228865802288055419921875" lon="14.3909970000000004830553734791465103626251220703125">
                <ele>1702.136421760099210587213747203350067138671875</ele>
            </trkpt>
            <trkpt lat="47.6464830000000034715412766672670841217041015625" lon="14.390966999999999842430042917840182781219482421875">
                <ele>1705.655487040248772245831787586212158203125</ele>
            </trkpt>
            <trkpt lat="47.64656500000000249883669312112033367156982421875" lon="14.39099399999999917554305284284055233001708984375">
                <ele>1712.7008704001536898431368172168731689453125</ele>
            </trkpt>
            <trkpt lat="47.64657700000000062345861806534230709075927734375" lon="14.3911029999999993123083186219446361064910888671875">
                <ele>1717.43548384001906015328131616115570068359375</ele>
            </trkpt>
            <trkpt lat="47.64666199999999918190951575525104999542236328125" lon="14.3910479999999996181259120930917561054229736328125">
                <ele>1721.877744639921047564712353050708770751953125</ele>
            </trkpt>
            <trkpt lat="47.64680899999999752481016912497580051422119140625" lon="14.3910479999999996181259120930917561054229736328125">
                <ele>1731.7151884798158789635635912418365478515625</ele>
            </trkpt>
            <trkpt lat="47.6469799999999992223820299841463565826416015625" lon="14.3910029999999995453663359512574970722198486328125">
                <ele>1741.3713215999259773525409400463104248046875</ele>
            </trkpt>
            <trkpt lat="47.6470910000000031914169085212051868438720703125" lon="14.3910029999999995453663359512574970722198486328125">
                <ele>1748.7268387201884252135641872882843017578125</ele>
            </trkpt>
            <trkpt lat="47.64714599999999933288563624955713748931884765625" lon="14.3909479999999998511839294224046170711517333984375">
                <ele>1750.16368511994505752227269113063812255859375</ele>
            </trkpt>
            <trkpt lat="47.6473840000000024019755073823034763336181640625" lon="14.390938999999999481360646313987672328948974609375">
                <ele>1765.44209664013078509015031158924102783203125</ele>
            </trkpt>
            <trkpt lat="47.64749400000000179034032044000923633575439453125" lon="14.3908299999999993445953805348835885524749755859375">
                <ele>1767.959430400081828338443301618099212646484375</ele>
            </trkpt>
            <trkpt lat="47.64765299999999825786289875395596027374267578125" lon="14.3908030000000000114823706098832190036773681640625">
                <ele>1775.99643039989450699067674577236175537109375</ele>
            </trkpt>
            <trkpt lat="47.6478359999999980800566845573484897613525390625" lon="14.3906919999999995951611708733253180980682373046875">
                <ele>1782.092627199863954956526868045330047607421875</ele>
            </trkpt>
            <trkpt lat="47.647840999999999667124939151108264923095703125" lon="14.390748999999999568899511359632015228271484375">
                <ele>1784.71011039995801183977164328098297119140625</ele>
            </trkpt>
            <trkpt lat="47.6478699999999975034370436333119869232177734375" lon="14.39079699999999917281456873752176761627197265625">
                <ele>1788.348783999816760115209035575389862060546875</ele>
            </trkpt>
            <trkpt lat="47.64783700000000266072675003670156002044677734375" lon="14.3909459999999995716279954649507999420166015625">
                <ele>1792.614375360128406100557185709476470947265625</ele>
            </trkpt>
            <trkpt lat="47.64788300000000020872903405688703060150146484375" lon="14.391073999999999699639374739490449428558349609375">
                <ele>1800.559402559993714021402411162853240966796875</ele>
            </trkpt>
            <trkpt lat="47.6479360000000013997123460285365581512451171875" lon="14.39106100000000054706106311641633510589599609375">
                <ele>1803.019985280096307178610004484653472900390625</ele>
            </trkpt>
            <trkpt lat="47.64799000000000006593836587853729724884033203125" lon="14.3911929999999994578274709056131541728973388671875">
                <ele>1811.500257599975839184480719268321990966796875</ele>
            </trkpt>
            <trkpt lat="47.64804000000000172576619661413133144378662109375" lon="14.391189000000000675072442390955984592437744140625">
                <ele>1814.13910080011874015326611697673797607421875</ele>
            </trkpt>
            <trkpt lat="47.64805700000000143745637615211308002471923828125" lon="14.3913659999999996585984263219870626926422119140625">
                <ele>1822.31267616006016396568156778812408447265625</ele>
            </trkpt>
            <trkpt lat="47.648156000000000176441972143948078155517578125" lon="14.3912560000000002702336132642813026905059814453125">
                <ele>1823.346996480015150154940783977508544921875</ele>
            </trkpt>
            <trkpt lat="47.64823100000000266618371824733912944793701171875" lon="14.3912220000000008468532541883178055286407470703125">
                <ele>1826.168621760177529722568579018115997314453125</ele>
            </trkpt>
            <trkpt lat="47.64823899999999667898009647615253925323486328125" lon="14.39117399999999946658135741017758846282958984375">
                <ele>1824.695628479786819298169575631618499755859375</ele>
            </trkpt>
            <trkpt lat="47.6483080000000001064108801074326038360595703125" lon="14.39103899999999924830262898467481136322021484375">
                <ele>1823.207708159970707129104994237422943115234375</ele>
            </trkpt>
            <trkpt lat="47.6483429999999970050339470617473125457763671875" lon="14.3911390000000007916014510556124150753021240234375">
                <ele>1829.177815839846743983798660337924957275390625</ele>
            </trkpt>
            <trkpt lat="47.64841799999999949477569316513836383819580078125" lon="14.3911460000000008818688002065755426883697509765625">
                <ele>1833.897957759997325410949997603893280029296875</ele>
            </trkpt>
            <trkpt lat="47.64840099999999978308551362715661525726318359375" lon="14.3912479999999991520098774344660341739654541015625">
                <ele>1836.86036415994749404489994049072265625</ele>
            </trkpt>
            <trkpt lat="47.64847300000000274167177849449217319488525390625" lon="14.391334000000000514774001203477382659912109375">
                <ele>1844.336741440170271744136698544025421142578125</ele>
            </trkpt>
            <trkpt lat="47.648516000000000758518581278622150421142578125" lon="14.3913390000000003254854163969866931438446044921875">
                <ele>1846.991726080049147640238516032695770263671875</ele>
            </trkpt>
            <trkpt lat="47.64857099999999689998730900697410106658935546875" lon="14.3913840000000003982449925388209521770477294921875">
                <ele>1851.817578879831899030250497162342071533203125</ele>
            </trkpt>
            <trkpt lat="47.648605000000003428795025683939456939697265625" lon="14.3914659999999994255404089926742017269134521484375">
                <ele>1856.77310560016439922037534415721893310546875</ele>
            </trkpt>
            <trkpt lat="47.6485950000000002546585164964199066162109375" lon="14.3915389999999998593693817383609712123870849609375">
                <ele>1858.91113360000235843472182750701904296875</ele>
            </trkpt>
            <trkpt lat="47.64867699999999928195393295027315616607666015625" lon="14.391574999999999562305674771778285503387451171875">
                <ele>1864.745547999938253269647248089313507080078125</ele>
            </trkpt>
            <trkpt lat="47.64873200000000252885001827962696552276611328125" lon="14.3915319999999997691020325873978435993194580078125">
                <ele>1866.236366080125435473746620118618011474609375</ele>
            </trkpt>
            <trkpt lat="47.64873399999999747933543403632938861846923828125" lon="14.3916389999999996263113644090481102466583251953125">
                <ele>1870.152137919843653435236774384975433349609375</ele>
            </trkpt>
            <trkpt lat="47.64898199999999661713445675559341907501220703125" lon="14.3916050000000002029310053330846130847930908203125">
                <ele>1882.48921119981559968437068164348602294921875</ele>
            </trkpt>
            <trkpt lat="47.64896900000000101726982393302023410797119140625" lon="14.3917110000000008085407898761332035064697265625">
                <ele>1885.67810480008165541221387684345245361328125</ele>
            </trkpt>
            <trkpt lat="47.6490170000000006211848813109099864959716796875" lon="14.3917560000000008813003660179674625396728515625">
                <ele>1890.18093440006350647308863699436187744140625</ele>
            </trkpt>
            <trkpt lat="47.649011999999999034116626717150211334228515625" lon="14.3918289999999995387724993634037673473358154296875">
                <ele>1892.980025599920054446556605398654937744140625</ele>
            </trkpt>
            <trkpt lat="47.6489490000000017744241631589829921722412109375" lon="14.3919029999999992242010193876922130584716796875">
                <ele>1892.585218400058920451556332409381866455078125</ele>
            </trkpt>
            <trkpt lat="47.6490059999999999718056642450392246246337890625" lon="14.3919639999999997570512277889065444469451904296875">
                <ele>1898.324844799980610332568176090717315673828125</ele>
            </trkpt>
            <trkpt lat="47.6489990000000034342519938945770263671875" lon="14.39202900000000084901330410502851009368896484375">
                <ele>1900.66139120022262432030402123928070068359375</ele>
            </trkpt>
            <trkpt lat="47.64886899999999769761416246183216571807861328125" lon="14.392132000000000147110768011771142482757568359375">
                <ele>1897.5310975998663707287050783634185791015625</ele>
            </trkpt>
            <trkpt lat="47.64888599999999740930434199981391429901123046875" lon="14.3922229999999995442294675740413367748260498046875">
                <ele>1902.253361599823392680264078080654144287109375</ele>
            </trkpt>
            <trkpt lat="47.64884399999999686770024709403514862060546875" lon="14.3923299999999994014387993956916034221649169921875">
                <ele>1904.190943999783712570206262171268463134765625</ele>
            </trkpt>
            <trkpt lat="47.64887399999999928468241705559194087982177734375" lon="14.392385000000000871978045324794948101043701171875">
                <ele>1908.214327999985698625096119940280914306640625</ele>
            </trkpt>
            <trkpt lat="47.64893399999999701321939937770366668701171875" lon="14.3924070000000003943796400562860071659088134765625">
                <ele>1912.678193599831502069719135761260986328125</ele>
            </trkpt>
            <trkpt lat="47.64930700000000030058799893595278263092041015625" lon="14.3921299999999998675548340543173253536224365234375">
                <ele>1925.667448000015838260878808796405792236328125</ele>
            </trkpt>
            <trkpt lat="47.6494519999999965875758789479732513427734375" lon="14.391892999999999602778189000673592090606689453125">
                <ele>1927.438220799704367891536094248294830322265625</ele>
            </trkpt>
            <trkpt lat="47.64952699999999907731762505136430263519287109375" lon="14.391814000000000106638253782875835895538330078125">
                <ele>1930.318158399926460333517752587795257568359375</ele>
            </trkpt>
            <trkpt lat="47.6494890000000026475390768609941005706787109375" lon="14.3919580000000006947402653167955577373504638671875">
                <ele>1933.098673600239635561592876911163330078125</ele>
            </trkpt>
            <trkpt lat="47.64952799999999655256033292971551418304443359375" lon="14.3920340000000006597247192985378205776214599609375">
                <ele>1939.3315455997480967198498547077178955078125</ele>
            </trkpt>
            <trkpt lat="47.64953100000000318914317176677286624908447265625" lon="14.392092999999999136662154342047870159149169921875">
                <ele>1941.9660424002167928847484290599822998046875</ele>
            </trkpt>
            <trkpt lat="47.64962299999999828514773980714380741119384765625" lon="14.39202900000000084901330410502851009368896484375">
                <ele>1946.74671759989405472879298031330108642578125</ele>
            </trkpt>
            <trkpt lat="47.6496300000000019281287677586078643798828125" lon="14.39209699999999969577402225695550441741943359375">
                <ele>1950.018808000139188152388669550418853759765625</ele>
            </trkpt>
            <trkpt lat="47.64968400000000059435478760860860347747802734375" lon="14.3919639999999997570512277889065444469451904296875">
                <ele>1949.07249280003588864929042756557464599609375</ele>
            </trkpt>
            <trkpt lat="47.649732999999997673512552864849567413330078125" lon="14.39197300000000012687451089732348918914794921875">
                <ele>1953.376895199815180603764019906520843505859375</ele>
            </trkpt>
            <trkpt lat="47.6497590000000030840965337119996547698974609375" lon="14.3920600000000007412381819449365139007568359375">
                <ele>1958.8597120002732481225393712520599365234375</ele>
            </trkpt>
            <trkpt lat="47.64978899999999839565134607255458831787109375" lon="14.392092999999999136662154342047870159149169921875">
                <ele>1962.53648559983639643178321421146392822265625</ele>
            </trkpt>
            <trkpt lat="47.649822000000000343788997270166873931884765625" lon="14.392302000000000816726242192089557647705078125">
                <ele>1973.21024320005608387873508036136627197265625</ele>
            </trkpt>
            <trkpt lat="47.6498619999999988294803188182413578033447265625" lon="14.3922830000000008254801286966539919376373291015625">
                <ele>1975.61358879993758819182403385639190673828125</ele>
            </trkpt>
            <trkpt lat="47.6498849999999976034814608283340930938720703125" lon="14.3923199999999997800159690086729824542999267578125">
                <ele>1978.822959999802378661115653812885284423828125</ele>
            </trkpt>
            <trkpt lat="47.64996599999999915553416940383613109588623046875" lon="14.392255999999999716010279371403157711029052734375">
                <ele>1982.752268799920784658752381801605224609375</ele>
            </trkpt>
            <trkpt lat="47.65012200000000319732862408272922039031982421875" lon="14.3922609999999995267216945649124681949615478515625">
                <ele>1996.631187520267530999262817203998565673828125</ele>
            </trkpt>
            <trkpt lat="47.6500879999999966685209074057638645172119140625" lon="14.3923790000000000333102434524334967136383056640625">
                <ele>1997.934133119696753055904991924762725830078125</ele>
            </trkpt>
            <trkpt lat="47.65001000000000175305103766731917858123779296875" lon="14.3924819999999993314077073591761291027069091796875">
                <ele>1994.73065920012913920800201594829559326171875</ele>
            </trkpt>
            <trkpt lat="47.6500290000000035206539905630052089691162109375" lon="14.392630000000000478621586808003485202789306640625">
                <ele>2003.457140800331444552284665405750274658203125</ele>
            </trkpt>
            <trkpt lat="47.65001500000000334011929226107895374298095703125" lon="14.392955000000000609361450187861919403076171875">
                <ele>2018.147548000308233895339071750640869140625</ele>
            </trkpt>
            <trkpt lat="47.650069000000002006345312111079692840576171875" lon="14.392934000000000338559402734972536563873291015625">
                <ele>2021.674699840182938714860938489437103271484375</ele>
            </trkpt>
            <trkpt lat="47.6500649999999978945197653956711292266845703125" lon="14.3930039999999994648760548443533480167388916015625">
                <ele>2024.722230399795762423309497535228729248046875</ele>
            </trkpt>
            <trkpt lat="47.65012300000000067257133196108043193817138671875" lon="14.392977999999999383362592197954654693603515625">
                <ele>2028.325629760024412462371401488780975341796875</ele>
            </trkpt>
            <trkpt lat="47.65012800000000225963958655484020709991455078125" lon="14.39305399999999934834704617969691753387451171875">
                <ele>2032.3577804801534512080252170562744140625</ele>
            </trkpt>
            <trkpt lat="47.65018599999999793226379551924765110015869140625" lon="14.3929700000000000414956957683898508548736572265625">
                <ele>2033.231036799825915295514278113842010498046875</ele>
            </trkpt>
            <trkpt lat="47.6502219999999994115569279529154300689697265625" lon="14.392810000000000769659891375340521335601806640625">
                <ele>2028.84009279998235797393135726451873779296875</ele>
            </trkpt>
            <trkpt lat="47.650407999999998764906194992363452911376953125" lon="14.3927350000000000562749846721999347209930419921875">
                <ele>2041.539395199892396703944541513919830322265625</ele>
            </trkpt>
            <trkpt lat="47.6505039999999979727363097481429576873779296875" lon="14.3926459999999991623553796671330928802490234375">
                <ele>2046.08955135978294492815621197223663330078125</ele>
            </trkpt>
            <trkpt lat="47.65056899999999728834154666401445865631103515625" lon="14.3926309999999997302211340866051614284515380859375">
                <ele>2051.1891745597467888728715479373931884765625</ele>
            </trkpt>
            <trkpt lat="47.65069100000000190675564226694405078887939453125" lon="14.3925330000000002428350853733718395233154296875">
                <ele>2058.018073120178087265230715274810791015625</ele>
            </trkpt>
            <trkpt lat="47.650858999999996967744664289057254791259765625" lon="14.392329000000000149839252117089927196502685546875">
                <ele>2063.7680790399526813416741788387298583984375</ele>
            </trkpt>
            <trkpt lat="47.6509319999999974015736370347440242767333984375" lon="14.39229399999999969850250636227428913116455078125">
                <ele>2063.684389119944171397946774959564208984375</ele>
            </trkpt>
            <trkpt lat="47.65095699999999823148755240254104137420654296875" lon="14.392255999999999716010279371403157711029052734375">
                <ele>2062.68129087995885129203088581562042236328125</ele>
            </trkpt>
            <trkpt lat="47.65104800000000295767677016556262969970703125" lon="14.3922740000000004556568455882370471954345703125">
                <ele>2064.80883328006211741012521088123321533203125</ele>
            </trkpt>
            <trkpt lat="47.6510729999999966821633279323577880859375" lon="14.392374000000000222598828258924186229705810546875">
                <ele>2069.0170892799496868974529206752777099609375</ele>
            </trkpt>
            <trkpt lat="47.65118400000000065119820646941661834716796875" lon="14.39254700000000042336978367529809474945068359375">
                <ele>2077.66426624002679091063328087329864501953125</ele>
            </trkpt>
            <trkpt lat="47.65118300000000317595549859106540679931640625" lon="14.3926280000000001990656528505496680736541748046875">
                <ele>2080.8381011200644934433512389659881591796875</ele>
            </trkpt>
            <trkpt lat="47.65128700000000350200934917666018009185791015625" lon="14.3928820000000001755324774421751499176025390625">
                <ele>2092.8339059200725387199781835079193115234375</ele>
            </trkpt>
            <trkpt lat="47.65131600000000133832145365886390209197998046875" lon="14.393038000000000664613253320567309856414794921875">
                <ele>2099.59506304005117272026836872100830078125</ele>
            </trkpt>
            <trkpt lat="47.65137299999999953570295474492013454437255859375" lon="14.3931489999999993045776136568747460842132568359375">
                <ele>2105.144301759961308562196791172027587890625</ele>
            </trkpt>
            <trkpt lat="47.6513479999999987057890393771231174468994140625" lon="14.3931920000000008741380952415056526660919189453125">
                <ele>2106.36251008000772344530560076236724853515625</ele>
            </trkpt>
            <trkpt lat="47.65130500000000068894223659299314022064208984375" lon="14.3932190000000002072511051665060222148895263671875">
                <ele>2106.5762896000205728341825306415557861328125</ele>
            </trkpt>
            <trkpt lat="47.6513029999999986330294632352888584136962890625" lon="14.39330700000000007321432349272072315216064453125">
                <ele>2110.03438047997360627050511538982391357421875</ele>
            </trkpt>
            <trkpt lat="47.65136600000000299814928439445793628692626953125" lon="14.393406999999999840156306163407862186431884765625">
                <ele>2114.4907580800581854418851435184478759765625</ele>
            </trkpt>
            <trkpt lat="47.6513599999999968304109643213450908660888671875" lon="14.3934739999999994353174770367331802845001220703125">
                <ele>2116.28709759991033934056758880615234375</ele>
            </trkpt>
            <trkpt lat="47.65141899999999708370523876510560512542724609375" lon="14.3935779999999997613713276223279535770416259765625">
                <ele>2120.70856287992000943631865084171295166015625</ele>
            </trkpt>
            <trkpt lat="47.65145100000000155660018208436667919158935546875" lon="14.393777000000000043655745685100555419921875">
                <ele>2127.49196368004186297184787690639495849609375</ele>
            </trkpt>
            <trkpt lat="47.65153699999999759029378765262663364410400390625" lon="14.3940000000000001278976924368180334568023681640625">
                <ele>2136.88551999992705532349646091461181640625</ele>
            </trkpt>
            <trkpt lat="47.65153099999999852798282518051564693450927734375" lon="14.39414000000000015688783605583012104034423828125">
                <ele>2141.10290559995382864144630730152130126953125</ele>
            </trkpt>
            <trkpt lat="47.65149900000000116051523946225643157958984375" lon="14.39419099999999929195837466977536678314208984375">
                <ele>2141.14577392003047862090170383453369140625</ele>
            </trkpt>
            <trkpt lat="47.651477999999997336999513208866119384765625" lon="14.3944449999999992684251992614008486270904541015625">
                <ele>2143.12912479987198821618221700191497802734375</ele>
            </trkpt>
            <trkpt lat="47.6513920000000013033059076406061649322509765625" lon="14.3945589999999992159018802340142428874969482421875">
                <ele>2140.1434566400557741872034966945648193359375</ele>
            </trkpt>
            <trkpt lat="47.65140600000000148384060594253242015838623046875" lon="14.3948079999999993816572896321304142475128173828125">
                <ele>2142.78586624007948557846248149871826171875</ele>
            </trkpt>
            <trkpt lat="47.6516060000000010177245712839066982269287109375" lon="14.395424999999999471356204594485461711883544921875">
                <ele>2159.76652000008243703632615506649017333984375</ele>
            </trkpt>
            <trkpt lat="47.6516299999999972669684211723506450653076171875" lon="14.3955500000000000682121026329696178436279296875">
                <ele>2162.683599999740181374363601207733154296875</ele>
            </trkpt>
            <trkpt lat="47.65192600000000311410985887050628662109375" lon="14.396114000000000743284545023925602436065673828125">
                <ele>2171.8219161600491133867762982845306396484375</ele>
            </trkpt>
            <trkpt lat="47.6519559999999984256646712310612201690673828125" lon="14.39623399999999975307218846864998340606689453125">
                <ele>2173.401077759966938174329698085784912109375</ele>
            </trkpt>
            <trkpt lat="47.65199499999999943611328490078449249267578125" lon="14.3965739999999993159462974290363490581512451171875">
                <ele>2177.898067199972501839511096477508544921875</ele>
            </trkpt>
            <trkpt lat="47.65207099999999940109773888252675533294677734375" lon="14.396696999999999633246261510066688060760498046875">
                <ele>2181.92510303997232767869718372821807861328125</ele>
            </trkpt>
            <trkpt lat="47.6523269999999996571204974316060543060302734375" lon="14.39692900000000008731149137020111083984375">
                <ele>2195.28445535998480409034527838230133056640625</ele>
            </trkpt>
            <trkpt lat="47.65231099999999742067302577197551727294921875" lon="14.39702199999999976398612488992512226104736328125">
                <ele>2196.28366463987958923098631203174591064453125</ele>
            </trkpt>
            <trkpt lat="47.6524500000000017507773009128868579864501953125" lon="14.397118999999999999772626324556767940521240234375">
                <ele>2204.48697600007881192141212522983551025390625</ele>
            </trkpt>
            <trkpt lat="47.65243699999999904548531048931181430816650390625" lon="14.3971660000000003520881364238448441028594970703125">
                <ele>2204.8770086399590582004748284816741943359375</ele>
            </trkpt>
            <trkpt lat="47.6524610000000024001565179787576198577880859375" lon="14.3972110000000004248477125656791031360626220703125">
                <ele>2207.0033443201236877939663827419281005859375</ele>
            </trkpt>
            <trkpt lat="47.6524619999999998753992258571088314056396484375" lon="14.397301999999999821966412127949297428131103515625">
                <ele>2209.0374220799867543973959982395172119140625</ele>
            </trkpt>
            <trkpt lat="47.65249000000000023646862246096134185791015625" lon="14.397379000000000814907252788543701171875">
                <ele>2212.20856320002758366172201931476593017578125</ele>
            </trkpt>
            <trkpt lat="47.6525400000000018962964531965553760528564453125" lon="14.397425999999999390865923487581312656402587890625">
                <ele>2214.42938880001338475267402827739715576171875</ele>
            </trkpt>
            <trkpt lat="47.652569999999997207851265557110309600830078125" lon="14.3974860000000006721165846101939678192138671875">
                <ele>2216.33845439996866844012401998043060302734375</ele>
            </trkpt>
            <trkpt lat="47.6526870000000002391971065662801265716552734375" lon="14.397498999999999824694896233268082141876220703125">
                <ele>2218.6152993599980618455447256565093994140625</ele>
            </trkpt>
            <trkpt lat="47.65289200000000136014932650141417980194091796875" lon="14.397411999999999210331225185655057430267333984375">
                <ele>2219.4334348799957297160290181636810302734375</ele>
            </trkpt>
            <trkpt lat="47.65289200000000136014932650141417980194091796875" lon="14.397411999999999210331225185655057430267333984375">
                <ele>2219.4334348799957297160290181636810302734375</ele>
            </trkpt>
            <trkpt lat="47.6526870000000002391971065662801265716552734375" lon="14.397498999999999824694896233268082141876220703125">
                <ele>2218.6152993599980618455447256565093994140625</ele>
            </trkpt>
            <trkpt lat="47.652569999999997207851265557110309600830078125" lon="14.3974860000000006721165846101939678192138671875">
                <ele>2216.33845439996866844012401998043060302734375</ele>
            </trkpt>
            <trkpt lat="47.6525400000000018962964531965553760528564453125" lon="14.397425999999999390865923487581312656402587890625">
                <ele>2214.42938880001338475267402827739715576171875</ele>
            </trkpt>
            <trkpt lat="47.65249000000000023646862246096134185791015625" lon="14.397379000000000814907252788543701171875">
                <ele>2212.20856320002758366172201931476593017578125</ele>
            </trkpt>
            <trkpt lat="47.6524619999999998753992258571088314056396484375" lon="14.397301999999999821966412127949297428131103515625">
                <ele>2209.0374220799867543973959982395172119140625</ele>
            </trkpt>
            <trkpt lat="47.6524610000000024001565179787576198577880859375" lon="14.3972110000000004248477125656791031360626220703125">
                <ele>2207.0033443201236877939663827419281005859375</ele>
            </trkpt>
            <trkpt lat="47.65243699999999904548531048931181430816650390625" lon="14.3971660000000003520881364238448441028594970703125">
                <ele>2204.8770086399590582004748284816741943359375</ele>
            </trkpt>
            <trkpt lat="47.6524500000000017507773009128868579864501953125" lon="14.397118999999999999772626324556767940521240234375">
                <ele>2204.48697600007881192141212522983551025390625</ele>
            </trkpt>
            <trkpt lat="47.65231099999999742067302577197551727294921875" lon="14.39702199999999976398612488992512226104736328125">
                <ele>2196.28366463987958923098631203174591064453125</ele>
            </trkpt>
            <trkpt lat="47.6523269999999996571204974316060543060302734375" lon="14.39692900000000008731149137020111083984375">
                <ele>2195.28445535998480409034527838230133056640625</ele>
            </trkpt>
            <trkpt lat="47.65207099999999940109773888252675533294677734375" lon="14.396696999999999633246261510066688060760498046875">
                <ele>2181.92510303997232767869718372821807861328125</ele>
            </trkpt>
            <trkpt lat="47.65199499999999943611328490078449249267578125" lon="14.3965739999999993159462974290363490581512451171875">
                <ele>2177.898067199972501839511096477508544921875</ele>
            </trkpt>
            <trkpt lat="47.6519559999999984256646712310612201690673828125" lon="14.39623399999999975307218846864998340606689453125">
                <ele>2173.401077759966938174329698085784912109375</ele>
            </trkpt>
            <trkpt lat="47.65192600000000311410985887050628662109375" lon="14.396114000000000743284545023925602436065673828125">
                <ele>2171.8219161600491133867762982845306396484375</ele>
            </trkpt>
            <trkpt lat="47.6516299999999972669684211723506450653076171875" lon="14.3955500000000000682121026329696178436279296875">
                <ele>2162.683599999740181374363601207733154296875</ele>
            </trkpt>
            <trkpt lat="47.6516060000000010177245712839066982269287109375" lon="14.395424999999999471356204594485461711883544921875">
                <ele>2159.76652000008243703632615506649017333984375</ele>
            </trkpt>
            <trkpt lat="47.65140600000000148384060594253242015838623046875" lon="14.3948079999999993816572896321304142475128173828125">
                <ele>2142.78586624007948557846248149871826171875</ele>
            </trkpt>
            <trkpt lat="47.6513920000000013033059076406061649322509765625" lon="14.3945589999999992159018802340142428874969482421875">
                <ele>2140.1434566400557741872034966945648193359375</ele>
            </trkpt>
            <trkpt lat="47.651477999999997336999513208866119384765625" lon="14.3944449999999992684251992614008486270904541015625">
                <ele>2143.12912479987198821618221700191497802734375</ele>
            </trkpt>
            <trkpt lat="47.65149900000000116051523946225643157958984375" lon="14.39419099999999929195837466977536678314208984375">
                <ele>2141.14577392003047862090170383453369140625</ele>
            </trkpt>
            <trkpt lat="47.65153099999999852798282518051564693450927734375" lon="14.39414000000000015688783605583012104034423828125">
                <ele>2141.10290559995382864144630730152130126953125</ele>
            </trkpt>
            <trkpt lat="47.65153699999999759029378765262663364410400390625" lon="14.3940000000000001278976924368180334568023681640625">
                <ele>2136.88551999992705532349646091461181640625</ele>
            </trkpt>
            <trkpt lat="47.65145100000000155660018208436667919158935546875" lon="14.393777000000000043655745685100555419921875">
                <ele>2127.49196368004186297184787690639495849609375</ele>
            </trkpt>
            <trkpt lat="47.65141899999999708370523876510560512542724609375" lon="14.3935779999999997613713276223279535770416259765625">
                <ele>2120.70856287992000943631865084171295166015625</ele>
            </trkpt>
            <trkpt lat="47.6513599999999968304109643213450908660888671875" lon="14.3934739999999994353174770367331802845001220703125">
                <ele>2116.28709759991033934056758880615234375</ele>
            </trkpt>
            <trkpt lat="47.65136600000000299814928439445793628692626953125" lon="14.393406999999999840156306163407862186431884765625">
                <ele>2114.4907580800581854418851435184478759765625</ele>
            </trkpt>
            <trkpt lat="47.6513029999999986330294632352888584136962890625" lon="14.39330700000000007321432349272072315216064453125">
                <ele>2110.03438047997360627050511538982391357421875</ele>
            </trkpt>
            <trkpt lat="47.65130500000000068894223659299314022064208984375" lon="14.3932190000000002072511051665060222148895263671875">
                <ele>2106.5762896000205728341825306415557861328125</ele>
            </trkpt>
            <trkpt lat="47.6513479999999987057890393771231174468994140625" lon="14.3931920000000008741380952415056526660919189453125">
                <ele>2106.36251008000772344530560076236724853515625</ele>
            </trkpt>
            <trkpt lat="47.65137299999999953570295474492013454437255859375" lon="14.3931489999999993045776136568747460842132568359375">
                <ele>2105.144301759961308562196791172027587890625</ele>
            </trkpt>
            <trkpt lat="47.651397000000002890374162234365940093994140625" lon="14.39263700000000056888893595896661281585693359375">
                <ele>2085.129200320074232877232134342193603515625</ele>
            </trkpt>
            <trkpt lat="47.65137200000000206046024686656892299652099609375" lon="14.3923410000000000508180164615623652935028076171875">
                <ele>2072.73200128003372810781002044677734375</ele>
            </trkpt>
            <trkpt lat="47.65132799999999946294337860308587551116943359375" lon="14.392227999999999354940882767550647258758544921875">
                <ele>2067.44949375996293383650481700897216796875</ele>
            </trkpt>
            <trkpt lat="47.65132700000000198770067072473466396331787109375" lon="14.3921329999999993987103152903728187084197998046875">
                <ele>2063.60864224000260946922935545444488525390625</ele>
            </trkpt>
            <trkpt lat="47.65140600000000148384060594253242015838623046875" lon="14.392098000000000723730408935807645320892333984375">
                <ele>2063.3469683200482904794625937938690185546875</ele>
            </trkpt>
            <trkpt lat="47.651375999999999066858435980975627899169921875" lon="14.3920399999999997220356817706488072872161865234375">
                <ele>2060.551225599972894997335970401763916015625</ele>
            </trkpt>
            <trkpt lat="47.65141899999999708370523876510560512542724609375" lon="14.3920469999999998123030309216119349002838134765625">
                <ele>2061.44174751994842154090292751789093017578125</ele>
            </trkpt>
            <trkpt lat="47.65145499999999856299837119877338409423828125" lon="14.3920270000000005694573701475746929645538330078125">
                <ele>2061.12142240000093806884251534938812255859375</ele>
            </trkpt>
            <trkpt lat="47.65142999999999773308445583097636699676513671875" lon="14.391932000000000613226802670396864414215087890625">
                <ele>2056.86384639999278078903444111347198486328125</ele>
            </trkpt>
            <trkpt lat="47.65136400000000094223651103675365447998046875" lon="14.3918459999999992504626789013855159282684326171875">
                <ele>2052.509436159978577052243053913116455078125</ele>
            </trkpt>
            <trkpt lat="47.6513369999999980564098223112523555755615234375" lon="14.3917769999999993757455740706063807010650634765625">
                <ele>2049.39173535994950725580565631389617919921875</ele>
            </trkpt>
            <trkpt lat="47.65137899999999859801391721703112125396728515625" lon="14.3917769999999993757455740706063807010650634765625">
                <ele>2049.88537311995560230570845305919647216796875</ele>
            </trkpt>
            <trkpt lat="47.65136400000000094223651103675365447998046875" lon="14.3917110000000008085407898761332035064697265625">
                <ele>2047.030466560040849799406714737415313720703125</ele>
            </trkpt>
            <trkpt lat="47.65128299999999939018380246125161647796630859375" lon="14.3915649999999999408828443847596645355224609375">
                <ele>2040.05741279998983372934162616729736328125</ele>
            </trkpt>
            <trkpt lat="47.6513139999999992824086803011596202850341796875" lon="14.3915260000000007067910701152868568897247314453125">
                <ele>2038.705416960021466366015374660491943359375</ele>
            </trkpt>
            <trkpt lat="47.651420000000001664375304244458675384521484375" lon="14.391479000000000354475560015998780727386474609375">
                <ele>2037.678355200028818217106163501739501953125</ele>
            </trkpt>
            <trkpt lat="47.6513700000000000045474735088646411895751953125" lon="14.3914050000000006690470399917103350162506103515625">
                <ele>2034.0347040000269771553575992584228515625</ele>
            </trkpt>
            <trkpt lat="47.65138400000000018508217181079089641571044921875" lon="14.391377999999999559577190666459500789642333984375">
                <ele>2032.988993279980832085129804909229278564453125</ele>
            </trkpt>
            <trkpt lat="47.6513580000000018799255485646426677703857421875" lon="14.3913620000000008758433978073298931121826171875">
                <ele>2032.08610944005113196908496320247650146484375</ele>
            </trkpt>
            <trkpt lat="47.65134400000000169939085026271641254425048828125" lon="14.391266999999999143255990929901599884033203125">
                <ele>2027.9046067199742537923157215118408203125</ele>
            </trkpt>
            <trkpt lat="47.65118199999999859528543311171233654022216796875" lon="14.3908780000000007248672773130238056182861328125">
                <ele>2010.604957440022872106055729091167449951171875</ele>
            </trkpt>
            <trkpt lat="47.65117000000000047066350816749036312103271484375" lon="14.390755999999999659166860510595142841339111328125">
                <ele>2004.901631999983464993420056998729705810546875</ele>
            </trkpt>
            <trkpt lat="47.6511229999999983419911586679518222808837890625" lon="14.390603999999999729197952547110617160797119140625">
                <ele>1997.475907199988569118431769311428070068359375</ele>
            </trkpt>
            <trkpt lat="47.65111900000000133559296955354511737823486328125" lon="14.3905410000000006931486495886929333209991455078125">
                <ele>1994.446586400029218566487543284893035888671875</ele>
            </trkpt>
            <trkpt lat="47.65107400000000126283339341171085834503173828125" lon="14.390508000000000521367837791331112384796142578125">
                <ele>1993.0111872000197763554751873016357421875</ele>
            </trkpt>
            <trkpt lat="47.65096100000000234331309911794960498809814453125" lon="14.3903610000000004021103450213558971881866455078125">
                <ele>1986.81909360000236119958572089672088623046875</ele>
            </trkpt>
            <trkpt lat="47.65089499999999844703779672272503376007080078125" lon="14.3903540000000003118429958703927695751190185546875">
                <ele>1986.95152800002369986032135784626007080078125</ele>
            </trkpt>
            <trkpt lat="47.65088399999999779765857965685427188873291015625" lon="14.3902219999999996247197486809454858303070068359375">
                <ele>1981.337356800004954493488185107707977294921875</ele>
            </trkpt>
            <trkpt lat="47.6507519999999971105353324674069881439208984375" lon="14.3899840000000001083435563487000763416290283203125">
                <ele>1965.3660044797770751756615936756134033203125</ele>
            </trkpt>
            <trkpt lat="47.65078199999999952751750242896378040313720703125" lon="14.389905999999999863803168409503996372222900390625">
                <ele>1963.7776211199534373008646070957183837890625</ele>
            </trkpt>
            <trkpt lat="47.6507610000000028094291337765753269195556640625" lon="14.3896730000000001581383912707678973674774169921875">
                <ele>1950.6319460801978493691422045230865478515625</ele>
            </trkpt>
            <trkpt lat="47.650790000000000645741238258779048919677734375" lon="14.389542999999999750571078038774430751800537109375">
                <ele>1946.080619200025694226496852934360504150390625</ele>
            </trkpt>
            <trkpt lat="47.650767000000001871740096248686313629150390625" lon="14.3893690000000002982005753437988460063934326171875">
                <ele>1935.9115892801246445742435753345489501953125</ele>
            </trkpt>
            <trkpt lat="47.65077999999999747160472907125949859619140625" lon="14.38927699999999987312548910267651081085205078125">
                <ele>1932.08820159984270503628067672252655029296875</ele>
            </trkpt>
            <trkpt lat="47.6508170000000035315679269842803478240966796875" lon="14.3892819999999996838369042961858212947845458984375">
                <ele>1934.4980598401862152968533337116241455078125</ele>
            </trkpt>
            <trkpt lat="47.6508180000000010068106348626315593719482421875" lon="14.3891840000000001964508555829524993896484375">
                <ele>1929.54072832006249882397241890430450439453125</ele>
            </trkpt>
            <trkpt lat="47.65084399999999931196725810877978801727294921875" lon="14.389070000000000248974174610339105129241943359375">
                <ele>1924.6069696000276962877251207828521728515625</ele>
            </trkpt>
            <trkpt lat="47.65079300000000017689671949483454227447509765625" lon="14.388980000000000103455022326670587062835693359375">
                <ele>1918.487065600011419519432820379734039306640625</ele>
            </trkpt>
            <trkpt lat="47.6507739999999984092937665991485118865966796875" lon="14.388875999999999777401171741075813770294189453125">
                <ele>1912.67015295990995582542382180690765380859375</ele>
            </trkpt>
            <trkpt lat="47.65084499999999678720996598713099956512451171875" lon="14.3888259999999998939301804057322442531585693359375">
                <ele>1912.879446400068218281376175582408905029296875</ele>
            </trkpt>
            <trkpt lat="47.65081599999999895089786150492727756500244140625" lon="14.3887909999999994425934346509166061878204345703125">
                <ele>1910.6612262399221435771323740482330322265625</ele>
            </trkpt>
            <trkpt lat="47.65087199999999967303665471263229846954345703125" lon="14.388783000000000100726538221351802349090576171875">
                <ele>1910.1987251200116588734090328216552734375</ele>
            </trkpt>
            <trkpt lat="47.65086800000000266663846559822559356689453125" lon="14.3887470000000003977902451879344880580902099609375">
                <ele>1908.56589951995783849270083010196685791015625</ele>
            </trkpt>
            <trkpt lat="47.6508979999999979781932779587805271148681640625" lon="14.38872500000000087538865045644342899322509765625">
                <ele>1906.830256000087274514953605830669403076171875</ele>
            </trkpt>
            <trkpt lat="47.65090699999999657165972166694700717926025390625" lon="14.388662000000000062982508097775280475616455078125">
                <ele>1903.615070080079703984665684401988983154296875</ele>
            </trkpt>
            <trkpt lat="47.65079999999999671445038984529674053192138671875" lon="14.388560999999999268084138748236000537872314453125">
                <ele>1899.053151999827605322934687137603759765625</ele>
            </trkpt>
            <trkpt lat="47.65084600000000136788003146648406982421875" lon="14.3884810000000005203446562518365681171417236328125">
                <ele>1896.3090131199942334205843508243560791015625</ele>
            </trkpt>
            <trkpt lat="47.6506710000000026639099814929068088531494140625" lon="14.3882549999999991285903888638131320476531982421875">
                <ele>1880.9068008000613190233707427978515625</ele>
            </trkpt>
            <trkpt lat="47.65070200000000255613485933281481266021728515625" lon="14.388227000000000543877831660211086273193359375">
                <ele>1880.99738784010651215794496238231658935546875</ele>
            </trkpt>
            <trkpt lat="47.65077600000000046520653995685279369354248046875" lon="14.3882139999999996149426806368865072727203369140625">
                <ele>1883.085469440000679242075420916080474853515625</ele>
            </trkpt>
            <trkpt lat="47.65068600000000031968738767318427562713623046875" lon="14.3880590000000001538182914373464882373809814453125">
                <ele>1874.51462304001461234292946755886077880859375</ele>
            </trkpt>
            <trkpt lat="47.65071999999999974306774674914777278900146484375" lon="14.3880110000000005499032340594567358493804931640625">
                <ele>1873.902643200010288637713529169559478759765625</ele>
            </trkpt>
            <trkpt lat="47.6507730000000009340510587207973003387451171875" lon="14.3879819999999991608774507767520844936370849609375">
                <ele>1874.533114559997784454026259481906890869140625</ele>
            </trkpt>
            <trkpt lat="47.65074200000000104182618088088929653167724609375" lon="14.3879180000000008732286005397327244281768798828125">
                <ele>1871.253221760062160683446563780307769775390625</ele>
            </trkpt>
            <trkpt lat="47.650565000000000281943357549607753753662109375" lon="14.387826000000000448153514298610389232635498046875">
                <ele>1862.731502400022463916684500873088836669921875</ele>
            </trkpt>
            <trkpt lat="47.65059800000000223008100874722003936767578125" lon="14.38779099999999999681676854379475116729736328125">
                <ele>1862.507273280063600395806133747100830078125</ele>
            </trkpt>
            <trkpt lat="47.65047299999999808051143190823495388031005859375" lon="14.3877000000000005996980689815245568752288818359375">
                <ele>1855.925615999965202718158252537250518798828125</ele>
            </trkpt>
            <trkpt lat="47.65061399999999736110112280584871768951416015625" lon="14.3876170000000005444462658488191664218902587890625">
                <ele>1856.99262047994716340326704084873199462890625</ele>
            </trkpt>
            <trkpt lat="47.65064499999999725332600064575672149658203125" lon="14.3875679999999999125748217920772731304168701171875">
                <ele>1856.1176255999243949190713465213775634765625</ele>
            </trkpt>
            <trkpt lat="47.6505590000000012196323950774967670440673828125" lon="14.3875010000000003174136509187519550323486328125">
                <ele>1851.62044464004065957851707935333251953125</ele>
            </trkpt>
            <trkpt lat="47.65050899999999955980456434190273284912109375" lon="14.387401000000000550471668248064815998077392578125">
                <ele>1846.8950956800063067930750548839569091796875</ele>
            </trkpt>
            <trkpt lat="47.65051299999999656620275345630943775177001953125" lon="14.3873359999999994585095919319428503513336181640625">
                <ele>1844.73519935989907025941647589206695556640625</ele>
            </trkpt>
            <trkpt lat="47.6505810000000025183908292092382907867431640625" lon="14.3872009999999992402308635064400732517242431640625">
                <ele>1841.52875712002560248947702348232269287109375</ele>
            </trkpt>
            <trkpt lat="47.6504929999999973233570926822721958160400390625" lon="14.38705900000000070804162533022463321685791015625">
                <ele>1834.71820223996837739832699298858642578125</ele>
            </trkpt>
            <trkpt lat="47.650519000000002733941073529422283172607421875" lon="14.38700000000000045474735088646411895751953125">
                <ele>1833.189360000066926659201271831989288330078125</ele>
            </trkpt>
            <trkpt lat="47.650474000000002661181497387588024139404296875" lon="14.3869319999999998316297933342866599559783935546875">
                <ele>1829.98484736004184014745987951755523681640625</ele>
            </trkpt>
            <trkpt lat="47.65049400000000190402715816162526607513427734375" lon="14.38686200000000070531314122490584850311279296875">
                <ele>1827.943618560056393107515759766101837158203125</ele>
            </trkpt>
            <trkpt lat="47.65053999999999945202944218181073665618896484375" lon="14.386824000000000722820914234034717082977294921875">
                <ele>1827.4339392000138104776851832866668701171875</ele>
            </trkpt>
            <trkpt lat="47.650294000000002370143192820250988006591796875" lon="14.3864870000000006911022865097038447856903076171875">
                <ele>1811.6440995200537145137786865234375</ele>
            </trkpt>
            <trkpt lat="47.65039800000000269619704340584576129913330078125" lon="14.3864350000000005280753612169064581394195556640625">
                <ele>1811.020299200050658328109420835971832275390625</ele>
            </trkpt>
            <trkpt lat="47.6503680000000002792148734442889690399169921875" lon="14.3863789999999998059365680092014372348785400390625">
                <ele>1808.58875647999457214609719812870025634765625</ele>
            </trkpt>
            <trkpt lat="47.65035999999999916099113761447370052337646484375" lon="14.386272999999999200326783466152846813201904296875">
                <ele>1804.588755199961497055483050644397735595703125</ele>
            </trkpt>
            <trkpt lat="47.65024700000000024147084332071244716644287109375" lon="14.3860270000000003420836947043426334857940673828125">
                <ele>1794.89291696001237141899764537811279296875</ele>
            </trkpt>
            <trkpt lat="47.65024100000000117915988084860146045684814453125" lon="14.3859049999999992763832779019139707088470458984375">
                <ele>1790.58798319997777070966549217700958251953125</ele>
            </trkpt>
            <trkpt lat="47.65012899999999973488229443319141864776611328125" lon="14.3858920000000001238049662788398563861846923828125">
                <ele>1789.75987712000232932041399180889129638671875</ele>
            </trkpt>
            <trkpt lat="47.650137000000000853106030263006687164306640625" lon="14.3856880000000000308091330225579440593719482421875">
                <ele>1782.047300480001695177634246647357940673828125</ele>
            </trkpt>
            <trkpt lat="47.6501769999999993387973518110811710357666015625" lon="14.3856300000000008054712452576495707035064697265625">
                <ele>1779.75402080003186711110174655914306640625</ele>
            </trkpt>
            <trkpt lat="47.650171000000000276486389338970184326171875" lon="14.3855629999999994339532349840737879276275634765625">
                <ele>1777.06363183997700616600923240184783935546875</ele>
            </trkpt>
            <trkpt lat="47.65018500000000045702108764089643955230712890625" lon="14.3854939999999995592361301532946527004241943359375">
                <ele>1774.280811199981371828471310436725616455078125</ele>
            </trkpt>
            <trkpt lat="47.65012999999999721012500231154263019561767578125" lon="14.3854419999999993962092048604972660541534423828125">
                <ele>1772.2719967999801156111061573028564453125</ele>
            </trkpt>
            <trkpt lat="47.65012600000000020372681319713592529296875" lon="14.3853729999999995214921000297181308269500732421875">
                <ele>1769.540939839980410397402010858058929443359375</ele>
            </trkpt>
            <trkpt lat="47.650081000000000130967237055301666259765625" lon="14.3853699999999999903366187936626374721527099609375">
                <ele>1769.52409759999909510952420532703399658203125</ele>
            </trkpt>
            <trkpt lat="47.65002299999999735291567048989236354827880859375" lon="14.385400000000000630961949354968965053558349609375">
                <ele>1770.81473600002937018871307373046875</ele>
            </trkpt>
            <trkpt lat="47.649979000000001860826159827411174774169921875" lon="14.385267999999999943838702165521681308746337890625">
                <ele>1764.255774080133278403081931173801422119140625</ele>
            </trkpt>
            <trkpt lat="47.649979000000001860826159827411174774169921875" lon="14.385267999999999943838702165521681308746337890625">
                <ele>1764.255774080133278403081931173801422119140625</ele>
            </trkpt>
            <trkpt lat="47.649912999999997964550857432186603546142578125" lon="14.3849970000000002556816980359144508838653564453125">
                <ele>1749.232558399863364684279076755046844482421875</ele>
            </trkpt>
            <trkpt lat="47.6499060000000014269971870817244052886962890625" lon="14.3846919999999993677874954300932586193084716796875">
                <ele>1737.804108800070252982550300657749176025390625</ele>
            </trkpt>
            <trkpt lat="47.64989299999999872170519665814936161041259765625" lon="14.3846410000000002327169568161480128765106201171875">
                <ele>1735.1227471999227418564260005950927734375</ele>
            </trkpt>
            <trkpt lat="47.649912000000000489308149553835391998291015625" lon="14.3845949999999991320009939954616129398345947265625">
                <ele>1734.71681599999874379136599600315093994140625</ele>
            </trkpt>
            <trkpt lat="47.64988799999999713463694206438958644866943359375" lon="14.384499999999999175770426518283784389495849609375">
                <ele>1729.776799999786817352287471294403076171875</ele>
            </trkpt>
            <trkpt lat="47.64989800000000030877345125190913677215576171875" lon="14.384422000000000707586877979338169097900390625">
                <ele>1727.625766400042948589543811976909637451171875</ele>
            </trkpt>
            <trkpt lat="47.64987500000000153477230924181640148162841796875" lon="14.3843370000000003727791408891789615154266357421875">
                <ele>1723.179800000105387880466878414154052734375</ele>
            </trkpt>
            <trkpt lat="47.64988600000000218415152630768716335296630859375" lon="14.3843150000000008503775461576879024505615234375">
                <ele>1723.07129600016151016461662948131561279296875</ele>
            </trkpt>
            <trkpt lat="47.6498729999999994788595358841121196746826171875" lon="14.384240999999999388592186733148992061614990234375">
                <ele>1719.6616591999454612960107624530792236328125</ele>
            </trkpt>
            <trkpt lat="47.6499019999999973151716403663158416748046875" lon="14.384178999999999604142431053332984447479248046875">
                <ele>1719.17899519982574929599650204181671142578125</ele>
            </trkpt>
            <trkpt lat="47.649912999999997964550857432186603546142578125" lon="14.384074999999999278088580467738211154937744140625">
                <ele>1715.990723999855390502489171922206878662109375</ele>
            </trkpt>
            <trkpt lat="47.64989899999999778401615913026034832000732421875" lon="14.383998999999999313104126485995948314666748046875">
                <ele>1712.391039839849327108822762966156005859375</ele>
            </trkpt>
            <trkpt lat="47.6498610000000013542376109398901462554931640625" lon="14.383967999999999420879248646087944507598876953125">
                <ele>1709.135416320053309391369111835956573486328125</ele>
            </trkpt>
            <trkpt lat="47.64988000000000312184056383557617664337158203125" lon="14.38360899999999986675902619026601314544677734375">
                <ele>1697.08961280015000738785602152347564697265625</ele>
            </trkpt>
            <trkpt lat="47.64985599999999976716935634613037109375" lon="14.383544000000000551153789274394512176513671875">
                <ele>1693.54267776000733647379092872142791748046875</ele>
            </trkpt>
            <trkpt lat="47.64980700000000268801159108988940715789794921875" lon="14.3835010000000007579501470900140702724456787109375">
                <ele>1689.6250228801554840174503624439239501953125</ele>
            </trkpt>
            <trkpt lat="47.649800999999996520273271016776561737060546875" lon="14.383447000000000315367287839762866497039794921875">
                <ele>1687.432104479845065725385211408138275146484375</ele>
            </trkpt>
            <trkpt lat="47.6498119999999971696524880826473236083984375" lon="14.38339799999999968349584378302097320556640625">
                <ele>1686.217827839855772253940813243389129638671875</ele>
            </trkpt>
            <trkpt lat="47.64986499999999836063580005429685115814208984375" lon="14.383312000000000097088559414260089397430419921875">
                <ele>1685.720588799927782019949518144130706787109375</ele>
            </trkpt>
            <trkpt lat="47.6498569999999972424120642244815826416015625" lon="14.3832280000000007902372090029530227184295654296875">
                <ele>1682.90596095989849345642141997814178466796875</ele>
            </trkpt>
            <trkpt lat="47.64974500000000290356183541007339954376220703125" lon="14.3830340000000003186642061336897313594818115234375">
                <ele>1672.3316608001359782065264880657196044921875</ele>
            </trkpt>
            <trkpt lat="47.64974300000000084764906205236911773681640625" lon="14.3828739999999992704715623403899371623992919921875">
                <ele>1667.680760320015224351664073765277862548828125</ele>
            </trkpt>
            <trkpt lat="47.64967899999999900728653301484882831573486328125" lon="14.382780000000000342197381542064249515533447265625">
                <ele>1662.28549119996705485391430556774139404296875</ele>
            </trkpt>
            <trkpt lat="47.6496810000000010631993063725531101226806640625" lon="14.38271399999999999863575794734060764312744140625">
                <ele>1660.51158784004428525804542005062103271484375</ele>
            </trkpt>
            <trkpt lat="47.64965000000000117097442853264510631561279296875" lon="14.3825769999999995008010955643840134143829345703125">
                <ele>1655.374768000034009673981927335262298583984375</ele>
            </trkpt>
            <trkpt lat="47.64965600000000023328539100475609302520751953125" lon="14.3824749999999994543031789362430572509765625">
                <ele>1652.771487999992814366123639047145843505859375</ele>
            </trkpt>
            <trkpt lat="47.6496350000000035151970223523676395416259765625" lon="14.382417000000000228965291171334683895111083984375">
                <ele>1650.323773600145386808435432612895965576171875</ele>
            </trkpt>
            <trkpt lat="47.6495699999999970941644278354942798614501953125" lon="14.3823290000000003630020728451199829578399658203125">
                <ele>1645.361982399894941409002058207988739013671875</ele>
            </trkpt>
            <trkpt lat="47.64959499999999792407834320329129695892333984375" lon="14.3820660000000000167119651450775563716888427734375">
                <ele>1639.2069615999234883929602801799774169921875</ele>
            </trkpt>
            <trkpt lat="47.6495129999999988967829267494380474090576171875" lon="14.381752999999999786950866109691560268402099609375">
                <ele>1627.990993119956556256511248648166656494140625</ele>
            </trkpt>
            <trkpt lat="47.64951400000000347745299222879111766815185546875" lon="14.38168699999999944338924251496791839599609375">
                <ele>1626.2883894400974895688705146312713623046875</ele>
            </trkpt>
            <trkpt lat="47.64949200000000217869455809704959392547607421875" lon="14.3816129999999997579607224906794726848602294921875">
                <ele>1623.930131840062358605791814625263214111328125</ele>
            </trkpt>
            <trkpt lat="47.6494969999999966603354550898075103759765625" lon="14.3815100000000004598632585839368402957916259765625">
                <ele>1621.942428799912931935978122055530548095703125</ele>
            </trkpt>
            <trkpt lat="47.64943199999999734473021817393600940704345703125" lon="14.381195999999999202145772869698703289031982421875">
                <ele>1614.00668287992675686837173998355865478515625</ele>
            </trkpt>
            <trkpt lat="47.649439999999998462953954003751277923583984375" lon="14.381142000000000535919753019697964191436767578125">
                <ele>1613.126259199978676406317390501499176025390625</ele>
            </trkpt>
            <trkpt lat="47.6493779999999986785041983239352703094482421875" lon="14.38100299999999975852915667928755283355712890625">
                <ele>1609.355327359972534395637921988964080810546875</ele>
            </trkpt>
            <trkpt lat="47.64936900000000008503775461576879024505615234375" lon="14.380891999999999342207956942729651927947998046875">
                <ele>1607.218689919988946712692268192768096923828125</ele>
            </trkpt>
            <trkpt lat="47.64938000000000073441697168163955211639404296875" lon="14.3808319999999998373141352203674614429473876953125">
                <ele>1606.28808320000598541810177266597747802734375</ele>
            </trkpt>
            <trkpt lat="47.64941300000000268255462287925183773040771484375" lon="14.380770999999999304463926819153130054473876953125">
                <ele>1605.34874096001158250146545469760894775390625</ele>
            </trkpt>
            <trkpt lat="47.649360999999998966814018785953521728515625" lon="14.38066500000000047521098167635500431060791015625">
                <ele>1602.692688800004134463961236178874969482421875</ele>
            </trkpt>
            <trkpt lat="47.649327999999997018676367588341236114501953125" lon="14.3806419999999999248530002660118043422698974609375">
                <ele>1602.096331519986279090517200529575347900390625</ele>
            </trkpt>
            <trkpt lat="47.64920500000000203044692170806229114532470703125" lon="14.380404999999999660076355212368071079254150390625">
                <ele>1598.59974799998099115327931940555572509765625</ele>
            </trkpt>
            <trkpt lat="47.64909300000000058616933529265224933624267578125" lon="14.3800489999999996371116139926016330718994140625">
                <ele>1589.163612480035453700111247599124908447265625</ele>
            </trkpt>
            <trkpt lat="47.6490969999999975925675244070589542388916015625" lon="14.3799530000000004292814992368221282958984375">
                <ele>1587.704601599819170587579719722270965576171875</ele>
            </trkpt>
            <trkpt lat="47.64900999999999697820385335944592952728271484375" lon="14.3798230000000000217141860048286616802215576171875">
                <ele>1578.166847999784522471600212156772613525390625</ele>
            </trkpt>
            <trkpt lat="47.64895200000000130557964439503848552703857421875" lon="14.3796099999999995588950696401298046112060546875">
                <ele>1570.152672000059510537539608776569366455078125</ele>
            </trkpt>
            <trkpt lat="47.64888899999999694045982323586940765380859375" lon="14.3794880000000002695514922379516065120697021484375">
                <ele>1564.723123199846668285317718982696533203125</ele>
            </trkpt>
            <trkpt lat="47.6488379999999978053892846219241619110107421875" lon="14.379276000000000834688762552104890346527099609375">
                <ele>1559.58698879992380170733667910099029541015625</ele>
            </trkpt>
            <trkpt lat="47.64885600000000209774952963925898075103759765625" lon="14.3790980000000008232063919422216713428497314453125">
                <ele>1557.287480320074109840788878500461578369140625</ele>
            </trkpt>
            <trkpt lat="47.64890199999999964575181365944445133209228515625" lon="14.3789829999999998477733242907561361789703369140625">
                <ele>1555.800370239985568332485854625701904296875</ele>
            </trkpt>
            <trkpt lat="47.6489509999999967249095789156854152679443359375" lon="14.3789719999999991983941072248853743076324462890625">
                <ele>1556.637326079902550191036425530910491943359375</ele>
            </trkpt>
            <trkpt lat="47.6489720000000005484253051690757274627685546875" lon="14.37889200000000045065462472848594188690185546875">
                <ele>1554.92523136002046157955192029476165771484375</ele>
            </trkpt>
            <trkpt lat="47.64892300000000346926753991283476352691650390625" lon="14.3788509999999991606500771013088524341583251953125">
                <ele>1552.967194720036104627070017158985137939453125</ele>
            </trkpt>
            <trkpt lat="47.64883499999999827423380338586866855621337890625" lon="14.378657000000000465433913632296025753021240234375">
                <ele>1547.349920799993924447335302829742431640625</ele>
            </trkpt>
            <trkpt lat="47.6487300000000004729372449219226837158203125" lon="14.3783440000000002356728145969100296497344970703125">
                <ele>1541.296076800001401352346874773502349853515625</ele>
            </trkpt>
            <trkpt lat="47.64865499999999798319549881853163242340087890625" lon="14.378282999999999702822606195695698261260986328125">
                <ele>1540.133084000006419955752789974212646484375</ele>
            </trkpt>
            <trkpt lat="47.6486400000000003274180926382541656494140625" lon="14.3780879999999999796500560478307306766510009765625">
                <ele>1534.735711999996738086338154971599578857421875</ele>
            </trkpt>
            <trkpt lat="47.64858199999999754936652607284486293792724609375" lon="14.3779500000000002302158463862724602222442626953125">
                <ele>1531.669040000042514293454587459564208984375</ele>
            </trkpt>
            <trkpt lat="47.64856400000000036243363865651190280914306640625" lon="14.3778389999999998138946466497145593166351318359375">
                <ele>1528.9754335999905379139818251132965087890625</ele>
            </trkpt>
            <trkpt lat="47.64856900000000194950189325027167797088623046875" lon="14.377767999999999659621607861481606960296630859375">
                <ele>1526.997027199957074117264710366725921630859375</ele>
            </trkpt>
            <trkpt lat="47.64848500000000086629370343871414661407470703125" lon="14.3775379999999994851123119588010013103485107421875">
                <ele>1522.805287999969323209370486438274383544921875</ele>
            </trkpt>
            <trkpt lat="47.64850700000000216505213757045567035675048828125" lon="14.377480999999999511373971472494304180145263671875">
                <ele>1520.856036319936492873239330947399139404296875</ele>
            </trkpt>
            <trkpt lat="47.64846399999999704277797718532383441925048828125" lon="14.377382000000000772388375480659306049346923828125">
                <ele>1519.473774080095836325199343264102935791015625</ele>
            </trkpt>
            <trkpt lat="47.648470000000003210516297258436679840087890625" lon="14.377314999999999400870365207083523273468017578125">
                <ele>1517.674327999902061492321081459522247314453125</ele>
            </trkpt>
            <trkpt lat="47.64843799999999873762135393917560577392578125" lon="14.3772230000000007521521183662116527557373046875">
                <ele>1516.29665504005470211268402636051177978515625</ele>
            </trkpt>
            <trkpt lat="47.64818100000000100635588751174509525299072265625" lon="14.3769439999999999457713784067891538143157958984375">
                <ele>1506.610047360036332975141704082489013671875</ele>
            </trkpt>
            <trkpt lat="47.64814100000000252066456596367061138153076171875" lon="14.37692799999999948568074614740908145904541015625">
                <ele>1504.706843520089250887394882738590240478515625</ele>
            </trkpt>
            <trkpt lat="47.64810899999999804776962264440953731536865234375" lon="14.3768159999999998177599991322495043277740478515625">
                <ele>1501.623346559921628795564174652099609375</ele>
            </trkpt>
            <trkpt lat="47.648111000000000103682396002113819122314453125" lon="14.3767359999999992936636772355996072292327880859375">
                <ele>1500.411047039988943652133457362651824951171875</ele>
            </trkpt>
            <trkpt lat="47.64808500000000179852577275596559047698974609375" lon="14.3766839999999991306367519428022205829620361328125">
                <ele>1498.719033600042848775046877562999725341796875</ele>
            </trkpt>
            <trkpt lat="47.64804000000000172576619661413133144378662109375" lon="14.37668599999999941019268590025603771209716796875">
                <ele>1497.26530560004584913258440792560577392578125</ele>
            </trkpt>
            <trkpt lat="47.648010999999996784026734530925750732421875" lon="14.37673099999999948295226204209029674530029296875">
                <ele>1496.89611983987970234011299908161163330078125</ele>
            </trkpt>
            <trkpt lat="47.64798900000000259069565800018608570098876953125" lon="14.3765820000000008604956747149117290973663330078125">
                <ele>1493.762460160091677607852034270763397216796875</ele>
            </trkpt>
            <trkpt lat="47.6479369999999988749550539068877696990966796875" lon="14.37654500000000012960299500264227390289306640625">
                <ele>1491.550676799966822727583348751068115234375</ele>
            </trkpt>
            <trkpt lat="47.647840999999999667124939151108264923095703125" lon="14.37639300000000019963408703915774822235107421875">
                <ele>1486.487536959992212359793484210968017578125</ele>
            </trkpt>
            <trkpt lat="47.64780799999999771898728795349597930908203125" lon="14.37629199999999940473571768961846828460693359375">
                <ele>1484.240101119937889961875043809413909912109375</ele>
            </trkpt>
            <trkpt lat="47.64769700000000085537976701743900775909423828125" lon="14.3760600000000007270273272297345101833343505859375">
                <ele>1479.145014400020954781211912631988525390625</ele>
            </trkpt>
            <trkpt lat="47.64760199999999912279236014001071453094482421875" lon="14.3757479999999997488657754729501903057098388671875">
                <ele>1473.83786239998562450637109577655792236328125</ele>
            </trkpt>
            <trkpt lat="47.64751100000000150203049997799098491668701171875" lon="14.3757549999999998391331246239133179187774658203125">
                <ele>1473.1023920000106954830698668956756591796875</ele>
            </trkpt>
            <trkpt lat="47.64744600000000218642526306211948394775390625" lon="14.3756020000000006575646693818271160125732421875">
                <ele>1467.0234272001316639943979680538177490234375</ele>
            </trkpt>
            <trkpt lat="47.6473799999999982901499606668949127197265625" lon="14.37551799999999957435647957026958465576171875">
                <ele>1461.91894399989678277052007615566253662109375</ele>
            </trkpt>
            <trkpt lat="47.64735300000000250975062954239547252655029296875" lon="14.37545000000000072759576141834259033203125">
                <ele>1459.360760000141453929245471954345703125</ele>
            </trkpt>
            <trkpt lat="47.64723000000000041609382606111466884613037109375" lon="14.375431999999999987949195201508700847625732421875">
                <ele>1452.61097600001858154428191483020782470703125</ele>
            </trkpt>
            <trkpt lat="47.64715000000000344471118296496570110321044921875" lon="14.37510999999999938836481305770576000213623046875">
                <ele>1444.660400000147319587995298206806182861328125</ele>
            </trkpt>
            <trkpt lat="47.64707200000000142381395562551915645599365234375" lon="14.37506499999999931560523691587150096893310546875">
                <ele>1440.657488000054172516684047877788543701171875</ele>
            </trkpt>
            <trkpt lat="47.64697799999999716646925662644207477569580078125" lon="14.374905999999999295368979801423847675323486328125">
                <ele>1434.429958399870884022675454616546630859375</ele>
            </trkpt>
            <trkpt lat="47.64687500000000142108547152020037174224853515625" lon="14.37483399999999988949639373458921909332275390625">
                <ele>1429.308800000050496237236075103282928466796875</ele>
            </trkpt>
            <trkpt lat="47.64686199999999871579348109662532806396484375" lon="14.374753999999999365400071837939321994781494140625">
                <ele>1427.783302399942840565927326679229736328125</ele>
            </trkpt>
            <trkpt lat="47.646783999999996694896253757178783416748046875" lon="14.3746039999999997149870978319086134433746337890625">
                <ele>1423.379436799889617759617976844310760498046875</ele>
            </trkpt>
            <trkpt lat="47.646670000000000300133251585066318511962890625" lon="14.374534000000000588670445722527801990509033203125">
                <ele>1419.244064000011121606803499162197113037109375</ele>
            </trkpt>
            <trkpt lat="47.64660599999999845977072254754602909088134765625" lon="14.374446999999999974306774674914777278900146484375">
                <ele>1415.60506047992384992539882659912109375</ele>
            </trkpt>
            <trkpt lat="47.6465869999999966921677696518599987030029296875" lon="14.3742830000000001433591023669578135013580322265625">
                <ele>1413.6247254398449513246305286884307861328125</ele>
            </trkpt>
            <trkpt lat="47.64650100000000065847416408360004425048828125" lon="14.374245999999999412466422654688358306884765625">
                <ele>1409.40324544002533002640120685100555419921875</ele>
            </trkpt>
            <trkpt lat="47.64644100000000292993718176148831844329833984375" lon="14.3741500000000002046363078989088535308837890625">
                <ele>1406.152928000132078523165546357631683349609375</ele>
            </trkpt>
            <trkpt lat="47.64643600000000134286892716772854328155517578125" lon="14.3740509999999996892938725068233907222747802734375">
                <ele>1405.594958720056865786318667232990264892578125</ele>
            </trkpt>
            <trkpt lat="47.6463820000000026766429073177278041839599609375" lon="14.3739690000000006619984560529701411724090576171875">
                <ele>1402.98142016011615851311944425106048583984375</ele>
            </trkpt>
            <trkpt lat="47.64636999999999744659362477250397205352783203125" lon="14.3738060000000000826503310236148536205291748046875">
                <ele>1402.040614399892774599720723927021026611328125</ele>
            </trkpt>
            <trkpt lat="47.64629000000000047521098167635500431060791015625" lon="14.373822000000000542740963282994925975799560546875">
                <ele>1398.7515776000191181083209812641143798828125</ele>
            </trkpt>
            <trkpt lat="47.64619400000000126738086692057549953460693359375" lon="14.3739760000000007522658052039332687854766845703125">
                <ele>1394.840602880053893386502750217914581298828125</ele>
            </trkpt>
            <trkpt lat="47.645881000000002813976607285439968109130859375" lon="14.3752680000000001570015228935517370700836181640625">
                <ele>1381.338400000146748425322584807872772216796875</ele>
            </trkpt>
            <trkpt lat="47.645837000000000216459739021956920623779296875" lon="14.375567000000000206227923627011477947235107421875">
                <ele>1379.374000000009573341230861842632293701171875</ele>
            </trkpt>
            <trkpt lat="47.64587900000000075806383392773568630218505859375" lon="14.3759399999999999408828443847596645355224609375">
                <ele>1381.669228800038354165735654532909393310546875</ele>
            </trkpt>
            <trkpt lat="47.64589500000000299451130558736622333526611328125" lon="14.37706299999999970395947457291185855865478515625">
                <ele>1379.07198880016812836402095854282379150390625</ele>
            </trkpt>
            <trkpt lat="47.645792000000000143700162880122661590576171875" lon="14.3773719999999993746087056933902204036712646484375">
                <ele>1371.935888640009579830802977085113525390625</ele>
            </trkpt>
            <trkpt lat="47.64563799999999815781848155893385410308837890625" lon="14.37754699999999985493559506721794605255126953125">
                <ele>1363.553001599904746399261057376861572265625</ele>
            </trkpt>
            <trkpt lat="47.645431999999999561623553745448589324951171875" lon="14.377902999999999877900336286984384059906005859375">
                <ele>1355.12021759997833214583806693553924560546875</ele>
            </trkpt>
            <trkpt lat="47.64533800000000240970621234737336635589599609375" lon="14.3779710000000005010178938391618430614471435546875">
                <ele>1351.300348800110668889828957617282867431640625</ele>
            </trkpt>
            <trkpt lat="47.64522600000000096542862593196332454681396484375" lon="14.37799700000000058253135648556053638458251953125">
                <ele>1346.508163200047192731290124356746673583984375</ele>
            </trkpt>
            <trkpt lat="47.64513699999999829515218152664601802825927734375" lon="14.3780990000000006290292731137014925479888916015625">
                <ele>1343.575492799932135312701575458049774169921875</ele>
            </trkpt>
            <trkpt lat="47.64501200000000125100996228866279125213623046875" lon="14.3781750000000005940137270954437553882598876953125">
                <ele>1339.1025600000584745430387556552886962890625</ele>
            </trkpt>
            <trkpt lat="47.64477099999999865076460991986095905303955078125" lon="14.378311000000000063892002799548208713531494140625">
                <ele>1333.05037679995848520775325596332550048828125</ele>
            </trkpt>
            <trkpt lat="47.64465799999999973124431562609970569610595703125" lon="14.3783490000000000463842297904193401336669921875">
                <ele>1330.144853439992175481165759265422821044921875</ele>
            </trkpt>
            <trkpt lat="47.644542000000001280568540096282958984375" lon="14.3784960000000001656417225603945553302764892578125">
                <ele>1329.40215424004372835042886435985565185546875</ele>
            </trkpt>
            <trkpt lat="47.64426999999999878809830988757312297821044921875" lon="14.37874599999999958299667923711240291595458984375">
                <ele>1325.3362143999520412762649357318878173828125</ele>
            </trkpt>
            <trkpt lat="47.644081999999997378836269490420818328857421875" lon="14.3791659999999996699671100941486656665802001953125">
                <ele>1326.23712511988969708909280598163604736328125</ele>
            </trkpt>
            <trkpt lat="47.64375700000000080081008491106331348419189453125" lon="14.3794500000000002870592652470804750919342041015625">
                <ele>1316.834512000030599665478803217411041259765625</ele>
            </trkpt>
            <trkpt lat="47.6436369999999982383087626658380031585693359375" lon="14.3792519999999992563743944629095494747161865234375">
                <ele>1310.05462911992026420193724334239959716796875</ele>
            </trkpt>
            <trkpt lat="47.64362299999999805777406436391174793243408203125" lon="14.378591000000000121872290037572383880615234375">
                <ele>1300.063911679930242826230823993682861328125</ele>
            </trkpt>
            <trkpt lat="47.6435790000000025656845537014305591583251953125" lon="14.378208000000000765794538892805576324462890625">
                <ele>1292.498400000097035444923676550388336181640625</ele>
            </trkpt>
            <trkpt lat="47.6435790000000025656845537014305591583251953125" lon="14.378208000000000765794538892805576324462890625">
                <ele>1292.498400000097035444923676550388336181640625</ele>
            </trkpt>
            <trkpt lat="47.6435680000000019163053366355597972869873046875" lon="14.378111000000000530008037458173930644989013671875">
                <ele>1290.382800000071028989623300731182098388671875</ele>
            </trkpt>
            <trkpt lat="47.643720999999999321516952477395534515380859375" lon="14.3774549999999994298605088260956108570098876953125">
                <ele>1283.682962399962661947938613593578338623046875</ele>
            </trkpt>
            <trkpt lat="47.64397199999999799047145643271505832672119140625" lon="14.3772420000000007433982318616472184658050537109375">
                <ele>1288.40783231993964363937266170978546142578125</ele>
            </trkpt>
            <trkpt lat="47.64408800000000354657458956353366374969482421875" lon="14.3770900000000008134293238981626927852630615234375">
                <ele>1289.829465600135563363437540829181671142578125</ele>
            </trkpt>
            <trkpt lat="47.6441310000000015634213923476636409759521484375" lon="14.3769159999999995847019818029366433620452880859375">
                <ele>1288.40041728004553078790195286273956298828125</ele>
            </trkpt>
            <trkpt lat="47.64408900000000102181729744188487529754638671875" lon="14.3767060000000004293951860745437443256378173828125">
                <ele>1283.28479712004127577529288828372955322265625</ele>
            </trkpt>
            <trkpt lat="47.644013000000001056832843460142612457275390625" lon="14.3766189999999998150315150269307196140289306640625">
                <ele>1279.1844185600339187658391892910003662109375</ele>
            </trkpt>
            <trkpt lat="47.643900000000002137312549166381359100341796875" lon="14.3765909999999994539621184230782091617584228515625">
                <ele>1274.530352000070024587330408394336700439453125</ele>
            </trkpt>
            <trkpt lat="47.643563000000000329237082041800022125244140625" lon="14.3763249999999995765165294869802892208099365234375">
                <ele>1256.977568000001838299795053899288177490234375</ele>
            </trkpt>
            <trkpt lat="47.6435120000000011941665434278547763824462890625" lon="14.3763470000000008752749636187218129634857177734375">
                <ele>1255.283150720060802996158599853515625</ele>
            </trkpt>
            <trkpt lat="47.6432819999999992433004081249237060546875" lon="14.3763220000000000453610482509247958660125732421875">
                <ele>1245.93944447997591851162724196910858154296875</ele>
            </trkpt>
            <trkpt lat="47.643157999999999674400896765291690826416015625" lon="14.376490000000000435420588473789393901824951171875">
                <ele>1245.757190399997170970891602337360382080078125</ele>
            </trkpt>
            <trkpt lat="47.6429609999999996716724126599729061126708984375" lon="14.3769229999999996749693309538997709751129150390625">
                <ele>1248.456257279981173269334249198436737060546875</ele>
            </trkpt>
            <trkpt lat="47.6426670000000029858711059205234050750732421875" lon="14.3772760000000001667785909376107156276702880859375">
                <ele>1245.40132992009648660314269363880157470703125</ele>
            </trkpt>
            <trkpt lat="47.6424540000000007466951501555740833282470703125" lon="14.3777299999999996771293808706104755401611328125">
                <ele>1244.196624000023575717932544648647308349609375</ele>
            </trkpt>
            <trkpt lat="47.64237200000000171939973370172083377838134765625" lon="14.378275999999999612555257044732570648193359375">
                <ele>1246.404038400067520342417992651462554931640625</ele>
            </trkpt>
            <trkpt lat="47.6422910000000001673470251262187957763671875" lon="14.3792390000000001037960828398354351520538330078125">
                <ele>1251.063986080006316115031950175762176513671875</ele>
            </trkpt>
            <trkpt lat="47.6423529999999999517967808060348033905029296875" lon="14.3794979999999998909743226249702274799346923828125">
                <ele>1256.93935647999387583695352077484130859375</ele>
            </trkpt>
            <trkpt lat="47.64226599999999933743310975842177867889404296875" lon="14.379659000000000190766513696871697902679443359375">
                <ele>1254.8748764799702257732860743999481201171875</ele>
            </trkpt>
            <trkpt lat="47.64145899999999755891622044146060943603515625" lon="14.3799749999999999516830939683131873607635498046875">
                <ele>1229.307723999942027148790657520294189453125</ele>
            </trkpt>
            <trkpt lat="47.64088100000000025602275854907929897308349609375" lon="14.380255999999999261262928484939038753509521484375">
                <ele>1222.80108735998737756744958460330963134765625</ele>
            </trkpt>
            <trkpt lat="47.64058399999999693363861297257244586944580078125" lon="14.38058099999999939200279186479747295379638671875">
                <ele>1222.208386559897235201788134872913360595703125</ele>
            </trkpt>
            <trkpt lat="47.64031700000000313366399495862424373626708984375" lon="14.380919999999999703277353546582162380218505859375">
                <ele>1221.083769600093319240841083228588104248046875</ele>
            </trkpt>
            <trkpt lat="47.6401290000000017244019545614719390869140625" lon="14.3811020000000002738715920713730156421661376953125">
                <ele>1218.337845120061729176086373627185821533203125</ele>
            </trkpt>
            <trkpt lat="47.639825999999999339706846512854099273681640625" lon="14.38166400000000066938810050487518310546875">
                <ele>1224.2964134400126567925326526165008544921875</ele>
            </trkpt>
            <trkpt lat="47.63965300000000269164956989698112010955810546875" lon="14.3817900000000005178435458219610154628753662109375">
                <ele>1226.59658239999635043204762041568756103515625</ele>
            </trkpt>
            <trkpt lat="47.639397000000002435626811347901821136474609375" lon="14.38180799999999948113327263854444026947021484375">
                <ele>1227.617419519987379317171871662139892578125</ele>
            </trkpt>
            <trkpt lat="47.6393259999999969522832543589174747467041015625" lon="14.38178500000000070713213062845170497894287109375">
                <ele>1227.662403200015660331700928509235382080078125</ele>
            </trkpt>
            <trkpt lat="47.6394030000000014979377738200128078460693359375" lon="14.3816900000000007509015631512738764286041259765625">
                <ele>1226.56912639999927705503068864345550537109375</ele>
            </trkpt>
            <trkpt lat="47.63947900000000146292222780175507068634033203125" lon="14.38143099999999918736648396588861942291259765625">
                <ele>1223.632859039980075976927764713764190673828125</ele>
            </trkpt>
            <trkpt lat="47.63949099999999958754415274597704410552978515625" lon="14.381202999999999292413122020661830902099609375">
                <ele>1221.21224207999694044701755046844482421875</ele>
            </trkpt>
            <trkpt lat="47.63959299999999785768522997386753559112548828125" lon="14.38073299999999932197169982828199863433837890625">
                <ele>1214.634026880027477091061882674694061279296875</ele>
            </trkpt>
            <trkpt lat="47.639668000000000347426976077258586883544921875" lon="14.380617000000000871295924298465251922607421875">
                <ele>1211.872197120005012038745917379856109619140625</ele>
            </trkpt>
            <trkpt lat="47.6398099999999971032593748532235622406005859375" lon="14.38029900000000083082341006956994533538818359375">
                <ele>1204.656748800074865357601083815097808837890625</ele>
            </trkpt>
            <trkpt lat="47.63985799999999670717443223111331462860107421875" lon="14.380067000000000376758180209435522556304931640625">
                <ele>1200.094398720086019238806329667568206787109375</ele>
            </trkpt>
            <trkpt lat="47.63992600000000265936250798404216766357421875" lon="14.379934999999999689634933019988238811492919921875">
                <ele>1196.17913759992416089517064392566680908203125</ele>
            </trkpt>
            <trkpt lat="47.63998600000000038789949030615389347076416015625" lon="14.3797639999999997684199115610681474208831787109375">
                <ele>1191.364419839983611382194794714450836181640625</ele>
            </trkpt>
            <trkpt lat="47.6399899999999973942976794205605983734130859375" lon="14.3796499999999998209432305884547531604766845703125">
                <ele>1189.0773600000729857129044830799102783203125</ele>
            </trkpt>
            <trkpt lat="47.6400220000000018671926227398216724395751953125" lon="14.3795610000000007033804649836383759975433349609375">
                <ele>1187.59920000005740803317166864871978759765625</ele>
            </trkpt>
            <trkpt lat="47.64000899999999916190063231624662876129150390625" lon="14.3794699999999995299049260211177170276641845703125">
                <ele>1185.539999999969950295053422451019287109375</ele>
            </trkpt>
            <trkpt lat="47.63999499999999898136593401432037353515625" lon="14.3794540000000008461711331619881093502044677734375">
                <ele>1185.178180800048039600369520485401153564453125</ele>
            </trkpt>
            <trkpt lat="47.64000800000000168665792443789541721343994140625" lon="14.37941000000000002501110429875552654266357421875">
                <ele>1184.36400000004005050868727266788482666015625</ele>
            </trkpt>
            <trkpt lat="47.63998600000000038789949030615389347076416015625" lon="14.379357999999999861984179005958139896392822265625">
                <ele>1183.64288447998342235223390161991119384765625</ele>
            </trkpt>
            <trkpt lat="47.6400119999999986930561135523021221160888671875" lon="14.3792430000000006629079507547430694103240966796875">
                <ele>1181.25359999998045168467797338962554931640625</ele>
            </trkpt>
            <trkpt lat="47.63999299999999692545316065661609172821044921875" lon="14.3790490000000001913349478854797780513763427734375">
                <ele>1177.35515824011554286698810756206512451171875</ele>
            </trkpt>
            <trkpt lat="47.63999700000000103727870737202465534210205078125" lon="14.37893700000000052341420087032020092010498046875">
                <ele>1174.925776479971545995795167982578277587890625</ele>
            </trkpt>
            <trkpt lat="47.64008199999999959572960506193339824676513671875" lon="14.3782219999999991699723977944813668727874755859375">
                <ele>1162.365169919971094714128412306308746337890625</ele>
            </trkpt>
            <trkpt lat="47.64005399999999923466020845808088779449462890625" lon="14.378043999999999158490027184598147869110107421875">
                <ele>1157.855988479959023607079870998859405517578125</ele>
            </trkpt>
            <trkpt lat="47.64014399999999938017936074174940586090087890625" lon="14.377734000000000236241248785518109798431396484375">
                <ele>1154.350222079983495859778486192226409912109375</ele>
            </trkpt>
            <trkpt lat="47.64014800000000349200490745715796947479248046875" lon="14.3775600000000007838707460905425250530242919921875">
                <ele>1151.021702400138337907264940440654754638671875</ele>
            </trkpt>
            <trkpt lat="47.64010499999999836973074707202613353729248046875" lon="14.37742300000000028603608370758593082427978515625">
                <ele>1147.321811999943065529805608093738555908203125</ele>
            </trkpt>
            <trkpt lat="47.63998500000000291265678242780268192291259765625" lon="14.377300999999999220335666905157268047332763671875">
                <ele>1142.48170799987065038294531404972076416015625</ele>
            </trkpt>
            <trkpt lat="47.63992600000000265936250798404216766357421875" lon="14.377126000000000516365616931580007076263427734375">
                <ele>1142.4719327999018787522800266742706298828125</ele>
            </trkpt>
            <trkpt lat="47.6398750000000035242919693700969219207763671875" lon="14.3762039999999995387724993634037673473358154296875">
                <ele>1132.309199999855309215490706264972686767578125</ele>
            </trkpt>
            <trkpt lat="47.63988299999999753708834759891033172607421875" lon="14.3760759999999994107611200888641178607940673828125">
                <ele>1130.412777600091430940665304660797119140625</ele>
            </trkpt>
            <trkpt lat="47.63990499999999883584678173065185546875" lon="14.3760189999999994370227796025574207305908203125">
                <ele>1128.81380400003990871482528746128082275390625</ele>
            </trkpt>
            <trkpt lat="47.63990199999999930469130049459636211395263671875" lon="14.375645999999999702367858844809234142303466796875">
                <ele>1125.095272960026932196342386305332183837890625</ele>
            </trkpt>
            <trkpt lat="47.63994600000000190220816875807940959930419921875" lon="14.3751949999999997231725501478649675846099853515625">
                <ele>1119.505273599914062288007698953151702880859375</ele>
            </trkpt>
            <trkpt lat="47.64006599999999735928213340230286121368408203125" lon="14.3744379999999996044834915664978325366973876953125">
                <ele>1111.077312639956289785914123058319091796875</ele>
            </trkpt>
            <trkpt lat="47.64028700000000071668182499706745147705078125" lon="14.3735510000000008545839591533876955509185791015625">
                <ele>1108.5712699200184943038038909435272216796875</ele>
            </trkpt>
            <trkpt lat="47.64021600000000233876562560908496379852294921875" lon="14.3728219999999993206074577756226062774658203125">
                <ele>1101.102141440072728073573671281337738037109375</ele>
            </trkpt>
            <trkpt lat="47.64026299999999736201061750762164592742919921875" lon="14.372111000000000302634362014941871166229248046875">
                <ele>1095.418955839900945647968910634517669677734375</ele>
            </trkpt>
            <trkpt lat="47.64024400000000269983502221293747425079345703125" lon="14.3718540000000007950120561872608959674835205078125">
                <ele>1091.73164288011003009160049259662628173828125</ele>
            </trkpt>
            <trkpt lat="47.64019600000000309591996483504772186279296875" lon="14.371579000000000547743184142746031284332275390625">
                <ele>1087.197198720115693504340015351772308349609375</ele>
            </trkpt>
            <trkpt lat="47.6399899999999973942976794205605983734130859375" lon="14.3712929999999996510950950323604047298431396484375">
                <ele>1078.86444960003927917568944394588470458984375</ele>
            </trkpt>
            <trkpt lat="47.639826999999996814949554391205310821533203125" lon="14.3709620000000004580442691803909838199615478515625">
                <ele>1078.779894720034235433558933436870574951171875</ele>
            </trkpt>
            <trkpt lat="47.6396060000000005629772203974425792694091796875" lon="14.3703179999999992588755048927851021289825439453125">
                <ele>1074.006686719993695078301243484020233154296875</ele>
            </trkpt>
            <trkpt lat="47.6395049999999997680788510479032993316650390625" lon="14.3699150000000006599520929739810526371002197265625">
                <ele>1069.142120000002023516572080552577972412109375</ele>
            </trkpt>
            <trkpt lat="47.63950700000000182399162440560758113861083984375" lon="14.369540000000000645741238258779048919677734375">
                <ele>1066.501568000034012584364973008632659912109375</ele>
            </trkpt>
            <trkpt lat="47.6394499999999965211827657185494899749755859375" lon="14.369251999999999469537215190939605236053466796875">
                <ele>1063.295839999924965013633482158184051513671875</ele>
            </trkpt>
            <trkpt lat="47.63947699999999940700945444405078887939453125" lon="14.3685700000000000642330633127130568027496337890625">
                <ele>1061.75630719998343920451588928699493408203125</ele>
            </trkpt>
            <trkpt lat="47.6393640000000004874891601502895355224609375" lon="14.3682269999999991938466337160207331180572509765625">
                <ele>1057.01880000001028747647069394588470458984375</ele>
            </trkpt>
            <trkpt lat="47.63925499999999857436705497093498706817626953125" lon="14.3675909999999991129016052582301199436187744140625">
                <ele>1049.80199999995011239661835134029388427734375</ele>
            </trkpt>
            <trkpt lat="47.63923799999999886267687543295323848724365234375" lon="14.36737600000000014688339433632791042327880859375">
                <ele>1047.9688627199657275923527777194976806640625</ele>
            </trkpt>
            <trkpt lat="47.639284000000003516106517054140567779541015625" lon="14.3670919999999995297912391833961009979248046875">
                <ele>1047.643864320104739817907102406024932861328125</ele>
            </trkpt>
            <trkpt lat="47.63936000000000348109097103588283061981201171875" lon="14.366842999999999364035829785279929637908935546875">
                <ele>1048.407091200101376671227626502513885498046875</ele>
            </trkpt>
            <trkpt lat="47.63948500000000052523319027386605739593505859375" lon="14.3662550000000006633626981056295335292816162109375">
                <ele>1049.495876000017460683011449873447418212890625</ele>
            </trkpt>
            <trkpt lat="47.6395380000000017162165022455155849456787109375" lon="14.365581999999999851524989935569465160369873046875">
                <ele>1047.89364224004066272755153477191925048828125</ele>
            </trkpt>
            <trkpt lat="47.63957099999999655892679584212601184844970703125" lon="14.36548499999999961573848850093781948089599609375">
                <ele>1048.12151839991702217957936227321624755859375</ele>
            </trkpt>
            <trkpt lat="47.63961400000000168120095622725784778594970703125" lon="14.365213000000000675981937092728912830352783203125">
                <ele>1047.423236480039349771686829626560211181640625</ele>
            </trkpt>
            <trkpt lat="47.63960800000000261888999375514686107635498046875" lon="14.364644999999999441797626786865293979644775390625">
                <ele>1043.767942400038691630470566451549530029296875</ele>
            </trkpt>
            <trkpt lat="47.6396299999999968122210702858865261077880859375" lon="14.3643699999999991945287547423504292964935302734375">
                <ele>1042.361983999950780344079248607158660888671875</ele>
            </trkpt>
            <trkpt lat="47.63963199999999886813384364359080791473388671875" lon="14.3639740000000006858726919745095074176788330078125">
                <ele>1039.74488959999280268675647675991058349609375</ele>
            </trkpt>
            <trkpt lat="47.6396069999999980382199282757937908172607421875" lon="14.3628769999999992279526850325055420398712158203125">
                <ele>1032.34179263998839815030805766582489013671875</ele>
            </trkpt>
            <trkpt lat="47.63963600000000297995939035899937152862548828125" lon="14.362610000000000098907548817805945873260498046875">
                <ele>1030.756569600005832398892380297183990478515625</ele>
            </trkpt>
            <trkpt lat="47.63983300000000298268787446431815624237060546875" lon="14.3615750000000002017941369558684527873992919921875">
                <ele>1023.392219999980397915351204574108123779296875</ele>
            </trkpt>
            <trkpt lat="47.63995299999999843976183910854160785675048828125" lon="14.36104399999999969850250636227428913116455078125">
                <ele>1021.4983104000156117763253860175609588623046875</ele>
            </trkpt>
            <trkpt lat="47.6401759999999967476469464600086212158203125" lon="14.360341999999999273995854309760034084320068359375">
                <ele>1021.1115647999986322247423231601715087890625</ele>
            </trkpt>
            <trkpt lat="47.64008100000000212048689718358218669891357421875" lon="14.360291000000000138925315695814788341522216796875">
                <ele>1021.10142239999868252198211848735809326171875</ele>
            </trkpt>
            <trkpt lat="47.639983000000000856744009070098400115966796875" lon="14.3603199999999997515942595782689750194549560546875">
                <ele>1021.4330975999843076351680792868137359619140625</ele>
            </trkpt>
            <trkpt lat="47.639758000000000492946128360927104949951171875" lon="14.3605649999999993582378010614775121212005615234375">
                <ele>1024.56757919999517980613745748996734619140625</ele>
            </trkpt>
            <trkpt lat="47.63968299999999800320438225753605365753173828125" lon="14.3606800000000003336708687129430472850799560546875">
                <ele>1025.117942400026322502526454627513885498046875</ele>
            </trkpt>
        </trkseg>
    </trk>
</gpx>
