<?xml version="1.0" encoding="UTF-8" standalone="yes"?>
<gpx xmlns:gpxtpx1="http://www.garmin.com/xmlschemas/TrackPointExtension/v1" xmlns="http://www.topografix.com/GPX/1/1" xmlns:trp="http://www.garmin.com/xmlschemas/TripExtensions/v1" xmlns:gpxx="http://www.garmin.com/xmlschemas/GpxExtensions/v3" xmlns:gpxtpx="http://www.garmin.com/xmlschemas/TrackPointExtension/v2" version="1.1" creator="Generated by Christian Pesch's RouteConverter. See http://www.routeconverter.com">
    <metadata>
        <name>Schleinitz E; 31-MAI-11 7:35:51 to Schneinitztal P</name>
        <link href="http://www.garmin.com">
            <text>Garmin International</text>
        </link>
        <time>2011-06-01T07:27:53Z</time>
        <bounds minlat="46.841567996889353" minlon="12.748611196875572" maxlat="46.899130884557962" maxlon="12.788428254425526"/>
    </metadata>
    <wpt lat="46.8990306" lon="12.7631086">
        <ele>2664.0</ele>
        <name>Schleinitz E</name>
        <cmt>31-MAI-11 7:35:51</cmt>
        <desc>31-MAI-11 7:35:51</desc>
        <sym>Trail Head</sym>
        <extensions>
            <gpxx:WaypointExtension>
                <gpxx:DisplayMode>SymbolAndName</gpxx:DisplayMode>
            </gpxx:WaypointExtension>
        </extensions>
    </wpt>
    <wpt lat="46.865415" lon="12.786769">
        <time>2011-06-01T07:26:02.000Z</time>
        <name>Schleinitz P</name>
        <sym>Parking Area</sym>
        <extensions>
            <gpxx:WaypointExtension>
                <gpxx:DisplayMode>SymbolAndName</gpxx:DisplayMode>
            </gpxx:WaypointExtension>
        </extensions>
    </wpt>
    <wpt lat="46.841568" lon="12.7749">
        <time>2011-06-01T07:27:13.000Z</time>
        <name>Schneinitztal P</name>
        <sym>Parking Area</sym>
        <extensions>
            <gpxx:WaypointExtension>
                <gpxx:DisplayMode>SymbolAndName</gpxx:DisplayMode>
            </gpxx:WaypointExtension>
        </extensions>
    </wpt>
    <trk>
        <name>ACTIVE LOG 030</name>
        <extensions>
            <gpxx:TrackExtension>
                <gpxx:DisplayColor>Transparent</gpxx:DisplayColor>
            </gpxx:TrackExtension>
        </extensions>
        <trkseg>
            <trkpt lat="46.8750351" lon="12.7893509">
                <ele>2203.0</ele>
                <time>2011-05-31T05:34:40.000Z</time>
                <name>Position 1</name>
            </trkpt>
            <trkpt lat="46.875402" lon="12.7892155">
                <ele>2208.8</ele>
                <time>2011-05-31T05:35:09.000Z</time>
                <name>Position 2</name>
            </trkpt>
            <trkpt lat="46.8755634" lon="12.7888931">
                <ele>2209.2</ele>
                <time>2011-05-31T05:35:10.000Z</time>
                <name>Position 3</name>
            </trkpt>
            <trkpt lat="46.8757342" lon="12.7884511">
                <ele>2209.7</ele>
                <time>2011-05-31T05:35:12.000Z</time>
                <name>Position 4</name>
            </trkpt>
            <trkpt lat="46.8761183" lon="12.7879211">
                <ele>2213.6</ele>
                <time>2011-05-31T05:35:29.000Z</time>
                <name>Position 5</name>
            </trkpt>
            <trkpt lat="46.8763242" lon="12.7876502">
                <ele>2215.0</ele>
                <time>2011-05-31T05:35:37.000Z</time>
                <name>Position 6</name>
            </trkpt>
            <trkpt lat="46.876467" lon="12.7874861">
                <ele>2216.0</ele>
                <time>2011-05-31T05:35:41.000Z</time>
                <name>Position 7</name>
            </trkpt>
            <trkpt lat="46.876687" lon="12.7871667">
                <ele>2218.4</ele>
                <time>2011-05-31T05:35:53.000Z</time>
                <name>Position 8</name>
            </trkpt>
            <trkpt lat="46.8767757" lon="12.7871051">
                <ele>2220.3</ele>
                <time>2011-05-31T05:36:04.000Z</time>
                <name>Position 9</name>
            </trkpt>
            <trkpt lat="46.8769493" lon="12.7869417">
                <ele>2223.7</ele>
                <time>2011-05-31T05:36:19.000Z</time>
                <name>Position 10</name>
            </trkpt>
            <trkpt lat="46.8770429" lon="12.7868737">
                <ele>2224.1</ele>
                <time>2011-05-31T05:36:20.000Z</time>
                <name>Position 11</name>
            </trkpt>
            <trkpt lat="46.8773894" lon="12.7863528">
                <ele>2225.1</ele>
                <time>2011-05-31T05:36:24.000Z</time>
                <name>Position 12</name>
            </trkpt>
            <trkpt lat="46.87761" lon="12.7859674">
                <ele>2227.5</ele>
                <time>2011-05-31T05:36:42.000Z</time>
                <name>Position 13</name>
            </trkpt>
            <trkpt lat="46.8777641" lon="12.7857896">
                <ele>2230.9</ele>
                <time>2011-05-31T05:36:56.000Z</time>
                <name>Position 14</name>
            </trkpt>
            <trkpt lat="46.8777839" lon="12.7856397">
                <ele>2233.3</ele>
                <time>2011-05-31T05:37:17.000Z</time>
                <name>Position 15</name>
            </trkpt>
            <trkpt lat="46.8780222" lon="12.7854829">
                <ele>2235.2</ele>
                <time>2011-05-31T05:37:38.000Z</time>
                <name>Position 16</name>
            </trkpt>
            <trkpt lat="46.8781706" lon="12.7851603">
                <ele>2237.1</ele>
                <time>2011-05-31T05:38:01.000Z</time>
                <name>Position 17</name>
            </trkpt>
            <trkpt lat="46.8783736" lon="12.784861">
                <ele>2240.0</ele>
                <time>2011-05-31T05:38:25.000Z</time>
                <name>Position 18</name>
            </trkpt>
            <trkpt lat="46.8785226" lon="12.7847796">
                <ele>2243.9</ele>
                <time>2011-05-31T05:38:41.000Z</time>
                <name>Position 19</name>
            </trkpt>
            <trkpt lat="46.8788173" lon="12.7847654">
                <ele>2244.3</ele>
                <time>2011-05-31T05:39:03.000Z</time>
                <name>Position 20</name>
            </trkpt>
            <trkpt lat="46.8789671" lon="12.7846848">
                <ele>2243.4</ele>
                <time>2011-05-31T05:39:15.000Z</time>
                <name>Position 21</name>
            </trkpt>
            <trkpt lat="46.8791986" lon="12.7846947">
                <ele>2241.9</ele>
                <time>2011-05-31T05:39:33.000Z</time>
                <name>Position 22</name>
            </trkpt>
            <trkpt lat="46.879336" lon="12.7846151">
                <ele>2243.9</ele>
                <time>2011-05-31T05:39:47.000Z</time>
                <name>Position 23</name>
            </trkpt>
            <trkpt lat="46.8795004" lon="12.7844562">
                <ele>2247.7</ele>
                <time>2011-05-31T05:40:04.000Z</time>
                <name>Position 24</name>
            </trkpt>
            <trkpt lat="46.8796927" lon="12.7842426">
                <ele>2249.1</ele>
                <time>2011-05-31T05:40:22.000Z</time>
                <name>Position 25</name>
            </trkpt>
            <trkpt lat="46.8797763" lon="12.7841653">
                <ele>2251.1</ele>
                <time>2011-05-31T05:40:31.000Z</time>
                <name>Position 26</name>
            </trkpt>
            <trkpt lat="46.8798865" lon="12.784023">
                <ele>2256.4</ele>
                <time>2011-05-31T05:40:53.000Z</time>
                <name>Position 27</name>
            </trkpt>
            <trkpt lat="46.8800197" lon="12.7837721">
                <ele>2261.6</ele>
                <time>2011-05-31T05:41:16.000Z</time>
                <name>Position 28</name>
            </trkpt>
            <trkpt lat="46.8801028" lon="12.7836285">
                <ele>2264.5</ele>
                <time>2011-05-31T05:41:28.000Z</time>
                <name>Position 29</name>
            </trkpt>
            <trkpt lat="46.8803305" lon="12.783396">
                <ele>2266.9</ele>
                <time>2011-05-31T05:41:51.000Z</time>
                <name>Position 30</name>
            </trkpt>
            <trkpt lat="46.880472" lon="12.7833365">
                <ele>2269.8</ele>
                <time>2011-05-31T05:42:07.000Z</time>
                <name>Position 31</name>
            </trkpt>
            <trkpt lat="46.8806429" lon="12.7831758">
                <ele>2275.1</ele>
                <time>2011-05-31T05:42:30.000Z</time>
                <name>Position 32</name>
            </trkpt>
            <trkpt lat="46.8807505" lon="12.7830692">
                <ele>2278.0</ele>
                <time>2011-05-31T05:42:44.000Z</time>
                <name>Position 33</name>
            </trkpt>
            <trkpt lat="46.8808992" lon="12.7828728">
                <ele>2279.9</ele>
                <time>2011-05-31T05:43:01.000Z</time>
                <name>Position 34</name>
            </trkpt>
            <trkpt lat="46.8810302" lon="12.7825478">
                <ele>2279.9</ele>
                <time>2011-05-31T05:43:22.000Z</time>
                <name>Position 35</name>
            </trkpt>
            <trkpt lat="46.881239" lon="12.7823363">
                <ele>2281.8</ele>
                <time>2011-05-31T05:43:42.000Z</time>
                <name>Position 36</name>
            </trkpt>
            <trkpt lat="46.8814301" lon="12.7821044">
                <ele>2285.2</ele>
                <time>2011-05-31T05:44:03.000Z</time>
                <name>Position 37</name>
            </trkpt>
            <trkpt lat="46.881555" lon="12.7818251">
                <ele>2287.6</ele>
                <time>2011-05-31T05:44:21.000Z</time>
                <name>Position 38</name>
            </trkpt>
            <trkpt lat="46.881642" lon="12.781644">
                <ele>2288.1</ele>
                <time>2011-05-31T05:44:32.000Z</time>
                <name>Position 39</name>
            </trkpt>
            <trkpt lat="46.8819414" lon="12.7815127">
                <ele>2290.0</ele>
                <time>2011-05-31T05:44:55.000Z</time>
                <name>Position 40</name>
            </trkpt>
            <trkpt lat="46.8822057" lon="12.7813859">
                <ele>2291.4</ele>
                <time>2011-05-31T05:45:17.000Z</time>
                <name>Position 41</name>
            </trkpt>
            <trkpt lat="46.8823683" lon="12.7813082">
                <ele>2293.4</ele>
                <time>2011-05-31T05:45:31.000Z</time>
                <name>Position 42</name>
            </trkpt>
            <trkpt lat="46.882592" lon="12.7811944">
                <ele>2295.3</ele>
                <time>2011-05-31T05:45:51.000Z</time>
                <name>Position 43</name>
            </trkpt>
            <trkpt lat="46.882765" lon="12.7812497">
                <ele>2297.7</ele>
                <time>2011-05-31T05:46:05.000Z</time>
                <name>Position 44</name>
            </trkpt>
            <trkpt lat="46.8830987" lon="12.7812329">
                <ele>2298.6</ele>
                <time>2011-05-31T05:46:29.000Z</time>
                <name>Position 45</name>
            </trkpt>
            <trkpt lat="46.8834219" lon="12.7811949">
                <ele>2301.5</ele>
                <time>2011-05-31T05:46:55.000Z</time>
                <name>Position 46</name>
            </trkpt>
            <trkpt lat="46.8836913" lon="12.7810906">
                <ele>2303.5</ele>
                <time>2011-05-31T05:47:16.000Z</time>
                <name>Position 47</name>
            </trkpt>
            <trkpt lat="46.8839182" lon="12.7808674">
                <ele>2306.3</ele>
                <time>2011-05-31T05:47:36.000Z</time>
                <name>Position 48</name>
            </trkpt>
            <trkpt lat="46.8840068" lon="12.7807369">
                <ele>2308.3</ele>
                <time>2011-05-31T05:47:46.000Z</time>
                <name>Position 49</name>
            </trkpt>
            <trkpt lat="46.8841745" lon="12.7805082">
                <ele>2311.1</ele>
                <time>2011-05-31T05:48:04.000Z</time>
                <name>Position 50</name>
            </trkpt>
            <trkpt lat="46.8843082" lon="12.7802633">
                <ele>2314.5</ele>
                <time>2011-05-31T05:48:22.000Z</time>
                <name>Position 51</name>
            </trkpt>
            <trkpt lat="46.884369" lon="12.7800888">
                <ele>2317.9</ele>
                <time>2011-05-31T05:48:36.000Z</time>
                <name>Position 52</name>
            </trkpt>
            <trkpt lat="46.8844877" lon="12.7800837">
                <ele>2319.8</ele>
                <time>2011-05-31T05:48:49.000Z</time>
                <name>Position 53</name>
            </trkpt>
            <trkpt lat="46.8846102" lon="12.7801108">
                <ele>2322.2</ele>
                <time>2011-05-31T05:49:01.000Z</time>
                <name>Position 54</name>
            </trkpt>
            <trkpt lat="46.8847765" lon="12.7800946">
                <ele>2325.6</ele>
                <time>2011-05-31T05:49:18.000Z</time>
                <name>Position 55</name>
            </trkpt>
            <trkpt lat="46.8849639" lon="12.7800089">
                <ele>2328.0</ele>
                <time>2011-05-31T05:49:35.000Z</time>
                <name>Position 56</name>
            </trkpt>
            <trkpt lat="46.8850862" lon="12.7800335">
                <ele>2329.9</ele>
                <time>2011-05-31T05:49:46.000Z</time>
                <name>Position 57</name>
            </trkpt>
            <trkpt lat="46.8853375" lon="12.7800439">
                <ele>2332.3</ele>
                <time>2011-05-31T05:50:07.000Z</time>
                <name>Position 58</name>
            </trkpt>
            <trkpt lat="46.8854448" lon="12.7800496">
                <ele>2334.7</ele>
                <time>2011-05-31T05:50:17.000Z</time>
                <name>Position 59</name>
            </trkpt>
            <trkpt lat="46.8855974" lon="12.7800199">
                <ele>2337.6</ele>
                <time>2011-05-31T05:50:31.000Z</time>
                <name>Position 60</name>
            </trkpt>
            <trkpt lat="46.8856825" lon="12.7799341">
                <ele>2340.5</ele>
                <time>2011-05-31T05:50:41.000Z</time>
                <name>Position 61</name>
            </trkpt>
            <trkpt lat="46.8858364" lon="12.7798235">
                <ele>2342.4</ele>
                <time>2011-05-31T05:50:56.000Z</time>
                <name>Position 62</name>
            </trkpt>
            <trkpt lat="46.8859495" lon="12.7794955">
                <ele>2343.8</ele>
                <time>2011-05-31T05:51:17.000Z</time>
                <name>Position 63</name>
            </trkpt>
            <trkpt lat="46.8859852" lon="12.7793689">
                <ele>2341.4</ele>
                <time>2011-05-31T05:51:25.000Z</time>
                <name>Position 64</name>
            </trkpt>
            <trkpt lat="46.8860141" lon="12.7791596">
                <ele>2335.2</ele>
                <time>2011-05-31T05:51:43.000Z</time>
                <name>Position 65</name>
            </trkpt>
            <trkpt lat="46.8860315" lon="12.7789948">
                <ele>2328.9</ele>
                <time>2011-05-31T05:51:57.000Z</time>
                <name>Position 66</name>
            </trkpt>
            <trkpt lat="46.8860482" lon="12.7787031">
                <ele>2322.7</ele>
                <time>2011-05-31T05:52:14.000Z</time>
                <name>Position 67</name>
            </trkpt>
            <trkpt lat="46.8859954" lon="12.7783398">
                <ele>2321.2</ele>
                <time>2011-05-31T05:52:36.000Z</time>
                <name>Position 68</name>
            </trkpt>
            <trkpt lat="46.886004" lon="12.7781718">
                <ele>2321.7</ele>
                <time>2011-05-31T05:52:53.000Z</time>
                <name>Position 69</name>
            </trkpt>
            <trkpt lat="46.885986" lon="12.7779401">
                <ele>2321.7</ele>
                <time>2011-05-31T05:53:22.000Z</time>
                <name>Position 70</name>
            </trkpt>
            <trkpt lat="46.8860413" lon="12.7776283">
                <ele>2323.2</ele>
                <time>2011-05-31T05:53:43.000Z</time>
                <name>Position 71</name>
            </trkpt>
            <trkpt lat="46.8860771" lon="12.7773377">
                <ele>2324.1</ele>
                <time>2011-05-31T05:54:03.000Z</time>
                <name>Position 72</name>
            </trkpt>
            <trkpt lat="46.8861666" lon="12.7771305">
                <ele>2325.1</ele>
                <time>2011-05-31T05:54:18.000Z</time>
                <name>Position 73</name>
            </trkpt>
            <trkpt lat="46.88631" lon="12.7770045">
                <ele>2325.6</ele>
                <time>2011-05-31T05:54:32.000Z</time>
                <name>Position 74</name>
            </trkpt>
            <trkpt lat="46.8863889" lon="12.7768602">
                <ele>2326.0</ele>
                <time>2011-05-31T05:54:42.000Z</time>
                <name>Position 75</name>
            </trkpt>
            <trkpt lat="46.8864108" lon="12.7767104">
                <ele>2327.0</ele>
                <time>2011-05-31T05:54:51.000Z</time>
                <name>Position 76</name>
            </trkpt>
            <trkpt lat="46.8865553" lon="12.7763595">
                <ele>2329.4</ele>
                <time>2011-05-31T05:55:13.000Z</time>
                <name>Position 77</name>
            </trkpt>
            <trkpt lat="46.8867915" lon="12.7760718">
                <ele>2329.9</ele>
                <time>2011-05-31T05:55:36.000Z</time>
                <name>Position 78</name>
            </trkpt>
            <trkpt lat="46.8869014" lon="12.7760078">
                <ele>2330.9</ele>
                <time>2011-05-31T05:55:46.000Z</time>
                <name>Position 79</name>
            </trkpt>
            <trkpt lat="46.8870002" lon="12.7759773">
                <ele>2332.8</ele>
                <time>2011-05-31T05:55:55.000Z</time>
                <name>Position 80</name>
            </trkpt>
            <trkpt lat="46.8872774" lon="12.7757645">
                <ele>2336.1</ele>
                <time>2011-05-31T05:56:22.000Z</time>
                <name>Position 81</name>
            </trkpt>
            <trkpt lat="46.8874733" lon="12.7756939">
                <ele>2337.6</ele>
                <time>2011-05-31T05:56:38.000Z</time>
                <name>Position 82</name>
            </trkpt>
            <trkpt lat="46.8876682" lon="12.7755293">
                <ele>2338.5</ele>
                <time>2011-05-31T05:56:55.000Z</time>
                <name>Position 83</name>
            </trkpt>
            <trkpt lat="46.8878261" lon="12.7753107">
                <ele>2338.5</ele>
                <time>2011-05-31T05:57:11.000Z</time>
                <name>Position 84</name>
            </trkpt>
            <trkpt lat="46.8879942" lon="12.7751589">
                <ele>2342.4</ele>
                <time>2011-05-31T05:57:28.000Z</time>
                <name>Position 85</name>
            </trkpt>
            <trkpt lat="46.8880354" lon="12.7750072">
                <ele>2342.9</ele>
                <time>2011-05-31T05:57:37.000Z</time>
                <name>Position 86</name>
            </trkpt>
            <trkpt lat="46.8880881" lon="12.7748682">
                <ele>2344.3</ele>
                <time>2011-05-31T05:57:46.000Z</time>
                <name>Position 87</name>
            </trkpt>
            <trkpt lat="46.8881891" lon="12.7747619">
                <ele>2347.7</ele>
                <time>2011-05-31T05:57:59.000Z</time>
                <name>Position 88</name>
            </trkpt>
            <trkpt lat="46.8882766" lon="12.7746711">
                <ele>2350.1</ele>
                <time>2011-05-31T05:58:10.000Z</time>
                <name>Position 89</name>
            </trkpt>
            <trkpt lat="46.8883648" lon="12.7744973">
                <ele>2353.0</ele>
                <time>2011-05-31T05:58:24.000Z</time>
                <name>Position 90</name>
            </trkpt>
            <trkpt lat="46.8885424" lon="12.7743007">
                <ele>2353.4</ele>
                <time>2011-05-31T05:58:41.000Z</time>
                <name>Position 91</name>
            </trkpt>
            <trkpt lat="46.8886704" lon="12.774231">
                <ele>2355.4</ele>
                <time>2011-05-31T05:58:52.000Z</time>
                <name>Position 92</name>
            </trkpt>
            <trkpt lat="46.8889294" lon="12.7740738">
                <ele>2357.3</ele>
                <time>2011-05-31T05:59:15.000Z</time>
                <name>Position 93</name>
            </trkpt>
            <trkpt lat="46.8891314" lon="12.7739142">
                <ele>2355.4</ele>
                <time>2011-05-31T05:59:31.000Z</time>
                <name>Position 94</name>
            </trkpt>
            <trkpt lat="46.8894053" lon="12.7735912">
                <ele>2355.8</ele>
                <time>2011-05-31T05:59:55.000Z</time>
                <name>Position 95</name>
            </trkpt>
            <trkpt lat="46.8895394" lon="12.7733057">
                <ele>2358.7</ele>
                <time>2011-05-31T06:00:13.000Z</time>
                <name>Position 96</name>
            </trkpt>
            <trkpt lat="46.8896314" lon="12.7730615">
                <ele>2359.2</ele>
                <time>2011-05-31T06:00:29.000Z</time>
                <name>Position 97</name>
            </trkpt>
            <trkpt lat="46.8898109" lon="12.7729018">
                <ele>2361.6</ele>
                <time>2011-05-31T06:00:49.000Z</time>
                <name>Position 98</name>
            </trkpt>
            <trkpt lat="46.8900226" lon="12.7727269">
                <ele>2363.1</ele>
                <time>2011-05-31T06:01:08.000Z</time>
                <name>Position 99</name>
            </trkpt>
            <trkpt lat="46.890119" lon="12.772684">
                <ele>2365.0</ele>
                <time>2011-05-31T06:01:18.000Z</time>
                <name>Position 100</name>
            </trkpt>
            <trkpt lat="46.8902357" lon="12.7726501">
                <ele>2365.9</ele>
                <time>2011-05-31T06:02:50.000Z</time>
                <name>Position 101</name>
            </trkpt>
            <trkpt lat="46.8903918" lon="12.7725084">
                <ele>2371.2</ele>
                <time>2011-05-31T06:03:07.000Z</time>
                <name>Position 102</name>
            </trkpt>
            <trkpt lat="46.8904993" lon="12.7723623">
                <ele>2374.1</ele>
                <time>2011-05-31T06:03:20.000Z</time>
                <name>Position 103</name>
            </trkpt>
            <trkpt lat="46.8905943" lon="12.7722671">
                <ele>2376.0</ele>
                <time>2011-05-31T06:03:30.000Z</time>
                <name>Position 104</name>
            </trkpt>
            <trkpt lat="46.8908015" lon="12.7721352">
                <ele>2379.4</ele>
                <time>2011-05-31T06:03:50.000Z</time>
                <name>Position 105</name>
            </trkpt>
            <trkpt lat="46.8910046" lon="12.7720294">
                <ele>2380.4</ele>
                <time>2011-05-31T06:04:07.000Z</time>
                <name>Position 106</name>
            </trkpt>
            <trkpt lat="46.8911391" lon="12.7719434">
                <ele>2382.8</ele>
                <time>2011-05-31T06:04:20.000Z</time>
                <name>Position 107</name>
            </trkpt>
            <trkpt lat="46.8912775" lon="12.7718649">
                <ele>2387.1</ele>
                <time>2011-05-31T06:04:36.000Z</time>
                <name>Position 108</name>
            </trkpt>
            <trkpt lat="46.8913782" lon="12.7718343">
                <ele>2390.0</ele>
                <time>2011-05-31T06:04:49.000Z</time>
                <name>Position 109</name>
            </trkpt>
            <trkpt lat="46.8915557" lon="12.7717887">
                <ele>2396.2</ele>
                <time>2011-05-31T06:05:18.000Z</time>
                <name>Position 110</name>
            </trkpt>
            <trkpt lat="46.8916758" lon="12.7716946">
                <ele>2400.1</ele>
                <time>2011-05-31T06:05:33.000Z</time>
                <name>Position 111</name>
            </trkpt>
            <trkpt lat="46.8917633" lon="12.7715696">
                <ele>2402.5</ele>
                <time>2011-05-31T06:05:46.000Z</time>
                <name>Position 112</name>
            </trkpt>
            <trkpt lat="46.8918626" lon="12.7713558">
                <ele>2405.4</ele>
                <time>2011-05-31T06:06:01.000Z</time>
                <name>Position 113</name>
            </trkpt>
            <trkpt lat="46.8919664" lon="12.7712189">
                <ele>2408.2</ele>
                <time>2011-05-31T06:06:16.000Z</time>
                <name>Position 114</name>
            </trkpt>
            <trkpt lat="46.8920787" lon="12.7710581">
                <ele>2411.1</ele>
                <time>2011-05-31T06:06:32.000Z</time>
                <name>Position 115</name>
            </trkpt>
            <trkpt lat="46.8921442" lon="12.7709621">
                <ele>2414.5</ele>
                <time>2011-05-31T06:06:42.000Z</time>
                <name>Position 116</name>
            </trkpt>
            <trkpt lat="46.8922343" lon="12.7708213">
                <ele>2417.4</ele>
                <time>2011-05-31T06:06:57.000Z</time>
                <name>Position 117</name>
            </trkpt>
            <trkpt lat="46.8923094" lon="12.7707289">
                <ele>2419.8</ele>
                <time>2011-05-31T06:07:08.000Z</time>
                <name>Position 118</name>
            </trkpt>
            <trkpt lat="46.8924551" lon="12.7705577">
                <ele>2424.1</ele>
                <time>2011-05-31T06:07:28.000Z</time>
                <name>Position 119</name>
            </trkpt>
            <trkpt lat="46.892566" lon="12.7703639">
                <ele>2427.9</ele>
                <time>2011-05-31T06:07:47.000Z</time>
                <name>Position 120</name>
            </trkpt>
            <trkpt lat="46.892742" lon="12.7700062">
                <ele>2430.8</ele>
                <time>2011-05-31T06:08:14.000Z</time>
                <name>Position 121</name>
            </trkpt>
            <trkpt lat="46.892855" lon="12.7698209">
                <ele>2432.8</ele>
                <time>2011-05-31T06:08:28.000Z</time>
                <name>Position 122</name>
            </trkpt>
            <trkpt lat="46.89294" lon="12.7696607">
                <ele>2435.2</ele>
                <time>2011-05-31T06:08:41.000Z</time>
                <name>Position 123</name>
            </trkpt>
            <trkpt lat="46.8930147" lon="12.7695495">
                <ele>2435.2</ele>
                <time>2011-05-31T06:08:49.000Z</time>
                <name>Position 124</name>
            </trkpt>
            <trkpt lat="46.8931339" lon="12.7691577">
                <ele>2435.6</ele>
                <time>2011-05-31T06:09:10.000Z</time>
                <name>Position 125</name>
            </trkpt>
            <trkpt lat="46.8932268" lon="12.7690179">
                <ele>2436.6</ele>
                <time>2011-05-31T06:09:41.000Z</time>
                <name>Position 126</name>
            </trkpt>
            <trkpt lat="46.8932989" lon="12.7687855">
                <ele>2434.2</ele>
                <time>2011-05-31T06:09:59.000Z</time>
                <name>Position 127</name>
            </trkpt>
            <trkpt lat="46.893449" lon="12.7685559">
                <ele>2436.1</ele>
                <time>2011-05-31T06:10:16.000Z</time>
                <name>Position 128</name>
            </trkpt>
            <trkpt lat="46.8935365" lon="12.7685201">
                <ele>2439.5</ele>
                <time>2011-05-31T06:10:29.000Z</time>
                <name>Position 129</name>
            </trkpt>
            <trkpt lat="46.8936163" lon="12.768436">
                <ele>2442.8</ele>
                <time>2011-05-31T06:10:40.000Z</time>
                <name>Position 130</name>
            </trkpt>
            <trkpt lat="46.8937305" lon="12.7683537">
                <ele>2444.8</ele>
                <time>2011-05-31T06:10:52.000Z</time>
                <name>Position 131</name>
            </trkpt>
            <trkpt lat="46.8939511" lon="12.7682061">
                <ele>2445.7</ele>
                <time>2011-05-31T06:11:12.000Z</time>
                <name>Position 132</name>
            </trkpt>
            <trkpt lat="46.8940872" lon="12.7681007">
                <ele>2446.7</ele>
                <time>2011-05-31T06:11:25.000Z</time>
                <name>Position 133</name>
            </trkpt>
            <trkpt lat="46.8942228" lon="12.7677312">
                <ele>2447.7</ele>
                <time>2011-05-31T06:11:48.000Z</time>
                <name>Position 134</name>
            </trkpt>
            <trkpt lat="46.8942841" lon="12.7675973">
                <ele>2447.7</ele>
                <time>2011-05-31T06:11:57.000Z</time>
                <name>Position 135</name>
            </trkpt>
            <trkpt lat="46.894405" lon="12.7675914">
                <ele>2450.1</ele>
                <time>2011-05-31T06:12:09.000Z</time>
                <name>Position 136</name>
            </trkpt>
            <trkpt lat="46.8946289" lon="12.7674064">
                <ele>2449.1</ele>
                <time>2011-05-31T06:12:27.000Z</time>
                <name>Position 137</name>
            </trkpt>
            <trkpt lat="46.89475" lon="12.7672919">
                <ele>2450.5</ele>
                <time>2011-05-31T06:12:39.000Z</time>
                <name>Position 138</name>
            </trkpt>
            <trkpt lat="46.8948428" lon="12.7672008">
                <ele>2451.5</ele>
                <time>2011-05-31T06:12:49.000Z</time>
                <name>Position 139</name>
            </trkpt>
            <trkpt lat="46.8949235" lon="12.7670489">
                <ele>2451.5</ele>
                <time>2011-05-31T06:12:59.000Z</time>
                <name>Position 140</name>
            </trkpt>
            <trkpt lat="46.895018" lon="12.7670528">
                <ele>2451.5</ele>
                <time>2011-05-31T06:13:07.000Z</time>
                <name>Position 141</name>
            </trkpt>
            <trkpt lat="46.8952326" lon="12.7668034">
                <ele>2451.5</ele>
                <time>2011-05-31T06:13:30.000Z</time>
                <name>Position 142</name>
            </trkpt>
            <trkpt lat="46.8952837" lon="12.7666953">
                <ele>2451.5</ele>
                <time>2011-05-31T06:13:37.000Z</time>
                <name>Position 143</name>
            </trkpt>
            <trkpt lat="46.8954207" lon="12.7665389">
                <ele>2452.9</ele>
                <time>2011-05-31T06:13:51.000Z</time>
                <name>Position 144</name>
            </trkpt>
            <trkpt lat="46.8955273" lon="12.7664322">
                <ele>2453.4</ele>
                <time>2011-05-31T06:14:00.000Z</time>
                <name>Position 145</name>
            </trkpt>
            <trkpt lat="46.89556" lon="12.7662885">
                <ele>2454.9</ele>
                <time>2011-05-31T06:14:09.000Z</time>
                <name>Position 146</name>
            </trkpt>
            <trkpt lat="46.8955583" lon="12.7660993">
                <ele>2458.2</ele>
                <time>2011-05-31T06:14:21.000Z</time>
                <name>Position 147</name>
            </trkpt>
            <trkpt lat="46.8955416" lon="12.765932">
                <ele>2461.1</ele>
                <time>2011-05-31T06:14:35.000Z</time>
                <name>Position 148</name>
            </trkpt>
            <trkpt lat="46.8956272" lon="12.7658006">
                <ele>2465.4</ele>
                <time>2011-05-31T06:14:51.000Z</time>
                <name>Position 149</name>
            </trkpt>
            <trkpt lat="46.8957055" lon="12.7656841">
                <ele>2471.7</ele>
                <time>2011-05-31T06:15:14.000Z</time>
                <name>Position 150</name>
            </trkpt>
            <trkpt lat="46.8958026" lon="12.7656209">
                <ele>2475.1</ele>
                <time>2011-05-31T06:15:33.000Z</time>
                <name>Position 151</name>
            </trkpt>
            <trkpt lat="46.8959743" lon="12.7656993">
                <ele>2479.9</ele>
                <time>2011-05-31T06:15:59.000Z</time>
                <name>Position 152</name>
            </trkpt>
            <trkpt lat="46.8960877" lon="12.7655853">
                <ele>2483.2</ele>
                <time>2011-05-31T06:16:15.000Z</time>
                <name>Position 153</name>
            </trkpt>
            <trkpt lat="46.8962132" lon="12.7655361">
                <ele>2487.1</ele>
                <time>2011-05-31T06:16:32.000Z</time>
                <name>Position 154</name>
            </trkpt>
            <trkpt lat="46.8963003" lon="12.7654763">
                <ele>2489.5</ele>
                <time>2011-05-31T06:16:46.000Z</time>
                <name>Position 155</name>
            </trkpt>
            <trkpt lat="46.8963887" lon="12.7654291">
                <ele>2492.8</ele>
                <time>2011-05-31T06:17:00.000Z</time>
                <name>Position 156</name>
            </trkpt>
            <trkpt lat="46.896555" lon="12.7652986">
                <ele>2496.7</ele>
                <time>2011-05-31T06:17:24.000Z</time>
                <name>Position 157</name>
            </trkpt>
            <trkpt lat="46.8966823" lon="12.7652301">
                <ele>2502.4</ele>
                <time>2011-05-31T06:17:48.000Z</time>
                <name>Position 158</name>
            </trkpt>
            <trkpt lat="46.8967705" lon="12.765202">
                <ele>2505.8</ele>
                <time>2011-05-31T06:18:02.000Z</time>
                <name>Position 159</name>
            </trkpt>
            <trkpt lat="46.896836" lon="12.7653547">
                <ele>2511.6</ele>
                <time>2011-05-31T06:18:26.000Z</time>
                <name>Position 160</name>
            </trkpt>
            <trkpt lat="46.8968438" lon="12.7655236">
                <ele>2516.4</ele>
                <time>2011-05-31T06:18:49.000Z</time>
                <name>Position 161</name>
            </trkpt>
            <trkpt lat="46.896939" lon="12.7656196">
                <ele>2522.6</ele>
                <time>2011-05-31T06:19:19.000Z</time>
                <name>Position 162</name>
            </trkpt>
            <trkpt lat="46.8970293" lon="12.7655605">
                <ele>2527.4</ele>
                <time>2011-05-31T06:19:40.000Z</time>
                <name>Position 163</name>
            </trkpt>
            <trkpt lat="46.897169" lon="12.7656399">
                <ele>2536.1</ele>
                <time>2011-05-31T06:20:21.000Z</time>
                <name>Position 164</name>
            </trkpt>
            <trkpt lat="46.8972843" lon="12.7654744">
                <ele>2541.9</ele>
                <time>2011-05-31T06:20:49.000Z</time>
                <name>Position 165</name>
            </trkpt>
            <trkpt lat="46.8974172" lon="12.765453">
                <ele>2548.1</ele>
                <time>2011-05-31T06:21:17.000Z</time>
                <name>Position 166</name>
            </trkpt>
            <trkpt lat="46.8975356" lon="12.7652886">
                <ele>2553.9</ele>
                <time>2011-05-31T06:21:52.000Z</time>
                <name>Position 167</name>
            </trkpt>
            <trkpt lat="46.8975982" lon="12.7651662">
                <ele>2557.2</ele>
                <time>2011-05-31T06:22:06.000Z</time>
                <name>Position 168</name>
            </trkpt>
            <trkpt lat="46.8976682" lon="12.7649925">
                <ele>2559.6</ele>
                <time>2011-05-31T06:22:21.000Z</time>
                <name>Position 169</name>
            </trkpt>
            <trkpt lat="46.8977896" lon="12.7648473">
                <ele>2565.9</ele>
                <time>2011-05-31T06:22:49.000Z</time>
                <name>Position 170</name>
            </trkpt>
            <trkpt lat="46.8978832" lon="12.7649768">
                <ele>2570.7</ele>
                <time>2011-05-31T06:23:14.000Z</time>
                <name>Position 171</name>
            </trkpt>
            <trkpt lat="46.8979754" lon="12.7649617">
                <ele>2575.0</ele>
                <time>2011-05-31T06:23:35.000Z</time>
                <name>Position 172</name>
            </trkpt>
            <trkpt lat="46.8981092" lon="12.7648941">
                <ele>2580.8</ele>
                <time>2011-05-31T06:24:04.000Z</time>
                <name>Position 173</name>
            </trkpt>
            <trkpt lat="46.898227" lon="12.7649097">
                <ele>2585.6</ele>
                <time>2011-05-31T06:24:30.000Z</time>
                <name>Position 174</name>
            </trkpt>
            <trkpt lat="46.8983241" lon="12.7648611">
                <ele>2589.9</ele>
                <time>2011-05-31T06:24:54.000Z</time>
                <name>Position 175</name>
            </trkpt>
            <trkpt lat="46.898417" lon="12.764795">
                <ele>2595.7</ele>
                <time>2011-05-31T06:25:22.000Z</time>
                <name>Position 176</name>
            </trkpt>
            <trkpt lat="46.898529" lon="12.764753">
                <ele>2603.4</ele>
                <time>2011-05-31T06:26:02.000Z</time>
                <name>Position 177</name>
            </trkpt>
            <trkpt lat="46.8986232" lon="12.7647365">
                <ele>2609.2</ele>
                <time>2011-05-31T06:26:28.000Z</time>
                <name>Position 178</name>
            </trkpt>
            <trkpt lat="46.8987401" lon="12.7647542">
                <ele>2618.3</ele>
                <time>2011-05-31T06:27:15.000Z</time>
                <name>Position 179</name>
            </trkpt>
            <trkpt lat="46.8988151" lon="12.7645702">
                <ele>2626.9</ele>
                <time>2011-05-31T06:27:53.000Z</time>
                <name>Position 180</name>
            </trkpt>
            <trkpt lat="46.8988863" lon="12.7644284">
                <ele>2632.7</ele>
                <time>2011-05-31T06:28:21.000Z</time>
                <name>Position 181</name>
            </trkpt>
            <trkpt lat="46.8989492" lon="12.7646164">
                <ele>2635.6</ele>
                <time>2011-05-31T06:28:47.000Z</time>
                <name>Position 182</name>
            </trkpt>
            <trkpt lat="46.8989743" lon="12.7647695">
                <ele>2638.0</ele>
                <time>2011-05-31T06:29:03.000Z</time>
                <name>Position 183</name>
            </trkpt>
            <trkpt lat="46.899047" lon="12.764678">
                <ele>2642.8</ele>
                <time>2011-05-31T06:29:25.000Z</time>
                <name>Position 184</name>
            </trkpt>
            <trkpt lat="46.899086" lon="12.7645488">
                <ele>2644.2</ele>
                <time>2011-05-31T06:30:37.000Z</time>
                <name>Position 185</name>
            </trkpt>
            <trkpt lat="46.8990386" lon="12.7643174">
                <ele>2642.3</ele>
                <time>2011-05-31T06:30:52.000Z</time>
                <name>Position 186</name>
            </trkpt>
            <trkpt lat="46.8990337" lon="12.7641272">
                <ele>2643.3</ele>
                <time>2011-05-31T06:31:06.000Z</time>
                <name>Position 187</name>
            </trkpt>
            <trkpt lat="46.8989644" lon="12.7638247">
                <ele>2643.8</ele>
                <time>2011-05-31T06:31:28.000Z</time>
                <name>Position 188</name>
            </trkpt>
            <trkpt lat="46.8989827" lon="12.763683">
                <ele>2647.6</ele>
                <time>2011-05-31T06:31:46.000Z</time>
                <name>Position 189</name>
            </trkpt>
            <trkpt lat="46.8990038" lon="12.7634769">
                <ele>2650.5</ele>
                <time>2011-05-31T06:32:07.000Z</time>
                <name>Position 190</name>
            </trkpt>
            <trkpt lat="46.8990542" lon="12.7633209">
                <ele>2657.7</ele>
                <time>2011-05-31T06:32:35.000Z</time>
                <name>Position 191</name>
            </trkpt>
            <trkpt lat="46.899054" lon="12.7631573">
                <ele>2659.6</ele>
                <time>2011-05-31T06:32:53.000Z</time>
                <name>Position 192</name>
            </trkpt>
            <trkpt lat="46.8989962" lon="12.7630366">
                <ele>2664.9</ele>
                <time>2011-05-31T06:38:04.000Z</time>
                <name>Position 193</name>
            </trkpt>
            <trkpt lat="46.8989337" lon="12.7628591">
                <ele>2668.8</ele>
                <time>2011-05-31T06:38:27.000Z</time>
                <name>Position 194</name>
            </trkpt>
            <trkpt lat="46.8988978" lon="12.7627179">
                <ele>2671.2</ele>
                <time>2011-05-31T06:38:42.000Z</time>
                <name>Position 195</name>
            </trkpt>
            <trkpt lat="46.8990046" lon="12.7627858">
                <ele>2676.4</ele>
                <time>2011-05-31T06:39:05.000Z</time>
                <name>Position 196</name>
            </trkpt>
            <trkpt lat="46.8991099" lon="12.7627415">
                <ele>2682.7</ele>
                <time>2011-05-31T06:39:35.000Z</time>
                <name>Position 197</name>
            </trkpt>
            <trkpt lat="46.8991309" lon="12.7625737">
                <ele>2689.9</ele>
                <time>2011-05-31T06:40:10.000Z</time>
                <name>Position 198</name>
            </trkpt>
            <trkpt lat="46.8991228" lon="12.7623758">
                <ele>2694.2</ele>
                <time>2011-05-31T06:40:36.000Z</time>
                <name>Position 199</name>
            </trkpt>
            <trkpt lat="46.8990889" lon="12.7622177">
                <ele>2696.6</ele>
                <time>2011-05-31T06:41:01.000Z</time>
                <name>Position 200</name>
            </trkpt>
            <trkpt lat="46.8991109" lon="12.7620838">
                <ele>2697.1</ele>
                <time>2011-05-31T06:41:26.000Z</time>
                <name>Position 201</name>
            </trkpt>
            <trkpt lat="46.8990583" lon="12.7619544">
                <ele>2698.6</ele>
                <time>2011-05-31T06:42:09.000Z</time>
                <name>Position 202</name>
            </trkpt>
            <trkpt lat="46.8990297" lon="12.761793">
                <ele>2694.2</ele>
                <time>2011-05-31T06:43:43.000Z</time>
                <name>Position 203</name>
            </trkpt>
            <trkpt lat="46.8989563" lon="12.7616684">
                <ele>2683.7</ele>
                <time>2011-05-31T06:44:31.000Z</time>
                <name>Position 204</name>
            </trkpt>
            <trkpt lat="46.8988814" lon="12.7615824">
                <ele>2677.9</ele>
                <time>2011-05-31T06:44:48.000Z</time>
                <name>Position 205</name>
            </trkpt>
            <trkpt lat="46.8988201" lon="12.7614259">
                <ele>2669.2</ele>
                <time>2011-05-31T06:45:18.000Z</time>
                <name>Position 206</name>
            </trkpt>
            <trkpt lat="46.8987077" lon="12.7613594">
                <ele>2660.1</ele>
                <time>2011-05-31T06:45:47.000Z</time>
                <name>Position 207</name>
            </trkpt>
            <trkpt lat="46.8985929" lon="12.7613293">
                <ele>2651.9</ele>
                <time>2011-05-31T06:46:24.000Z</time>
                <name>Position 208</name>
            </trkpt>
            <trkpt lat="46.8984773" lon="12.7612478">
                <ele>2642.8</ele>
                <time>2011-05-31T06:47:02.000Z</time>
                <name>Position 209</name>
            </trkpt>
            <trkpt lat="46.8984577" lon="12.7610412">
                <ele>2645.2</ele>
                <time>2011-05-31T06:48:00.000Z</time>
                <name>Position 210</name>
            </trkpt>
            <trkpt lat="46.8984111" lon="12.7609281">
                <ele>2648.6</ele>
                <time>2011-05-31T06:48:13.000Z</time>
                <name>Position 211</name>
            </trkpt>
            <trkpt lat="46.8983365" lon="12.7607504">
                <ele>2655.3</ele>
                <time>2011-05-31T06:48:37.000Z</time>
                <name>Position 212</name>
            </trkpt>
            <trkpt lat="46.8982601" lon="12.7605931">
                <ele>2667.8</ele>
                <time>2011-05-31T06:49:45.000Z</time>
                <name>Position 213</name>
            </trkpt>
            <trkpt lat="46.8982459" lon="12.7604244">
                <ele>2676.9</ele>
                <time>2011-05-31T06:50:39.000Z</time>
                <name>Position 214</name>
            </trkpt>
            <trkpt lat="46.8981803" lon="12.7602294">
                <ele>2681.7</ele>
                <time>2011-05-31T06:51:21.000Z</time>
                <name>Position 215</name>
            </trkpt>
            <trkpt lat="46.898109" lon="12.7600854">
                <ele>2686.1</ele>
                <time>2011-05-31T06:52:29.000Z</time>
                <name>Position 216</name>
            </trkpt>
            <trkpt lat="46.8980963" lon="12.7599186">
                <ele>2689.4</ele>
                <time>2011-05-31T06:53:20.000Z</time>
                <name>Position 217</name>
            </trkpt>
            <trkpt lat="46.898039" lon="12.7597157">
                <ele>2684.1</ele>
                <time>2011-05-31T06:53:46.000Z</time>
                <name>Position 218</name>
            </trkpt>
            <trkpt lat="46.8980596" lon="12.7595712">
                <ele>2683.7</ele>
                <time>2011-05-31T06:54:04.000Z</time>
                <name>Position 219</name>
            </trkpt>
            <trkpt lat="46.8980851" lon="12.7593465">
                <ele>2682.7</ele>
                <time>2011-05-31T06:54:31.000Z</time>
                <name>Position 220</name>
            </trkpt>
            <trkpt lat="46.8981236" lon="12.7591125">
                <ele>2678.4</ele>
                <time>2011-05-31T06:54:58.000Z</time>
                <name>Position 221</name>
            </trkpt>
            <trkpt lat="46.8981178" lon="12.7589618">
                <ele>2676.0</ele>
                <time>2011-05-31T06:55:13.000Z</time>
                <name>Position 222</name>
            </trkpt>
            <trkpt lat="46.8980474" lon="12.758839">
                <ele>2669.7</ele>
                <time>2011-05-31T06:55:38.000Z</time>
                <name>Position 223</name>
            </trkpt>
            <trkpt lat="46.8980379" lon="12.7587066">
                <ele>2666.4</ele>
                <time>2011-05-31T06:56:02.000Z</time>
                <name>Position 224</name>
            </trkpt>
            <trkpt lat="46.8980381" lon="12.7585422">
                <ele>2659.6</ele>
                <time>2011-05-31T06:56:36.000Z</time>
                <name>Position 225</name>
            </trkpt>
            <trkpt lat="46.8980182" lon="12.7583339">
                <ele>2658.2</ele>
                <time>2011-05-31T06:56:54.000Z</time>
                <name>Position 226</name>
            </trkpt>
            <trkpt lat="46.8979218" lon="12.7581641">
                <ele>2654.8</ele>
                <time>2011-05-31T06:57:18.000Z</time>
                <name>Position 227</name>
            </trkpt>
            <trkpt lat="46.8978637" lon="12.7580475">
                <ele>2651.9</ele>
                <time>2011-05-31T06:57:35.000Z</time>
                <name>Position 228</name>
            </trkpt>
            <trkpt lat="46.897816" lon="12.7579093">
                <ele>2652.4</ele>
                <time>2011-05-31T06:57:50.000Z</time>
                <name>Position 229</name>
            </trkpt>
            <trkpt lat="46.8977463" lon="12.7577305">
                <ele>2656.7</ele>
                <time>2011-05-31T06:58:48.000Z</time>
                <name>Position 230</name>
            </trkpt>
            <trkpt lat="46.8977144" lon="12.7575196">
                <ele>2663.5</ele>
                <time>2011-05-31T06:59:16.000Z</time>
                <name>Position 231</name>
            </trkpt>
            <trkpt lat="46.8977339" lon="12.7573409">
                <ele>2671.6</ele>
                <time>2011-05-31T07:00:02.000Z</time>
                <name>Position 232</name>
            </trkpt>
            <trkpt lat="46.897735" lon="12.7571635">
                <ele>2679.8</ele>
                <time>2011-05-31T07:00:50.000Z</time>
                <name>Position 233</name>
            </trkpt>
            <trkpt lat="46.8976444" lon="12.7570636">
                <ele>2685.6</ele>
                <time>2011-05-31T07:01:18.000Z</time>
                <name>Position 234</name>
            </trkpt>
            <trkpt lat="46.8976433" lon="12.7569208">
                <ele>2694.7</ele>
                <time>2011-05-31T07:02:00.000Z</time>
                <name>Position 235</name>
            </trkpt>
            <trkpt lat="46.897561" lon="12.7568411">
                <ele>2698.1</ele>
                <time>2011-05-31T07:02:25.000Z</time>
                <name>Position 236</name>
            </trkpt>
            <trkpt lat="46.8974642" lon="12.7566361">
                <ele>2697.1</ele>
                <time>2011-05-31T07:02:57.000Z</time>
                <name>Position 237</name>
            </trkpt>
            <trkpt lat="46.8973729" lon="12.7566025">
                <ele>2692.8</ele>
                <time>2011-05-31T07:03:40.000Z</time>
                <name>Position 238</name>
            </trkpt>
            <trkpt lat="46.8973377" lon="12.7564297">
                <ele>2686.5</ele>
                <time>2011-05-31T07:04:22.000Z</time>
                <name>Position 239</name>
            </trkpt>
            <trkpt lat="46.8972511" lon="12.7563268">
                <ele>2681.3</ele>
                <time>2011-05-31T07:04:56.000Z</time>
                <name>Position 240</name>
            </trkpt>
            <trkpt lat="46.8971958" lon="12.7562066">
                <ele>2677.9</ele>
                <time>2011-05-31T07:05:26.000Z</time>
                <name>Position 241</name>
            </trkpt>
            <trkpt lat="46.8971268" lon="12.756071">
                <ele>2674.5</ele>
                <time>2011-05-31T07:07:16.000Z</time>
                <name>Position 242</name>
            </trkpt>
            <trkpt lat="46.8970106" lon="12.7559228">
                <ele>2667.8</ele>
                <time>2011-05-31T07:07:51.000Z</time>
                <name>Position 243</name>
            </trkpt>
            <trkpt lat="46.8969376" lon="12.755842">
                <ele>2664.9</ele>
                <time>2011-05-31T07:08:25.000Z</time>
                <name>Position 244</name>
            </trkpt>
            <trkpt lat="46.8967924" lon="12.7556501">
                <ele>2665.4</ele>
                <time>2011-05-31T07:08:52.000Z</time>
                <name>Position 245</name>
            </trkpt>
            <trkpt lat="46.8967493" lon="12.7555145">
                <ele>2667.8</ele>
                <time>2011-05-31T07:09:21.000Z</time>
                <name>Position 246</name>
            </trkpt>
            <trkpt lat="46.8967851" lon="12.7553369">
                <ele>2670.7</ele>
                <time>2011-05-31T07:10:25.000Z</time>
                <name>Position 247</name>
            </trkpt>
            <trkpt lat="46.8966995" lon="12.7552787">
                <ele>2676.0</ele>
                <time>2011-05-31T07:10:59.000Z</time>
                <name>Position 248</name>
            </trkpt>
            <trkpt lat="46.896692" lon="12.7551417">
                <ele>2688.0</ele>
                <time>2011-05-31T07:11:51.000Z</time>
                <name>Position 249</name>
            </trkpt>
            <trkpt lat="46.8967084" lon="12.754991">
                <ele>2696.6</ele>
                <time>2011-05-31T07:12:51.000Z</time>
                <name>Position 250</name>
            </trkpt>
            <trkpt lat="46.8967327" lon="12.7548053">
                <ele>2700.5</ele>
                <time>2011-05-31T07:13:35.000Z</time>
                <name>Position 251</name>
            </trkpt>
            <trkpt lat="46.8966873" lon="12.754686">
                <ele>2710.6</ele>
                <time>2011-05-31T07:14:52.000Z</time>
                <name>Position 252</name>
            </trkpt>
            <trkpt lat="46.8967068" lon="12.7545393">
                <ele>2721.6</ele>
                <time>2011-05-31T07:16:00.000Z</time>
                <name>Position 253</name>
            </trkpt>
            <trkpt lat="46.8966333" lon="12.7544611">
                <ele>2728.8</ele>
                <time>2011-05-31T07:16:45.000Z</time>
                <name>Position 254</name>
            </trkpt>
            <trkpt lat="46.8965489" lon="12.7543836">
                <ele>2735.6</ele>
                <time>2011-05-31T07:17:41.000Z</time>
                <name>Position 255</name>
            </trkpt>
            <trkpt lat="46.8964992" lon="12.7542686">
                <ele>2739.4</ele>
                <time>2011-05-31T07:19:58.000Z</time>
                <name>Position 256</name>
            </trkpt>
            <trkpt lat="46.8963733" lon="12.7542546">
                <ele>2750.0</ele>
                <time>2011-05-31T07:24:01.000Z</time>
                <name>Position 257</name>
            </trkpt>
            <trkpt lat="46.8962742" lon="12.7541724">
                <ele>2754.3</ele>
                <time>2011-05-31T07:24:28.000Z</time>
                <name>Position 258</name>
            </trkpt>
            <trkpt lat="46.8963234" lon="12.7540355">
                <ele>2762.5</ele>
                <time>2011-05-31T07:25:14.000Z</time>
                <name>Position 259</name>
            </trkpt>
            <trkpt lat="46.8964138" lon="12.7539697">
                <ele>2768.3</ele>
                <time>2011-05-31T07:28:54.000Z</time>
                <name>Position 260</name>
            </trkpt>
            <trkpt lat="46.8964471" lon="12.7538393">
                <ele>2783.6</ele>
                <time>2011-05-31T07:30:46.000Z</time>
                <name>Position 261</name>
            </trkpt>
            <trkpt lat="46.8963672" lon="12.7537474">
                <ele>2793.7</ele>
                <time>2011-05-31T07:31:38.000Z</time>
                <name>Position 262</name>
            </trkpt>
            <trkpt lat="46.8963415" lon="12.7536098">
                <ele>2801.4</ele>
                <time>2011-05-31T07:32:22.000Z</time>
                <name>Position 263</name>
            </trkpt>
            <trkpt lat="46.8963015" lon="12.7534667">
                <ele>2809.1</ele>
                <time>2011-05-31T07:33:11.000Z</time>
                <name>Position 264</name>
            </trkpt>
            <trkpt lat="46.8962503" lon="12.7533571">
                <ele>2814.4</ele>
                <time>2011-05-31T07:34:11.000Z</time>
                <name>Position 265</name>
            </trkpt>
            <trkpt lat="46.8961929" lon="12.753228">
                <ele>2820.6</ele>
                <time>2011-05-31T07:34:37.000Z</time>
                <name>Position 266</name>
            </trkpt>
            <trkpt lat="46.8961234" lon="12.7531003">
                <ele>2827.4</ele>
                <time>2011-05-31T07:35:17.000Z</time>
                <name>Position 267</name>
            </trkpt>
            <trkpt lat="46.896037" lon="12.752934">
                <ele>2834.6</ele>
                <time>2011-05-31T07:38:52.000Z</time>
                <name>Position 268</name>
            </trkpt>
            <trkpt lat="46.8959802" lon="12.7528083">
                <ele>2839.4</ele>
                <time>2011-05-31T07:39:30.000Z</time>
                <name>Position 269</name>
            </trkpt>
            <trkpt lat="46.8959282" lon="12.7526905">
                <ele>2840.8</ele>
                <time>2011-05-31T07:39:53.000Z</time>
                <name>Position 270</name>
            </trkpt>
            <trkpt lat="46.8959044" lon="12.7524737">
                <ele>2839.4</ele>
                <time>2011-05-31T07:40:25.000Z</time>
                <name>Position 271</name>
            </trkpt>
            <trkpt lat="46.8959127" lon="12.752296">
                <ele>2839.9</ele>
                <time>2011-05-31T07:40:51.000Z</time>
                <name>Position 272</name>
            </trkpt>
            <trkpt lat="46.8958867" lon="12.752168">
                <ele>2844.7</ele>
                <time>2011-05-31T07:41:16.000Z</time>
                <name>Position 273</name>
            </trkpt>
            <trkpt lat="46.8958226" lon="12.7520334">
                <ele>2850.0</ele>
                <time>2011-05-31T07:41:58.000Z</time>
                <name>Position 274</name>
            </trkpt>
            <trkpt lat="46.8957705" lon="12.7519142">
                <ele>2853.8</ele>
                <time>2011-05-31T07:43:02.000Z</time>
                <name>Position 275</name>
            </trkpt>
            <trkpt lat="46.8956858" lon="12.7516699">
                <ele>2858.1</ele>
                <time>2011-05-31T07:43:33.000Z</time>
                <name>Position 276</name>
            </trkpt>
            <trkpt lat="46.8956536" lon="12.7515104">
                <ele>2859.6</ele>
                <time>2011-05-31T07:43:58.000Z</time>
                <name>Position 277</name>
            </trkpt>
            <trkpt lat="46.8956671" lon="12.7513579">
                <ele>2858.6</ele>
                <time>2011-05-31T07:44:37.000Z</time>
                <name>Position 278</name>
            </trkpt>
            <trkpt lat="46.8956496" lon="12.7511729">
                <ele>2861.0</ele>
                <time>2011-05-31T07:45:20.000Z</time>
                <name>Position 279</name>
            </trkpt>
            <trkpt lat="46.8956607" lon="12.7510095">
                <ele>2860.1</ele>
                <time>2011-05-31T07:47:21.000Z</time>
                <name>Position 280</name>
            </trkpt>
            <trkpt lat="46.8956625" lon="12.7508259">
                <ele>2859.1</ele>
                <time>2011-05-31T07:48:01.000Z</time>
                <name>Position 281</name>
            </trkpt>
            <trkpt lat="46.8956347" lon="12.7507009">
                <ele>2855.3</ele>
                <time>2011-05-31T07:48:46.000Z</time>
                <name>Position 282</name>
            </trkpt>
            <trkpt lat="46.8956136" lon="12.7505374">
                <ele>2852.8</ele>
                <time>2011-05-31T07:49:41.000Z</time>
                <name>Position 283</name>
            </trkpt>
            <trkpt lat="46.8956076" lon="12.7503924">
                <ele>2855.7</ele>
                <time>2011-05-31T07:50:05.000Z</time>
                <name>Position 284</name>
            </trkpt>
            <trkpt lat="46.895558" lon="12.7502071">
                <ele>2865.8</ele>
                <time>2011-05-31T07:51:30.000Z</time>
                <name>Position 285</name>
            </trkpt>
            <trkpt lat="46.8954952" lon="12.7499077">
                <ele>2868.7</ele>
                <time>2011-05-31T07:52:01.000Z</time>
                <name>Position 286</name>
            </trkpt>
            <trkpt lat="46.8954604" lon="12.7497488">
                <ele>2870.2</ele>
                <time>2011-05-31T07:52:15.000Z</time>
                <name>Position 287</name>
            </trkpt>
            <trkpt lat="46.8954542" lon="12.7495806">
                <ele>2870.2</ele>
                <time>2011-05-31T07:52:39.000Z</time>
                <name>Position 288</name>
            </trkpt>
            <trkpt lat="46.8954321" lon="12.7494335">
                <ele>2872.1</ele>
                <time>2011-05-31T07:53:03.000Z</time>
                <name>Position 289</name>
            </trkpt>
            <trkpt lat="46.8954597" lon="12.749244">
                <ele>2879.8</ele>
                <time>2011-05-31T07:53:50.000Z</time>
                <name>Position 290</name>
            </trkpt>
            <trkpt lat="46.8954399" lon="12.749016">
                <ele>2887.9</ele>
                <time>2011-05-31T07:54:45.000Z</time>
                <name>Position 291</name>
            </trkpt>
            <trkpt lat="46.895506" lon="12.7489099">
                <ele>2896.1</ele>
                <time>2011-05-31T07:55:29.000Z</time>
                <name>Position 292</name>
            </trkpt>
            <trkpt lat="46.8954441" lon="12.7487864">
                <ele>2900.4</ele>
                <time>2011-05-31T07:56:04.000Z</time>
                <name>Position 293</name>
            </trkpt>
            <trkpt lat="46.8955361" lon="12.7487622">
                <ele>2905.2</ele>
                <time>2011-05-31T07:56:31.000Z</time>
                <name>Position 294</name>
            </trkpt>
            <trkpt lat="46.8956223" lon="12.7486906">
                <ele>2909.6</ele>
                <time>2011-05-31T07:57:02.000Z</time>
                <name>Position 295</name>
            </trkpt>
            <trkpt lat="46.8955276" lon="12.7487426">
                <ele>2904.3</ele>
                <time>2011-05-31T08:02:40.000Z</time>
                <name>Position 296</name>
            </trkpt>
            <trkpt lat="46.8953804" lon="12.7487277">
                <ele>2901.9</ele>
                <time>2011-05-31T08:03:06.000Z</time>
                <name>Position 297</name>
            </trkpt>
            <trkpt lat="46.8952792" lon="12.7487015">
                <ele>2896.6</ele>
                <time>2011-05-31T08:03:27.000Z</time>
                <name>Position 298</name>
            </trkpt>
            <trkpt lat="46.8951191" lon="12.7486851">
                <ele>2891.8</ele>
                <time>2011-05-31T08:03:55.000Z</time>
                <name>Position 299</name>
            </trkpt>
            <trkpt lat="46.894936" lon="12.7486236">
                <ele>2886.0</ele>
                <time>2011-05-31T08:04:20.000Z</time>
                <name>Position 300</name>
            </trkpt>
            <trkpt lat="46.8948385" lon="12.7486519">
                <ele>2883.1</ele>
                <time>2011-05-31T08:04:36.000Z</time>
                <name>Position 301</name>
            </trkpt>
            <trkpt lat="46.8947075" lon="12.7486112">
                <ele>2880.7</ele>
                <time>2011-05-31T08:04:52.000Z</time>
                <name>Position 302</name>
            </trkpt>
            <trkpt lat="46.8945717" lon="12.7486763">
                <ele>2875.4</ele>
                <time>2011-05-31T08:05:24.000Z</time>
                <name>Position 303</name>
            </trkpt>
            <trkpt lat="46.894483" lon="12.7487369">
                <ele>2869.7</ele>
                <time>2011-05-31T08:05:40.000Z</time>
                <name>Position 304</name>
            </trkpt>
            <trkpt lat="46.8943469" lon="12.7487928">
                <ele>2863.9</ele>
                <time>2011-05-31T08:06:03.000Z</time>
                <name>Position 305</name>
            </trkpt>
            <trkpt lat="46.8943105" lon="12.748925">
                <ele>2858.6</ele>
                <time>2011-05-31T08:06:19.000Z</time>
                <name>Position 306</name>
            </trkpt>
            <trkpt lat="46.8942025" lon="12.7490468">
                <ele>2850.9</ele>
                <time>2011-05-31T08:06:39.000Z</time>
                <name>Position 307</name>
            </trkpt>
            <trkpt lat="46.8941253" lon="12.7491711">
                <ele>2846.1</ele>
                <time>2011-05-31T08:06:52.000Z</time>
                <name>Position 308</name>
            </trkpt>
            <trkpt lat="46.8940602" lon="12.7492814">
                <ele>2841.3</ele>
                <time>2011-05-31T08:07:02.000Z</time>
                <name>Position 309</name>
            </trkpt>
            <trkpt lat="46.8939365" lon="12.7494295">
                <ele>2835.5</ele>
                <time>2011-05-31T08:07:20.000Z</time>
                <name>Position 310</name>
            </trkpt>
            <trkpt lat="46.8938682" lon="12.7495287">
                <ele>2831.7</ele>
                <time>2011-05-31T08:07:30.000Z</time>
                <name>Position 311</name>
            </trkpt>
            <trkpt lat="46.8938263" lon="12.7496775">
                <ele>2826.4</ele>
                <time>2011-05-31T08:07:43.000Z</time>
                <name>Position 312</name>
            </trkpt>
            <trkpt lat="46.8937079" lon="12.7497533">
                <ele>2823.5</ele>
                <time>2011-05-31T08:07:56.000Z</time>
                <name>Position 313</name>
            </trkpt>
            <trkpt lat="46.8936306" lon="12.7498256">
                <ele>2819.7</ele>
                <time>2011-05-31T08:08:07.000Z</time>
                <name>Position 314</name>
            </trkpt>
            <trkpt lat="46.8935386" lon="12.7499177">
                <ele>2815.4</ele>
                <time>2011-05-31T08:08:22.000Z</time>
                <name>Position 315</name>
            </trkpt>
            <trkpt lat="46.8934148" lon="12.7499818">
                <ele>2809.6</ele>
                <time>2011-05-31T08:08:43.000Z</time>
                <name>Position 316</name>
            </trkpt>
            <trkpt lat="46.8933236" lon="12.7500776">
                <ele>2807.2</ele>
                <time>2011-05-31T08:08:56.000Z</time>
                <name>Position 317</name>
            </trkpt>
            <trkpt lat="46.8932398" lon="12.7501292">
                <ele>2804.8</ele>
                <time>2011-05-31T08:09:09.000Z</time>
                <name>Position 318</name>
            </trkpt>
            <trkpt lat="46.8931496" lon="12.7502337">
                <ele>2799.5</ele>
                <time>2011-05-31T08:09:24.000Z</time>
                <name>Position 319</name>
            </trkpt>
            <trkpt lat="46.8930615" lon="12.7502743">
                <ele>2797.1</ele>
                <time>2011-05-31T08:09:35.000Z</time>
                <name>Position 320</name>
            </trkpt>
            <trkpt lat="46.8929788" lon="12.7503678">
                <ele>2794.7</ele>
                <time>2011-05-31T08:09:49.000Z</time>
                <name>Position 321</name>
            </trkpt>
            <trkpt lat="46.8930464" lon="12.7504786">
                <ele>2789.4</ele>
                <time>2011-05-31T08:10:19.000Z</time>
                <name>Position 322</name>
            </trkpt>
            <trkpt lat="46.8930065" lon="12.7506119">
                <ele>2784.1</ele>
                <time>2011-05-31T08:10:43.000Z</time>
                <name>Position 323</name>
            </trkpt>
            <trkpt lat="46.8929677" lon="12.7507369">
                <ele>2775.0</ele>
                <time>2011-05-31T08:11:05.000Z</time>
                <name>Position 324</name>
            </trkpt>
            <trkpt lat="46.8929503" lon="12.7509026">
                <ele>2765.9</ele>
                <time>2011-05-31T08:11:35.000Z</time>
                <name>Position 325</name>
            </trkpt>
            <trkpt lat="46.8929938" lon="12.7510249">
                <ele>2759.1</ele>
                <time>2011-05-31T08:11:56.000Z</time>
                <name>Position 326</name>
            </trkpt>
            <trkpt lat="46.8930022" lon="12.7511641">
                <ele>2751.9</ele>
                <time>2011-05-31T08:12:22.000Z</time>
                <name>Position 327</name>
            </trkpt>
            <trkpt lat="46.8930962" lon="12.7511774">
                <ele>2749.0</ele>
                <time>2011-05-31T08:12:35.000Z</time>
                <name>Position 328</name>
            </trkpt>
            <trkpt lat="46.8932423" lon="12.7512072">
                <ele>2747.6</ele>
                <time>2011-05-31T08:12:59.000Z</time>
                <name>Position 329</name>
            </trkpt>
            <trkpt lat="46.8933565" lon="12.7513307">
                <ele>2738.0</ele>
                <time>2011-05-31T08:14:37.000Z</time>
                <name>Position 330</name>
            </trkpt>
            <trkpt lat="46.8934552" lon="12.7515421">
                <ele>2730.8</ele>
                <time>2011-05-31T08:14:52.000Z</time>
                <name>Position 331</name>
            </trkpt>
            <trkpt lat="46.893478" lon="12.7516723">
                <ele>2728.8</ele>
                <time>2011-05-31T08:14:59.000Z</time>
                <name>Position 332</name>
            </trkpt>
            <trkpt lat="46.8935657" lon="12.7517324">
                <ele>2727.4</ele>
                <time>2011-05-31T08:15:11.000Z</time>
                <name>Position 333</name>
            </trkpt>
            <trkpt lat="46.8936899" lon="12.7518116">
                <ele>2727.9</ele>
                <time>2011-05-31T08:15:26.000Z</time>
                <name>Position 334</name>
            </trkpt>
            <trkpt lat="46.893738" lon="12.7520909">
                <ele>2723.1</ele>
                <time>2011-05-31T08:15:47.000Z</time>
                <name>Position 335</name>
            </trkpt>
            <trkpt lat="46.8937506" lon="12.7522931">
                <ele>2720.7</ele>
                <time>2011-05-31T08:16:02.000Z</time>
                <name>Position 336</name>
            </trkpt>
            <trkpt lat="46.8936239" lon="12.7524117">
                <ele>2715.4</ele>
                <time>2011-05-31T08:16:29.000Z</time>
                <name>Position 337</name>
            </trkpt>
            <trkpt lat="46.8936179" lon="12.7525465">
                <ele>2713.0</ele>
                <time>2011-05-31T08:16:41.000Z</time>
                <name>Position 338</name>
            </trkpt>
            <trkpt lat="46.8935743" lon="12.7528678">
                <ele>2708.7</ele>
                <time>2011-05-31T08:18:28.000Z</time>
                <name>Position 339</name>
            </trkpt>
            <trkpt lat="46.8935761" lon="12.7530707">
                <ele>2706.7</ele>
                <time>2011-05-31T08:18:44.000Z</time>
                <name>Position 340</name>
            </trkpt>
            <trkpt lat="46.8935604" lon="12.7532155">
                <ele>2704.3</ele>
                <time>2011-05-31T08:19:00.000Z</time>
                <name>Position 341</name>
            </trkpt>
            <trkpt lat="46.8934537" lon="12.7532725">
                <ele>2703.8</ele>
                <time>2011-05-31T08:19:18.000Z</time>
                <name>Position 342</name>
            </trkpt>
            <trkpt lat="46.8934259" lon="12.7534216">
                <ele>2705.3</ele>
                <time>2011-05-31T08:19:39.000Z</time>
                <name>Position 343</name>
            </trkpt>
            <trkpt lat="46.8934827" lon="12.7536421">
                <ele>2706.2</ele>
                <time>2011-05-31T08:19:59.000Z</time>
                <name>Position 344</name>
            </trkpt>
            <trkpt lat="46.8935347" lon="12.7537712">
                <ele>2704.8</ele>
                <time>2011-05-31T08:20:14.000Z</time>
                <name>Position 345</name>
            </trkpt>
            <trkpt lat="46.8935843" lon="12.7538825">
                <ele>2705.8</ele>
                <time>2011-05-31T08:20:31.000Z</time>
                <name>Position 346</name>
            </trkpt>
            <trkpt lat="46.8936666" lon="12.7539884">
                <ele>2705.8</ele>
                <time>2011-05-31T08:20:49.000Z</time>
                <name>Position 347</name>
            </trkpt>
            <trkpt lat="46.8936348" lon="12.7541738">
                <ele>2705.3</ele>
                <time>2011-05-31T08:21:18.000Z</time>
                <name>Position 348</name>
            </trkpt>
            <trkpt lat="46.8935604" lon="12.7542985">
                <ele>2705.8</ele>
                <time>2011-05-31T08:21:37.000Z</time>
                <name>Position 349</name>
            </trkpt>
            <trkpt lat="46.8934602" lon="12.754398">
                <ele>2707.2</ele>
                <time>2011-05-31T08:21:59.000Z</time>
                <name>Position 350</name>
            </trkpt>
            <trkpt lat="46.8934096" lon="12.7545148">
                <ele>2709.1</ele>
                <time>2011-05-31T08:22:25.000Z</time>
                <name>Position 351</name>
            </trkpt>
            <trkpt lat="46.8931996" lon="12.7545816">
                <ele>2710.6</ele>
                <time>2011-05-31T08:22:51.000Z</time>
                <name>Position 352</name>
            </trkpt>
            <trkpt lat="46.8931121" lon="12.7544451">
                <ele>2702.9</ele>
                <time>2011-05-31T08:23:14.000Z</time>
                <name>Position 353</name>
            </trkpt>
            <trkpt lat="46.8929976" lon="12.7543919">
                <ele>2697.6</ele>
                <time>2011-05-31T08:23:33.000Z</time>
                <name>Position 354</name>
            </trkpt>
            <trkpt lat="46.8929858" lon="12.7541939">
                <ele>2689.4</ele>
                <time>2011-05-31T08:24:15.000Z</time>
                <name>Position 355</name>
            </trkpt>
            <trkpt lat="46.8928968" lon="12.7541729">
                <ele>2682.2</ele>
                <time>2011-05-31T08:24:32.000Z</time>
                <name>Position 356</name>
            </trkpt>
            <trkpt lat="46.892781" lon="12.7542136">
                <ele>2675.5</ele>
                <time>2011-05-31T08:24:46.000Z</time>
                <name>Position 357</name>
            </trkpt>
            <trkpt lat="46.8926824" lon="12.7542521">
                <ele>2668.8</ele>
                <time>2011-05-31T08:25:00.000Z</time>
                <name>Position 358</name>
            </trkpt>
            <trkpt lat="46.892591" lon="12.7542707">
                <ele>2662.0</ele>
                <time>2011-05-31T08:25:14.000Z</time>
                <name>Position 359</name>
            </trkpt>
            <trkpt lat="46.8924834" lon="12.7544316">
                <ele>2655.8</ele>
                <time>2011-05-31T08:25:29.000Z</time>
                <name>Position 360</name>
            </trkpt>
            <trkpt lat="46.8923901" lon="12.7545779">
                <ele>2646.6</ele>
                <time>2011-05-31T08:25:50.000Z</time>
                <name>Position 361</name>
            </trkpt>
            <trkpt lat="46.8923112" lon="12.7547174">
                <ele>2640.9</ele>
                <time>2011-05-31T08:26:08.000Z</time>
                <name>Position 362</name>
            </trkpt>
            <trkpt lat="46.8922894" lon="12.7548525">
                <ele>2636.1</ele>
                <time>2011-05-31T08:26:20.000Z</time>
                <name>Position 363</name>
            </trkpt>
            <trkpt lat="46.8922441" lon="12.7550206">
                <ele>2632.2</ele>
                <time>2011-05-31T08:26:32.000Z</time>
                <name>Position 364</name>
            </trkpt>
            <trkpt lat="46.8922191" lon="12.7552705">
                <ele>2626.0</ele>
                <time>2011-05-31T08:26:47.000Z</time>
                <name>Position 365</name>
            </trkpt>
            <trkpt lat="46.8922158" lon="12.75545">
                <ele>2619.7</ele>
                <time>2011-05-31T08:27:03.000Z</time>
                <name>Position 366</name>
            </trkpt>
            <trkpt lat="46.8922192" lon="12.7556126">
                <ele>2617.3</ele>
                <time>2011-05-31T08:27:16.000Z</time>
                <name>Position 367</name>
            </trkpt>
            <trkpt lat="46.8922137" lon="12.755833">
                <ele>2615.9</ele>
                <time>2011-05-31T08:27:32.000Z</time>
                <name>Position 368</name>
            </trkpt>
            <trkpt lat="46.8921932" lon="12.7559728">
                <ele>2614.4</ele>
                <time>2011-05-31T08:27:41.000Z</time>
                <name>Position 369</name>
            </trkpt>
            <trkpt lat="46.8921301" lon="12.7561408">
                <ele>2612.5</ele>
                <time>2011-05-31T08:27:53.000Z</time>
                <name>Position 370</name>
            </trkpt>
            <trkpt lat="46.892039" lon="12.7562734">
                <ele>2610.1</ele>
                <time>2011-05-31T08:28:09.000Z</time>
                <name>Position 371</name>
            </trkpt>
            <trkpt lat="46.8919327" lon="12.756431">
                <ele>2606.8</ele>
                <time>2011-05-31T08:28:23.000Z</time>
                <name>Position 372</name>
            </trkpt>
            <trkpt lat="46.8918267" lon="12.7567438">
                <ele>2603.9</ele>
                <time>2011-05-31T08:28:48.000Z</time>
                <name>Position 373</name>
            </trkpt>
            <trkpt lat="46.8917755" lon="12.7568607">
                <ele>2601.9</ele>
                <time>2011-05-31T08:28:56.000Z</time>
                <name>Position 374</name>
            </trkpt>
            <trkpt lat="46.8917285" lon="12.7570883">
                <ele>2600.0</ele>
                <time>2011-05-31T08:29:09.000Z</time>
                <name>Position 375</name>
            </trkpt>
            <trkpt lat="46.8916635" lon="12.7572685">
                <ele>2595.2</ele>
                <time>2011-05-31T08:29:25.000Z</time>
                <name>Position 376</name>
            </trkpt>
            <trkpt lat="46.8916438" lon="12.7573973">
                <ele>2596.2</ele>
                <time>2011-05-31T08:29:32.000Z</time>
                <name>Position 377</name>
            </trkpt>
            <trkpt lat="46.891626" lon="12.7575658">
                <ele>2595.7</ele>
                <time>2011-05-31T08:29:45.000Z</time>
                <name>Position 378</name>
            </trkpt>
            <trkpt lat="46.8916268" lon="12.7577166">
                <ele>2588.0</ele>
                <time>2011-05-31T08:30:08.000Z</time>
                <name>Position 379</name>
            </trkpt>
            <trkpt lat="46.8917078" lon="12.7578366">
                <ele>2581.8</ele>
                <time>2011-05-31T08:30:23.000Z</time>
                <name>Position 380</name>
            </trkpt>
            <trkpt lat="46.8917821" lon="12.7579165">
                <ele>2577.0</ele>
                <time>2011-05-31T08:30:36.000Z</time>
                <name>Position 381</name>
            </trkpt>
            <trkpt lat="46.8918877" lon="12.757904">
                <ele>2575.0</ele>
                <time>2011-05-31T08:30:50.000Z</time>
                <name>Position 382</name>
            </trkpt>
            <trkpt lat="46.8920119" lon="12.7579065">
                <ele>2571.2</ele>
                <time>2011-05-31T08:31:09.000Z</time>
                <name>Position 383</name>
            </trkpt>
            <trkpt lat="46.8920189" lon="12.7580563">
                <ele>2564.0</ele>
                <time>2011-05-31T08:31:26.000Z</time>
                <name>Position 384</name>
            </trkpt>
            <trkpt lat="46.8920638" lon="12.758184">
                <ele>2557.7</ele>
                <time>2011-05-31T08:31:45.000Z</time>
                <name>Position 385</name>
            </trkpt>
            <trkpt lat="46.892163" lon="12.7582596">
                <ele>2552.0</ele>
                <time>2011-05-31T08:32:06.000Z</time>
                <name>Position 386</name>
            </trkpt>
            <trkpt lat="46.892284" lon="12.7582691">
                <ele>2546.7</ele>
                <time>2011-05-31T08:32:42.000Z</time>
                <name>Position 387</name>
            </trkpt>
            <trkpt lat="46.8923567" lon="12.7583871">
                <ele>2542.3</ele>
                <time>2011-05-31T08:33:22.000Z</time>
                <name>Position 388</name>
            </trkpt>
            <trkpt lat="46.8924094" lon="12.7585051">
                <ele>2537.1</ele>
                <time>2011-05-31T08:33:35.000Z</time>
                <name>Position 389</name>
            </trkpt>
            <trkpt lat="46.8925714" lon="12.7585038">
                <ele>2533.7</ele>
                <time>2011-05-31T08:33:53.000Z</time>
                <name>Position 390</name>
            </trkpt>
            <trkpt lat="46.8926398" lon="12.7583947">
                <ele>2531.8</ele>
                <time>2011-05-31T08:34:08.000Z</time>
                <name>Position 391</name>
            </trkpt>
            <trkpt lat="46.8927259" lon="12.7584781">
                <ele>2526.5</ele>
                <time>2011-05-31T08:34:40.000Z</time>
                <name>Position 392</name>
            </trkpt>
            <trkpt lat="46.8927593" lon="12.7586681">
                <ele>2524.6</ele>
                <time>2011-05-31T08:35:00.000Z</time>
                <name>Position 393</name>
            </trkpt>
            <trkpt lat="46.8928012" lon="12.7588192">
                <ele>2524.6</ele>
                <time>2011-05-31T08:35:09.000Z</time>
                <name>Position 394</name>
            </trkpt>
            <trkpt lat="46.8927251" lon="12.758968">
                <ele>2523.1</ele>
                <time>2011-05-31T08:35:22.000Z</time>
                <name>Position 395</name>
            </trkpt>
            <trkpt lat="46.8926869" lon="12.759126">
                <ele>2523.1</ele>
                <time>2011-05-31T08:36:25.000Z</time>
                <name>Position 396</name>
            </trkpt>
            <trkpt lat="46.892638" lon="12.7592727">
                <ele>2524.6</ele>
                <time>2011-05-31T08:36:37.000Z</time>
                <name>Position 397</name>
            </trkpt>
            <trkpt lat="46.8925643" lon="12.7595097">
                <ele>2524.6</ele>
                <time>2011-05-31T08:36:54.000Z</time>
                <name>Position 398</name>
            </trkpt>
            <trkpt lat="46.8925068" lon="12.7596296">
                <ele>2522.6</ele>
                <time>2011-05-31T08:37:06.000Z</time>
                <name>Position 399</name>
            </trkpt>
            <trkpt lat="46.8923524" lon="12.7598595">
                <ele>2521.2</ele>
                <time>2011-05-31T08:37:44.000Z</time>
                <name>Position 400</name>
            </trkpt>
            <trkpt lat="46.8922222" lon="12.7601932">
                <ele>2521.2</ele>
                <time>2011-05-31T08:38:05.000Z</time>
                <name>Position 401</name>
            </trkpt>
            <trkpt lat="46.8921224" lon="12.7603347">
                <ele>2524.6</ele>
                <time>2011-05-31T08:38:20.000Z</time>
                <name>Position 402</name>
            </trkpt>
            <trkpt lat="46.8920639" lon="12.7604453">
                <ele>2526.0</ele>
                <time>2011-05-31T08:38:28.000Z</time>
                <name>Position 403</name>
            </trkpt>
            <trkpt lat="46.8919061" lon="12.76064">
                <ele>2525.0</ele>
                <time>2011-05-31T08:38:43.000Z</time>
                <name>Position 404</name>
            </trkpt>
            <trkpt lat="46.8918882" lon="12.7607707">
                <ele>2526.0</ele>
                <time>2011-05-31T08:38:52.000Z</time>
                <name>Position 405</name>
            </trkpt>
            <trkpt lat="46.8918239" lon="12.7610283">
                <ele>2527.0</ele>
                <time>2011-05-31T08:39:10.000Z</time>
                <name>Position 406</name>
            </trkpt>
            <trkpt lat="46.8917697" lon="12.7611724">
                <ele>2529.4</ele>
                <time>2011-05-31T08:39:24.000Z</time>
                <name>Position 407</name>
            </trkpt>
            <trkpt lat="46.8917544" lon="12.7613281">
                <ele>2528.4</ele>
                <time>2011-05-31T08:39:35.000Z</time>
                <name>Position 408</name>
            </trkpt>
            <trkpt lat="46.891723" lon="12.761528">
                <ele>2528.4</ele>
                <time>2011-05-31T08:39:49.000Z</time>
                <name>Position 409</name>
            </trkpt>
            <trkpt lat="46.8918194" lon="12.7617524">
                <ele>2525.0</ele>
                <time>2011-05-31T08:40:13.000Z</time>
                <name>Position 410</name>
            </trkpt>
            <trkpt lat="46.8917073" lon="12.7620841">
                <ele>2524.1</ele>
                <time>2011-05-31T08:40:34.000Z</time>
                <name>Position 411</name>
            </trkpt>
            <trkpt lat="46.8916251" lon="12.7624261">
                <ele>2522.6</ele>
                <time>2011-05-31T08:40:52.000Z</time>
                <name>Position 412</name>
            </trkpt>
            <trkpt lat="46.8915239" lon="12.7626114">
                <ele>2519.8</ele>
                <time>2011-05-31T08:41:04.000Z</time>
                <name>Position 413</name>
            </trkpt>
            <trkpt lat="46.8914717" lon="12.7628298">
                <ele>2516.4</ele>
                <time>2011-05-31T08:41:15.000Z</time>
                <name>Position 414</name>
            </trkpt>
            <trkpt lat="46.8914059" lon="12.7629293">
                <ele>2512.5</ele>
                <time>2011-05-31T08:41:24.000Z</time>
                <name>Position 415</name>
            </trkpt>
            <trkpt lat="46.8913311" lon="12.7631171">
                <ele>2507.7</ele>
                <time>2011-05-31T08:41:38.000Z</time>
                <name>Position 416</name>
            </trkpt>
            <trkpt lat="46.8913386" lon="12.7632606">
                <ele>2506.3</ele>
                <time>2011-05-31T08:41:46.000Z</time>
                <name>Position 417</name>
            </trkpt>
            <trkpt lat="46.8913389" lon="12.7634524">
                <ele>2502.4</ele>
                <time>2011-05-31T08:41:59.000Z</time>
                <name>Position 418</name>
            </trkpt>
            <trkpt lat="46.8912281" lon="12.7637451">
                <ele>2498.6</ele>
                <time>2011-05-31T08:42:18.000Z</time>
                <name>Position 419</name>
            </trkpt>
            <trkpt lat="46.8911268" lon="12.7640129">
                <ele>2494.3</ele>
                <time>2011-05-31T08:42:35.000Z</time>
                <name>Position 420</name>
            </trkpt>
            <trkpt lat="46.8911326" lon="12.7642903">
                <ele>2490.9</ele>
                <time>2011-05-31T08:42:50.000Z</time>
                <name>Position 421</name>
            </trkpt>
            <trkpt lat="46.8910701" lon="12.7647503">
                <ele>2486.6</ele>
                <time>2011-05-31T08:43:13.000Z</time>
                <name>Position 422</name>
            </trkpt>
            <trkpt lat="46.8909589" lon="12.7649844">
                <ele>2483.2</ele>
                <time>2011-05-31T08:43:27.000Z</time>
                <name>Position 423</name>
            </trkpt>
            <trkpt lat="46.8908828" lon="12.7651497">
                <ele>2481.3</ele>
                <time>2011-05-31T08:43:37.000Z</time>
                <name>Position 424</name>
            </trkpt>
            <trkpt lat="46.8908047" lon="12.7653257">
                <ele>2477.9</ele>
                <time>2011-05-31T08:43:48.000Z</time>
                <name>Position 425</name>
            </trkpt>
            <trkpt lat="46.890744" lon="12.7654694">
                <ele>2474.1</ele>
                <time>2011-05-31T08:44:02.000Z</time>
                <name>Position 426</name>
            </trkpt>
            <trkpt lat="46.8906207" lon="12.7656276">
                <ele>2471.2</ele>
                <time>2011-05-31T08:44:13.000Z</time>
                <name>Position 427</name>
            </trkpt>
            <trkpt lat="46.8904883" lon="12.7659936">
                <ele>2469.3</ele>
                <time>2011-05-31T08:44:34.000Z</time>
                <name>Position 428</name>
            </trkpt>
            <trkpt lat="46.8904453" lon="12.7661482">
                <ele>2467.8</ele>
                <time>2011-05-31T08:44:42.000Z</time>
                <name>Position 429</name>
            </trkpt>
            <trkpt lat="46.8903908" lon="12.7663435">
                <ele>2468.8</ele>
                <time>2011-05-31T08:44:53.000Z</time>
                <name>Position 430</name>
            </trkpt>
            <trkpt lat="46.8902073" lon="12.7666169">
                <ele>2466.9</ele>
                <time>2011-05-31T08:45:12.000Z</time>
                <name>Position 431</name>
            </trkpt>
            <trkpt lat="46.8900676" lon="12.7669001">
                <ele>2464.0</ele>
                <time>2011-05-31T08:45:30.000Z</time>
                <name>Position 432</name>
            </trkpt>
            <trkpt lat="46.8900002" lon="12.7670601">
                <ele>2463.5</ele>
                <time>2011-05-31T08:45:40.000Z</time>
                <name>Position 433</name>
            </trkpt>
            <trkpt lat="46.8898943" lon="12.7672814">
                <ele>2462.1</ele>
                <time>2011-05-31T08:45:54.000Z</time>
                <name>Position 434</name>
            </trkpt>
            <trkpt lat="46.8898309" lon="12.7674981">
                <ele>2462.6</ele>
                <time>2011-05-31T08:46:05.000Z</time>
                <name>Position 435</name>
            </trkpt>
            <trkpt lat="46.8898094" lon="12.7676288">
                <ele>2462.6</ele>
                <time>2011-05-31T08:46:12.000Z</time>
                <name>Position 436</name>
            </trkpt>
            <trkpt lat="46.8897982" lon="12.7679066">
                <ele>2461.6</ele>
                <time>2011-05-31T08:46:25.000Z</time>
                <name>Position 437</name>
            </trkpt>
            <trkpt lat="46.8896967" lon="12.768182">
                <ele>2461.1</ele>
                <time>2011-05-31T08:46:43.000Z</time>
                <name>Position 438</name>
            </trkpt>
            <trkpt lat="46.8896454" lon="12.7682985">
                <ele>2461.1</ele>
                <time>2011-05-31T08:46:50.000Z</time>
                <name>Position 439</name>
            </trkpt>
            <trkpt lat="46.8895945" lon="12.7684306">
                <ele>2459.7</ele>
                <time>2011-05-31T08:46:58.000Z</time>
                <name>Position 440</name>
            </trkpt>
            <trkpt lat="46.8895291" lon="12.7687682">
                <ele>2456.8</ele>
                <time>2011-05-31T08:47:16.000Z</time>
                <name>Position 441</name>
            </trkpt>
            <trkpt lat="46.8894676" lon="12.7689568">
                <ele>2454.4</ele>
                <time>2011-05-31T08:47:28.000Z</time>
                <name>Position 442</name>
            </trkpt>
            <trkpt lat="46.8894361" lon="12.7690799">
                <ele>2453.4</ele>
                <time>2011-05-31T08:47:34.000Z</time>
                <name>Position 443</name>
            </trkpt>
            <trkpt lat="46.8891932" lon="12.7693356">
                <ele>2453.4</ele>
                <time>2011-05-31T08:47:55.000Z</time>
                <name>Position 444</name>
            </trkpt>
            <trkpt lat="46.8890229" lon="12.7695244">
                <ele>2450.5</ele>
                <time>2011-05-31T08:48:12.000Z</time>
                <name>Position 445</name>
            </trkpt>
            <trkpt lat="46.8889378" lon="12.7695809">
                <ele>2451.0</ele>
                <time>2011-05-31T08:48:26.000Z</time>
                <name>Position 446</name>
            </trkpt>
            <trkpt lat="46.8887882" lon="12.7696959">
                <ele>2449.1</ele>
                <time>2011-05-31T08:48:41.000Z</time>
                <name>Position 447</name>
            </trkpt>
            <trkpt lat="46.8885916" lon="12.7697852">
                <ele>2448.1</ele>
                <time>2011-05-31T08:48:57.000Z</time>
                <name>Position 448</name>
            </trkpt>
            <trkpt lat="46.8883856" lon="12.7698248">
                <ele>2448.1</ele>
                <time>2011-05-31T08:49:13.000Z</time>
                <name>Position 449</name>
            </trkpt>
            <trkpt lat="46.8882207" lon="12.7699241">
                <ele>2449.1</ele>
                <time>2011-05-31T08:49:26.000Z</time>
                <name>Position 450</name>
            </trkpt>
            <trkpt lat="46.8881306" lon="12.7699968">
                <ele>2450.1</ele>
                <time>2011-05-31T08:49:34.000Z</time>
                <name>Position 451</name>
            </trkpt>
            <trkpt lat="46.8880271" lon="12.7700379">
                <ele>2452.5</ele>
                <time>2011-05-31T08:49:44.000Z</time>
                <name>Position 452</name>
            </trkpt>
            <trkpt lat="46.8877659" lon="12.7702133">
                <ele>2453.9</ele>
                <time>2011-05-31T08:50:07.000Z</time>
                <name>Position 453</name>
            </trkpt>
            <trkpt lat="46.8876004" lon="12.7702798">
                <ele>2457.3</ele>
                <time>2011-05-31T08:50:22.000Z</time>
                <name>Position 454</name>
            </trkpt>
            <trkpt lat="46.8874532" lon="12.7704134">
                <ele>2458.2</ele>
                <time>2011-05-31T08:50:39.000Z</time>
                <name>Position 455</name>
            </trkpt>
            <trkpt lat="46.8873408" lon="12.7707407">
                <ele>2457.3</ele>
                <time>2011-05-31T08:51:04.000Z</time>
                <name>Position 456</name>
            </trkpt>
            <trkpt lat="46.8873101" lon="12.7708909">
                <ele>2456.3</ele>
                <time>2011-05-31T08:51:28.000Z</time>
                <name>Position 457</name>
            </trkpt>
            <trkpt lat="46.8872434" lon="12.7712079">
                <ele>2453.9</ele>
                <time>2011-05-31T08:51:46.000Z</time>
                <name>Position 458</name>
            </trkpt>
            <trkpt lat="46.8872421" lon="12.7714615">
                <ele>2454.4</ele>
                <time>2011-05-31T08:52:01.000Z</time>
                <name>Position 459</name>
            </trkpt>
            <trkpt lat="46.8871483" lon="12.7716982">
                <ele>2454.4</ele>
                <time>2011-05-31T08:52:17.000Z</time>
                <name>Position 460</name>
            </trkpt>
            <trkpt lat="46.887071" lon="12.7718437">
                <ele>2453.4</ele>
                <time>2011-05-31T08:52:27.000Z</time>
                <name>Position 461</name>
            </trkpt>
            <trkpt lat="46.88705" lon="12.7719982">
                <ele>2449.6</ele>
                <time>2011-05-31T08:52:37.000Z</time>
                <name>Position 462</name>
            </trkpt>
            <trkpt lat="46.8869892" lon="12.772184">
                <ele>2445.7</ele>
                <time>2011-05-31T08:52:48.000Z</time>
                <name>Position 463</name>
            </trkpt>
            <trkpt lat="46.8869516" lon="12.77237">
                <ele>2442.8</ele>
                <time>2011-05-31T08:52:58.000Z</time>
                <name>Position 464</name>
            </trkpt>
            <trkpt lat="46.886821" lon="12.7727409">
                <ele>2440.0</ele>
                <time>2011-05-31T08:53:17.000Z</time>
                <name>Position 465</name>
            </trkpt>
            <trkpt lat="46.8867815" lon="12.7728932">
                <ele>2440.4</ele>
                <time>2011-05-31T08:53:26.000Z</time>
                <name>Position 466</name>
            </trkpt>
            <trkpt lat="46.8867189" lon="12.7730402">
                <ele>2438.5</ele>
                <time>2011-05-31T08:53:35.000Z</time>
                <name>Position 467</name>
            </trkpt>
            <trkpt lat="46.8866589" lon="12.7731775">
                <ele>2433.7</ele>
                <time>2011-05-31T08:53:44.000Z</time>
                <name>Position 468</name>
            </trkpt>
            <trkpt lat="46.886575" lon="12.7733988">
                <ele>2429.4</ele>
                <time>2011-05-31T08:53:58.000Z</time>
                <name>Position 469</name>
            </trkpt>
            <trkpt lat="46.886494" lon="12.7735515">
                <ele>2426.0</ele>
                <time>2011-05-31T08:54:10.000Z</time>
                <name>Position 470</name>
            </trkpt>
            <trkpt lat="46.8864205" lon="12.7737567">
                <ele>2423.6</ele>
                <time>2011-05-31T08:54:21.000Z</time>
                <name>Position 471</name>
            </trkpt>
            <trkpt lat="46.8863684" lon="12.7739133">
                <ele>2419.8</ele>
                <time>2011-05-31T08:54:32.000Z</time>
                <name>Position 472</name>
            </trkpt>
            <trkpt lat="46.8863332" lon="12.7740379">
                <ele>2416.4</ele>
                <time>2011-05-31T08:54:40.000Z</time>
                <name>Position 473</name>
            </trkpt>
            <trkpt lat="46.8863016" lon="12.7742229">
                <ele>2412.6</ele>
                <time>2011-05-31T08:54:53.000Z</time>
                <name>Position 474</name>
            </trkpt>
            <trkpt lat="46.8861689" lon="12.7744904">
                <ele>2408.7</ele>
                <time>2011-05-31T08:55:26.000Z</time>
                <name>Position 475</name>
            </trkpt>
            <trkpt lat="46.8861112" lon="12.7746106">
                <ele>2406.3</ele>
                <time>2011-05-31T08:55:34.000Z</time>
                <name>Position 476</name>
            </trkpt>
            <trkpt lat="46.8860304" lon="12.7747004">
                <ele>2401.5</ele>
                <time>2011-05-31T08:55:45.000Z</time>
                <name>Position 477</name>
            </trkpt>
            <trkpt lat="46.8859482" lon="12.7747779">
                <ele>2396.2</ele>
                <time>2011-05-31T08:55:56.000Z</time>
                <name>Position 478</name>
            </trkpt>
            <trkpt lat="46.8858382" lon="12.7749751">
                <ele>2390.9</ele>
                <time>2011-05-31T08:56:12.000Z</time>
                <name>Position 479</name>
            </trkpt>
            <trkpt lat="46.8857812" lon="12.7751095">
                <ele>2389.0</ele>
                <time>2011-05-31T08:56:21.000Z</time>
                <name>Position 480</name>
            </trkpt>
            <trkpt lat="46.8857699" lon="12.7753123">
                <ele>2391.9</ele>
                <time>2011-05-31T08:56:35.000Z</time>
                <name>Position 481</name>
            </trkpt>
            <trkpt lat="46.8857136" lon="12.7755887">
                <ele>2395.7</ele>
                <time>2011-05-31T08:56:53.000Z</time>
                <name>Position 482</name>
            </trkpt>
            <trkpt lat="46.885573" lon="12.7760402">
                <ele>2395.7</ele>
                <time>2011-05-31T08:57:21.000Z</time>
                <name>Position 483</name>
            </trkpt>
            <trkpt lat="46.8855041" lon="12.7762169">
                <ele>2395.3</ele>
                <time>2011-05-31T08:57:32.000Z</time>
                <name>Position 484</name>
            </trkpt>
            <trkpt lat="46.8853292" lon="12.7765506">
                <ele>2392.4</ele>
                <time>2011-05-31T08:57:53.000Z</time>
                <name>Position 485</name>
            </trkpt>
            <trkpt lat="46.8851602" lon="12.776801">
                <ele>2390.5</ele>
                <time>2011-05-31T08:58:11.000Z</time>
                <name>Position 486</name>
            </trkpt>
            <trkpt lat="46.8849967" lon="12.7770321">
                <ele>2385.6</ele>
                <time>2011-05-31T08:58:28.000Z</time>
                <name>Position 487</name>
            </trkpt>
            <trkpt lat="46.8849068" lon="12.7771067">
                <ele>2382.3</ele>
                <time>2011-05-31T08:58:39.000Z</time>
                <name>Position 488</name>
            </trkpt>
            <trkpt lat="46.8847722" lon="12.7773465">
                <ele>2381.3</ele>
                <time>2011-05-31T08:58:55.000Z</time>
                <name>Position 489</name>
            </trkpt>
            <trkpt lat="46.8845988" lon="12.777514">
                <ele>2381.8</ele>
                <time>2011-05-31T08:59:10.000Z</time>
                <name>Position 490</name>
            </trkpt>
            <trkpt lat="46.884418" lon="12.777777">
                <ele>2382.8</ele>
                <time>2011-05-31T08:59:29.000Z</time>
                <name>Position 491</name>
            </trkpt>
            <trkpt lat="46.8843518" lon="12.77788">
                <ele>2381.8</ele>
                <time>2011-05-31T08:59:37.000Z</time>
                <name>Position 492</name>
            </trkpt>
            <trkpt lat="46.884238" lon="12.7779813">
                <ele>2379.4</ele>
                <time>2011-05-31T08:59:48.000Z</time>
                <name>Position 493</name>
            </trkpt>
            <trkpt lat="46.8840302" lon="12.7782915">
                <ele>2377.5</ele>
                <time>2011-05-31T09:00:10.000Z</time>
                <name>Position 494</name>
            </trkpt>
            <trkpt lat="46.8839588" lon="12.7783952">
                <ele>2375.1</ele>
                <time>2011-05-31T09:00:18.000Z</time>
                <name>Position 495</name>
            </trkpt>
            <trkpt lat="46.8838468" lon="12.7784905">
                <ele>2370.3</ele>
                <time>2011-05-31T09:00:29.000Z</time>
                <name>Position 496</name>
            </trkpt>
            <trkpt lat="46.8837542" lon="12.77858">
                <ele>2366.4</ele>
                <time>2011-05-31T09:00:38.000Z</time>
                <name>Position 497</name>
            </trkpt>
            <trkpt lat="46.8836446" lon="12.7786226">
                <ele>2363.5</ele>
                <time>2011-05-31T09:00:47.000Z</time>
                <name>Position 498</name>
            </trkpt>
            <trkpt lat="46.8835157" lon="12.7787038">
                <ele>2360.7</ele>
                <time>2011-05-31T09:01:06.000Z</time>
                <name>Position 499</name>
            </trkpt>
            <trkpt lat="46.8834445" lon="12.7788011">
                <ele>2360.7</ele>
                <time>2011-05-31T09:01:27.000Z</time>
                <name>Position 500</name>
            </trkpt>
            <trkpt lat="46.8833742" lon="12.7789078">
                <ele>2359.7</ele>
                <time>2011-05-31T09:01:35.000Z</time>
                <name>Position 501</name>
            </trkpt>
            <trkpt lat="46.8832068" lon="12.7791236">
                <ele>2356.3</ele>
                <time>2011-05-31T09:01:54.000Z</time>
                <name>Position 502</name>
            </trkpt>
            <trkpt lat="46.8830841" lon="12.7792753">
                <ele>2352.5</ele>
                <time>2011-05-31T09:02:08.000Z</time>
                <name>Position 503</name>
            </trkpt>
            <trkpt lat="46.8829395" lon="12.7794156">
                <ele>2349.6</ele>
                <time>2011-05-31T09:02:22.000Z</time>
                <name>Position 504</name>
            </trkpt>
            <trkpt lat="46.8828278" lon="12.7795222">
                <ele>2347.2</ele>
                <time>2011-05-31T09:02:33.000Z</time>
                <name>Position 505</name>
            </trkpt>
            <trkpt lat="46.882698" lon="12.7796147">
                <ele>2343.8</ele>
                <time>2011-05-31T09:02:45.000Z</time>
                <name>Position 506</name>
            </trkpt>
            <trkpt lat="46.8824267" lon="12.7798384">
                <ele>2337.6</ele>
                <time>2011-05-31T09:03:09.000Z</time>
                <name>Position 507</name>
            </trkpt>
            <trkpt lat="46.882236" lon="12.7799937">
                <ele>2336.1</ele>
                <time>2011-05-31T09:03:24.000Z</time>
                <name>Position 508</name>
            </trkpt>
            <trkpt lat="46.8821841" lon="12.7801165">
                <ele>2336.6</ele>
                <time>2011-05-31T09:03:31.000Z</time>
                <name>Position 509</name>
            </trkpt>
            <trkpt lat="46.8820465" lon="12.7802597">
                <ele>2336.6</ele>
                <time>2011-05-31T09:03:43.000Z</time>
                <name>Position 510</name>
            </trkpt>
            <trkpt lat="46.8818816" lon="12.7803722">
                <ele>2336.6</ele>
                <time>2011-05-31T09:03:57.000Z</time>
                <name>Position 511</name>
            </trkpt>
            <trkpt lat="46.8818188" lon="12.7805116">
                <ele>2334.2</ele>
                <time>2011-05-31T09:04:07.000Z</time>
                <name>Position 512</name>
            </trkpt>
            <trkpt lat="46.8816515" lon="12.7806222">
                <ele>2328.5</ele>
                <time>2011-05-31T09:04:25.000Z</time>
                <name>Position 513</name>
            </trkpt>
            <trkpt lat="46.8815123" lon="12.7807866">
                <ele>2324.1</ele>
                <time>2011-05-31T09:04:39.000Z</time>
                <name>Position 514</name>
            </trkpt>
            <trkpt lat="46.8813725" lon="12.7809994">
                <ele>2322.2</ele>
                <time>2011-05-31T09:04:55.000Z</time>
                <name>Position 515</name>
            </trkpt>
            <trkpt lat="46.8810714" lon="12.781273">
                <ele>2319.8</ele>
                <time>2011-05-31T09:05:19.000Z</time>
                <name>Position 516</name>
            </trkpt>
            <trkpt lat="46.88096" lon="12.7812846">
                <ele>2316.4</ele>
                <time>2011-05-31T09:05:27.000Z</time>
                <name>Position 517</name>
            </trkpt>
            <trkpt lat="46.8808671" lon="12.7813365">
                <ele>2314.0</ele>
                <time>2011-05-31T09:05:34.000Z</time>
                <name>Position 518</name>
            </trkpt>
            <trkpt lat="46.8807173" lon="12.7813613">
                <ele>2310.7</ele>
                <time>2011-05-31T09:05:46.000Z</time>
                <name>Position 519</name>
            </trkpt>
            <trkpt lat="46.8806101" lon="12.7813657">
                <ele>2305.9</ele>
                <time>2011-05-31T09:05:56.000Z</time>
                <name>Position 520</name>
            </trkpt>
            <trkpt lat="46.8804798" lon="12.7814151">
                <ele>2301.1</ele>
                <time>2011-05-31T09:06:08.000Z</time>
                <name>Position 521</name>
            </trkpt>
            <trkpt lat="46.8803542" lon="12.7814386">
                <ele>2297.2</ele>
                <time>2011-05-31T09:06:20.000Z</time>
                <name>Position 522</name>
            </trkpt>
            <trkpt lat="46.8802616" lon="12.7814634">
                <ele>2292.9</ele>
                <time>2011-05-31T09:06:28.000Z</time>
                <name>Position 523</name>
            </trkpt>
            <trkpt lat="46.8801645" lon="12.7814623">
                <ele>2289.0</ele>
                <time>2011-05-31T09:06:37.000Z</time>
                <name>Position 524</name>
            </trkpt>
            <trkpt lat="46.8800677" lon="12.7815116">
                <ele>2285.7</ele>
                <time>2011-05-31T09:06:46.000Z</time>
                <name>Position 525</name>
            </trkpt>
            <trkpt lat="46.8799551" lon="12.7815905">
                <ele>2281.3</ele>
                <time>2011-05-31T09:06:57.000Z</time>
                <name>Position 526</name>
            </trkpt>
            <trkpt lat="46.8798355" lon="12.7817359">
                <ele>2274.1</ele>
                <time>2011-05-31T09:07:10.000Z</time>
                <name>Position 527</name>
            </trkpt>
            <trkpt lat="46.8797427" lon="12.7818664">
                <ele>2270.3</ele>
                <time>2011-05-31T09:07:21.000Z</time>
                <name>Position 528</name>
            </trkpt>
            <trkpt lat="46.8794636" lon="12.7820421">
                <ele>2265.0</ele>
                <time>2011-05-31T09:07:44.000Z</time>
                <name>Position 529</name>
            </trkpt>
            <trkpt lat="46.8791149" lon="12.7826197">
                <ele>2262.1</ele>
                <time>2011-05-31T09:07:54.000Z</time>
                <name>Position 530</name>
            </trkpt>
            <trkpt lat="46.8789598" lon="12.7828215">
                <ele>2253.0</ele>
                <time>2011-05-31T09:08:19.000Z</time>
                <name>Position 531</name>
            </trkpt>
            <trkpt lat="46.878792" lon="12.7831164">
                <ele>2249.1</ele>
                <time>2011-05-31T09:08:29.000Z</time>
                <name>Position 532</name>
            </trkpt>
            <trkpt lat="46.8784364" lon="12.7841073">
                <ele>2243.4</ele>
                <time>2011-05-31T09:08:44.000Z</time>
                <name>Position 533</name>
            </trkpt>
            <trkpt lat="46.877967" lon="12.7853386">
                <ele>2240.0</ele>
                <time>2011-05-31T09:08:51.000Z</time>
                <name>Position 534</name>
            </trkpt>
            <trkpt lat="46.8767902" lon="12.7871199">
                <ele>2227.5</ele>
                <time>2011-05-31T09:09:23.000Z</time>
                <name>Position 535</name>
            </trkpt>
            <trkpt lat="46.8766529" lon="12.787172">
                <ele>2220.8</ele>
                <time>2011-05-31T09:09:41.000Z</time>
                <name>Position 536</name>
            </trkpt>
            <trkpt lat="46.8761457" lon="12.787901">
                <ele>2217.9</ele>
                <time>2011-05-31T09:09:47.000Z</time>
                <name>Position 537</name>
            </trkpt>
            <trkpt lat="46.8753813" lon="12.7892856">
                <ele>2216.9</ele>
                <time>2011-05-31T09:09:54.000Z</time>
                <name>Position 538</name>
            </trkpt>
            <trkpt lat="46.874881" lon="12.7893524">
                <ele>2213.6</ele>
                <time>2011-05-31T09:10:23.000Z</time>
                <name>Position 539</name>
            </trkpt>
        </trkseg>
    </trk>
</gpx>
